TeamID,0,0,0,0,0,0,0,0,0,0,0,0,0,0,0,0,0,0,0,0,1,1,1,1,1,1,1,1,1,1,1,1,1,1,1,1,1,1,1,1,BALL,BALL,BALL,BALL
PlayerID,0,0,0,0,1,1,1,1,2,2,2,2,3,3,3,3,4,4,4,4,0,0,0,0,1,1,1,1,2,2,2,2,3,3,3,3,4,4,4,4,BALL,BALL,BALL,BALL
Attributes,bb_height,bb_left,bb_top,bb_width,bb_height,bb_left,bb_top,bb_width,bb_height,bb_left,bb_top,bb_width,bb_height,bb_left,bb_top,bb_width,bb_height,bb_left,bb_top,bb_width,bb_height,bb_left,bb_top,bb_width,bb_height,bb_left,bb_top,bb_width,bb_height,bb_left,bb_top,bb_width,bb_height,bb_left,bb_top,bb_width,bb_height,bb_left,bb_top,bb_width,bb_height,bb_left,bb_top,bb_width
frame,,,,,,,,,,,,,,,,,,,,,,,,,,,,,,,,,,,,,,,,,,,,
1,98.0,2772.0,300.0,125.0,145.0,2885.0,844.0,170.0,103.0,2356.0,1218.0,96.0,93.0,2659.0,1159.0,151.0,97.0,2604.0,697.0,165.0,113.0,2950.0,562.0,119.0,86.0,2900.0,938.0,122.0,123.0,2785.0,1124.0,123.0,92.0,2955.0,790.0,107.0,171.0,2646.0,756.0,121.0,38.0,2662.0,699.0,40.0
2,96.25,2758.75,302.5,131.25,141.66666666666674,2896.5555555555557,853.2222222222222,165.8888888888887,101.83333333333326,2354.6666666666665,1216.6666666666667,96.83333333333348,92.25,2659.0,1165.5,158.25,97.0,2612.0,691.5,162.75,118.39999999999998,2945.0,554.6,123.0,93.16666666666663,2901.3333333333335,930.3333333333334,124.66666666666652,121.25,2786.25,1129.125,123.625,97.90909090909088,2955.181818181818,785.8181818181819,108.5454545454545,163.33333333333337,2649.8333333333335,750.1666666666666,122.16666666666652,38.0,2671.5,694.0,40.0
3,94.5,2745.5,305.0,137.5,138.33333333333337,2908.1111111111113,862.4444444444445,161.77777777777737,100.66666666666674,2353.3333333333335,1215.3333333333333,97.66666666666652,91.5,2659.0,1172.0,165.5,97.0,2620.0,686.0,160.5,123.79999999999995,2940.0,547.2,127.0,100.33333333333337,2902.6666666666665,922.6666666666666,127.33333333333348,119.5,2787.5,1134.25,124.25,103.81818181818187,2955.3636363636365,781.6363636363636,110.09090909090901,155.66666666666663,2653.6666666666665,744.3333333333334,123.33333333333348,38.0,2681.0,689.0,40.0
4,92.75,2732.25,307.5,143.75,135.0,2919.6666666666665,871.6666666666666,157.66666666666697,99.5,2352.0,1214.0,98.5,90.75,2659.0,1178.5,172.75,97.0,2628.0,680.5,158.25,129.20000000000005,2935.0,539.8,131.0,107.5,2904.0,915.0,130.0,117.75,2788.75,1139.375,124.875,109.72727272727263,2955.5454545454545,777.4545454545455,111.63636363636351,148.0,2657.5,738.5,124.5,38.0,2702.5,685.0,40.0
5,91.0,2719.0,310.0,150.0,131.66666666666663,2931.222222222222,880.8888888888889,153.55555555555566,98.33333333333326,2350.6666666666665,1212.6666666666667,99.33333333333348,90.0,2659.0,1185.0,180.0,97.0,2636.0,675.0,156.0,134.60000000000002,2930.0,532.4,135.0,114.66666666666663,2905.3333333333335,907.3333333333334,132.66666666666652,116.0,2790.0,1144.5,125.5,115.63636363636363,2955.7272727272725,773.2727272727273,113.18181818181847,140.33333333333337,2661.3333333333335,732.6666666666666,125.66666666666652,38.0,2724.0,681.0,40.0
6,89.0,2713.6666666666665,312.6666666666667,148.33333333333348,128.33333333333337,2942.777777777778,890.1111111111111,149.44444444444434,97.16666666666674,2349.3333333333335,1211.3333333333333,100.16666666666652,88.75,2666.75,1192.0,183.5,97.40000000000009,2648.8,673.8,153.5999999999999,140.0,2925.0,525.0,139.0,121.83333333333337,2906.6666666666665,899.6666666666666,135.33333333333348,114.25,2791.25,1149.625,126.125,121.5454545454545,2955.909090909091,769.0909090909091,114.72727272727252,132.66666666666663,2665.1666666666665,726.8333333333334,126.83333333333348,38.0,2748.0,682.0,40.0
7,87.0,2708.3333333333335,315.3333333333333,146.66666666666652,124.99999999999989,2954.3333333333335,899.3333333333334,145.33333333333303,96.0,2348.0,1210.0,101.0,87.5,2674.5,1199.0,187.0,97.79999999999995,2661.6,672.6,151.20000000000027,140.75,2920.75,522.75,140.75,129.0,2908.0,892.0,138.0,112.5,2792.5,1154.75,126.75,127.4545454545455,2956.090909090909,764.9090909090909,116.27272727272748,125.0,2669.0,721.0,128.0,38.0,2764.3333333333335,682.6666666666666,40.0
8,85.0,2703.0,318.0,145.0,121.66666666666663,2965.8888888888887,908.5555555555555,141.22222222222263,96.5,2347.0,1205.0,101.875,86.25,2682.25,1206.0,190.5,98.20000000000005,2674.4,671.4,148.79999999999973,141.5,2916.5,520.5,142.5,129.42857142857144,2907.714285714286,897.5714285714286,143.14285714285688,110.75,2793.75,1159.875,127.375,133.36363636363637,2956.2727272727275,760.7272727272727,117.81818181818153,121.25,2668.0,717.5,141.0,38.0,2780.6666666666665,683.3333333333334,40.0
9,87.5,2702.5,320.5,138.5,118.33333333333326,2977.4444444444443,917.7777777777778,137.1111111111113,97.0,2346.0,1200.0,102.75,85.0,2690.0,1213.0,194.0,98.59999999999991,2687.2,670.2,146.4000000000001,142.25,2912.25,518.25,144.25,129.8571428571429,2907.4285714285716,903.1428571428571,148.28571428571422,109.0,2795.0,1165.0,128.0,139.27272727272737,2956.4545454545455,756.5454545454545,119.36363636363649,117.5,2667.0,714.0,154.0,38.0,2797.0,684.0,40.0
10,90.0,2702.0,323.0,132.0,115.0,2989.0,927.0,133.0,97.5,2345.0,1195.0,103.625,86.59999999999991,2701.8,1219.2,193.19999999999982,99.0,2700.0,669.0,144.0,143.0,2908.0,516.0,146.0,130.28571428571433,2907.1428571428573,908.7142857142857,153.4285714285711,110.875,2796.25,1166.375,134.875,145.18181818181813,2956.6363636363635,752.3636363636364,120.90909090909099,113.75,2666.0,710.5,167.0,38.0,2804.3333333333335,682.3333333333334,40.0
11,93.60000000000002,2700.4,325.4,129.4000000000001,114.0,2993.5,936.0,133.0,98.0,2344.0,1190.0,104.5,88.19999999999982,2713.6,1225.4,192.4000000000001,93.5,2701.0,668.0,155.5,137.0,2897.0,518.5,141.0,130.71428571428567,2906.8571428571427,914.2857142857143,158.5714285714289,112.75,2797.5,1167.75,141.75,151.09090909090912,2956.818181818182,748.1818181818181,122.4545454545455,110.0,2665.0,707.0,180.0,38.0,2811.6666666666665,680.6666666666666,40.0
12,97.19999999999999,2698.8,327.8,126.79999999999973,113.0,2998.0,945.0,133.0,98.5,2343.0,1185.0,105.375,89.80000000000018,2725.4,1231.6,191.5999999999999,88.0,2702.0,667.0,167.0,131.0,2886.0,521.0,136.0,131.1428571428571,2906.5714285714284,919.8571428571429,163.71428571428578,114.625,2798.75,1169.125,148.625,157.0,2957.0,744.0,124.0,111.33333333333337,2674.5,704.0,188.83333333333348,38.0,2819.0,679.0,40.0
13,100.80000000000001,2697.2,330.2,124.20000000000027,112.0,3002.5,954.0,133.0,99.0,2342.0,1180.0,106.25,91.40000000000009,2737.2,1237.8,190.80000000000018,88.5,2712.75,666.25,170.0,125.0,2875.0,523.5,131.0,131.57142857142856,2906.285714285714,925.4285714285714,168.85714285714312,116.5,2800.0,1170.5,155.5,156.55555555555554,2956.1111111111113,741.3333333333334,125.0,112.66666666666663,2684.0,701.0,197.66666666666652,38.0,2832.0,674.6666666666666,40.0
14,104.39999999999998,2695.6,332.6,121.59999999999991,111.0,3007.0,963.0,133.0,99.5,2341.0,1175.0,107.125,93.0,2749.0,1244.0,190.0,89.0,2723.5,665.5,173.0,119.0,2864.0,526.0,126.0,132.0,2906.0,931.0,174.0,118.375,2801.25,1171.875,162.375,156.1111111111112,2955.222222222222,738.6666666666666,126.0,114.0,2693.5,698.0,206.5,38.0,2845.0,670.3333333333334,40.0
15,108.0,2694.0,335.0,119.0,115.75,3016.75,968.75,128.5,100.0,2340.0,1170.0,108.0,98.25,2763.5,1250.75,185.75,89.5,2734.25,664.75,176.0,115.0,2849.6,524.2,136.4000000000001,132.39999999999998,2909.8,934.6,172.39999999999964,120.25,2802.5,1173.25,169.25,155.66666666666663,2954.3333333333335,736.0,127.0,115.33333333333337,2703.0,695.0,215.33333333333348,38.0,2858.0,666.0,40.0
16,107.76470588235298,2690.235294117647,337.6470588235294,120.41176470588243,120.5,3026.5,974.5,124.0,99.78571428571422,2338.6428571428573,1167.2142857142858,111.57142857142844,103.5,2778.0,1257.5,181.5,90.0,2745.0,664.0,179.0,111.0,2835.2,522.4,146.80000000000018,132.79999999999995,2913.6,938.2,170.80000000000018,122.125,2803.75,1174.625,176.125,155.22222222222217,2953.4444444444443,733.3333333333334,128.0,116.66666666666663,2712.5,692.0,224.16666666666652,38.0,2864.6,664.4,40.0
17,107.52941176470586,2686.470588235294,340.29411764705884,121.82352941176487,125.25,3036.25,980.25,119.5,99.57142857142867,2337.285714285714,1164.4285714285713,115.14285714285734,108.75,2792.5,1264.25,177.25,92.20000000000005,2766.8,663.4,171.19999999999982,107.0,2820.8,520.6,157.19999999999982,133.20000000000005,2917.4,941.8,169.19999999999982,124.0,2805.0,1176.0,183.0,154.77777777777783,2952.5555555555557,730.6666666666666,129.0,118.0,2722.0,689.0,233.0,38.0,2871.2,662.8,40.0
18,107.29411764705884,2682.705882352941,342.94117647058823,123.2352941176473,130.0,3046.0,986.0,115.0,99.35714285714289,2335.9285714285716,1161.642857142857,118.71428571428578,114.0,2807.0,1271.0,173.0,94.40000000000009,2788.6,662.8,163.4000000000001,103.0,2806.4,518.8,167.5999999999999,133.60000000000002,2921.2,945.4,167.60000000000036,125.75,2818.0,1180.125,179.0,154.33333333333337,2951.6666666666665,728.0,130.0,115.125,2734.625,692.125,224.625,38.0,2877.8,661.2,40.0
19,107.05882352941177,2678.9411764705883,345.5882352941176,124.64705882352928,134.9999999999999,3048.0,990.3333333333334,127.0,99.14285714285711,2334.5714285714284,1158.857142857143,122.28571428571422,109.0,2821.6666666666665,1278.0,166.66666666666697,96.59999999999991,2810.4,662.2,155.5999999999999,99.0,2792.0,517.0,178.0,134.0,2925.0,949.0,166.0,127.5,2831.0,1184.25,175.0,153.8888888888888,2950.777777777778,725.3333333333334,131.0,112.25,2747.25,695.25,216.25,38.0,2884.4,659.6,40.0
20,106.8235294117647,2675.176470588235,348.2352941176471,126.05882352941171,140.0000000000001,3050.0,994.6666666666666,139.0,98.92857142857133,2333.214285714286,1156.0714285714287,125.85714285714266,104.0,2836.3333333333335,1285.0,160.33333333333303,98.79999999999995,2832.2,661.6,147.80000000000018,101.39999999999998,2785.6,513.4,168.80000000000018,134.5,2933.0,952.625,164.5,129.25,2844.0,1188.375,171.0,153.44444444444446,2949.8888888888887,722.6666666666666,132.0,109.375,2759.875,698.375,207.875,38.0,2891.0,658.0,40.0
21,106.58823529411768,2671.4117647058824,350.88235294117646,127.47058823529414,145.0,3052.0,999.0,151.0,98.71428571428578,2331.8571428571427,1153.2857142857142,129.42857142857156,99.0,2851.0,1292.0,154.0,101.0,2854.0,661.0,140.0,103.80000000000001,2779.2,509.8,159.60000000000036,135.0,2941.0,956.25,163.0,131.0,2857.0,1192.5,167.0,153.0,2949.0,720.0,133.0,106.5,2772.5,701.5,199.5,38.0,2904.1666666666665,656.0,40.0
22,106.35294117647061,2667.6470588235293,353.52941176470586,128.88235294117658,154.33333333333337,3053.3333333333335,1003.3333333333334,162.0,98.5,2330.5,1150.5,133.0,93.33333333333326,2855.6666666666665,1297.6666666666667,163.0,100.0,2869.3333333333335,657.3333333333334,137.33333333333303,106.19999999999999,2772.8,506.2,150.39999999999964,135.5,2949.0,959.875,161.5,132.75,2870.0,1196.625,163.0,153.8888888888889,2948.222222222222,717.4444444444445,137.1111111111113,103.625,2785.125,704.625,191.125,38.0,2917.3333333333335,654.0,40.0
23,106.11764705882354,2663.8823529411766,356.1764705882353,130.29411764705856,163.66666666666663,3054.6666666666665,1007.6666666666666,173.0,98.28571428571422,2329.1428571428573,1147.7142857142858,136.57142857142844,87.66666666666674,2860.3333333333335,1303.3333333333333,172.0,99.0,2884.6666666666665,653.6666666666666,134.66666666666697,108.60000000000002,2766.4,502.6,141.19999999999982,136.0,2957.0,963.5,160.0,134.5,2883.0,1200.75,159.0,154.77777777777771,2947.4444444444443,714.8888888888889,141.22222222222217,100.75,2797.75,707.75,182.75,38.0,2930.5,652.0,40.0
24,105.88235294117646,2660.1176470588234,358.8235294117647,131.70588235294144,173.0,3056.0,1012.0,184.0,98.07142857142867,2327.785714285714,1144.9285714285713,140.14285714285734,82.0,2865.0,1309.0,181.0,98.0,2900.0,650.0,132.0,111.0,2760.0,499.0,132.0,136.5,2965.0,967.125,158.5,136.25,2896.0,1204.875,155.0,155.66666666666663,2946.6666666666665,712.3333333333334,145.33333333333348,97.875,2810.375,710.875,174.375,38.0,2943.6666666666665,650.0,40.0
25,105.64705882352939,2656.3529411764707,361.47058823529414,133.11764705882342,168.625,3056.0,1017.0,180.625,97.85714285714289,2326.4285714285716,1142.142857142857,143.71428571428578,86.5,2880.75,1308.75,175.75,99.83333333333337,2907.3333333333335,648.6666666666666,134.0,113.25,2753.875,494.5,132.625,137.0,2973.0,970.75,157.0,138.0,2909.0,1209.0,151.0,156.55555555555554,2945.8888888888887,709.7777777777778,149.4444444444448,95.0,2823.0,714.0,166.0,38.0,2956.8333333333335,648.0,40.0
26,105.41176470588232,2652.5882352941176,364.11764705882354,134.52941176470586,164.25,3056.0,1022.0,177.25,97.64285714285711,2325.0714285714284,1139.357142857143,147.28571428571422,91.0,2896.5,1308.5,170.5,101.66666666666663,2914.6666666666665,647.3333333333334,136.0,115.5,2747.75,490.0,133.25,137.5,2981.0,974.375,155.5,130.25,2909.25,1218.5,155.75,157.44444444444446,2945.1111111111113,707.2222222222222,153.5555555555552,95.79999999999995,2825.8,715.6,168.19999999999982,38.0,2970.0,646.0,40.0
27,105.1764705882353,2648.823529411765,366.7647058823529,135.9411764705883,159.875,3056.0,1027.0,173.875,97.42857142857133,2323.714285714286,1136.5714285714287,150.85714285714266,95.5,2912.25,1308.25,165.25,103.5,2922.0,646.0,138.0,117.75,2741.625,485.5,133.875,138.0,2989.0,978.0,154.0,122.5,2909.5,1228.0,160.5,158.33333333333337,2944.3333333333335,704.6666666666666,157.66666666666652,96.59999999999991,2828.6,717.2,170.4000000000001,38.0,2987.5,643.5,40.5
28,104.94117647058829,2645.0588235294117,369.4117647058823,137.35294117647072,155.5,3056.0,1032.0,170.5,97.21428571428578,2322.3571428571427,1133.7857142857142,154.42857142857156,100.0,2928.0,1308.0,160.0,105.33333333333337,2929.3333333333335,644.6666666666666,140.0,120.0,2735.5,481.0,134.5,138.25,2991.5,982.375,152.625,114.75,2909.75,1237.5,165.25,159.22222222222229,2943.5555555555557,702.1111111111111,161.77777777777783,97.40000000000009,2831.4,718.8,172.5999999999999,38.0,3005.0,641.0,41.0
29,104.70588235294116,2641.294117647059,372.05882352941177,138.7647058823527,151.125,3056.0,1037.0,167.125,97.0,2321.0,1131.0,158.0,98.75,2942.0,1306.75,156.75,107.16666666666663,2936.6666666666665,643.3333333333334,142.0,122.25,2729.375,476.5,135.125,138.5,2994.0,986.75,151.25,107.0,2910.0,1247.0,170.0,160.1111111111111,2942.777777777778,699.5555555555555,165.8888888888887,98.20000000000005,2834.2,720.4,174.80000000000018,38.5,3021.25,642.25,41.25
30,104.47058823529414,2637.529411764706,374.70588235294116,140.17647058823513,146.75,3056.0,1042.0,163.75,97.11764705882365,2331.6470588235293,1126.764705882353,156.52941176470586,97.5,2956.0,1305.5,153.5,109.0,2944.0,642.0,144.0,124.5,2723.25,472.0,135.75,138.75,2996.5,991.125,149.875,99.25,2913.0,1251.5,175.0,161.0,2942.0,697.0,170.0,99.0,2837.0,722.0,177.0,39.0,3037.5,643.5,41.5
31,104.23529411764702,2633.764705882353,377.3529411764706,141.58823529411757,142.375,3056.0,1047.0,160.375,97.23529411764707,2342.294117647059,1122.5294117647059,155.0588235294117,96.25,2970.0,1304.25,150.25,103.60000000000002,2956.6,640.0,141.80000000000018,126.75,2717.125,467.5,136.375,139.0,2999.0,995.5,148.5,91.5,2916.0,1256.0,180.0,160.0,2952.222222222222,694.6666666666666,172.1111111111113,97.81818181818187,2843.0,721.1818181818181,173.27272727272748,39.5,3053.75,644.75,41.75
32,104.0,2630.0,380.0,143.0,138.0,3056.0,1052.0,157.0,97.35294117647072,2352.9411764705883,1118.2941176470588,153.58823529411757,95.0,2984.0,1303.0,147.0,98.20000000000005,2969.2,638.0,139.60000000000036,129.0,2711.0,463.0,137.0,139.25,3001.5,999.875,147.125,83.75,2919.0,1260.5,185.0,159.0,2962.4444444444443,692.3333333333334,174.22222222222217,96.63636363636363,2849.0,720.3636363636364,169.5454545454545,40.0,3070.0,646.0,42.0
33,103.85714285714283,2624.4285714285716,383.7142857142857,144.57142857142844,140.60000000000014,3059.4,1047.6,153.19999999999982,97.47058823529414,2363.5882352941176,1114.0588235294117,152.11764705882342,98.0,2991.3333333333335,1297.6666666666667,151.33333333333303,92.79999999999995,2981.8,636.0,137.39999999999964,126.69230769230768,2710.5384615384614,462.2307692307692,135.8461538461538,139.5,3004.0,1004.25,145.75,76.0,2922.0,1265.0,190.0,158.0,2972.6666666666665,690.0,176.33333333333348,95.4545454545455,2855.0,719.5454545454545,165.81818181818198,39.25,3076.75,651.0,41.25
34,103.71428571428572,2618.8571428571427,387.42857142857144,146.14285714285734,143.20000000000005,3062.8,1043.2,149.39999999999964,97.5882352941178,2374.235294117647,1109.8235294117646,150.64705882352973,101.0,2998.6666666666665,1292.3333333333333,155.66666666666697,87.39999999999998,2994.4,634.0,135.19999999999982,124.38461538461536,2710.076923076923,461.46153846153845,134.69230769230808,139.75,3006.5,1008.625,144.375,78.16666666666652,2934.5,1266.6666666666667,184.66666666666652,157.0,2982.8888888888887,687.6666666666666,178.4444444444448,94.27272727272725,2861.0,718.7272727272727,162.090909090909,38.5,3083.5,656.0,40.5
35,103.57142857142856,2613.285714285714,391.14285714285717,147.71428571428578,145.79999999999995,3066.2,1038.8,145.60000000000036,97.70588235294122,2384.8823529411766,1105.5882352941176,149.17647058823513,104.0,3006.0,1287.0,160.0,82.0,3007.0,632.0,133.0,122.07692307692304,2709.6153846153848,460.6923076923077,133.53846153846143,140.0,3009.0,1013.0,143.0,80.33333333333348,2947.0,1268.3333333333333,179.33333333333348,156.0,2993.1111111111113,685.3333333333334,180.5555555555552,93.09090909090912,2867.0,717.9090909090909,158.3636363636365,37.75,3090.25,661.0,39.75
36,103.42857142857144,2607.714285714286,394.85714285714283,149.28571428571422,148.39999999999986,3069.6,1034.4,141.80000000000018,97.82352941176487,2395.529411764706,1101.3529411764705,147.705882352941,108.0,3022.0,1287.2,154.5999999999999,81.75,3007.5,631.25,140.25,119.76923076923083,2709.153846153846,459.9230769230769,132.38461538461524,139.69230769230785,3008.5384615384614,1012.7692307692307,145.46153846153857,82.5,2959.5,1270.0,174.0,155.0,3003.3333333333335,683.0,182.66666666666652,91.90909090909088,2873.0,717.0909090909091,154.6363636363635,37.0,3097.0,666.0,39.0
37,103.28571428571428,2602.1428571428573,398.57142857142856,150.85714285714266,151.0,3073.0,1030.0,138.0,97.94117647058829,2406.176470588235,1097.1176470588234,146.2352941176473,112.0,3038.0,1287.4,149.19999999999982,81.5,3008.0,630.5,147.5,117.46153846153851,2708.6923076923076,459.15384615384613,131.2307692307695,139.38461538461536,3008.076923076923,1012.5384615384615,147.92307692307713,84.66666666666652,2972.0,1271.6666666666667,168.66666666666652,154.0,3013.5555555555557,680.6666666666666,184.77777777777783,90.72727272727275,2879.0,716.2727272727273,150.909090909091,36.5,3102.0,666.5,38.25
38,103.14285714285717,2596.5714285714284,402.2857142857143,152.42857142857156,152.66666666666652,3072.0,1028.6666666666667,145.0,98.05882352941171,2416.823529411765,1092.8823529411766,144.7647058823527,116.0,3054.0,1287.6,143.80000000000018,81.25,3008.5,629.75,154.75,115.15384615384619,2708.230769230769,458.38461538461536,130.07692307692332,139.0769230769232,3007.6153846153848,1012.3076923076923,150.38461538461524,86.83333333333348,2984.5,1273.3333333333333,163.33333333333348,153.0,3023.777777777778,678.3333333333334,186.8888888888887,89.5454545454545,2885.0,715.4545454545455,147.18181818181802,36.0,3107.0,667.0,37.5
39,103.0,2591.0,406.0,154.0,154.33333333333348,3071.0,1027.3333333333333,152.0,98.17647058823513,2427.470588235294,1088.6470588235295,143.294117647059,120.0,3070.0,1287.8,138.4000000000001,81.0,3009.0,629.0,162.0,112.84615384615381,2707.769230769231,457.61538461538464,128.92307692307668,138.76923076923072,3007.153846153846,1012.0769230769231,152.8461538461538,89.0,2997.0,1275.0,158.0,152.0,3034.0,676.0,189.0,88.36363636363637,2891.0,714.6363636363636,143.4545454545455,35.5,3112.0,667.5,36.75
40,102.75,2590.25,406.75,159.25,156.0,3070.0,1026.0,159.0,98.29411764705878,2438.1176470588234,1084.4117647058824,141.82352941176487,124.0,3086.0,1288.0,133.0,81.0,3013.625,626.625,159.0,110.53846153846149,2707.3076923076924,456.84615384615387,127.76923076923049,138.46153846153857,3006.6923076923076,1011.8461538461538,155.30769230769238,91.16666666666674,2997.5,1275.3333333333333,161.33333333333348,150.8571428571429,3040.1428571428573,674.5714285714286,182.28571428571422,87.18181818181813,2897.0,713.8181818181819,139.72727272727252,35.0,3117.0,668.0,36.0
41,102.5,2589.5,407.5,164.5,157.66666666666652,3069.0,1024.6666666666667,166.0,98.4117647058822,2448.764705882353,1080.1764705882354,140.35294117647027,115.33333333333348,3098.6666666666665,1282.3333333333333,126.66666666666697,81.0,3018.25,624.25,156.0,108.23076923076917,2706.846153846154,456.0769230769231,126.61538461538476,138.15384615384608,3006.230769230769,1011.6153846153846,157.76923076923094,93.33333333333326,2998.0,1275.6666666666667,164.66666666666652,149.71428571428578,3046.285714285714,673.1428571428571,175.57142857142844,86.0,2903.0,713.0,136.0,35.83333333333326,3118.3333333333335,659.8333333333334,37.0
42,102.25,2588.75,408.25,169.75,159.33333333333337,3068.0,1023.3333333333334,173.0,98.52941176470586,2459.4117647058824,1075.9411764705883,138.88235294117658,106.66666666666652,3111.3333333333335,1276.6666666666667,120.33333333333303,81.0,3022.875,621.875,153.0,105.92307692307696,2706.3846153846152,455.3076923076923,125.46153846153857,137.84615384615392,3005.769230769231,1011.3846153846154,160.23076923076906,95.5,2998.5,1276.0,168.0,148.57142857142867,3052.4285714285716,671.7142857142857,168.85714285714266,88.0,2902.5,710.7,135.69999999999982,36.66666666666674,3119.6666666666665,651.6666666666666,38.0
43,102.0,2588.0,409.0,175.0,161.0,3067.0,1022.0,180.0,98.64705882352928,2470.0588235294117,1071.7058823529412,137.41176470588243,98.0,3124.0,1271.0,114.0,81.0,3027.5,619.5,150.0,103.61538461538464,2705.923076923077,454.53846153846155,124.30769230769192,137.53846153846143,3005.3076923076924,1011.1538461538462,162.69230769230762,97.66666666666674,2999.0,1276.3333333333333,171.33333333333348,147.42857142857133,3058.5714285714284,670.2857142857143,162.14285714285734,90.0,2902.0,708.4,135.4000000000001,37.5,3121.0,643.5,39.0
44,102.16666666666663,2588.5,409.1666666666667,177.83333333333348,161.60000000000014,3076.0,1016.8,173.80000000000018,98.76470588235293,2480.705882352941,1067.4705882352941,135.9411764705883,103.66666666666674,3129.6666666666665,1263.3333333333333,117.0,81.0,3032.125,617.125,147.0,101.30769230769232,2705.4615384615386,453.7692307692308,123.15384615384619,137.23076923076928,3004.846153846154,1010.9230769230769,165.1538461538462,99.83333333333326,2999.5,1276.6666666666667,174.66666666666652,146.28571428571422,3064.714285714286,668.8571428571429,155.42857142857156,92.0,2901.5,706.1,135.0999999999999,38.33333333333326,3122.3333333333335,635.3333333333334,40.0
45,102.33333333333337,2589.0,409.3333333333333,180.66666666666652,162.19999999999993,3085.0,1011.6,167.5999999999999,98.88235294117635,2491.3529411764707,1063.235294117647,134.47058823529414,109.33333333333326,3135.3333333333335,1255.6666666666667,120.0,81.0,3036.75,614.75,144.0,99.0,2705.0,453.0,122.0,136.9230769230768,3004.3846153846152,1010.6923076923077,167.61538461538476,102.0,3000.0,1277.0,178.0,145.1428571428571,3070.8571428571427,667.4285714285714,148.71428571428578,94.0,2901.0,703.8,134.80000000000018,39.16666666666674,3123.6666666666665,627.1666666666666,41.0
46,102.5,2589.5,409.5,183.5,162.80000000000007,3094.0,1006.4,161.4000000000001,99.0,2502.0,1059.0,133.0,115.0,3141.0,1248.0,123.0,81.0,3041.375,612.375,141.0,98.83333333333331,2704.6666666666665,454.3333333333333,122.5,136.61538461538464,3003.923076923077,1010.4615384615385,170.07692307692287,100.5,3008.0,1276.3333333333333,176.16666666666652,144.0,3077.0,666.0,142.0,96.0,2900.5,701.5,134.5,40.0,3125.0,619.0,42.0
47,102.66666666666669,2590.0,409.6666666666667,186.33333333333348,163.39999999999986,3103.0,1001.2,155.19999999999982,98.08333333333326,2513.9166666666665,1055.0,130.0,123.25,3144.5,1234.0,123.5,81.0,3046.0,610.0,138.0,98.66666666666669,2704.3333333333335,455.6666666666667,123.0,136.30769230769215,3003.4615384615386,1010.2307692307693,172.53846153846143,99.0,3016.0,1275.6666666666667,174.33333333333348,148.33333333333326,3081.3333333333335,659.3333333333334,145.66666666666652,98.0,2900.0,699.2,134.19999999999982,41.0,3118.0,614.3333333333334,43.333333333333485
48,102.83333333333331,2590.5,409.8333333333333,189.16666666666652,164.0,3112.0,996.0,149.0,97.16666666666674,2525.8333333333335,1051.0,127.0,131.5,3148.0,1220.0,124.0,82.55555555555554,3045.5555555555557,605.8888888888889,133.66666666666652,98.5,2704.0,457.0,123.5,136.0,3003.0,1010.0,175.0,97.5,3024.0,1275.0,172.5,152.66666666666674,3085.6666666666665,652.6666666666666,149.33333333333348,100.0,2899.5,696.9,133.9000000000001,42.0,3111.0,609.6666666666666,44.666666666666515
49,103.0,2591.0,410.0,192.0,155.71428571428567,3112.4285714285716,995.2857142857143,150.71428571428578,96.25,2537.75,1047.0,124.0,139.75,3151.5,1206.0,124.5,84.11111111111109,3045.1111111111113,601.7777777777778,129.33333333333303,98.33333333333331,2703.6666666666665,458.3333333333333,124.0,136.625,3002.875,1007.625,173.625,96.0,3032.0,1274.3333333333333,170.66666666666652,157.0,3090.0,646.0,153.0,102.0,2899.0,694.6,133.5999999999999,43.0,3104.0,605.0,46.0
50,101.0,2603.8,404.4,188.19999999999982,147.42857142857144,3112.8571428571427,994.5714285714286,152.42857142857156,95.33333333333326,2549.6666666666665,1043.0,121.0,148.0,3155.0,1192.0,125.0,85.66666666666674,3044.6666666666665,597.6666666666666,125.0,98.16666666666669,2703.3333333333335,459.6666666666667,124.5,137.25,3002.75,1005.25,172.25,94.5,3040.0,1273.6666666666667,168.83333333333348,152.875,3089.875,642.625,149.25,104.0,2898.5,692.3,133.30000000000018,44.0,3098.3333333333335,601.3333333333334,47.0
51,99.0,2616.6,398.8,184.4000000000001,139.1428571428571,3113.285714285714,993.8571428571429,154.14285714285734,94.41666666666674,2561.5833333333335,1039.0,118.0,143.16666666666674,3155.8333333333335,1189.5,126.16666666666652,87.22222222222229,3044.222222222222,593.5555555555555,120.66666666666652,98.0,2703.0,461.0,125.0,137.875,3002.625,1002.875,170.875,93.0,3048.0,1273.0,167.0,148.75,3089.75,639.25,145.5,106.0,2898.0,690.0,133.0,45.0,3092.6666666666665,597.6666666666666,48.0
52,97.0,2629.4,393.2,180.5999999999999,130.8571428571429,3113.714285714286,993.1428571428571,155.85714285714266,93.5,2573.5,1035.0,115.0,138.33333333333326,3156.6666666666665,1187.0,127.33333333333348,88.77777777777771,3043.777777777778,589.4444444444445,116.33333333333348,106.625,2697.25,456.25,129.125,138.5,3002.5,1000.5,169.5,95.57142857142844,3053.0,1264.857142857143,167.14285714285734,144.625,3089.625,635.875,141.75,105.91666666666674,2892.5,688.9166666666666,135.25,46.0,3087.0,594.0,49.0
53,95.0,2642.2,387.6,176.80000000000018,122.57142857142856,3114.1428571428573,992.4285714285714,157.57142857142844,92.58333333333326,2585.4166666666665,1031.0,112.0,133.5,3157.5,1184.5,128.5,90.33333333333326,3043.3333333333335,585.3333333333334,112.0,115.25,2691.5,451.5,133.25,139.125,3002.375,998.125,168.125,98.14285714285711,3058.0,1256.7142857142858,167.28571428571422,140.5,3089.5,632.5,138.0,105.83333333333326,2887.0,687.8333333333334,137.5,46.0,3079.3333333333335,591.6666666666666,49.0
54,93.0,2655.0,382.0,173.0,114.28571428571433,3114.5714285714284,991.7142857142857,159.28571428571422,91.66666666666674,2597.3333333333335,1027.0,109.0,128.66666666666674,3158.3333333333335,1182.0,129.66666666666652,91.88888888888891,3042.8888888888887,581.2222222222222,107.66666666666697,123.875,2685.75,446.75,137.375,139.75,3002.25,995.75,166.75,100.71428571428555,3063.0,1248.5714285714287,167.42857142857156,136.375,3089.375,629.125,134.25,105.75,2881.5,686.75,139.75,46.0,3071.6666666666665,589.3333333333334,49.0
55,91.0,2661.6,379.6,176.5999999999999,106.0,3115.0,991.0,161.0,90.75,2609.25,1023.0,106.0,123.83333333333326,3159.1666666666665,1179.5,130.83333333333348,93.44444444444446,3042.4444444444443,577.1111111111111,103.33333333333348,132.5,2680.0,442.0,141.5,140.375,3002.125,993.375,165.375,103.28571428571445,3068.0,1240.4285714285713,167.57142857142844,132.25,3089.25,625.75,130.5,105.66666666666674,2876.0,685.6666666666666,142.0,46.0,3064.0,587.0,49.0
56,89.0,2668.2,377.2,180.20000000000027,115.16666666666663,3115.0,980.1666666666666,169.66666666666652,89.83333333333326,2621.1666666666665,1019.0,103.0,119.0,3160.0,1177.0,132.0,95.0,3042.0,573.0,99.0,141.125,2674.25,437.25,145.625,141.0,3002.0,991.0,164.0,105.85714285714289,3073.0,1232.2857142857142,167.71428571428578,128.125,3089.125,622.375,126.75,105.58333333333326,2870.5,684.5833333333334,144.25,46.0,3058.0,579.5,49.0
57,87.0,2674.8,374.8,183.79999999999973,124.33333333333337,3115.0,969.3333333333334,178.33333333333348,88.91666666666674,2633.0833333333335,1015.0,100.0,114.875,3160.75,1176.875,132.25,97.5,3031.0,569.5,105.0,149.75,2668.5,432.5,149.75,139.83333333333326,3007.3333333333335,986.25,163.66666666666652,108.42857142857156,3078.0,1224.142857142857,167.85714285714266,124.0,3089.0,619.0,123.0,105.5,2865.0,683.5,146.5,46.0,3052.0,572.0,49.0
58,85.0,2681.4,372.4,187.4000000000001,133.5,3115.0,958.5,187.0,88.0,2645.0,1011.0,97.0,110.75,3161.5,1176.75,132.5,100.0,3020.0,566.0,111.0,158.375,2662.75,427.75,153.875,138.66666666666674,3012.6666666666665,981.5,163.33333333333348,111.0,3083.0,1216.0,168.0,126.27272727272725,3083.0,618.0909090909091,126.0,105.41666666666674,2859.5,682.4166666666666,148.75,46.0,3046.0,564.5,49.0
59,83.0,2688.0,370.0,191.0,142.66666666666663,3115.0,947.6666666666666,195.66666666666652,88.99999999999989,2651.1666666666665,1006.3333333333334,96.83333333333348,106.625,3162.25,1176.625,132.75,102.5,3009.0,562.5,117.0,167.0,2657.0,423.0,158.0,137.5,3018.0,976.75,163.0,111.0,3081.222222222222,1215.111111111111,168.77777777777783,128.54545454545462,3077.0,617.1818181818181,129.0,105.33333333333326,2854.0,681.3333333333334,151.0,46.0,3040.0,557.0,49.0
60,81.66666666666669,2705.0,366.0,185.66666666666652,151.83333333333337,3115.0,936.8333333333334,204.33333333333348,90.00000000000011,2657.3333333333335,1001.6666666666666,96.66666666666652,102.5,3163.0,1176.5,133.0,105.0,2998.0,559.0,123.0,167.44444444444446,2665.4444444444443,418.8888888888889,158.66666666666697,136.33333333333326,3023.3333333333335,972.0,162.66666666666652,111.0,3079.4444444444443,1214.2222222222222,169.55555555555566,130.81818181818187,3071.0,616.2727272727273,132.0,105.25,2848.5,680.25,153.25,46.0,3040.5,543.5,49.0
61,80.33333333333331,2722.0,362.0,180.33333333333348,161.0,3115.0,926.0,213.0,91.0,2663.5,997.0,96.5,98.375,3163.75,1176.375,133.25,108.20000000000005,2996.4,555.4,122.59999999999991,167.88888888888886,2673.8888888888887,414.77777777777777,159.33333333333348,135.16666666666674,3028.6666666666665,967.25,162.33333333333348,111.0,3077.6666666666665,1213.3333333333333,170.33333333333348,133.09090909090912,3065.0,615.3636363636364,135.0,105.16666666666674,2843.0,679.1666666666666,155.5,46.0,3041.0,530.0,49.0
62,79.0,2739.0,358.0,175.0,155.4999999999999,3114.1666666666665,923.3333333333334,211.0,91.99999999999989,2669.6666666666665,992.3333333333334,96.33333333333348,94.25,3164.5,1176.25,133.5,111.40000000000009,2994.8,551.8,122.19999999999982,168.33333333333331,2682.3333333333335,410.6666666666667,160.0,134.0,3034.0,962.5,162.0,111.0,3075.8888888888887,1212.4444444444443,171.1111111111113,135.36363636363637,3059.0,614.4545454545455,138.0,105.08333333333326,2837.5,678.0833333333334,157.75,46.0,3038.0,511.5,49.0
63,79.57142857142861,2750.714285714286,356.57142857142856,175.85714285714266,150.0000000000001,3113.3333333333335,920.6666666666666,209.0,93.00000000000011,2675.8333333333335,987.6666666666666,96.16666666666652,90.125,3165.25,1176.125,133.75,114.59999999999991,2993.2,548.2,121.80000000000018,168.77777777777783,2690.777777777778,406.55555555555554,160.66666666666652,132.83333333333326,3039.3333333333335,957.75,161.66666666666652,111.0,3074.1111111111113,1211.5555555555557,171.8888888888887,137.63636363636363,3053.0,613.5454545454545,141.0,105.0,2832.0,677.0,160.0,46.0,3035.0,493.0,49.0
64,80.14285714285711,2762.4285714285716,355.14285714285717,176.71428571428578,144.5,3112.5,918.0,207.0,94.0,2682.0,983.0,96.0,86.0,3166.0,1176.0,134.0,117.79999999999995,2991.6,544.6,121.40000000000009,169.22222222222217,2699.222222222222,402.44444444444446,161.33333333333348,131.66666666666674,3044.6666666666665,953.0,161.33333333333348,111.0,3072.3333333333335,1210.6666666666667,172.66666666666652,139.90909090909088,3047.0,612.6363636363636,144.0,110.375,2832.875,670.125,163.375,46.0,3031.5,474.75,49.0
65,80.71428571428572,2774.1428571428573,353.7142857142857,177.57142857142844,138.9999999999999,3111.6666666666665,915.3333333333334,205.0,95.0,2686.0,982.0,95.85714285714266,89.79999999999995,3166.0,1170.8,134.19999999999982,121.0,2990.0,541.0,121.0,169.66666666666669,2707.6666666666665,398.3333333333333,162.0,130.5,3050.0,948.25,161.0,111.0,3070.5555555555557,1209.7777777777778,173.44444444444434,142.18181818181813,3041.0,611.7272727272727,147.0,115.75,2833.75,663.25,166.75,46.0,3028.0,456.5,49.0
66,81.28571428571428,2785.8571428571427,352.2857142857143,178.42857142857156,133.5000000000001,3110.8333333333335,912.6666666666666,203.0,96.0,2690.0,981.0,95.71428571428578,93.60000000000014,3166.0,1165.6,134.4000000000001,117.60000000000002,2991.2,544.4,117.40000000000009,170.11111111111114,2716.1111111111113,394.22222222222223,162.66666666666652,129.33333333333326,3055.3333333333335,943.5,160.66666666666652,111.0,3068.777777777778,1208.888888888889,174.22222222222217,144.45454545454538,3035.0,610.8181818181819,150.0,121.125,2834.625,656.375,170.125,46.0,3024.5,438.25,49.0
67,81.85714285714289,2797.5714285714284,350.85714285714283,179.28571428571422,128.0,3110.0,910.0,201.0,97.0,2694.0,980.0,95.57142857142844,97.39999999999986,3166.0,1160.4,134.5999999999999,114.20000000000005,2992.4,547.8,113.79999999999973,170.55555555555554,2724.5555555555557,390.1111111111111,163.33333333333303,128.16666666666674,3060.6666666666665,938.75,160.33333333333348,111.0,3067.0,1208.0,175.0,146.72727272727275,3029.0,609.9090909090909,153.0,126.5,2835.5,649.5,173.5,46.0,3021.0,420.0,49.0
68,82.42857142857139,2809.285714285714,349.42857142857144,180.14285714285734,128.0,3113.0,897.5,189.16666666666652,98.0,2698.0,979.0,95.42857142857156,101.20000000000005,3166.0,1155.2,134.80000000000018,110.79999999999995,2993.6,551.2,110.20000000000027,171.0,2733.0,386.0,164.0,127.0,3066.0,934.0,160.0,112.44444444444434,3062.777777777778,1201.6666666666667,172.66666666666652,149.0,3023.0,609.0,156.0,131.875,2836.375,642.625,176.875,46.0,3016.3333333333335,403.6666666666667,49.0
69,83.0,2821.0,348.0,181.0,128.0,3116.0,885.0,177.33333333333348,99.0,2702.0,978.0,95.28571428571422,105.0,3166.0,1150.0,135.0,107.39999999999998,2994.8,554.6,106.59999999999991,164.57142857142856,2739.0,382.0,166.71428571428578,126.36363636363626,3067.909090909091,928.4545454545455,158.0,113.88888888888891,3058.5555555555557,1195.3333333333333,170.33333333333303,147.66666666666663,3020.8888888888887,609.0,155.22222222222263,137.25,2837.25,635.75,180.25,46.0,3011.6666666666665,387.3333333333333,49.0
70,83.11111111111114,2830.4444444444443,343.1111111111111,175.22222222222217,128.0,3119.0,872.5,165.5,100.0,2706.0,977.0,95.14285714285734,112.5,3166.0,1147.0,135.0,104.0,2996.0,558.0,103.0,158.1428571428571,2745.0,378.0,169.42857142857156,125.72727272727286,3069.818181818182,922.9090909090909,156.0,115.33333333333326,3054.3333333333335,1189.0,168.0,146.33333333333337,3018.777777777778,609.0,154.44444444444434,142.625,2838.125,628.875,183.625,46.0,3007.0,371.0,49.0
71,83.22222222222223,2839.8888888888887,338.22222222222223,169.4444444444448,128.0,3122.0,860.0,153.66666666666652,101.0,2710.0,976.0,95.0,120.0,3166.0,1144.0,135.0,109.33333333333326,2994.1666666666665,557.3333333333334,103.66666666666697,151.71428571428567,2751.0,374.0,172.14285714285734,125.09090909090912,3071.7272727272725,917.3636363636364,154.0,116.7777777777776,3050.1111111111113,1182.6666666666667,165.66666666666652,145.0,3016.6666666666665,609.0,153.66666666666697,148.0,2839.0,622.0,187.0,46.0,3000.0,355.0,49.0
72,83.33333333333337,2849.3333333333335,333.3333333333333,163.66666666666652,128.0,3125.0,847.5,141.83333333333348,100.63636363636351,2708.909090909091,976.7272727272727,95.81818181818153,127.5,3166.0,1141.0,135.0,114.66666666666674,2992.3333333333335,556.6666666666666,104.33333333333303,145.28571428571433,2757.0,370.0,174.85714285714266,124.45454545454538,3073.6363636363635,911.8181818181819,152.0,118.2222222222224,3045.8888888888887,1176.3333333333333,163.33333333333348,143.66666666666663,3014.5555555555557,609.0,152.8888888888887,143.5,2841.6666666666665,625.0,180.66666666666697,46.0,2993.0,339.0,49.0
73,83.44444444444446,2858.777777777778,328.44444444444446,157.8888888888887,128.0,3128.0,835.0,130.0,100.27272727272725,2707.818181818182,977.4545454545455,96.63636363636351,135.0,3166.0,1138.0,135.0,120.0,2990.5,556.0,105.0,138.85714285714283,2763.0,366.0,177.57142857142844,123.81818181818176,3075.5454545454545,906.2727272727273,150.0,119.66666666666674,3041.6666666666665,1170.0,161.0,142.33333333333337,3012.4444444444443,609.0,152.1111111111113,139.0,2844.3333333333335,628.0,174.33333333333303,46.0,2992.5,327.5,49.0
74,83.55555555555554,2868.222222222222,323.55555555555554,152.1111111111113,131.0,3127.6,824.0,132.0,99.90909090909088,2706.7272727272725,978.1818181818181,97.4545454545455,132.4000000000001,3165.2,1135.8,135.20000000000027,125.33333333333326,2988.6666666666665,555.3333333333334,105.66666666666697,132.42857142857144,2769.0,362.0,180.28571428571422,123.18181818181813,3077.4545454545455,900.7272727272727,148.0,121.11111111111109,3037.4444444444443,1163.6666666666667,158.66666666666697,141.0,3010.3333333333335,609.0,151.33333333333303,134.5,2847.0,631.0,168.0,46.0,2992.0,316.0,49.0
75,83.66666666666663,2877.6666666666665,318.6666666666667,146.33333333333348,134.0,3127.2,813.0,134.0,99.54545454545462,2705.6363636363635,978.9090909090909,98.27272727272748,129.80000000000018,3164.4,1133.6,135.4000000000001,130.66666666666674,2986.8333333333335,554.6666666666666,106.33333333333303,126.0,2775.0,358.0,183.0,122.54545454545462,3079.3636363636365,895.1818181818181,146.0,122.55555555555566,3033.222222222222,1157.3333333333333,156.33333333333348,139.66666666666663,3008.222222222222,609.0,150.55555555555566,130.0,2849.6666666666665,634.0,161.66666666666697,46.0,2994.5,310.0,49.0
76,83.77777777777777,2887.1111111111113,313.77777777777777,140.5555555555552,137.0,3126.8,802.0,136.0,99.18181818181813,2704.5454545454545,979.6363636363636,99.09090909090901,127.19999999999982,3163.6,1131.4,135.5999999999999,136.0,2985.0,554.0,107.0,130.75,2793.75,352.75,175.75,121.90909090909088,3081.2727272727275,889.6363636363636,144.0,124.0,3029.0,1151.0,154.0,138.33333333333337,3006.1111111111113,609.0,149.77777777777737,125.5,2852.3333333333335,637.0,155.33333333333303,46.0,2997.0,304.0,49.0
77,83.88888888888886,2896.5555555555557,308.8888888888889,134.77777777777783,140.0,3126.4,791.0,138.0,98.81818181818187,2703.4545454545455,980.3636363636364,99.90909090909099,124.59999999999991,3162.8,1129.2,135.79999999999973,129.8888888888889,2983.777777777778,564.2222222222222,108.66666666666652,135.5,2812.5,347.5,168.5,121.27272727272725,3083.181818181818,884.0909090909091,142.0,124.23076923076906,3029.5384615384614,1147.3076923076924,153.69230769230762,137.0,3004.0,609.0,149.0,121.0,2855.0,640.0,149.0,46.0,3003.3333333333335,299.3333333333333,49.0
78,84.0,2906.0,304.0,129.0,143.0,3126.0,780.0,140.0,98.45454545454538,2702.3636363636365,981.0909090909091,100.72727272727252,122.0,3162.0,1127.0,136.0,123.77777777777771,2982.5555555555557,574.4444444444445,110.33333333333303,140.25,2831.25,342.25,161.25,120.63636363636374,3085.090909090909,878.5454545454545,140.0,124.46153846153857,3030.076923076923,1143.6153846153845,153.3846153846157,135.625,3004.75,610.625,148.25,118.16666666666663,2854.6666666666665,643.0,147.66666666666697,46.0,3009.6666666666665,294.6666666666667,49.0
79,82.79999999999995,2907.2,303.6,141.4000000000001,136.5,3122.0,770.75,144.0,98.09090909090912,2701.2727272727275,981.8181818181819,101.5454545454545,119.60000000000014,3162.6,1124.6,136.20000000000027,117.66666666666674,2981.3333333333335,584.6666666666666,112.0,145.0,2850.0,337.0,154.0,120.0,3087.0,873.0,138.0,124.69230769230762,3030.6153846153848,1139.923076923077,153.07692307692287,134.25,3005.5,612.25,147.5,115.33333333333337,2854.3333333333335,646.0,146.33333333333303,46.0,3016.0,290.0,49.0
80,81.60000000000002,2908.4,303.2,153.79999999999973,130.0,3118.0,761.5,148.0,97.72727272727275,2700.181818181818,982.5454545454545,102.36363636363649,117.20000000000005,3163.2,1122.2,136.4000000000001,111.55555555555554,2980.1111111111113,594.8888888888889,113.66666666666652,141.2,2853.8,333.6,158.0,119.42857142857144,3085.285714285714,869.1428571428571,138.42857142857156,124.9230769230769,3031.153846153846,1136.2307692307693,152.76923076923094,132.875,3006.25,613.875,146.75,112.5,2854.0,649.0,145.0,46.0,3026.3333333333335,290.0,49.0
81,80.39999999999998,2909.6,302.8,166.20000000000027,123.5,3114.0,752.25,152.0,97.36363636363649,2699.090909090909,983.2727272727273,103.18181818181847,114.79999999999995,3163.8,1119.8,136.5999999999999,105.44444444444446,2978.8888888888887,605.1111111111111,115.33333333333348,137.40000000000003,2857.6,330.2,162.0,118.85714285714278,3083.5714285714284,865.2857142857143,138.85714285714312,125.15384615384619,3031.6923076923076,1132.5384615384614,152.46153846153857,131.5,3007.0,615.5,146.0,109.66666666666663,2853.6666666666665,652.0,143.66666666666697,46.0,3036.6666666666665,290.0,49.0
82,79.20000000000005,2910.8,302.4,178.5999999999999,117.0,3110.0,743.0,156.0,97.0,2698.0,984.0,104.0,112.39999999999986,3164.4,1117.4,136.79999999999973,99.33333333333326,2977.6666666666665,615.3333333333334,117.0,133.59999999999997,2861.4,326.8,166.0,118.28571428571422,3081.8571428571427,861.4285714285714,139.28571428571468,125.38461538461547,3032.230769230769,1128.8461538461538,152.1538461538462,130.125,3007.75,617.125,145.25,106.83333333333337,2853.3333333333335,655.0,142.33333333333303,46.0,3047.0,290.0,49.0
83,78.0,2912.0,302.0,191.0,110.0,3112.6666666666665,734.0,153.33333333333348,96.11111111111097,2692.4444444444443,985.3333333333334,106.77777777777783,110.0,3165.0,1115.0,137.0,93.22222222222229,2976.4444444444443,625.5555555555555,118.66666666666697,129.8,2865.2,323.4,170.0,117.71428571428578,3080.1428571428573,857.5714285714286,139.71428571428532,125.61538461538453,3032.769230769231,1125.1538461538462,151.8461538461538,128.75,3008.5,618.75,144.5,104.0,2853.0,658.0,141.0,46.0,3058.5,293.5,49.0
84,81.80000000000001,2920.0,297.8,187.80000000000018,103.0,3115.3333333333335,725.0,150.66666666666652,95.22222222222229,2686.8888888888887,986.6666666666666,109.55555555555566,106.39999999999986,3158.8,1115.4,141.0,87.11111111111109,2975.222222222222,635.7777777777778,120.33333333333348,126.0,2869.0,320.0,174.0,117.14285714285722,3078.4285714285716,853.7142857142857,140.14285714285688,125.84615384615381,3033.3076923076924,1121.4615384615386,151.53846153846143,127.375,3009.25,620.375,143.75,105.0,2852.5,657.1666666666666,143.0,46.0,3070.0,297.0,49.0
85,85.59999999999997,2928.0,293.6,184.5999999999999,96.0,3118.0,716.0,148.0,94.33333333333326,2681.3333333333335,988.0,112.33333333333303,102.79999999999995,3152.6,1115.8,145.0,81.0,2974.0,646.0,122.0,124.69230769230774,2873.6153846153848,319.38461538461536,176.38461538461524,116.57142857142856,3076.714285714286,849.8571428571429,140.57142857142844,126.0769230769231,3033.846153846154,1117.7692307692307,151.23076923076906,126.0,3010.0,622.0,143.0,106.0,2852.0,656.3333333333334,145.0,46.0,3075.0,299.5,49.0
86,89.40000000000003,2936.0,289.4,181.4000000000001,97.83333333333337,3117.5,707.6666666666666,148.16666666666652,93.44444444444446,2675.777777777778,989.3333333333334,115.11111111111086,99.20000000000005,3146.4,1116.2,149.0,94.5,2969.25,648.5,124.0,123.38461538461536,2878.230769230769,318.7692307692308,178.76923076923094,116.0,3075.0,846.0,141.0,126.30769230769238,3034.3846153846152,1114.076923076923,150.92307692307713,127.1111111111112,3009.3333333333335,620.2222222222222,145.11111111111086,107.0,2851.5,655.5,147.0,46.0,3080.0,302.0,49.0
87,93.19999999999999,2944.0,285.2,178.19999999999982,99.66666666666663,3117.0,699.3333333333334,148.33333333333348,92.55555555555554,2670.222222222222,990.6666666666666,117.88888888888914,95.60000000000014,3140.2,1116.6,153.0,108.0,2964.5,651.0,126.0,122.0769230769231,2882.846153846154,318.15384615384613,181.1538461538462,115.42857142857144,3073.714285714286,841.5714285714286,141.42857142857156,126.53846153846143,3034.923076923077,1110.3846153846155,150.6153846153843,128.22222222222217,3008.6666666666665,618.4444444444445,147.22222222222217,108.0,2851.0,654.6666666666666,149.0,46.0,3078.0,314.5,49.0
88,97.0,2952.0,281.0,175.0,101.5,3116.5,691.0,148.5,91.66666666666674,2664.6666666666665,992.0,120.66666666666697,92.0,3134.0,1117.0,157.0,121.5,2959.75,653.5,128.0,120.76923076923077,2887.4615384615386,317.53846153846155,183.53846153846143,114.85714285714289,3072.4285714285716,837.1428571428571,141.85714285714266,126.76923076923094,3035.4615384615386,1106.6923076923076,150.30769230769238,129.33333333333337,3008.0,616.6666666666666,149.33333333333348,109.0,2850.5,653.8333333333334,151.0,46.0,3076.0,327.0,49.0
89,98.0,2963.6,278.0,167.0,103.33333333333337,3116.0,682.6666666666666,148.66666666666652,90.77777777777771,2659.1111111111113,993.3333333333334,123.44444444444434,91.79999999999995,3129.2,1119.8,159.80000000000018,135.0,2955.0,656.0,130.0,119.46153846153845,2892.076923076923,316.9230769230769,185.92307692307713,114.28571428571433,3071.1428571428573,832.7142857142857,142.28571428571422,127.0,3036.0,1103.0,150.0,130.44444444444446,3007.3333333333335,614.8888888888889,151.44444444444434,110.0,2850.0,653.0,153.0,46.0,3064.0,349.0,49.0
90,99.0,2975.2,275.0,159.0,105.16666666666663,3115.5,674.3333333333334,148.83333333333348,89.88888888888903,2653.5555555555557,994.6666666666666,126.22222222222217,91.60000000000014,3124.4,1122.6,162.5999999999999,125.5,2954.75,666.25,127.75,118.15384615384613,2896.6923076923076,316.3076923076923,188.30769230769238,113.71428571428567,3069.8571428571427,828.2857142857143,142.71428571428578,123.44444444444457,3036.6666666666665,1101.4444444444443,150.4444444444448,131.55555555555554,3006.6666666666665,613.1111111111111,153.55555555555566,110.25,2847.5,651.375,152.75,46.0,3052.0,371.0,49.0
91,100.0,2986.8,272.0,151.0,107.0,3115.0,666.0,149.0,89.0,2648.0,996.0,129.0,91.39999999999986,3119.6,1125.4,165.4000000000001,116.0,2954.5,676.5,125.5,116.84615384615387,2901.3076923076924,315.6923076923077,190.69230769230762,113.14285714285711,3068.5714285714284,823.8571428571429,143.14285714285734,119.88888888888891,3037.3333333333335,1099.888888888889,150.8888888888887,132.66666666666663,3006.0,611.3333333333334,155.66666666666652,110.5,2845.0,649.75,152.5,46.0,3035.5,393.0,49.0
92,101.0,2998.4,269.0,143.0,109.0,3117.5,661.1666666666666,149.0,91.44444444444446,2647.222222222222,994.5555555555555,128.0,91.20000000000005,3114.8,1128.2,168.19999999999982,106.5,2954.25,686.75,123.25,115.53846153846155,2905.923076923077,315.0769230769231,193.07692307692287,112.57142857142856,3067.285714285714,819.4285714285714,143.57142857142844,116.33333333333348,3038.0,1098.3333333333333,151.33333333333348,133.77777777777783,3005.3333333333335,609.5555555555555,157.77777777777783,110.75,2842.5,648.125,152.25,46.0,3019.0,415.0,49.0
93,102.0,3010.0,266.0,135.0,111.0,3120.0,656.3333333333334,149.0,93.88888888888891,2646.4444444444443,993.1111111111111,127.0,91.0,3110.0,1131.0,171.0,97.0,2954.0,697.0,121.0,114.23076923076923,2910.5384615384614,314.46153846153845,195.46153846153857,112.0,3066.0,815.0,144.0,112.77777777777783,3038.6666666666665,1096.7777777777778,151.77777777777783,134.8888888888888,3004.6666666666665,607.7777777777778,159.88888888888914,111.0,2840.0,646.5,152.0,46.0,3001.8333333333335,438.8333333333333,49.0
94,101.83333333333331,3021.1666666666665,265.1666666666667,128.33333333333348,113.0,3122.5,651.5,149.0,96.33333333333337,2645.6666666666665,991.6666666666666,126.0,92.35714285714289,3108.785714285714,1131.9285714285713,168.57142857142844,99.5,2950.8333333333335,704.3333333333334,120.0,112.9230769230769,2915.153846153846,313.84615384615387,197.8461538461538,111.4545454545455,3064.090909090909,813.1818181818181,144.909090909091,109.22222222222217,3039.3333333333335,1095.2222222222222,152.22222222222217,136.0,3004.0,606.0,162.0,111.25,2837.5,644.875,151.75,46.0,2984.6666666666665,462.6666666666667,49.0
95,101.66666666666669,3032.3333333333335,264.3333333333333,121.66666666666652,115.0,3125.0,646.6666666666666,149.0,98.77777777777783,2644.8888888888887,990.2222222222222,125.0,93.71428571428578,3107.5714285714284,1132.857142857143,166.14285714285734,102.0,2947.6666666666665,711.6666666666666,119.0,111.61538461538464,2919.769230769231,313.2307692307692,200.23076923076906,110.90909090909088,3062.181818181818,811.3636363636364,145.81818181818198,105.66666666666652,3040.0,1093.6666666666667,152.66666666666652,133.19999999999993,3003.4,608.2,166.19999999999982,111.5,2835.0,643.25,151.5,46.0,2967.5,486.5,49.0
96,101.5,3043.5,263.5,115.0,117.0,3127.5,641.8333333333334,149.0,101.22222222222217,2644.1111111111113,988.7777777777778,124.0,95.07142857142867,3106.3571428571427,1133.7857142857142,163.71428571428578,104.5,2944.5,719.0,118.0,110.30769230769226,2924.3846153846152,312.61538461538464,202.61538461538476,110.36363636363637,3060.2727272727275,809.5454545454545,146.72727272727252,102.11111111111109,3040.6666666666665,1092.111111111111,153.1111111111113,130.39999999999998,3002.8,610.4,170.39999999999964,111.75,2832.5,641.625,151.25,46.00000000000006,2950.3333333333335,510.3333333333333,49.0
97,101.33333333333331,3054.6666666666665,262.6666666666667,108.33333333333348,119.0,3130.0,637.0,149.0,103.66666666666663,2643.3333333333335,987.3333333333334,123.0,96.42857142857133,3105.1428571428573,1134.7142857142858,161.28571428571422,107.0,2941.3333333333335,726.3333333333334,117.0,109.0,2929.0,312.0,205.0,109.81818181818176,3058.3636363636365,807.7272727272727,147.6363636363635,98.55555555555543,3041.3333333333335,1090.5555555555557,153.5555555555552,127.60000000000002,3002.2,612.6,174.60000000000036,112.0,2830.0,640.0,151.0,46.0,2933.1666666666665,534.1666666666666,49.0
98,101.16666666666669,3065.8333333333335,261.8333333333333,101.66666666666652,119.5,3132.4,634.8,146.0,106.11111111111109,2642.5555555555557,985.8888888888889,122.0,97.78571428571422,3103.9285714285716,1135.642857142857,158.85714285714266,109.5,2938.1666666666665,733.6666666666666,116.0,111.5,2934.2,310.0,198.80000000000018,109.27272727272725,3056.4545454545455,805.9090909090909,148.5454545454545,95.0,3042.0,1089.0,154.0,124.80000000000007,3001.6,614.8,178.80000000000018,109.0,2828.8333333333335,641.5,147.16666666666652,46.0,2916.0,558.0,49.0
99,101.0,3077.0,261.0,95.0,120.0,3134.8,632.6,143.0,108.55555555555554,2641.777777777778,984.4444444444445,121.0,99.14285714285711,3102.714285714286,1136.5714285714287,156.42857142857156,112.0,2935.0,741.0,115.0,114.0,2939.4,308.0,192.5999999999999,108.72727272727275,3054.5454545454545,804.0909090909091,149.4545454545455,94.0,3041.0,1087.2857142857142,152.85714285714266,122.0,3001.0,617.0,183.0,106.0,2827.6666666666665,643.0,143.33333333333348,46.0,2895.6666666666665,583.8333333333334,49.0
100,97.66666666666663,3077.3333333333335,260.6666666666667,101.33333333333303,120.5,3137.2,630.4,140.0,111.0,2641.0,983.0,120.0,100.5,3101.5,1137.5,154.0,110.09090909090912,2927.2727272727275,747.2727272727273,118.72727272727252,116.5,2944.6,306.0,186.4000000000001,108.18181818181824,3052.6363636363635,802.2727272727273,150.3636363636365,93.0,3040.0,1085.5714285714287,151.71428571428578,120.19999999999993,3000.8,618.6,176.19999999999982,103.0,2826.5,644.5,139.5,46.0,2875.3333333333335,609.6666666666666,49.0
101,94.33333333333337,3077.6666666666665,260.3333333333333,107.66666666666697,121.0,3139.6,628.2,137.0,116.42857142857144,2628.5714285714284,976.5714285714286,129.0,101.85714285714289,3100.285714285714,1138.4285714285713,151.57142857142844,108.18181818181824,2919.5454545454545,753.5454545454545,122.4545454545455,119.0,2949.8,304.0,180.19999999999982,107.63636363636363,3050.7272727272725,800.4545454545455,151.27272727272748,92.0,3039.0,1083.857142857143,150.57142857142844,118.39999999999998,3000.6,620.2,169.4000000000001,100.0,2825.3333333333335,646.0,135.66666666666652,46.0,2855.0,635.5,49.0
102,91.0,3078.0,260.0,114.0,121.5,3142.0,626.0,134.0,121.85714285714289,2616.1428571428573,970.1428571428571,138.0,103.21428571428578,3099.0714285714284,1139.357142857143,149.14285714285734,106.27272727272725,2911.818181818182,759.8181818181819,126.18181818181802,121.5,2955.0,302.0,174.0,107.09090909090912,3048.818181818182,798.6363636363636,152.18181818181802,91.0,3038.0,1082.142857142857,149.42857142857156,116.60000000000002,3000.4,621.8,162.5999999999999,97.0,2824.1666666666665,647.5,131.83333333333348,46.0,2834.6666666666665,661.3333333333334,49.0
103,92.0,3063.0,259.5,132.0,122.0,3144.4,623.8,131.0,127.28571428571433,2603.714285714286,963.7142857142857,147.0,104.57142857142867,3097.8571428571427,1140.2857142857142,146.71428571428578,104.36363636363637,2904.090909090909,766.0909090909091,129.909090909091,124.0,2960.2,300.0,167.80000000000018,106.5454545454545,3046.909090909091,796.8181818181819,153.090909090909,90.0,3037.0,1080.4285714285713,148.28571428571422,114.80000000000007,3000.2,623.4,155.80000000000018,94.0,2823.0,649.0,128.0,46.0,2814.3333333333335,687.1666666666667,49.0
104,93.0,3048.0,259.0,150.0,122.5,3146.8,621.6,128.0,132.71428571428567,2591.285714285714,957.2857142857143,156.0,105.92857142857133,3096.6428571428573,1141.2142857142858,144.28571428571422,102.4545454545455,2896.3636363636365,772.3636363636364,133.6363636363635,126.5,2965.4,298.0,161.5999999999999,106.0,3045.0,795.0,154.0,89.0,3036.0,1078.7142857142858,147.14285714285734,113.0,3000.0,625.0,149.0,97.80000000000007,2819.2,649.8,125.20000000000027,46.0,2794.0,713.0,49.0
105,99.71428571428575,3052.4285714285716,253.42857142857142,151.28571428571422,123.0,3149.2,619.4,125.0,138.1428571428571,2578.8571428571427,950.8571428571429,165.0,107.28571428571422,3095.4285714285716,1142.142857142857,141.85714285714266,100.5454545454545,2888.6363636363635,778.6363636363636,137.3636363636365,129.0,2970.6,296.0,155.4000000000001,107.61538461538453,3044.769230769231,796.6923076923077,154.1538461538462,88.0,3035.0,1077.0,146.0,116.75,2999.0,627.375,149.0,101.60000000000002,2815.4,650.6,122.40000000000009,46.0,2772.4,739.0,49.0
106,106.42857142857142,3056.8571428571427,247.85714285714286,152.5714285714289,123.5,3151.6,617.2,122.0,143.57142857142856,2566.4285714285716,944.4285714285714,174.0,108.64285714285711,3094.214285714286,1143.0714285714287,139.42857142857156,98.63636363636363,2880.909090909091,784.9090909090909,141.090909090909,131.5,2975.8,294.0,149.19999999999982,109.23076923076928,3044.5384615384614,798.3846153846154,154.30769230769238,92.0,3030.8333333333335,1076.6666666666667,148.16666666666652,120.5,2998.0,629.75,149.0,105.39999999999998,2811.6,651.4,119.59999999999991,46.0,2750.8,765.0,49.0
107,113.14285714285717,3061.285714285714,242.28571428571428,153.85714285714312,124.0,3154.0,615.0,119.0,149.0,2554.0,938.0,183.0,110.0,3093.0,1144.0,137.0,96.72727272727275,2873.181818181818,791.1818181818181,144.81818181818198,134.0,2981.0,292.0,143.0,110.84615384615381,3044.3076923076924,800.0769230769231,154.46153846153857,96.0,3026.6666666666665,1076.3333333333333,150.33333333333348,124.25,2997.0,632.125,149.0,109.19999999999993,2807.8,652.2,116.79999999999973,46.0,2729.2,791.0,49.0
108,119.85714285714283,3065.714285714286,236.71428571428572,155.14285714285688,124.66666666666663,3153.6666666666665,615.3333333333334,117.83333333333348,149.28571428571433,2553.714285714286,938.7142857142857,176.0,109.0,3094.5,1151.1666666666667,138.5,94.81818181818176,2865.4545454545455,797.4545454545455,148.5454545454545,132.0769230769231,2981.230769230769,293.9230769230769,142.07692307692332,112.46153846153857,3044.076923076923,801.7692307692307,154.61538461538476,100.0,3022.5,1076.0,152.5,128.0,2996.0,634.5,149.0,113.0,2804.0,653.0,114.0,46.0,2707.6,817.0,49.0
109,126.57142857142858,3070.1428571428573,231.14285714285714,156.4285714285711,125.33333333333337,3153.3333333333335,615.6666666666666,116.66666666666652,149.57142857142856,2553.4285714285716,939.4285714285714,169.0,108.0,3096.0,1158.3333333333333,140.0,92.90909090909088,2857.7272727272725,803.7272727272727,152.27272727272748,130.15384615384613,2981.4615384615386,295.84615384615387,141.1538461538462,114.0769230769231,3043.846153846154,803.4615384615385,154.76923076923094,104.0,3018.3333333333335,1075.6666666666667,154.66666666666652,131.75,2995.0,636.875,149.0,120.0,2801.4,652.8,112.40000000000009,46.0,2686.0,843.0,49.0
110,133.28571428571425,3074.5714285714284,225.57142857142858,157.71428571428578,126.0,3153.0,616.0,115.5,149.8571428571429,2553.1428571428573,940.1428571428571,162.0,107.0,3097.5,1165.5,141.5,91.0,2850.0,810.0,156.0,128.23076923076923,2981.6923076923076,297.7692307692308,140.2307692307695,115.69230769230762,3043.6153846153848,805.1538461538462,154.92307692307668,108.0,3014.1666666666665,1075.3333333333333,156.83333333333348,135.5,2994.0,639.25,149.0,127.0,2798.8,652.6,110.79999999999973,46.0,2663.6666666666665,867.0,49.0
111,140.0,3079.0,220.0,159.0,126.66666666666663,3152.6666666666665,616.3333333333334,114.33333333333348,150.1428571428571,2552.8571428571427,940.8571428571429,155.0,106.0,3099.0,1172.6666666666667,143.0,102.5,2842.5,811.0,159.5,126.30769230769232,2981.923076923077,299.6923076923077,139.30769230769192,117.30769230769238,3043.3846153846152,806.8461538461538,155.07692307692332,112.0,3010.0,1075.0,159.0,139.25,2993.0,641.625,149.0,134.0,2796.2,652.4,109.20000000000027,46.0,2641.3333333333335,891.0,49.0
112,136.75,3089.125,222.75,153.875,127.33333333333337,3152.3333333333335,616.6666666666666,113.16666666666652,150.42857142857144,2552.5714285714284,941.5714285714286,148.0,105.0,3100.5,1179.8333333333333,144.5,114.0,2835.0,812.0,163.0,124.38461538461536,2982.153846153846,301.61538461538464,138.38461538461524,118.9230769230769,3043.153846153846,808.5384615384615,155.23076923076906,112.5,3007.9285714285716,1076.7142857142858,157.85714285714266,143.0,2992.0,644.0,149.0,141.0,2793.6,652.2,107.59999999999991,46.0,2619.0,915.0,49.0
113,133.5,3099.25,225.5,148.75,128.0,3152.0,617.0,112.0,150.71428571428567,2552.285714285714,942.2857142857143,141.0,104.0,3102.0,1187.0,146.0,109.0,2835.0,817.0,158.5,122.46153846153845,2982.3846153846152,303.53846153846155,137.46153846153857,120.53846153846143,3042.923076923077,810.2307692307693,155.38461538461524,113.0,3005.8571428571427,1078.4285714285713,156.71428571428578,143.5,2994.5,646.6666666666666,145.5,148.0,2791.0,652.0,106.0,46.0,2616.6666666666665,924.3333333333334,49.0
114,130.25,3109.375,228.25,143.625,124.875,3142.5,622.0,116.375,151.0,2552.0,943.0,134.0,104.59999999999991,3101.0,1192.4,145.5999999999999,104.0,2835.0,822.0,154.0,120.53846153846155,2982.6153846153848,305.46153846153845,136.53846153846143,122.15384615384619,3042.6923076923076,811.9230769230769,155.53846153846143,113.5,3003.785714285714,1080.142857142857,155.57142857142844,144.0,2997.0,649.3333333333334,142.0,139.75,2788.25,667.0,104.75,46.0,2614.3333333333335,933.6666666666666,49.0
115,127.0,3119.5,231.0,138.5,121.75,3133.0,627.0,120.75,145.16666666666663,2546.1666666666665,947.6666666666666,138.16666666666697,105.20000000000005,3100.0,1197.8,145.19999999999982,99.0,2835.0,827.0,149.5,118.61538461538464,2982.846153846154,307.38461538461536,135.61538461538476,123.76923076923072,3042.4615384615386,813.6153846153846,155.69230769230762,114.0,3001.714285714286,1081.857142857143,154.42857142857156,144.5,2999.5,652.0,138.5,131.5,2785.5,682.0,103.5,46.0,2612.0,943.0,49.0
116,123.75,3129.625,233.75,133.375,118.625,3123.5,632.0,125.125,139.33333333333337,2540.3333333333335,952.3333333333334,142.33333333333303,105.79999999999995,3099.0,1203.2,144.80000000000018,94.0,2835.0,832.0,145.0,116.69230769230768,2983.076923076923,309.3076923076923,134.69230769230808,125.38461538461547,3042.230769230769,815.3076923076923,155.8461538461538,114.5,2999.6428571428573,1083.5714285714287,153.28571428571422,145.0,3002.0,654.6666666666666,135.0,123.25,2782.75,697.0,102.25,46.0,2609.0,946.6666666666666,49.0
117,120.5,3139.75,236.5,128.25,115.5,3114.0,637.0,129.5,133.5,2534.5,957.0,146.5,106.40000000000009,3098.0,1208.6,144.4000000000001,94.60000000000002,2834.2,831.6,143.20000000000027,114.76923076923077,2983.3076923076924,311.2307692307692,133.7692307692305,127.0,3042.0,817.0,156.0,115.0,2997.5714285714284,1085.2857142857142,152.14285714285734,145.5,3004.5,657.3333333333334,131.5,115.0,2780.0,712.0,101.0,46.0,2606.0,950.3333333333334,49.0
118,117.25,3149.875,239.25,123.125,112.375,3104.5,642.0,133.875,127.66666666666663,2528.6666666666665,961.6666666666666,150.66666666666697,107.0,3097.0,1214.0,144.0,95.19999999999993,2833.4,831.2,141.4000000000001,112.84615384615387,2983.5384615384614,313.15384615384613,132.8461538461538,126.68421052631584,3041.2894736842104,821.0263157894736,155.60526315789502,115.5,2995.5,1087.0,151.0,146.0,3007.0,660.0,128.0,117.16666666666663,2766.0,721.8333333333334,107.66666666666652,46.0,2603.0,954.0,49.0
119,114.0,3160.0,242.0,118.0,109.25,3095.0,647.0,138.25,121.83333333333337,2522.8333333333335,966.3333333333334,154.83333333333303,115.33333333333348,3095.8333333333335,1219.3333333333333,143.66666666666652,95.80000000000007,2832.6,830.8,139.5999999999999,110.9230769230769,2983.769230769231,315.0769230769231,131.92307692307668,126.36842105263156,3040.5789473684213,825.0526315789474,155.21052631578914,116.0,2993.4285714285716,1088.7142857142858,149.85714285714266,142.81818181818176,3007.0,663.3636363636364,128.81818181818198,119.33333333333337,2752.0,731.6666666666666,114.33333333333348,46.0,2607.3333333333335,963.3333333333334,49.0
120,113.5,3160.0,242.5,122.5,106.125,3085.5,652.0,142.625,116.0,2517.0,971.0,159.0,123.66666666666652,3094.6666666666665,1224.6666666666667,143.33333333333348,96.39999999999998,2831.8,830.4,137.79999999999973,109.0,2984.0,317.0,131.0,126.0526315789474,3039.8684210526317,829.078947368421,154.81578947368416,116.5,2991.3571428571427,1090.4285714285713,148.71428571428578,139.63636363636363,3007.0,666.7272727272727,129.6363636363635,121.5,2738.0,741.5,121.0,46.0,2611.6666666666665,972.6666666666666,49.0
121,113.0,3160.0,243.0,127.0,103.0,3076.0,657.0,147.0,114.20000000000005,2518.6,973.0,165.5999999999999,132.0,3093.5,1230.0,143.0,97.0,2831.0,830.0,136.0,111.27272727272725,2984.181818181818,321.1818181818182,130.18181818181847,125.73684210526324,3039.157894736842,833.1052631578947,154.4210526315792,117.0,2989.285714285714,1092.142857142857,147.57142857142844,136.45454545454538,3007.0,670.0909090909091,130.4545454545455,123.66666666666663,2724.0,751.3333333333334,127.66666666666652,46.0,2616.0,982.0,49.0
122,112.5,3160.0,243.5,131.5,101.60000000000002,3073.0,660.4,147.4000000000001,112.40000000000009,2520.2,975.0,172.20000000000027,140.33333333333348,3092.3333333333335,1235.3333333333333,142.66666666666652,97.25,2831.125,833.625,133.25,113.54545454545456,2984.3636363636365,325.3636363636364,129.36363636363603,125.42105263157896,3038.4473684210525,837.1315789473684,154.02631578947376,117.5,2987.214285714286,1093.857142857143,146.42857142857156,133.27272727272725,3007.0,673.4545454545455,131.27272727272748,125.83333333333337,2710.0,761.1666666666666,134.33333333333348,46.0,2625.25,993.75,49.0
123,112.0,3160.0,244.0,136.0,100.20000000000005,3070.0,663.8,147.80000000000018,110.59999999999991,2521.8,977.0,178.79999999999973,148.66666666666652,3091.1666666666665,1240.6666666666667,142.33333333333348,97.5,2831.25,837.25,130.5,115.81818181818181,2984.5454545454545,329.54545454545456,128.5454545454545,125.1052631578948,3037.7368421052633,841.1578947368421,153.63157894736833,118.0,2985.1428571428573,1095.5714285714287,145.28571428571422,130.090909090909,3007.0,676.8181818181819,132.090909090909,128.0,2696.0,771.0,141.0,46.0,2634.5,1005.5,49.0
124,111.5,3160.0,244.5,140.5,98.79999999999995,3067.0,667.2,148.19999999999982,108.79999999999995,2523.4,979.0,185.4000000000001,157.0,3090.0,1246.0,142.0,97.75,2831.375,840.875,127.75,118.09090909090907,2984.7272727272725,333.72727272727275,127.72727272727298,124.78947368421052,3037.0263157894738,845.1842105263158,153.2368421052629,118.5,2983.0714285714284,1097.2857142857142,144.14285714285734,126.90909090909099,3007.0,680.1818181818181,132.909090909091,131.1111111111112,2694.4444444444443,783.2222222222222,143.22222222222217,46.0,2643.75,1017.25,49.0
125,111.0,3160.0,245.0,145.0,97.39999999999998,3064.0,670.6,148.5999999999999,107.0,2525.0,981.0,192.0,154.42857142857156,3089.1428571428573,1250.4285714285713,142.28571428571422,98.0,2831.5,844.5,125.0,120.36363636363632,2984.909090909091,337.90909090909093,126.90909090909099,124.47368421052636,3036.315789473684,849.2105263157895,152.84210526315792,119.0,2981.0,1099.0,143.0,123.72727272727275,3007.0,683.5454545454545,133.72727272727252,134.22222222222217,2692.8888888888887,795.4444444444445,145.4444444444448,46.0,2653.0,1029.0,49.0
126,111.0,3167.1428571428573,243.0,141.71428571428532,96.0,3061.0,674.0,149.0,108.5,2537.3333333333335,983.5,187.0,151.8571428571429,3088.285714285714,1254.857142857143,142.57142857142844,98.25,2831.625,848.125,122.25,122.63636363636368,2985.090909090909,342.09090909090907,126.09090909090901,124.15789473684208,3035.6052631578946,853.2368421052631,152.44736842105294,118.25,2981.3125,1100.6875,142.9375,120.54545454545462,3007.0,686.9090909090909,134.5454545454545,137.33333333333337,2691.3333333333335,807.6666666666666,147.66666666666652,46.0,2663.0,1037.3333333333333,49.0
127,111.0,3174.285714285714,241.0,138.42857142857156,94.75,3061.25,677.0,149.25,110.0,2549.6666666666665,986.0,182.0,149.28571428571445,3087.4285714285716,1259.2857142857142,142.85714285714266,98.5,2831.75,851.75,119.5,124.90909090909093,2985.2727272727275,346.27272727272725,125.27272727272702,123.8421052631578,3034.8947368421054,857.2631578947369,152.05263157894706,117.5,2981.625,1102.375,142.875,117.36363636363637,3007.0,690.2727272727273,135.3636363636365,140.44444444444446,2689.777777777778,819.8888888888889,149.8888888888887,46.0,2673.0,1045.6666666666667,49.0
128,111.0,3181.4285714285716,239.0,135.14285714285688,93.5,3061.5,680.0,149.5,111.5,2562.0,988.5,177.0,146.71428571428555,3086.5714285714284,1263.7142857142858,143.14285714285734,98.75,2831.875,855.375,116.75,127.18181818181819,2985.4545454545455,350.45454545454544,124.4545454545455,123.52631578947364,3034.184210526316,861.2894736842105,151.65789473684208,116.75,2981.9375,1104.0625,142.8125,114.18181818181824,3007.0,693.6363636363636,136.18181818181802,143.55555555555554,2688.222222222222,832.1111111111111,152.1111111111113,46.0,2683.0,1054.0,49.0
129,111.0,3188.5714285714284,237.0,131.85714285714312,92.25,3061.75,683.0,149.75,113.0,2574.3333333333335,991.0,172.0,144.1428571428571,3085.714285714286,1268.142857142857,143.42857142857156,99.0,2832.0,859.0,114.0,129.4545454545455,2985.6363636363635,354.6363636363636,123.63636363636397,123.21052631578948,3033.4736842105262,865.3157894736842,151.2631578947371,116.0,2982.25,1105.75,142.75,111.0,3007.0,697.0,137.0,146.66666666666663,2686.6666666666665,844.3333333333334,154.33333333333348,46.0,2690.5,1062.5,49.0
130,111.0,3195.714285714286,235.0,128.57142857142844,91.0,3062.0,686.0,150.0,114.5,2586.6666666666665,993.5,167.0,141.57142857142844,3084.8571428571427,1272.5714285714287,143.71428571428578,100.0,2832.0,857.4285714285714,113.42857142857156,131.72727272727275,2985.818181818182,358.8181818181818,122.81818181818153,122.8947368421052,3032.7631578947367,869.3421052631579,150.86842105263167,115.25,2982.5625,1107.4375,142.6875,111.90909090909088,3008.818181818182,698.7272727272727,136.72727272727252,149.77777777777783,2685.1111111111113,856.5555555555555,156.5555555555552,46.0,2698.0,1071.0,49.0
131,111.0,3202.8571428571427,233.0,125.28571428571468,88.59999999999991,3071.0,689.2,140.5999999999999,116.0,2599.0,996.0,162.0,139.0,3084.0,1277.0,144.0,101.0,2832.0,855.8571428571429,112.85714285714266,134.0,2986.0,363.0,122.0,122.57894736842104,3032.0526315789475,873.3684210526316,150.47368421052624,114.5,2982.875,1109.125,142.625,112.81818181818176,3010.6363636363635,700.4545454545455,136.4545454545455,152.8888888888888,2683.5555555555557,868.7777777777778,158.77777777777783,46.0,2706.5,1076.0,49.0
132,111.0,3210.0,231.0,122.0,86.20000000000005,3080.0,692.4,131.19999999999982,117.5,2601.5,999.75,171.25,139.375,3084.5,1280.125,145.75,102.0,2832.0,854.2857142857143,112.28571428571422,130.0,2983.4285714285716,368.42857142857144,122.28571428571422,122.26315789473676,3031.342105263158,877.3947368421053,150.0789473684208,113.75,2983.1875,1110.8125,142.5625,113.72727272727275,3012.4545454545455,702.1818181818181,136.18181818181802,156.0,2682.0,881.0,161.0,46.0,2715.0,1081.0,49.0
133,109.0,3209.625,230.625,124.75,83.79999999999995,3089.0,695.6,121.80000000000018,119.0,2604.0,1003.5,180.5,139.75,3085.0,1283.25,147.5,103.0,2832.0,852.7142857142857,111.71428571428578,126.0,2980.8571428571427,373.85714285714283,122.5714285714289,121.9473684210526,3030.6315789473683,881.421052631579,149.68421052631584,113.0,2983.5,1112.5,142.5,114.63636363636363,3014.2727272727275,703.9090909090909,135.90909090909054,149.0,2691.875,890.875,156.75,46.0,2723.5,1086.0,49.0
134,107.0,3209.25,230.25,127.5,81.40000000000009,3098.0,698.8,112.40000000000009,120.5,2606.5,1007.25,189.75,140.125,3085.5,1286.375,149.25,104.0,2832.0,851.1428571428571,111.14285714285734,122.0,2978.285714285714,379.2857142857143,122.85714285714312,121.63157894736844,3029.9210526315787,885.4473684210526,149.28947368421086,112.25,2983.8125,1114.1875,142.4375,115.5454545454545,3016.090909090909,705.6363636363636,135.6363636363635,142.0,2701.75,900.75,152.5,46.0,2732.0,1091.0,49.0
135,105.0,3208.875,229.875,130.25,79.0,3107.0,702.0,103.0,122.0,2609.0,1011.0,199.0,140.5,3086.0,1289.5,151.0,105.0,2832.0,849.5714285714286,110.57142857142844,118.0,2975.714285714286,384.7142857142857,123.14285714285688,121.31578947368416,3029.2105263157896,889.4736842105264,148.89473684210498,111.5,2984.125,1115.875,142.375,116.4545454545455,3017.909090909091,707.3636363636364,135.3636363636365,135.0,2711.625,910.625,148.25,46.0,2742.0,1092.5,49.0
136,103.0,3208.5,229.5,133.0,80.5,3108.3333333333335,702.8333333333334,102.16666666666652,118.28571428571433,2627.285714285714,1014.5714285714286,191.57142857142844,140.875,3086.5,1292.625,152.75,106.0,2832.0,848.0,110.0,114.0,2973.1428571428573,390.14285714285717,123.4285714285711,121.0,3028.5,893.5,148.5,110.75,2984.4375,1117.5625,142.3125,117.36363636363637,3019.7272727272725,709.0909090909091,135.09090909090946,128.0,2721.5,920.5,144.0,46.0,2752.0,1094.0,49.0
137,101.0,3208.125,229.125,135.75,82.0,3109.6666666666665,703.6666666666666,101.33333333333348,114.57142857142867,2645.5714285714284,1018.1428571428571,184.14285714285734,141.25,3087.0,1295.75,154.5,103.84615384615392,2831.923076923077,845.3076923076923,111.6153846153843,110.0,2970.5714285714284,395.57142857142856,123.71428571428578,120.68421052631584,3027.7894736842104,897.5263157894736,148.10526315789502,110.0,2984.75,1119.25,142.25,118.27272727272725,3021.5454545454545,710.8181818181819,134.81818181818198,121.0,2731.375,930.375,139.75,46.0,2762.3333333333335,1089.0,49.0
138,99.0,3207.75,228.75,138.5,83.5,3111.0,704.5,100.5,110.857142857143,2663.8571428571427,1021.7142857142857,176.71428571428578,141.625,3087.5,1298.875,156.25,101.69230769230762,2831.846153846154,842.6153846153846,113.23076923076906,106.0,2968.0,401.0,124.0,120.36842105263156,3027.0789473684213,901.5526315789474,147.71052631578914,109.25,2985.0625,1120.9375,142.1875,119.18181818181824,3023.3636363636365,712.5454545454545,134.5454545454545,114.0,2741.25,940.25,135.5,46.0,2772.6666666666665,1084.0,49.0
139,97.0,3207.375,228.375,141.25,85.0,3112.3333333333335,705.3333333333334,99.66666666666652,107.14285714285711,2682.1428571428573,1025.2857142857142,169.28571428571422,142.0,3088.0,1302.0,158.0,99.53846153846155,2831.769230769231,839.9230769230769,114.84615384615381,108.125,2965.5,406.5,124.125,120.05263157894728,3026.3684210526317,905.578947368421,147.31578947368416,108.5,2985.375,1122.625,142.125,120.09090909090912,3025.181818181818,714.2727272727273,134.27272727272748,107.0,2751.125,950.125,131.25,46.0,2783.0,1079.0,49.0
140,95.0,3207.0,228.0,144.0,86.5,3113.6666666666665,706.1666666666666,98.83333333333348,103.42857142857133,2700.4285714285716,1028.857142857143,161.85714285714266,141.0,3083.8571428571427,1308.2857142857142,158.28571428571468,97.38461538461536,2831.6923076923076,837.2307692307693,116.46153846153857,110.25,2963.0,412.0,124.25,119.73684210526312,3025.657894736842,909.6052631578948,146.9210526315792,107.75,2985.6875,1124.3125,142.0625,121.0,3027.0,716.0,134.0,100.0,2761.0,960.0,127.0,46.0,2797.5,1084.5,49.0
141,95.28571428571428,3206.5714285714284,227.28571428571428,146.0,88.0,3115.0,707.0,98.0,99.71428571428578,2718.714285714286,1032.4285714285713,154.42857142857156,140.0,3079.714285714286,1314.5714285714287,158.57142857142844,95.23076923076917,2831.6153846153848,834.5384615384615,118.07692307692287,112.375,2960.5,417.5,124.375,119.42105263157885,3024.9473684210525,913.6315789473684,146.52631578947376,107.0,2986.0,1126.0,142.0,119.91666666666663,3026.0,718.8333333333334,135.33333333333348,99.40000000000009,2762.4,962.3,131.9000000000001,46.0,2812.0,1090.0,49.0
142,95.57142857142858,3206.1428571428573,226.57142857142858,148.0,88.54545454545462,3112.0,707.5454545454545,102.0,96.0,2737.0,1036.0,147.0,139.0,3075.5714285714284,1320.857142857143,158.85714285714312,93.0769230769231,2831.5384615384614,831.8461538461538,119.69230769230762,114.5,2958.0,423.0,124.5,119.1052631578948,3024.2368421052633,917.6578947368421,146.13157894736833,107.66666666666674,2987.222222222222,1126.2222222222222,141.44444444444434,118.83333333333337,3025.0,721.6666666666666,136.66666666666652,98.80000000000007,2763.8,964.6,136.79999999999973,46.0,2833.0,1094.5,49.0
143,95.85714285714286,3205.714285714286,225.85714285714286,150.0,89.09090909090901,3109.0,708.0909090909091,106.0,94.0,2751.5,1039.1666666666667,148.5,138.0,3071.4285714285716,1327.142857142857,159.14285714285688,90.9230769230769,2831.4615384615386,829.1538461538462,121.30769230769238,116.625,2955.5,428.5,124.625,118.7894736842104,3023.5263157894738,921.6842105263158,145.7368421052629,108.33333333333348,2988.4444444444443,1126.4444444444443,140.88888888888914,117.75,3024.0,724.5,138.0,98.19999999999993,2765.2,966.9,141.70000000000027,46.0,2854.0,1099.0,49.0
144,96.14285714285714,3205.285714285714,225.14285714285714,152.0,89.63636363636363,3106.0,708.6363636363636,110.0,92.0,2766.0,1042.3333333333333,150.0,137.0,3067.285714285714,1333.4285714285713,159.42857142857156,88.76923076923083,2831.3846153846152,826.4615384615385,122.92307692307713,118.75,2953.0,434.0,124.75,118.47368421052636,3022.815789473684,925.7105263157895,145.34210526315792,109.0,2989.6666666666665,1126.6666666666667,140.33333333333348,116.66666666666663,3023.0,727.3333333333334,139.33333333333348,97.59999999999991,2766.6,969.2,146.5999999999999,46.0,2874.0,1100.0,49.0
145,96.42857142857142,3204.8571428571427,224.42857142857142,154.0,90.18181818181824,3103.0,709.1818181818181,114.0,90.0,2780.5,1045.5,151.5,136.0,3063.1428571428573,1339.7142857142858,159.71428571428532,86.61538461538464,2831.3076923076924,823.7692307692307,124.53846153846143,120.875,2950.5,439.5,124.875,118.15789473684208,3022.1052631578946,929.7368421052631,144.94736842105294,109.66666666666674,2990.8888888888887,1126.888888888889,139.77777777777783,115.58333333333337,3022.0,730.1666666666666,140.66666666666652,97.0,2768.0,971.5,151.5,46.0,2894.0,1101.0,49.0
146,96.71428571428572,3204.4285714285716,223.71428571428572,156.0,90.72727272727275,3100.0,709.7272727272727,118.0,88.0,2795.0,1048.6666666666667,153.0,135.0,3059.0,1346.0,160.0,84.46153846153845,2831.230769230769,821.0769230769231,126.15384615384619,123.0,2948.0,445.0,125.0,117.84210526315792,3021.3947368421054,933.7631578947369,144.55263157894706,110.33333333333326,2992.1111111111113,1127.111111111111,139.22222222222217,114.5,3021.0,733.0,142.0,96.40000000000009,2769.4,973.8,156.4000000000001,46.0,2907.3333333333335,1098.0,49.0
147,97.0,3204.0,223.0,158.0,91.27272727272725,3097.0,710.2727272727273,122.0,86.0,2809.5,1051.8333333333333,154.5,132.25,3060.0,1349.5,158.0,82.30769230769238,2831.153846153846,818.3846153846154,127.76923076923094,123.20000000000005,2946.9,450.5,125.19999999999982,117.52631578947364,3020.684210526316,937.7894736842105,144.15789473684208,111.0,2993.3333333333335,1127.3333333333333,138.66666666666652,113.41666666666663,3020.0,735.8333333333334,143.33333333333348,95.80000000000007,2770.8,976.1,161.29999999999973,46.0,2920.6666666666665,1095.0,49.0
148,97.5,3201.1666666666665,223.5,159.16666666666697,91.81818181818176,3094.0,710.8181818181819,126.0,84.0,2824.0,1055.0,156.0,129.5,3061.0,1353.0,156.0,80.15384615384608,2831.076923076923,815.6923076923077,129.3846153846157,123.39999999999998,2945.8,456.0,125.39999999999964,117.2105263157896,3019.9736842105262,941.8157894736842,143.7631578947371,111.66666666666652,2994.5555555555557,1127.5555555555557,138.11111111111086,112.33333333333337,3019.0,738.6666666666666,144.66666666666652,95.19999999999993,2772.2,978.4,166.20000000000027,46.0,2934.0,1092.0,49.0
149,98.0,3198.3333333333335,224.0,160.33333333333303,92.36363636363637,3091.0,711.3636363636364,130.0,83.9230769230769,2835.846153846154,1055.8461538461538,156.30769230769238,126.75,3062.0,1356.5,154.0,78.0,2831.0,813.0,131.0,123.60000000000002,2944.7,461.5,125.60000000000036,116.8947368421052,3019.2631578947367,945.8421052631579,143.36842105263167,112.33333333333326,2995.777777777778,1127.7777777777778,137.55555555555566,111.25,3018.0,741.5,146.0,94.59999999999991,2773.6,980.7,171.0999999999999,46.0,2946.6,1092.0,49.0
150,98.5,3195.5,224.5,161.5,92.90909090909099,3088.0,711.9090909090909,134.0,83.84615384615381,2847.6923076923076,1056.6923076923076,156.61538461538476,124.0,3063.0,1360.0,152.0,79.875,2833.0,810.5,129.875,123.79999999999995,2943.6,467.0,125.80000000000018,116.57894736842115,3018.5526315789475,949.8684210526316,142.97368421052624,113.0,2997.0,1128.0,137.0,110.16666666666663,3017.0,744.3333333333334,147.33333333333348,94.0,2775.0,983.0,176.0,46.0,2959.2,1092.0,49.0
151,99.0,3192.6666666666665,225.0,162.66666666666697,93.45454545454538,3085.0,712.4545454545455,138.0,83.76923076923094,2859.5384615384614,1057.5384615384614,156.92307692307713,116.33333333333326,3063.3333333333335,1368.6666666666667,154.33333333333303,81.75,2835.0,808.0,128.75,124.0,2942.5,472.5,126.0,116.26315789473688,3017.842105263158,953.8947368421052,142.5789473684208,111.44444444444434,3000.8888888888887,1129.7777777777778,136.88888888888914,109.08333333333337,3016.0,747.1666666666666,148.66666666666652,93.14285714285711,2781.714285714286,982.0,171.57142857142844,46.0,2971.8,1092.0,49.0
152,99.5,3189.8333333333335,225.5,163.83333333333303,94.0,3082.0,713.0,142.0,83.69230769230762,2871.3846153846152,1058.3846153846155,157.2307692307695,108.66666666666674,3063.6666666666665,1377.3333333333333,156.66666666666697,83.625,2837.0,805.5,127.625,124.20000000000005,2941.4,478.0,126.19999999999982,115.94736842105272,3017.1315789473683,957.921052631579,142.18421052631584,109.88888888888869,3004.777777777778,1131.5555555555557,136.77777777777783,108.0,3015.0,750.0,150.0,92.28571428571422,2788.4285714285716,981.0,167.14285714285688,46.0,2984.4,1092.0,49.0
153,100.0,3187.0,226.0,165.0,98.66666666666663,3082.8888888888887,713.8888888888889,144.4444444444448,83.61538461538453,2883.230769230769,1059.2307692307693,157.5384615384619,101.0,3064.0,1386.0,159.0,85.5,2839.0,803.0,126.5,124.39999999999998,2940.3,483.5,126.39999999999964,115.63157894736844,3016.4210526315787,961.9473684210526,141.78947368421086,108.33333333333348,3008.6666666666665,1133.3333333333333,136.66666666666697,106.9375,3014.25,753.5625,151.4375,91.42857142857133,2795.1428571428573,980.0,162.71428571428532,46.0,2997.0,1092.0,49.0
154,100.28571428571428,3186.285714285714,226.0,162.42857142857156,103.33333333333326,3083.777777777778,714.7777777777778,146.8888888888887,83.53846153846143,2895.076923076923,1060.076923076923,157.84615384615427,100.0,3063.6666666666665,1391.3333333333333,160.0,87.375,2841.0,800.5,125.375,124.60000000000002,2939.2,489.0,126.60000000000036,115.31578947368405,3015.7105263157896,965.9736842105264,141.39473684210498,106.77777777777783,3012.5555555555557,1135.111111111111,136.55555555555566,105.875,3013.5,757.125,152.875,90.57142857142867,2801.8571428571427,979.0,158.28571428571468,46.0,3013.6666666666665,1090.6666666666667,49.0
155,100.57142857142856,3185.5714285714284,226.0,159.85714285714312,108.0,3084.6666666666665,715.6666666666666,149.33333333333348,83.46153846153857,2906.923076923077,1060.923076923077,158.15384615384573,99.0,3063.3333333333335,1396.6666666666667,161.0,89.25,2843.0,798.0,124.25,124.79999999999995,2938.1,494.5,126.80000000000018,115.0,3015.0,970.0,141.0,105.22222222222217,3016.4444444444443,1136.888888888889,136.44444444444434,104.8125,3012.75,760.6875,154.3125,89.71428571428578,2808.5714285714284,978.0,153.85714285714312,46.0,3030.3333333333335,1089.3333333333333,49.0
156,100.85714285714283,3184.8571428571427,226.0,157.28571428571468,112.66666666666663,3085.5555555555557,716.5555555555555,151.77777777777783,83.38461538461547,2918.769230769231,1061.7692307692307,158.4615384615381,98.0,3063.0,1402.0,162.0,91.125,2845.0,795.5,123.125,125.0,2937.0,500.0,127.0,113.46153846153845,3014.769230769231,970.3846153846154,141.69230769230762,103.66666666666652,3020.3333333333335,1138.6666666666667,136.33333333333303,103.75,3012.0,764.25,155.75,88.85714285714289,2815.285714285714,977.0,149.42857142857156,46.0,3047.0,1088.0,49.0
157,101.14285714285717,3184.1428571428573,226.0,154.71428571428532,117.33333333333337,3086.4444444444443,717.4444444444445,154.22222222222217,83.30769230769238,2930.6153846153848,1062.6153846153845,158.7692307692305,103.5,3062.5,1404.25,162.75,93.0,2847.0,793.0,122.0,123.19999999999999,2936.2,502.7,127.30000000000018,111.9230769230769,3014.5384615384614,970.7692307692307,142.3846153846157,102.11111111111131,3024.222222222222,1140.4444444444443,136.22222222222217,102.6875,3011.25,767.8125,157.1875,88.0,2822.0,976.0,145.0,46.0,3065.6,1085.6,49.0
158,101.42857142857144,3183.4285714285716,226.0,152.14285714285688,122.0,3087.3333333333335,718.3333333333334,156.66666666666652,83.23076923076906,2942.4615384615386,1063.4615384615386,159.07692307692287,109.0,3062.0,1406.5,163.5,91.33333333333326,2849.3333333333335,793.3333333333334,120.16666666666652,121.39999999999998,2935.4,505.4,127.59999999999991,110.38461538461524,3014.3076923076924,971.1538461538462,143.07692307692287,100.55555555555566,3028.1111111111113,1142.2222222222222,136.11111111111086,101.625,3010.5,771.375,158.625,87.20000000000005,2828.8,974.0,140.39999999999964,46.0,3084.2,1083.2,49.0
159,101.71428571428572,3182.714285714286,226.0,149.57142857142844,126.66666666666674,3088.222222222222,719.2222222222222,159.1111111111113,83.15384615384619,2954.3076923076924,1064.3076923076924,159.38461538461524,114.5,3061.5,1408.75,164.25,89.66666666666674,2851.6666666666665,793.6666666666666,118.33333333333348,119.60000000000002,2934.6,508.1,127.90000000000009,108.84615384615392,3014.076923076923,971.5384615384615,143.76923076923094,99.0,3032.0,1144.0,136.0,100.5625,3009.75,774.9375,160.0625,86.40000000000009,2835.6,972.0,135.80000000000018,46.0,3102.8,1080.8,49.0
160,102.0,3182.0,226.0,147.0,131.33333333333337,3089.1111111111113,720.1111111111111,161.5555555555552,83.0769230769231,2966.153846153846,1065.1538461538462,159.69230769230762,120.0,3061.0,1411.0,165.0,88.0,2854.0,794.0,116.5,117.80000000000001,2933.8,510.8,128.19999999999982,107.30769230769238,3013.846153846154,971.9230769230769,144.46153846153857,99.75,3033.75,1145.0,135.375,99.5,3009.0,778.5,161.5,85.59999999999991,2842.4,970.0,131.19999999999982,46.0,3121.4,1078.4,49.0
161,101.66666666666666,3182.6666666666665,226.66666666666666,143.5,136.0,3090.0,721.0,164.0,83.0,2978.0,1066.0,160.0,114.85714285714289,3061.1428571428573,1415.857142857143,164.57142857142844,86.33333333333326,2856.3333333333335,794.3333333333334,114.66666666666652,116.0,2933.0,513.5,128.5,105.76923076923083,3013.6153846153848,972.3076923076923,145.1538461538462,100.5,3035.5,1146.0,134.75,98.4375,3008.25,782.0625,162.9375,84.79999999999995,2849.2,968.0,126.60000000000036,46.0,3140.0,1076.0,49.0
162,101.33333333333334,3183.3333333333335,227.33333333333334,140.0,127.16666666666674,3094.3333333333335,737.1666666666666,157.5,83.0,2983.8571428571427,1067.857142857143,160.14285714285734,109.71428571428555,3061.285714285714,1420.7142857142858,164.14285714285734,84.66666666666674,2858.6666666666665,794.6666666666666,112.83333333333348,114.19999999999993,2932.2,516.2,128.80000000000018,104.23076923076917,3013.3846153846152,972.6923076923077,145.8461538461538,101.25,3037.25,1147.0,134.125,97.375,3007.5,785.625,164.375,84.0,2856.0,966.0,122.0,46.0,3154.714285714286,1073.7142857142858,49.0
163,101.0,3184.0,228.0,136.5,118.33333333333326,3098.6666666666665,753.3333333333334,151.0,83.0,2989.714285714286,1069.7142857142858,160.28571428571422,104.57142857142844,3061.4285714285716,1425.5714285714287,163.71428571428578,83.0,2861.0,795.0,111.0,112.39999999999998,2931.4,518.9,129.0999999999999,102.69230769230762,3013.153846153846,973.0769230769231,146.53846153846143,102.0,3039.0,1148.0,133.5,96.3125,3006.75,789.1875,165.8125,84.71428571428578,2858.0714285714284,965.3571428571429,122.5714285714289,46.0,3169.4285714285716,1071.4285714285713,49.0
164,100.66666666666666,3184.6666666666665,228.66666666666666,133.0,109.5,3103.0,769.5,144.5,83.0,2995.5714285714284,1071.5714285714287,160.42857142857156,99.42857142857156,3061.5714285714284,1430.4285714285713,163.28571428571422,80.19999999999993,2860.2,798.2,111.60000000000036,110.60000000000002,2930.6,521.6,129.4000000000001,101.15384615384608,3012.923076923077,973.4615384615385,147.23076923076906,102.75,3040.75,1149.0,132.875,95.25,3006.0,792.75,167.25,85.42857142857144,2860.1428571428573,964.7142857142857,123.14285714285688,46.0,3184.1428571428573,1069.142857142857,49.0
165,100.33333333333334,3185.3333333333335,229.33333333333334,129.5,100.66666666666674,3107.3333333333335,785.6666666666666,138.0,83.0,3001.4285714285716,1073.4285714285713,160.57142857142844,94.28571428571445,3061.714285714286,1435.2857142857142,162.85714285714266,77.39999999999998,2859.4,801.4,112.19999999999982,108.80000000000007,2929.8,524.3,129.69999999999982,99.61538461538476,3012.6923076923076,973.8461538461538,147.92307692307713,103.5,3042.5,1150.0,132.25,94.1875,3005.25,796.3125,168.6875,86.14285714285722,2862.214285714286,964.0714285714286,123.71428571428578,46.0,3198.8571428571427,1066.857142857143,49.0
166,100.0,3186.0,230.0,126.0,91.83333333333326,3111.6666666666665,801.8333333333334,131.5,83.0,3007.285714285714,1075.2857142857142,160.71428571428578,89.14285714285711,3061.8571428571427,1440.142857142857,162.42857142857156,74.60000000000002,2858.6,804.6,112.80000000000018,107.0,2929.0,527.0,130.0,98.0769230769231,3012.4615384615386,974.2307692307693,148.6153846153843,104.25,3044.25,1151.0,131.625,93.125,3004.5,799.875,170.125,86.85714285714278,2864.285714285714,963.4285714285714,124.28571428571422,46.0,3213.5714285714284,1064.5714285714287,49.0
167,100.0,3180.4545454545455,231.8181818181818,127.5454545454545,83.0,3116.0,818.0,125.0,83.0,3013.1428571428573,1077.142857142857,160.85714285714266,84.0,3062.0,1445.0,162.0,71.80000000000007,2857.8,807.8,113.39999999999964,106.57142857142856,2923.8571428571427,530.2857142857143,133.5714285714289,96.53846153846155,3012.230769230769,974.6153846153846,149.30769230769238,105.0,3046.0,1152.0,131.0,92.0625,3003.75,803.4375,171.5625,87.57142857142856,2866.3571428571427,962.7857142857143,124.85714285714312,46.0,3228.285714285714,1062.2857142857142,49.0
168,100.0,3174.909090909091,233.63636363636363,129.090909090909,98.5,3113.5,814.0,127.0,83.0,3019.0,1079.0,161.0,84.5,3061.5,1446.8333333333333,161.33333333333348,69.0,2857.0,811.0,114.0,106.14285714285711,2918.714285714286,533.5714285714286,137.14285714285688,95.0,3012.0,975.0,150.0,103.59999999999991,3046.5,1153.5,131.0,91.0,3003.0,807.0,173.0,88.28571428571422,2868.4285714285716,962.1428571428571,125.4285714285711,46.0,3243.0,1060.0,49.0
169,99.99999999999997,3169.3636363636365,235.45454545454547,130.6363636363635,114.0,3111.0,810.0,129.0,86.375,3024.125,1077.25,165.25,85.0,3061.0,1448.6666666666667,160.66666666666652,71.0,2857.2,814.0,114.40000000000009,105.71428571428567,2913.5714285714284,536.8571428571429,140.71428571428578,96.08333333333326,3012.0,973.0,150.58333333333348,102.20000000000005,3047.0,1155.0,131.0,90.5,3003.5,808.7142857142857,173.28571428571422,89.0,2870.5,961.5,126.0,46.0,3254.0,1058.0,49.0
170,99.99999999999997,3163.818181818182,237.27272727272728,132.18181818181802,114.25,3109.75,822.25,129.25,89.75,3029.25,1075.5,169.5,85.5,3060.5,1450.5,160.0,73.0,2857.4,817.0,114.79999999999973,105.28571428571433,2908.4285714285716,540.1428571428571,144.28571428571422,97.16666666666674,3012.0,971.0,151.16666666666652,100.79999999999995,3047.5,1156.5,131.0,90.0,3004.0,810.4285714285714,173.57142857142844,89.71428571428578,2872.5714285714284,960.8571428571429,126.5714285714289,46.0,3265.0,1056.0,49.0
171,99.99999999999997,3158.2727272727275,239.0909090909091,133.72727272727252,114.5,3108.5,834.5,129.5,93.125,3034.375,1073.75,173.75,86.0,3060.0,1452.3333333333333,159.33333333333348,75.0,2857.6,820.0,115.20000000000027,104.85714285714289,2903.285714285714,543.4285714285714,147.85714285714312,98.25,3012.0,969.0,151.75,99.40000000000009,3048.0,1158.0,131.0,89.5,3004.5,812.1428571428571,173.85714285714266,90.42857142857144,2874.6428571428573,960.2142857142857,127.14285714285688,46.0,3274.0,1054.0,49.0
172,100.00000000000003,3152.7272727272725,240.9090909090909,135.27272727272748,114.75,3107.25,846.75,129.75,96.5,3039.5,1072.0,178.0,86.5,3059.5,1454.1666666666667,158.66666666666652,77.0,2857.8,823.0,115.59999999999991,104.42857142857144,2898.1428571428573,546.7142857142857,151.4285714285711,99.33333333333326,3012.0,967.0,152.33333333333348,98.0,3048.5,1159.5,131.0,89.0,3005.0,813.8571428571429,174.14285714285734,91.14285714285722,2876.714285714286,959.5714285714286,127.71428571428578,46.0,3283.0,1052.0,49.0
173,100.00000000000003,3147.181818181818,242.72727272727272,136.81818181818198,115.0,3106.0,859.0,130.0,99.875,3044.625,1070.25,182.25,87.0,3059.0,1456.0,158.0,79.0,2858.0,826.0,116.0,104.0,2893.0,550.0,155.0,100.41666666666674,3012.0,965.0,152.91666666666652,96.59999999999991,3049.0,1161.0,131.0,88.5,3005.5,815.5714285714286,174.42857142857156,91.85714285714278,2878.785714285714,958.9285714285714,128.28571428571422,46.0,3292.0,1050.0,49.0
174,100.0,3141.6363636363635,244.54545454545456,138.3636363636365,110.25,3107.25,868.0,130.0,103.25,3049.75,1068.5,186.5,87.5,3056.8333333333335,1455.8333333333333,157.33333333333303,80.14285714285722,2858.1428571428573,827.1428571428571,114.85714285714266,103.0,2891.8571428571427,551.4285714285714,152.0,101.5,3012.0,963.0,153.5,95.20000000000005,3049.5,1162.5,131.0,88.0,3006.0,817.2857142857143,174.71428571428578,92.57142857142856,2880.8571428571427,958.2857142857143,128.85714285714312,46.0,3301.0,1048.0,49.0
175,100.0,3136.090909090909,246.36363636363637,139.909090909091,105.5,3108.5,877.0,130.0,106.625,3054.875,1066.75,190.75,88.0,3054.6666666666665,1455.6666666666667,156.66666666666697,81.28571428571422,2858.285714285714,828.2857142857143,113.71428571428578,102.0,2890.714285714286,552.8571428571429,149.0,102.58333333333326,3012.0,961.0,154.08333333333348,93.79999999999995,3050.0,1164.0,131.0,87.5,3006.5,819.0,175.0,93.28571428571422,2882.9285714285716,957.6428571428571,129.4285714285711,46.0,3310.0,1046.0,49.0
176,100.0,3130.5454545454545,248.1818181818182,141.4545454545455,100.75,3109.75,886.0,130.0,110.0,3060.0,1065.0,195.0,88.5,3052.5,1455.5,156.0,82.42857142857144,2858.4285714285716,829.4285714285714,112.57142857142844,101.0,2889.5714285714284,554.2857142857143,146.0,103.66666666666674,3012.0,959.0,154.66666666666652,92.40000000000009,3050.5,1165.5,131.0,87.0,3007.0,820.7142857142857,175.28571428571422,94.0,2885.0,957.0,130.0,46.0,3318.4,1047.6,49.0
177,100.0,3125.0,250.0,143.0,96.0,3111.0,895.0,130.0,113.44444444444457,3069.8888888888887,1067.3333333333333,188.66666666666697,89.0,3050.3333333333335,1455.3333333333333,155.33333333333303,83.57142857142856,2858.5714285714284,830.5714285714286,111.42857142857156,100.0,2888.4285714285716,555.7142857142857,143.0,104.75,3012.0,957.0,155.25,91.0,3051.0,1167.0,131.0,86.5,3007.5,822.4285714285714,175.57142857142844,93.00000000000011,2888.0,955.6666666666666,129.33333333333348,46.0,3326.8,1049.2,49.0
178,98.71428571428572,3125.0,251.0,139.57142857142844,98.33333333333337,3112.0,901.0,130.66666666666652,116.88888888888891,3079.777777777778,1069.6666666666667,182.33333333333348,89.5,3048.1666666666665,1455.1666666666667,154.66666666666697,84.71428571428578,2858.714285714286,831.7142857142857,110.28571428571422,99.0,2887.285714285714,557.1428571428571,140.0,105.83333333333326,3012.0,955.0,155.83333333333348,92.5,3049.75,1166.5833333333333,131.58333333333348,86.0,3008.0,824.1428571428571,175.85714285714266,91.99999999999989,2891.0,954.3333333333334,128.66666666666652,46.0,3335.2,1050.8,49.0
179,97.42857142857144,3125.0,252.0,136.14285714285734,100.66666666666663,3113.0,907.0,131.33333333333348,120.33333333333326,3089.6666666666665,1072.0,176.0,90.0,3046.0,1455.0,154.0,85.85714285714278,2858.8571428571427,832.8571428571429,109.14285714285734,98.0,2886.1428571428573,558.5714285714286,137.0,106.91666666666674,3012.0,953.0,156.41666666666652,94.0,3048.5,1166.1666666666667,132.16666666666652,85.5,3008.5,825.8571428571429,176.14285714285734,91.0,2894.0,953.0,128.0,46.0,3343.6,1052.4,49.0
180,96.14285714285717,3125.0,253.0,132.71428571428578,103.0,3114.0,913.0,132.0,123.77777777777783,3099.5555555555557,1074.3333333333333,169.66666666666652,90.33333333333326,3043.5,1451.1666666666667,153.5,87.0,2859.0,834.0,108.0,97.0,2885.0,560.0,134.0,108.0,3012.0,951.0,157.0,95.5,3047.25,1165.75,132.75,85.0,3009.0,827.5714285714286,176.42857142857156,90.00000000000011,2897.0,951.6666666666666,127.33333333333348,46.0,3352.0,1054.0,49.0
181,94.85714285714283,3125.0,254.0,129.28571428571422,105.33333333333326,3115.0,919.0,132.66666666666652,127.22222222222217,3109.4444444444443,1076.6666666666667,163.33333333333348,90.66666666666674,3041.0,1447.3333333333333,153.0,81.80000000000007,2858.0,838.8,108.40000000000009,97.0,2881.0416666666665,562.2083333333334,134.41666666666697,109.4545454545455,3012.909090909091,951.5454545454545,157.6363636363635,97.0,3046.0,1165.3333333333333,133.33333333333348,84.5,3009.5,829.2857142857143,176.71428571428578,88.99999999999989,2900.0,950.3333333333334,126.66666666666652,46.0,3347.6,1055.0,49.0
182,93.57142857142856,3125.0,255.0,125.85714285714266,107.66666666666674,3116.0,925.0,133.33333333333348,130.66666666666674,3119.3333333333335,1079.0,157.0,91.0,3038.5,1443.5,152.5,76.60000000000002,2857.0,843.6,108.80000000000018,97.0,2877.0833333333335,564.4166666666666,134.83333333333303,110.90909090909088,3013.818181818182,952.0909090909091,158.27272727272702,98.5,3044.75,1164.9166666666667,133.91666666666652,84.0,3010.0,831.0,177.0,88.0,2903.0,949.0,126.0,46.0,3343.2,1056.0,49.0
183,92.28571428571428,3125.0,256.0,122.42857142857156,110.0,3117.0,931.0,134.0,134.1111111111111,3129.222222222222,1081.3333333333333,150.66666666666652,91.33333333333326,3036.0,1439.6666666666667,152.0,71.39999999999998,2856.0,848.4,109.19999999999982,97.0,2873.125,566.625,135.25,112.36363636363637,3014.7272727272725,952.6363636363636,158.909090909091,100.0,3043.5,1164.5,134.5,84.58823529411768,3010.235294117647,830.0,176.35294117647072,87.00000000000011,2906.0,947.6666666666666,125.33333333333348,46.0,3338.8,1057.0,49.0
184,91.0,3125.0,257.0,119.0,116.25,3113.0,931.0,145.0,137.55555555555543,3139.1111111111113,1083.6666666666667,144.33333333333303,91.66666666666674,3033.5,1435.8333333333333,151.5,66.19999999999993,2855.0,853.2,109.59999999999991,97.0,2869.1666666666665,568.8333333333334,135.66666666666697,113.81818181818187,3015.6363636363635,953.1818181818181,159.5454545454545,101.5,3042.25,1164.0833333333333,135.08333333333348,85.17647058823525,3010.470588235294,829.0,175.705882352941,85.99999999999989,2909.0,946.3333333333334,124.66666666666652,46.0,3334.4,1058.0,49.0
185,92.5,3114.8333333333335,258.0,123.0,122.5,3109.0,931.0,156.0,141.0,3149.0,1086.0,138.0,92.0,3031.0,1432.0,151.0,61.0,2854.0,858.0,110.0,97.0,2865.2083333333335,571.0416666666666,136.08333333333303,115.27272727272725,3016.5454545454545,953.7272727272727,160.18181818181802,103.0,3041.0,1163.6666666666667,135.66666666666652,85.76470588235293,3010.705882352941,828.0,175.05882352941217,85.0,2912.0,945.0,124.0,46.0,3330.0,1059.0,49.0
186,94.0,3104.6666666666665,259.0,127.0,128.75,3105.0,931.0,167.0,135.0,3156.5,1099.5,138.0,91.5454545454545,3030.2727272727275,1430.1818181818182,148.090909090909,63.714285714285666,2848.5714285714284,860.2857142857143,113.14285714285734,97.0,2861.25,573.25,136.5,116.72727272727275,3017.4545454545455,954.2727272727273,160.81818181818198,104.5,3039.75,1163.25,136.25,86.35294117647061,3010.9411764705883,827.0,174.41176470588243,87.55555555555543,2907.4444444444443,944.7777777777778,126.0,46.0,3320.8,1060.6,49.0
187,95.5,3094.5,260.0,131.0,135.0,3101.0,931.0,178.0,129.0,3164.0,1113.0,138.0,91.09090909090924,3029.5454545454545,1428.3636363636363,145.18181818181802,66.42857142857144,2843.1428571428573,862.5714285714286,116.28571428571422,97.0,2857.2916666666665,575.4583333333334,136.91666666666697,118.18181818181813,3018.3636363636365,954.8181818181819,161.4545454545455,106.0,3038.5,1162.8333333333333,136.83333333333348,86.94117647058829,3011.176470588235,826.0,173.76470588235316,90.1111111111112,2902.8888888888887,944.5555555555555,128.0,46.0,3311.6,1062.2,49.0
188,97.0,3084.3333333333335,261.0,135.0,134.60000000000014,3100.6,937.8,178.20000000000027,122.83333333333326,3165.6666666666665,1118.0,138.0,90.63636363636374,3028.818181818182,1426.5454545454545,142.27272727272702,69.14285714285711,2837.714285714286,864.8571428571429,119.42857142857156,97.0,2853.3333333333335,577.6666666666666,137.33333333333303,119.63636363636363,3019.2727272727275,955.3636363636364,162.090909090909,107.5,3037.25,1162.4166666666667,137.41666666666652,87.52941176470586,3011.4117647058824,825.0,173.11764705882342,92.66666666666663,2898.3333333333335,944.3333333333334,130.0,46.0,3302.4,1063.8,49.0
189,98.5,3074.1666666666665,262.0,139.0,134.19999999999993,3100.2,944.6,178.4000000000001,116.66666666666674,3167.3333333333335,1123.0,138.0,90.18181818181824,3028.090909090909,1424.7272727272727,139.3636363636365,71.85714285714289,2832.285714285714,867.1428571428571,122.57142857142844,97.0,2849.375,579.875,137.75,121.09090909090912,3020.181818181818,955.9090909090909,162.72727272727298,109.0,3036.0,1162.0,138.0,88.11764705882354,3011.6470588235293,824.0,172.47058823529414,95.22222222222217,2893.777777777778,944.1111111111111,132.0,46.0,3293.2,1065.4,49.0
190,100.0,3064.0,263.0,143.0,133.80000000000007,3099.8,951.4,178.5999999999999,110.5,3169.0,1128.0,138.0,89.72727272727275,3027.3636363636365,1422.909090909091,136.4545454545455,74.57142857142856,2826.8571428571427,869.4285714285714,125.71428571428578,97.0,2845.4166666666665,582.0833333333334,138.16666666666697,122.5454545454545,3021.090909090909,956.4545454545455,163.3636363636365,108.08333333333326,3035.0833333333335,1160.75,142.58333333333303,88.70588235294122,3011.8823529411766,823.0,171.8235294117644,97.77777777777783,2889.222222222222,943.8888888888889,134.0,46.0,3284.0,1067.0,49.0
191,98.5,3063.25,264.625,139.875,133.39999999999986,3099.4,958.2,178.79999999999973,104.33333333333326,3170.6666666666665,1133.0,138.0,89.27272727272725,3026.6363636363635,1421.090909090909,133.5454545454545,77.28571428571433,2821.4285714285716,871.7142857142857,128.85714285714266,97.0,2841.4583333333335,584.2916666666666,138.58333333333303,124.0,3022.0,957.0,164.0,107.16666666666674,3034.1666666666665,1159.5,147.16666666666697,89.29411764705878,3012.1176470588234,822.0,171.1764705882356,100.33333333333337,2884.6666666666665,943.6666666666666,136.0,46.0,3271.6,1068.6,49.0
192,97.0,3062.5,266.25,136.75,133.0,3099.0,965.0,179.0,98.16666666666674,3172.3333333333335,1138.0,138.0,88.81818181818176,3025.909090909091,1419.2727272727273,130.6363636363635,80.0,2816.0,874.0,132.0,97.0,2837.5,586.5,139.0,125.33333333333337,3024.1666666666665,958.6666666666666,164.66666666666697,106.25,3033.25,1158.25,151.75,89.88235294117646,3012.3529411764707,821.0,170.52941176470586,102.8888888888888,2880.1111111111113,943.4444444444445,138.0,46.0,3259.2,1070.2,49.0
193,95.5,3061.75,267.875,133.625,130.0,3098.6,972.0,174.5999999999999,92.0,3174.0,1143.0,138.0,88.36363636363626,3025.181818181818,1417.4545454545455,127.72727272727298,77.71428571428578,2815.4285714285716,876.7142857142857,129.71428571428578,97.0,2833.5416666666665,588.7083333333334,139.41666666666697,126.66666666666663,3026.3333333333335,960.3333333333334,165.33333333333303,105.33333333333326,3032.3333333333335,1157.0,156.33333333333303,90.47058823529414,3012.5882352941176,820.0,169.88235294117658,105.44444444444457,2875.5555555555557,943.2222222222222,140.0,46.0,3246.8,1071.8,49.0
194,94.0,3061.0,269.5,130.5,127.0,3098.2,979.0,170.20000000000027,91.66666666666674,3174.3333333333335,1140.3333333333333,139.83333333333303,87.90909090909076,3024.4545454545455,1415.6363636363637,124.81818181818198,75.42857142857144,2814.8571428571427,879.4285714285714,127.42857142857156,97.0,2829.5833333333335,590.9166666666666,139.83333333333303,128.0,3028.5,962.0,166.0,104.41666666666674,3031.4166666666665,1155.75,160.91666666666697,91.05882352941171,3012.823529411765,819.0,169.23529411764684,108.0,2871.0,943.0,142.0,46.0,3234.4,1073.4,49.0
195,92.5,3060.25,271.125,127.375,124.0,3097.8,986.0,165.79999999999973,91.33333333333326,3174.6666666666665,1137.6666666666667,141.66666666666697,87.4545454545455,3023.7272727272725,1413.8181818181818,121.90909090909099,73.14285714285722,2814.285714285714,882.1428571428571,125.14285714285734,97.0,2825.625,593.125,140.25,129.33333333333337,3030.6666666666665,963.6666666666666,166.66666666666697,103.5,3030.5,1154.5,165.5,91.64705882352939,3013.0588235294117,818.0,168.58823529411757,105.83333333333337,2870.8333333333335,945.1666666666666,141.08333333333303,46.0,3222.0,1075.0,49.0
196,91.0,3059.5,272.75,124.25,121.0,3097.4,993.0,161.4000000000001,91.0,3175.0,1135.0,143.5,87.0,3023.0,1412.0,119.0,70.85714285714278,2813.714285714286,884.8571428571429,122.85714285714266,97.0,2821.6666666666665,595.3333333333334,140.66666666666697,130.66666666666663,3032.8333333333335,965.3333333333334,167.33333333333303,102.58333333333326,3029.5833333333335,1153.25,170.08333333333303,92.23529411764707,3013.294117647059,817.0,167.94117647058783,103.66666666666663,2870.6666666666665,947.3333333333334,140.16666666666697,46.0,3218.625,1078.25,49.0
197,89.5,3058.75,274.375,121.125,118.0,3097.0,1000.0,157.0,90.66666666666674,3175.3333333333335,1132.3333333333333,145.33333333333303,92.66666666666652,3013.6666666666665,1404.6666666666667,125.66666666666697,68.57142857142856,2813.1428571428573,887.5714285714286,120.57142857142844,97.0,2817.7083333333335,597.5416666666666,141.08333333333303,132.0,3035.0,967.0,168.0,101.66666666666674,3028.6666666666665,1152.0,174.66666666666697,92.82352941176475,3013.529411764706,816.0,167.294117647059,101.5,2870.5,949.5,139.25,46.0,3215.25,1081.5,49.0
198,88.0,3058.0,276.0,118.0,118.71428571428567,3094.8571428571427,1003.2857142857143,156.42857142857156,90.33333333333326,3175.6666666666665,1129.6666666666667,147.16666666666697,98.33333333333348,3004.3333333333335,1397.3333333333333,132.33333333333303,66.28571428571422,2812.5714285714284,890.2857142857143,118.28571428571422,97.0,2813.75,599.75,141.5,133.5,3037.5,973.5,168.75,100.75,3027.75,1150.75,179.25,93.41176470588232,3013.764705882353,815.0,166.64705882352928,99.33333333333337,2870.3333333333335,951.6666666666666,138.33333333333303,46.0,3211.875,1084.75,49.0
199,88.25,3053.1666666666665,278.75,118.25,119.42857142857144,3092.714285714286,1006.5714285714286,155.85714285714266,90.0,3176.0,1127.0,149.0,104.0,2995.0,1390.0,139.0,64.0,2812.0,893.0,116.0,97.0,2809.7916666666665,601.9583333333334,141.91666666666697,135.0,3040.0,980.0,169.5,99.83333333333326,3026.8333333333335,1149.5,183.83333333333303,94.0,3014.0,814.0,166.0,97.16666666666663,2870.1666666666665,953.8333333333334,137.41666666666697,46.0,3208.5,1088.0,49.0
200,88.5,3048.3333333333335,281.5,118.5,120.14285714285711,3090.5714285714284,1009.8571428571429,155.28571428571422,89.15384615384619,3174.846153846154,1127.8461538461538,150.46153846153857,102.16666666666674,2992.5,1389.5,139.0,68.40000000000009,2811.4,895.8,114.40000000000009,97.0,2805.8333333333335,604.1666666666666,142.33333333333303,136.5,3042.5,986.5,170.25,98.91666666666674,3025.9166666666665,1148.25,188.41666666666697,95.125,3013.75,811.0,165.25,95.0,2870.0,956.0,136.5,46.0,3205.125,1091.25,49.0
201,88.75,3043.5,284.25,118.75,120.85714285714289,3088.4285714285716,1013.1428571428571,154.71428571428578,88.30769230769238,3173.6923076923076,1128.6923076923076,151.92307692307713,100.33333333333326,2990.0,1389.0,139.0,72.79999999999995,2810.8,898.6,112.79999999999973,97.0,2801.875,606.375,142.75,138.0,3045.0,993.0,171.0,98.0,3025.0,1147.0,193.0,96.25,3013.5,808.0,164.5,92.83333333333337,2869.8333333333335,958.1666666666666,135.58333333333303,46.0,3201.75,1094.5,49.0
202,89.0,3038.6666666666665,287.0,119.0,121.57142857142856,3086.285714285714,1016.4285714285714,154.14285714285734,87.46153846153857,3172.5384615384614,1129.5384615384614,153.3846153846157,98.5,2987.5,1388.5,139.0,77.20000000000005,2810.2,901.4,111.20000000000027,97.0,2797.9166666666665,608.5833333333334,143.16666666666697,139.5,3047.5,999.5,171.75,98.20000000000005,3024.733333333333,1147.2,190.4666666666667,97.375,3013.25,805.0,163.75,90.66666666666663,2869.6666666666665,960.3333333333334,134.66666666666697,46.0,3198.375,1097.75,49.0
203,89.25,3033.8333333333335,289.75,119.25,122.28571428571433,3084.1428571428573,1019.7142857142857,153.57142857142844,86.61538461538453,3171.3846153846152,1130.3846153846155,154.8461538461538,96.66666666666674,2985.0,1388.0,139.0,81.59999999999991,2809.6,904.2,109.59999999999991,97.0,2793.9583333333335,610.7916666666666,143.58333333333303,141.0,3050.0,1006.0,172.5,98.39999999999986,3024.4666666666667,1147.4,187.9333333333334,98.5,3013.0,802.0,163.0,88.5,2869.5,962.5,133.75,46.0,3195.0,1101.0,49.0
204,89.5,3029.0,292.5,119.5,123.0,3082.0,1023.0,153.0,85.76923076923072,3170.230769230769,1131.2307692307693,156.30769230769238,94.83333333333326,2982.5,1387.5,139.0,86.0,2809.0,907.0,108.0,97.0,2790.0,613.0,144.0,142.5,3052.5,1012.5,173.25,98.60000000000014,3024.2,1147.6,185.4000000000001,99.625,3012.75,799.0,162.25,86.33333333333337,2869.3333333333335,964.6666666666666,132.83333333333303,46.0,3192.0,1103.25,49.0
205,89.75,3024.1666666666665,295.25,119.75,119.20000000000005,3079.8,1030.8,153.0,84.9230769230769,3169.076923076923,1132.076923076923,157.76923076923094,93.0,2980.0,1387.0,139.0,92.75,2803.5,907.0,111.25,97.0,2788.684210526316,615.2105263157895,143.47368421052624,144.0,3055.0,1019.0,174.0,98.79999999999995,3023.9333333333334,1147.8,182.8666666666668,100.75,3012.5,796.0,161.5,84.16666666666663,2869.1666666666665,966.8333333333334,131.91666666666697,46.0,3189.0,1105.5,49.0
206,90.0,3019.3333333333335,298.0,120.0,115.40000000000009,3077.6,1038.6,153.0,84.0769230769231,3167.923076923077,1132.923076923077,159.23076923076906,92.625,2973.375,1386.375,142.875,99.5,2798.0,907.0,114.5,97.0,2787.3684210526317,617.421052631579,142.9473684210525,141.15384615384608,3054.230769230769,1021.6923076923077,178.8461538461538,99.0,3023.6666666666665,1148.0,180.33333333333348,101.875,3012.25,793.0,160.75,82.0,2869.0,969.0,131.0,46.0,3186.0,1107.75,49.0
207,90.25,3014.5,300.75,120.25,111.59999999999991,3075.4,1046.4,153.0,83.23076923076928,3166.769230769231,1133.7692307692307,160.69230769230762,92.25,2966.75,1385.75,146.75,106.25,2792.5,907.0,117.75,97.0,2786.0526315789475,619.6315789473684,142.42105263157873,138.30769230769215,3053.4615384615386,1024.3846153846155,183.69230769230762,99.20000000000005,3023.4,1148.2,177.79999999999973,103.0,3012.0,790.0,160.0,81.9375,2869.0,968.875,131.9375,46.0,3183.0,1110.0,49.0
208,90.5,3009.6666666666665,303.5,120.5,107.79999999999995,3073.2,1054.2,153.0,82.38461538461547,3165.6153846153848,1134.6153846153845,162.1538461538462,91.875,2960.125,1385.125,150.625,113.0,2787.0,907.0,121.0,97.0,2784.7368421052633,621.8421052631579,141.89473684210498,135.46153846153834,3052.6923076923076,1027.076923076923,188.53846153846143,99.39999999999986,3023.133333333333,1148.4,175.26666666666688,104.10000000000002,3013.15,790.35,159.29999999999973,81.875,2869.0,968.75,132.875,46.0,3180.0,1112.25,49.0
209,90.75,3004.8333333333335,306.25,120.75,104.0,3071.0,1062.0,153.0,81.53846153846143,3164.4615384615386,1135.4615384615386,163.6153846153843,91.5,2953.5,1384.5,154.5,107.11111111111109,2784.0,913.7777777777778,120.88888888888869,97.0,2783.4210526315787,624.0526315789474,141.36842105263167,132.61538461538476,3051.923076923077,1029.7692307692307,193.38461538461524,99.60000000000014,3022.866666666667,1148.6,172.73333333333312,105.19999999999993,3014.3,790.7,158.5999999999999,81.8125,2869.0,968.625,133.8125,46.0,3177.0,1114.5,49.0
210,91.0,3000.0,309.0,121.0,107.66666666666674,3073.0,1062.3333333333333,152.8888888888887,80.69230769230762,3163.3076923076924,1136.3076923076924,165.07692307692287,91.125,2946.875,1383.875,158.375,101.22222222222229,2781.0,920.5555555555555,120.77777777777783,97.0,2782.1052631578946,626.2631578947369,140.84210526315792,129.76923076923072,3051.153846153846,1032.4615384615386,198.23076923076906,99.79999999999995,3022.6,1148.8,170.20000000000027,106.30000000000007,3015.45,791.05,157.9000000000001,81.75,2869.0,968.5,134.75,46.0,3174.0,1116.75,49.0
211,91.38461538461542,2995.230769230769,310.6923076923077,122.0,111.33333333333326,3075.0,1062.6666666666667,152.77777777777783,79.84615384615381,3162.153846153846,1137.1538461538462,166.53846153846143,90.75,2940.25,1383.25,162.25,95.33333333333326,2778.0,927.3333333333334,120.66666666666652,97.0,2780.7894736842104,628.4736842105264,140.31578947368416,126.9230769230769,3050.3846153846152,1035.1538461538462,203.07692307692332,100.0,3022.3333333333335,1149.0,167.66666666666652,107.39999999999998,3016.6,791.4,157.20000000000027,81.6875,2869.0,968.375,135.6875,46.0,3171.0,1119.0,49.0
212,91.76923076923077,2990.4615384615386,312.38461538461536,123.0,115.0,3077.0,1063.0,152.66666666666652,79.0,3161.0,1138.0,168.0,90.375,2933.625,1382.625,166.125,89.44444444444446,2775.0,934.1111111111111,120.55555555555566,97.0,2779.4736842105262,630.6842105263158,139.7894736842104,124.0769230769231,3049.6153846153848,1037.8461538461538,207.92307692307668,100.20000000000005,3022.0666666666666,1149.2,165.1333333333332,108.5,3017.75,791.75,156.5,81.625,2869.0,968.25,136.625,46.0,3168.0,1121.25,49.0
213,92.15384615384613,2985.6923076923076,314.0769230769231,124.0,118.66666666666674,3079.0,1063.3333333333333,152.55555555555566,81.33333333333348,3165.6666666666665,1137.4444444444443,165.22222222222217,90.0,2927.0,1382.0,170.0,83.55555555555543,2772.0,940.8888888888889,120.44444444444434,97.0,2778.157894736842,632.8947368421053,139.26315789473665,121.23076923076928,3048.846153846154,1040.5384615384614,212.76923076923094,100.39999999999986,3021.8,1149.4,162.5999999999999,109.60000000000002,3018.9,792.1,155.79999999999973,81.5625,2869.0,968.125,137.5625,46.0,3165.0,1123.5,49.0
214,92.53846153846155,2980.923076923077,315.7692307692308,125.0,122.33333333333326,3081.0,1063.6666666666667,152.44444444444434,83.66666666666674,3170.3333333333335,1136.888888888889,162.44444444444434,90.20000000000005,2926.8,1382.6,168.0,77.66666666666663,2769.0,947.6666666666666,120.33333333333348,97.0,2776.842105263158,635.1052631578947,138.73684210526335,118.38461538461524,3048.076923076923,1043.2307692307693,217.61538461538476,100.60000000000014,3021.5333333333333,1149.6,160.0666666666666,110.69999999999993,3020.05,792.45,155.0999999999999,81.5,2869.0,968.0,138.5,46.0,3162.0,1125.75,49.0
215,92.9230769230769,2976.153846153846,317.46153846153845,126.0,126.0,3083.0,1064.0,152.33333333333348,86.0,3175.0,1136.3333333333333,159.66666666666652,90.39999999999986,2926.6,1383.2,166.0,71.77777777777771,2766.0,954.4444444444445,120.22222222222217,97.0,2775.5263157894738,637.3157894736842,138.2105263157896,115.53846153846166,3047.3076923076924,1045.923076923077,222.46153846153857,100.79999999999995,3021.266666666667,1149.8,157.5333333333333,111.80000000000007,3021.2,792.8,154.4000000000001,81.4375,2869.0,967.875,139.4375,46.0,3159.0,1128.0,49.0
216,93.30769230769232,2971.3846153846152,319.15384615384613,127.0,129.66666666666674,3085.0,1064.3333333333333,152.22222222222217,88.33333333333326,3179.6666666666665,1135.7777777777778,156.88888888888914,90.60000000000014,2926.4,1383.8,164.0,65.88888888888891,2763.0,961.2222222222222,120.11111111111131,97.0,2774.2105263157896,639.5263157894736,137.68421052631584,112.69230769230785,3046.5384615384614,1048.6153846153845,227.30769230769238,101.0,3021.0,1150.0,155.0,112.89999999999998,3022.35,793.15,153.70000000000027,81.375,2869.0,967.75,140.375,46.0,3157.285714285714,1131.5714285714287,49.0
217,93.69230769230768,2966.6153846153848,320.84615384615387,128.0,133.33333333333326,3087.0,1064.6666666666667,152.1111111111113,90.66666666666674,3184.3333333333335,1135.2222222222222,154.11111111111086,90.79999999999995,2926.2,1384.4,162.0,60.0,2760.0,968.0,120.0,97.0,2772.8947368421054,641.7368421052631,137.15789473684208,109.84615384615381,3045.769230769231,1051.3076923076924,232.1538461538462,100.73333333333335,3021.3333333333335,1152.2,156.39999999999964,114.0,3023.5,793.5,153.0,81.3125,2869.0,967.625,141.3125,46.0,3155.5714285714284,1135.142857142857,49.0
218,94.0769230769231,2961.846153846154,322.53846153846155,129.0,137.0,3089.0,1065.0,152.0,93.0,3189.0,1134.6666666666667,151.33333333333348,91.0,2926.0,1385.0,160.0,63.33333333333337,2756.0,970.5555555555555,120.55555555555566,97.0,2771.5789473684213,643.9473684210526,136.63157894736833,107.0,3045.0,1054.0,237.0,100.46666666666647,3021.6666666666665,1154.4,157.80000000000018,115.10000000000002,3024.65,793.85,152.29999999999973,81.25,2869.0,967.5,142.25,46.0,3153.8571428571427,1138.7142857142858,49.0
219,94.46153846153845,2957.076923076923,324.2307692307692,130.0,139.14285714285734,3088.714285714286,1065.4285714285713,155.71428571428578,95.33333333333326,3193.6666666666665,1134.111111111111,148.55555555555566,91.25,2925.0,1388.0,157.75,66.66666666666674,2752.0,973.1111111111111,121.11111111111131,97.0,2770.2631578947367,646.1578947368421,136.10526315789502,109.7777777777776,3048.1111111111113,1054.5555555555557,234.11111111111086,100.20000000000005,3022.0,1156.6,159.19999999999982,116.19999999999993,3025.8,794.2,151.5999999999999,81.1875,2869.0,967.375,143.1875,46.0,3152.1428571428573,1142.2857142857142,49.0
220,94.84615384615387,2952.3076923076924,325.9230769230769,131.0,141.28571428571422,3088.4285714285716,1065.857142857143,159.4285714285711,97.66666666666652,3198.3333333333335,1133.5555555555557,145.77777777777783,91.5,2924.0,1391.0,155.5,70.00000000000011,2748.0,975.6666666666666,121.66666666666652,97.0,2768.9473684210525,648.3684210526316,135.57894736842127,112.55555555555566,3051.222222222222,1055.111111111111,231.22222222222217,99.9333333333334,3022.3333333333335,1158.8,160.5999999999999,117.30000000000007,3026.95,794.55,150.9000000000001,81.125,2869.0,967.25,144.125,46.0,3150.4285714285716,1145.857142857143,49.0
221,95.23076923076923,2947.5384615384614,327.61538461538464,132.0,143.42857142857156,3088.1428571428573,1066.2857142857142,163.14285714285688,100.0,3203.0,1133.0,143.0,91.75,2923.0,1394.0,153.25,73.33333333333348,2744.0,978.2222222222222,122.22222222222217,97.0,2767.6315789473683,650.578947368421,135.0526315789475,115.33333333333326,3054.3333333333335,1055.6666666666667,228.33333333333303,99.66666666666674,3022.6666666666665,1161.0,162.0,118.39999999999998,3028.1,794.9,150.20000000000027,81.0625,2869.0,967.125,145.0625,46.0,3148.714285714286,1149.4285714285713,49.0
222,95.61538461538458,2942.769230769231,329.3076923076923,133.0,145.57142857142844,3087.8571428571427,1066.7142857142858,166.85714285714312,100.66666666666674,3204.8333333333335,1136.0,142.25,92.0,2922.0,1397.0,151.0,76.66666666666652,2740.0,980.7777777777778,122.77777777777783,97.0,2766.315789473684,652.7894736842105,134.52631578947376,118.11111111111109,3057.4444444444443,1056.2222222222222,225.44444444444434,99.39999999999986,3023.0,1163.2,163.4000000000001,119.5,3029.25,795.25,149.5,81.0,2869.0,967.0,146.0,46.0,3147.0,1153.0,49.0
223,96.0,2938.0,331.0,134.0,147.71428571428578,3087.5714285714284,1067.142857142857,170.5714285714289,101.33333333333326,3206.6666666666665,1139.0,141.5,93.33333333333348,2919.25,1397.5833333333333,151.33333333333348,79.99999999999989,2736.0,983.3333333333334,123.33333333333348,97.0,2765.0,655.0,134.0,120.88888888888891,3060.5555555555557,1056.7777777777778,222.55555555555566,99.13333333333321,3023.3333333333335,1165.4,164.79999999999973,120.60000000000002,3030.4,795.6,148.79999999999973,82.08333333333337,2873.0833333333335,965.8333333333334,145.91666666666652,46.0,3151.8,1152.4,49.0
224,97.58333333333337,2935.8333333333335,332.8333333333333,134.16666666666652,149.85714285714266,3087.285714285714,1067.5714285714287,174.28571428571422,102.0,3208.5,1142.0,140.75,94.66666666666652,2916.5,1398.1666666666667,151.66666666666652,83.33333333333326,2732.0,985.8888888888889,123.88888888888869,96.28571428571422,2764.214285714286,655.2857142857143,133.07142857142844,123.66666666666674,3063.6666666666665,1057.3333333333333,219.66666666666697,98.86666666666679,3023.6666666666665,1167.6,166.20000000000027,121.69999999999993,3031.55,795.95,148.0999999999999,83.16666666666663,2877.1666666666665,964.6666666666666,145.83333333333348,46.0,3156.6,1151.8,49.0
225,99.16666666666663,2933.6666666666665,334.6666666666667,134.33333333333348,152.0,3087.0,1068.0,178.0,102.66666666666674,3210.3333333333335,1145.0,140.0,96.0,2913.75,1398.75,152.0,86.66666666666663,2728.0,988.4444444444445,124.44444444444434,95.57142857142856,2763.4285714285716,655.5714285714286,132.14285714285688,126.44444444444434,3066.777777777778,1057.888888888889,216.77777777777783,98.60000000000014,3024.0,1169.8,167.5999999999999,122.80000000000007,3032.7,796.3,147.4000000000001,84.25,2881.25,963.5,145.75,46.0,3161.4,1151.2,49.0
226,100.75,2931.5,336.5,134.5,149.25,3089.625,1069.875,180.75,103.33333333333326,3212.1666666666665,1148.0,139.25,97.33333333333348,2911.0,1399.3333333333333,152.33333333333348,90.0,2724.0,991.0,125.0,94.85714285714278,2762.6428571428573,655.8571428571429,131.21428571428532,129.2222222222224,3069.8888888888887,1058.4444444444443,213.88888888888914,98.33333333333326,3024.3333333333335,1172.0,169.0,123.89999999999998,3033.85,796.65,146.70000000000027,85.33333333333337,2885.3333333333335,962.3333333333334,145.66666666666652,46.0,3166.2,1150.6,49.0
227,102.33333333333337,2929.3333333333335,338.3333333333333,134.66666666666652,146.5,3092.25,1071.75,183.5,104.0,3214.0,1151.0,138.5,98.66666666666652,2908.25,1399.9166666666667,152.66666666666652,92.25,2722.375,997.125,123.375,94.14285714285722,2761.8571428571427,656.1428571428571,130.28571428571468,132.0,3073.0,1059.0,211.0,98.0666666666666,3024.6666666666665,1174.2,170.4000000000001,125.0,3035.0,797.0,146.0,86.41666666666663,2889.4166666666665,961.1666666666666,145.58333333333348,46.0,3171.0,1150.0,49.0
228,103.91666666666663,2927.1666666666665,340.1666666666667,134.83333333333348,143.75,3094.875,1073.625,186.25,104.66666666666674,3215.8333333333335,1154.0,137.75,100.0,2905.5,1400.5,153.0,94.5,2720.75,1003.25,121.75,93.42857142857144,2761.0714285714284,656.4285714285714,129.35714285714312,129.19999999999982,3073.3,1059.9,215.79999999999973,97.79999999999995,3025.0,1176.4,171.80000000000018,123.64285714285711,3036.0714285714284,798.8571428571429,146.14285714285734,87.5,2893.5,960.0,145.5,46.0,3174.0,1141.5,49.0
229,105.5,2925.0,342.0,135.0,141.0,3097.5,1075.5,189.0,105.33333333333326,3217.6666666666665,1157.0,137.0,101.33333333333348,2902.75,1401.0833333333333,153.33333333333348,96.75,2719.125,1009.375,120.125,92.71428571428578,2760.285714285714,656.7142857142857,128.42857142857156,126.40000000000009,3073.6,1060.8,220.5999999999999,97.53333333333353,3025.3333333333335,1178.6,173.19999999999982,122.28571428571433,3037.1428571428573,800.7142857142857,146.28571428571422,88.58333333333337,2897.5833333333335,958.8333333333334,145.41666666666652,46.0,3177.0,1133.0,49.0
230,107.08333333333337,2922.8333333333335,343.8333333333333,135.16666666666652,138.25,3100.125,1077.375,191.75,106.0,3219.5,1160.0,136.25,102.66666666666652,2900.0,1401.6666666666667,153.66666666666652,99.0,2717.5,1015.5,118.5,92.0,2759.5,657.0,127.5,123.59999999999991,3073.9,1061.7,225.4000000000001,97.26666666666665,3025.6666666666665,1180.8,174.60000000000036,120.92857142857144,3038.214285714286,802.5714285714286,146.42857142857156,89.66666666666663,2901.6666666666665,957.6666666666666,145.33333333333348,46.0,3180.0,1124.5,49.0
231,108.66666666666663,2920.6666666666665,345.6666666666667,135.33333333333348,135.5,3102.75,1079.25,194.5,106.66666666666674,3221.3333333333335,1163.0,135.5,104.0,2897.25,1402.25,154.0,101.25,2715.875,1021.625,116.875,91.28571428571422,2758.714285714286,657.2857142857143,126.57142857142844,120.80000000000018,3074.2,1062.6,230.20000000000027,97.0,3026.0,1183.0,176.0,119.57142857142856,3039.285714285714,804.4285714285714,146.57142857142844,90.75,2905.75,956.5,145.25,46.0,3183.0,1116.0,49.0
232,110.25,2918.5,347.5,135.5,132.75,3105.375,1081.125,197.25,107.33333333333326,3223.1666666666665,1166.0,134.75,105.33333333333348,2894.5,1402.8333333333333,154.33333333333348,103.5,2714.25,1027.75,115.25,90.57142857142856,2757.9285714285716,657.5714285714286,125.64285714285688,118.0,3074.5,1063.5,235.0,96.75,3027.0,1183.5,174.91666666666652,118.21428571428567,3040.3571428571427,806.2857142857143,146.71428571428578,91.83333333333337,2909.8333333333335,955.3333333333334,145.16666666666652,46.0,3189.3333333333335,1119.0,49.0
233,111.83333333333337,2916.3333333333335,349.3333333333333,135.66666666666652,130.0,3108.0,1083.0,200.0,108.0,3225.0,1169.0,134.0,106.66666666666652,2891.75,1403.4166666666667,154.66666666666652,105.75,2712.625,1033.875,113.625,89.85714285714278,2757.1428571428573,657.8571428571429,124.71428571428532,115.19999999999982,3074.8,1064.4,239.79999999999973,96.5,3028.0,1184.0,173.83333333333348,116.85714285714289,3041.4285714285716,808.1428571428571,146.85714285714266,92.91666666666663,2913.9166666666665,954.1666666666666,145.08333333333348,46.0,3195.6666666666665,1122.0,49.0
234,113.41666666666663,2914.1666666666665,351.1666666666667,135.83333333333348,128.25,3116.375,1080.25,196.625,105.875,3224.5,1176.125,135.375,108.0,2889.0,1404.0,155.0,108.0,2711.0,1040.0,112.0,89.14285714285722,2756.3571428571427,658.1428571428571,123.78571428571468,112.40000000000009,3075.1,1065.3,244.5999999999999,96.25,3029.0,1184.5,172.75,115.5,3042.5,810.0,147.0,94.0,2918.0,953.0,145.0,46.0,3202.0,1125.0,49.0
235,115.0,2912.0,353.0,136.0,126.5,3124.75,1077.5,193.25,103.75,3224.0,1183.25,136.75,107.71428571428578,2888.1428571428573,1404.2857142857142,154.57142857142844,103.25,2706.25,1046.25,114.625,88.42857142857144,2755.5714285714284,658.4285714285714,122.85714285714312,109.59999999999991,3075.4,1066.2,249.4000000000001,96.0,3030.0,1185.0,171.66666666666652,114.14285714285711,3043.5714285714284,811.8571428571429,147.14285714285734,93.0,2919.3571428571427,955.0,146.35714285714312,46.0,3213.6666666666665,1126.3333333333333,49.0
236,112.0,2909.5,355.1666666666667,135.33333333333348,124.75,3133.125,1074.75,189.875,101.625,3223.5,1190.375,138.125,107.42857142857133,2887.285714285714,1404.5714285714287,154.14285714285734,98.5,2701.5,1052.5,117.25,87.71428571428578,2754.785714285714,658.7142857142857,121.92857142857156,106.80000000000018,3075.7,1067.1,254.20000000000027,95.75,3031.0,1185.5,170.58333333333348,112.78571428571433,3044.6428571428573,813.7142857142857,147.28571428571422,92.0,2920.714285714286,957.0,147.71428571428578,46.0,3225.3333333333335,1127.6666666666667,49.0
237,109.0,2907.0,357.3333333333333,134.66666666666652,123.0,3141.5,1072.0,186.5,99.5,3223.0,1197.5,139.5,107.14285714285711,2886.4285714285716,1404.857142857143,153.71428571428578,93.75,2696.75,1058.75,119.875,87.0,2754.0,659.0,121.0,104.0,3076.0,1068.0,259.0,95.5,3032.0,1186.0,169.5,111.42857142857144,3045.714285714286,815.5714285714286,147.42857142857156,91.0,2922.0714285714284,959.0,149.0714285714289,46.0,3237.0,1129.0,49.0
238,106.0,2904.5,359.5,134.0,121.25,3149.875,1069.25,183.125,97.375,3222.5,1204.625,140.875,106.85714285714289,2885.5714285714284,1405.142857142857,153.28571428571422,89.0,2692.0,1065.0,122.5,89.9375,2753.125,656.125,124.0,108.70000000000005,3082.3,1063.7,254.19999999999982,95.25,3033.0,1186.5,168.41666666666652,110.07142857142856,3046.785714285714,817.4285714285714,147.57142857142844,90.0,2923.4285714285716,961.0,150.4285714285711,46.0,3248.5,1126.25,49.0
239,103.0,2902.0,361.6666666666667,133.33333333333348,119.5,3158.25,1066.5,179.75,95.25,3222.0,1211.75,142.25,106.57142857142867,2884.714285714286,1405.4285714285713,152.85714285714266,84.25,2687.25,1071.25,125.125,92.875,2752.25,653.25,127.0,113.39999999999986,3088.6,1059.4,249.4000000000001,95.0,3034.0,1187.0,167.33333333333348,108.71428571428567,3047.8571428571427,819.2857142857143,147.71428571428578,89.0,2924.785714285714,963.0,151.78571428571422,46.0,3260.0,1123.5,49.0
240,100.0,2899.5,363.8333333333333,132.66666666666652,117.75,3166.625,1063.75,176.375,93.125,3221.5,1218.875,143.625,106.28571428571422,2883.8571428571427,1405.7142857142858,152.42857142857156,79.5,2682.5,1077.5,127.75,95.8125,2751.375,650.375,130.0,118.10000000000014,3094.9,1055.1,244.5999999999999,94.75,3035.0,1187.5,166.25,107.35714285714289,3048.9285714285716,821.1428571428571,147.85714285714266,88.0,2926.1428571428573,965.0,153.14285714285688,46.0,3271.5,1120.75,49.0
241,97.0,2897.0,366.0,132.0,116.0,3175.0,1061.0,173.0,91.0,3221.0,1226.0,145.0,106.0,2883.0,1406.0,152.0,74.75,2677.75,1083.75,130.375,98.75,2750.5,647.5,133.0,122.79999999999995,3101.2,1050.8,239.80000000000018,94.5,3036.0,1188.0,165.16666666666652,106.0,3050.0,823.0,148.0,87.0,2927.5,967.0,154.5,46.0,3283.0,1118.0,49.0
242,97.71428571428572,2894.4285714285716,366.57142857142856,134.71428571428578,119.5,3183.3333333333335,1057.1666666666667,169.66666666666652,88.79999999999995,3220.1,1232.4,146.4000000000001,105.90000000000009,2882.1,1407.0,151.5999999999999,70.0,2673.0,1090.0,133.0,101.6875,2749.625,644.625,136.0,127.5,3107.5,1046.5,235.0,94.25,3037.0,1188.5,164.08333333333348,107.11764705882354,3051.529411764706,821.4705882352941,147.88235294117658,86.0,2928.8571428571427,969.0,155.85714285714312,46.0,3300.5,1100.5,49.0
243,98.42857142857139,2891.8571428571427,367.14285714285717,137.42857142857156,123.0,3191.6666666666665,1053.3333333333333,166.33333333333348,86.60000000000014,3219.2,1238.8,147.80000000000018,105.79999999999995,2881.2,1408.0,151.20000000000027,70.66666666666674,2664.6666666666665,1091.0,137.33333333333348,104.625,2748.75,641.75,139.0,132.20000000000005,3113.8,1042.2,230.19999999999982,94.0,3038.0,1189.0,163.0,108.23529411764696,3053.0588235294117,819.9411764705883,147.76470588235316,85.0,2930.214285714286,971.0,157.21428571428578,46.0,3318.0,1083.0,49.0
244,99.14285714285711,2889.285714285714,367.7142857142857,140.14285714285734,126.5,3200.0,1049.5,163.0,84.39999999999986,3218.3,1245.2,149.19999999999982,105.70000000000005,2880.3,1409.0,150.79999999999973,71.33333333333326,2656.3333333333335,1092.0,141.66666666666652,107.5625,2747.875,638.875,142.0,136.89999999999986,3120.1,1037.9,225.4000000000001,94.33333333333326,3037.6666666666665,1190.1666666666667,164.16666666666697,109.35294117647061,3054.5882352941176,818.4117647058823,147.64705882352928,84.0,2931.5714285714284,973.0,158.5714285714289,46.0,3320.0,1053.8,49.0
245,99.85714285714289,2886.714285714286,368.2857142857143,142.85714285714266,130.0,3208.3333333333335,1045.6666666666667,159.66666666666652,82.20000000000005,3217.4,1251.6,150.5999999999999,105.59999999999991,2879.4,1410.0,150.4000000000001,72.0,2648.0,1093.0,146.0,110.5,2747.0,636.0,145.0,141.60000000000014,3126.4,1033.6,220.5999999999999,94.66666666666674,3037.3333333333335,1191.3333333333333,165.33333333333303,110.47058823529414,3056.1176470588234,816.8823529411765,147.52941176470586,83.0,2932.9285714285716,975.0,159.9285714285711,46.0,3322.0,1024.6,49.0
246,100.57142857142861,2884.1428571428573,368.85714285714283,145.57142857142844,133.5,3216.6666666666665,1041.8333333333333,156.33333333333348,80.0,3216.5,1258.0,152.0,105.5,2878.5,1411.0,150.0,73.0,2645.285714285714,1093.857142857143,146.71428571428578,113.4375,2746.125,633.125,148.0,146.29999999999995,3132.7,1029.3,215.80000000000018,95.0,3037.0,1192.5,166.5,111.58823529411768,3057.6470588235293,815.3529411764706,147.41176470588243,82.0,2934.285714285714,977.0,161.28571428571422,46.000000000000114,3324.0,995.4,49.0
247,101.28571428571428,2881.5714285714284,369.42857142857144,148.28571428571422,137.0,3225.0,1038.0,153.0,77.79999999999995,3215.6,1264.4,153.4000000000001,105.40000000000009,2877.6,1412.0,149.5999999999999,74.0,2642.5714285714284,1094.7142857142858,147.42857142857156,116.375,2745.25,630.25,151.0,151.0,3139.0,1025.0,211.0,95.33333333333326,3036.6666666666665,1193.6666666666667,167.66666666666697,112.7058823529411,3059.176470588235,813.8235294117648,147.294117647059,81.0,2935.6428571428573,979.0,162.64285714285688,46.0,3326.0,966.2,49.0
248,102.0,2879.0,370.0,151.0,141.39999999999986,3229.0,1032.2,154.0,75.60000000000014,3214.7,1270.8,154.80000000000018,105.29999999999995,2876.7,1413.0,149.20000000000027,75.0,2639.8571428571427,1095.5714285714287,148.14285714285734,119.3125,2744.375,627.375,154.0,154.66666666666674,3144.0,1017.0,206.83333333333348,95.66666666666674,3036.3333333333335,1194.8333333333333,168.83333333333303,113.82352941176475,3060.705882352941,812.2941176470588,147.1764705882356,80.0,2937.0,981.0,164.0,46.0,3328.0,937.0,49.0
249,102.60000000000002,2881.7,367.7,151.10000000000036,145.79999999999995,3233.0,1026.4,155.0,73.39999999999986,3213.8,1277.2,156.19999999999982,105.20000000000005,2875.8,1414.0,148.79999999999973,76.0,2637.1428571428573,1096.4285714285713,148.85714285714266,122.25,2743.5,624.5,157.0,158.33333333333326,3149.0,1009.0,202.66666666666652,96.0,3036.0,1196.0,170.0,114.94117647058829,3062.235294117647,810.7647058823529,147.05882352941217,80.20000000000005,2935.733333333333,982.4666666666667,162.73333333333358,46.0,3312.5714285714284,909.7142857142857,49.0
250,103.20000000000005,2884.4,365.4,151.19999999999982,150.19999999999993,3237.0,1020.6,156.0,71.20000000000005,3212.9,1283.6,157.5999999999999,105.09999999999991,2874.9,1415.0,148.4000000000001,77.0,2634.4285714285716,1097.2857142857142,149.57142857142844,125.1875,2742.625,621.625,160.0,162.0,3154.0,1001.0,198.5,96.33333333333326,3035.6666666666665,1197.1666666666667,171.16666666666697,116.05882352941171,3063.764705882353,809.2352941176471,146.94117647058783,80.39999999999998,2934.4666666666667,983.9333333333333,161.4666666666667,46.0,3297.1428571428573,882.4285714285714,49.0
251,103.79999999999995,2887.1,363.1,151.30000000000018,154.60000000000014,3241.0,1014.8,157.0,69.0,3212.0,1290.0,159.0,105.0,2874.0,1416.0,148.0,78.0,2631.714285714286,1098.142857142857,150.28571428571422,128.125,2741.75,618.75,163.0,165.66666666666674,3159.0,993.0,194.33333333333348,96.66666666666674,3035.3333333333335,1198.3333333333333,172.33333333333303,117.17647058823525,3065.294117647059,807.7058823529412,146.8235294117644,80.60000000000002,2933.2,985.4,160.20000000000027,46.0,3281.714285714286,855.1428571428571,49.0
252,104.39999999999998,2889.8,360.8,151.39999999999964,159.0,3245.0,1009.0,158.0,72.11111111111109,3212.222222222222,1291.5555555555557,158.88888888888914,101.875,2872.0,1418.375,148.25,79.0,2629.0,1099.0,151.0,131.0625,2740.875,615.875,166.0,169.33333333333326,3164.0,985.0,190.16666666666652,97.0,3035.0,1199.5,173.5,118.2941176470589,3066.823529411765,806.1764705882352,146.705882352941,80.80000000000007,2931.9333333333334,986.8666666666667,158.9333333333334,46.0,3266.285714285714,827.8571428571429,49.0
253,105.0,2892.5,358.5,151.5,157.25,3259.5,1004.5,143.75,75.22222222222217,3212.4444444444443,1293.111111111111,158.77777777777783,98.75,2870.0,1420.75,148.5,79.29999999999995,2628.0,1099.3,149.80000000000018,134.0,2740.0,613.0,169.0,173.0,3169.0,977.0,186.0,97.33333333333326,3034.6666666666665,1200.6666666666667,174.66666666666697,119.41176470588232,3068.3529411764707,804.6470588235294,146.58823529411757,80.99999999999989,2930.6666666666665,988.3333333333334,157.66666666666697,46.0,3250.8571428571427,800.5714285714286,49.0
254,105.60000000000002,2895.2,356.2,151.60000000000036,155.5,3274.0,1000.0,129.5,78.33333333333326,3212.6666666666665,1294.6666666666667,158.66666666666697,95.625,2868.0,1423.125,148.75,79.60000000000014,2627.0,1099.6,148.5999999999999,134.29999999999995,2748.0,607.7,170.80000000000018,166.89999999999986,3173.9,977.7,183.79999999999973,97.66666666666674,3034.3333333333335,1201.8333333333333,175.83333333333303,120.52941176470586,3069.8823529411766,803.1176470588235,146.47058823529414,81.20000000000005,2929.4,989.8,156.4000000000001,46.0,3235.4285714285716,773.2857142857143,49.0
255,106.20000000000005,2897.9,353.9,151.69999999999982,153.75,3288.5,995.5,115.25,81.44444444444457,3212.8888888888887,1296.2222222222222,158.55555555555566,92.5,2866.0,1425.5,149.0,79.89999999999986,2626.0,1099.9,147.4000000000001,134.60000000000002,2756.0,602.4,172.5999999999999,160.80000000000007,3178.8,978.4,181.5999999999999,98.0,3034.0,1203.0,177.0,121.64705882352939,3071.4117647058824,801.5882352941177,146.35294117647072,81.40000000000009,2928.133333333333,991.2666666666667,155.13333333333367,46.0,3220.0,746.0,49.0
256,106.79999999999995,2900.6,351.6,151.80000000000018,152.0,3303.0,991.0,101.0,84.55555555555543,3213.1111111111113,1297.7777777777778,158.44444444444434,89.375,2864.0,1427.875,149.25,80.20000000000005,2625.0,1100.2,146.19999999999982,134.89999999999998,2764.0,597.1,174.4000000000001,154.69999999999993,3183.7,979.1,179.4000000000001,96.66666666666674,3033.6666666666665,1204.111111111111,175.4444444444448,122.76470588235304,3072.9411764705883,800.0588235294117,146.23529411764684,81.59999999999991,2926.866666666667,992.7333333333333,153.86666666666633,46.0,3200.714285714286,718.5714285714286,49.0
257,107.39999999999998,2903.3,349.3,151.89999999999964,151.33333333333337,3304.1666666666665,983.6666666666666,101.5,87.66666666666674,3213.3333333333335,1299.3333333333333,158.33333333333303,86.25,2862.0,1430.25,149.5,80.5,2624.0,1100.5,145.0,135.20000000000005,2772.0,591.8,176.19999999999982,148.60000000000014,3188.6,979.8,177.20000000000027,95.33333333333348,3033.3333333333335,1205.2222222222222,173.8888888888887,123.88235294117646,3074.470588235294,798.5294117647059,146.11764705882342,81.79999999999995,2925.6,994.2,152.5999999999999,46.0,3181.4285714285716,691.1428571428571,49.0
258,108.0,2906.0,347.0,152.0,150.66666666666663,3305.3333333333335,976.3333333333334,102.0,90.77777777777783,3213.5555555555557,1300.888888888889,158.22222222222217,83.125,2860.0,1432.625,149.75,80.79999999999995,2623.0,1100.8,143.80000000000018,135.5,2780.0,586.5,178.0,142.5,3193.5,980.5,175.0,94.0,3033.0,1206.3333333333333,172.33333333333348,125.0,3076.0,797.0,146.0,82.00000000000011,2924.3333333333335,995.6666666666666,151.33333333333303,46.0,3162.1428571428573,663.7142857142858,49.0
259,102.71428571428572,2903.8571428571427,348.0,148.85714285714312,150.0,3306.5,969.0,102.5,93.88888888888891,3213.777777777778,1302.4444444444443,158.11111111111086,80.0,2858.0,1435.0,150.0,81.10000000000014,2622.0,1101.1,142.5999999999999,135.79999999999995,2788.0,581.2,179.80000000000018,136.39999999999986,3198.4,981.2,172.79999999999973,92.66666666666674,3032.6666666666665,1207.4444444444443,170.77777777777783,128.5,3075.1,792.5,145.5,82.19999999999993,2923.0666666666666,997.1333333333333,150.0666666666666,46.0,3142.8571428571427,636.2857142857143,49.0
260,97.42857142857144,2901.714285714286,349.0,145.71428571428578,149.33333333333337,3307.6666666666665,961.6666666666666,103.0,97.0,3214.0,1304.0,158.0,78.75,2857.625,1433.125,149.0,81.39999999999986,2621.0,1101.4,141.4000000000001,136.10000000000002,2796.0,575.9,181.5999999999999,130.30000000000007,3203.3,981.9,170.5999999999999,91.33333333333326,3032.3333333333335,1208.5555555555557,169.22222222222217,132.0,3074.2,788.0,145.0,82.39999999999998,2921.8,998.6,148.79999999999973,46.0,3123.5714285714284,608.8571428571429,49.0
261,92.14285714285717,2899.5714285714284,350.0,142.5714285714289,148.66666666666663,3308.8333333333335,954.3333333333334,103.5,97.35714285714266,3212.5714285714284,1307.5714285714287,157.64285714285734,77.5,2857.25,1431.25,148.0,81.70000000000005,2620.0,1101.7,140.19999999999982,136.39999999999998,2804.0,570.6,183.4000000000001,124.19999999999993,3208.2,982.6,168.4000000000001,90.0,3032.0,1209.6666666666667,167.66666666666652,135.5,3073.3,783.5,144.5,82.60000000000002,2920.5333333333333,1000.0666666666667,147.5333333333333,46.0,3104.285714285714,581.4285714285714,49.0
262,86.85714285714283,2897.4285714285716,351.0,139.4285714285711,148.0,3310.0,947.0,104.0,97.71428571428578,3211.1428571428573,1311.142857142857,157.28571428571422,76.25,2856.875,1429.375,147.0,82.0,2619.0,1102.0,139.0,136.70000000000005,2812.0,565.3,185.19999999999982,118.10000000000014,3213.1,983.3,166.20000000000027,88.66666666666652,3031.6666666666665,1210.7777777777778,166.1111111111113,139.0,3072.4,779.0,144.0,82.79999999999995,2919.266666666667,1001.5333333333333,146.26666666666642,46.0,3085.0,554.0,49.0
263,81.57142857142856,2895.285714285714,352.0,136.28571428571422,149.33333333333326,3311.6666666666665,940.0,106.33333333333348,98.07142857142844,3209.714285714286,1314.7142857142858,156.92857142857156,75.0,2856.5,1427.5,146.0,84.66666666666674,2618.3333333333335,1098.0,136.44444444444434,137.0,2820.0,560.0,187.0,112.0,3218.0,984.0,164.0,87.33333333333326,3031.3333333333335,1211.888888888889,164.5555555555552,142.5,3071.5,774.5,143.5,83.0,2918.0,1003.0,145.0,46.0,3062.8571428571427,529.2857142857143,49.0
264,76.28571428571428,2893.1428571428573,353.0,133.14285714285688,150.66666666666674,3313.3333333333335,933.0,108.66666666666652,98.42857142857156,3208.285714285714,1318.2857142857142,156.57142857142844,73.75,2856.125,1425.625,145.0,87.33333333333326,2617.6666666666665,1094.0,133.88888888888914,134.875,2831.0,553.5,177.125,112.30769230769226,3215.846153846154,982.3076923076923,164.38461538461524,86.0,3031.0,1213.0,163.0,146.0,3070.6,770.0,143.0,83.30000000000007,2917.8,1001.9,140.5999999999999,46.0,3040.714285714286,504.57142857142856,49.0
265,71.0,2891.0,354.0,130.0,152.0,3315.0,926.0,111.0,98.78571428571422,3206.8571428571427,1321.857142857143,156.21428571428578,72.5,2855.75,1423.75,144.0,90.0,2617.0,1090.0,131.33333333333348,132.75,2842.0,547.0,167.25,112.61538461538464,3213.6923076923076,980.6153846153846,164.76923076923094,85.58333333333326,3029.8333333333335,1213.0,161.08333333333303,149.5,3069.7,765.5,142.5,83.60000000000014,2917.6,1000.8,136.20000000000027,46.0,3018.5714285714284,479.8571428571429,49.0
266,72.57142857142856,2889.5714285714284,351.42857142857144,124.42857142857156,146.25,3316.75,919.25,113.0,99.14285714285734,3205.4285714285716,1325.4285714285713,155.85714285714266,71.25,2855.375,1421.875,143.0,92.66666666666674,2616.3333333333335,1086.0,128.77777777777783,130.625,2853.0,540.5,157.375,112.9230769230769,3211.5384615384614,978.9230769230769,165.1538461538462,85.16666666666674,3028.6666666666665,1213.0,159.16666666666697,153.0,3068.8,761.0,142.0,83.89999999999986,2917.4,999.7,131.79999999999973,46.0,2996.4285714285716,455.14285714285717,49.0
267,74.14285714285717,2888.1428571428573,348.85714285714283,118.85714285714266,140.5,3318.5,912.5,115.0,99.5,3204.0,1329.0,155.5,70.0,2855.0,1420.0,142.0,95.33333333333326,2615.6666666666665,1082.0,126.22222222222217,128.5,2864.0,534.0,147.5,113.23076923076928,3209.3846153846152,977.2307692307693,165.5384615384619,84.75,3027.5,1213.0,157.25,156.5,3067.9,756.5,141.5,84.19999999999993,2917.2,998.6,127.40000000000009,46.0,2974.285714285714,430.42857142857144,49.0
268,75.71428571428572,2886.714285714286,346.2857142857143,113.28571428571422,134.75,3320.25,905.75,117.0,99.85714285714266,3202.5714285714284,1332.5714285714287,155.14285714285734,76.0,2855.6,1411.6,139.80000000000018,98.0,2615.0,1078.0,123.66666666666652,126.375,2875.0,527.5,137.625,113.53846153846155,3207.230769230769,975.5384615384615,165.92307692307713,84.33333333333326,3026.3333333333335,1213.0,155.33333333333303,160.0,3067.0,752.0,141.0,84.5,2917.0,997.5,123.0,46.0,2952.1428571428573,405.7142857142857,49.0
269,77.28571428571428,2885.285714285714,343.7142857142857,107.71428571428578,129.0,3322.0,899.0,119.0,100.21428571428578,3201.1428571428573,1336.142857142857,154.78571428571422,82.0,2856.2,1403.2,137.60000000000036,100.66666666666674,2614.3333333333335,1074.0,121.11111111111086,124.25,2886.0,521.0,127.75,113.84615384615381,3205.076923076923,973.8461538461538,166.30769230769238,83.91666666666674,3025.1666666666665,1213.0,153.41666666666697,154.63636363636363,3066.181818181818,747.4545454545455,140.4545454545455,84.80000000000007,2916.8,996.4,118.59999999999991,46.0,2930.0,381.0,49.0
270,78.85714285714283,2883.8571428571427,341.14285714285717,102.14285714285734,124.0,3318.0,892.25,118.5,100.57142857142844,3199.714285714286,1339.7142857142858,154.42857142857156,88.0,2856.8,1394.8,135.39999999999964,103.33333333333326,2613.6666666666665,1070.0,118.55555555555566,122.125,2897.0,514.5,117.875,114.15384615384619,3202.923076923077,972.1538461538462,166.69230769230762,83.5,3024.0,1213.0,151.5,149.27272727272725,3065.3636363636365,742.9090909090909,139.909090909091,85.10000000000014,2916.6,995.3,114.20000000000027,46.0,2918.8,376.0,49.0
271,80.42857142857144,2882.4285714285716,338.57142857142856,96.57142857142844,119.0,3314.0,885.5,118.0,100.92857142857156,3198.285714285714,1343.2857142857142,154.07142857142844,94.0,2857.4,1386.4,133.19999999999982,106.0,2613.0,1066.0,116.0,120.0,2908.0,508.0,108.0,114.46153846153845,3200.769230769231,970.4615384615385,167.07692307692287,83.08333333333326,3022.8333333333335,1213.0,149.58333333333303,143.90909090909088,3064.5454545454545,738.3636363636364,139.3636363636365,85.39999999999986,2916.4,994.2,109.79999999999973,46.0,2907.6,371.0,49.0
272,82.0,2881.0,336.0,91.0,114.0,3310.0,878.75,117.5,101.28571428571422,3196.8571428571427,1346.857142857143,153.71428571428578,100.0,2858.0,1378.0,131.0,105.0,2612.4285714285716,1065.5714285714287,116.85714285714266,113.00000000000006,2906.6666666666665,501.3333333333333,110.33333333333348,114.76923076923072,3198.6153846153848,968.7692307692307,167.4615384615381,82.66666666666674,3021.6666666666665,1213.0,147.66666666666697,138.5454545454545,3063.7272727272725,733.8181818181819,138.81818181818198,85.69999999999993,2916.2,993.1,105.40000000000009,46.0,2896.4,366.0,49.0
273,84.75,2869.25,337.0,95.25,109.0,3306.0,872.0,117.0,101.64285714285734,3195.4285714285716,1350.4285714285713,153.35714285714266,100.16666666666674,2858.5,1375.5,131.16666666666652,104.0,2611.8571428571427,1065.142857142857,117.71428571428578,105.99999999999994,2905.3333333333335,494.6666666666667,112.66666666666652,115.0769230769231,3196.4615384615386,967.0769230769231,167.8461538461538,82.25,3020.5,1213.0,145.75,133.18181818181824,3062.909090909091,729.2727272727273,138.27272727272702,86.0,2916.0,992.0,101.0,46.0,2885.2,361.0,49.0
274,87.5,2857.5,338.0,99.5,108.5,3297.75,867.0,123.25,102.0,3194.0,1354.0,153.0,100.33333333333326,2859.0,1373.0,131.33333333333348,103.0,2611.285714285714,1064.7142857142858,118.57142857142844,99.0,2904.0,488.0,115.0,115.38461538461536,3194.3076923076924,965.3846153846154,168.23076923076906,81.83333333333326,3019.3333333333335,1213.0,143.83333333333303,127.81818181818176,3062.090909090909,724.7272727272727,137.72727272727298,89.70000000000005,2909.8,987.2,102.19999999999982,46.0,2874.0,356.0,49.0
275,90.25,2845.75,339.0,103.75,108.0,3289.5,862.0,129.5,99.71428571428578,3193.8571428571427,1360.2857142857142,152.28571428571468,100.5,2859.5,1370.5,131.5,102.0,2610.714285714286,1064.2857142857142,119.42857142857156,101.66666666666669,2903.0,481.6666666666667,117.33333333333348,115.69230769230774,3192.153846153846,963.6923076923077,168.61538461538476,81.41666666666674,3018.1666666666665,1213.0,141.91666666666697,122.4545454545455,3061.2727272727275,720.1818181818181,137.18181818181802,93.39999999999998,2903.6,982.4,103.40000000000009,46.0,2864.3333333333335,359.3333333333333,49.0
276,93.0,2834.0,340.0,108.0,107.5,3281.25,857.0,135.75,97.42857142857133,3193.714285714286,1366.5714285714287,151.57142857142844,100.66666666666674,2860.0,1368.0,131.66666666666652,101.0,2610.1428571428573,1063.857142857143,120.28571428571422,104.33333333333331,2902.0,475.3333333333333,119.66666666666652,116.0,3190.0,962.0,169.0,81.0,3017.0,1213.0,140.0,117.09090909090912,3060.4545454545455,715.6363636363636,136.6363636363635,97.10000000000002,2897.4,977.6,104.59999999999991,46.0,2854.6666666666665,362.6666666666667,49.0
277,95.0,2818.0,343.0,114.0,107.0,3273.0,852.0,142.0,95.14285714285711,3193.5714285714284,1372.857142857143,150.85714285714312,100.83333333333326,2860.5,1365.5,131.83333333333348,100.0,2609.5714285714284,1063.4285714285713,121.14285714285734,107.0,2901.0,469.0,122.0,114.0,3188.3076923076924,958.8461538461538,167.1538461538462,82.375,3012.5,1210.875,140.25,111.72727272727263,3059.6363636363635,711.0909090909091,136.090909090909,100.79999999999995,2891.2,972.8,105.80000000000018,46.0,2845.0,366.0,49.0
278,97.0,2802.0,346.0,120.0,106.66666666666674,3262.0,845.6666666666666,147.33333333333348,92.85714285714289,3193.4285714285716,1379.142857142857,150.14285714285688,101.0,2861.0,1363.0,132.0,99.0,2609.0,1063.0,122.0,107.5,2894.75,468.0,122.25,111.99999999999989,3186.6153846153848,955.6923076923077,165.30769230769238,83.75,3008.0,1208.75,140.5,106.36363636363637,3058.818181818182,706.5454545454545,135.5454545454545,104.5,2885.0,968.0,107.0,46.0,2834.5714285714284,370.2857142857143,49.0
279,99.0,2786.0,349.0,126.0,106.33333333333326,3251.0,839.3333333333334,152.66666666666652,90.57142857142867,3193.285714285714,1385.4285714285713,149.42857142857156,96.0,2855.6,1362.0,137.80000000000018,98.36363636363626,2606.181818181818,1064.0,123.90909090909099,108.0,2888.5,467.0,122.5,109.99999999999989,3184.923076923077,952.5384615384615,163.4615384615381,85.125,3003.5,1206.625,140.75,101.0,3058.0,702.0,135.0,108.20000000000005,2878.8,963.2,108.19999999999982,46.0,2824.1428571428573,374.57142857142856,49.0
280,101.0,2770.0,352.0,132.0,106.0,3240.0,833.0,158.0,88.28571428571422,3193.1428571428573,1391.7142857142858,148.71428571428532,91.0,2850.2,1361.0,143.60000000000036,97.72727272727275,2603.3636363636365,1065.0,125.81818181818153,108.5,2882.25,466.0,122.75,108.00000000000011,3183.230769230769,949.3846153846154,161.61538461538476,86.5,2999.0,1204.5,141.0,101.0,3056.5555555555557,700.2222222222222,135.0,111.89999999999998,2872.6,958.4,109.40000000000009,46.0,2813.714285714286,378.85714285714283,49.0
281,103.0,2754.0,355.0,138.0,102.60000000000002,3235.4,827.8,155.79999999999973,86.0,3193.0,1398.0,148.0,86.0,2844.8,1360.0,149.39999999999964,97.09090909090901,2600.5454545454545,1066.0,127.72727272727298,109.0,2876.0,465.0,123.0,106.0,3181.5384615384614,946.2307692307693,159.76923076923094,87.875,2994.5,1202.375,141.25,101.0,3055.1111111111113,698.4444444444445,135.0,115.60000000000002,2866.4,953.6,110.59999999999991,46.0,2803.285714285714,383.14285714285717,49.0
282,102.20000000000005,2746.0,355.9,137.5,99.19999999999993,3230.8,822.6,153.5999999999999,90.20000000000005,3193.0,1397.8,147.0,81.0,2839.4,1359.0,155.19999999999982,96.4545454545455,2597.7272727272725,1067.0,129.63636363636397,109.5,2869.75,464.0,123.25,104.0,3179.846153846154,943.0769230769231,157.92307692307713,89.25,2990.0,1200.25,141.5,101.0,3053.6666666666665,696.6666666666666,135.0,119.29999999999995,2860.2,948.8,111.80000000000018,46.0,2792.8571428571427,387.42857142857144,49.0
283,101.39999999999998,2738.0,356.8,137.0,95.80000000000007,3226.2,817.4,151.4000000000001,94.40000000000009,3193.0,1397.6,146.0,76.0,2834.0,1358.0,161.0,95.81818181818176,2594.909090909091,1068.0,131.5454545454545,110.0,2863.5,463.0,123.5,102.0,3178.153846153846,939.9230769230769,156.07692307692287,90.625,2985.5,1198.125,141.75,101.0,3052.222222222222,694.8888888888889,135.0,123.0,2854.0,944.0,113.0,46.0,2782.4285714285716,391.7142857142857,49.0
284,100.60000000000002,2730.0,357.7,136.5,92.39999999999998,3221.6,812.2,149.20000000000027,98.59999999999991,3193.0,1397.4,145.0,76.14285714285711,2831.4285714285716,1355.857142857143,163.4285714285711,95.18181818181824,2592.090909090909,1069.0,133.4545454545455,110.5,2857.25,462.0,123.75,100.0,3176.4615384615386,936.7692307692307,154.23076923076906,92.0,2981.0,1196.0,142.0,101.0,3050.777777777778,693.1111111111111,135.0,120.29999999999995,2844.6,940.8,115.90000000000009,46.0,2772.0,396.0,49.0
285,99.79999999999995,2722.0,358.6,136.0,89.0,3217.0,807.0,147.0,102.79999999999995,3193.0,1397.2,144.0,76.28571428571422,2828.8571428571427,1353.7142857142858,165.85714285714312,94.5454545454545,2589.2727272727275,1070.0,135.36363636363603,111.0,2851.0,461.0,124.0,97.99999999999989,3174.769230769231,933.6153846153846,152.38461538461524,93.5454545454545,2977.6363636363635,1194.0,142.090909090909,101.0,3049.3333333333335,691.3333333333334,135.0,117.60000000000002,2835.2,937.6,118.80000000000018,46.0,2764.1428571428573,395.0,49.0
286,99.0,2714.0,359.5,135.5,99.66666666666674,3216.8333333333335,795.6666666666666,145.16666666666652,107.0,3193.0,1397.0,143.0,76.42857142857133,2826.285714285714,1351.5714285714287,168.28571428571422,93.90909090909099,2586.4545454545455,1071.0,137.27272727272702,111.5,2844.75,460.0,124.25,96.00000000000011,3173.076923076923,930.4615384615385,150.5384615384619,95.09090909090901,2974.2727272727275,1192.0,142.18181818181802,101.0,3047.8888888888887,689.5555555555555,135.0,114.89999999999998,2825.8,934.4,121.69999999999982,46.0,2756.285714285714,394.0,49.0
287,98.20000000000005,2706.0,360.4,135.0,110.33333333333326,3216.6666666666665,784.3333333333334,143.33333333333348,104.77777777777783,3189.5555555555557,1402.2222222222222,144.66666666666652,76.57142857142867,2823.714285714286,1349.4285714285713,170.71428571428578,93.27272727272725,2583.6363636363635,1072.0,139.18181818181847,112.0,2838.5,459.0,124.5,94.0,3171.3846153846152,927.3076923076923,148.69230769230762,96.63636363636374,2970.909090909091,1190.0,142.27272727272702,101.0,3046.4444444444443,687.7777777777778,135.0,112.20000000000005,2816.4,931.2,124.59999999999991,46.0,2748.4285714285716,393.0,49.0
288,97.39999999999998,2698.0,361.3,134.5,121.0,3216.5,773.0,141.5,102.55555555555566,3186.1111111111113,1407.4444444444443,146.33333333333303,76.71428571428578,2821.1428571428573,1347.2857142857142,173.14285714285688,92.63636363636374,2580.818181818182,1073.0,141.090909090909,112.5,2832.25,458.0,124.75,92.0,3169.6923076923076,924.1538461538462,146.8461538461538,98.18181818181824,2967.5454545454545,1188.0,142.3636363636365,101.0,3045.0,686.0,135.0,109.5,2807.0,928.0,127.5,46.0,2740.5714285714284,392.0,49.0
289,96.60000000000002,2690.0,362.2,134.0,131.66666666666674,3216.3333333333335,761.6666666666666,139.66666666666652,100.33333333333326,3182.6666666666665,1412.6666666666667,148.0,76.85714285714289,2818.5714285714284,1345.142857142857,175.5714285714289,92.0,2578.0,1074.0,143.0,113.0,2826.0,457.0,125.0,90.0,3168.0,921.0,145.0,99.72727272727275,2964.181818181818,1186.0,142.4545454545455,103.66666666666674,3040.6666666666665,685.1666666666666,138.33333333333348,106.79999999999995,2797.6,924.8,130.4000000000001,46.0,2732.714285714286,391.0,49.0
290,95.79999999999995,2682.0,363.1,133.5,142.33333333333326,3216.1666666666665,750.3333333333334,137.83333333333348,98.11111111111109,3179.222222222222,1417.888888888889,149.66666666666652,77.0,2816.0,1343.0,178.0,91.33333333333326,2579.1666666666665,1075.0,143.83333333333348,113.46153846153851,2820.3846153846152,458.2307692307692,125.30769230769238,90.72222222222217,3162.8888888888887,916.8333333333334,146.1111111111113,101.27272727272725,2960.818181818182,1184.0,142.5454545454545,106.33333333333326,3036.3333333333335,684.3333333333334,141.66666666666652,104.10000000000002,2788.2,921.6,133.30000000000018,46.0,2724.8571428571427,390.0,49.0
291,95.0,2674.0,364.0,133.0,153.0,3216.0,739.0,136.0,95.88888888888891,3175.777777777778,1423.111111111111,151.33333333333348,78.0,2821.625,1340.875,180.5,90.66666666666674,2580.3333333333335,1076.0,144.66666666666652,113.9230769230769,2814.769230769231,459.46153846153845,125.6153846153843,91.44444444444446,3157.777777777778,912.6666666666666,147.22222222222217,102.81818181818176,2957.4545454545455,1182.0,142.6363636363635,109.0,3032.0,683.5,145.0,101.39999999999998,2778.8,918.4,136.19999999999982,46.0,2717.0,389.0,49.0
292,92.66666666666669,2671.5,364.5,132.33333333333348,153.33333333333337,3215.6666666666665,727.6666666666666,134.16666666666697,93.66666666666674,3172.3333333333335,1428.3333333333333,153.0,79.0,2827.25,1338.75,183.0,90.0,2581.5,1077.0,145.5,114.38461538461542,2809.153846153846,460.6923076923077,125.92307692307668,92.16666666666663,3152.6666666666665,908.5,148.33333333333348,104.36363636363626,2954.090909090909,1180.0,142.72727272727298,111.66666666666674,3027.6666666666665,682.6666666666666,148.33333333333348,98.69999999999993,2769.4,915.2,139.0999999999999,46.0,2713.8333333333335,391.3333333333333,49.0
293,90.33333333333331,2669.0,365.0,131.66666666666652,153.66666666666663,3215.3333333333335,716.3333333333334,132.33333333333303,91.44444444444434,3168.8888888888887,1433.5555555555557,154.66666666666697,80.0,2832.875,1336.625,185.5,89.33333333333326,2582.6666666666665,1078.0,146.33333333333348,114.84615384615381,2803.5384615384614,461.9230769230769,126.23076923076951,92.8888888888888,3147.5555555555557,904.3333333333334,149.44444444444434,105.90909090909099,2950.7272727272725,1178.0,142.81818181818198,114.33333333333326,3023.3333333333335,681.8333333333334,151.66666666666652,96.0,2760.0,912.0,142.0,46.0,2710.6666666666665,393.6666666666667,49.0
294,88.0,2666.5,365.5,131.0,154.0,3215.0,705.0,130.5,89.22222222222217,3165.4444444444443,1438.7777777777778,156.33333333333348,81.0,2838.5,1334.5,188.0,88.66666666666674,2583.8333333333335,1079.0,147.16666666666652,115.30769230769232,2797.923076923077,463.15384615384613,126.53846153846143,93.6111111111112,3142.4444444444443,900.1666666666666,150.55555555555566,107.4545454545455,2947.3636363636365,1176.0,142.909090909091,117.0,3019.0,681.0,155.0,97.29999999999995,2758.7,905.2,139.10000000000036,46.0,2707.5,396.0,49.0
295,85.66666666666669,2664.0,366.0,130.33333333333348,154.33333333333337,3214.6666666666665,693.6666666666666,128.66666666666697,87.0,3162.0,1444.0,158.0,82.0,2844.125,1332.375,190.5,88.0,2585.0,1080.0,148.0,115.76923076923083,2792.3076923076924,464.38461538461536,126.84615384615381,94.33333333333337,3137.3333333333335,896.0,151.66666666666652,109.0,2944.0,1174.0,143.0,116.73333333333335,3016.0,682.1333333333333,153.8666666666668,98.60000000000002,2757.4,898.4,136.19999999999982,46.0,2704.3333333333335,398.3333333333333,49.0
296,83.33333333333331,2661.5,366.5,129.66666666666652,154.66666666666663,3214.3333333333335,682.3333333333334,126.83333333333303,92.25,3158.25,1444.5,159.75,83.0,2849.75,1330.25,193.0,87.44444444444434,2584.4444444444443,1080.888888888889,150.55555555555566,116.23076923076917,2786.6923076923076,465.61538461538464,127.15384615384619,95.05555555555554,3132.222222222222,891.8333333333334,152.77777777777783,110.11111111111109,2941.8888888888887,1175.5555555555557,142.77777777777783,116.4666666666667,3013.0,683.2666666666667,152.73333333333312,99.89999999999998,2756.1,891.6,133.30000000000018,46.0,2701.1666666666665,400.6666666666667,49.0
297,81.0,2659.0,367.0,129.0,155.0,3214.0,671.0,125.0,97.5,3154.5,1445.0,161.5,84.0,2855.375,1328.125,195.5,86.88888888888891,2583.8888888888887,1081.7777777777778,153.1111111111113,116.69230769230768,2781.076923076923,466.84615384615387,127.46153846153857,95.77777777777783,3127.1111111111113,887.6666666666666,153.8888888888887,111.22222222222217,2939.777777777778,1177.111111111111,142.55555555555566,116.20000000000005,3010.0,684.4,151.5999999999999,101.20000000000005,2754.8,884.8,130.39999999999964,46.0,2698.0,403.0,49.0
298,81.57142857142856,2658.4285714285716,366.0,128.57142857142844,148.25,3211.25,663.0,125.5,102.75,3150.75,1445.5,163.25,85.0,2861.0,1326.0,198.0,86.33333333333326,2583.3333333333335,1082.6666666666667,155.66666666666652,117.15384615384619,2775.4615384615386,468.0769230769231,127.76923076923049,96.5,3122.0,883.5,155.0,112.33333333333326,2937.6666666666665,1178.6666666666667,142.33333333333348,115.9333333333334,3007.0,685.5333333333333,150.4666666666667,102.5,2753.5,878.0,127.5,46.0,2701.3333333333335,407.6666666666667,49.0
299,82.14285714285717,2657.8571428571427,365.0,128.14285714285734,141.5,3208.5,655.0,126.0,108.0,3147.0,1446.0,165.0,86.0,2868.875,1323.875,198.375,85.7777777777776,2582.777777777778,1083.5555555555557,158.22222222222217,117.61538461538458,2769.846153846154,469.3076923076923,128.07692307692332,97.22222222222217,3116.8888888888887,879.3333333333334,156.1111111111113,113.44444444444457,2935.5555555555557,1180.2222222222222,142.11111111111086,115.66666666666674,3004.0,686.6666666666666,149.33333333333348,103.79999999999995,2752.2,871.2,124.60000000000036,46.0,2704.6666666666665,412.3333333333333,49.0
300,82.71428571428572,2657.285714285714,364.0,127.71428571428578,134.75,3205.75,647.0,126.5,110.39999999999986,3146.8,1447.4,161.19999999999982,87.0,2876.75,1321.75,198.75,85.2222222222224,2582.222222222222,1084.4444444444443,160.77777777777783,118.0769230769231,2764.230769230769,470.53846153846155,128.3846153846157,97.94444444444446,3111.777777777778,875.1666666666666,157.22222222222217,114.55555555555543,2933.4444444444443,1181.7777777777778,141.88888888888914,115.40000000000009,3001.0,687.8,148.19999999999982,105.10000000000002,2750.9,864.4,121.69999999999982,46.0,2708.0,417.0,49.0
301,83.28571428571428,2656.714285714286,363.0,127.28571428571422,128.0,3203.0,639.0,127.0,112.79999999999995,3146.6,1448.8,157.4000000000001,88.0,2884.625,1319.625,199.125,84.66666666666674,2581.6666666666665,1085.3333333333333,163.33333333333348,118.53846153846149,2758.6153846153848,471.7692307692308,128.69230769230762,98.66666666666663,3106.6666666666665,871.0,158.33333333333348,115.66666666666674,2931.3333333333335,1183.3333333333333,141.66666666666652,115.13333333333344,2998.0,688.9333333333333,147.0666666666666,106.39999999999998,2749.6,857.6,118.80000000000018,46.0,2715.0,408.75,49.0
302,83.85714285714283,2656.1428571428573,362.0,126.85714285714266,128.33333333333337,3200.6666666666665,629.6666666666666,127.66666666666697,115.20000000000005,3146.4,1450.2,153.5999999999999,89.0,2892.5,1317.5,199.5,84.11111111111109,2581.1111111111113,1086.2222222222222,165.8888888888887,119.0,2753.0,473.0,129.0,99.3888888888888,3101.5555555555557,866.8333333333334,159.44444444444434,116.77777777777783,2929.222222222222,1184.888888888889,141.44444444444434,114.86666666666656,2995.0,690.0666666666667,145.9333333333334,107.70000000000005,2748.3,850.8,115.89999999999964,46.0,2722.0,400.5,49.0
303,84.42857142857144,2655.5714285714284,361.0,126.42857142857156,128.66666666666663,3198.3333333333335,620.3333333333334,128.33333333333303,117.60000000000014,3146.2,1451.6,149.80000000000018,90.0,2900.375,1315.375,199.875,83.55555555555566,2580.5555555555557,1087.111111111111,168.44444444444434,120.35714285714283,2753.5,470.7142857142857,129.92857142857156,100.1111111111112,3096.4444444444443,862.6666666666666,160.55555555555566,117.88888888888891,2927.1111111111113,1186.4444444444443,141.22222222222217,114.59999999999991,2992.0,691.2,144.80000000000018,109.0,2747.0,844.0,113.0,46.0,2729.0,392.25,49.0
304,85.0,2655.0,360.0,126.0,129.0,3196.0,611.0,129.0,120.0,3146.0,1453.0,146.0,91.0,2908.25,1313.25,200.25,83.0,2580.0,1088.0,171.0,121.71428571428567,2754.0,468.42857142857144,130.85714285714266,100.83333333333337,3091.3333333333335,858.5,161.66666666666652,119.0,2925.0,1188.0,141.0,114.33333333333326,2989.0,692.3333333333334,143.66666666666652,114.0,2746.1666666666665,836.3333333333334,115.0,46.0,2736.0,384.0,49.0
305,87.33333333333337,2657.8333333333335,358.3333333333333,129.83333333333303,123.66666666666674,3193.6666666666665,601.6666666666666,129.33333333333348,113.20000000000005,3145.8,1463.6,145.0,92.0,2916.125,1311.125,200.625,81.79999999999995,2578.2,1088.0,180.80000000000018,123.0714285714285,2754.5,466.14285714285717,131.78571428571422,101.55555555555554,3086.222222222222,854.3333333333334,162.77777777777783,115.18181818181802,2924.3636363636365,1189.6363636363637,147.36363636363603,114.0666666666666,2986.0,693.4666666666667,142.5333333333333,119.0,2745.3333333333335,828.6666666666666,117.0,46.0,2744.0,381.5,49.0
306,89.66666666666663,2660.6666666666665,356.6666666666667,133.66666666666697,118.33333333333326,3191.3333333333335,592.3333333333334,129.66666666666652,106.39999999999986,3145.6,1474.2,144.0,93.0,2924.0,1309.0,201.0,80.59999999999991,2576.4,1088.0,190.5999999999999,124.4285714285715,2755.0,463.85714285714283,132.71428571428578,102.27777777777783,3081.1111111111113,850.1666666666666,163.8888888888887,111.36363636363649,2923.7272727272725,1191.2727272727273,153.72727272727298,113.79999999999995,2983.0,694.6,141.4000000000001,124.0,2744.5,821.0,119.0,46.0,2752.0,379.0,49.0
307,92.0,2663.5,355.0,137.5,113.0,3189.0,583.0,130.0,99.60000000000014,3145.4,1484.8,143.0,100.83333333333326,2940.5,1297.5,193.0,79.40000000000009,2574.6,1088.0,200.4000000000001,125.78571428571433,2755.5,461.57142857142856,133.64285714285734,103.0,3076.0,846.0,165.0,107.5454545454545,2923.090909090909,1192.909090909091,160.090909090909,113.5333333333333,2980.0,695.7333333333333,140.26666666666688,129.0,2743.6666666666665,813.3333333333334,121.0,46.0,2769.5,383.0,49.0
308,94.33333333333337,2666.3333333333335,353.3333333333333,141.33333333333303,111.66666666666663,3189.3333333333335,571.3333333333334,128.0,92.79999999999995,3145.2,1495.4,142.0,108.66666666666674,2957.0,1286.0,185.0,78.20000000000005,2572.8,1088.0,210.19999999999982,127.14285714285717,2756.0,459.2857142857143,134.57142857142844,103.71428571428578,3075.9285714285716,844.0714285714286,164.21428571428578,103.72727272727275,2922.4545454545455,1194.5454545454545,166.4545454545455,113.26666666666665,2977.0,696.8666666666667,139.1333333333332,134.0,2742.8333333333335,805.6666666666666,123.0,46.0,2787.0,387.0,49.0
309,96.66666666666663,2669.1666666666665,351.6666666666667,145.16666666666697,110.33333333333337,3189.6666666666665,559.6666666666666,126.0,86.0,3145.0,1506.0,141.0,116.5,2973.5,1274.5,177.0,77.0,2571.0,1088.0,220.0,128.5,2756.5,457.0,135.5,104.42857142857144,3075.8571428571427,842.1428571428571,163.42857142857156,99.90909090909076,2921.818181818182,1196.1818181818182,172.81818181818153,113.0,2974.0,698.0,138.0,139.0,2742.0,798.0,125.0,46.0,2811.5,398.6666666666667,49.0
310,99.0,2672.0,350.0,149.0,109.0,3190.0,548.0,124.0,86.83333333333326,3138.8333333333335,1509.6666666666667,142.5,124.33333333333326,2990.0,1263.0,169.0,75.79999999999995,2584.0,1088.0,215.19999999999982,129.85714285714283,2757.0,454.7142857142857,136.42857142857156,105.14285714285722,3075.785714285714,840.2142857142857,162.64285714285734,96.09090909090924,2921.181818181818,1197.8181818181818,179.18181818181847,113.5,2974.3125,697.8125,138.3125,132.25,2741.75,796.25,122.5,46.0,2836.0,410.3333333333333,49.0
311,98.5,2675.3333333333335,350.8333333333333,141.66666666666652,107.66666666666663,3190.3333333333335,536.3333333333334,122.0,87.66666666666674,3132.6666666666665,1513.3333333333333,144.0,132.16666666666674,3006.5,1251.5,161.0,74.59999999999991,2597.0,1088.0,210.4000000000001,131.21428571428567,2757.5,452.42857142857144,137.35714285714266,105.85714285714278,3075.714285714286,838.2857142857143,161.85714285714266,92.27272727272725,2920.5454545454545,1199.4545454545455,185.5454545454545,114.0,2974.625,697.625,138.625,125.5,2741.5,794.5,120.0,46.0,2860.5,422.0,49.0
312,98.0,2678.6666666666665,351.6666666666667,134.33333333333348,106.33333333333337,3190.6666666666665,524.6666666666666,120.0,88.5,3126.5,1517.0,145.5,140.0,3023.0,1240.0,153.0,73.40000000000009,2610.0,1088.0,205.5999999999999,132.5714285714285,2758.0,450.14285714285717,138.28571428571422,106.57142857142856,3075.6428571428573,836.3571428571429,161.07142857142844,88.4545454545455,2919.909090909091,1201.090909090909,191.909090909091,114.5,2974.9375,697.4375,138.9375,118.75,2741.25,792.75,117.5,46.0,2885.0,433.6666666666667,49.0
313,97.5,2682.0,352.5,127.0,105.0,3191.0,513.0,118.0,89.33333333333326,3120.3333333333335,1520.6666666666667,147.0,135.33333333333326,3029.0,1237.1666666666667,155.33333333333348,72.20000000000005,2623.0,1088.0,200.80000000000018,133.9285714285715,2758.5,447.85714285714283,139.21428571428578,107.28571428571422,3075.5714285714284,834.4285714285714,160.28571428571422,84.63636363636351,2919.2727272727275,1202.7272727272727,198.27272727272702,115.0,2975.25,697.25,139.25,112.0,2741.0,791.0,115.0,46.0,2909.5,445.3333333333333,49.0
314,97.0,2685.3333333333335,353.3333333333333,119.66666666666652,108.71428571428572,3189.8571428571427,507.7142857142857,118.14285714285734,90.16666666666674,3114.1666666666665,1524.3333333333333,148.5,130.66666666666674,3035.0,1234.3333333333333,157.66666666666652,71.0,2636.0,1088.0,196.0,135.28571428571433,2759.0,445.57142857142856,140.14285714285734,108.0,3075.5,832.5,159.5,80.81818181818198,2918.6363636363635,1204.3636363636363,204.63636363636397,115.5,2975.5625,697.0625,139.5625,109.9375,2738.4375,790.0625,115.9375,46.0,2934.0,457.0,49.0
315,96.5,2688.6666666666665,354.1666666666667,112.33333333333348,112.42857142857144,3188.714285714286,502.42857142857144,118.28571428571422,91.0,3108.0,1528.0,150.0,126.0,3041.0,1231.5,160.0,72.28571428571445,2644.5714285714284,1085.4285714285713,194.5714285714289,136.64285714285717,2759.5,443.2857142857143,141.07142857142844,108.71428571428578,3075.4285714285716,830.5714285714286,158.71428571428578,77.0,2918.0,1206.0,211.0,116.0,2975.875,696.875,139.875,107.875,2735.875,789.125,116.875,46.00000000000006,2956.8333333333335,471.3333333333333,49.0
316,96.0,2692.0,355.0,105.0,116.14285714285717,3187.5714285714284,497.14285714285717,118.42857142857156,91.66666666666652,3102.8333333333335,1530.1666666666667,151.5,121.33333333333326,3047.0,1228.6666666666667,162.33333333333348,73.57142857142844,2653.1428571428573,1082.857142857143,193.14285714285688,138.0,2760.0,441.0,142.0,109.42857142857144,3075.3571428571427,828.6428571428571,157.92857142857156,79.0,2928.9166666666665,1203.1666666666667,205.91666666666697,116.5,2976.1875,696.6875,140.1875,105.8125,2733.3125,788.1875,117.8125,45.99999999999994,2979.6666666666665,485.6666666666667,49.0
317,97.83333333333331,2690.1666666666665,357.5,104.66666666666697,119.85714285714283,3186.4285714285716,491.85714285714283,118.57142857142844,92.33333333333348,3097.6666666666665,1532.3333333333333,153.0,116.66666666666674,3053.0,1225.8333333333333,164.66666666666652,74.85714285714289,2661.714285714286,1080.2857142857142,191.71428571428578,140.75,2756.5,434.5,142.25,110.14285714285722,3075.285714285714,826.7142857142857,157.14285714285734,81.0,2939.8333333333335,1200.3333333333333,200.83333333333303,117.0,2976.5,696.5,140.5,103.75,2730.75,787.25,118.75,46.0,3002.5,500.0,49.0
318,99.66666666666669,2688.3333333333335,360.0,104.33333333333303,123.57142857142856,3185.285714285714,486.57142857142856,118.71428571428578,93.0,3092.5,1534.5,154.5,112.0,3059.0,1223.0,167.0,76.14285714285711,2670.285714285714,1077.7142857142858,190.28571428571422,143.5,2753.0,428.0,142.5,110.85714285714278,3075.214285714286,824.7857142857143,156.35714285714266,83.0,2950.75,1197.5,195.75,117.5,2976.8125,696.3125,140.8125,101.6875,2728.1875,786.3125,119.6875,46.0,3025.3333333333335,514.3333333333334,49.0
319,101.5,2686.5,362.5,104.0,127.28571428571428,3184.1428571428573,481.2857142857143,118.85714285714266,93.66666666666652,3087.3333333333335,1536.6666666666667,156.0,108.5,3071.6666666666665,1215.0,160.16666666666697,77.42857142857156,2678.8571428571427,1075.142857142857,188.85714285714312,146.25,2749.5,421.5,142.75,111.57142857142856,3075.1428571428573,822.8571428571429,155.57142857142844,85.0,2961.6666666666665,1194.6666666666667,190.66666666666697,118.0,2977.125,696.125,141.125,99.625,2725.625,785.375,120.625,46.0,3048.1666666666665,528.6666666666666,49.0
320,103.33333333333331,2684.6666666666665,365.0,103.66666666666697,131.0,3183.0,476.0,119.0,94.33333333333348,3082.1666666666665,1538.8333333333333,157.5,105.0,3084.3333333333335,1207.0,153.33333333333303,78.71428571428555,2687.4285714285716,1072.5714285714287,187.4285714285711,149.0,2746.0,415.0,143.0,112.28571428571422,3075.0714285714284,820.9285714285714,154.78571428571422,87.0,2972.5833333333335,1191.8333333333333,185.58333333333303,118.5,2977.4375,695.9375,141.4375,97.5625,2723.0625,784.4375,121.5625,46.0,3071.0,543.0,49.0
321,105.16666666666669,2682.8333333333335,367.5,103.33333333333303,130.83333333333337,3183.1666666666665,478.5,118.66666666666697,95.0,3077.0,1541.0,159.0,101.5,3097.0,1199.0,146.5,80.0,2696.0,1070.0,186.0,143.4285714285715,2742.4285714285716,416.85714285714283,143.28571428571422,113.0,3075.0,819.0,154.0,89.0,2983.5,1189.0,180.5,119.0,2977.75,695.75,141.75,95.5,2720.5,783.5,122.5,46.0,3091.2,560.4,49.0
322,107.0,2681.0,370.0,103.0,130.66666666666663,3183.3333333333335,481.0,118.33333333333303,95.40000000000009,3079.0,1543.8,151.5999999999999,98.0,3109.6666666666665,1191.0,139.66666666666697,81.16666666666674,2712.1666666666665,1066.5,178.83333333333348,137.85714285714283,2738.8571428571427,418.7142857142857,143.5714285714289,113.25,3072.9166666666665,820.4166666666666,155.0,91.0,2994.4166666666665,1186.1666666666667,175.41666666666697,119.5,2978.0625,695.5625,142.0625,93.4375,2717.9375,782.5625,123.4375,46.0,3111.4,577.8,49.0
323,104.0,2673.1666666666665,369.3333333333333,105.16666666666697,130.5,3183.5,483.5,118.0,95.80000000000018,3081.0,1546.6,144.19999999999982,94.5,3122.3333333333335,1183.0,132.83333333333303,82.33333333333326,2728.3333333333335,1063.0,171.66666666666652,132.28571428571433,2735.285714285714,420.57142857142856,143.85714285714312,113.5,3070.8333333333335,821.8333333333334,156.0,93.0,3005.3333333333335,1183.3333333333333,170.33333333333303,120.0,2978.375,695.375,142.375,91.375,2715.375,781.625,124.375,46.0,3131.6,595.2,49.0
324,101.0,2665.3333333333335,368.6666666666667,107.33333333333303,130.33333333333337,3183.6666666666665,486.0,117.66666666666697,96.19999999999982,3083.0,1549.4,136.80000000000018,91.0,3135.0,1175.0,126.0,83.5,2744.5,1059.5,164.5,126.71428571428567,2731.714285714286,422.42857142857144,144.14285714285688,113.75,3068.75,823.25,157.0,95.0,3016.25,1180.5,165.25,120.5,2978.6875,695.1875,142.6875,89.3125,2712.8125,780.6875,125.3125,46.0,3151.8,612.6,49.0
325,98.0,2657.5,368.0,109.5,130.16666666666663,3183.8333333333335,488.5,117.33333333333303,96.59999999999991,3085.0,1552.2,129.4000000000001,94.42857142857133,3132.285714285714,1163.7142857142858,128.57142857142844,84.66666666666674,2760.6666666666665,1056.0,157.33333333333348,121.14285714285717,2728.1428571428573,424.2857142857143,144.4285714285711,114.0,3066.6666666666665,824.6666666666666,158.0,97.0,3027.1666666666665,1177.6666666666667,160.16666666666697,121.0,2979.0,695.0,143.0,87.25,2710.25,779.75,126.25,46.0,3172.0,630.0,49.0
326,95.0,2649.6666666666665,367.3333333333333,111.66666666666697,130.0,3184.0,491.0,117.0,97.0,3087.0,1555.0,122.0,97.85714285714289,3129.5714285714284,1152.4285714285713,131.14285714285734,85.83333333333326,2776.8333333333335,1052.5,150.16666666666652,115.5714285714285,2724.5714285714284,426.14285714285717,144.71428571428578,114.25,3064.5833333333335,826.0833333333334,159.0,99.0,3038.0833333333335,1174.8333333333333,155.08333333333303,120.46153846153845,2980.769230769231,695.3076923076923,141.92307692307668,85.1875,2707.6875,778.8125,127.1875,46.0,3188.5,648.1666666666666,49.0
327,92.0,2641.8333333333335,366.6666666666667,113.83333333333303,129.99999999999994,3184.1666666666665,494.1666666666667,116.5,92.19999999999982,3080.8,1560.4,122.19999999999982,101.28571428571422,3126.8571428571427,1141.142857142857,133.71428571428578,87.0,2793.0,1049.0,143.0,110.0,2721.0,428.0,145.0,114.5,3062.5,827.5,160.0,101.0,3049.0,1172.0,150.0,119.9230769230769,2982.5384615384614,695.6153846153846,140.8461538461538,83.125,2705.125,777.875,128.125,46.0,3205.0,666.3333333333334,49.0
328,89.0,2634.0,366.0,116.0,130.00000000000006,3184.3333333333335,497.3333333333333,116.0,87.40000000000009,3074.6,1565.8,122.40000000000009,104.71428571428578,3124.1428571428573,1129.857142857143,136.28571428571422,85.33333333333348,2799.6666666666665,1048.3333333333333,140.0,108.66666666666669,2721.5833333333335,427.0833333333333,143.66666666666652,114.75,3060.4166666666665,828.9166666666666,161.0,101.21428571428555,3051.5714285714284,1170.0714285714287,149.14285714285734,119.38461538461536,2984.3076923076924,695.9230769230769,139.7692307692305,81.0625,2702.5625,776.9375,129.0625,46.0,3221.5,684.5,49.0
329,91.59999999999997,2623.6,362.8,120.59999999999991,130.0,3184.5,500.5,115.5,82.59999999999991,3068.4,1571.2,122.59999999999991,108.14285714285711,3121.4285714285716,1118.5714285714287,138.85714285714266,83.66666666666652,2806.3333333333335,1047.6666666666667,137.0,107.33333333333331,2722.1666666666665,426.1666666666667,142.33333333333348,115.0,3058.3333333333335,830.3333333333334,162.0,101.42857142857156,3054.1428571428573,1168.142857142857,148.28571428571422,118.84615384615381,2986.076923076923,696.2307692307693,138.69230769230808,79.0,2700.0,776.0,130.0,46.0,3238.0,702.6666666666666,49.0
330,94.19999999999999,2613.2,359.6,125.20000000000027,129.99999999999994,3184.6666666666665,503.6666666666667,115.0,77.80000000000018,3062.2,1576.6,122.80000000000018,111.57142857142867,3118.714285714286,1107.2857142857142,141.42857142857156,82.0,2813.0,1047.0,134.0,106.0,2722.75,425.25,141.0,115.25,3056.25,831.75,163.0,101.64285714285711,3056.714285714286,1166.2142857142858,147.42857142857156,118.30769230769226,2987.846153846154,696.5384615384615,137.61538461538476,81.55555555555554,2699.8888888888887,775.3333333333334,128.66666666666697,46.0,3254.5,720.8333333333334,49.0
331,96.80000000000001,2602.8,356.4,129.79999999999973,130.00000000000006,3184.8333333333335,506.8333333333333,114.5,73.0,3056.0,1582.0,123.0,115.0,3116.0,1096.0,144.0,80.0,2824.0,1046.5,130.75,104.66666666666669,2723.3333333333335,424.3333333333333,139.66666666666652,115.5,3054.1666666666665,833.1666666666666,164.0,101.85714285714289,3059.285714285714,1164.2857142857142,146.57142857142844,117.76923076923083,2989.6153846153848,696.8461538461538,136.53846153846143,84.1111111111112,2699.777777777778,774.6666666666666,127.33333333333348,46.0,3271.0,739.0,49.0
332,99.40000000000003,2592.4,353.2,134.4000000000001,130.0,3185.0,510.0,114.0,77.28571428571445,3052.285714285714,1580.4285714285713,121.0,111.88888888888891,3115.5555555555557,1096.111111111111,143.22222222222217,78.0,2835.0,1046.0,127.5,103.33333333333331,2723.9166666666665,423.4166666666667,138.33333333333348,115.75,3052.0833333333335,834.5833333333334,165.0,102.07142857142844,3061.8571428571427,1162.357142857143,145.71428571428578,117.23076923076917,2991.3846153846152,697.1538461538462,135.46153846153857,86.66666666666663,2699.6666666666665,774.0,126.0,46.0,3281.4285714285716,757.5714285714286,49.0
333,102.0,2582.0,350.0,139.0,125.0,3180.3333333333335,528.0,118.33333333333303,81.57142857142844,3048.5714285714284,1578.857142857143,119.0,108.77777777777783,3115.1111111111113,1096.2222222222222,142.44444444444434,76.0,2846.0,1045.5,124.25,102.0,2724.5,422.5,137.0,116.0,3050.0,836.0,166.0,102.28571428571445,3064.4285714285716,1160.4285714285713,144.85714285714266,116.69230769230774,2993.153846153846,697.4615384615385,134.38461538461524,89.22222222222217,2699.5555555555557,773.3333333333334,124.66666666666652,46.0,3291.8571428571427,776.1428571428571,49.0
334,100.19999999999999,2579.1,351.0,135.5,120.0,3175.6666666666665,546.0,122.66666666666697,85.85714285714289,3044.8571428571427,1577.2857142857142,117.0,105.66666666666674,3114.6666666666665,1096.3333333333333,141.66666666666697,74.0,2857.0,1045.0,121.0,100.66666666666669,2725.0833333333335,421.5833333333333,135.66666666666652,116.25,3047.875,839.75,167.0625,102.5,3067.0,1158.5,144.0,116.15384615384619,2994.923076923077,697.7692307692307,133.30769230769192,91.77777777777783,2699.4444444444443,772.6666666666666,123.33333333333348,46.0,3302.285714285714,794.7142857142857,49.0
335,98.39999999999998,2576.2,352.0,132.0,115.0,3171.0,564.0,127.0,90.14285714285711,3041.1428571428573,1575.7142857142858,115.0,102.55555555555566,3114.222222222222,1096.4444444444443,140.88888888888914,74.36363636363626,2864.4545454545455,1042.6363636363637,119.81818181818198,99.33333333333331,2725.6666666666665,420.6666666666667,134.33333333333348,116.5,3045.75,843.5,168.125,102.71428571428555,3069.5714285714284,1156.5714285714287,143.14285714285734,115.61538461538464,2996.6923076923076,698.0769230769231,132.2307692307695,94.33333333333337,2699.3333333333335,772.0,122.0,46.0,3312.714285714286,813.2857142857142,49.0
336,96.60000000000002,2573.3,353.0,128.5,122.25,3171.5,567.75,128.5,94.42857142857156,3037.4285714285716,1574.142857142857,113.0,99.44444444444434,3113.777777777778,1096.5555555555557,140.11111111111086,74.72727272727275,2871.909090909091,1040.2727272727273,118.63636363636351,98.0,2726.25,419.75,133.0,116.75,3043.625,847.25,169.1875,102.92857142857156,3072.1428571428573,1154.642857142857,142.28571428571422,115.0769230769231,2998.4615384615386,698.3846153846154,131.1538461538462,96.8888888888888,2699.222222222222,771.3333333333334,120.66666666666652,46.0,3323.1428571428573,831.8571428571429,49.0
337,94.80000000000001,2570.4,354.0,125.0,129.5,3172.0,571.5,130.0,98.71428571428555,3033.714285714286,1572.5714285714287,111.0,96.33333333333326,3113.3333333333335,1096.6666666666667,139.33333333333303,75.09090909090901,2879.3636363636365,1037.909090909091,117.4545454545455,96.66666666666669,2726.8333333333335,418.8333333333333,131.66666666666652,117.0,3041.5,851.0,170.25,103.14285714285711,3074.714285714286,1152.7142857142858,141.42857142857156,114.53846153846155,3000.230769230769,698.6923076923077,130.07692307692332,99.44444444444446,2699.1111111111113,770.6666666666666,119.33333333333303,46.0,3333.5714285714284,850.4285714285714,49.0
338,93.0,2567.5,355.0,121.5,136.75,3172.5,575.25,131.5,103.0,3030.0,1571.0,109.0,93.22222222222217,3112.8888888888887,1096.7777777777778,138.55555555555566,75.4545454545455,2886.818181818182,1035.5454545454545,116.27272727272702,95.33333333333331,2727.4166666666665,417.9166666666667,130.33333333333348,117.25,3039.375,854.75,171.3125,103.35714285714289,3077.285714285714,1150.7857142857142,140.57142857142844,114.0,3002.0,699.0,129.0,102.0,2699.0,770.0,118.0,46.0,3344.0,869.0,49.0
339,91.19999999999999,2564.6,356.0,118.0,144.0,3173.0,579.0,133.0,104.69999999999982,3023.4,1571.4,109.19999999999982,90.11111111111109,3112.4444444444443,1096.888888888889,137.77777777777783,75.81818181818176,2894.2727272727275,1033.1818181818182,115.09090909090901,94.0,2728.0,417.0,129.0,117.5,3037.25,858.5,172.375,103.57142857142844,3079.8571428571427,1148.857142857143,139.71428571428578,112.4666666666667,3002.4666666666667,699.4,130.33333333333348,102.4666666666667,2697.3333333333335,771.0,117.9333333333334,46.0,3349.25,886.5,49.0
340,89.39999999999998,2561.7,357.0,114.5,144.0,3174.6666666666665,587.0,131.66666666666697,106.40000000000009,3016.8,1571.8,109.39999999999964,87.0,3112.0,1097.0,137.0,76.18181818181824,2901.7272727272725,1030.8181818181818,113.90909090909099,94.47058823529414,2727.6470588235293,416.88235294117646,130.70588235294144,117.75,3035.125,862.25,173.4375,103.78571428571445,3082.4285714285716,1146.9285714285713,138.85714285714266,110.9333333333334,3002.9333333333334,699.8,131.66666666666652,102.93333333333328,2695.6666666666665,772.0,117.86666666666679,46.0,3354.5,904.0,49.0
341,87.60000000000002,2558.8,358.0,111.0,144.0,3176.3333333333335,595.0,130.33333333333303,108.09999999999991,3010.2,1572.2,109.60000000000036,86.57142857142867,3105.1428571428573,1095.4285714285713,140.85714285714266,76.5454545454545,2909.181818181818,1028.4545454545455,112.72727272727298,94.94117647058823,2727.294117647059,416.7647058823529,132.41176470588198,118.0,3033.0,866.0,174.5,104.0,3085.0,1145.0,138.0,109.39999999999998,3003.4,700.2,133.0,103.39999999999998,2694.0,773.0,117.80000000000018,46.0,3359.75,921.5,49.0
342,85.80000000000001,2555.9,359.0,107.5,144.0,3178.0,603.0,129.0,109.80000000000018,3003.6,1572.6,109.80000000000018,86.14285714285711,3098.285714285714,1093.857142857143,144.71428571428578,76.90909090909099,2916.6363636363635,1026.090909090909,111.5454545454545,95.41176470588232,2726.9411764705883,416.6470588235294,134.11764705882342,118.25,3030.875,869.75,175.5625,102.36363636363649,3083.909090909091,1147.8181818181818,139.0,107.86666666666667,3003.866666666667,700.6,134.33333333333303,103.86666666666667,2692.3333333333335,774.0,117.73333333333312,46.0,3365.0,939.0,49.0
343,84.0,2553.0,360.0,104.0,126.0,3179.3333333333335,628.6666666666666,127.66666666666652,111.5,2997.0,1573.0,110.0,85.71428571428578,3091.4285714285716,1092.2857142857142,148.57142857142844,77.27272727272725,2924.090909090909,1023.7272727272727,110.36363636363649,95.88235294117646,2726.5882352941176,416.52941176470586,135.82352941176487,118.5,3028.75,873.5,176.625,100.72727272727252,3082.818181818182,1150.6363636363637,140.0,106.33333333333337,3004.3333333333335,701.0,135.66666666666652,104.33333333333337,2690.6666666666665,775.0,117.66666666666697,46.0,3357.2,930.6,49.0
344,83.60000000000002,2540.2,360.0,109.40000000000009,108.0,3180.6666666666665,654.3333333333334,126.33333333333348,113.19999999999982,2990.4,1573.4,110.19999999999982,85.28571428571422,3084.5714285714284,1090.7142857142858,152.42857142857156,77.63636363636363,2931.5454545454545,1021.3636363636364,109.18181818181802,96.35294117647055,2726.235294117647,416.4117647058824,137.5294117647063,118.75,3026.625,877.25,177.6875,99.09090909090901,3081.7272727272725,1153.4545454545455,141.0,104.80000000000007,3004.8,701.4,137.0,104.79999999999995,2689.0,776.0,117.59999999999991,46.0,3349.4,922.2,49.0
345,83.19999999999999,2527.4,360.0,114.79999999999973,90.0,3182.0,680.0,125.0,114.90000000000009,2983.8,1573.8,110.39999999999964,84.85714285714289,3077.714285714286,1089.142857142857,156.28571428571422,78.0,2939.0,1019.0,108.0,96.8235294117647,2725.8823529411766,416.29411764705884,139.23529411764684,119.0,3024.5,881.0,178.75,97.4545454545455,3080.6363636363635,1156.2727272727273,142.0,103.26666666666677,3005.266666666667,701.8,138.33333333333303,105.26666666666665,2687.3333333333335,777.0,117.5333333333333,46.0,3341.6,913.8,49.0
346,82.80000000000001,2514.6,360.0,120.20000000000027,97.5,3180.75,686.5,127.0,116.59999999999991,2977.2,1574.2,110.60000000000036,84.42857142857133,3070.8571428571427,1087.5714285714287,160.14285714285734,81.5,2941.375,1016.125,108.875,97.29411764705884,2725.529411764706,416.1764705882353,140.9411764705883,119.25,3022.375,884.75,179.8125,95.81818181818198,3079.5454545454545,1159.090909090909,143.0,101.73333333333323,3005.733333333333,702.2,139.66666666666697,105.73333333333335,2685.6666666666665,778.0,117.4666666666667,46.0,3333.8,905.4,49.0
347,82.39999999999998,2501.8,360.0,125.59999999999991,105.0,3179.5,693.0,129.0,118.30000000000018,2970.6,1574.6,110.80000000000018,84.0,3064.0,1086.0,164.0,85.0,2943.75,1013.25,109.75,97.76470588235298,2725.176470588235,416.05882352941177,142.64705882352973,119.5,3020.25,888.5,180.875,94.18181818181802,3078.4545454545455,1161.909090909091,144.0,100.19999999999993,3006.2,702.6,141.0,106.20000000000005,2684.0,779.0,117.40000000000009,46.0,3326.0,897.0,49.0
348,82.0,2489.0,360.0,131.0,112.5,3178.25,699.5,131.0,120.0,2964.0,1575.0,111.0,84.66666666666652,3063.1111111111113,1084.6666666666667,164.0,88.5,2946.125,1010.375,110.625,98.23529411764702,2724.823529411765,415.94117647058823,144.35294117647027,119.75,3018.125,892.25,181.9375,92.5454545454545,3077.3636363636365,1164.7272727272727,145.0,98.66666666666663,3006.6666666666665,703.0,142.33333333333348,106.66666666666663,2682.3333333333335,780.0,117.33333333333303,46.0,3321.4,880.4,49.0
349,81.60000000000002,2486.6,360.0,126.0,120.0,3177.0,706.0,133.0,115.125,2956.125,1578.0,113.625,85.33333333333348,3062.222222222222,1083.3333333333333,164.0,92.0,2948.5,1007.5,111.5,98.70588235294116,2724.470588235294,415.8235294117647,146.0588235294117,120.0,3016.0,896.0,183.0,90.90909090909099,3076.2727272727275,1167.5454545454545,146.0,97.13333333333333,3007.133333333333,703.4,143.66666666666697,107.13333333333333,2680.6666666666665,781.0,117.26666666666688,46.0,3316.8,863.8,49.0
350,81.19999999999999,2484.2,360.0,121.0,127.25,3173.5,715.5,135.0,110.25,2948.25,1581.0,116.25,86.0,3061.3333333333335,1082.0,164.0,95.5,2950.875,1004.625,112.375,99.1764705882353,2724.1176470588234,415.70588235294116,147.76470588235316,119.69230769230774,3016.6923076923076,895.5384615384615,182.38461538461524,89.27272727272748,3075.181818181818,1170.3636363636363,147.0,95.60000000000002,3007.6,703.8,145.0,107.60000000000002,2679.0,782.0,117.19999999999982,46.0,3312.2,847.2,49.0
351,80.80000000000001,2481.8,360.0,116.0,134.5,3170.0,725.0,137.0,105.375,2940.375,1584.0,118.875,86.66666666666652,3060.4444444444443,1080.6666666666667,164.0,99.0,2953.25,1001.75,113.25,99.64705882352945,2723.764705882353,415.5882352941176,149.4705882352937,119.38461538461536,3017.3846153846152,895.0769230769231,181.76923076923094,87.63636363636351,3074.090909090909,1173.1818181818182,148.0,94.0666666666666,3008.0666666666666,704.2,146.33333333333348,108.06666666666672,2677.3333333333335,783.0,117.13333333333321,46.0,3307.6,830.6,49.0
352,80.39999999999998,2479.4,360.0,111.0,141.75,3166.5,734.5,139.0,100.5,2932.5,1587.0,121.5,87.33333333333348,3059.5555555555557,1079.3333333333333,164.0,102.5,2955.625,998.875,114.125,100.11764705882354,2723.4117647058824,415.47058823529414,151.17647058823513,119.0769230769231,3018.076923076923,894.6153846153846,181.1538461538462,86.0,3073.0,1176.0,149.0,92.5333333333333,3008.5333333333333,704.6,147.66666666666652,108.5333333333333,2675.6666666666665,784.0,117.0666666666666,46.0,3303.0,814.0,49.0
353,80.0,2477.0,360.0,106.0,149.0,3163.0,744.0,141.0,95.625,2924.625,1590.0,124.125,88.0,3058.6666666666665,1078.0,164.0,106.0,2958.0,996.0,115.0,100.58823529411768,2723.0588235294117,415.3529411764706,152.88235294117658,118.76923076923072,3018.769230769231,894.1538461538462,180.53846153846143,86.64285714285711,3070.5,1177.2857142857142,148.78571428571422,91.0,3009.0,705.0,149.0,109.0,2674.0,785.0,117.0,46.0,3293.0,798.7142857142857,49.0
354,80.25,2475.75,360.5,101.0,141.83333333333337,3156.0,755.1666666666666,144.66666666666652,90.75,2916.75,1593.0,126.75,88.66666666666652,3057.777777777778,1076.6666666666667,164.0,103.66666666666674,2958.6666666666665,997.2222222222222,115.22222222222217,101.05882352941171,2722.705882352941,415.2352941176471,154.58823529411802,118.46153846153845,3019.4615384615386,893.6923076923077,179.92307692307668,87.28571428571422,3068.0,1178.5714285714287,148.57142857142844,93.0,3006.8333333333335,704.5,153.5,107.6875,2672.875,786.1875,116.25,46.0,3283.0,783.4285714285714,49.0
355,80.5,2474.5,361.0,96.0,134.66666666666663,3149.0,766.3333333333334,148.33333333333348,85.875,2908.875,1596.0,129.375,89.33333333333348,3056.8888888888887,1075.3333333333333,164.0,101.33333333333337,2959.3333333333335,998.4444444444445,115.44444444444434,101.52941176470586,2722.3529411764707,415.11764705882354,156.29411764705856,118.15384615384608,3020.153846153846,893.2307692307693,179.30769230769238,87.92857142857133,3065.5,1179.857142857143,148.35714285714266,95.0,3004.6666666666665,704.0,158.0,106.375,2671.75,787.375,115.5,46.0,3273.0,768.1428571428571,49.0
356,80.75,2473.25,361.5,91.0,127.5,3142.0,777.5,152.0,81.0,2901.0,1599.0,132.0,90.0,3056.0,1074.0,164.0,99.00000000000011,2960.0,999.6666666666666,115.66666666666652,102.0,2722.0,415.0,158.0,117.84615384615392,3020.846153846154,892.7692307692307,178.69230769230762,88.57142857142867,3063.0,1181.142857142857,148.14285714285734,97.0,3002.5,703.5,162.5,105.0625,2670.625,788.5625,114.75,46.0,3263.0,752.8571428571429,49.0
357,81.0,2472.0,362.0,86.0,120.33333333333337,3135.0,788.6666666666666,155.66666666666652,83.58333333333326,2894.4166666666665,1597.0,131.41666666666697,88.5454545454545,3056.090909090909,1075.0,164.090909090909,96.66666666666674,2960.6666666666665,1000.8888888888889,115.88888888888914,102.18181818181819,2723.2727272727275,414.8181818181818,158.81818181818153,117.53846153846155,3021.5384615384614,892.3076923076923,178.07692307692332,89.21428571428578,3060.5,1182.4285714285713,147.92857142857156,99.0,3000.3333333333335,703.0,167.0,103.75,2669.5,789.75,114.0,46.0,3253.0,737.5714285714286,49.0
358,82.27272727272731,2465.0,363.27272727272725,86.18181818181802,113.16666666666663,3128.0,799.8333333333334,159.33333333333348,86.16666666666674,2887.8333333333335,1595.0,130.83333333333303,87.09090909090901,3056.181818181818,1076.0,164.18181818181847,94.33333333333326,2961.3333333333335,1002.1111111111111,116.11111111111086,102.36363636363637,2724.5454545454545,414.6363636363636,159.6363636363635,117.23076923076928,3022.230769230769,891.8461538461538,177.46153846153857,89.85714285714289,3058.0,1183.7142857142858,147.71428571428578,101.0,2998.1666666666665,702.5,171.5,102.4375,2668.375,790.9375,113.25,46.0,3243.0,722.2857142857143,49.0
359,83.5454545454545,2458.0,364.54545454545456,86.36363636363649,106.0,3121.0,811.0,163.0,88.75,2881.25,1593.0,130.25,85.63636363636374,3056.2727272727275,1077.0,164.27272727272702,91.99999999999989,2962.0,1003.3333333333334,116.33333333333348,102.54545454545456,2725.818181818182,414.45454545454544,160.4545454545455,116.9230769230769,3022.923076923077,891.3846153846154,176.8461538461538,90.5,3055.5,1185.0,147.5,103.0,2996.0,702.0,176.0,101.125,2667.25,792.125,112.5,46.0,3233.0,707.0,49.0
360,84.81818181818181,2451.0,365.8181818181818,86.5454545454545,105.0,3120.75,813.5,162.0,91.33333333333326,2874.6666666666665,1591.0,129.66666666666697,84.18181818181824,3056.3636363636365,1078.0,164.36363636363603,89.66666666666663,2962.6666666666665,1004.5555555555555,116.55555555555566,102.72727272727275,2727.090909090909,414.27272727272725,161.27272727272748,116.61538461538464,3023.6153846153848,890.9230769230769,176.23076923076906,91.14285714285711,3053.0,1186.2857142857142,147.28571428571422,118.0,2993.6666666666665,688.3333333333334,180.66666666666697,99.8125,2666.125,793.3125,111.75,46.0,3219.0,694.6,49.0
361,86.09090909090912,2444.0,367.09090909090907,86.72727272727252,104.0,3120.5,816.0,161.0,93.91666666666674,2868.0833333333335,1589.0,129.08333333333303,82.72727272727275,3056.4545454545455,1079.0,164.4545454545455,87.33333333333326,2963.3333333333335,1005.7777777777778,116.77777777777783,102.90909090909093,2728.3636363636365,414.09090909090907,162.090909090909,116.30769230769226,3024.3076923076924,890.4615384615385,175.61538461538476,91.78571428571422,3050.5,1187.5714285714287,147.07142857142844,133.0,2991.3333333333335,674.6666666666666,185.33333333333303,98.5,2665.0,794.5,111.0,46.0,3205.0,682.2,49.0
362,87.36363636363637,2437.0,368.3636363636364,86.90909090909099,103.0,3120.25,818.5,160.0,96.5,2861.5,1587.0,128.5,81.27272727272725,3056.5454545454545,1080.0,164.5454545454545,85.0,2964.0,1007.0,117.0,103.09090909090907,2729.6363636363635,413.90909090909093,162.909090909091,116.0,3025.0,890.0,175.0,92.42857142857133,3048.0,1188.857142857143,146.85714285714266,148.0,2989.0,661.0,190.0,97.1875,2663.875,795.6875,110.25,46.0,3191.0,669.8,49.0
363,88.63636363636363,2430.0,369.6363636363636,87.09090909090901,102.0,3120.0,821.0,159.0,99.08333333333326,2854.9166666666665,1585.0,127.91666666666697,79.81818181818176,3056.6363636363635,1081.0,164.63636363636397,85.00000000000011,2963.5714285714284,1006.5714285714286,117.5714285714289,103.27272727272725,2730.909090909091,413.72727272727275,163.72727272727252,115.66666666666663,3024.9333333333334,890.0666666666667,174.4666666666667,93.07142857142867,3045.5,1190.142857142857,146.64285714285734,149.375,2990.75,653.375,182.5,95.875,2662.75,796.875,109.5,46.0,3177.0,657.4,49.0
364,89.90909090909088,2423.0,370.90909090909093,87.27272727272748,101.0,3119.75,823.5,158.0,101.66666666666674,2848.3333333333335,1583.0,127.33333333333303,78.36363636363626,3056.7272727272725,1082.0,164.72727272727298,85.0,2963.1428571428573,1006.1428571428571,118.14285714285688,103.45454545454544,2732.181818181818,413.54545454545456,164.5454545454545,115.33333333333337,3024.866666666667,890.1333333333333,173.9333333333334,93.71428571428578,3043.0,1191.4285714285713,146.42857142857156,150.75,2992.5,645.75,175.0,94.5625,2661.625,798.0625,108.75,46.0,3163.0,645.0,49.0
365,91.18181818181819,2416.0,372.1818181818182,87.4545454545455,100.0,3119.5,826.0,157.0,104.25,2841.75,1581.0,126.75,76.90909090909099,3056.818181818182,1083.0,164.81818181818153,85.00000000000011,2962.714285714286,1005.7142857142857,118.71428571428578,103.63636363636363,2733.4545454545455,413.3636363636364,165.3636363636365,115.0,3024.8,890.2,173.39999999999964,94.35714285714289,3040.5,1192.7142857142858,146.21428571428578,152.125,2994.25,638.125,167.5,93.25,2660.5,799.25,108.0,46.0,3149.1666666666665,634.6666666666666,49.0
366,92.4545454545455,2409.0,373.45454545454544,87.63636363636351,99.0,3119.25,828.5,156.0,106.83333333333326,2835.1666666666665,1579.0,126.16666666666697,75.4545454545455,3056.909090909091,1084.0,164.909090909091,84.99999999999989,2962.285714285714,1005.2857142857143,119.28571428571422,103.81818181818181,2734.7272727272725,413.1818181818182,166.18181818181847,114.66666666666663,3024.733333333333,890.2666666666667,172.8666666666668,95.0,3038.0,1194.0,146.0,153.5,2996.0,630.5,160.0,91.9375,2659.375,800.4375,107.25,46.0,3135.3333333333335,624.3333333333334,49.0
367,93.72727272727269,2402.0,374.72727272727275,87.81818181818198,98.0,3119.0,831.0,155.0,109.41666666666674,2828.5833333333335,1577.0,125.58333333333303,74.0,3057.0,1085.0,165.0,85.0,2961.8571428571427,1004.8571428571429,119.85714285714312,104.0,2736.0,413.0,167.0,114.33333333333326,3024.6666666666665,890.3333333333334,172.33333333333348,93.85714285714289,3037.285714285714,1196.142857142857,143.71428571428578,154.875,2997.75,622.875,152.5,90.625,2658.25,801.625,106.5,46.0,3121.5,614.0,49.0
368,95.0,2395.0,376.0,88.0,103.16666666666674,3122.0,829.6666666666666,148.0,112.0,2822.0,1575.0,125.0,76.22222222222217,3056.3333333333335,1084.888888888889,159.8888888888887,84.99999999999989,2961.4285714285716,1004.4285714285714,120.4285714285711,107.42857142857144,2748.285714285714,413.0,160.0,114.0,3024.6,890.4,171.80000000000018,92.71428571428578,3036.5714285714284,1198.2857142857142,141.42857142857156,156.25,2999.5,615.25,145.0,89.3125,2657.125,802.8125,105.75,46.0,3107.6666666666665,603.6666666666666,49.0
369,94.64285714285711,2387.714285714286,380.14285714285717,88.85714285714266,108.33333333333326,3125.0,828.3333333333334,141.0,110.92857142857156,2815.3571428571427,1572.9285714285713,124.42857142857156,78.44444444444434,3055.6666666666665,1084.7777777777778,154.77777777777783,85.0,2961.0,1004.0,121.0,110.85714285714289,2760.5714285714284,413.0,153.0,113.66666666666663,3024.5333333333333,890.4666666666667,171.26666666666688,91.57142857142867,3035.8571428571427,1200.4285714285713,139.14285714285734,157.625,3001.25,607.625,137.5,88.0,2656.0,804.0,105.0,46.0,3093.8333333333335,593.3333333333334,49.0
370,94.28571428571428,2380.4285714285716,384.2857142857143,89.71428571428578,113.5,3128.0,827.0,134.0,109.85714285714289,2808.714285714286,1570.857142857143,123.85714285714266,80.66666666666652,3055.0,1084.6666666666667,149.66666666666652,82.66666666666674,2952.3333333333335,1006.5,125.5,114.28571428571433,2772.8571428571427,413.0,146.0,113.33333333333337,3024.4666666666667,890.5333333333333,170.73333333333312,90.42857142857133,3035.1428571428573,1202.5714285714287,136.85714285714266,159.0,3003.0,600.0,130.0,88.0,2647.733333333333,805.8,105.0,46.0,3080.0,583.0,49.0
371,93.92857142857139,2373.1428571428573,388.42857142857144,90.57142857142844,118.66666666666674,3131.0,825.6666666666666,127.0,108.78571428571445,2802.0714285714284,1568.7857142857142,123.28571428571422,82.88888888888869,3054.3333333333335,1084.5555555555557,144.5555555555552,80.33333333333326,2943.6666666666665,1009.0,130.0,117.71428571428567,2785.1428571428573,413.0,139.0,113.0,3024.4,890.6,170.19999999999982,89.28571428571422,3034.4285714285716,1204.7142857142858,134.57142857142844,156.71428571428567,3000.4285714285716,599.2857142857143,128.4285714285711,88.0,2639.4666666666667,807.6,105.0,46.0,3069.0,580.0,49.0
372,93.57142857142861,2365.8571428571427,392.57142857142856,91.42857142857156,123.83333333333326,3134.0,824.3333333333334,120.0,107.71428571428555,2795.4285714285716,1566.7142857142858,122.71428571428578,85.11111111111131,3053.6666666666665,1084.4444444444443,139.4444444444448,78.0,2935.0,1011.5,134.5,121.14285714285711,2797.4285714285716,413.0,132.0,112.66666666666674,3024.3333333333335,890.6666666666666,169.66666666666652,88.14285714285711,3033.714285714286,1206.857142857143,132.28571428571422,154.42857142857144,2997.8571428571427,598.5714285714286,126.85714285714312,88.0,2631.2,809.4,105.0,46.0,3058.0,577.0,49.0
373,93.21428571428572,2358.5714285714284,396.7142857142857,92.28571428571422,129.0,3137.0,823.0,113.0,106.64285714285711,2788.785714285714,1564.642857142857,122.14285714285734,87.33333333333348,3053.0,1084.3333333333333,134.33333333333348,75.66666666666674,2926.3333333333335,1014.0,139.0,124.57142857142856,2809.714285714286,413.0,125.0,112.33333333333337,3024.266666666667,890.7333333333333,169.1333333333332,87.0,3033.0,1209.0,130.0,152.1428571428571,2995.285714285714,597.8571428571429,125.28571428571422,88.0,2622.9333333333334,811.2,105.0,46.0,3046.75,578.25,49.0
374,92.85714285714289,2351.285714285714,400.85714285714283,93.14285714285734,129.70000000000005,3135.7,820.8,113.80000000000018,105.57142857142844,2782.1428571428573,1562.5714285714287,121.57142857142844,89.55555555555566,3052.3333333333335,1084.2222222222222,129.22222222222217,73.33333333333326,2917.6666666666665,1016.5,143.5,128.0,2822.0,413.0,118.0,112.0,3024.2,890.8,168.60000000000036,88.14285714285711,3025.714285714286,1208.142857142857,132.57142857142844,149.8571428571429,2992.714285714286,597.1428571428571,123.71428571428578,88.0,2614.6666666666665,813.0,105.0,46.0,3035.5,579.5,49.0
375,92.5,2344.0,405.0,94.0,130.39999999999998,3134.4,818.6,114.59999999999991,104.5,2775.5,1560.5,121.0,91.77777777777783,3051.6666666666665,1084.111111111111,124.11111111111131,71.0,2909.0,1019.0,148.0,130.25,2822.5,409.75,121.375,111.66666666666663,3024.133333333333,890.8666666666667,168.0666666666666,89.28571428571445,3018.4285714285716,1207.2857142857142,135.14285714285688,147.57142857142856,2990.1428571428573,596.4285714285714,122.14285714285688,88.0,2606.4,814.8,105.0,46.0,3024.25,580.75,49.0
376,92.14285714285717,2336.714285714286,409.1428571428571,94.85714285714266,131.10000000000002,3133.1,816.4,115.40000000000009,103.42857142857156,2768.8571428571427,1558.4285714285713,120.42857142857156,94.0,3051.0,1084.0,119.0,70.57142857142856,2906.0,1019.7142857142857,147.57142857142844,132.5,2823.0,406.5,124.75,111.33333333333337,3024.0666666666666,890.9333333333333,167.5333333333333,90.42857142857156,3011.1428571428573,1206.4285714285713,137.71428571428532,145.28571428571433,2987.5714285714284,595.7142857142857,120.5714285714289,88.0,2598.133333333333,816.6,105.0,46.0,3013.0,582.0,49.0
377,91.78571428571428,2329.4285714285716,413.2857142857143,95.71428571428578,131.79999999999995,3131.8,814.2,116.19999999999982,102.35714285714289,2762.214285714286,1556.357142857143,119.85714285714266,92.5,3045.5,1085.9,118.80000000000018,70.14285714285722,2903.0,1020.4285714285714,147.14285714285734,134.75,2823.5,403.25,128.125,111.0,3024.0,891.0,167.0,91.57142857142844,3003.8571428571427,1205.5714285714287,140.28571428571468,143.0,2985.0,595.0,119.0,88.0,2589.866666666667,818.4,105.0,46.0,3003.0,582.5,49.0
378,91.42857142857144,2322.1428571428573,417.42857142857144,96.57142857142844,132.5,3130.5,812.0,117.0,101.28571428571445,2755.5714285714284,1554.2857142857142,119.28571428571422,91.0,3040.0,1087.8,118.59999999999991,69.71428571428578,2900.0,1021.1428571428571,146.71428571428578,137.0,2824.0,400.0,131.5,110.64285714285711,3020.5,890.0714285714286,165.28571428571422,92.71428571428555,2996.5714285714284,1204.7142857142858,142.85714285714312,140.75,2984.5,590.3333333333334,119.16666666666652,88.0,2581.6,820.2,105.0,46.0,2993.0,583.0,49.0
379,91.07142857142856,2314.8571428571427,421.57142857142856,97.42857142857156,133.20000000000005,3129.2,809.8,117.80000000000018,100.21428571428555,2748.9285714285716,1552.2142857142858,118.71428571428578,89.5,3034.5,1089.7,118.40000000000009,69.28571428571422,2897.0,1021.8571428571429,146.28571428571422,139.25,2824.5,396.75,134.875,110.28571428571433,3017.0,889.1428571428571,163.57142857142844,93.85714285714289,2989.285714285714,1203.857142857143,145.42857142857156,138.5,2984.0,585.6666666666666,119.33333333333348,88.0,2573.3333333333335,822.0,105.0,46.0,2995.0,581.25,49.0
380,90.71428571428572,2307.5714285714284,425.7142857142857,98.28571428571422,133.89999999999998,3127.9,807.6,118.59999999999991,99.14285714285711,2742.285714285714,1550.142857142857,118.14285714285734,88.0,3029.0,1091.6,118.19999999999982,68.85714285714278,2894.0,1022.5714285714286,145.85714285714266,141.5,2825.0,393.5,138.25,109.92857142857144,3013.5,888.2142857142857,161.85714285714266,95.0,2982.0,1203.0,148.0,136.25,2983.5,581.0,119.5,88.0,2565.0666666666666,823.8,105.0,46.0,2997.0,579.5,49.0
381,90.35714285714278,2300.285714285714,429.8571428571429,99.14285714285734,134.60000000000002,3126.6,805.4,119.40000000000009,98.07142857142844,2735.6428571428573,1548.0714285714287,117.57142857142844,86.5,3023.5,1093.5,118.0,68.42857142857144,2891.0,1023.2857142857143,145.42857142857156,143.75,2825.5,390.25,141.625,109.57142857142856,3010.0,887.2857142857143,160.14285714285734,95.22222222222217,2975.777777777778,1203.2222222222222,148.05555555555566,134.0,2983.0,576.3333333333334,119.66666666666652,88.0,2556.8,825.6,105.0,46.0,2999.0,577.75,49.0
382,90.0,2293.0,434.0,100.0,135.29999999999995,3125.3,803.2,120.19999999999982,97.0,2729.0,1546.0,117.0,85.0,3018.0,1095.4,117.80000000000018,68.0,2888.0,1024.0,145.0,146.0,2826.0,387.0,145.0,109.21428571428567,3006.5,886.3571428571429,158.42857142857156,95.44444444444457,2969.5555555555557,1203.4444444444443,148.11111111111086,131.75,2982.5,571.6666666666666,119.83333333333348,88.0,2548.5333333333333,827.4,105.0,46.0,3001.0,576.0,49.0
383,89.5,2287.0,435.5,89.0,136.0,3124.0,801.0,121.0,96.14285714285711,2721.8571428571427,1545.142857142857,115.85714285714312,83.5,3012.5,1097.3,117.59999999999991,68.39999999999986,2879.2,1023.2,146.4000000000001,142.33333333333331,2823.8888888888887,382.6666666666667,145.66666666666697,108.85714285714289,3003.0,885.4285714285714,156.71428571428578,95.66666666666652,2963.3333333333335,1203.6666666666667,148.16666666666652,129.5,2982.0,567.0,120.0,88.0,2540.266666666667,829.2,105.0,46.0,3009.0,575.0,49.0
384,89.0,2281.0,437.0,78.0,131.75,3117.875,796.125,122.0,95.28571428571445,2714.714285714286,1544.2857142857142,114.71428571428578,82.0,3007.0,1099.2,117.40000000000009,68.80000000000007,2870.4,1022.4,147.79999999999973,138.66666666666669,2821.777777777778,378.3333333333333,146.33333333333348,108.5,2999.5,884.5,155.0,95.88888888888891,2957.1111111111113,1203.888888888889,148.22222222222217,127.25,2981.5,562.3333333333334,120.16666666666652,88.0,2532.0,831.0,105.0,46.0,3017.0,574.0,49.0
385,89.33333333333337,2273.6666666666665,437.0,77.33333333333348,127.5,3111.75,791.25,123.0,94.42857142857156,2707.5714285714284,1543.4285714285713,113.5714285714289,80.5,3001.5,1101.1,117.19999999999982,69.19999999999993,2861.6,1021.6,149.20000000000027,135.0,2819.6666666666665,374.0,147.0,108.14285714285711,2996.0,883.5714285714286,153.28571428571422,96.11111111111109,2950.8888888888887,1204.111111111111,148.27777777777783,125.0,2981.0,557.6666666666666,120.33333333333348,92.28571428571433,2517.1428571428573,832.5714285714286,105.71428571428532,46.0,3025.0,563.3333333333334,49.0
386,89.66666666666663,2266.3333333333335,437.0,76.66666666666652,123.25,3105.625,786.375,124.0,93.57142857142844,2700.4285714285716,1542.5714285714287,112.4285714285711,79.0,2996.0,1103.0,117.0,69.60000000000014,2852.8,1020.8,150.5999999999999,131.33333333333331,2817.5555555555557,369.6666666666667,147.66666666666652,107.78571428571433,2992.5,882.6428571428571,151.57142857142844,96.33333333333348,2944.6666666666665,1204.3333333333333,148.33333333333348,122.75,2980.5,553.0,120.5,96.57142857142856,2502.285714285714,834.1428571428571,106.42857142857156,46.0,3033.0,552.6666666666666,49.0
387,90.0,2259.0,437.0,76.0,119.0,3099.5,781.5,125.0,92.71428571428555,2693.285714285714,1541.7142857142858,111.28571428571422,79.10000000000014,2987.9,1103.1,114.69999999999982,70.0,2844.0,1020.0,152.0,127.66666666666669,2815.4444444444443,365.3333333333333,148.33333333333348,107.42857142857144,2989.0,881.7142857142857,149.85714285714266,96.55555555555543,2938.4444444444443,1204.5555555555557,148.38888888888914,120.5,2980.0,548.3333333333334,120.66666666666652,100.85714285714289,2487.4285714285716,835.7142857142857,107.14285714285688,46.0,3041.0,542.0,49.0
388,88.80000000000001,2249.6,441.3,78.09999999999991,114.75,3093.375,776.625,126.0,91.85714285714289,2686.1428571428573,1540.857142857143,110.14285714285688,79.20000000000005,2979.8,1103.2,112.39999999999964,69.0,2829.0,1020.75,154.0,124.0,2813.3333333333335,361.0,149.0,107.07142857142856,2985.5,880.7857142857143,148.14285714285734,96.77777777777783,2932.222222222222,1204.7777777777778,148.44444444444434,118.25,2979.5,543.6666666666666,120.83333333333348,105.14285714285711,2472.5714285714284,837.2857142857143,107.85714285714312,46.0,3042.5,530.0,49.0
389,87.60000000000002,2240.2,445.6,80.20000000000027,110.5,3087.25,771.75,127.0,91.0,2679.0,1540.0,109.0,79.29999999999995,2971.7,1103.3,110.10000000000036,68.0,2814.0,1021.5,156.0,120.33333333333331,2811.222222222222,356.6666666666667,149.66666666666652,106.71428571428567,2982.0,879.8571428571429,146.42857142857156,97.0,2926.0,1205.0,148.5,116.0,2979.0,539.0,121.0,109.42857142857144,2457.714285714286,838.8571428571429,108.57142857142844,46.0,3044.0,518.0,49.0
390,86.39999999999998,2230.8,449.9,82.29999999999973,106.25,3081.125,766.875,128.0,90.28571428571445,2672.714285714286,1536.4285714285713,107.85714285714266,79.39999999999986,2963.6,1103.4,107.80000000000018,67.0,2799.0,1022.25,158.0,116.66666666666669,2809.1111111111113,352.3333333333333,150.33333333333303,106.35714285714289,2978.5,878.9285714285714,144.71428571428578,97.22222222222217,2919.777777777778,1205.2222222222222,148.55555555555566,115.39999999999998,2976.6,538.4,121.09999999999991,113.71428571428567,2442.8571428571427,840.4285714285714,109.28571428571468,46.0,3038.0,505.5,49.0
391,85.19999999999999,2221.4,454.2,84.40000000000009,102.0,3075.0,762.0,129.0,89.57142857142844,2666.4285714285716,1532.857142857143,106.71428571428578,79.5,2955.5,1103.5,105.5,66.0,2784.0,1023.0,160.0,113.0,2807.0,348.0,151.0,106.0,2975.0,878.0,143.0,97.44444444444457,2913.5555555555557,1205.4444444444443,148.61111111111086,114.80000000000007,2974.2,537.8,121.20000000000027,118.0,2428.0,842.0,110.0,46.0,3032.0,493.0,49.0
392,84.0,2212.0,458.5,86.5,99.60000000000002,3069.0,759.8,131.5999999999999,88.85714285714289,2660.1428571428573,1529.2857142857142,105.57142857142844,79.60000000000014,2947.4,1103.6,103.19999999999982,70.0,2773.25,1021.25,158.5,109.33333333333331,2809.3333333333335,346.0,151.66666666666652,105.6875,2970.0,874.625,141.25,97.66666666666652,2907.3333333333335,1205.6666666666667,148.66666666666652,114.19999999999993,2971.8,537.2,121.29999999999973,114.66666666666663,2414.5555555555557,847.4444444444445,109.44444444444434,46.0,3018.0,481.5,49.0
393,82.80000000000001,2202.6,462.8,88.59999999999991,97.19999999999993,3063.0,757.6,134.19999999999982,88.14285714285711,2653.8571428571427,1525.7142857142858,104.42857142857156,79.70000000000005,2939.3,1103.7,100.89999999999964,74.0,2762.5,1019.5,157.0,105.66666666666669,2811.6666666666665,344.0,152.33333333333348,105.375,2965.0,871.25,139.5,97.88888888888891,2901.1111111111113,1205.888888888889,148.72222222222217,113.60000000000002,2969.4,536.6,121.40000000000009,111.33333333333326,2401.1111111111113,852.8888888888889,108.88888888888869,46.0,3004.0,470.0,49.0
394,81.60000000000002,2193.2,467.1,90.70000000000027,94.80000000000007,3057.0,755.4,136.80000000000018,87.42857142857156,2647.5714285714284,1522.142857142857,103.28571428571422,79.79999999999995,2931.2,1103.8,98.60000000000036,78.0,2751.75,1017.75,155.5,102.0,2814.0,342.0,153.0,105.0625,2960.0,867.875,137.75,98.11111111111109,2894.8888888888887,1206.111111111111,148.77777777777783,113.0,2967.0,536.0,121.5,108.0,2387.6666666666665,858.3333333333334,108.33333333333348,46.0,2990.0,458.5,49.0
395,80.39999999999998,2183.8,471.4,92.79999999999973,92.39999999999998,3051.0,753.2,139.4000000000001,86.71428571428555,2641.285714285714,1518.5714285714287,102.14285714285734,79.89999999999986,2923.1,1103.9,96.30000000000018,82.0,2741.0,1016.0,154.0,101.09090909090907,2806.909090909091,339.54545454545456,151.81818181818153,104.75,2955.0,864.5,136.0,98.33333333333348,2888.6666666666665,1206.3333333333333,148.83333333333348,112.39999999999998,2964.6,535.4,121.59999999999991,104.66666666666663,2374.222222222222,863.7777777777778,107.77777777777783,46.0,2976.0,447.0,49.0
396,79.19999999999999,2174.4,475.7,94.90000000000009,90.0,3045.0,751.0,142.0,86.0,2635.0,1515.0,101.0,80.0,2915.0,1104.0,94.0,86.33333333333337,2733.0,1014.6666666666666,136.66666666666652,100.18181818181819,2799.818181818182,337.09090909090907,150.6363636363635,104.4375,2950.0,861.125,134.25,98.55555555555543,2882.4444444444443,1206.5555555555557,148.88888888888914,111.80000000000007,2962.2,534.8,121.70000000000027,101.33333333333337,2360.777777777778,869.2222222222222,107.22222222222217,46.0,2959.1666666666665,437.3333333333333,49.0
397,78.0,2165.0,480.0,97.0,89.25,3032.75,747.75,139.75,86.29166666666674,2626.5833333333335,1511.2083333333333,101.04166666666652,80.25,2897.0,1105.0,104.0,90.66666666666663,2725.0,1013.3333333333334,119.33333333333348,99.27272727272731,2792.7272727272725,334.6363636363636,149.4545454545455,104.125,2945.0,857.75,132.5,98.77777777777783,2876.222222222222,1206.7777777777778,148.94444444444434,111.19999999999993,2959.8,534.2,121.79999999999973,98.0,2347.3333333333335,874.6666666666666,106.66666666666652,46.0,2942.3333333333335,427.6666666666667,49.0
398,78.16666666666669,2153.0,482.72222222222223,98.05555555555566,88.5,3020.5,744.5,137.5,86.58333333333326,2618.1666666666665,1507.4166666666667,101.08333333333348,80.5,2879.0,1106.0,114.0,95.0,2717.0,1012.0,102.0,98.36363636363637,2785.6363636363635,332.1818181818182,148.27272727272748,103.8125,2940.0,854.375,130.75,99.0,2870.0,1207.0,149.0,110.60000000000002,2957.4,533.6,121.90000000000009,94.66666666666674,2333.8888888888887,880.1111111111111,106.11111111111131,46.0,2925.5,418.0,49.0
399,78.33333333333337,2141.0,485.44444444444446,99.11111111111131,87.75,3008.25,741.25,135.25,86.875,2609.75,1503.625,101.125,80.75,2861.0,1107.0,124.0,91.0,2674.0,1011.0,129.0,97.45454545454544,2778.5454545454545,329.72727272727275,147.090909090909,103.5,2935.0,851.0,129.0,99.0,2869.714285714286,1207.7142857142858,143.14285714285688,110.0,2955.0,533.0,122.0,91.33333333333337,2320.4444444444443,885.5555555555555,105.55555555555566,46.0,2908.6666666666665,408.3333333333333,49.0
400,78.49999999999994,2129.0,488.1666666666667,100.16666666666652,87.0,2996.0,738.0,133.0,87.16666666666674,2601.3333333333335,1499.8333333333333,101.16666666666652,81.0,2843.0,1108.0,134.0,90.28571428571433,2658.1428571428573,1008.7142857142857,126.4285714285711,96.54545454545456,2771.4545454545455,327.27272727272725,145.909090909091,103.1875,2930.0,847.625,127.25,99.0,2869.4285714285716,1208.4285714285713,137.28571428571422,109.23076923076928,2952.076923076923,534.0,120.15384615384619,88.0,2307.0,891.0,105.0,46.0,2891.8333333333335,398.6666666666667,49.0
401,78.66666666666663,2117.0,490.8888888888889,101.22222222222217,88.60000000000002,2986.4,735.4,134.0,87.45833333333326,2592.9166666666665,1496.0416666666667,101.20833333333348,81.0,2835.5,1109.1666666666667,131.83333333333348,89.57142857142856,2642.285714285714,1006.4285714285714,123.85714285714312,95.63636363636363,2764.3636363636365,324.8181818181818,144.72727272727252,102.875,2925.0,844.25,125.5,99.0,2869.1428571428573,1209.142857142857,131.4285714285711,108.46153846153845,2949.153846153846,535.0,118.30769230769238,88.27272727272725,2290.3636363636365,895.3636363636364,107.36363636363603,46.0,2875.0,389.0,49.0
402,78.83333333333337,2105.0,493.6111111111111,102.27777777777783,90.20000000000005,2976.8,732.8,135.0,87.75,2584.5,1492.25,101.25,81.0,2828.0,1110.3333333333333,129.66666666666652,88.85714285714289,2626.4285714285716,1004.1428571428571,121.28571428571422,94.72727272727269,2757.2727272727275,322.3636363636364,143.5454545454545,102.5625,2920.0,840.875,123.75,99.0,2868.8571428571427,1209.857142857143,125.5714285714289,107.69230769230774,2946.230769230769,536.0,116.46153846153857,88.5454545454545,2273.7272727272725,899.7272727272727,109.72727272727298,46.0,2858.5,387.0,49.0
403,79.00000000000006,2093.0,496.3333333333333,103.33333333333348,91.79999999999995,2967.2,730.2,136.0,88.04166666666674,2576.0833333333335,1488.4583333333333,101.29166666666652,81.0,2820.5,1111.5,127.5,88.14285714285711,2610.5714285714284,1001.8571428571429,118.71428571428578,93.81818181818187,2750.181818181818,319.9090909090909,142.3636363636365,102.25,2915.0,837.5,122.0,99.0,2868.5714285714284,1210.5714285714287,119.71428571428578,106.9230769230769,2943.3076923076924,537.0,114.61538461538476,88.81818181818176,2257.090909090909,904.0909090909091,112.09090909090901,46.0,2842.0,385.0,49.0
404,79.16666666666663,2081.0,499.05555555555554,104.38888888888869,93.39999999999998,2957.6,727.6,137.0,88.33333333333326,2567.6666666666665,1484.6666666666667,101.33333333333348,81.0,2813.0,1112.6666666666667,125.33333333333348,87.42857142857144,2594.714285714286,999.5714285714286,116.14285714285688,92.90909090909093,2743.090909090909,317.45454545454544,141.18181818181847,101.9375,2910.0,834.125,120.25,99.0,2868.285714285714,1211.2857142857142,113.85714285714312,106.15384615384619,2940.3846153846152,538.0,112.76923076923094,89.09090909090901,2240.4545454545455,908.4545454545455,114.4545454545455,46.0,2819.5,383.0,49.0
405,79.33333333333331,2069.0,501.77777777777777,105.44444444444434,95.0,2948.0,725.0,138.0,88.625,2559.25,1480.875,101.375,81.0,2805.5,1113.8333333333333,123.16666666666652,86.71428571428567,2578.8571428571427,997.2857142857143,113.5714285714289,92.0,2736.0,315.0,140.0,101.625,2905.0,830.75,118.5,99.0,2868.0,1212.0,108.0,105.38461538461536,2937.4615384615386,539.0,110.92307692307668,89.36363636363626,2223.818181818182,912.8181818181819,116.81818181818153,46.0,2797.0,381.0,49.0
406,79.5,2057.0,504.5,106.5,96.60000000000002,2938.2,722.4,132.0,88.91666666666674,2550.8333333333335,1477.0833333333333,101.41666666666652,81.0,2798.0,1115.0,121.0,86.0,2563.0,995.0,111.0,91.0,2719.0,312.5,149.0,101.3125,2900.0,827.375,116.75,98.86666666666679,2857.5333333333333,1212.8666666666666,110.4666666666667,104.61538461538464,2934.5384615384614,540.0,109.07692307692332,89.63636363636374,2207.181818181818,917.1818181818181,119.18181818181847,46.0,2774.5,365.5,49.0
407,79.66666666666669,2045.0,507.22222222222223,107.55555555555566,98.20000000000005,2928.4,719.8,126.0,89.20833333333326,2542.4166666666665,1473.2916666666667,101.45833333333348,81.14285714285711,2786.4285714285716,1114.2857142857142,118.4285714285711,85.5,2541.25,992.5,122.25,90.0,2702.0,310.0,158.0,101.0,2895.0,824.0,115.0,98.73333333333335,2847.0666666666666,1213.7333333333333,112.9333333333334,103.84615384615381,2931.6153846153848,541.0,107.23076923076906,89.90909090909099,2190.5454545454545,921.5454545454545,121.5454545454545,46.0,2752.0,350.0,49.0
408,79.83333333333337,2033.0,509.94444444444446,108.61111111111131,99.79999999999995,2918.6,717.2,120.0,89.5,2534.0,1469.5,101.5,81.28571428571422,2774.8571428571427,1113.5714285714287,115.85714285714312,85.0,2519.5,990.0,133.5,93.40000000000003,2698.0,304.4,158.0,100.71428571428567,2886.9285714285716,822.9285714285714,115.71428571428578,98.60000000000014,2836.6,1214.6,115.40000000000009,103.0769230769231,2928.6923076923076,542.0,105.38461538461524,90.18181818181824,2173.909090909091,925.9090909090909,123.90909090909099,46.0,2743.5,328.5,49.0
409,80.0,2021.0,512.6666666666666,109.66666666666652,101.39999999999998,2908.8,714.6,114.0,89.79166666666674,2525.5833333333335,1465.7083333333333,101.54166666666652,81.42857142857133,2763.285714285714,1112.857142857143,113.28571428571422,84.5,2497.75,987.5,144.75,96.80000000000001,2694.0,298.8,158.0,100.42857142857144,2878.8571428571427,821.8571428571429,116.42857142857156,98.4666666666667,2826.133333333333,1215.4666666666667,117.86666666666679,102.30769230769226,2925.769230769231,543.0,103.53846153846143,90.4545454545455,2157.272727272727,930.2727272727273,126.27272727272748,46.0,2735.0,307.0,49.0
410,80.16666666666663,2009.0,515.3888888888889,110.72222222222217,103.0,2899.0,712.0,108.0,90.08333333333326,2517.1666666666665,1461.9166666666667,101.58333333333348,81.57142857142867,2751.714285714286,1112.142857142857,110.71428571428578,84.0,2476.0,985.0,156.0,100.19999999999999,2690.0,293.2,158.0,100.14285714285711,2870.785714285714,820.7857142857143,117.14285714285734,98.33333333333348,2815.6666666666665,1216.3333333333333,120.33333333333348,101.53846153846155,2922.846153846154,544.0,101.69230769230762,90.72727272727263,2140.6363636363635,934.6363636363636,128.63636363636397,46.0,2733.0,296.6666666666667,49.0
411,80.33333333333337,1997.0,518.1111111111111,111.77777777777783,101.33333333333326,2881.1666666666665,709.3333333333334,117.0,90.375,2508.75,1458.125,101.625,81.71428571428578,2740.1428571428573,1111.4285714285713,108.14285714285688,85.20000000000005,2457.6,983.8,149.5999999999999,103.59999999999997,2686.0,287.6,158.0,99.85714285714289,2862.714285714286,819.7142857142857,117.85714285714266,98.20000000000005,2805.2,1217.2,122.80000000000018,100.76923076923072,2919.923076923077,545.0,99.84615384615381,91.0,2124.0,939.0,131.0,46.0,2731.0,286.3333333333333,49.0
412,80.5,1985.0,520.8333333333334,112.83333333333348,99.66666666666674,2863.3333333333335,706.6666666666666,126.0,90.66666666666674,2500.3333333333335,1454.3333333333333,101.66666666666652,81.85714285714289,2728.5714285714284,1110.7142857142858,105.5714285714289,86.39999999999998,2439.2,982.6,143.20000000000027,107.0,2682.0,282.0,158.0,99.57142857142856,2854.6428571428573,818.6428571428571,118.57142857142844,98.06666666666683,2794.733333333333,1218.0666666666666,125.26666666666688,100.0,2917.0,546.0,98.0,91.20000000000005,2105.6,943.2,133.30000000000018,46.0,2729.0,276.0,49.0
413,80.66666666666663,1973.0,523.5555555555555,113.88888888888869,98.0,2845.5,704.0,135.0,90.95833333333326,2491.9166666666665,1450.5416666666667,101.70833333333348,82.0,2717.0,1110.0,103.0,87.60000000000002,2420.8,981.4,136.79999999999973,106.875,2671.875,286.0,155.5,99.28571428571433,2846.5714285714284,817.5714285714286,119.28571428571422,97.93333333333317,2784.266666666667,1218.9333333333334,127.73333333333312,100.10000000000002,2907.3,546.1,99.09999999999991,91.39999999999998,2087.2,947.4,135.60000000000036,46.0,2714.25,281.25,49.0
414,80.83333333333326,1961.0,526.2777777777778,114.94444444444434,96.33333333333326,2827.6666666666665,701.3333333333334,144.0,91.25,2483.5,1446.75,101.75,82.0,2700.1666666666665,1109.3333333333333,109.83333333333348,88.79999999999995,2402.4,980.2,130.4000000000001,106.75,2661.75,290.0,153.0,99.0,2838.5,816.5,120.0,97.79999999999995,2773.8,1219.8,130.19999999999982,100.19999999999993,2897.6,546.2,100.20000000000027,91.60000000000002,2068.8,951.6,137.89999999999964,46.0,2699.5,286.5,49.0
415,81.0,1949.0,529.0,116.0,94.66666666666674,2809.8333333333335,698.6666666666666,153.0,91.54166666666674,2475.0833333333335,1442.9583333333333,101.79166666666652,82.0,2683.3333333333335,1108.6666666666667,116.66666666666652,90.0,2384.0,979.0,124.0,106.625,2651.625,294.0,150.5,98.71428571428567,2830.4285714285716,815.4285714285714,120.71428571428578,97.66666666666652,2763.3333333333335,1220.6666666666667,132.66666666666652,100.30000000000007,2887.9,546.3,101.29999999999973,91.79999999999995,2050.4,955.8,140.19999999999982,46.0,2684.75,291.75,49.0
416,82.90909090909088,1934.0,533.0,116.27272727272748,93.0,2792.0,696.0,162.0,91.83333333333326,2466.6666666666665,1439.1666666666667,101.83333333333348,82.0,2666.5,1108.0,123.5,87.33333333333326,2358.3333333333335,976.0,133.33333333333303,106.5,2641.5,298.0,148.0,98.42857142857144,2822.3571428571427,814.3571428571429,121.42857142857156,97.5333333333333,2752.866666666667,1221.5333333333333,135.1333333333332,100.39999999999998,2878.2,546.4,102.40000000000009,92.0,2032.0,960.0,142.5,46.0,2670.0,297.0,49.0
417,84.81818181818187,1919.0,537.0,116.5454545454545,92.85714285714278,2778.8571428571427,693.8571428571429,157.0,92.125,2458.25,1435.375,101.875,82.0,2649.6666666666665,1107.3333333333333,130.33333333333348,84.66666666666674,2332.6666666666665,973.0,142.66666666666697,106.375,2631.375,302.0,145.5,98.14285714285711,2814.285714285714,813.2857142857143,122.14285714285734,97.39999999999986,2742.4,1222.4,137.5999999999999,100.5,2868.5,546.5,103.5,92.20000000000005,2013.6,964.2,144.80000000000018,46.0,2648.25,303.75,49.0
418,86.72727272727275,1904.0,541.0,116.81818181818176,92.71428571428578,2765.714285714286,691.7142857142857,152.0,92.41666666666674,2449.8333333333335,1431.5833333333333,101.91666666666652,82.0,2632.8333333333335,1106.6666666666667,137.16666666666652,82.0,2307.0,970.0,152.0,106.25,2621.25,306.0,143.0,97.85714285714289,2806.214285714286,812.2142857142857,122.85714285714266,97.26666666666665,2731.9333333333334,1223.2666666666667,140.0666666666666,100.60000000000002,2858.8,546.6,104.59999999999991,92.39999999999998,1995.2,968.4,147.10000000000014,46.0,2626.5,310.5,49.0
419,88.63636363636363,1889.0,545.0,117.09090909090901,92.57142857142856,2752.5714285714284,689.5714285714286,147.0,92.70833333333326,2441.4166666666665,1427.7916666666667,101.95833333333348,82.0,2616.0,1106.0,144.0,80.0,2285.0,965.75,146.25,106.125,2611.125,310.0,140.5,97.57142857142856,2798.1428571428573,811.1428571428571,123.57142857142844,97.13333333333321,2721.4666666666667,1224.1333333333334,142.5333333333333,100.69999999999993,2849.1,546.7,105.70000000000027,92.60000000000002,1976.8,972.6,149.39999999999986,46.0,2604.75,317.25,49.0
420,90.5454545454545,1874.0,549.0,117.36363636363626,92.42857142857144,2739.4285714285716,687.4285714285714,142.0,93.0,2433.0,1424.0,102.0,83.0,2609.1666666666665,1106.0,136.16666666666697,78.0,2263.0,961.5,140.5,106.0,2601.0,314.0,138.0,97.28571428571433,2790.0714285714284,810.0714285714286,124.28571428571422,97.0,2711.0,1225.0,145.0,100.80000000000007,2839.4,546.8,106.79999999999973,92.79999999999995,1958.4,976.8,151.69999999999982,46.0,2583.0,324.0,49.0
421,92.4545454545455,1859.0,553.0,117.63636363636374,92.28571428571422,2726.285714285714,685.2857142857143,137.0,93.26666666666688,2423.5333333333333,1420.8666666666666,103.26666666666688,84.0,2602.3333333333335,1106.0,128.33333333333303,76.0,2241.0,957.25,134.75,105.66666666666669,2590.6666666666665,318.0,144.66666666666697,97.0,2782.0,809.0,125.0,96.9375,2701.625,1225.5625,143.25,100.89999999999998,2829.7,546.9,107.90000000000009,93.0,1940.0,981.0,154.0,46.0,2562.0,331.5,49.0
422,94.36363636363637,1844.0,557.0,117.90909090909099,92.14285714285722,2713.1428571428573,683.1428571428571,132.0,93.5333333333333,2414.0666666666666,1417.7333333333333,104.5333333333333,85.0,2595.5,1106.0,120.5,74.0,2219.0,953.0,129.0,105.33333333333331,2580.3333333333335,322.0,151.33333333333303,97.4375,2774.3125,808.84375,124.15625,96.875,2692.25,1226.125,141.5,101.0,2820.0,547.0,109.0,93.22222222222217,1916.6666666666667,985.2222222222222,156.22222222222194,46.0,2541.0,339.0,49.0
423,96.27272727272725,1829.0,561.0,118.18181818181824,92.0,2700.0,681.0,127.0,93.80000000000018,2404.6,1414.6,105.80000000000018,86.0,2588.6666666666665,1106.0,112.66666666666697,75.33333333333326,2192.0,951.0,141.33333333333348,105.0,2570.0,326.0,158.0,97.875,2766.625,808.6875,123.3125,96.8125,2682.875,1226.6875,139.75,101.25,2804.5,547.25,110.0,93.44444444444446,1893.3333333333333,989.4444444444445,158.44444444444457,46.0,2534.0,336.6666666666667,49.0
424,98.18181818181824,1814.0,565.0,118.4545454545455,92.0,2680.0,679.5,134.5,94.0666666666666,2395.133333333333,1411.4666666666667,107.0666666666666,87.0,2581.8333333333335,1106.0,104.83333333333303,76.66666666666674,2165.0,949.0,153.66666666666652,106.0,2557.0,325.85714285714283,157.28571428571422,98.3125,2758.9375,808.53125,122.46875,96.75,2673.5,1227.25,138.0,101.5,2789.0,547.5,111.0,93.66666666666663,1870.0,993.6666666666666,160.66666666666674,46.0,2527.0,334.3333333333333,49.0
425,100.09090909090912,1799.0,569.0,118.72727272727275,92.0,2660.0,678.0,142.0,94.33333333333348,2385.6666666666665,1408.3333333333333,108.33333333333348,88.0,2575.0,1106.0,97.0,78.0,2138.0,947.0,166.0,107.0,2544.0,325.7142857142857,156.57142857142844,98.75,2751.25,808.375,121.625,96.6875,2664.125,1227.8125,136.25,101.75,2773.5,547.75,112.0,93.88888888888891,1846.6666666666667,997.8888888888889,162.8888888888889,46.0,2520.0,332.0,49.0
426,102.0,1784.0,573.0,119.0,92.0,2640.0,676.5,149.5,94.59999999999991,2376.2,1405.2,109.60000000000036,88.0,2555.25,1104.5,105.5,78.25,2120.5,946.0,150.25,108.0,2531.0,325.57142857142856,155.85714285714266,99.1875,2743.5625,808.21875,120.78125,96.625,2654.75,1228.375,134.5,102.0,2758.0,548.0,113.0,94.11111111111109,1823.3333333333333,1002.1111111111111,165.1111111111111,46.0,2516.5,325.5,49.0
427,99.5,1766.625,581.375,120.875,92.0,2620.0,675.0,157.0,94.86666666666679,2366.733333333333,1402.0666666666666,110.86666666666679,88.0,2535.5,1103.0,114.0,78.5,2103.0,945.0,134.5,109.0,2518.0,325.42857142857144,155.14285714285734,99.625,2735.875,808.0625,119.9375,96.5625,2645.375,1228.9375,132.75,102.0,2745.9166666666665,547.1666666666666,115.75,94.33333333333337,1800.0,1006.3333333333334,167.33333333333326,46.0,2513.0,319.0,49.0
428,97.0,1749.25,589.75,122.75,92.0,2602.375,673.625,156.25,95.13333333333321,2357.266666666667,1398.9333333333334,112.13333333333321,88.0,2515.75,1101.5,122.5,78.75,2085.5,944.0,118.75,110.0,2505.0,325.2857142857143,154.42857142857156,100.0625,2728.1875,807.90625,119.09375,96.5,2636.0,1229.5,131.0,102.0,2733.8333333333335,546.3333333333334,118.5,94.55555555555554,1776.6666666666667,1010.5555555555555,169.55555555555543,46.0,2501.6666666666665,319.0,49.0
429,94.5,1731.875,598.125,124.625,92.0,2584.75,672.25,155.5,95.40000000000009,2347.8,1395.8,113.39999999999964,88.0,2496.0,1100.0,131.0,79.0,2068.0,943.0,103.0,111.0,2492.0,325.14285714285717,153.71428571428578,100.5,2720.5,807.75,118.25,96.4375,2626.625,1230.0625,129.25,102.0,2721.75,545.5,121.25,94.77777777777783,1753.3333333333333,1014.7777777777778,171.77777777777783,46.0,2490.3333333333335,319.0,49.0
430,92.0,1714.5,606.5,126.5,92.0,2567.125,670.875,154.75,95.66666666666652,2338.3333333333335,1392.6666666666667,114.66666666666652,87.75,2486.25,1098.5,129.5,80.66666666666674,2038.3333333333333,939.6666666666666,121.00000000000023,112.0,2479.0,325.0,153.0,100.9375,2712.8125,807.59375,117.40625,96.375,2617.25,1230.625,127.5,102.0,2709.6666666666665,544.6666666666666,124.0,95.0,1730.0,1019.0,174.0,46.0,2479.0,319.0,49.0
431,89.5,1697.125,614.875,128.375,92.0,2549.5,669.5,154.0,95.9333333333334,2328.866666666667,1389.5333333333333,115.9333333333334,87.5,2476.5,1097.0,128.0,82.33333333333326,2008.6666666666667,936.3333333333334,138.99999999999977,111.0,2459.777777777778,330.8888888888889,156.11111111111086,101.375,2705.125,807.4375,116.5625,96.3125,2607.875,1231.1875,125.75,102.0,2697.5833333333335,543.8333333333334,126.75,96.357142857143,1712.142857142857,1019.7142857142857,172.78571428571422,46.0,2458.0,324.0,49.0
432,87.0,1679.75,623.25,130.25,92.0,2531.875,668.125,153.25,96.19999999999982,2319.4,1386.4,117.19999999999982,87.25,2466.75,1095.5,126.5,84.0,1979.0,933.0,157.0,110.0,2440.5555555555557,336.77777777777777,159.22222222222217,101.8125,2697.4375,807.28125,115.71875,96.25,2598.5,1231.75,124.0,102.0,2685.5,543.0,129.5,97.71428571428567,1694.2857142857142,1020.4285714285714,171.57142857142867,46.0,2437.0,329.0,49.0
433,84.5,1662.375,631.625,132.125,92.0,2514.25,666.75,152.5,96.4666666666667,2309.9333333333334,1383.2666666666667,118.4666666666667,87.0,2457.0,1094.0,125.0,83.75,1958.25,930.75,147.25,109.0,2421.3333333333335,342.6666666666667,162.33333333333303,102.25,2689.75,807.125,114.875,96.1875,2589.125,1232.3125,122.25,102.0,2673.4166666666665,542.1666666666666,132.25,99.07142857142867,1676.4285714285713,1021.1428571428571,170.3571428571429,46.0,2411.3333333333335,341.3333333333333,49.0
434,82.0,1645.0,640.0,134.0,92.0,2496.625,665.375,151.75,96.73333333333312,2300.4666666666667,1380.1333333333334,119.73333333333312,87.0,2449.3333333333335,1093.0,110.66666666666652,83.5,1937.5,928.5,137.5,108.0,2402.1111111111113,348.55555555555554,165.44444444444434,102.6875,2682.0625,806.96875,114.03125,96.125,2579.75,1232.875,120.5,102.0,2661.3333333333335,541.3333333333334,135.0,100.42857142857133,1658.5714285714287,1021.8571428571429,169.1428571428571,46.0,2385.6666666666665,353.6666666666667,49.0
435,86.75,1625.0,647.75,135.75,92.0,2479.0,664.0,151.0,97.0,2291.0,1377.0,121.0,87.0,2441.6666666666665,1092.0,96.33333333333348,83.25,1916.75,926.25,127.75,107.0,2382.8888888888887,354.44444444444446,168.55555555555566,103.125,2674.375,806.8125,113.1875,96.0625,2570.375,1233.4375,118.75,102.0,2649.25,540.5,137.75,101.78571428571433,1640.7142857142858,1022.5714285714286,167.92857142857133,46.0,2360.0,366.0,49.0
436,91.5,1605.0,655.5,137.5,92.0,2461.375,662.625,150.25,97.35294117647072,2281.529411764706,1373.8235294117646,119.94117647058829,87.0,2434.0,1091.0,82.0,83.0,1896.0,924.0,118.0,106.0,2363.6666666666665,360.3333333333333,171.66666666666697,103.5625,2666.6875,806.65625,112.34375,96.0,2561.0,1234.0,117.0,102.0,2637.1666666666665,539.6666666666666,140.5,103.142857142857,1622.857142857143,1023.2857142857143,166.71428571428578,46.0,2335.25,381.0,49.0
437,96.25,1585.0,663.25,139.25,92.0,2443.75,661.25,149.5,97.70588235294099,2272.0588235294117,1370.6470588235295,118.88235294117658,87.0,2413.8,1090.6,96.0,89.57142857142867,1868.7142857142858,916.7142857142857,125.14285714285711,105.0,2344.4444444444443,366.22222222222223,174.77777777777783,104.0,2659.0,806.5,111.5,95.92857142857156,2549.785714285714,1234.2857142857142,115.21428571428578,102.0,2625.0833333333335,538.8333333333334,143.25,104.5,1605.0,1024.0,165.5,46.0,2310.5,396.0,49.0
438,101.0,1565.0,671.0,141.0,92.0,2426.125,659.875,148.75,98.05882352941171,2262.5882352941176,1367.4705882352941,117.82352941176487,87.0,2393.6,1090.2,110.0,96.14285714285711,1841.4285714285713,909.4285714285714,132.28571428571445,104.0,2325.222222222222,372.1111111111111,177.88888888888914,104.4375,2651.3125,806.34375,110.65625,95.85714285714266,2538.5714285714284,1234.5714285714287,113.42857142857156,102.0,2613.0,538.0,146.0,105.85714285714289,1587.142857142857,1024.7142857142858,164.28571428571445,46.0,2285.75,411.0,49.0
439,101.44444444444446,1547.3333333333333,675.2222222222222,143.44444444444457,92.0,2408.5,658.5,148.0,98.41176470588243,2253.1176470588234,1364.2941176470588,116.76470588235316,87.0,2373.4,1089.8,124.0,102.71428571428578,1814.142857142857,902.1428571428571,139.42857142857156,103.0,2306.0,378.0,181.0,104.875,2643.625,806.1875,109.8125,95.78571428571422,2527.3571428571427,1234.857142857143,111.64285714285734,102.0,2603.625,538.75,140.875,107.21428571428578,1569.2857142857142,1025.4285714285713,163.07142857142867,46.0,2261.0,426.0,49.0
440,101.88888888888891,1529.6666666666667,679.4444444444445,145.8888888888889,92.0,2390.875,657.125,147.25,98.76470588235316,2243.6470588235293,1361.1176470588234,115.70588235294144,87.0,2353.2,1089.4,138.0,109.28571428571422,1786.857142857143,894.8571428571429,146.57142857142844,103.19999999999999,2289.4,380.8,176.0,105.3125,2635.9375,806.03125,108.96875,95.71428571428578,2516.1428571428573,1235.142857142857,109.85714285714266,102.0,2594.25,539.5,135.75,108.57142857142867,1551.4285714285713,1026.142857142857,161.8571428571429,46.0,2239.6666666666665,440.6666666666667,49.0
441,102.33333333333337,1512.0,683.6666666666666,148.33333333333326,92.0,2373.25,655.75,146.5,99.11764705882342,2234.176470588235,1357.9411764705883,114.64705882352973,87.0,2333.0,1089.0,152.0,115.85714285714289,1759.5714285714284,887.5714285714286,153.71428571428578,103.39999999999998,2272.8,383.6,171.0,105.75,2628.25,805.875,108.125,95.64285714285734,2504.9285714285716,1235.4285714285713,108.07142857142844,102.0,2584.875,540.25,130.625,109.92857142857133,1533.5714285714287,1026.857142857143,160.6428571428571,46.0,2218.3333333333335,455.3333333333333,49.0
442,102.77777777777771,1494.3333333333333,687.8888888888889,150.77777777777783,92.0,2355.625,654.375,145.75,99.47058823529414,2224.705882352941,1354.764705882353,113.58823529411802,87.0,2320.5,1087.7,150.5,122.42857142857133,1732.2857142857142,880.2857142857143,160.8571428571429,103.60000000000002,2256.2,386.4,166.0,106.1875,2620.5625,805.71875,107.28125,95.57142857142844,2493.714285714286,1235.7142857142858,106.28571428571422,102.0,2575.5,541.0,125.5,111.28571428571422,1515.7142857142858,1027.5714285714287,159.42857142857133,46.0,2197.0,470.0,49.0
443,103.22222222222229,1476.6666666666667,692.1111111111111,153.22222222222217,92.0,2338.0,653.0,145.0,99.82352941176487,2215.235294117647,1351.5882352941176,112.52941176470631,87.0,2308.0,1086.4,149.0,129.0,1705.0,873.0,168.0,103.80000000000001,2239.6,389.2,161.0,106.625,2612.875,805.5625,106.4375,95.5,2482.5,1236.0,104.5,102.0,2566.125,541.75,120.375,112.64285714285711,1497.857142857143,1028.2857142857142,158.21428571428555,46.0,2187.0,471.0,49.0
444,103.66666666666663,1459.0,696.3333333333334,155.66666666666674,92.85714285714289,2320.1428571428573,653.1428571428571,137.85714285714266,100.17647058823513,2205.764705882353,1348.4117647058824,111.47058823529369,87.0,2295.5,1085.1,147.5,127.0,1691.6666666666667,872.0,146.0,104.0,2223.0,392.0,156.0,107.0625,2605.1875,805.40625,105.59375,95.42857142857156,2471.285714285714,1236.2857142857142,102.71428571428578,102.0,2556.75,542.5,115.25,114.0,1480.0,1029.0,157.0,46.0,2177.0,472.0,49.0
445,104.11111111111109,1441.3333333333333,700.5555555555555,158.1111111111111,93.71428571428567,2302.285714285714,653.2857142857143,130.71428571428578,100.52941176470586,2196.294117647059,1345.235294117647,110.41176470588198,87.0,2283.0,1083.8,146.0,125.0,1678.3333333333333,871.0,124.0,104.16666666666663,2205.5,397.1666666666667,151.33333333333348,107.5,2597.5,805.25,104.75,95.35714285714266,2460.0714285714284,1236.5714285714287,100.92857142857156,102.0,2547.375,543.25,110.125,112.08333333333326,1461.5,1033.4166666666667,155.33333333333326,46.0,2171.5,473.0,49.0
446,104.55555555555554,1423.6666666666667,704.7777777777778,160.55555555555543,94.57142857142856,2284.4285714285716,653.4285714285714,123.57142857142844,100.88235294117658,2186.823529411765,1342.0588235294117,109.35294117647027,87.0,2270.5,1082.5,144.5,123.0,1665.0,870.0,102.0,104.33333333333337,2188.0,402.3333333333333,146.66666666666652,107.9375,2589.8125,805.09375,103.90625,95.28571428571422,2448.8571428571427,1236.857142857143,99.14285714285734,102.0,2538.0,544.0,105.0,110.16666666666674,1443.0,1037.8333333333333,153.66666666666674,46.0,2166.0,474.0,49.0
447,105.0,1406.0,709.0,163.0,95.42857142857144,2266.5714285714284,653.5714285714286,116.42857142857156,101.23529411764684,2177.3529411764707,1338.8823529411766,108.29411764705856,87.0,2258.0,1081.2,143.0,120.5,1636.8333333333333,873.1666666666666,114.5,104.5,2170.5,407.5,142.0,108.375,2582.125,804.9375,103.0625,95.21428571428578,2437.6428571428573,1237.142857142857,97.35714285714266,102.0,2521.4,542.4666666666667,107.79999999999973,108.25,1424.5,1042.25,152.0,46.0,2154.3333333333335,477.0,49.0
448,105.54545454545462,1388.409090909091,713.1818181818181,160.27272727272725,96.28571428571433,2248.714285714286,653.7142857142857,109.28571428571422,101.58823529411757,2167.8823529411766,1335.7058823529412,107.23529411764684,87.0,2245.5,1079.9,141.5,118.0,1608.6666666666667,876.3333333333334,127.0,104.66666666666669,2153.0,412.6666666666667,137.33333333333348,108.8125,2574.4375,804.78125,102.21875,95.14285714285734,2426.4285714285716,1237.4285714285713,95.57142857142844,102.0,2504.8,540.9333333333333,110.59999999999991,106.33333333333326,1406.0,1046.6666666666667,150.33333333333326,46.0,2142.6666666666665,480.0,49.0
449,106.09090909090912,1370.8181818181818,717.3636363636364,157.5454545454545,97.14285714285711,2230.8571428571427,653.8571428571429,102.14285714285734,101.94117647058829,2158.4117647058824,1332.5294117647059,106.17647058823513,87.0,2233.0,1078.6,140.0,115.5,1580.5,879.5,139.5,104.83333333333331,2135.5,417.8333333333333,132.66666666666652,109.25,2566.75,804.625,101.375,95.07142857142844,2415.214285714286,1237.7142857142858,93.78571428571422,102.0,2488.2,539.4,113.40000000000009,104.41666666666674,1387.5,1051.0833333333333,148.66666666666674,46.0,2131.0,483.0,49.0
450,106.63636363636363,1353.2272727272727,721.5454545454545,154.81818181818176,98.0,2213.0,654.0,95.0,102.29411764705901,2148.9411764705883,1329.3529411764705,105.11764705882342,87.0,2220.5,1077.3,138.5,113.0,1552.3333333333333,882.6666666666666,152.0,105.0,2118.0,423.0,128.0,109.6875,2559.0625,804.46875,100.53125,95.0,2404.0,1238.0,92.0,102.0,2471.6,537.8666666666667,116.20000000000027,102.5,1369.0,1055.5,147.0,46.0,2111.25,484.75,49.0
451,107.18181818181813,1335.6363636363637,725.7272727272727,152.090909090909,97.39999999999998,2188.4,653.2,109.40000000000009,102.64705882352928,2139.470588235294,1326.1764705882354,104.05882352941171,87.0,2208.0,1076.0,137.0,110.5,1524.1666666666667,885.8333333333334,164.5,104.33333333333337,2094.0,426.0,140.0,110.125,2551.375,804.3125,99.6875,95.0,2388.0,1238.6,101.80000000000018,102.0,2455.0,536.3333333333334,119.0,100.58333333333326,1350.5,1059.9166666666667,145.33333333333326,46.0,2091.5,486.5,49.0
452,107.72727272727275,1318.0454545454545,729.9090909090909,149.3636363636365,96.80000000000007,2163.8,652.4,123.79999999999973,103.0,2130.0,1323.0,103.0,87.0,2195.8888888888887,1074.3333333333333,136.77777777777783,108.0,1496.0,889.0,177.0,103.66666666666663,2070.0,429.0,152.0,110.5625,2543.6875,804.15625,98.84375,95.0,2372.0,1239.2,111.59999999999991,102.0,2438.4,534.8,121.79999999999973,98.66666666666674,1332.0,1064.3333333333333,143.66666666666674,46.0,2071.75,488.25,49.0
453,108.27272727272725,1300.4545454545455,734.0909090909091,146.6363636363635,96.19999999999993,2139.2,651.6,138.20000000000027,101.0,2116.3333333333335,1320.6666666666667,113.66666666666652,87.0,2183.777777777778,1072.6666666666667,136.55555555555566,105.5,1482.0,891.0,163.0,103.0,2046.0,432.0,164.0,111.0,2536.0,804.0,98.0,95.0,2356.0,1239.8,121.40000000000009,102.0,2421.8,533.2666666666667,124.59999999999991,96.75,1313.5,1068.75,142.0,46.0,2052.0,490.0,49.0
454,108.81818181818187,1282.8636363636363,738.2727272727273,143.909090909091,95.60000000000002,2114.6,650.8,152.5999999999999,99.0,2102.6666666666665,1318.3333333333333,124.33333333333348,87.0,2171.6666666666665,1071.0,136.33333333333348,103.0,1468.0,893.0,149.0,101.0,2020.5,434.75,167.75,111.0,2527.25,806.25,98.0,95.0,2340.0,1240.4,131.19999999999982,102.0,2405.2,531.7333333333333,127.40000000000009,94.83333333333326,1295.0,1073.1666666666667,140.33333333333326,46.0,2021.0,489.75,49.0
455,109.36363636363637,1265.2727272727273,742.4545454545455,141.18181818181824,95.0,2090.0,650.0,167.0,97.0,2089.0,1316.0,135.0,87.0,2159.5555555555557,1069.3333333333333,136.11111111111086,100.5,1436.75,894.25,153.25,99.0,1995.0,437.5,171.5,111.0,2518.5,808.5,98.0,95.0,2324.0,1241.0,141.0,102.0,2388.6,530.2,130.20000000000027,92.91666666666674,1276.5,1077.5833333333333,138.66666666666674,46.0,1990.0,489.5,49.0
456,109.90909090909088,1247.6818181818182,746.6363636363636,138.45454545454527,94.33333333333337,2076.0,649.0,151.0,95.11111111111131,2080.0,1313.4444444444443,131.55555555555566,87.0,2147.4444444444443,1067.6666666666667,135.88888888888914,98.0,1405.5,895.5,157.5,97.0,1969.5,440.25,175.25,111.0,2509.75,810.75,98.0,95.0,2312.3333333333335,1241.6666666666667,141.25,102.0,2372.0,528.6666666666666,133.0,91.0,1258.0,1082.0,137.0,46.0,1959.0,489.25,49.0
457,110.45454545454538,1230.090909090909,750.8181818181819,135.72727272727275,93.66666666666663,2062.0,648.0,135.0,93.22222222222217,2071.0,1310.888888888889,128.1111111111113,87.0,2135.3333333333335,1066.0,135.66666666666652,95.5,1374.25,896.75,161.75,95.0,1944.0,443.0,179.0,111.0,2501.0,813.0,98.0,95.0,2300.6666666666665,1242.3333333333333,141.5,102.0,2355.4,527.1333333333333,135.79999999999973,90.9230769230769,1241.3846153846155,1083.2307692307693,139.0,46.0,1928.0,489.0,49.0
458,111.0,1212.5,755.0,133.0,93.0,2048.0,647.0,119.0,91.33333333333348,2062.0,1308.3333333333333,124.66666666666652,87.0,2123.222222222222,1064.3333333333333,135.44444444444434,93.0,1343.0,898.0,166.0,93.0,1918.5,445.75,182.75,111.0,2492.25,815.25,98.0,95.0,2289.0,1243.0,141.75,102.0,2338.8,525.6,138.5999999999999,90.84615384615381,1224.7692307692307,1084.4615384615386,141.0,46.0,1896.25,490.75,49.0
459,111.54545454545462,1194.909090909091,759.1818181818181,130.27272727272725,93.0,2023.6666666666667,645.3333333333334,125.66666666666674,89.44444444444434,2053.0,1305.7777777777778,121.22222222222217,87.0,2111.1111111111113,1062.6666666666667,135.22222222222217,93.79999999999995,1329.2,896.2,163.5999999999999,91.0,1893.0,448.5,186.5,111.0,2483.5,817.5,98.0,95.0,2277.3333333333335,1243.6666666666667,142.0,102.0,2322.2,524.0666666666667,141.4000000000001,90.76923076923094,1208.1538461538462,1085.6923076923076,143.0,46.0,1864.5,492.5,49.0
460,112.09090909090912,1177.3181818181818,763.3636363636364,127.54545454545473,93.0,1999.3333333333333,643.6666666666666,132.33333333333326,87.55555555555566,2044.0,1303.2222222222222,117.77777777777783,87.0,2099.0,1061.0,135.0,94.60000000000002,1315.4,894.4,161.19999999999982,89.0,1867.5,451.25,190.25,111.0,2474.75,819.75,98.0,95.0,2265.6666666666665,1244.3333333333333,142.25,102.0,2305.6,522.5333333333333,144.20000000000027,90.69230769230762,1191.5384615384614,1086.923076923077,145.0,46.0,1832.75,494.25,49.0
461,112.63636363636374,1159.7272727272727,767.5454545454545,124.81818181818176,93.0,1975.0,642.0,139.0,85.66666666666652,2035.0,1300.6666666666667,114.33333333333348,87.0,2088.6666666666665,1060.111111111111,132.0,95.39999999999998,1301.6,892.6,158.80000000000018,87.0,1842.0,454.0,194.0,111.0,2466.0,822.0,98.0,95.0,2254.0,1245.0,142.5,102.0,2289.0,521.0,147.0,90.61538461538453,1174.923076923077,1088.1538461538462,147.0,46.0,1801.0,496.0,49.0
462,113.18181818181813,1142.1363636363637,771.7272727272727,122.09090909090901,93.0,1951.8,644.4,145.39999999999986,83.77777777777783,2026.0,1298.111111111111,110.88888888888869,87.0,2078.3333333333335,1059.2222222222222,129.0,96.20000000000005,1287.8,890.8,156.4000000000001,87.75,1819.5,457.25,193.25,111.0,2454.5714285714284,821.7142857142857,98.0,95.0,2242.3333333333335,1245.6666666666667,142.75,102.0,2274.05,520.4,147.0,90.53846153846143,1158.3076923076924,1089.3846153846155,149.0,46.0,1773.6666666666667,500.0,49.0
463,113.72727272727275,1124.5454545454545,775.9090909090909,119.36363636363649,93.0,1928.6,646.8,151.80000000000018,81.88888888888869,2017.0,1295.5555555555557,107.44444444444434,87.0,2068.0,1058.3333333333333,126.0,97.0,1274.0,889.0,154.0,88.5,1797.0,460.5,192.5,111.0,2443.1428571428573,821.4285714285714,98.0,95.0,2230.6666666666665,1246.3333333333333,143.0,102.0,2259.1,519.8,147.0,90.46153846153857,1141.6923076923076,1090.6153846153845,151.0,46.0,1746.3333333333333,504.0,49.0
464,114.27272727272725,1106.9545454545455,780.0909090909091,116.63636363636351,93.0,1905.4,649.2,158.19999999999982,80.0,2008.0,1293.0,104.0,87.0,2057.6666666666665,1057.4444444444443,123.0,95.0,1253.3333333333333,892.0,146.0,89.25,1774.5,463.75,191.75,111.0,2431.714285714286,821.1428571428571,98.0,95.0,2219.0,1247.0,143.25,102.0,2244.15,519.2,147.0,90.38461538461547,1125.076923076923,1091.8461538461538,153.0,46.0,1719.0,508.0,49.0
465,114.81818181818187,1089.3636363636363,784.2727272727273,113.90909090909099,93.0,1882.2,651.6,164.5999999999999,81.53846153846166,1997.2307692307693,1290.5384615384614,105.84615384615358,87.0,2047.3333333333333,1056.5555555555557,120.00000000000023,93.0,1232.6666666666667,895.0,138.0,90.0,1752.0,467.0,191.0,111.0,2420.285714285714,820.8571428571429,98.0,95.0,2207.3333333333335,1247.6666666666667,143.5,102.0,2229.2,518.6,147.0,90.30769230769238,1108.4615384615386,1093.076923076923,155.0,46.00000000000006,1700.3333333333333,503.3333333333333,49.0
466,115.36363636363626,1071.7727272727273,788.4545454545455,111.18181818181824,93.0,1859.0,654.0,171.0,83.0769230769231,1986.4615384615386,1288.076923076923,107.69230769230762,87.0,2037.0,1055.6666666666667,117.0,91.0,1212.0,898.0,130.0,90.75,1729.5,470.25,190.25,111.0,2408.8571428571427,820.5714285714286,98.0,95.0,2195.6666666666665,1248.3333333333333,143.75,102.0,2214.25,518.0,147.0,90.23076923076906,1091.8461538461538,1094.3076923076924,157.0,45.99999999999994,1681.6666666666667,498.6666666666667,49.0
467,115.90909090909088,1054.1818181818182,792.6363636363636,108.45454545454527,99.25,1837.75,653.0,159.5,84.61538461538476,1975.6923076923076,1285.6153846153845,109.53846153846143,87.0,2026.6666666666667,1054.7777777777778,113.99999999999977,91.75,1191.25,900.75,136.0,91.5,1707.0,473.5,189.5,111.0,2397.4285714285716,820.2857142857143,98.0,95.0,2184.0,1249.0,144.0,102.0,2199.3,517.4,147.0,90.15384615384619,1075.2307692307693,1095.5384615384614,159.0,46.0,1663.0,494.0,49.0
468,116.45454545454538,1036.590909090909,796.8181818181819,105.72727272727275,105.5,1816.5,652.0,148.0,86.15384615384619,1964.923076923077,1283.1538461538462,111.38461538461547,87.0,2016.3333333333333,1053.888888888889,111.00000000000023,92.5,1170.5,903.5,142.0,92.25,1684.5,476.75,188.75,111.0,2386.0,820.0,98.0,95.75,2174.125,1249.5,140.75,102.0,2184.35,516.8,147.0,90.0769230769231,1058.6153846153845,1096.7692307692307,161.0,46.0,1647.2,490.0,49.0
469,117.0,1019.0,801.0,103.0,111.75,1795.25,651.0,136.5,87.69230769230785,1954.1538461538462,1280.6923076923076,113.23076923076906,87.0,2006.0,1053.0,108.0,93.25,1149.75,906.25,148.0,93.0,1662.0,480.0,188.0,111.0,2374.5714285714284,819.7142857142857,98.0,96.5,2164.25,1250.0,137.5,102.0,2169.4,516.2,147.0,90.0,1042.0,1098.0,163.0,46.0,1631.4,486.0,49.0
470,114.625,1004.375,804.5,102.375,118.0,1774.0,650.0,125.0,89.23076923076928,1943.3846153846155,1278.2307692307693,115.0769230769231,87.36363636363626,1994.4545454545455,1050.4545454545455,107.27272727272702,94.0,1129.0,909.0,154.0,94.0,1638.6666666666667,481.44444444444446,186.8888888888889,111.0,2363.1428571428573,819.4285714285714,98.0,97.25,2154.375,1250.5,134.25,102.0,2154.45,515.6,147.0,90.76470588235293,1028.7058823529412,1098.3529411764705,161.82352941176464,46.0,1615.6,482.0,49.0
471,112.25,989.75,808.0,101.75,125.75,1745.5,643.5,145.25,90.76923076923072,1932.6153846153845,1275.7692307692307,116.9230769230769,87.72727272727275,1982.909090909091,1047.909090909091,106.5454545454545,93.5,1110.6666666666667,912.5,150.5,95.0,1615.3333333333333,482.8888888888889,185.77777777777783,111.0,2351.714285714286,819.1428571428571,98.0,98.0,2144.5,1251.0,131.0,102.0,2139.5,515.0,147.0,91.52941176470586,1015.4117647058823,1098.7058823529412,160.6470588235294,46.0,1599.8,478.0,49.0
472,109.875,975.125,811.5,101.125,133.5,1717.0,637.0,165.5,92.30769230769215,1921.8461538461538,1273.3076923076924,118.76923076923072,88.09090909090924,1971.3636363636363,1045.3636363636363,105.81818181818176,93.0,1092.3333333333333,916.0,147.0,96.00000000000006,1592.0,484.3333333333333,184.66666666666674,111.0,2340.285714285714,818.8571428571429,98.0,98.75,2134.625,1251.5,127.75,102.0,2124.55,514.4,147.0,92.29411764705878,1002.1176470588235,1099.0588235294117,159.47058823529403,46.0,1584.0,474.0,49.0
473,107.5,960.5,815.0,100.5,141.25,1688.5,630.5,185.75,93.84615384615381,1911.076923076923,1270.8461538461538,120.61538461538453,88.4545454545455,1959.8181818181818,1042.8181818181818,105.09090909090924,92.5,1074.0,919.5,143.5,97.00000000000006,1568.6666666666667,485.77777777777777,183.55555555555543,111.0,2328.8571428571427,818.5714285714286,98.0,99.5,2124.75,1252.0,124.5,102.0,2109.6,513.8,147.0,93.05882352941171,988.8235294117648,1099.4117647058824,158.29411764705867,45.99999999999994,1565.3333333333333,474.6666666666667,49.0
474,105.125,945.875,818.5,99.875,149.0,1660.0,624.0,206.0,95.38461538461524,1900.3076923076924,1268.3846153846155,122.46153846153834,88.81818181818176,1948.2727272727273,1040.2727272727273,104.36363636363626,92.0,1055.6666666666667,923.0,140.0,97.99999999999994,1545.3333333333333,487.22222222222223,182.44444444444457,111.0,2317.4285714285716,818.2857142857143,98.0,100.25,2114.875,1252.5,121.25,102.0,2094.65,513.2,147.0,93.82352941176464,975.5294117647059,1099.764705882353,157.11764705882365,46.00000000000006,1546.6666666666667,475.3333333333333,49.0
475,102.75,931.25,822.0,99.25,148.39999999999998,1639.6,624.6,195.0,96.9230769230769,1889.5384615384614,1265.923076923077,124.30769230769238,89.18181818181824,1936.7272727272727,1037.7272727272727,103.63636363636374,91.5,1037.3333333333333,926.5,136.5,98.99999999999994,1522.0,488.6666666666667,181.33333333333326,111.0,2306.0,818.0,98.0,101.0,2105.0,1253.0,118.0,102.0,2079.7,512.6,147.0,94.5882352941178,962.2352941176471,1100.1176470588234,155.9411764705883,46.0,1528.0,476.0,49.0
476,100.375,916.625,825.5,98.625,147.79999999999995,1619.2,625.2,184.0,98.46153846153834,1878.7692307692307,1263.4615384615386,126.15384615384619,89.5454545454545,1925.1818181818182,1035.1818181818182,102.90909090909076,91.0,1019.0,930.0,133.0,100.0,1498.6666666666667,490.1111111111111,180.22222222222217,111.0,2295.764705882353,817.3529411764706,101.11764705882342,101.66666666666652,2092.0,1253.5555555555557,117.44444444444434,102.0,2064.75,512.0,147.0,95.3529411764705,948.9411764705883,1100.4705882352941,154.76470588235293,46.00000000000006,1503.3333333333333,481.3333333333333,49.0
477,98.0,902.0,829.0,98.0,147.20000000000005,1598.8,625.8,173.0,100.0,1868.0,1261.0,128.0,89.90909090909076,1913.6363636363637,1032.6363636363637,102.18181818181802,90.66666666666663,1002.0,933.6666666666666,131.33333333333326,101.0,1475.3333333333333,491.55555555555554,179.1111111111111,111.0,2285.529411764706,816.7058823529412,104.2352941176473,102.33333333333326,2079.0,1254.111111111111,116.88888888888869,102.0,2049.8,511.4,147.0,96.11764705882365,935.6470588235294,1100.8235294117646,153.58823529411768,45.99999999999994,1478.6666666666667,486.6666666666667,49.0
478,98.42857142857133,889.2857142857143,829.2857142857143,100.14285714285711,146.60000000000002,1578.4,626.4,162.0,96.375,1859.375,1260.625,125.25,90.27272727272725,1902.090909090909,1030.090909090909,101.4545454545455,90.33333333333337,985.0,937.3333333333334,129.66666666666674,102.0,1452.0,493.0,178.0,111.0,2275.294117647059,816.0588235294117,107.35294117647027,103.0,2066.0,1254.6666666666667,116.33333333333348,101.99999999999994,2034.85,510.8,147.0,96.88235294117635,922.3529411764706,1101.1764705882354,152.41176470588232,46.0,1454.0,492.0,49.0
479,98.85714285714289,876.5714285714286,829.5714285714286,102.28571428571433,146.0,1558.0,627.0,151.0,92.75,1850.75,1260.25,122.5,90.63636363636374,1890.5454545454545,1027.5454545454545,100.72727272727275,90.0,968.0,941.0,128.0,99.89999999999998,1430.6,501.0,175.80000000000018,111.0,2265.0588235294117,815.4117647058823,110.47058823529414,103.66666666666674,2053.0,1255.2222222222222,115.77777777777783,102.00000000000006,2019.9,510.2,147.0,97.6470588235295,909.0588235294117,1101.5294117647059,151.23529411764707,46.00000000000006,1425.6666666666667,502.3333333333333,49.0
480,99.28571428571422,863.8571428571429,829.8571428571429,104.42857142857144,145.75,1537.5,627.5,161.25,89.125,1842.125,1259.875,119.75,91.0,1879.0,1025.0,100.0,89.66666666666663,951.0,944.6666666666666,126.33333333333326,97.79999999999995,1409.2,509.0,173.5999999999999,111.0,2254.823529411765,814.7647058823529,113.58823529411757,104.33333333333326,2040.0,1255.7777777777778,115.22222222222217,102.0,2004.95,509.6,146.99999999999977,98.4117647058822,895.7647058823529,1101.8823529411766,150.0588235294117,46.0,1397.3333333333333,512.6666666666666,49.0
481,99.71428571428578,851.1428571428571,830.1428571428571,106.57142857142856,145.5,1517.0,628.0,171.5,85.5,1833.5,1259.5,117.0,91.25,1863.25,1023.25,106.75,89.33333333333337,934.0,948.3333333333334,124.66666666666674,95.70000000000005,1387.8,517.0,171.4000000000001,111.0,2244.5882352941176,814.1176470588235,116.70588235294144,105.0,2027.0,1256.3333333333333,114.66666666666652,102.0,1990.0,509.0,147.0,99.17647058823536,882.4705882352941,1102.235294117647,148.88235294117635,46.0,1369.0,523.0,49.0
482,100.14285714285711,838.4285714285714,830.4285714285714,108.71428571428567,145.25,1496.5,628.5,181.75,81.875,1824.875,1259.125,114.25,91.5,1847.5,1021.5,113.5,89.0,917.0,952.0,123.0,93.60000000000002,1366.4,525.0,169.19999999999982,111.0,2234.3529411764707,813.4705882352941,119.82352941176441,105.66666666666674,2014.0,1256.888888888889,114.11111111111131,102.0,1974.3333333333333,508.8888888888889,147.03703703703718,99.94117647058829,869.1764705882354,1102.5882352941176,147.7058823529411,46.0,1342.3333333333333,536.3333333333334,49.0
483,100.57142857142867,825.7142857142858,830.7142857142857,110.85714285714278,145.0,1476.0,629.0,192.0,78.25,1816.25,1258.75,111.5,91.75,1831.75,1019.75,120.25,88.60000000000014,900.0,956.8,121.39999999999998,91.5,1345.0,533.0,167.0,111.0,2224.1176470588234,812.8235294117648,122.94117647058829,106.33333333333348,2001.0,1257.4444444444443,113.55555555555566,102.00000000000006,1958.6666666666667,508.77777777777777,147.07407407407413,100.70588235294122,855.8823529411765,1102.9411764705883,146.52941176470597,46.0,1315.6666666666667,549.6666666666666,49.0
484,101.0,813.0,831.0,113.0,148.5,1457.5,634.5,196.5,74.625,1807.625,1258.375,108.75,92.0,1816.0,1018.0,127.0,88.19999999999993,883.0,961.6,119.79999999999995,89.39999999999998,1323.6,541.0,164.80000000000018,111.0,2213.8823529411766,812.1764705882352,126.05882352941171,107.0,1988.0,1258.0,113.0,101.99999999999994,1943.0,508.6666666666667,147.1111111111113,101.47058823529414,842.5882352941177,1103.2941176470588,145.3529411764706,46.0,1289.0,563.0,49.0
485,101.375,800.25,831.375,110.0,152.0,1439.0,640.0,201.0,71.0,1799.0,1258.0,106.0,92.375,1806.375,1016.125,125.125,87.80000000000007,866.0,966.4,118.20000000000005,87.29999999999995,1302.2,549.0,162.5999999999999,111.0,2203.6470588235293,811.5294117647059,129.1764705882356,105.57142857142867,1973.142857142857,1262.142857142857,119.71428571428555,102.0,1927.3333333333333,508.55555555555554,147.14814814814804,102.23529411764707,829.2941176470588,1103.6470588235295,144.17647058823536,46.0,1270.0,571.3333333333334,49.0
486,101.75,787.5,831.75,107.0,155.33333333333337,1420.3333333333333,645.6666666666666,189.0,72.75,1789.875,1255.5,104.875,92.75,1796.75,1014.25,123.25,87.39999999999986,849.0,971.2,116.60000000000002,85.20000000000005,1280.8,557.0,160.4000000000001,111.0,2193.4117647058824,810.8823529411765,132.29411764705856,104.14285714285711,1958.2857142857142,1266.2857142857142,126.42857142857156,102.0,1911.6666666666667,508.44444444444446,147.185185185185,103.0,816.0,1104.0,143.0,46.0,1251.0,579.6666666666666,49.0
487,102.125,774.75,832.125,104.0,158.66666666666663,1401.6666666666667,651.3333333333334,177.0,74.5,1780.75,1253.0,103.75,93.125,1787.125,1012.375,121.375,87.0,832.0,976.0,115.0,83.10000000000002,1259.4,565.0,158.19999999999982,111.0,2183.176470588235,810.2352941176471,135.41176470588243,102.71428571428578,1943.4285714285713,1270.4285714285713,133.1428571428571,102.00000000000006,1896.0,508.3333333333333,147.22222222222217,101.75,808.5625,1104.0,142.5625,46.0,1232.0,588.0,49.0
488,102.5,762.0,832.5,101.0,162.0,1383.0,657.0,165.0,76.25,1771.625,1250.5,102.625,93.5,1777.5,1010.5,119.5,86.75,819.0,978.75,113.5,81.0,1238.0,573.0,156.0,111.0,2172.9411764705883,809.5882352941177,138.52941176470586,101.28571428571422,1928.5714285714287,1274.5714285714287,139.8571428571429,101.99999999999994,1880.3333333333333,508.22222222222223,147.25925925925935,100.5,801.125,1104.0,142.125,46.0,1219.0,597.0,49.0
489,102.875,749.25,832.875,98.0,154.0,1364.5,662.5,164.25,78.0,1762.5,1248.0,101.5,93.875,1767.875,1008.625,117.625,86.5,806.0,981.5,112.0,82.4545454545455,1215.0,579.2727272727273,156.18181818181824,111.0,2162.705882352941,808.9411764705883,141.64705882352973,99.85714285714289,1913.7142857142858,1278.7142857142858,146.57142857142844,102.0,1864.6666666666667,508.1111111111111,147.2962962962963,99.25,793.6875,1104.0,141.6875,46.0,1203.0,594.0,49.0
490,103.25,736.5,833.25,95.0,146.0,1346.0,668.0,163.5,79.75,1753.375,1245.5,100.375,94.25,1758.25,1006.75,115.75,86.25,793.0,984.25,110.5,83.90909090909099,1192.0,585.5454545454545,156.36363636363626,111.0,2152.470588235294,808.2941176470588,144.7647058823527,98.42857142857133,1898.857142857143,1282.857142857143,153.28571428571445,102.0,1849.0,508.0,147.33333333333326,98.0,786.25,1104.0,141.25,46.0,1186.0,594.6,49.0
491,103.625,723.75,833.625,92.0,138.0,1327.5,673.5,162.75,81.5,1744.25,1243.0,99.25,94.625,1748.625,1004.875,113.875,86.0,780.0,987.0,109.0,85.36363636363626,1169.0,591.8181818181819,156.5454545454545,111.0,2142.235294117647,807.6470588235294,147.88235294117658,97.0,1884.0,1287.0,160.0,102.0,1833.3333333333333,507.8888888888889,147.37037037037044,96.75,778.8125,1104.0,140.8125,46.0,1169.0,595.2,49.0
492,104.0,711.0,834.0,89.0,130.0,1309.0,679.0,162.0,83.25,1735.125,1240.5,98.125,95.0,1739.0,1003.0,112.0,87.0,769.625,988.5,106.75,86.81818181818176,1146.0,598.0909090909091,156.72727272727275,111.0,2132.0,807.0,151.0,94.5,1874.25,1291.25,147.75,102.00000000000006,1817.6666666666667,507.77777777777777,147.4074074074074,95.5,771.375,1104.0,140.375,46.0,1152.0,595.8,49.0
493,106.40000000000009,702.0,829.8,96.20000000000005,125.0,1290.3333333333333,684.6666666666666,168.0,85.0,1726.0,1238.0,97.0,94.89999999999998,1730.2,998.6,110.29999999999995,88.0,759.25,990.0,104.5,88.27272727272725,1123.0,604.3636363636364,156.909090909091,111.0,2125.4,806.6,148.94999999999982,92.0,1864.5,1295.5,135.5,101.99999999999994,1802.0,507.6666666666667,147.44444444444434,94.25,763.9375,1104.0,139.9375,46.0,1135.0,596.4,49.0
494,108.79999999999995,693.0,825.6,103.39999999999998,120.0,1271.6666666666667,690.3333333333334,174.0,85.20000000000005,1717.95,1236.35,97.45000000000005,94.79999999999995,1721.4,994.2,108.59999999999991,89.0,748.875,991.5,102.25,89.72727272727275,1100.0,610.6363636363636,157.090909090909,111.0,2118.8,806.2,146.89999999999964,89.5,1854.75,1299.75,123.25,102.0,1786.3333333333333,507.55555555555554,147.48148148148152,93.0,756.5,1104.0,139.5,46.0,1118.0,597.0,49.0
495,111.20000000000005,684.0,821.4,110.60000000000002,115.0,1253.0,696.0,180.0,85.39999999999986,1709.9,1234.7,97.89999999999986,94.70000000000005,1712.6,989.8,106.90000000000009,90.0,738.5,993.0,100.0,91.18181818181824,1077.0,616.9090909090909,157.27272727272725,111.0,2112.2,805.8,144.85000000000036,87.0,1845.0,1304.0,111.0,102.0,1770.6666666666667,507.44444444444446,147.51851851851848,91.75,749.0625,1104.0,139.0625,46.0,1091.0,605.75,49.0
496,113.59999999999991,675.0,817.2,117.79999999999995,120.0,1238.6,698.2,167.4000000000001,85.60000000000014,1701.85,1233.05,98.35000000000014,94.60000000000002,1703.8,985.4,105.20000000000005,91.0,728.125,994.5,97.75,92.63636363636374,1054.0,623.1818181818181,157.4545454545455,111.0,2105.6,805.4,142.80000000000018,88.59999999999991,1831.0,1305.4,115.79999999999995,102.00000000000006,1755.0,507.3333333333333,147.55555555555566,90.5,741.625,1104.0,138.625,46.0,1064.0,614.5,49.0
497,116.0,666.0,813.0,125.0,125.0,1224.2,700.4,154.79999999999995,85.79999999999995,1693.8,1231.4,98.79999999999995,94.5,1695.0,981.0,103.5,92.0,717.75,996.0,95.5,94.09090909090901,1031.0,629.4545454545455,157.6363636363635,111.0,2099.0,805.0,140.75,90.20000000000005,1817.0,1306.8,120.59999999999991,101.99999999999994,1739.3333333333333,507.22222222222223,147.5925925925926,89.25,734.1875,1104.0,138.1875,46.0,1037.0,623.25,49.0
498,116.17647058823525,661.4705882352941,810.9411764705883,125.23529411764707,130.0,1209.8,702.6,142.20000000000005,86.0,1685.75,1229.75,99.25,94.39999999999998,1686.2,976.6,101.79999999999995,93.0,707.375,997.5,93.25,95.5454545454545,1008.0,635.7272727272727,157.81818181818176,111.0,2092.4,804.6,138.69999999999982,91.79999999999995,1803.0,1308.2,125.40000000000009,102.0,1723.6666666666667,507.1111111111111,147.62962962962956,88.0,726.75,1104.0,137.75,46.0,1010.0,632.0,49.0
499,116.35294117647061,656.9411764705883,808.8823529411765,125.47058823529403,135.0,1195.4,704.8,129.5999999999999,86.20000000000005,1677.7,1228.1,99.70000000000005,94.29999999999995,1677.4,972.2,100.09999999999991,94.0,697.0,999.0,91.0,97.0,985.0,642.0,158.0,111.0,2085.8,804.2,136.64999999999964,93.40000000000009,1789.0,1309.6,130.20000000000005,102.0,1708.0,507.0,147.66666666666674,86.75,719.3125,1104.0,137.3125,46.0,985.75,643.0,49.0
500,116.52941176470586,652.4117647058823,806.8235294117648,125.70588235294122,140.0,1181.0,707.0,117.0,86.39999999999986,1669.65,1226.45,100.14999999999986,94.20000000000005,1668.6,967.8,98.40000000000009,91.16666666666663,688.0,1002.3333333333334,92.0,101.80000000000007,968.4,650.4,162.39999999999998,111.0,2079.2,803.8,134.60000000000036,95.0,1775.0,1311.0,135.0,102.0,1692.3333333333333,506.8888888888889,147.7037037037037,85.5,711.875,1104.0,136.875,46.0,961.5,654.0,49.0
501,116.70588235294122,647.8823529411765,804.7647058823529,125.94117647058829,134.5,1163.5,712.5,125.16666666666674,86.60000000000014,1661.6,1224.8,100.60000000000014,94.10000000000002,1659.8,963.4,96.70000000000005,88.33333333333337,679.0,1005.6666666666666,93.0,106.60000000000002,951.8,658.8,166.79999999999995,111.0,2072.6,803.4,132.55000000000018,97.83333333333326,1760.6666666666667,1314.6666666666667,134.33333333333326,102.00000000000006,1676.6666666666667,506.77777777777777,147.74074074074065,84.25,704.4375,1104.0,136.4375,46.0,937.25,665.0,49.0
502,116.88235294117646,643.3529411764706,802.7058823529412,126.17647058823525,129.0,1146.0,718.0,133.33333333333326,86.79999999999995,1653.55,1223.15,101.04999999999995,94.0,1651.0,959.0,95.0,85.5,670.0,1009.0,94.0,111.39999999999998,935.2,667.2,171.20000000000005,111.0,2066.0,803.0,130.5,100.66666666666674,1746.3333333333333,1318.3333333333333,133.66666666666674,101.99999999999994,1661.0,506.6666666666667,147.77777777777783,83.0,697.0,1104.0,136.0,46.0,913.0,676.0,49.0
503,117.05882352941182,638.8235294117648,800.6470588235294,126.41176470588232,123.5,1128.5,723.5,141.5,87.0,1645.5,1221.5,101.5,95.0,1640.6,957.2,95.0,82.66666666666663,661.0,1012.3333333333334,95.0,116.19999999999993,918.6,675.6,175.60000000000002,111.0,2059.4,802.6,128.44999999999982,103.5,1732.0,1322.0,133.0,102.0,1645.3333333333335,506.55555555555554,147.81481481481478,90.0,695.4615384615385,1097.923076923077,136.30769230769226,46.0,905.0,687.0,49.0
504,117.23529411764707,634.2941176470588,798.5882352941177,126.6470588235295,118.0,1111.0,729.0,149.66666666666674,87.20000000000005,1637.45,1219.85,101.95000000000005,96.00000000000011,1630.2,955.4,95.0,79.83333333333337,652.0,1015.6666666666666,96.0,121.0,902.0,684.0,180.0,111.0,2052.8,802.2,126.39999999999964,106.33333333333326,1717.6666666666667,1325.6666666666667,132.33333333333326,102.0,1629.6666666666667,506.44444444444446,147.85185185185173,97.0,693.9230769230769,1091.8461538461538,136.61538461538464,46.0,897.0,698.0,49.0
505,117.41176470588243,629.7647058823529,796.5294117647059,126.88235294117646,112.5,1093.5,734.5,157.83333333333326,87.39999999999986,1629.4,1218.2,102.39999999999986,96.99999999999989,1619.8,953.6,95.0,77.0,643.0,1019.0,97.0,120.25,885.5,690.25,173.0,111.0,2046.2,801.8,124.35000000000014,109.16666666666674,1703.3333333333333,1329.3333333333333,131.66666666666674,102.00000000000006,1614.0,506.3333333333333,147.8888888888889,104.0,692.3846153846154,1085.7692307692307,136.9230769230769,46.0,886.0,704.5,49.0
506,117.58823529411757,625.2352941176471,794.4705882352941,127.11764705882354,107.0,1076.0,740.0,166.0,87.60000000000014,1621.35,1216.55,102.85000000000014,98.0,1609.4,951.8,95.0,77.71428571428567,637.0,1019.2857142857143,100.57142857142856,119.5,869.0,696.5,166.0,111.0,2039.6,801.4,122.30000000000018,112.0,1689.0,1333.0,131.0,101.99999999999994,1598.3333333333333,506.22222222222223,147.92592592592587,111.0,690.8461538461538,1079.6923076923076,137.23076923076928,46.0,875.0,711.0,49.0
507,117.76470588235293,620.7058823529412,792.4117647058823,127.3529411764705,106.25,1059.25,745.0,166.375,87.79999999999995,1613.3,1214.9,103.29999999999995,99.0,1599.0,950.0,95.0,78.42857142857144,631.0,1019.5714285714286,104.14285714285711,118.75,852.5,702.75,159.0,111.0,2033.0,801.0,120.25,110.28571428571445,1675.4285714285713,1337.4285714285713,133.14285714285734,102.0,1582.6666666666667,506.1111111111111,147.96296296296282,118.0,689.3076923076923,1073.6153846153845,137.53846153846155,46.0,861.0,702.5,49.0
508,117.94117647058818,616.1764705882352,790.3529411764706,127.58823529411768,105.5,1042.5,750.0,166.75,88.0,1605.25,1213.25,103.75,107.33333333333326,1592.3333333333333,941.5,95.0,79.14285714285711,625.0,1019.8571428571429,107.71428571428567,118.0,836.0,709.0,152.0,111.0,2026.4,800.6,118.19999999999982,108.57142857142844,1661.857142857143,1341.857142857143,135.28571428571422,102.0,1567.0,506.0,148.0,125.0,687.7692307692307,1067.5384615384614,137.84615384615392,46.0,847.0,694.0,49.0
509,118.11764705882354,611.6470588235294,788.2941176470588,127.82352941176475,104.75,1025.75,755.0,167.125,88.20000000000005,1597.2,1211.6,104.20000000000005,115.66666666666674,1585.6666666666667,933.0,95.0,79.85714285714289,619.0,1020.1428571428571,111.28571428571433,116.66666666666663,805.6666666666666,711.0,163.0,111.0,2019.8,800.2,116.14999999999986,106.85714285714289,1648.2857142857142,1346.2857142857142,137.42857142857156,101.35294117647061,1552.1176470588234,507.3529411764706,148.5882352941178,132.0,686.2307692307693,1061.4615384615386,138.15384615384608,46.0,831.5,697.25,49.0
510,118.29411764705878,607.1176470588235,786.2352941176471,128.0588235294117,104.0,1009.0,760.0,167.5,88.39999999999986,1589.15,1209.95,104.64999999999986,124.0,1579.0,924.5,95.0,80.57142857142856,613.0,1020.4285714285714,114.85714285714289,115.33333333333337,775.3333333333334,713.0,174.0,111.0,2013.2,799.8,114.10000000000014,105.14285714285711,1634.7142857142858,1350.7142857142858,139.57142857142844,100.70588235294116,1537.235294117647,508.70588235294116,149.17647058823536,139.0,684.6923076923077,1055.3846153846155,138.46153846153845,46.0,816.0,700.5,49.0
511,118.47058823529414,602.5882352941177,784.1764705882352,128.29411764705878,103.25,992.25,765.0,167.875,88.60000000000014,1581.1,1208.3,105.10000000000014,132.33333333333326,1572.3333333333333,916.0,95.0,81.28571428571433,607.0,1020.7142857142857,118.42857142857144,114.0,745.0,715.0,185.0,111.0,2006.6,799.4,112.05000000000018,103.42857142857156,1621.142857142857,1355.142857142857,141.71428571428578,100.05882352941177,1522.3529411764705,510.05882352941177,149.76470588235293,146.0,683.1538461538462,1049.3076923076924,138.76923076923072,46.0,800.5,703.75,49.0
512,118.64705882352939,598.0588235294117,782.1176470588235,128.52941176470597,102.5,975.5,770.0,168.25,88.79999999999995,1573.05,1206.65,105.54999999999995,140.66666666666674,1565.6666666666667,907.5,95.0,82.0,601.0,1021.0,122.0,111.60000000000002,734.2,717.6,182.5999999999999,111.0,2000.0,799.0,110.0,101.71428571428555,1607.5714285714287,1359.5714285714287,143.85714285714266,99.41176470588238,1507.4705882352941,511.4117647058824,150.3529411764705,153.0,681.6153846153846,1043.2307692307693,139.0769230769231,46.0,785.0,707.0,49.0
513,118.82352941176475,593.5294117647059,780.0588235294117,128.76470588235293,101.75,958.75,775.0,168.625,89.0,1565.0,1205.0,106.0,149.0,1559.0,899.0,95.0,82.79999999999995,596.6,1021.2,119.39999999999998,109.19999999999993,723.4,720.2,180.20000000000005,111.47368421052636,1997.9473684210527,798.7368421052631,110.8947368421052,100.0,1594.0,1364.0,146.0,98.76470588235293,1492.5882352941176,512.7647058823529,150.9411764705883,160.0,680.0769230769231,1037.1538461538462,139.38461538461536,46.0,769.4,713.8,49.0
514,119.0,589.0,778.0,129.0,101.0,942.0,780.0,169.0,89.15789473684208,1559.1052631578948,1203.7368421052631,106.42105263157896,145.0000000000001,1558.2,896.4,94.0,83.60000000000002,592.2,1021.4,116.79999999999995,106.80000000000007,712.6,722.8,177.79999999999995,111.9473684210526,1995.8947368421052,798.4736842105264,111.78947368421063,98.25,1582.75,1366.75,143.0,98.11764705882354,1477.7058823529412,514.1176470588235,151.52941176470586,167.0,678.5384615384615,1031.076923076923,139.69230769230774,46.0,753.8,720.6,49.0
515,125.83333333333337,585.1666666666666,771.1666666666666,132.0,101.125,927.375,783.125,166.875,89.31578947368439,1553.2105263157894,1202.4736842105262,106.84210526315792,141.0,1557.4,893.8,93.0,84.39999999999998,587.8,1021.6,114.20000000000005,104.39999999999998,701.8,725.4,175.4000000000001,112.42105263157896,1993.842105263158,798.2105263157895,112.68421052631584,96.5,1571.5,1369.5,140.0,97.47058823529414,1462.8235294117646,515.4705882352941,152.11764705882365,174.0,677.0,1025.0,140.0,46.0,738.2,727.4,49.0
516,132.66666666666663,581.3333333333334,764.3333333333334,135.0,101.25,912.75,786.25,164.75,89.47368421052647,1547.3157894736842,1201.2105263157894,107.26315789473688,137.0,1556.6,891.2,92.0,85.20000000000005,583.4,1021.8,111.60000000000002,102.0,691.0,728.0,173.0,112.89473684210532,1991.7894736842106,797.9473684210526,113.57894736842104,94.75,1560.25,1372.25,137.0,96.82352941176464,1447.9411764705883,516.8235294117648,152.70588235294122,168.0999999999999,672.3,1019.0,144.30000000000007,46.0,722.6,734.2,49.0
517,139.5,577.5,757.5,138.0,101.375,898.125,789.375,162.625,89.63157894736833,1541.421052631579,1199.9473684210527,107.68421052631584,133.0,1555.8,888.6,91.0,86.0,579.0,1022.0,109.0,102.70000000000005,674.5,727.4,173.20000000000005,113.36842105263156,1989.7368421052631,797.6842105263158,114.47368421052647,93.0,1549.0,1375.0,134.0,96.17647058823536,1433.0588235294117,518.1764705882352,153.29411764705878,162.20000000000005,667.6,1013.0,148.60000000000002,46.0,707.0,741.0,49.0
518,146.33333333333337,573.6666666666666,750.6666666666666,141.0,101.5,883.5,792.5,160.5,89.7894736842104,1535.5263157894738,1198.6842105263158,108.10526315789457,129.0,1555.0,886.0,90.0,83.85714285714278,578.0,1020.2857142857143,113.28571428571433,103.40000000000009,658.0,726.8,173.39999999999998,113.84210526315792,1987.6842105263158,797.421052631579,115.36842105263167,91.25,1537.75,1377.75,131.0,95.52941176470586,1418.1764705882354,519.5294117647059,153.88235294117635,156.29999999999995,662.9,1007.0,152.89999999999998,46.0,689.75,738.75,49.0
519,153.16666666666663,569.8333333333334,743.8333333333334,144.0,101.625,868.875,795.625,158.375,89.94736842105272,1529.6315789473683,1197.421052631579,108.52631578947376,120.0,1553.0,879.2,86.79999999999995,81.71428571428567,577.0,1018.5714285714286,117.57142857142856,104.09999999999991,641.5,726.2,173.60000000000002,114.31578947368428,1985.6315789473683,797.1578947368421,116.2631578947371,89.5,1526.5,1380.5,128.0,94.88235294117646,1403.2941176470588,520.8823529411765,154.47058823529414,150.4000000000001,658.2,1001.0,157.19999999999993,46.0,672.5,736.5,49.0
520,160.0,566.0,737.0,147.0,101.75,854.25,798.75,156.25,90.1052631578948,1523.7368421052631,1196.157894736842,108.94736842105272,111.0,1551.0,872.4,83.59999999999991,79.57142857142844,576.0,1016.8571428571429,121.85714285714289,104.79999999999995,625.0,725.6,173.79999999999995,114.78947368421052,1983.578947368421,796.8947368421053,117.15789473684231,87.75,1515.25,1383.25,125.0,94.23529411764707,1388.4117647058824,522.2352941176471,155.0588235294117,144.5,653.5,995.0,161.5,46.0,655.25,734.25,49.0
521,152.66666666666663,560.0,736.3333333333334,140.0,101.875,839.625,801.875,154.125,90.26315789473688,1517.842105263158,1194.8947368421052,109.36842105263167,102.0,1549.0,865.6,80.40000000000009,77.42857142857156,575.0,1015.1428571428571,126.14285714285711,105.5,608.5,725.0,174.0,115.26315789473688,1981.5263157894738,796.6315789473684,118.05263157894751,86.0,1504.0,1386.0,122.0,93.58823529411757,1373.5294117647059,523.5882352941177,155.6470588235295,138.5999999999999,648.8,989.0,165.80000000000007,46.0,638.0,732.0,49.0
522,145.33333333333337,554.0,735.6666666666666,133.0,102.0,825.0,805.0,152.0,90.42105263157896,1511.9473684210527,1193.6315789473683,109.7894736842104,93.0,1547.0,858.8,77.20000000000005,75.28571428571433,574.0,1013.4285714285714,130.42857142857144,106.20000000000005,592.0,724.4,174.20000000000005,115.73684210526312,1979.4736842105262,796.3684210526316,118.94736842105249,86.375,1493.25,1387.5,121.125,92.94117647058818,1358.6470588235295,524.9411764705883,156.23529411764707,132.70000000000005,644.1,983.0,170.10000000000002,46.0,618.0,721.0,49.0
523,138.0,548.0,735.0,126.0,102.14285714285711,812.8571428571429,807.8571428571429,150.0,90.57894736842104,1506.0526315789473,1192.3684210526317,110.2105263157896,84.0,1545.0,852.0,74.0,73.14285714285722,573.0,1011.7142857142857,134.71428571428567,106.90000000000009,575.5,723.8,174.39999999999998,116.21052631578948,1977.421052631579,796.1052631578947,119.84210526315769,86.75,1482.5,1389.0,120.25,92.2941176470589,1343.764705882353,526.2941176470588,156.82352941176464,126.79999999999995,639.4,977.0,174.39999999999998,46.0,598.0,710.0,49.0
524,137.5,541.5,733.0,128.5,102.28571428571433,800.7142857142857,810.7142857142857,148.0,90.73684210526312,1500.157894736842,1191.1052631578948,110.63157894736833,85.39999999999998,1543.0,845.4,75.20000000000005,71.0,572.0,1010.0,139.0,107.59999999999991,559.0,723.2,174.60000000000002,116.68421052631572,1975.3684210526317,795.8421052631579,120.7368421052629,87.125,1471.75,1390.5,119.375,91.64705882352939,1328.8823529411766,527.6470588235294,157.4117647058822,120.90000000000009,634.7,971.0,178.69999999999993,46.0,587.0,704.5,49.0
525,137.0,535.0,731.0,131.0,102.42857142857144,788.5714285714286,813.5714285714286,146.0,90.8947368421052,1494.2631578947369,1189.842105263158,111.05263157894728,86.80000000000007,1541.0,838.8,76.40000000000009,76.0,569.8333333333334,1005.5,141.5,108.29999999999995,542.5,722.6,174.79999999999995,117.15789473684208,1973.3157894736842,795.578947368421,121.63157894736833,87.5,1461.0,1392.0,118.5,91.0,1314.0,529.0,158.0,115.0,630.0,965.0,183.0,46.0,576.0,699.0,49.0
526,125.66666666666663,523.3333333333334,743.3333333333334,144.33333333333326,102.57142857142856,776.4285714285714,816.4285714285714,144.0,91.05263157894728,1488.3684210526317,1188.578947368421,111.47368421052624,88.19999999999993,1539.0,832.2,77.59999999999991,81.0,567.6666666666666,1001.0,144.0,109.0,526.0,722.0,175.0,117.63157894736844,1971.2631578947369,795.3157894736842,122.52631578947353,87.875,1450.25,1393.5,117.625,93.0769230769231,1299.076923076923,530.3846153846154,158.69230769230762,112.857142857143,622.7142857142857,956.7142857142857,183.28571428571433,46.0,564.0,696.5,49.0
527,114.33333333333337,511.6666666666667,755.6666666666666,157.66666666666669,102.71428571428567,764.2857142857143,819.2857142857143,141.9999999999999,91.2105263157896,1482.4736842105262,1187.3157894736842,111.89473684210543,89.60000000000002,1537.0,825.6,78.79999999999995,86.0,565.5,996.5,146.5,117.0,509.5,714.625,176.875,118.10526315789468,1969.2105263157894,795.0526315789474,123.42105263157896,88.25,1439.5,1395.0,116.75,95.15384615384619,1284.1538461538462,531.7692307692307,159.38461538461524,110.71428571428567,615.4285714285714,948.4285714285714,183.57142857142856,46.0,552.0,694.0,49.0
528,103.0,500.0,768.0,171.0,102.85714285714289,752.1428571428571,822.1428571428571,140.0,91.36842105263167,1476.578947368421,1186.0526315789473,112.31578947368416,91.0,1535.0,819.0,80.0,91.0,563.3333333333334,992.0,149.0,125.0,493.0,707.25,178.75,118.57894736842104,1967.157894736842,794.7894736842105,124.31578947368416,88.625,1428.75,1396.5,115.875,97.23076923076917,1269.2307692307693,533.1538461538462,160.0769230769231,108.57142857142867,608.1428571428571,940.1428571428571,183.8571428571429,46.0,540.0,691.5,49.0
529,98.25,497.5,772.0,167.5,103.0,740.0,825.0,138.0,91.52631578947353,1470.6842105263158,1184.7894736842106,112.73684210526312,103.0,1534.0,806.0,80.33333333333326,96.0,561.1666666666666,987.5,151.5,133.0,476.5,699.875,180.625,119.0526315789474,1965.1052631578948,794.5263157894736,125.21052631578937,89.0,1418.0,1398.0,115.0,99.30769230769226,1254.3076923076924,534.5384615384615,160.76923076923072,106.42857142857133,600.8571428571429,931.8571428571429,184.1428571428571,46.0,528.0,689.0,49.0
530,93.5,495.0,776.0,164.0,103.57142857142856,729.4285714285714,826.5714285714286,135.42857142857144,91.68421052631561,1464.7894736842104,1183.5263157894738,113.15789473684231,115.0,1533.0,793.0,80.66666666666674,101.0,559.0,983.0,154.0,141.0,460.0,692.5,182.5,119.52631578947364,1963.0526315789473,794.2631578947369,126.1052631578948,89.28571428571422,1408.0,1396.5714285714287,119.0,101.38461538461536,1239.3846153846155,535.9230769230769,161.46153846153834,104.28571428571433,593.5714285714286,923.5714285714286,184.42857142857144,46.0,520.5,680.75,49.0
531,88.75,492.5,780.0,160.5,104.14285714285722,718.8571428571429,828.1428571428571,132.85714285714278,91.84210526315792,1458.8947368421052,1182.2631578947369,113.57894736842104,127.0,1532.0,780.0,81.0,103.5,555.75,978.375,156.375,149.0,443.5,685.125,184.375,120.0,1961.0,794.0,127.0,89.57142857142867,1398.0,1395.142857142857,123.0,103.46153846153845,1224.4615384615386,537.3076923076923,162.15384615384596,102.14285714285711,586.2857142857143,915.2857142857143,184.71428571428567,46.0,513.0,672.5,49.0
532,84.0,490.0,784.0,157.0,104.71428571428578,708.2857142857143,829.7142857142857,130.28571428571422,92.0,1453.0,1181.0,114.0,126.5,1532.5,777.5,81.75,106.0,552.5,973.75,158.75,157.0,427.0,677.75,186.25,119.68965517241384,1963.2758620689656,795.8620689655172,126.0,89.85714285714289,1388.0,1393.7142857142858,127.0,105.53846153846155,1209.5384615384614,538.6923076923077,162.84615384615404,100.0,579.0,907.0,185.0,46.0,505.5,664.25,49.0
533,85.75,486.25,786.0,159.25,105.28571428571422,697.7142857142857,831.2857142857143,127.71428571428578,92.0,1449.642857142857,1179.142857142857,113.92857142857156,126.0,1533.0,775.0,82.5,108.5,549.25,969.125,161.125,165.0,410.5,670.375,188.125,119.37931034482756,1965.551724137931,797.7241379310345,125.00000000000023,90.14285714285711,1378.0,1392.2857142857142,131.0,107.61538461538464,1194.6153846153845,540.0769230769231,163.53846153846166,99.57894736842104,572.8947368421053,905.3684210526316,184.68421052631572,46.0,498.0,656.0,49.0
534,87.5,482.5,788.0,161.5,105.85714285714278,687.1428571428571,832.8571428571429,125.14285714285711,92.0,1446.2857142857142,1177.2857142857142,113.85714285714289,125.5,1533.5,772.5,83.25,111.0,546.0,964.5,163.5,173.0,394.0,663.0,190.0,119.0689655172414,1967.8275862068965,799.5862068965517,124.00000000000023,90.42857142857133,1368.0,1390.857142857143,135.0,109.69230769230774,1179.6923076923076,541.4615384615385,164.23076923076928,99.1578947368422,566.7894736842105,903.7368421052631,184.36842105263156,46.0,493.0,648.2,49.0
535,89.25,478.75,790.0,163.75,106.42857142857144,676.5714285714286,834.4285714285714,122.57142857142856,92.0,1442.9285714285713,1175.4285714285713,113.78571428571445,125.0,1534.0,770.0,84.0,113.5,542.75,959.875,165.875,165.42857142857133,381.14285714285717,671.2857142857143,188.28571428571428,118.75862068965523,1970.103448275862,801.448275862069,122.99999999999977,90.71428571428578,1358.0,1389.4285714285713,139.0,111.76923076923083,1164.7692307692307,542.8461538461538,164.9230769230769,98.73684210526324,560.6842105263158,902.1052631578947,184.05263157894728,46.0,488.0,640.4,49.0
536,91.0,475.0,792.0,166.0,107.0,666.0,836.0,120.0,92.0,1439.5714285714287,1173.5714285714287,113.71428571428555,119.0,1534.6666666666667,767.3333333333334,84.33333333333326,116.0,539.5,955.25,168.25,157.8571428571429,368.2857142857143,679.5714285714286,186.5714285714286,118.44827586206895,1972.3793103448277,803.3103448275862,121.99999999999977,91.0,1348.0,1388.0,143.0,113.84615384615381,1149.8461538461538,544.2307692307693,165.61538461538476,98.31578947368416,554.578947368421,900.4736842105264,183.73684210526312,46.0,483.0,632.6,49.0
537,90.39999999999998,470.8,793.2,165.8,106.60000000000002,653.2,836.0,128.19999999999993,92.0,1436.2142857142858,1171.7142857142858,113.64285714285711,113.0,1535.3333333333333,764.6666666666666,84.66666666666674,118.5,536.25,950.625,170.625,150.28571428571422,355.42857142857144,687.8571428571429,184.8571428571429,118.13793103448268,1974.655172413793,805.1724137931035,121.0,92.39999999999986,1340.6,1385.4,139.20000000000005,115.9230769230769,1134.923076923077,545.6153846153846,166.30769230769238,97.8947368421052,548.4736842105264,898.8421052631579,183.42105263157896,46.0,478.0,624.8,49.0
538,89.80000000000007,466.6,794.4,165.60000000000002,106.20000000000005,640.4,836.0,136.39999999999998,92.0,1432.857142857143,1169.857142857143,113.57142857142844,107.0,1536.0,762.0,85.0,121.0,533.0,946.0,173.0,142.71428571428578,342.57142857142856,696.1428571428571,183.1428571428571,117.82758620689651,1976.9310344827586,807.0344827586207,120.0,93.79999999999995,1333.2,1382.8,135.39999999999986,118.0,1120.0,547.0,167.0,97.47368421052636,542.3684210526316,897.2105263157895,183.1052631578948,46.0,473.0,617.0,49.0
539,89.19999999999993,462.4,795.6,165.39999999999998,105.79999999999995,627.6,836.0,144.60000000000002,92.0,1429.5,1168.0,113.5,102.79999999999995,1536.0,756.2,85.0,113.85714285714289,530.0,946.0,169.28571428571433,135.1428571428571,329.7142857142857,704.4285714285714,181.4285714285714,117.51724137931035,1979.2068965517242,808.8965517241379,119.0,95.20000000000005,1325.8,1380.2,131.60000000000014,120.63636363636363,1105.5454545454545,549.3636363636364,165.09090909090924,97.0526315789474,536.2631578947369,895.578947368421,182.78947368421052,46.0,472.6666666666667,611.6666666666666,48.99999999999994
540,88.60000000000002,458.2,796.8,165.2,105.39999999999998,614.8,836.0,152.80000000000007,92.0,1426.142857142857,1166.142857142857,113.42857142857156,98.60000000000002,1536.0,750.4,85.0,106.71428571428578,527.0,946.0,165.57142857142856,127.57142857142867,316.8571428571429,712.7142857142857,179.71428571428567,117.20689655172418,1981.4827586206898,810.7586206896551,118.0,96.60000000000014,1318.4,1377.6,127.79999999999995,123.27272727272725,1091.090909090909,551.7272727272727,163.18181818181824,96.63157894736844,530.1578947368421,893.9473684210526,182.47368421052636,46.0,472.3333333333333,606.3333333333334,49.00000000000006
541,88.0,454.0,798.0,165.0,105.0,602.0,836.0,161.0,92.0,1422.7857142857142,1164.2857142857142,113.35714285714289,94.39999999999998,1536.0,744.6,85.0,99.57142857142867,524.0,946.0,161.8571428571429,120.0,304.0,721.0,178.0,116.89655172413791,1983.7586206896551,812.6206896551724,117.00000000000023,98.0,1311.0,1375.0,124.0,125.90909090909088,1076.6363636363637,554.0909090909091,161.27272727272725,96.21052631578948,524.0526315789474,892.3157894736842,182.15789473684208,46.0,472.0,601.0,49.0
542,96.5,453.1666666666667,791.6666666666666,158.83333333333331,103.20000000000005,593.4,832.8,161.80000000000007,92.0,1419.4285714285713,1162.4285714285713,113.28571428571445,90.20000000000005,1536.0,738.8,85.0,92.42857142857133,521.0,946.0,158.1428571428571,123.66666666666663,306.0,718.8333333333334,172.83333333333331,116.58620689655174,1986.0344827586207,814.4827586206897,115.99999999999977,97.39999999999986,1306.8,1376.4,123.79999999999995,128.5454545454545,1062.1818181818182,556.4545454545455,159.36363636363626,95.78947368421052,517.9473684210526,890.6842105263158,181.84210526315792,46.0,471.6666666666667,595.6666666666666,48.99999999999994
543,105.0,452.3333333333333,785.3333333333334,152.66666666666669,101.39999999999998,584.8,829.6,162.60000000000002,92.0,1416.0714285714287,1160.5714285714287,113.21428571428555,86.0,1536.0,733.0,85.0,85.28571428571422,518.0,946.0,154.42857142857144,127.33333333333337,308.0,716.6666666666666,167.66666666666669,116.27586206896558,1988.3103448275863,816.3448275862069,114.99999999999977,96.79999999999995,1302.6,1377.8,123.60000000000014,131.18181818181813,1047.7272727272727,558.8181818181819,157.4545454545455,95.36842105263156,511.8421052631579,889.0526315789474,181.52631578947364,46.0,471.3333333333333,590.3333333333334,49.00000000000006
544,113.5,451.5,779.0,146.5,99.60000000000002,576.2,826.4,163.39999999999998,92.0,1412.7142857142858,1158.7142857142858,113.14285714285711,91.5,1536.0,727.1666666666666,85.0,78.14285714285711,515.0,946.0,150.71428571428567,131.0,310.0,714.5,162.5,115.9655172413793,1990.5862068965516,818.2068965517242,114.0,96.20000000000005,1298.4,1379.2,123.39999999999986,133.81818181818187,1033.2727272727273,561.1818181818181,155.5454545454545,94.9473684210526,505.7368421052632,887.421052631579,181.21052631578942,46.0,471.0,585.0,49.0
545,122.0,450.6666666666667,772.6666666666666,140.33333333333331,97.79999999999995,567.6,823.2,164.19999999999993,92.0,1409.357142857143,1156.857142857143,113.07142857142844,97.0,1536.0,721.3333333333334,85.0,71.0,512.0,946.0,147.0,134.66666666666663,312.0,712.3333333333334,157.33333333333331,115.65517241379314,1992.8620689655172,820.0689655172414,113.0,95.60000000000014,1294.2,1380.6,123.20000000000005,136.4545454545455,1018.8181818181818,563.5454545454545,153.63636363636374,94.52631578947364,499.63157894736844,885.7894736842105,180.8947368421052,46.0,473.75,580.25,49.0
546,130.5,449.8333333333333,766.3333333333334,134.16666666666669,96.0,559.0,820.0,165.0,92.0,1406.0,1155.0,113.0,102.5,1536.0,715.5,85.0,71.0,512.0,944.5714285714286,147.71428571428567,138.33333333333337,314.0,710.1666666666666,152.16666666666669,115.34482758620686,1995.1379310344828,821.9310344827586,112.0,95.0,1290.0,1382.0,123.0,139.09090909090912,1004.3636363636364,565.9090909090909,151.72727272727263,94.1052631578948,493.5263157894737,884.1578947368421,180.5789473684211,46.0,476.5,575.5,49.0
547,139.0,449.0,760.0,128.0,92.5,550.5,818.5,162.25,92.0,1401.5333333333333,1154.0,113.0,108.0,1536.0,709.6666666666666,85.0,71.0,512.0,943.1428571428571,148.42857142857144,142.0,316.0,708.0,147.0,115.0344827586207,1997.4137931034484,823.7931034482758,111.0,94.58333333333326,1284.0833333333333,1380.5,122.25,141.72727272727275,989.9090909090909,568.2727272727273,149.81818181818187,93.68421052631584,487.42105263157896,882.5263157894736,180.26315789473688,46.0,479.25,570.75,49.0
548,142.16666666666674,448.5,756.6666666666666,128.5,89.0,542.0,817.0,159.5,92.0,1397.0666666666666,1153.0,113.0,113.5,1536.0,703.8333333333334,85.0,71.0,512.0,941.7142857142857,149.1428571428571,138.80000000000007,310.2,702.8,149.60000000000002,114.72413793103442,1999.6896551724137,825.6551724137931,110.00000000000023,94.16666666666674,1278.1666666666667,1379.0,121.5,144.36363636363637,975.4545454545455,570.6363636363636,147.909090909091,93.26315789473676,481.3157894736842,880.8947368421053,179.94736842105266,46.0,482.0,566.0,49.0
549,145.33333333333326,448.0,753.3333333333334,129.0,85.5,533.5,815.5,156.75,92.0,1392.6,1152.0,113.0,119.0,1536.0,698.0,85.0,71.0,512.0,940.2857142857143,149.8571428571429,135.60000000000002,304.4,697.6,152.20000000000005,114.41379310344826,2001.9655172413793,827.5172413793103,109.00000000000023,93.75,1272.25,1377.5,120.75,147.0,961.0,573.0,146.0,92.84210526315792,475.2105263157895,879.2631578947369,179.63157894736844,46.0,487.5,562.75,49.0
550,148.5,447.5,750.0,129.5,82.0,525.0,814.0,154.0,92.0,1388.1333333333334,1151.0,113.0,119.66666666666674,1535.5,691.1666666666666,87.16666666666674,71.0,512.0,938.8571428571429,150.57142857142856,132.39999999999998,298.6,692.4,154.79999999999995,114.10344827586209,2004.2413793103449,829.3793103448276,107.99999999999977,93.33333333333326,1266.3333333333333,1376.0,120.0,145.69230769230774,942.9230769230769,569.8461538461538,148.76923076923072,92.42105263157896,469.10526315789474,877.6315789473684,179.31578947368422,46.0,493.0,559.5,49.0
551,151.66666666666674,447.0,746.6666666666666,130.0,82.39999999999998,521.2,814.2,156.19999999999993,92.0,1383.6666666666667,1150.0,113.0,120.33333333333326,1535.0,684.3333333333334,89.33333333333326,71.0,512.0,937.4285714285714,151.28571428571433,129.19999999999993,292.8,687.2,157.39999999999998,113.79310344827582,2006.5172413793102,831.2413793103449,107.0,92.91666666666674,1260.4166666666667,1374.5,119.25,144.38461538461536,924.8461538461538,566.6923076923077,151.53846153846166,92.0,463.0,876.0,179.0,46.0,498.5,556.25,49.0
552,154.83333333333326,446.5,743.3333333333334,130.5,82.80000000000007,517.4,814.4,158.39999999999998,92.0,1379.2,1149.0,113.0,121.0,1534.5,677.5,91.5,71.0,512.0,936.0,152.0,126.0,287.0,682.0,160.0,113.48275862068965,2008.7931034482758,833.1034482758621,106.0,92.5,1254.5,1373.0,118.5,143.0769230769231,906.7692307692307,563.5384615384615,154.30769230769238,89.5,457.8333333333333,878.6666666666666,177.83333333333331,46.0,504.0,553.0,49.0
553,158.0,446.0,740.0,131.0,83.19999999999993,513.6,814.6,160.60000000000002,92.0,1374.7333333333333,1148.0,113.0,121.66666666666674,1534.0,670.6666666666666,93.66666666666674,71.39999999999998,512.4,935.1,152.20000000000005,132.28571428571433,285.14285714285717,673.0,161.57142857142856,113.17241379310349,2011.0689655172414,834.9655172413793,105.0,92.08333333333326,1248.5833333333333,1371.5,117.75,141.76923076923083,888.6923076923077,560.3846153846154,157.07692307692298,87.0,452.6666666666667,881.3333333333334,176.66666666666669,46.0,504.0,547.0,49.0
554,155.1428571428571,442.42857142857144,733.4285714285714,131.1428571428571,83.60000000000002,509.8,814.8,162.8,92.0,1370.2666666666667,1147.0,113.0,122.33333333333326,1533.5,663.8333333333334,95.83333333333326,71.79999999999995,512.8,934.2,152.4000000000001,138.57142857142856,283.2857142857143,664.0,163.14285714285717,112.86206896551732,2013.344827586207,836.8275862068965,104.0,91.66666666666674,1242.6666666666667,1370.0,117.0,140.46153846153845,870.6153846153846,557.2307692307693,159.84615384615392,84.5,447.5,884.0,175.5,46.0,504.0,541.0,49.0
555,152.28571428571422,438.85714285714283,726.8571428571429,131.28571428571428,84.0,506.0,815.0,165.0,92.0,1365.8,1146.0,113.0,123.0,1533.0,657.0,98.0,72.20000000000005,513.2,933.3,152.5999999999999,144.8571428571429,281.42857142857144,655.0,164.71428571428572,112.55172413793105,2015.6206896551723,838.6896551724138,103.00000000000023,91.25,1236.75,1368.5,116.25,139.1538461538462,852.5384615384615,554.0769230769231,162.61538461538464,82.0,442.3333333333333,886.6666666666666,174.33333333333331,46.0,490.3333333333333,533.6666666666666,49.00000000000006
556,149.42857142857133,435.2857142857143,720.2857142857143,131.4285714285714,84.5,501.0,813.75,165.0,92.0,1361.3333333333333,1145.0,113.0,118.0,1532.4,656.0,100.39999999999986,72.60000000000002,513.6,932.4,152.79999999999995,151.1428571428571,279.57142857142856,646.0,166.28571428571428,112.24137931034477,2017.896551724138,840.551724137931,102.00000000000023,90.83333333333326,1230.8333333333333,1367.0,115.5,137.8461538461538,834.4615384615385,550.9230769230769,165.38461538461536,79.5,437.1666666666667,889.3333333333334,173.16666666666669,46.0,476.6666666666667,526.3333333333334,48.99999999999994
557,146.57142857142867,431.7142857142857,713.7142857142857,131.5714285714286,85.0,496.0,812.5,165.0,92.0,1356.8666666666666,1144.0,113.0,113.0,1531.8,655.0,102.79999999999995,73.0,514.0,931.5,153.0,157.42857142857144,277.7142857142857,637.0,167.85714285714283,111.9310344827586,2020.1724137931035,842.4137931034483,100.99999999999977,90.41666666666674,1224.9166666666667,1365.5,114.75,136.53846153846155,816.3846153846154,547.7692307692307,168.1538461538462,77.0,432.0,892.0,172.0,46.0,463.0,519.0,49.0
558,143.71428571428578,428.14285714285717,707.1428571428571,131.71428571428572,85.5,491.0,811.25,165.0,92.0,1352.4,1143.0,113.0,108.0,1531.2,654.0,105.20000000000005,73.39999999999998,514.4,930.6,153.20000000000005,163.71428571428567,275.85714285714283,628.0,169.42857142857144,111.62068965517244,2022.448275862069,844.2758620689655,99.99999999999977,90.0,1219.0,1364.0,114.0,135.23076923076917,798.3076923076924,544.6153846153846,170.9230769230769,77.90909090909088,430.54545454545456,891.8181818181819,170.99999999999994,46.00000000000006,450.6666666666667,510.8333333333333,49.0
559,140.8571428571429,424.57142857142856,700.5714285714286,131.8571428571429,86.0,486.0,810.0,165.0,92.0,1347.9333333333334,1142.0,113.0,103.0,1530.6,653.0,107.60000000000014,73.79999999999995,514.8,929.7,153.4000000000001,170.0,274.0,619.0,171.0,111.31034482758616,2024.7241379310344,846.1379310344828,99.0,89.71428571428555,1211.5714285714287,1361.7142857142858,120.0,133.9230769230769,780.2307692307693,541.4615384615385,173.69230769230762,78.81818181818187,429.09090909090907,891.6363636363636,170.00000000000006,45.99999999999994,438.3333333333333,502.6666666666667,49.0
560,138.0,421.0,694.0,132.0,86.33333333333326,483.3333333333333,808.8333333333334,165.00000000000006,92.0,1343.4666666666667,1141.0,113.0,98.0,1530.0,652.0,110.0,74.20000000000005,515.2,928.8,153.5999999999999,176.44444444444446,275.1111111111111,603.1111111111111,166.8888888888889,111.0,2027.0,848.0,98.0,89.42857142857156,1204.142857142857,1359.4285714285713,126.0,132.61538461538464,762.1538461538462,538.3076923076923,176.46153846153845,79.72727272727263,427.6363636363636,891.4545454545455,169.0,46.0,426.0,494.5,49.0
561,130.0,417.3333333333333,686.3333333333334,135.33333333333331,86.66666666666674,480.6666666666667,807.6666666666666,164.99999999999994,92.0,1339.0,1140.0,113.0,101.83333333333337,1528.3333333333333,647.5,111.5,74.60000000000002,515.6,927.9,153.79999999999995,182.8888888888889,276.22222222222223,587.2222222222222,162.77777777777777,111.0,2028.9333333333334,849.8,99.26666666666642,89.14285714285711,1196.7142857142858,1357.142857142857,132.0,131.30769230769226,744.0769230769231,535.1538461538462,179.23076923076917,80.63636363636363,426.1818181818182,891.2727272727273,167.99999999999994,46.00000000000006,413.6666666666667,486.3333333333333,49.0
562,122.0,413.6666666666667,678.6666666666666,138.66666666666669,87.0,478.0,806.5,165.0,91.27272727272748,1335.7272727272727,1138.3636363636363,114.36363636363626,105.66666666666663,1526.6666666666667,643.0,113.0,75.0,516.0,927.0,154.0,189.33333333333326,277.3333333333333,571.3333333333334,158.66666666666669,111.0,2030.8666666666666,851.6,100.53333333333353,88.85714285714289,1189.2857142857142,1354.857142857143,138.0,130.0,726.0,532.0,182.0,81.5454545454545,424.72727272727275,891.0909090909091,167.0,45.99999999999994,401.3333333333333,478.1666666666667,49.0
563,114.0,410.0,671.0,142.0,87.33333333333326,475.3333333333333,805.3333333333334,165.00000000000006,90.5454545454545,1332.4545454545455,1136.7272727272727,115.72727272727275,109.5,1525.0,638.5,114.5,75.29999999999995,515.3,928.1,154.20000000000005,195.77777777777771,278.44444444444446,555.4444444444445,154.55555555555554,111.0,2032.8,853.4,101.79999999999995,88.57142857142844,1181.857142857143,1352.5714285714287,144.0,133.8571428571429,716.4285714285714,525.0,176.1428571428571,82.4545454545455,423.27272727272725,890.9090909090909,166.0,46.0,389.0,470.0,49.0
564,117.66666666666663,406.3333333333333,663.3333333333334,145.66666666666669,87.66666666666674,472.6666666666667,804.1666666666666,164.99999999999994,89.81818181818198,1329.1818181818182,1135.090909090909,117.09090909090901,113.33333333333337,1523.3333333333333,634.0,116.0,75.59999999999991,514.6,929.2,154.39999999999998,202.22222222222229,279.55555555555554,539.5555555555555,150.44444444444446,111.0,2034.7333333333333,855.2,103.06666666666683,88.28571428571445,1174.4285714285713,1350.2857142857142,150.0,137.71428571428567,706.8571428571429,518.0,170.28571428571422,83.36363636363637,421.8181818181818,890.7272727272727,165.00000000000006,46.0,381.5,463.6666666666667,49.0
565,121.33333333333337,402.6666666666667,655.6666666666666,149.33333333333331,88.0,470.0,803.0,165.0,89.09090909090901,1325.909090909091,1133.4545454545455,118.45454545454527,117.16666666666663,1521.6666666666667,629.5,117.5,75.90000000000009,513.9,930.3,154.60000000000002,208.66666666666674,280.6666666666667,523.6666666666666,146.33333333333331,111.0,2036.6666666666667,857.0,104.33333333333326,88.0,1167.0,1348.0,156.0,141.57142857142856,697.2857142857143,511.0,164.42857142857133,84.27272727272737,420.3636363636364,890.5454545454545,164.0,46.0,374.0,457.3333333333333,49.0
566,125.0,399.0,648.0,153.0,87.625,467.75,802.0,163.875,88.36363636363649,1322.6363636363637,1131.8181818181818,119.81818181818176,121.0,1520.0,625.0,119.0,76.20000000000005,513.2,931.4,154.79999999999995,215.11111111111114,281.77777777777777,507.77777777777777,142.22222222222223,111.0,2038.6,858.8,105.59999999999991,87.33333333333326,1167.1666666666667,1346.6666666666667,147.16666666666652,145.42857142857144,687.7142857142857,504.0,158.57142857142867,85.18181818181813,418.90909090909093,890.3636363636364,162.99999999999994,46.0,366.5,451.0,49.0
567,118.66666666666674,400.6666666666667,641.6666666666666,148.99999999999994,87.25,465.5,801.0,162.75,87.63636363636351,1319.3636363636363,1130.1818181818182,121.18181818181824,118.125,1518.25,620.375,117.0,76.5,512.5,932.5,155.0,221.55555555555554,282.8888888888889,491.8888888888889,138.1111111111111,111.0,2040.5333333333333,860.6,106.86666666666679,86.66666666666674,1167.3333333333333,1345.3333333333333,138.33333333333348,149.28571428571433,678.1428571428571,497.0,152.71428571428578,86.09090909090912,417.45454545454544,890.1818181818181,162.00000000000006,46.0,359.0,444.6666666666667,49.0
568,112.33333333333326,402.3333333333333,635.3333333333334,145.00000000000006,86.875,463.25,800.0,161.625,86.90909090909099,1316.090909090909,1128.5454545454545,122.54545454545473,115.25,1516.5,615.75,115.0,76.79999999999995,511.8,933.6,155.2,228.0,284.0,476.0,134.0,111.0,2042.4666666666667,862.4,108.13333333333321,86.0,1167.5,1344.0,129.5,153.1428571428571,668.5714285714286,490.0,146.8571428571429,87.0,416.0,890.0,161.0,46.0,351.5,438.3333333333333,49.0
569,106.0,404.0,629.0,141.0,86.5,461.0,799.0,160.5,86.18181818181802,1312.8181818181818,1126.909090909091,123.90909090909099,112.375,1514.75,611.125,113.0,77.09999999999991,511.1,934.7,155.39999999999998,223.0,290.0,479.0,135.0,111.0,2044.4,864.2,109.40000000000009,85.33333333333326,1167.6666666666667,1342.6666666666667,120.66666666666652,157.0,659.0,483.0,141.0,88.84615384615381,414.61538461538464,887.0,162.61538461538464,46.0,344.0,432.0,49.0
570,107.85714285714289,403.2857142857143,619.5714285714286,141.28571428571428,86.125,458.75,798.0,159.375,85.4545454545455,1309.5454545454545,1125.2727272727273,125.27272727272725,109.5,1513.0,606.5,111.0,77.40000000000009,510.4,935.8,155.60000000000002,221.0,293.75,467.5,136.25,111.0,2046.3333333333333,866.0,110.66666666666674,84.66666666666674,1167.8333333333333,1341.3333333333333,111.83333333333348,155.66666666666669,646.3333333333334,471.3333333333333,135.33333333333326,90.69230769230774,413.2307692307692,884.0,164.23076923076923,46.0,341.0,428.25,49.0
571,109.71428571428578,402.57142857142856,610.1428571428571,141.57142857142856,85.75,456.5,797.0,158.25,84.72727272727252,1306.2727272727273,1123.6363636363637,126.63636363636374,106.625,1511.25,601.875,109.0,77.70000000000005,509.7,936.9,155.8,219.0,297.5,456.0,137.5,111.0,2048.266666666667,867.8,111.93333333333294,84.0,1168.0,1340.0,103.0,154.33333333333331,633.6666666666666,459.6666666666667,129.66666666666674,92.53846153846155,411.84615384615387,881.0,165.84615384615387,46.0,338.0,424.5,49.0
572,111.57142857142867,401.85714285714283,600.7142857142857,141.85714285714283,85.375,454.25,796.0,157.125,84.0,1303.0,1122.0,128.0,103.75,1509.5,597.25,107.0,78.0,509.0,938.0,156.0,217.0,301.25,444.5,138.75,111.0,2050.2,869.6,113.20000000000027,84.0,1164.076923076923,1337.6923076923076,105.15384615384619,153.0,621.0,448.0,124.0,94.38461538461536,410.46153846153845,878.0,167.46153846153845,46.0,335.0,420.75,49.0
573,113.42857142857133,401.14285714285717,591.2857142857143,142.14285714285717,85.0,452.0,795.0,156.0,85.71428571428578,1298.857142857143,1118.142857142857,126.71428571428578,100.875,1507.75,592.625,105.0,78.0,508.0,938.6,157.29999999999995,215.0,305.0,433.0,140.0,111.0,2052.133333333333,871.4,114.4666666666667,84.0,1160.1538461538462,1335.3846153846155,107.30769230769238,149.93333333333328,613.8666666666667,439.6,124.60000000000002,96.23076923076928,409.0769230769231,875.0,169.0769230769231,46.0,332.0,417.0,49.0
574,115.28571428571422,400.42857142857144,581.8571428571429,142.42857142857144,84.77777777777783,449.44444444444446,795.0,158.0,87.42857142857156,1294.7142857142858,1114.2857142857142,125.42857142857133,98.0,1506.0,588.0,103.0,78.0,507.0,939.2,158.60000000000002,206.71428571428572,308.85714285714283,427.85714285714283,141.14285714285717,111.0,2054.0666666666666,873.2,115.73333333333358,84.0,1156.2307692307693,1333.076923076923,109.46153846153834,146.86666666666673,606.7333333333333,431.2,125.19999999999993,98.0769230769231,407.6923076923077,872.0,170.69230769230768,46.0,342.0,410.5,49.0
575,117.14285714285711,399.7142857142857,572.4285714285714,142.71428571428572,84.55555555555554,446.8888888888889,795.0,160.0,89.14285714285734,1290.5714285714287,1110.4285714285713,124.14285714285711,104.25,1501.5,579.5,106.75,78.0,506.0,939.8,159.89999999999998,198.4285714285714,312.7142857142857,422.7142857142857,142.28571428571428,111.0,2056.0,875.0,117.0,84.0,1152.3076923076924,1330.7692307692307,111.61538461538453,143.8,599.6,422.8,125.79999999999995,99.9230769230769,406.3076923076923,869.0,172.30769230769232,46.0,352.0,404.0,49.0
576,119.0,399.0,563.0,143.0,84.33333333333337,444.3333333333333,795.0,162.00000000000006,90.85714285714266,1286.4285714285713,1106.5714285714287,122.85714285714289,110.5,1497.0,571.0,110.5,78.0,505.0,940.4,161.20000000000005,190.1428571428571,316.57142857142856,417.57142857142856,143.42857142857144,111.0,2058.9333333333334,876.9333333333333,118.26666666666642,84.0,1148.3846153846155,1328.4615384615386,113.76923076923072,140.73333333333335,592.4666666666667,414.4,126.39999999999998,101.76923076923072,404.9230769230769,866.0,173.9230769230769,46.0,362.0,397.5,49.0
577,112.25,400.25,559.25,139.75,84.11111111111109,441.77777777777777,795.0,164.00000000000006,92.57142857142844,1282.2857142857142,1102.7142857142858,121.57142857142867,116.75,1492.5,562.5,114.25,78.0,504.0,941.0,162.5,181.8571428571429,320.42857142857144,412.42857142857144,144.57142857142856,111.0,2061.866666666667,878.8666666666667,119.5333333333333,84.0,1144.4615384615386,1326.1538461538462,115.9230769230769,137.66666666666663,585.3333333333334,406.0,127.0,103.61538461538464,403.53846153846155,863.0,175.53846153846155,46.0,372.0,391.0,49.0
578,105.5,401.5,555.5,136.5,83.88888888888891,439.22222222222223,795.0,165.99999999999994,94.28571428571422,1278.142857142857,1098.857142857143,120.28571428571422,123.0,1488.0,554.0,118.0,78.0,503.0,941.6,163.79999999999995,173.5714285714286,324.2857142857143,407.2857142857143,145.71428571428572,111.0,2064.8,880.8,120.79999999999973,84.0,1140.5384615384614,1323.8461538461538,118.0769230769231,134.60000000000002,578.2,397.6,127.59999999999991,105.46153846153845,402.15384615384613,860.0,177.15384615384613,46.0,390.0,386.5,49.0
579,98.75,402.75,551.75,133.25,83.66666666666663,436.6666666666667,795.0,167.99999999999994,96.0,1274.0,1095.0,119.0,121.66666666666674,1483.5555555555557,553.1111111111111,121.66666666666652,78.0,502.0,942.2,165.10000000000002,165.28571428571428,328.14285714285717,402.14285714285717,146.85714285714283,111.0,2067.733333333333,882.7333333333333,122.06666666666706,84.0,1136.6153846153845,1321.5384615384614,120.23076923076928,131.53333333333336,571.0666666666666,389.2,128.20000000000005,107.30769230769226,400.7692307692308,857.0,178.76923076923077,46.0,408.0,382.0,49.0
580,92.0,404.0,548.0,130.0,83.44444444444446,434.1111111111111,795.0,170.0,98.33333333333326,1270.0,1091.1666666666667,123.33333333333326,120.33333333333337,1479.111111111111,552.2222222222222,125.33333333333326,78.0,501.0,942.8,166.39999999999998,157.0,332.0,397.0,148.0,111.0,2070.6666666666665,884.6666666666666,123.33333333333348,84.0,1132.6923076923076,1319.2307692307693,122.38461538461547,128.46666666666664,563.9333333333334,380.8,128.79999999999995,109.15384615384619,399.38461538461536,854.0,180.38461538461536,46.0,411.3333333333333,375.0,49.0
581,93.0,403.2857142857143,541.8571428571429,130.71428571428572,83.22222222222217,431.55555555555554,795.0,172.0,100.66666666666674,1266.0,1087.3333333333333,127.66666666666674,119.0,1474.6666666666667,551.3333333333334,129.0,78.0,500.0,943.4,167.70000000000005,155.1111111111111,335.6666666666667,387.0,146.0,111.0,2073.6,886.6,124.59999999999991,84.0,1128.7692307692307,1316.923076923077,124.53846153846166,125.40000000000003,556.8,372.4,129.4000000000001,111.0,398.0,851.0,182.0,46.0,414.6666666666667,368.0,49.0
582,94.0,402.57142857142856,535.7142857142857,131.42857142857144,83.0,429.0,795.0,174.0,103.0,1262.0,1083.5,132.0,117.66666666666663,1470.2222222222222,550.4444444444445,132.66666666666674,78.0,499.0,944.0,169.0,153.22222222222217,339.3333333333333,377.0,144.0,111.0,2076.5333333333333,888.5333333333333,125.86666666666679,84.0,1124.8461538461538,1314.6153846153845,126.69230769230762,122.33333333333337,549.6666666666666,364.0,130.0,110.0,395.09090909090907,846.8181818181819,180.1818181818182,46.0,418.0,361.0,49.0
583,95.0,401.85714285714283,529.5714285714286,132.14285714285717,85.16666666666663,428.8333333333333,792.5,173.33333333333331,105.33333333333326,1258.0,1079.6666666666667,136.33333333333326,116.33333333333337,1465.7777777777778,549.5555555555555,136.33333333333326,78.44444444444446,499.0,945.3333333333334,168.44444444444446,151.33333333333337,343.0,367.0,142.0,111.0,2079.4666666666667,890.4666666666667,127.13333333333321,84.0,1120.923076923077,1312.3076923076924,128.8461538461538,119.26666666666665,542.5333333333333,355.6,130.60000000000002,109.0,392.1818181818182,842.6363636363636,178.36363636363632,46.0,412.6666666666667,352.0,49.0
584,96.0,401.14285714285717,523.4285714285714,132.85714285714283,87.33333333333337,428.6666666666667,790.0,172.66666666666669,107.66666666666674,1254.0,1075.8333333333333,140.66666666666674,115.0,1461.3333333333333,548.6666666666666,140.0,78.88888888888903,499.0,946.6666666666666,167.8888888888889,149.44444444444446,346.6666666666667,357.0,140.0,111.0,2082.4,892.4,128.4000000000001,84.0,1117.0,1310.0,131.0,116.19999999999999,535.4,347.2,131.20000000000005,108.0,389.27272727272725,838.4545454545455,176.54545454545462,46.0,407.3333333333333,343.0,49.0
585,97.0,400.42857142857144,517.2857142857143,133.57142857142856,89.5,428.5,787.5,172.0,110.0,1250.0,1072.0,145.0,113.66666666666663,1456.888888888889,547.7777777777778,143.66666666666674,79.33333333333326,499.0,948.0,167.33333333333337,147.55555555555554,350.3333333333333,347.0,138.0,111.0,2085.3333333333335,894.3333333333334,129.66666666666652,84.83333333333326,1113.3333333333333,1307.0,129.5,113.13333333333333,528.2666666666667,338.8,131.79999999999995,107.0,386.3636363636364,834.2727272727273,174.72727272727275,46.0,402.0,334.0,49.0
586,97.99999999999994,399.7142857142857,511.14285714285717,134.28571428571428,91.66666666666663,428.3333333333333,785.0,171.33333333333331,110.07142857142867,1244.5,1069.5,144.92857142857133,112.33333333333326,1452.4444444444443,546.8888888888889,147.33333333333348,79.77777777777771,499.0,949.3333333333334,166.77777777777783,145.66666666666669,354.0,337.0,136.0,111.0,2088.266666666667,896.2666666666667,130.93333333333294,85.66666666666674,1109.6666666666667,1304.0,128.0,110.06666666666672,521.1333333333333,330.4,132.39999999999998,106.0,383.45454545454544,830.0909090909091,172.90909090909093,46.0,403.0,324.3333333333333,49.0
587,99.0,399.0,505.0,135.0,93.83333333333337,428.1666666666667,782.5,170.66666666666669,110.14285714285711,1239.0,1067.0,144.8571428571429,111.0,1448.0,546.0,151.0,80.22222222222229,499.0,950.6666666666666,166.22222222222217,143.77777777777777,357.6666666666667,327.0,134.0,111.0,2091.2,898.2,132.20000000000027,86.5,1106.0,1301.0,126.5,107.0,514.0,322.0,133.0,105.0,380.54545454545456,825.9090909090909,171.09090909090907,46.0,404.0,314.6666666666667,49.0
588,99.90000000000003,400.1,499.8,137.5,96.0,428.0,780.0,170.0,110.21428571428578,1233.5,1064.5,144.78571428571422,109.14285714285722,1439.5714285714287,544.1428571428571,153.57142857142844,80.66666666666674,499.0,952.0,165.66666666666663,141.8888888888889,361.3333333333333,317.0,132.0,111.0,2094.133333333333,900.1333333333333,133.4666666666667,87.33333333333326,1102.3333333333333,1298.0,125.0,107.23076923076923,515.7692307692307,315.61538461538464,132.61538461538464,104.0,377.6363636363636,821.7272727272727,169.27272727272725,46.0,405.0,305.0,49.0
589,100.79999999999995,401.2,494.6,140.00000000000006,98.28571428571433,428.85714285714283,779.5714285714286,169.28571428571428,110.28571428571422,1228.0,1062.0,144.71428571428578,107.28571428571422,1431.142857142857,542.2857142857143,156.1428571428571,81.11111111111097,499.0,953.3333333333334,165.1111111111111,140.0,365.0,307.0,130.0,111.0,2097.0666666666666,902.0666666666667,134.73333333333358,88.16666666666674,1098.6666666666667,1295.0,123.5,107.46153846153845,517.5384615384615,309.2307692307692,132.23076923076917,103.0,374.72727272727275,817.5454545454545,167.45454545454538,46.0,413.5,298.6666666666667,49.0
590,101.70000000000005,402.3,489.4,142.49999999999994,100.57142857142856,429.7142857142857,779.1428571428571,168.5714285714286,110.35714285714289,1222.5,1059.5,144.6428571428571,105.42857142857144,1422.7142857142858,540.4285714285714,158.71428571428555,81.55555555555554,499.0,954.6666666666666,164.55555555555554,142.39999999999998,368.8,297.0,137.0,111.0,2100.0,904.0,136.0,89.0,1095.0,1292.0,122.0,107.69230769230768,519.3076923076923,302.84615384615387,131.84615384615392,102.0,371.8181818181818,813.3636363636364,165.63636363636368,46.0,422.0,292.3333333333333,49.0
591,102.59999999999997,403.4,484.2,145.0,102.85714285714289,430.57142857142856,778.7142857142857,167.8571428571429,110.42857142857133,1217.0,1057.0,144.57142857142867,103.57142857142856,1414.2857142857142,538.5714285714286,161.28571428571445,82.0,499.0,956.0,164.0,144.8,372.6,287.0,144.0,111.0,2101.375,905.0,137.25,92.0,1089.142857142857,1286.7142857142858,126.28571428571422,107.9230769230769,521.0769230769231,296.46153846153845,131.46153846153845,101.00000000000011,368.90909090909093,809.1818181818181,163.8181818181818,46.0,430.5,286.0,49.0
592,103.5,404.5,479.0,147.5,105.14285714285711,431.42857142857144,778.2857142857143,167.1428571428571,110.5,1211.5,1054.5,144.5,101.71428571428578,1405.857142857143,536.7142857142857,163.8571428571429,82.57142857142856,500.42857142857144,957.2857142857143,163.57142857142856,147.2,376.4,277.0,151.0,111.0,2102.75,906.0,138.5,95.0,1083.2857142857142,1281.4285714285713,130.57142857142867,108.15384615384613,522.8461538461538,290.0769230769231,131.0769230769231,100.0,366.0,805.0,162.0,46.0,439.0,279.6666666666667,49.0
593,104.40000000000003,405.6,473.8,150.0,107.42857142857144,432.2857142857143,777.8571428571429,166.4285714285714,110.57142857142867,1206.0,1052.0,144.42857142857133,99.85714285714278,1397.4285714285713,534.8571428571429,166.42857142857156,83.14285714285722,501.85714285714283,958.5714285714286,163.14285714285717,149.60000000000002,380.2,267.0,158.00000000000006,111.0,2104.125,907.0,139.75,98.0,1077.4285714285713,1276.142857142857,134.8571428571429,108.38461538461542,524.6153846153846,283.6923076923077,130.69230769230762,100.16666666666663,365.3333333333333,798.8333333333334,162.08333333333331,46.0,447.5,273.3333333333333,49.0
594,105.29999999999995,406.7,468.6,152.50000000000006,109.71428571428567,433.14285714285717,777.4285714285714,165.71428571428572,110.64285714285711,1200.5,1049.5,144.3571428571429,98.0,1389.0,533.0,169.0,83.71428571428578,503.2857142857143,959.8571428571429,162.71428571428572,152.0,384.0,257.0,165.0,111.0,2105.5,908.0,141.0,101.0,1071.5714285714287,1270.857142857143,139.1428571428571,108.61538461538458,526.3846153846154,277.3076923076923,130.30769230769238,100.33333333333337,364.6666666666667,792.6666666666666,162.16666666666669,46.0,456.0,267.0,49.0
595,106.20000000000005,407.8,463.4,154.99999999999994,112.0,434.0,777.0,165.0,110.71428571428578,1195.0,1047.0,144.28571428571422,99.0,1379.625,531.25,166.25,84.28571428571422,504.7142857142857,961.1428571428571,162.28571428571428,147.0,389.5,249.5,164.16666666666663,111.0,2106.875,909.0,142.25,104.0,1065.7142857142858,1265.5714285714287,143.42857142857133,108.84615384615387,528.1538461538462,270.9230769230769,129.9230769230769,100.5,364.0,786.5,162.25,46.0,469.0,261.4,49.0
596,107.09999999999997,408.9,458.2,157.5,110.10000000000002,433.6,779.5,167.60000000000002,110.78571428571422,1189.5,1044.5,144.21428571428578,100.0,1370.25,529.5,163.5,84.85714285714278,506.14285714285717,962.4285714285714,161.85714285714283,142.0,395.0,242.0,163.33333333333337,111.0,2108.25,910.0,143.5,107.0,1059.857142857143,1260.2857142857142,147.71428571428578,109.0769230769231,529.9230769230769,264.53846153846155,129.53846153846155,100.66666666666663,363.3333333333333,780.3333333333334,162.33333333333331,46.0,482.0,255.8,49.0
597,108.0,410.0,453.0,160.0,108.20000000000005,433.2,782.0,170.2,110.85714285714289,1184.0,1042.0,144.1428571428571,101.0,1360.875,527.75,160.75,85.42857142857144,507.57142857142856,963.7142857142857,161.42857142857144,137.0,400.5,234.5,162.5,111.0,2109.625,911.0,144.75,110.0,1054.0,1255.0,152.0,109.30769230769232,531.6923076923077,258.15384615384613,129.15384615384608,100.83333333333337,362.6666666666667,774.1666666666666,162.41666666666669,46.0,495.0,250.2,49.0
598,107.42857142857139,413.2857142857143,449.14285714285717,157.5714285714286,106.29999999999995,432.8,784.5,172.8,110.92857142857133,1178.5,1039.5,144.07142857142867,102.0,1351.5,526.0,158.0,86.0,509.0,965.0,161.0,132.0,406.0,227.0,161.66666666666663,111.0,2111.0,912.0,146.0,107.40000000000009,1054.0,1253.1,148.9000000000001,109.53846153846155,533.4615384615385,251.76923076923077,128.76923076923083,101.0,362.0,768.0,162.5,46.00000000000003,508.0,244.6,49.0
599,106.85714285714283,416.57142857142856,445.2857142857143,155.1428571428571,104.39999999999998,432.4,787.0,175.39999999999998,111.0,1173.0,1037.0,144.0,103.0,1342.125,524.25,155.25,86.00000000000011,509.15384615384613,967.4615384615385,161.00000000000006,127.0,411.5,219.5,160.83333333333337,110.99999999999989,2103.25,913.0833333333334,147.25,104.79999999999995,1054.0,1251.2,145.79999999999995,109.76923076923075,535.2307692307693,245.3846153846154,128.38461538461536,101.16666666666663,361.3333333333333,761.8333333333334,162.58333333333331,46.0,521.0,239.0,49.0
600,106.28571428571422,419.85714285714283,441.42857142857144,152.71428571428572,102.5,432.0,789.5,178.0,110.125,1166.875,1033.125,143.25,104.0,1332.75,522.5,152.5,86.0,509.3076923076923,969.9230769230769,160.99999999999994,122.0,417.0,212.0,160.0,111.00000000000011,2095.5,914.1666666666666,148.5,102.20000000000005,1054.0,1249.3,142.70000000000005,110.0,537.0,239.0,128.0,101.33333333333337,360.6666666666667,755.6666666666666,162.66666666666669,46.0,520.4,229.8,49.0
601,105.71428571428578,423.14285714285717,437.57142857142856,150.28571428571428,100.60000000000002,431.6,792.0,180.60000000000002,109.25,1160.75,1029.25,142.5,105.0,1323.375,520.75,149.75,86.00000000000011,509.46153846153845,972.3846153846154,161.0,124.89999999999998,422.5,204.5,159.29999999999995,111.0,2087.75,915.25,149.75,99.59999999999991,1054.0,1247.4,139.5999999999999,108.08333333333334,545.3333333333334,236.91666666666666,132.0,101.5,360.0,749.5,162.75,46.00000000000003,519.8,220.6,49.0
602,105.14285714285717,426.42857142857144,433.7142857142857,147.8571428571429,98.70000000000005,431.2,794.5,183.2,108.375,1154.625,1025.375,141.75,106.0,1314.0,519.0,147.0,86.0,509.61538461538464,974.8461538461538,161.0,127.80000000000001,428.0,197.0,158.60000000000002,110.99999999999989,2080.0,916.3333333333334,151.0,97.0,1054.0,1245.5,136.5,106.16666666666666,553.6666666666666,234.83333333333334,136.0,101.66666666666663,359.3333333333333,743.3333333333334,162.83333333333331,45.99999999999997,519.2,211.4,49.0
603,104.57142857142861,429.7142857142857,429.85714285714283,145.4285714285714,96.79999999999995,430.8,797.0,185.8,107.5,1148.5,1021.5,141.0,105.21428571428578,1303.5,519.7142857142857,148.3571428571429,86.00000000000011,509.7692307692308,977.3076923076923,160.99999999999994,130.7,433.5,189.5,157.89999999999998,111.00000000000011,2072.25,917.4166666666666,152.25,94.40000000000009,1054.0,1243.6,133.4000000000001,104.25,562.0,232.75,140.0,101.83333333333337,358.6666666666667,737.1666666666666,162.91666666666669,46.0,518.6,202.2,49.0
604,104.0,433.0,426.0,143.0,94.89999999999998,430.4,799.5,188.39999999999998,106.625,1142.375,1017.625,140.25,104.42857142857144,1293.0,520.4285714285714,149.71428571428578,86.0,509.9230769230769,979.7692307692307,161.0,133.60000000000002,439.0,182.0,157.20000000000005,111.0,2064.5,918.5,153.5,91.79999999999995,1054.0,1241.7,130.29999999999995,102.33333333333334,570.3333333333334,230.66666666666666,144.0,102.0,358.0,731.0,163.0,46.0,518.0,193.0,49.0
605,102.75,435.5,421.75,140.25,93.0,430.0,802.0,191.0,105.75,1136.25,1013.75,139.5,103.64285714285722,1282.5,521.1428571428571,151.07142857142867,86.0,510.0769230769231,982.2307692307693,161.0,136.5,444.5,174.5,156.5,110.99999999999989,2056.75,919.5833333333334,154.75,89.20000000000005,1054.0,1239.8,127.20000000000005,100.41666666666666,578.6666666666666,228.58333333333334,148.0,104.16666666666663,357.6666666666667,724.8333333333334,162.91666666666669,46.0,514.5,184.25,49.0
606,101.5,438.0,417.5,137.5,94.20000000000005,431.1,802.4,190.39999999999998,104.875,1130.125,1009.875,138.75,102.85714285714278,1272.0,521.8571428571429,152.42857142857133,85.99999999999989,510.2307692307692,984.6923076923077,161.00000000000006,139.39999999999998,450.0,167.0,155.79999999999995,111.00000000000011,2049.0,920.6666666666666,156.0,86.59999999999991,1054.0,1237.9,124.09999999999991,98.5,587.0,226.5,152.0,106.33333333333337,357.3333333333333,718.6666666666666,162.83333333333331,46.0,511.0,175.5,49.0
607,100.25,440.5,413.25,134.75,95.40000000000009,432.2,802.8,189.8,104.0,1124.0,1006.0,138.0,102.07142857142856,1261.5,522.5714285714286,153.78571428571422,86.0,510.38461538461536,987.1538461538462,161.0,142.3,455.5,159.5,155.10000000000002,111.0,2041.25,921.75,157.25,84.0,1054.0,1236.0,121.0,96.58333333333334,595.3333333333334,224.41666666666666,156.0,108.5,357.0,712.5,162.75,46.0,507.5,166.75,49.0
608,99.0,443.0,409.0,132.0,96.59999999999991,433.3,803.2,189.2,107.85714285714289,1118.4285714285713,999.8571428571429,139.71428571428578,101.28571428571422,1251.0,523.2857142857143,155.1428571428571,85.99999999999989,510.53846153846155,989.6153846153846,161.0,145.2,461.0,152.0,154.39999999999998,110.99999999999989,2033.5,922.8333333333334,158.5,86.0,1051.909090909091,1231.3636363636363,122.27272727272725,94.66666666666666,603.6666666666666,222.33333333333334,160.0,110.66666666666663,356.6666666666667,706.3333333333334,162.66666666666669,46.0,504.0,158.0,49.0
609,102.57142857142861,445.42857142857144,404.57142857142856,135.71428571428567,97.79999999999995,434.4,803.6,188.60000000000002,111.71428571428567,1112.857142857143,993.7142857142857,141.42857142857133,100.5,1240.5,524.0,156.5,86.0,510.6923076923077,992.0769230769231,161.00000000000006,148.10000000000002,466.5,144.5,153.70000000000005,111.00000000000011,2025.75,923.9166666666666,159.75,88.0,1049.8181818181818,1226.7272727272727,123.5454545454545,92.75,612.0,220.25,164.0,112.83333333333337,356.3333333333333,700.1666666666666,162.58333333333331,46.0,505.0,150.5,49.0
610,106.14285714285711,447.85714285714283,400.14285714285717,139.4285714285715,99.0,435.5,804.0,188.0,115.57142857142856,1107.2857142857142,987.5714285714286,143.1428571428571,99.71428571428578,1230.0,524.7142857142857,157.8571428571429,85.99999999999989,510.84615384615387,994.5384615384615,160.99999999999994,151.0,472.0,137.0,153.0,111.0,2018.0,925.0,161.0,90.0,1047.7272727272727,1222.090909090909,124.81818181818176,90.83333333333334,620.3333333333334,218.16666666666666,168.0,115.0,356.0,694.0,162.5,46.0,506.0,143.0,49.0
611,109.71428571428572,450.2857142857143,395.7142857142857,143.14285714285717,100.20000000000005,436.6,804.4,187.39999999999998,119.42857142857144,1101.7142857142858,981.4285714285714,144.8571428571429,98.92857142857144,1219.5,525.4285714285714,159.21428571428578,86.0,511.0,997.0,161.0,146.50000000000003,475.3333333333333,132.66666666666666,149.33333333333331,111.07142857142856,2008.5357142857142,924.0357142857143,160.03571428571422,92.0,1045.6363636363637,1217.4545454545455,126.09090909090901,88.91666666666666,628.6666666666666,216.08333333333334,172.0,117.16666666666663,355.6666666666667,687.8333333333334,162.41666666666669,46.0,510.6666666666667,139.33333333333334,48.99999999999994
612,113.28571428571428,452.7142857142857,391.2857142857143,146.85714285714283,101.40000000000009,437.7,804.8,186.8,123.28571428571433,1096.142857142857,975.2857142857143,146.57142857142867,98.14285714285722,1209.0,526.1428571428571,160.57142857142867,87.00000000000011,511.85714285714283,998.5714285714286,159.85714285714283,141.99999999999997,478.6666666666667,128.33333333333334,145.66666666666669,111.14285714285722,1999.0714285714287,923.0714285714286,159.07142857142867,94.0,1043.5454545454545,1212.8181818181818,127.36363636363649,87.0,637.0,214.0,176.0,119.33333333333337,355.3333333333333,681.6666666666666,162.33333333333331,46.0,515.3333333333334,135.66666666666666,49.0
613,116.85714285714289,455.14285714285717,386.85714285714283,150.5714285714285,102.59999999999991,438.8,805.2,186.2,127.14285714285711,1090.5714285714287,969.1428571428571,148.28571428571422,97.35714285714278,1198.5,526.8571428571429,161.92857142857133,88.0,512.7142857142857,1000.1428571428571,158.71428571428578,137.5,482.0,124.0,142.0,111.21428571428578,1989.607142857143,922.1071428571429,158.1071428571429,96.0,1041.4545454545455,1208.1818181818182,128.6363636363635,88.40000000000003,642.3,215.7,176.0,121.5,355.0,675.5,162.25,46.0,520.0,132.0,49.0
614,120.42857142857139,457.57142857142856,382.42857142857144,154.28571428571433,103.79999999999995,439.9,805.6,185.60000000000002,131.0,1085.0,963.0,150.0,96.57142857142856,1188.0,527.5714285714286,163.28571428571422,89.00000000000011,513.5714285714286,1001.7142857142857,157.57142857142856,133.0,485.3333333333333,119.66666666666667,138.33333333333331,111.28571428571422,1980.142857142857,921.1428571428571,157.1428571428571,98.0,1039.3636363636363,1203.5454545454545,129.909090909091,89.79999999999998,647.6,217.4,176.0,123.66666666666663,354.6666666666667,669.3333333333334,162.16666666666669,46.0,525.0,129.33333333333334,49.0
615,124.0,460.0,378.0,158.0,105.0,441.0,806.0,185.0,129.0769230769231,1078.8461538461538,960.9230769230769,150.69230769230762,95.78571428571422,1177.5,528.2857142857143,164.6428571428571,89.99999999999989,514.4285714285714,1003.2857142857143,156.42857142857144,128.5,488.6666666666667,115.33333333333333,134.66666666666669,111.35714285714278,1970.6785714285713,920.1785714285714,156.17857142857133,100.0,1037.2727272727273,1198.909090909091,131.18181818181824,91.20000000000002,652.9,219.1,176.0,125.83333333333337,354.3333333333333,663.1666666666666,162.08333333333331,45.999999999999986,530.0,126.66666666666667,49.0
616,123.5,463.0,375.0,155.0,106.125,441.125,805.0,184.375,127.15384615384619,1072.6923076923076,958.8461538461538,151.38461538461547,95.0,1167.0,529.0,166.0,91.0,515.2857142857143,1004.8571428571429,155.28571428571422,124.0,492.0,111.0,131.0,111.42857142857144,1961.2142857142858,919.2142857142857,155.21428571428578,102.0,1035.1818181818182,1194.2727272727273,132.4545454545455,92.59999999999997,658.2,220.8,176.0,128.0,354.0,657.0,162.0,46.0,535.0,124.0,49.0
617,123.0,466.0,372.0,152.0,107.25,441.25,804.0,183.75,125.23076923076928,1066.5384615384614,956.7692307692307,152.0769230769231,95.0769230769231,1154.7692307692307,530.1538461538462,165.38461538461547,91.99999999999989,516.1428571428571,1006.4285714285714,154.14285714285722,122.28571428571429,492.14285714285717,109.71428571428571,138.5714285714285,111.5,1951.75,918.25,154.25,104.0,1033.090909090909,1189.6363636363637,133.72727272727275,94.0,663.5,222.5,176.0,130.08333333333326,354.0,649.8333333333334,161.91666666666663,46.0,541.0,125.0,49.0
618,122.5,469.0,369.0,149.0,108.375,441.375,803.0,183.125,123.30769230769226,1060.3846153846155,954.6923076923077,152.76923076923072,95.15384615384619,1142.5384615384614,531.3076923076923,164.76923076923094,93.0,517.0,1008.0,153.0,120.57142857142857,492.2857142857143,108.42857142857143,146.14285714285717,111.57142857142856,1942.2857142857142,917.2857142857143,153.28571428571422,106.0,1031.0,1185.0,135.0,95.40000000000003,668.8,224.2,176.0,132.16666666666674,354.0,642.6666666666666,161.83333333333337,46.0,547.0,126.0,49.0
619,122.0,472.0,366.0,146.0,109.5,441.5,802.0,182.5,121.38461538461536,1054.2307692307693,952.6153846153846,153.46153846153834,95.23076923076928,1130.3076923076924,532.4615384615385,164.1538461538462,93.75,517.5833333333334,1011.5,152.0,118.85714285714286,492.42857142857144,107.14285714285714,153.71428571428567,111.64285714285722,1932.8214285714287,916.3214285714286,152.32142857142867,109.33333333333326,1032.0,1178.75,134.0,96.79999999999998,674.1,225.9,176.0,134.25,354.0,635.5,161.75,46.0,553.0,127.0,49.0
620,119.66666666666669,475.1666666666667,363.0,150.16666666666669,110.625,441.625,801.0,181.875,119.46153846153845,1048.076923076923,950.5384615384615,154.1538461538462,95.30769230769226,1118.076923076923,533.6153846153846,163.53846153846143,94.5,518.1666666666666,1015.0,151.0,117.14285714285714,492.57142857142856,105.85714285714286,161.28571428571433,111.71428571428578,1923.357142857143,915.3571428571429,151.3571428571429,112.66666666666674,1033.0,1172.5,133.0,98.20000000000002,679.4,227.6,176.0,136.33333333333326,354.0,628.3333333333334,161.66666666666663,46.0,558.5,130.0,49.0
621,117.33333333333331,478.3333333333333,360.0,154.33333333333331,111.75,441.75,800.0,181.25,117.53846153846155,1041.923076923077,948.4615384615385,154.8461538461538,95.38461538461547,1105.8461538461538,534.7692307692307,162.9230769230769,95.25,518.75,1018.5,150.0,115.42857142857143,492.7142857142857,104.57142857142857,168.85714285714283,111.78571428571422,1913.892857142857,914.3928571428571,150.3928571428571,116.0,1034.0,1166.25,132.0,99.59999999999997,684.7,229.3,176.0,138.41666666666674,354.0,621.1666666666666,161.58333333333337,46.0,564.0,133.0,49.0
622,115.0,481.5,357.0,158.5,112.875,441.875,799.0,180.625,115.61538461538464,1035.7692307692307,946.3846153846154,155.53846153846166,95.46153846153845,1093.6153846153845,535.9230769230769,162.30769230769238,96.0,519.3333333333334,1022.0,149.0,113.71428571428571,492.85714285714283,103.28571428571429,176.4285714285715,111.85714285714278,1904.4285714285713,913.4285714285714,149.42857142857133,119.33333333333326,1035.0,1160.0,131.0,101.0,690.0,231.0,176.0,140.5,354.0,614.0,161.5,46.0,569.5,136.0,49.0
623,112.66666666666669,484.6666666666667,354.0,162.66666666666669,114.0,442.0,798.0,180.0,113.69230769230774,1029.6153846153845,944.3076923076923,156.23076923076928,95.53846153846155,1081.3846153846155,537.0769230769231,161.69230769230762,96.75,519.9166666666666,1025.5,148.0,112.0,493.0,102.0,184.0,111.92857142857144,1894.9642857142858,912.4642857142857,148.46428571428555,122.66666666666674,1036.0,1153.75,130.0,102.28571428571428,700.5714285714286,237.0,179.1428571428571,142.58333333333326,354.0,606.8333333333334,161.41666666666663,46.0,575.0,139.0,49.0
624,110.33333333333331,487.8333333333333,351.0,166.83333333333331,115.14285714285711,440.85714285714283,796.2857142857143,181.14285714285717,111.76923076923072,1023.4615384615385,942.2307692307693,156.92307692307702,95.61538461538453,1069.1538461538462,538.2307692307693,161.0769230769231,97.5,520.5,1029.0,147.0,114.75000000000001,493.9166666666667,102.83333333333333,183.33333333333331,112.0,1885.5,911.5,147.5,126.0,1037.0,1147.5,129.0,103.57142857142856,711.1428571428571,243.0,182.28571428571433,144.66666666666674,354.0,599.6666666666666,161.33333333333337,46.0,576.6666666666666,142.0,49.0
625,108.0,491.0,348.0,171.0,116.28571428571433,439.7142857142857,794.5714285714286,182.28571428571428,109.84615384615381,1017.3076923076923,940.1538461538462,157.61538461538464,95.69230769230774,1056.923076923077,539.3846153846154,160.46153846153857,98.25,521.0833333333334,1032.5,146.0,117.49999999999999,494.8333333333333,103.66666666666667,182.66666666666669,112.07142857142856,1876.0357142857142,910.5357142857143,146.53571428571445,129.33333333333326,1038.0,1141.25,128.0,104.85714285714283,721.7142857142857,249.0,185.42857142857144,146.75,354.0,592.5,161.25,46.0,578.3333333333334,145.0,49.0
626,108.85714285714283,494.0,345.42857142857144,170.42857142857144,117.42857142857144,438.57142857142856,792.8571428571429,183.42857142857144,107.9230769230769,1011.1538461538462,938.0769230769231,158.30769230769238,95.76923076923072,1044.6923076923076,540.5384615384615,159.8461538461538,99.0,521.6666666666666,1036.0,145.0,120.25,495.75,104.5,182.0,112.14285714285711,1866.5714285714287,909.5714285714286,145.57142857142844,132.66666666666674,1039.0,1135.0,127.0,106.14285714285717,732.2857142857143,255.0,188.57142857142856,148.83333333333326,354.0,585.3333333333334,161.16666666666663,46.0,580.0,148.0,49.0
627,109.71428571428572,497.0,342.85714285714283,169.8571428571429,118.57142857142856,437.42857142857144,791.1428571428571,184.57142857142856,106.0,1005.0,936.0,159.0,95.84615384615381,1032.4615384615386,541.6923076923077,159.23076923076906,99.75,522.25,1039.5,144.0,123.00000000000001,496.6666666666667,105.33333333333333,181.33333333333331,112.21428571428567,1857.107142857143,908.6071428571429,144.6071428571429,136.0,1040.0,1128.75,126.0,107.42857142857144,742.8571428571429,261.0,191.71428571428567,150.91666666666674,354.0,578.1666666666666,161.08333333333337,46.0,581.6666666666666,151.0,49.0
628,110.57142857142856,500.0,340.2857142857143,169.28571428571433,119.71428571428567,436.2857142857143,789.4285714285714,185.71428571428572,104.16666666666663,1003.3333333333334,931.3333333333334,153.9999999999999,95.9230769230769,1020.2307692307693,542.8461538461538,158.61538461538453,100.5,522.8333333333334,1043.0,143.0,125.74999999999999,497.5833333333333,106.16666666666667,180.66666666666669,112.28571428571433,1847.642857142857,907.6428571428571,143.6428571428571,139.33333333333326,1041.0,1122.5,125.0,108.71428571428572,753.4285714285714,267.0,194.85714285714278,153.0,354.0,571.0,161.0,46.0,583.3333333333334,154.0,49.0
629,111.42857142857144,503.0,337.7142857142857,168.71428571428567,120.85714285714289,435.14285714285717,787.7142857142857,186.85714285714283,102.33333333333337,1001.6666666666666,926.6666666666666,149.0000000000001,96.0,1008.0,544.0,158.0,101.25,523.4166666666666,1046.5,142.0,128.5,498.5,107.0,180.0,112.35714285714289,1838.1785714285713,906.6785714285714,142.67857142857156,142.66666666666674,1042.0,1116.25,124.0,110.0,764.0,273.0,198.0,151.66666666666674,352.9166666666667,564.9166666666666,162.83333333333331,46.0,585.0,157.0,49.0
630,112.28571428571428,506.0,335.14285714285717,168.1428571428571,122.0,434.0,786.0,188.0,100.5,1000.0,922.0,144.0,96.08333333333337,997.5,546.1666666666666,157.75,102.0,524.0,1050.0,141.0,131.25,499.4166666666667,107.83333333333333,179.33333333333331,112.42857142857144,1828.7142857142858,905.7142857142857,141.71428571428555,146.0,1043.0,1110.0,123.0,111.41666666666663,767.5833333333334,278.9166666666667,196.08333333333326,150.33333333333326,351.8333333333333,558.8333333333334,164.66666666666669,46.0,575.5,153.25,49.0
631,113.14285714285717,509.0,332.57142857142856,167.57142857142856,129.75,433.875,774.625,186.0,98.66666666666663,998.3333333333334,917.3333333333334,138.9999999999999,96.16666666666663,987.0,548.3333333333334,157.5,102.79999999999995,525.6,1049.8,139.60000000000002,134.0,500.3333333333333,108.66666666666667,178.66666666666669,112.5,1819.25,904.75,140.75,147.5,1044.125,1100.375,124.8125,112.83333333333337,771.1666666666666,284.8333333333333,194.16666666666674,149.0,350.75,552.75,166.5,46.0,566.0,149.5,49.0
632,114.0,512.0,330.0,167.0,137.5,433.75,763.25,184.0,96.83333333333337,996.6666666666666,912.6666666666666,134.0000000000001,96.25,976.5,550.5,157.25,103.60000000000014,527.2,1049.6,138.19999999999993,136.75,501.25,109.5,178.0,112.57142857142856,1809.7857142857142,903.7857142857143,139.78571428571445,149.0,1045.25,1090.75,126.625,114.25,774.75,290.75,192.25,147.66666666666674,349.6666666666667,546.6666666666666,168.33333333333331,46.0,556.5,145.75,49.0
633,114.76470588235298,510.70588235294116,328.52941176470586,167.41176470588238,145.25,433.625,751.875,182.0,95.0,995.0,908.0,129.0,96.33333333333337,966.0,552.6666666666666,157.0,104.39999999999986,528.8,1049.4,136.80000000000007,139.5,502.1666666666667,110.33333333333333,177.33333333333331,112.64285714285711,1800.3214285714287,902.8214285714286,138.82142857142844,150.5,1046.375,1081.125,128.4375,115.66666666666663,778.3333333333334,296.6666666666667,190.33333333333326,146.33333333333326,348.5833333333333,540.5833333333334,170.16666666666669,46.0,547.0,142.0,49.0
634,115.52941176470586,509.4117647058824,327.05882352941177,167.8235294117647,153.0,433.5,740.5,180.0,98.29999999999995,990.8,901.6,131.20000000000005,96.41666666666663,955.5,554.8333333333334,156.75,105.20000000000005,530.4,1049.2,135.39999999999998,142.25,503.0833333333333,111.16666666666667,176.66666666666669,112.71428571428567,1790.857142857143,901.8571428571429,137.8571428571429,152.0,1047.5,1071.5,130.25,117.08333333333337,781.9166666666666,302.5833333333333,188.41666666666674,145.0,347.5,534.5,172.0,46.0,537.5,138.25,49.0
635,116.29411764705884,508.11764705882354,325.5882352941176,168.23529411764707,160.75,433.375,729.125,178.0,101.59999999999991,986.6,895.2,133.39999999999998,96.5,945.0,557.0,156.5,106.0,532.0,1049.0,134.0,145.0,504.0,112.0,176.0,112.78571428571433,1781.392857142857,900.8928571428571,136.8928571428571,153.5,1048.625,1061.875,132.0625,118.5,785.5,308.5,186.5,143.66666666666674,346.4166666666667,528.4166666666666,173.83333333333331,46.0,528.0,134.5,49.0
636,117.05882352941177,506.8235294117647,324.11764705882354,168.64705882352945,168.5,433.25,717.75,176.0,104.90000000000009,982.4,888.8,135.60000000000002,96.58333333333337,934.5,559.1666666666666,156.25,101.0,533.4285714285714,1054.7142857142858,136.57142857142856,134.0,499.0,111.0,165.0,112.85714285714289,1771.9285714285713,899.9285714285714,135.92857142857156,155.0,1049.75,1052.25,133.875,119.91666666666663,789.0833333333334,314.4166666666667,184.58333333333326,142.33333333333326,345.3333333333333,522.3333333333334,175.66666666666669,46.0,518.5,130.75,49.0
637,117.82352941176475,505.52941176470586,322.6470588235294,169.05882352941182,176.25,433.125,706.375,174.0,108.20000000000005,978.2,882.4,137.79999999999995,96.66666666666663,924.0,561.3333333333334,156.0,96.0,534.8571428571429,1060.4285714285713,139.1428571428571,132.125,498.3125,112.5,166.75,112.92857142857144,1762.4642857142858,898.9642857142857,134.96428571428578,156.5,1050.875,1042.625,135.6875,121.33333333333337,792.6666666666666,320.3333333333333,182.66666666666674,141.0,344.25,516.25,177.5,46.0,509.0,127.0,49.0
638,118.58823529411762,504.2352941176471,321.1764705882353,169.47058823529414,184.0,433.0,695.0,172.0,111.5,974.0,876.0,140.0,96.75,913.5,563.5,155.75,91.0,536.2857142857143,1066.142857142857,141.71428571428567,130.25,497.625,114.0,168.5,113.0,1753.0,898.0,134.0,158.0,1052.0,1033.0,137.5,122.75,796.25,326.25,180.75,139.66666666666669,343.1666666666667,510.1666666666667,179.33333333333331,46.0,504.0,130.25,49.0
639,119.35294117647061,502.94117647058823,319.70588235294116,169.88235294117652,185.25,433.75,688.875,170.25,114.79999999999995,969.8,869.6,142.20000000000005,96.83333333333337,903.0,565.6666666666666,155.5,86.0,537.7142857142857,1071.857142857143,144.28571428571433,128.375,496.9375,115.5,170.25,113.09090909090912,1740.7575757575758,894.8484848484849,134.69696969696975,159.5,1053.125,1023.375,139.3125,124.16666666666669,799.8333333333334,332.1666666666667,178.83333333333326,138.33333333333326,342.0833333333333,504.08333333333337,181.16666666666669,46.0,499.0,133.5,49.0
640,120.11764705882354,501.6470588235294,318.2352941176471,170.2941176470589,186.5,434.5,682.75,168.5,118.09999999999991,965.6,863.2,144.39999999999998,96.91666666666663,892.5,567.8333333333334,155.25,81.0,539.1428571428571,1077.5714285714287,146.8571428571429,126.5,496.25,117.0,172.0,113.18181818181813,1728.5151515151515,891.6969696969697,135.3939393939395,161.0,1054.25,1013.75,141.125,125.58333333333331,803.4166666666666,338.0833333333333,176.91666666666674,137.0,341.0,498.0,183.0,46.0,494.0,136.75,49.0
641,120.88235294117646,500.3529411764706,316.7647058823529,170.7058823529411,187.75,435.25,676.625,166.75,121.40000000000009,961.4,856.8,146.60000000000002,97.0,882.0,570.0,155.0,76.0,540.5714285714286,1083.2857142857142,149.42857142857144,124.625,495.5625,118.5,173.75,113.27272727272737,1716.2727272727273,888.5454545454545,136.090909090909,162.5,1055.375,1004.125,142.9375,127.0,807.0,344.0,175.0,137.0625,344.4375,491.875,182.0,46.0,489.0,140.0,49.0
642,121.64705882352939,499.05882352941177,315.29411764705884,171.11764705882348,189.0,436.0,670.5,165.0,124.70000000000005,957.2,850.4,148.79999999999995,99.25,871.0,572.625,152.875,71.0,542.0,1089.0,152.0,122.75,494.875,120.0,175.5,113.36363636363637,1704.030303030303,885.3939393939394,136.78787878787875,164.0,1056.5,994.5,144.75,126.46153846153845,809.8461538461538,350.0,173.53846153846155,137.125,347.875,485.75,181.0,46.0,491.3333333333333,149.0,49.00000000000006
643,122.41176470588238,497.7647058823529,313.8235294117647,171.52941176470586,190.25,436.75,664.375,163.25,128.0,953.0,844.0,151.0,101.5,860.0,575.25,150.75,72.5,544.4,1089.4,152.89999999999998,120.875,494.1875,121.5,177.25,113.4545454545455,1691.7878787878788,882.2424242424242,137.4848484848485,165.5,1057.625,984.875,146.5625,125.9230769230769,812.6923076923077,356.0,172.07692307692298,137.1875,351.3125,479.625,180.0,46.0,493.6666666666667,158.0,48.99999999999994
644,123.17647058823525,496.47058823529414,312.3529411764706,171.94117647058818,191.5,437.5,658.25,161.5,127.58333333333337,948.75,841.9166666666666,150.5,103.75,849.0,577.875,148.625,74.0,546.8,1089.8,153.80000000000007,119.0,493.5,123.0,179.0,113.5454545454545,1679.5454545454545,879.0909090909091,138.18181818181824,167.0,1058.75,975.25,148.375,125.38461538461536,815.5384615384615,362.0,170.61538461538464,137.25,354.75,473.5,179.0,46.0,496.0,167.0,49.0
645,123.94117647058823,495.1764705882353,310.88235294117646,172.35294117647055,192.75,438.25,652.125,159.75,127.16666666666663,944.5,839.8333333333334,150.0,106.0,838.0,580.5,146.5,75.5,549.2,1090.2,154.69999999999993,117.125,492.8125,124.5,180.75,113.63636363636363,1667.3030303030303,875.939393939394,138.878787878788,168.5,1059.875,965.625,150.1875,124.84615384615387,818.3846153846154,368.0,169.1538461538462,137.3125,358.1875,467.375,178.0,46.0,503.6,171.6,49.0
646,124.70588235294116,493.88235294117646,309.4117647058824,172.76470588235293,194.0,439.0,646.0,158.0,126.75,940.25,837.75,149.5,108.25,827.0,583.125,144.375,77.0,551.6,1090.6,155.60000000000002,115.25,492.125,126.0,182.5,113.72727272727275,1655.060606060606,872.7878787878788,139.57575757575773,170.0,1061.0,956.0,152.0,124.30769230769232,821.2307692307693,374.0,167.69230769230762,137.375,361.625,461.25,177.0,46.0,511.2,176.2,49.00000000000006
647,125.47058823529414,492.5882352941176,307.94117647058823,173.1764705882353,187.39999999999998,438.4,644.0,160.80000000000007,126.33333333333337,936.0,835.6666666666666,149.0,110.5,816.0,585.75,142.25,78.5,554.0,1091.0,156.5,113.375,491.4375,127.5,184.25,113.81818181818187,1642.8181818181818,869.6363636363636,140.27272727272725,169.909090909091,1064.3636363636363,943.7272727272727,151.81818181818198,123.76923076923077,824.0769230769231,380.0,166.23076923076917,137.4375,365.0625,455.125,176.0,46.0,518.8,180.8,49.0
648,126.23529411764702,491.29411764705884,306.47058823529414,173.58823529411762,180.79999999999995,437.8,642.0,163.59999999999997,125.91666666666663,931.75,833.5833333333334,148.5,112.75,805.0,588.375,140.125,80.0,556.4,1091.4,157.39999999999998,111.5,490.75,129.0,186.0,113.90909090909088,1630.5757575757575,866.4848484848485,140.969696969697,169.81818181818176,1067.7272727272727,931.4545454545455,151.6363636363635,123.23076923076923,826.9230769230769,386.0,164.76923076923083,137.5,368.5,449.0,175.0,46.0,526.4,185.4,49.0
649,127.0,490.0,305.0,174.0,174.20000000000005,437.2,640.0,166.40000000000003,125.5,927.5,831.5,148.0,115.0,794.0,591.0,138.0,81.5,558.8,1091.8,158.30000000000007,109.625,490.0625,130.5,187.75,114.0,1618.3333333333333,863.3333333333334,141.66666666666674,169.72727272727275,1071.090909090909,919.1818181818182,151.4545454545455,122.69230769230774,829.7692307692307,392.0,163.30769230769238,137.5625,371.9375,442.875,174.0,46.0,534.0,190.0,49.0
650,126.36842105263156,489.0,304.7894736842105,174.78947368421052,167.60000000000002,436.6,638.0,169.19999999999993,125.08333333333337,923.25,829.4166666666666,147.5,114.625,787.0,594.375,138.125,83.0,561.2,1092.2,159.19999999999993,107.75,489.375,132.0,189.5,114.09090909090912,1606.090909090909,860.1818181818181,142.3636363636365,169.63636363636363,1074.4545454545455,906.9090909090909,151.27272727272725,122.15384615384619,832.6153846153846,398.0,161.8461538461538,137.625,375.375,436.75,173.0,46.0,528.4,183.2,49.0
651,125.73684210526318,488.0,304.57894736842104,175.57894736842104,161.0,436.0,636.0,172.0,124.66666666666663,919.0,827.3333333333334,147.0,114.25,780.0,597.75,138.25,84.5,563.6,1092.6,160.10000000000002,105.875,488.6875,133.5,191.25,114.18181818181824,1593.8484848484848,857.030303030303,143.06060606060623,169.54545454545462,1077.8181818181818,894.6363636363636,151.09090909090924,121.61538461538464,835.4615384615385,404.0,160.38461538461536,137.6875,378.8125,430.625,172.0,46.0,522.8,176.4,49.0
652,125.10526315789474,487.0,304.36842105263156,176.36842105263156,158.9000000000001,435.4,636.3,172.60000000000002,124.25,914.75,825.25,146.5,113.875,773.0,601.125,138.375,86.0,566.0,1093.0,161.0,104.0,488.0,135.0,193.0,114.27272727272725,1581.6060606060605,853.8787878787879,143.75757575757575,169.45454545454538,1081.1818181818182,882.3636363636364,150.90909090909076,121.0769230769231,838.3076923076923,410.0,158.92307692307702,137.75,382.25,424.5,171.0,46.0,517.2,169.6,49.0
653,124.47368421052636,486.0,304.1578947368421,177.15789473684208,156.79999999999995,434.8,636.6,173.2,123.83333333333337,910.5,823.1666666666666,146.0,113.5,766.0,604.5,138.5,85.31578947368439,567.1052631578947,1093.0526315789473,161.26315789473688,107.9090909090909,486.0,134.36363636363637,192.90909090909088,114.36363636363637,1569.3636363636365,850.7272727272727,144.45454545454527,169.36363636363637,1084.5454545454545,870.0909090909091,150.72727272727275,120.53846153846155,841.1538461538462,416.0,157.46153846153845,137.8125,385.6875,418.375,170.0,46.0,511.6,162.8,49.0
654,123.84210526315786,485.0,303.94736842105266,177.9473684210526,154.70000000000005,434.2,636.9,173.8,123.41666666666663,906.25,821.0833333333334,145.5,113.125,759.0,607.875,138.625,84.63157894736833,568.2105263157895,1093.1052631578948,161.52631578947364,111.81818181818181,484.0,133.72727272727272,192.81818181818187,114.45454545454538,1557.121212121212,847.5757575757576,145.15151515151524,169.27272727272725,1087.909090909091,857.8181818181818,150.5454545454545,120.0,844.0,422.0,156.0,137.875,389.125,412.25,169.0,46.0,506.0,156.0,49.0
655,123.21052631578948,484.0,303.7368421052632,178.73684210526312,152.5999999999999,433.6,637.2,174.39999999999998,123.0,902.0,819.0,145.0,112.75,752.0,611.25,138.75,83.94736842105272,569.3157894736842,1093.157894736842,161.78947368421052,115.72727272727272,482.0,133.0909090909091,192.72727272727275,114.54545454545462,1544.878787878788,844.4242424242424,145.84848484848476,169.18181818181824,1091.2727272727273,845.5454545454545,150.3636363636365,119.39999999999998,849.1333333333333,425.1333333333333,154.60000000000002,137.9375,392.5625,406.125,168.0,46.0,503.3333333333333,154.33333333333334,49.00000000000006
656,122.57894736842104,483.0,303.5263157894737,179.52631578947364,150.5,433.0,637.5,175.0,122.60000000000002,899.7,812.5,144.5,112.375,745.0,614.625,138.875,83.26315789473688,570.421052631579,1093.2105263157894,162.0526315789474,119.63636363636363,480.0,132.45454545454547,192.63636363636363,114.63636363636363,1532.6363636363637,841.2727272727273,146.5454545454545,169.09090909090912,1094.6363636363637,833.2727272727273,150.18181818181802,118.80000000000007,854.2666666666667,428.26666666666665,153.20000000000005,138.0,396.0,400.0,167.0,46.0,500.6666666666667,152.66666666666666,48.99999999999994
657,121.9473684210526,482.0,303.3157894736842,180.31578947368416,148.4000000000001,432.4,637.8,175.60000000000002,122.20000000000005,897.4,806.0,144.0000000000001,112.0,738.0,618.0,139.0,82.57894736842104,571.5263157894736,1093.2631578947369,162.31578947368428,123.54545454545456,478.0,131.8181818181818,192.5454545454545,114.72727272727275,1520.3939393939395,838.1212121212121,147.24242424242402,169.0,1098.0,821.0,150.0,118.20000000000005,859.4,431.4,151.80000000000007,136.41666666666663,399.4166666666667,396.0,166.83333333333331,46.0,498.0,151.0,49.0
658,121.31578947368422,481.0,303.10526315789474,181.10526315789468,146.29999999999995,431.8,638.1,176.2,121.79999999999995,895.1,799.5,143.4999999999999,111.59999999999991,728.8,619.2,139.0,81.8947368421052,572.6315789473684,1093.3157894736842,162.57894736842104,127.45454545454544,476.0,131.1818181818182,192.4545454545455,114.81818181818176,1508.1515151515152,834.969696969697,147.93939393939377,168.90909090909088,1097.7272727272727,805.0909090909091,149.72727272727275,117.59999999999997,864.5333333333333,434.53333333333336,150.39999999999998,134.83333333333337,402.8333333333333,392.0,166.66666666666669,46.0,491.3333333333333,152.66666666666666,49.00000000000006
659,120.68421052631578,480.0,302.89473684210526,181.89473684210532,144.20000000000005,431.2,638.4,176.8,121.39999999999998,892.8,793.0,143.0,111.20000000000005,719.6,620.4,139.0,81.21052631578937,573.7368421052631,1093.3684210526317,162.84210526315792,131.3636363636364,474.0,130.54545454545453,192.36363636363637,114.90909090909099,1495.909090909091,831.8181818181818,148.6363636363635,168.81818181818187,1097.4545454545455,789.1818181818181,149.4545454545455,116.99999999999994,869.6666666666666,437.6666666666667,149.0,133.25,406.25,388.0,166.5,46.0,484.6666666666667,154.33333333333334,48.99999999999994
660,120.0526315789474,479.0,302.6842105263158,182.68421052631584,142.0999999999999,430.6,638.7,177.39999999999998,121.0,890.5,786.5,142.5,110.79999999999995,710.4,621.6,139.0,80.52631578947376,574.8421052631579,1093.421052631579,163.10526315789468,135.27272727272728,472.0,129.9090909090909,192.27272727272725,115.0,1483.6666666666667,828.6666666666666,149.33333333333326,168.72727272727275,1097.1818181818182,773.2727272727273,149.18181818181802,116.40000000000003,874.8,440.8,147.60000000000002,131.66666666666663,409.6666666666667,384.0,166.33333333333331,46.0,478.0,156.0,49.0
661,119.42105263157896,478.0,302.4736842105263,183.47368421052636,140.0,430.0,639.0,178.0,120.60000000000002,888.2,780.0,142.0,110.40000000000009,701.2,622.8,139.0,79.84210526315792,575.9473684210526,1093.4736842105262,163.36842105263156,139.18181818181816,470.0,129.27272727272728,192.18181818181813,115.09090909090912,1471.4242424242425,825.5151515151515,150.030303030303,168.63636363636363,1096.909090909091,757.3636363636364,148.90909090909076,115.80000000000001,879.9333333333334,443.93333333333334,146.20000000000005,130.08333333333331,413.0833333333333,380.0,166.16666666666669,46.0,471.3333333333333,157.66666666666666,49.00000000000006
662,118.78947368421052,477.0,302.2631578947368,184.26315789473688,138.19999999999993,433.2,636.2,178.3,120.20000000000005,885.9,773.5,141.5000000000001,110.0,692.0,624.0,139.0,79.15789473684208,577.0526315789474,1093.5263157894738,163.63157894736844,143.09090909090912,468.0,128.63636363636363,192.09090909090912,115.18181818181813,1459.1818181818182,822.3636363636364,150.72727272727275,168.5454545454545,1096.6363636363637,741.4545454545455,148.6363636363635,115.19999999999999,885.0666666666666,447.06666666666666,144.79999999999995,128.5,416.5,376.0,166.0,46.0,464.6666666666667,159.33333333333334,48.99999999999994
663,118.15789473684214,476.0,302.05263157894734,185.0526315789474,136.39999999999998,436.4,633.4,178.60000000000002,119.79999999999995,883.6,767.0,140.9999999999999,111.20000000000005,687.9,625.0,139.39999999999998,78.47368421052624,578.1578947368421,1093.578947368421,163.89473684210532,147.0,466.0,128.0,192.0,115.27272727272725,1446.939393939394,819.2121212121212,151.4242424242425,168.4545454545455,1096.3636363636363,725.5454545454545,148.3636363636365,114.59999999999997,890.2,450.2,143.39999999999986,126.91666666666669,419.9166666666667,372.0,165.83333333333331,46.0,458.0,161.0,49.0
664,117.52631578947364,475.0,301.8421052631579,185.84210526315792,134.60000000000002,439.6,630.6,178.89999999999998,119.39999999999998,881.3,760.5,140.5,112.39999999999998,683.8,626.0,139.80000000000007,77.78947368421063,579.2631578947369,1093.6315789473683,164.15789473684208,145.5,456.25,136.25,189.625,115.36363636363637,1434.6969696969697,816.060606060606,152.121212121212,168.36363636363637,1096.090909090909,709.6363636363636,148.09090909090924,114.00000000000006,895.3333333333334,453.3333333333333,141.9999999999999,125.33333333333331,423.3333333333333,368.0,165.66666666666669,46.0,447.5,173.5,49.0
665,116.89473684210526,474.0,301.63157894736844,186.63157894736844,132.80000000000007,442.8,627.8,179.2,119.0,879.0,754.0,140.0,113.60000000000002,679.7,627.0,140.19999999999993,77.1052631578948,580.3684210526316,1093.6842105263158,164.42105263157896,144.0,446.5,144.5,187.25,115.4545454545455,1422.4545454545455,812.9090909090909,152.81818181818176,168.27272727272725,1095.8181818181818,693.7272727272727,147.81818181818198,113.40000000000003,900.4666666666667,456.46666666666664,140.5999999999999,123.75,426.75,364.0,165.5,46.0,437.0,186.0,49.0
666,116.26315789473682,473.0,301.42105263157896,187.42105263157896,131.0,446.0,625.0,179.5,118.77777777777783,877.3333333333334,751.0,139.55555555555554,114.79999999999995,675.6,628.0,140.60000000000002,76.42105263157896,581.4736842105264,1093.7368421052631,164.68421052631572,142.5,436.75,152.75,184.875,115.5454545454545,1410.2121212121212,809.7575757575758,153.5151515151515,168.18181818181824,1095.5454545454545,677.8181818181818,147.5454545454545,112.79999999999995,905.6,459.6,139.19999999999993,122.16666666666669,430.1666666666667,360.0,165.33333333333331,46.0,426.5,198.5,49.0
667,115.63157894736844,472.0,301.2105263157895,188.21052631578948,129.19999999999993,449.2,622.2,179.8,118.55555555555554,875.6666666666666,748.0,139.1111111111112,116.0,671.5,629.0,141.0,75.73684210526312,582.578947368421,1093.7894736842106,164.9473684210526,141.0,427.0,161.0,182.5,115.63636363636363,1397.969696969697,806.6060606060606,154.21212121212125,168.09090909090912,1095.2727272727273,661.9090909090909,147.27272727272725,112.20000000000005,910.7333333333333,462.73333333333335,137.79999999999995,120.58333333333331,433.5833333333333,356.0,165.16666666666669,46.0,416.0,211.0,49.0
668,115.0,471.0,301.0,189.0,127.39999999999998,452.4,619.4,180.10000000000002,118.33333333333337,874.0,745.0,138.66666666666663,117.20000000000005,667.4,630.0,141.39999999999998,75.05263157894728,583.6842105263158,1093.842105263158,165.21052631578937,139.5,417.25,169.25,180.125,115.72727272727275,1385.7272727272727,803.4545454545455,154.90909090909076,168.0,1095.0,646.0,147.0,111.60000000000002,915.8666666666667,465.8666666666667,136.39999999999998,119.0,437.0,352.0,165.0,46.0,410.0,226.5,49.0
669,116.19999999999999,471.7,299.6,187.50000000000006,125.60000000000002,455.6,616.6,180.39999999999998,118.11111111111109,872.3333333333334,742.0,138.22222222222217,118.39999999999998,663.3,631.0,141.80000000000007,74.36842105263167,584.7894736842105,1093.8947368421052,165.47368421052636,138.0,407.5,177.5,177.75,115.81818181818187,1373.4848484848485,800.3030303030303,155.6060606060605,167.0769230769231,1091.8461538461538,632.0769230769231,146.69230769230762,111.0,921.0,469.0,135.0,124.29999999999995,439.1,348.6,160.39999999999998,46.0,404.0,242.0,49.0
670,117.40000000000003,472.4,298.2,186.0,123.80000000000007,458.8,613.8,180.7,117.88888888888891,870.6666666666666,739.0,137.77777777777783,119.60000000000002,659.2,632.0,142.19999999999993,73.68421052631561,585.8947368421053,1093.9473684210527,165.73684210526312,136.5,397.75,185.75,175.375,115.90909090909088,1361.2424242424242,797.1515151515151,156.30303030303025,166.15384615384608,1088.6923076923076,618.1538461538462,146.38461538461547,111.5,923.2777777777778,471.6111111111111,136.72222222222217,129.60000000000002,441.2,345.2,155.8,45.99999999999997,404.0,255.33333333333334,49.0
671,118.59999999999997,473.1,296.8,184.5,122.0,462.0,611.0,181.0,117.66666666666663,869.0,736.0,137.33333333333337,120.79999999999995,655.1,633.0,142.60000000000002,73.0,587.0,1094.0,166.0,135.0,388.0,194.0,173.0,116.0,1349.0,794.0,157.0,165.23076923076917,1085.5384615384614,604.2307692307693,146.0769230769231,111.99999999999994,925.5555555555555,474.22222222222223,138.44444444444446,134.89999999999998,443.3,341.8,151.2,46.0,404.0,268.6666666666667,49.0
672,119.80000000000001,473.8,295.4,182.99999999999994,120.125,457.0,611.25,185.75,117.44444444444446,867.3333333333334,733.0,136.8888888888888,122.0,651.0,634.0,143.0,77.33333333333326,585.5,1090.0,167.0,142.16666666666666,381.5,199.33333333333334,170.0,115.84615384615381,1336.2307692307693,792.1538461538462,157.61538461538453,164.30769230769238,1082.3846153846155,590.3076923076923,145.76923076923072,112.50000000000006,927.8333333333334,476.8333333333333,140.16666666666663,140.20000000000005,445.4,338.4,146.60000000000002,46.0,404.0,282.0,49.0
673,121.0,474.5,294.0,181.5,118.25,452.0,611.5,190.5,117.22222222222217,865.6666666666666,730.0,136.44444444444446,121.33333333333337,644.1666666666666,637.1666666666666,149.83333333333337,81.66666666666674,584.0,1086.0,168.0,149.33333333333334,375.0,204.66666666666666,167.0,115.69230769230774,1323.4615384615386,790.3076923076923,158.23076923076906,163.38461538461536,1079.2307692307693,576.3846153846154,145.46153846153834,113.0,930.1111111111111,479.44444444444446,141.8888888888889,145.5,447.5,335.0,142.0,46.0,396.5,284.5,49.0
674,122.19999999999999,475.2,292.6,180.00000000000006,116.375,447.0,611.75,195.25,117.0,864.0,727.0,136.0,120.66666666666663,637.3333333333334,640.3333333333334,156.66666666666663,86.0,582.5,1082.0,169.0,156.5,368.5,210.0,164.0,115.53846153846155,1310.6923076923076,788.4615384615385,158.8461538461538,162.46153846153845,1076.076923076923,562.4615384615385,145.1538461538462,113.5,932.3888888888889,482.05555555555554,143.6111111111111,150.79999999999995,449.6,331.6,137.39999999999998,46.0,389.0,287.0,49.0
675,123.40000000000003,475.9,291.2,178.5,114.5,442.0,612.0,200.0,116.23076923076917,862.3846153846154,725.2307692307693,136.46153846153845,120.0,630.5,643.5,163.5,90.33333333333326,581.0,1078.0,170.0,163.66666666666666,362.0,215.33333333333334,161.0,115.38461538461536,1297.923076923077,786.6153846153846,159.46153846153857,161.53846153846155,1072.923076923077,548.5384615384615,144.8461538461538,113.99999999999994,934.6666666666666,484.6666666666667,145.33333333333337,156.10000000000002,451.7,328.2,132.8,46.0,381.5,289.5,49.0
676,124.59999999999997,476.6,289.8,177.0,112.625,437.0,612.25,204.75,115.46153846153845,860.7692307692307,723.4615384615385,136.92307692307702,119.33333333333337,623.6666666666666,646.6666666666666,170.33333333333337,94.66666666666674,579.5,1074.0,171.0,170.83333333333334,355.5,220.66666666666666,158.0,115.23076923076928,1285.1538461538462,784.7692307692307,160.0769230769231,160.61538461538464,1069.7692307692307,534.6153846153846,144.53846153846166,114.50000000000006,936.9444444444445,487.27777777777777,147.05555555555554,161.39999999999998,453.8,324.8,128.2,46.0,374.0,292.0,49.0
677,125.80000000000001,477.3,288.4,175.49999999999994,110.75,432.0,612.5,209.5,114.69230769230762,859.1538461538462,721.6923076923077,137.38461538461536,118.66666666666663,616.8333333333334,649.8333333333334,177.16666666666663,99.0,578.0,1070.0,172.0,178.0,349.0,226.0,155.0,115.0769230769231,1272.3846153846155,782.9230769230769,160.69230769230762,159.69230769230762,1066.6153846153845,520.6923076923077,144.23076923076928,115.0,939.2222222222222,489.8888888888889,148.77777777777783,166.70000000000005,455.9,321.4,123.60000000000002,46.0,366.5,294.5,49.0
678,127.0,478.0,287.0,174.0,108.875,427.0,612.75,214.25,113.9230769230769,857.5384615384615,719.9230769230769,137.8461538461538,118.0,610.0,653.0,184.0,99.60000000000014,576.6,1069.8,173.0,167.83333333333331,344.3333333333333,245.0,153.33333333333337,114.9230769230769,1259.6153846153845,781.0769230769231,161.30769230769238,158.76923076923077,1063.4615384615386,506.7692307692308,143.9230769230769,115.5,941.5,492.5,150.5,172.0,458.0,318.0,119.0,46.0,359.0,297.0,49.0
679,125.75,480.75,289.75,170.875,107.0,422.0,613.0,219.0,113.15384615384608,855.9230769230769,718.1538461538462,138.30769230769238,117.16666666666663,603.3333333333334,656.3333333333334,181.83333333333326,100.20000000000005,575.2,1069.6,174.0,157.66666666666669,339.6666666666667,264.0,151.66666666666663,114.76923076923072,1246.8461538461538,779.2307692307693,161.9230769230769,157.84615384615392,1060.3076923076924,492.8461538461538,143.61538461538453,116.0,943.7777777777778,495.1111111111111,152.22222222222217,155.0,463.3333333333333,333.6666666666667,115.33333333333331,46.0,351.5,299.5,49.0
680,124.5,483.5,292.5,167.75,109.0,412.875,611.25,222.5,112.38461538461536,854.3076923076923,716.3846153846154,138.76923076923083,116.33333333333337,596.6666666666666,659.6666666666666,179.66666666666674,100.79999999999995,573.8,1069.4,175.0,147.5,335.0,283.0,150.0,114.61538461538464,1234.076923076923,777.3846153846154,162.53846153846143,156.9230769230769,1057.1538461538462,478.9230769230769,143.30769230769238,116.49999999999994,946.0555555555555,497.72222222222223,153.94444444444446,138.0,468.6666666666667,349.3333333333333,111.66666666666669,46.0,344.0,302.0,49.0
681,123.25,486.25,295.25,164.625,111.0,403.75,609.5,226.0,111.61538461538464,852.6923076923077,714.6153846153846,139.23076923076917,115.5,590.0,663.0,177.5,101.39999999999986,572.4,1069.2,176.0,137.33333333333331,330.3333333333333,302.0,148.33333333333337,114.46153846153845,1221.3076923076924,775.5384615384615,163.1538461538462,156.0,1054.0,465.0,143.0,117.00000000000006,948.3333333333334,500.3333333333333,155.66666666666663,121.0,474.0,365.0,108.0,46.0,344.0,316.4,49.0
682,122.0,489.0,298.0,161.5,113.0,394.625,607.75,229.5,110.84615384615392,851.0769230769231,712.8461538461538,139.69230769230762,114.66666666666663,583.3333333333334,666.3333333333334,175.33333333333326,102.0,571.0,1069.0,177.0,127.16666666666669,325.6666666666667,321.0,146.66666666666663,114.30769230769226,1208.5384615384614,773.6923076923077,163.76923076923094,152.15384615384613,1048.3846153846155,454.7692307692308,143.8461538461538,117.5,950.6111111111111,502.94444444444446,157.3888888888889,119.57142857142856,479.14285714285717,371.7142857142857,109.85714285714283,46.0,344.0,330.8,49.0
683,120.75,491.75,300.75,158.375,115.0,385.5,606.0,233.0,110.0769230769231,849.4615384615385,711.0769230769231,140.1538461538462,113.83333333333337,576.6666666666666,669.6666666666666,173.16666666666674,100.33333333333326,569.0,1067.1666666666667,176.08333333333337,117.0,321.0,340.0,145.0,114.15384615384619,1195.7692307692307,771.8461538461538,164.38461538461547,148.30769230769226,1042.7692307692307,444.53846153846155,144.69230769230785,118.0,952.8888888888889,505.55555555555554,159.1111111111111,118.14285714285711,484.2857142857143,378.42857142857144,111.71428571428572,46.0,344.0,345.2,49.0
684,119.5,494.5,303.5,155.25,117.0,376.375,604.25,236.5,109.30769230769238,847.8461538461538,709.3076923076923,140.61538461538464,113.0,570.0,673.0,171.0,98.66666666666674,567.0,1065.3333333333333,175.16666666666663,119.14285714285717,322.7857142857143,345.07142857142856,143.28571428571428,114.0,1183.0,770.0,165.0,144.4615384615384,1037.1538461538462,434.3076923076923,145.53846153846143,118.49999999999994,955.1666666666666,508.1666666666667,160.83333333333337,116.71428571428567,489.42857142857144,385.14285714285717,113.57142857142856,46.0,344.0,359.6,49.0
685,118.25,497.25,306.25,152.125,119.0,367.25,602.5,240.0,108.53846153846155,846.2307692307693,707.5384615384615,141.07692307692298,115.25,562.5,675.5,168.25,97.0,565.0,1063.5,174.25,121.28571428571428,324.57142857142856,350.14285714285717,141.5714285714286,113.84615384615392,1170.8461538461538,769.8461538461538,165.53846153846166,140.61538461538464,1031.5384615384614,424.0769230769231,146.38461538461547,119.00000000000006,957.4444444444445,510.77777777777777,162.55555555555554,115.28571428571433,494.57142857142856,391.85714285714283,115.42857142857144,46.0,344.0,374.0,49.0
686,117.0,500.0,309.0,149.0,121.0,358.125,600.75,243.5,107.76923076923083,844.6153846153846,705.7692307692307,141.53846153846155,117.5,555.0,678.0,165.5,95.33333333333326,563.0,1061.6666666666667,173.33333333333337,123.42857142857144,326.35714285714283,355.2142857142857,139.8571428571429,113.69230769230762,1158.6923076923076,769.6923076923077,166.0769230769231,136.76923076923077,1025.923076923077,413.84615384615387,147.23076923076928,119.5,959.7222222222222,513.3888888888889,164.27777777777783,113.85714285714289,499.7142857142857,398.57142857142856,117.28571428571428,46.0,344.0,391.75,49.0
687,116.39999999999998,500.2,310.0,147.59999999999997,123.0,349.0,599.0,247.0,107.0,843.0,704.0,142.0,119.75,547.5,680.5,162.75,93.66666666666674,561.0,1059.8333333333333,172.41666666666663,125.57142857142856,328.14285714285717,360.2857142857143,138.1428571428571,113.53846153846155,1146.5384615384614,769.5384615384615,166.61538461538476,132.9230769230769,1020.3076923076923,403.61538461538464,148.0769230769232,120.0,962.0,516.0,166.0,112.42857142857139,504.85714285714283,405.2857142857143,119.14285714285717,46.0,344.0,409.5,49.0
688,115.80000000000001,500.4,311.0,146.20000000000005,129.875,345.5,592.0,246.875,105.88235294117646,841.8235294117648,701.5882352941177,142.23529411764696,122.0,540.0,683.0,160.0,92.0,559.0,1058.0,171.5,127.71428571428572,329.92857142857144,365.35714285714283,136.4285714285714,113.38461538461536,1134.3846153846155,769.3846153846154,167.15384615384596,129.0769230769231,1014.6923076923077,393.38461538461536,148.9230769230768,122.0,962.8666666666667,514.9333333333333,165.9999999999999,111.0,510.0,412.0,121.0,46.0,344.0,427.25,49.0
689,115.19999999999999,500.6,312.0,144.79999999999995,136.75,342.0,585.0,246.75,104.76470588235304,840.6470588235294,699.1764705882352,142.47058823529414,124.25,539.125,685.375,157.375,90.33333333333326,557.0,1056.1666666666667,170.58333333333337,129.85714285714283,331.7142857142857,370.42857142857144,134.71428571428572,113.23076923076917,1122.2307692307693,769.2307692307693,167.69230769230762,125.23076923076923,1009.0769230769231,383.15384615384613,149.76923076923072,124.0,963.7333333333333,513.8666666666667,166.0,117.42857142857139,507.42857142857144,414.7142857142857,126.14285714285711,46.0,344.0,445.0,49.0
690,114.60000000000002,500.8,313.0,143.40000000000003,143.625,338.5,578.0,246.625,103.64705882352939,839.4705882352941,696.7647058823529,142.7058823529411,126.5,538.25,687.75,154.75,88.66666666666674,555.0,1054.3333333333333,169.66666666666663,132.0,333.5,375.5,133.0,113.0769230769231,1110.076923076923,769.0769230769231,168.23076923076928,121.38461538461542,1003.4615384615385,372.9230769230769,150.61538461538464,126.0,964.6,512.8,165.9999999999999,123.85714285714289,504.85714285714283,417.42857142857144,131.28571428571428,46.0,358.0,450.3333333333333,49.0
691,114.0,501.0,314.0,142.0,150.5,335.0,571.0,246.5,102.52941176470586,838.2941176470588,694.3529411764706,142.9411764705883,128.75,537.375,690.125,152.125,87.0,553.0,1052.5,168.75,134.1428571428571,335.2857142857143,380.57142857142856,131.28571428571428,112.9230769230769,1097.923076923077,768.9230769230769,168.76923076923072,117.53846153846155,997.8461538461538,362.6923076923077,151.46153846153857,128.0,965.4666666666667,511.73333333333335,166.0,130.28571428571428,502.2857142857143,420.14285714285717,136.4285714285714,46.0,372.0,455.6666666666667,49.0
692,113.28571428571428,499.7142857142857,317.2857142857143,140.71428571428572,157.375,331.5,564.0,246.375,101.41176470588232,837.1176470588235,691.9411764705883,143.17647058823525,131.0,536.5,692.5,149.5,85.33333333333326,551.0,1050.6666666666667,167.83333333333337,136.28571428571428,337.07142857142856,385.64285714285717,129.5714285714286,112.76923076923083,1085.7692307692307,768.7692307692307,169.30769230769238,113.69230769230774,992.2307692307693,352.46153846153845,152.30769230769215,129.99999999999994,966.3333333333334,510.6666666666667,165.9999999999999,136.71428571428572,499.7142857142857,422.85714285714283,141.5714285714286,46.0,386.0,461.0,49.0
693,112.57142857142861,498.42857142857144,320.57142857142856,139.42857142857144,164.25,328.0,557.0,246.25,100.2941176470589,835.9411764705883,689.5294117647059,143.41176470588232,133.25,535.625,694.875,146.875,83.66666666666674,549.0,1048.8333333333333,166.91666666666663,138.4285714285714,338.85714285714283,390.7142857142857,127.85714285714289,112.61538461538464,1073.6153846153845,768.6153846153846,169.84615384615404,109.84615384615387,986.6153846153846,342.2307692307692,153.15384615384608,132.0,967.2,509.6,166.0,143.1428571428571,497.14285714285717,425.57142857142856,146.71428571428572,46.0,396.75,459.25,49.0
694,111.85714285714289,497.14285714285717,323.85714285714283,138.14285714285717,171.125,324.5,550.0,246.125,99.17647058823525,834.7647058823529,687.1176470588235,143.6470588235294,135.5,534.75,697.25,144.25,82.0,547.0,1047.0,166.0,140.5714285714286,340.64285714285717,395.7857142857143,126.14285714285711,112.46153846153845,1061.4615384615386,768.4615384615385,170.38461538461524,106.0,981.0,332.0,154.0,133.99999999999994,968.0666666666667,508.53333333333336,165.9999999999999,149.5714285714286,494.57142857142856,428.2857142857143,151.8571428571429,46.0,407.5,457.5,49.0
695,111.14285714285711,495.85714285714283,327.14285714285717,136.85714285714283,178.0,321.0,543.0,246.0,98.05882352941171,833.5882352941177,684.7058823529412,143.88235294117646,137.75,533.875,699.625,141.625,82.13636363636374,545.7727272727273,1046.0454545454545,165.09090909090912,142.71428571428572,342.42857142857144,400.85714285714283,124.42857142857139,112.30769230769238,1049.3076923076924,768.3076923076923,170.9230769230769,104.18181818181819,975.1818181818181,327.1818181818182,151.72727272727286,136.00000000000006,968.9333333333333,507.46666666666664,166.0000000000001,156.0,492.0,431.0,157.0,46.0,418.25,455.75,49.0
696,110.42857142857139,494.57142857142856,330.42857142857144,135.57142857142856,176.25,325.0,539.5,242.5,96.94117647058829,832.4117647058823,682.2941176470588,144.11764705882354,140.0,533.0,702.0,139.0,82.27272727272725,544.5454545454545,1045.090909090909,164.18181818181824,144.8571428571429,344.2142857142857,405.92857142857144,122.71428571428572,112.15384615384608,1037.1538461538462,768.1538461538462,171.46153846153834,102.36363636363637,969.3636363636364,322.3636363636364,149.45454545454538,138.0,969.8,506.4,166.0,155.60000000000002,498.3,441.1,158.59999999999997,46.0,429.0,454.0,49.0
697,109.71428571428572,493.2857142857143,333.7142857142857,134.28571428571428,174.5,329.0,536.0,239.0,95.82352941176475,831.2352941176471,679.8823529411765,144.3529411764706,145.39999999999998,533.2,696.0,141.5999999999999,82.40909090909076,543.3181818181819,1044.1363636363637,163.27272727272725,147.0,346.0,411.0,121.0,112.0,1025.0,768.0,172.0,100.54545454545456,963.5454545454545,317.54545454545456,147.18181818181824,140.00000000000006,970.6666666666666,505.3333333333333,166.0000000000001,155.2,504.6,451.2,160.19999999999993,46.0,429.0,451.0,49.0
698,109.0,492.0,337.0,133.0,172.75,333.0,532.5,235.5,94.7058823529411,830.0588235294117,677.4705882352941,144.58823529411768,150.79999999999995,533.4,690.0,144.20000000000005,82.5454545454545,542.0909090909091,1043.1818181818182,162.36363636363637,144.9285714285714,346.42857142857144,411.14285714285717,123.57142857142856,112.54166666666674,1011.7916666666666,769.9166666666666,170.58333333333337,98.72727272727269,957.7272727272727,312.72727272727275,144.909090909091,142.0,971.5333333333333,504.26666666666665,166.0,154.8,510.9,461.3,161.80000000000007,46.0,429.0,448.0,49.0
699,108.16666666666669,492.5,341.0,131.66666666666663,171.0,337.0,529.0,232.0,93.58823529411768,828.8823529411765,675.0588235294117,144.82352941176475,156.20000000000005,533.6,684.0,146.79999999999995,82.68181818181824,540.8636363636364,1042.2272727272727,161.4545454545455,142.85714285714283,346.85714285714283,411.2857142857143,126.14285714285717,113.08333333333326,998.5833333333334,771.8333333333334,169.16666666666663,96.90909090909088,951.9090909090909,307.90909090909093,142.63636363636363,144.00000000000006,972.4,503.2,166.0000000000001,154.39999999999998,517.2,471.4,163.39999999999998,46.0,429.0,445.0,49.0
700,107.33333333333331,493.0,345.0,130.33333333333337,166.0,342.7142857142857,525.1428571428571,230.14285714285717,92.47058823529414,827.7058823529412,672.6470588235294,145.0588235294117,161.60000000000002,533.8,678.0,149.4000000000001,82.81818181818176,539.6363636363636,1041.2727272727273,160.5454545454545,140.78571428571422,347.2857142857143,411.42857142857144,128.71428571428572,113.625,985.375,773.75,167.75,95.09090909090907,946.0909090909091,303.0909090909091,140.36363636363637,146.0,973.2666666666667,502.1333333333333,166.0,154.0,523.5,481.5,165.0,46.0,429.0,442.0,49.0
701,106.5,493.5,349.0,129.0,161.0,348.42857142857144,521.2857142857143,228.28571428571422,91.35294117647061,826.5294117647059,670.2352941176471,145.2941176470589,167.0,534.0,672.0,152.0,82.9545454545455,538.4090909090909,1040.3181818181818,159.63636363636363,138.71428571428578,347.7142857142857,411.57142857142856,131.28571428571428,114.16666666666674,972.1666666666666,775.6666666666666,166.33333333333337,93.27272727272731,940.2727272727273,298.27272727272725,138.090909090909,148.00000000000006,974.1333333333333,501.06666666666666,166.0000000000001,153.60000000000002,529.8,491.6,166.60000000000002,46.0,429.0,439.0,49.0
702,105.66666666666669,494.0,353.0,127.66666666666663,156.0,354.14285714285717,517.4285714285714,226.4285714285714,90.23529411764696,825.3529411764706,667.8235294117648,145.52941176470586,165.25,531.875,668.875,154.75,83.09090909090924,537.1818181818181,1039.3636363636363,158.72727272727275,136.64285714285717,348.14285714285717,411.7142857142857,133.85714285714283,114.70833333333326,958.9583333333334,777.5833333333334,164.91666666666663,91.45454545454544,934.4545454545455,293.45454545454544,135.81818181818176,150.0,975.0,500.0,166.0,153.2,536.1,501.7,168.19999999999993,46.0,429.0,436.0,49.0
703,104.83333333333331,494.5,357.0,126.33333333333337,151.0,359.85714285714283,513.5714285714286,224.5714285714286,89.11764705882354,824.1764705882352,665.4117647058823,145.76470588235304,163.5,529.75,665.75,157.5,83.22727272727275,535.9545454545455,1038.409090909091,157.81818181818176,134.5714285714286,348.57142857142856,411.85714285714283,136.42857142857144,115.25,945.75,779.5,163.5,89.63636363636363,928.6363636363636,288.6363636363636,133.54545454545462,149.07692307692304,977.0,495.2307692307692,165.9230769230769,152.8,542.4,511.8,169.80000000000007,46.0,423.6666666666667,433.6666666666667,49.0
704,104.0,495.0,361.0,125.0,145.99999999999994,365.57142857142856,509.7142857142857,222.71428571428578,88.0,823.0,663.0,146.0,161.75,527.625,662.625,160.25,83.36363636363626,534.7272727272727,1037.4545454545455,156.90909090909088,132.5,349.0,412.0,139.0,115.79166666666674,932.5416666666666,781.4166666666666,162.08333333333337,87.81818181818181,922.8181818181819,283.8181818181818,131.27272727272714,148.1538461538462,979.0,490.46153846153845,165.8461538461538,152.39999999999998,548.7,521.9,171.39999999999998,46.0,418.3333333333333,431.3333333333333,49.0
705,104.0,496.22222222222223,362.44444444444446,130.33333333333331,141.00000000000006,371.2857142857143,505.85714285714283,220.85714285714283,89.80000000000007,822.4,660.8,146.20000000000005,160.0,525.5,659.5,163.0,83.5,533.5,1036.5,156.0,130.4285714285714,349.42857142857144,412.14285714285717,141.57142857142856,116.33333333333326,919.3333333333334,783.3333333333334,160.66666666666663,86.0,917.0,279.0,129.0,147.23076923076923,981.0,485.6923076923077,165.76923076923072,152.0,555.0,532.0,173.0,46.0,413.0,429.0,49.0
706,104.0,497.44444444444446,363.8888888888889,135.66666666666663,136.0,377.0,502.0,219.0,91.60000000000002,821.8,658.6,146.4000000000001,158.25,523.375,656.375,165.75,83.63636363636374,532.2727272727273,1035.5454545454545,155.09090909090912,128.35714285714283,349.85714285714283,412.2857142857143,144.14285714285717,116.875,906.125,785.25,159.25,89.5,912.5,275.0,129.5999999999999,146.30769230769238,983.0,480.9230769230769,165.69230769230762,149.29999999999995,560.6,535.0,175.0,46.0,412.0,426.0,49.0
707,104.0,498.6666666666667,365.3333333333333,140.99999999999994,138.79999999999995,377.8,495.0,219.99999999999994,93.39999999999998,821.2,656.4,146.5999999999999,156.5,521.25,653.25,168.5,83.77272727272725,531.0454545454545,1034.590909090909,154.18181818181824,126.28571428571422,350.2857142857143,412.42857142857144,146.71428571428572,117.41666666666674,892.9166666666666,787.1666666666666,157.83333333333337,93.0,908.0,271.0,130.20000000000005,145.38461538461542,985.0,476.15384615384613,165.61538461538453,146.60000000000002,566.2,538.0,177.0,46.0,411.0,423.0,49.0
708,104.0,499.8888888888889,366.77777777777777,146.33333333333326,141.60000000000002,378.6,488.0,221.0,95.19999999999993,820.6,654.2,146.79999999999995,154.75,519.125,650.125,171.25,83.90909090909076,529.8181818181819,1033.6363636363637,153.27272727272725,124.21428571428578,350.7142857142857,412.57142857142856,149.28571428571428,117.95833333333326,879.7083333333334,789.0833333333334,156.41666666666663,96.5,903.5,267.0,130.79999999999995,144.46153846153845,987.0,471.38461538461536,165.53846153846143,143.89999999999998,571.8,541.0,179.0,46.0,410.0,420.0,49.0
709,104.0,501.1111111111111,368.22222222222223,151.66666666666674,144.39999999999998,379.4,481.0,222.0,97.0,820.0,652.0,147.0,153.0,517.0,647.0,174.0,84.0454545454545,528.5909090909091,1032.6818181818182,152.36363636363637,122.14285714285717,351.14285714285717,412.7142857142857,151.85714285714283,118.5,866.5,791.0,155.0,100.0,899.0,263.0,131.4000000000001,143.53846153846155,989.0,466.61538461538464,165.46153846153857,141.20000000000005,577.4,544.0,181.0,46.0,405.5,413.5,49.0
710,104.0,502.3333333333333,369.6666666666667,157.00000000000006,147.20000000000005,380.2,474.0,223.00000000000006,98.80000000000007,819.4,649.8,147.20000000000005,153.8888888888889,517.4444444444445,645.4444444444445,175.0,84.18181818181824,527.3636363636364,1031.7272727272727,151.4545454545455,120.07142857142861,351.57142857142856,412.85714285714283,154.42857142857144,119.04166666666674,853.2916666666667,792.9166666666666,153.58333333333326,103.5,894.5,259.0,132.0,142.61538461538458,991.0,461.84615384615387,165.38461538461547,138.5,583.0,547.0,183.0,46.0,401.0,407.0,49.0
711,104.0,503.55555555555554,371.1111111111111,162.33333333333337,150.0,381.0,467.0,224.0,100.60000000000002,818.8,647.6,147.4000000000001,154.77777777777771,517.8888888888889,643.8888888888889,176.0,84.31818181818176,526.1363636363636,1030.7727272727273,150.5454545454545,118.0,352.0,413.0,157.0,119.58333333333326,840.0833333333333,794.8333333333334,152.16666666666674,107.0,890.0,255.0,132.60000000000002,141.69230769230762,993.0,457.0769230769231,165.30769230769238,135.79999999999995,588.6,550.0,185.0,46.0,389.5,400.5,49.0
712,104.0,504.77777777777777,372.55555555555554,167.66666666666669,146.25,375.625,469.0,226.625,102.39999999999998,818.2,645.4,147.5999999999999,155.66666666666663,518.3333333333334,642.3333333333334,177.0,84.4545454545455,524.9090909090909,1029.8181818181818,149.63636363636363,119.125,348.0,411.875,158.625,120.125,826.875,796.75,150.75,110.5,885.5,251.0,133.20000000000005,140.76923076923077,995.0,452.3076923076923,165.23076923076928,133.10000000000002,594.2,553.0,187.0,46.0,378.0,394.0,49.0
713,104.0,506.0,374.0,173.0,142.5,370.25,471.0,229.25,104.19999999999993,817.6,643.2,147.79999999999995,156.55555555555554,518.7777777777778,640.7777777777778,178.0,84.59090909090924,523.6818181818181,1028.8636363636363,148.72727272727275,120.25,344.0,410.75,160.25,120.66666666666674,813.6666666666667,798.6666666666666,149.33333333333326,114.0,881.0,247.0,133.79999999999995,139.8461538461538,997.0,447.53846153846155,165.1538461538462,130.39999999999998,599.8,556.0,189.0,46.0,365.5,400.5,49.0
714,104.28571428571428,510.85714285714283,375.2857142857143,170.14285714285717,138.75,364.875,473.0,231.875,106.0,817.0,641.0,148.0,157.44444444444446,519.2222222222222,639.2222222222222,179.0,84.72727272727275,522.4545454545455,1027.909090909091,147.81818181818176,121.375,340.0,409.625,161.875,121.20833333333326,800.4583333333333,800.5833333333334,147.91666666666674,117.5,876.5,243.0,134.39999999999998,138.92307692307696,999.0,442.7692307692308,165.0769230769231,127.70000000000005,605.4,559.0,191.0,46.0,353.0,407.0,49.0
715,104.57142857142861,515.7142857142857,376.57142857142856,167.28571428571433,135.0,359.5,475.0,234.5,107.80000000000007,816.5,640.8,148.29999999999995,158.33333333333337,519.6666666666666,637.6666666666666,180.0,84.86363636363626,521.2272727272727,1026.9545454545455,146.90909090909088,122.5,336.0,408.5,163.5,121.75,787.25,802.5,146.5,121.0,872.0,239.0,135.0,138.0,1001.0,438.0,165.0,125.0,611.0,562.0,193.0,46.0,345.3333333333333,418.0,49.0
716,104.85714285714289,520.5714285714286,377.85714285714283,164.42857142857144,131.25,354.125,477.0,237.125,109.60000000000002,816.0,640.6,148.60000000000002,159.22222222222229,520.1111111111111,636.1111111111111,181.0,85.0,520.0,1026.0,146.0,123.625,332.0,407.375,165.125,122.29166666666674,774.0416666666667,804.4166666666666,145.08333333333326,119.83333333333334,870.6666666666666,236.33333333333334,139.5,137.09090909090907,1005.0,433.54545454545456,164.909090909091,124.13333333333333,616.4,563.6666666666666,191.66666666666674,46.0,337.6666666666667,429.0,49.0
717,105.14285714285711,525.4285714285714,379.14285714285717,161.57142857142856,127.5,348.75,479.0,239.75,111.39999999999998,815.5,640.4,148.89999999999998,160.1111111111111,520.5555555555555,634.5555555555555,182.0,84.75,519.75,1026.375,149.125,124.75,328.0,406.25,166.75,122.83333333333326,760.8333333333333,806.3333333333334,143.66666666666674,118.66666666666666,869.3333333333334,233.66666666666666,144.0,136.1818181818182,1009.0,429.09090909090907,164.81818181818176,123.26666666666665,621.8,565.3333333333334,190.33333333333337,46.0,330.0,440.0,49.0
718,105.42857142857139,530.2857142857143,380.42857142857144,158.71428571428567,123.75,343.375,481.0,242.375,113.19999999999993,815.0,640.2,149.20000000000005,161.0,521.0,633.0,183.0,84.5,519.5,1026.75,152.25,125.875,324.0,405.125,168.375,123.375,747.625,808.25,142.25,117.5,868.0,231.0,148.5,135.27272727272725,1013.0,424.6363636363636,164.72727272727275,122.39999999999998,627.2,567.0,189.0,46.0,333.0,459.0,49.0
719,105.71428571428572,535.1428571428571,381.7142857142857,155.8571428571429,120.0,338.0,483.0,245.0,115.0,814.5,640.0,149.5,155.39999999999998,520.8,636.4,183.4000000000001,84.25,519.25,1027.125,155.375,127.0,320.0,404.0,170.0,123.91666666666674,734.4166666666667,810.1666666666666,140.83333333333326,116.33333333333334,866.6666666666666,228.33333333333334,153.0,134.36363636363632,1017.0,420.1818181818182,164.63636363636374,121.53333333333342,632.6,568.6666666666666,187.66666666666663,46.0,336.0,478.0,49.0
720,106.0,540.0,383.0,153.0,119.33333333333337,335.8333333333333,481.0,241.83333333333331,116.80000000000007,814.0,639.8,149.79999999999995,149.80000000000007,520.6,639.8,183.79999999999995,84.0,519.0,1027.5,158.5,129.0,320.0,403.0,174.57142857142856,124.45833333333326,721.2083333333333,812.0833333333334,139.41666666666674,115.16666666666666,865.3333333333334,225.66666666666666,157.5,133.45454545454538,1021.0,415.72727272727275,164.5454545454545,120.66666666666663,638.0,570.3333333333334,186.33333333333337,45.99999999999994,340.3333333333333,498.6666666666667,49.0
721,106.16666666666669,544.8333333333334,382.3333333333333,151.83333333333326,118.66666666666663,333.6666666666667,479.0,238.66666666666669,118.60000000000002,813.5,639.6,150.10000000000002,144.19999999999993,520.4,643.2,184.20000000000005,83.75,518.75,1027.875,161.625,131.0,320.0,402.0,179.14285714285717,125.0,708.0,814.0,138.0,114.0,864.0,223.0,162.0,132.54545454545462,1025.0,411.27272727272725,164.4545454545455,119.79999999999995,643.4,572.0,185.0,46.0,344.6666666666667,519.3333333333334,49.0
722,106.33333333333331,549.6666666666666,381.6666666666667,150.66666666666674,118.0,331.5,477.0,235.5,120.39999999999998,813.0,639.4,150.39999999999998,138.60000000000002,520.2,646.6,184.5999999999999,83.5,518.5,1028.25,164.75,133.0,320.0,401.0,183.71428571428572,124.31818181818187,695.3181818181819,816.7727272727273,142.36363636363626,113.33333333333334,867.4166666666666,222.33333333333334,159.83333333333337,131.63636363636368,1029.0,406.8181818181818,164.36363636363626,118.9333333333334,648.8,573.6666666666666,183.66666666666674,46.0,349.0,540.0,49.0
723,106.5,554.5,381.0,149.5,117.33333333333337,329.3333333333333,475.0,232.33333333333331,122.19999999999993,812.5,639.2,150.70000000000005,133.0,520.0,650.0,185.0,83.25,518.25,1028.625,167.875,135.0,320.0,400.0,188.28571428571428,123.63636363636363,682.6363636363636,819.5454545454545,146.72727272727275,112.66666666666666,870.8333333333334,221.66666666666666,157.66666666666663,130.72727272727275,1033.0,402.3636363636364,164.27272727272725,118.0666666666666,654.2,575.3333333333334,182.33333333333326,46.0,355.25,561.5,49.0
724,106.66666666666669,559.3333333333334,380.3333333333333,148.33333333333326,116.66666666666663,327.1666666666667,473.0,229.16666666666669,124.0,812.0,639.0,151.0,123.33333333333337,514.6666666666666,660.0,188.33333333333337,83.0,518.0,1029.0,171.0,137.0,320.0,399.0,192.8571428571429,122.95454545454538,669.9545454545455,822.3181818181819,151.090909090909,112.0,874.25,221.0,155.5,129.81818181818187,1037.0,397.9090909090909,164.18181818181824,117.20000000000005,659.6,577.0,181.0,46.0,361.5,583.0,49.0
725,106.83333333333331,564.1666666666666,379.6666666666667,147.16666666666674,116.0,325.0,471.0,226.0,123.0,810.2,641.4,150.79999999999995,113.66666666666663,509.3333333333333,670.0,191.66666666666669,85.14285714285734,518.5714285714286,1024.4285714285713,170.42857142857144,139.0,320.0,398.0,197.42857142857144,122.27272727272725,657.2727272727273,825.0909090909091,155.4545454545455,111.33333333333334,877.6666666666666,220.33333333333334,153.33333333333337,128.90909090909093,1041.0,393.45454545454544,164.090909090909,116.33333333333337,665.0,578.6666666666666,179.66666666666663,46.0,367.75,604.5,49.0
726,107.0,569.0,379.0,146.0,122.83333333333331,326.8333333333333,468.8333333333333,224.33333333333331,122.0,808.4,643.8,150.60000000000002,104.0,504.0,680.0,195.0,87.28571428571422,519.1428571428571,1019.8571428571429,169.8571428571429,141.0,320.0,397.0,202.0,121.59090909090912,644.5909090909091,827.8636363636364,159.81818181818176,110.66666666666666,881.0833333333334,219.66666666666666,151.16666666666663,128.0,1045.0,389.0,164.0,115.46666666666658,670.4,580.3333333333334,178.33333333333337,46.0,374.0,626.0,49.0
727,103.57142857142856,575.7142857142857,378.42857142857144,148.28571428571433,129.66666666666669,328.6666666666667,466.6666666666667,222.66666666666669,121.0,806.6,646.2,150.39999999999998,102.25,502.625,684.375,191.25,89.42857142857144,519.7142857142857,1015.2857142857143,169.28571428571433,139.5625,318.6875,398.875,199.1875,120.90909090909088,631.9090909090909,830.6363636363636,164.18181818181824,110.0,884.5,219.0,149.0,128.61538461538458,1050.7692307692307,387.84615384615387,163.38461538461547,114.60000000000002,675.8,582.0,177.0,46.0,384.5,650.0,49.0
728,100.14285714285717,582.4285714285714,377.85714285714283,150.57142857142856,136.5,330.5,464.5,221.0,120.0,804.8,648.6,150.20000000000005,100.5,501.25,688.75,187.5,91.57142857142856,520.2857142857143,1010.7142857142857,168.71428571428567,138.125,317.375,400.75,196.375,120.22727272727275,619.2272727272727,833.4090909090909,168.5454545454545,109.33333333333334,887.9166666666666,218.33333333333334,146.83333333333337,129.23076923076923,1056.5384615384614,386.6923076923077,162.76923076923094,113.73333333333335,681.2,583.6666666666666,175.66666666666663,46.0,395.0,674.0,49.0
729,96.71428571428572,589.1428571428571,377.2857142857143,152.8571428571429,143.33333333333331,332.3333333333333,462.3333333333333,219.33333333333331,119.0,803.0,651.0,150.0,98.75,499.875,693.125,183.75,93.71428571428578,520.8571428571429,1006.1428571428571,168.1428571428571,136.6875,316.0625,402.625,193.5625,119.54545454545462,606.5454545454545,836.1818181818181,172.909090909091,108.66666666666666,891.3333333333334,217.66666666666666,144.66666666666663,129.8461538461538,1062.3076923076924,385.53846153846155,162.1538461538462,112.86666666666667,686.6,585.3333333333334,174.33333333333337,46.0,405.5,698.0,49.0
730,93.28571428571428,595.8571428571429,376.7142857142857,155.1428571428571,150.16666666666669,334.1666666666667,460.1666666666667,217.66666666666669,118.0,801.2,653.4,149.79999999999995,97.0,498.5,697.5,180.0,95.85714285714278,521.4285714285714,1001.5714285714286,167.57142857142856,135.25,314.75,404.5,190.75,118.86363636363637,593.8636363636364,838.9545454545455,177.27272727272725,108.0,894.75,217.0,142.5,130.46153846153845,1068.076923076923,384.38461538461536,161.53846153846143,112.0,692.0,587.0,173.0,46.0,416.0,722.0,49.0
731,89.85714285714283,602.5714285714286,376.14285714285717,157.42857142857144,157.0,336.0,458.0,216.0,117.0,799.4,655.8,149.60000000000002,95.25,497.125,701.875,176.25,98.0,522.0,997.0,167.0,133.8125,313.4375,406.375,187.9375,118.18181818181813,581.1818181818182,841.7272727272727,181.63636363636363,107.33333333333334,898.1666666666666,216.33333333333334,140.33333333333337,131.07692307692304,1073.8461538461538,383.2307692307692,160.9230769230769,111.42857142857144,697.1428571428571,589.8571428571429,171.14285714285722,46.0,430.2,745.6,49.0
732,86.42857142857144,609.2857142857143,375.57142857142856,159.71428571428567,155.75,340.5,460.25,212.25,116.0,797.6,658.2,149.39999999999998,93.5,495.75,706.25,172.5,97.57142857142856,527.5714285714286,994.5714285714286,167.8571428571429,132.375,312.125,408.25,185.125,117.5,568.5,844.5,186.0,106.66666666666666,901.5833333333334,215.66666666666666,138.16666666666663,131.69230769230762,1079.6153846153845,382.0769230769231,160.30769230769238,110.85714285714289,702.2857142857143,592.7142857142857,169.28571428571422,46.0,444.4,769.2,49.0
733,83.0,616.0,375.0,162.0,154.5,345.0,462.5,208.5,115.0,795.8,660.6,149.20000000000005,91.75,494.375,710.625,168.75,97.14285714285711,533.1428571428571,992.1428571428571,168.71428571428578,130.9375,310.8125,410.125,182.3125,116.81818181818187,555.8181818181819,847.2727272727273,190.36363636363637,106.0,905.0,215.0,136.0,132.30769230769238,1085.3846153846155,380.9230769230769,159.69230769230762,110.28571428571433,707.4285714285714,595.5714285714286,167.42857142857144,46.0,458.6,792.8,49.0
734,83.55555555555554,621.1111111111111,374.22222222222223,158.1111111111111,153.25,349.5,464.75,204.75,114.0,794.0,663.0,149.0,90.0,493.0,715.0,165.0,96.71428571428567,538.7142857142857,989.7142857142857,169.57142857142867,129.5,309.5,412.0,179.5,116.13636363636363,543.1363636363636,850.0454545454545,194.72727272727275,108.42857142857142,906.3571428571429,216.64285714285714,135.6428571428571,132.92307692307696,1091.1538461538462,379.7692307692308,159.0769230769231,109.71428571428567,712.5714285714286,598.4285714285714,165.57142857142856,46.0,472.8,816.4,48.99999999999994
735,84.11111111111109,626.2222222222222,373.44444444444446,154.22222222222229,152.0,354.0,467.0,201.0,113.0,793.1428571428571,669.2857142857143,148.71428571428578,92.11111111111109,493.44444444444446,719.1111111111111,163.22222222222217,96.28571428571433,544.2857142857143,987.2857142857143,170.42857142857133,128.0625,308.1875,413.875,176.6875,115.45454545454538,530.4545454545455,852.8181818181819,199.090909090909,110.85714285714289,907.7142857142857,218.28571428571428,135.28571428571433,133.53846153846155,1096.923076923077,378.61538461538464,158.46153846153857,109.14285714285711,717.7142857142857,601.2857142857143,163.71428571428578,46.0,487.0,840.0,49.0
736,84.66666666666663,631.3333333333334,372.6666666666667,150.33333333333326,144.59999999999997,359.6,478.2,195.60000000000002,112.0,792.2857142857143,675.5714285714286,148.42857142857133,94.22222222222229,493.8888888888889,723.2222222222222,161.44444444444446,95.85714285714289,549.8571428571429,984.8571428571429,171.28571428571422,126.625,306.875,415.75,173.875,114.77272727272725,517.7727272727273,855.5909090909091,203.4545454545455,113.2857142857143,909.0714285714286,219.92857142857142,134.92857142857144,134.1538461538462,1102.6923076923076,377.46153846153845,157.8461538461538,108.57142857142856,722.8571428571429,604.1428571428571,161.85714285714278,46.0,504.0,863.8,49.0
737,85.22222222222217,636.4444444444445,371.8888888888889,146.44444444444446,137.20000000000005,365.2,489.4,190.2,111.0,791.4285714285714,681.8571428571429,148.1428571428571,96.33333333333326,494.3333333333333,727.3333333333334,159.66666666666669,95.42857142857144,555.4285714285714,982.4285714285714,172.1428571428571,125.1875,305.5625,417.625,171.0625,114.09090909090912,505.0909090909091,858.3636363636364,207.81818181818176,115.7142857142857,910.4285714285714,221.57142857142858,134.57142857142856,134.76923076923077,1108.4615384615386,376.3076923076923,157.23076923076906,108.0,728.0,607.0,160.0,46.0,521.0,887.6,49.0
738,85.77777777777783,641.5555555555555,371.1111111111111,142.55555555555554,129.79999999999995,370.8,500.6,184.8,110.0,790.5714285714286,688.1428571428571,147.8571428571429,98.44444444444446,494.77777777777777,731.4444444444445,157.88888888888886,95.0,561.0,980.0,173.0,123.75,304.25,419.5,168.25,113.40909090909088,492.4090909090909,861.1363636363636,212.18181818181824,118.14285714285711,911.7857142857143,223.21428571428572,134.21428571428567,135.38461538461542,1114.2307692307693,375.15384615384613,156.61538461538453,107.55555555555554,730.2222222222222,612.1111111111111,158.33333333333337,46.0,538.0,911.4,49.0
739,86.33333333333337,646.6666666666666,370.3333333333333,138.66666666666674,122.40000000000003,376.4,511.8,179.39999999999998,109.0,789.7142857142857,694.4285714285714,147.57142857142867,100.55555555555554,495.22222222222223,735.5555555555555,156.11111111111114,102.5,565.3333333333334,978.5,169.16666666666663,122.3125,302.9375,421.375,165.4375,112.72727272727275,479.72727272727275,863.9090909090909,216.5454545454545,120.57142857142858,913.1428571428571,224.85714285714286,133.8571428571429,136.0,1120.0,374.0,156.0,107.1111111111112,732.4444444444445,617.2222222222222,156.66666666666663,46.0,555.0,935.2,49.0
740,86.88888888888891,651.7777777777778,369.55555555555554,134.77777777777771,115.0,382.0,523.0,174.0,108.0,788.8571428571429,700.7142857142857,147.28571428571422,102.66666666666674,495.6666666666667,739.6666666666666,154.33333333333331,110.0,569.6666666666666,977.0,165.33333333333337,120.875,301.625,423.25,162.625,112.04545454545462,467.0454545454545,866.6818181818181,220.909090909091,123.0,914.5,226.5,133.5,133.71428571428572,1122.4285714285713,376.7142857142857,154.28571428571445,106.66666666666663,734.6666666666666,622.3333333333334,155.0,46.0,572.0,959.0,49.0
741,87.44444444444446,656.8888888888889,368.77777777777777,130.8888888888889,120.20000000000005,376.8,526.0,179.2,107.0,788.0,707.0,147.0,104.77777777777771,496.1111111111111,743.7777777777778,152.55555555555554,117.5,574.0,975.5,161.5,119.4375,300.3125,425.125,159.8125,111.36363636363637,454.3636363636364,869.4545454545455,225.27272727272725,125.42857142857142,915.8571428571429,228.14285714285714,133.1428571428571,131.4285714285714,1124.857142857143,379.42857142857144,152.57142857142844,106.22222222222217,736.8888888888889,627.4444444444445,153.33333333333326,46.0,591.3333333333334,982.0,49.0
742,88.0,662.0,368.0,127.0,125.39999999999998,371.6,529.0,184.39999999999998,108.0,787.0,712.0,146.25,106.88888888888891,496.55555555555554,747.8888888888889,150.77777777777783,125.0,578.3333333333334,974.0,157.66666666666663,118.0,299.0,427.0,157.0,110.68181818181813,441.6818181818182,872.2272727272727,229.63636363636357,127.85714285714289,917.2142857142857,229.78571428571428,132.78571428571433,129.1428571428571,1127.2857142857142,382.14285714285717,150.8571428571429,105.77777777777783,739.1111111111111,632.5555555555555,151.66666666666674,46.0,610.6666666666666,1005.0,49.0
743,88.40000000000003,667.4,369.2,133.0,130.60000000000002,366.4,532.0,189.60000000000002,109.0,786.0,717.0,145.5,109.0,497.0,752.0,149.0,132.5,582.6666666666666,972.5,153.83333333333337,115.19999999999999,296.8,432.2,158.7,110.0,429.0,875.0,234.0,130.28571428571428,918.5714285714286,231.42857142857144,132.42857142857144,126.85714285714289,1129.7142857142858,384.85714285714283,149.1428571428571,105.33333333333337,741.3333333333334,637.6666666666666,150.0,46.0,630.0,1028.0,49.0
744,88.80000000000001,672.8,370.4,139.0,135.79999999999995,361.2,535.0,194.8,110.0,785.0,722.0,144.75,108.69230769230774,495.61538461538464,753.4615384615385,149.23076923076917,140.0,587.0,971.0,150.0,112.39999999999998,294.6,437.4,160.39999999999998,109.9230769230769,431.0769230769231,877.1538461538462,230.46153846153845,132.71428571428572,919.9285714285714,233.07142857142856,132.07142857142856,124.57142857142856,1132.142857142857,387.57142857142856,147.42857142857156,104.8888888888888,743.5555555555555,642.7777777777778,148.33333333333337,46.0,650.5,1051.0,49.0
745,89.19999999999999,678.2,371.6,145.0,141.0,356.0,538.0,200.0,111.0,784.0,727.0,144.0,108.38461538461536,494.2307692307692,754.9230769230769,149.4615384615385,136.83333333333337,595.8333333333334,978.8333333333334,149.66666666666663,109.60000000000002,292.4,442.6,162.10000000000002,109.84615384615392,433.15384615384613,879.3076923076923,226.92307692307696,135.1428571428571,921.2857142857143,234.71428571428572,131.71428571428567,122.28571428571428,1134.5714285714287,390.2857142857143,145.71428571428555,104.44444444444446,745.7777777777778,647.8888888888889,146.66666666666663,46.0,671.0,1074.0,49.0
746,89.59999999999997,683.6,372.8,151.0,142.39999999999998,357.4,538.6,199.60000000000002,106.59999999999991,782.8,732.2,143.4000000000001,108.0769230769231,492.84615384615387,756.3846153846154,149.69230769230768,133.66666666666663,604.6666666666666,986.6666666666666,149.33333333333337,106.80000000000001,290.2,447.8,163.8,109.76923076923083,435.2307692307692,881.4615384615385,223.38461538461542,137.57142857142858,922.6428571428571,236.35714285714286,131.3571428571429,120.0,1137.0,393.0,144.0,104.0,748.0,653.0,145.0,46.0,693.3333333333334,1083.6666666666667,49.0
747,90.0,689.0,374.0,157.0,143.79999999999995,358.8,539.2,199.2,102.20000000000005,781.6,737.4,142.79999999999995,107.76923076923083,491.46153846153845,757.8461538461538,149.9230769230769,130.5,613.5,994.5,149.0,104.0,288.0,453.0,165.5,109.69230769230762,437.3076923076923,883.6153846153846,219.84615384615387,140.0,924.0,238.0,131.0,117.66666666666669,1139.3333333333333,400.6666666666667,142.44444444444457,106.77777777777783,750.5555555555555,654.1111111111111,142.0,46.0,715.6666666666666,1093.3333333333333,49.0
748,90.75,698.75,375.0,158.5,145.20000000000005,360.2,539.8,198.8,97.79999999999995,780.4,742.6,142.20000000000005,107.46153846153845,490.0769230769231,759.3076923076923,150.1538461538462,127.33333333333337,622.3333333333334,1002.3333333333334,148.66666666666663,101.19999999999999,285.8,458.2,167.2,109.61538461538464,439.38461538461536,885.7692307692307,216.30769230769238,137.53846153846155,923.8461538461538,241.30769230769232,131.8461538461538,115.33333333333331,1141.6666666666667,408.3333333333333,140.8888888888889,109.55555555555566,753.1111111111111,655.2222222222222,139.0,46.0,738.0,1103.0,49.0
749,91.5,708.5,376.0,160.0,146.60000000000002,361.6,540.4,198.39999999999998,93.40000000000009,779.2,747.8,141.5999999999999,107.15384615384619,488.6923076923077,760.7692307692307,150.38461538461542,124.16666666666663,631.1666666666666,1010.1666666666666,148.33333333333337,98.39999999999998,283.6,463.4,168.89999999999998,109.53846153846155,441.46153846153845,887.9230769230769,212.76923076923083,135.07692307692307,923.6923076923077,244.6153846153846,132.69230769230774,113.0,1144.0,416.0,139.33333333333326,112.33333333333326,755.6666666666666,656.3333333333334,136.0,46.0,761.3333333333334,1111.0,49.0
750,92.25,718.25,377.0,161.5,148.0,363.0,541.0,198.0,89.0,778.0,753.0,141.0,106.84615384615381,487.3076923076923,762.2307692307693,150.61538461538458,121.0,640.0,1018.0,148.0,95.60000000000002,281.4,468.6,170.60000000000002,109.46153846153845,443.53846153846155,890.0769230769231,209.23076923076917,132.6153846153846,923.5384615384615,247.92307692307693,133.53846153846155,110.66666666666669,1146.3333333333333,423.6666666666667,137.77777777777783,115.11111111111109,758.2222222222222,657.4444444444445,133.0,46.0,784.6666666666666,1119.0,49.0
751,93.0,728.0,378.0,163.0,136.0,378.5,564.5,181.0,87.20000000000005,778.6,758.8,140.19999999999993,106.53846153846155,485.9230769230769,763.6923076923077,150.8461538461538,123.16666666666674,649.8333333333334,1020.5,147.66666666666663,92.80000000000001,279.2,473.8,172.3,109.38461538461536,445.61538461538464,892.2307692307693,205.69230769230762,130.15384615384613,923.3846153846154,251.23076923076923,134.38461538461536,108.33333333333331,1148.6666666666667,431.3333333333333,136.22222222222217,117.88888888888891,760.7777777777778,658.5555555555555,130.0,46.0,808.0,1127.0,49.0
752,91.16666666666663,736.1666666666666,379.6666666666667,155.0,124.0,394.0,588.0,164.0,85.39999999999998,779.2,764.6,139.39999999999998,106.23076923076917,484.53846153846155,765.1538461538462,151.0769230769231,125.33333333333326,659.6666666666666,1023.0,147.33333333333337,90.0,277.0,479.0,174.0,109.30769230769238,447.6923076923077,894.3846153846154,202.15384615384613,127.69230769230768,923.2307692307693,254.53846153846155,135.23076923076928,106.0,1151.0,439.0,134.66666666666674,120.66666666666674,763.3333333333334,659.6666666666666,127.0,46.0,831.5,1135.0,49.0
753,89.33333333333337,744.3333333333334,381.3333333333333,147.0,112.0,412.0,598.0,148.0,83.60000000000002,779.8,770.4,138.60000000000002,105.9230769230769,483.15384615384613,766.6153846153846,151.30769230769232,127.5,669.5,1025.5,147.0,91.66666666666669,277.22222222222223,484.22222222222223,173.0,109.23076923076917,449.7692307692308,896.5384615384615,198.61538461538458,125.23076923076923,923.0769230769231,257.84615384615387,136.0769230769231,103.66666666666669,1153.3333333333333,446.6666666666667,133.1111111111111,123.44444444444434,765.8888888888889,660.7777777777778,124.0,46.0,855.0,1143.0,49.0
754,87.5,752.5,383.0,139.0,113.80000000000007,411.0,606.8,148.20000000000005,81.79999999999995,780.4,776.2,137.80000000000007,105.61538461538464,481.7692307692308,768.0769230769231,151.5384615384615,129.66666666666674,679.3333333333334,1028.0,146.66666666666663,93.33333333333337,277.44444444444446,489.44444444444446,172.0,109.15384615384608,451.84615384615387,898.6923076923077,195.07692307692304,122.76923076923077,922.9230769230769,261.15384615384613,136.9230769230769,101.33333333333331,1155.6666666666667,454.3333333333333,131.55555555555543,126.22222222222217,768.4444444444445,661.8888888888889,121.0,46.0,856.0,1145.0,49.0
755,85.66666666666663,760.6666666666666,384.6666666666667,131.0,115.60000000000002,410.0,615.6,148.39999999999998,80.0,781.0,782.0,137.0,105.30769230769226,480.38461538461536,769.5384615384615,151.76923076923083,131.83333333333326,689.1666666666666,1030.5,146.33333333333337,94.99999999999994,277.6666666666667,494.6666666666667,171.0,109.0769230769231,453.9230769230769,900.8461538461538,191.53846153846155,120.30769230769232,922.7692307692307,264.46153846153845,137.76923076923072,99.0,1158.0,462.0,130.0,129.0,771.0,663.0,118.0,46.0,851.4,1148.4,49.0
756,83.83333333333337,768.8333333333334,386.3333333333333,123.0,117.39999999999998,409.0,624.4,148.60000000000002,87.19999999999993,785.8,785.2,136.4000000000001,105.0,479.0,771.0,152.0,134.0,699.0,1033.0,146.0,96.66666666666663,277.8888888888889,499.8888888888889,170.0,109.0,456.0,903.0,188.0,117.84615384615387,922.6153846153846,267.7692307692308,138.61538461538464,99.0,1163.111111111111,467.0,129.44444444444457,129.0,777.75,669.75,117.66666666666663,46.0,846.8,1151.8,49.0
757,82.0,777.0,388.0,115.0,119.19999999999993,408.0,633.2,148.79999999999995,94.39999999999998,790.6,788.4,135.79999999999995,106.71428571428578,480.14285714285717,768.7142857142857,151.14285714285717,136.20000000000005,708.7,1039.1,145.69999999999993,98.33333333333337,278.1111111111111,505.1111111111111,169.0,113.0,458.0,905.1818181818181,184.5454545454545,115.38461538461536,922.4615384615385,271.0769230769231,139.46153846153845,99.0,1168.2222222222222,472.0,128.8888888888889,129.0,784.5,676.5,117.33333333333337,46.0,842.2,1155.2,49.0
758,82.25,780.75,392.5,126.75,121.0,407.0,642.0,149.0,101.60000000000002,795.4,791.6,135.20000000000005,108.42857142857144,481.2857142857143,766.4285714285714,150.28571428571428,138.39999999999986,718.4,1045.2,145.39999999999998,100.00000000000006,278.3333333333333,510.3333333333333,168.0,116.99999999999989,460.0,907.3636363636364,181.09090909090912,112.92307692307696,922.3076923076923,274.38461538461536,140.30769230769226,99.0,1173.3333333333333,477.0,128.33333333333348,129.0,791.25,683.25,117.0,46.0,837.6,1158.6,49.0
759,82.5,784.5,397.0,138.5,122.79999999999995,404.6,647.2,151.19999999999993,108.80000000000007,800.2,794.8,134.5999999999999,110.14285714285722,482.42857142857144,764.1428571428571,149.42857142857144,140.60000000000014,728.1,1051.3,145.10000000000002,101.66666666666663,278.55555555555554,515.5555555555555,167.0,121.0,462.0,909.5454545454545,177.63636363636363,110.46153846153845,922.1538461538462,277.6923076923077,141.1538461538462,99.0,1178.4444444444443,482.0,127.77777777777783,129.0,798.0,690.0,116.66666666666663,46.0,833.0,1162.0,49.0
760,82.75,788.25,401.5,150.25,124.60000000000002,402.2,652.4,153.40000000000003,116.0,805.0,798.0,134.0,111.85714285714278,483.57142857142856,761.8571428571429,148.57142857142856,142.79999999999995,737.8,1057.4,144.80000000000007,103.33333333333326,278.77777777777777,520.7777777777778,166.0,125.0,464.0,911.7272727272727,174.18181818181813,108.0,922.0,281.0,142.0,99.0,1183.5555555555557,487.0,127.22222222222217,129.0,804.75,696.75,116.33333333333337,46.0,837.5714285714286,1167.4285714285713,49.0
761,83.0,792.0,406.0,162.0,126.39999999999998,399.8,657.6,155.59999999999997,112.79999999999995,809.8,802.7,131.10000000000002,113.57142857142856,484.7142857142857,759.5714285714286,147.71428571428572,145.0,747.5,1063.5,144.5,105.0,279.0,526.0,165.0,129.0000000000001,466.0,913.9090909090909,170.72727272727275,110.0,923.6363636363636,284.27272727272725,141.0000000000001,99.0,1188.6666666666667,492.0,126.66666666666652,129.0,811.5,703.5,116.0,46.0,842.1428571428571,1172.857142857143,49.0
762,85.0,807.75,410.25,157.0,128.20000000000005,397.4,662.8,157.80000000000007,109.60000000000002,814.6,807.4,128.19999999999993,115.28571428571422,485.85714285714283,757.2857142857143,146.85714285714283,147.20000000000005,757.2,1069.6,144.19999999999993,106.66666666666674,281.8888888888889,532.1111111111111,163.88888888888886,132.9999999999999,468.0,916.0909090909091,167.27272727272725,112.0,925.2727272727273,287.54545454545456,140.0,99.0,1193.7777777777778,497.0,126.11111111111109,129.0,818.25,710.25,115.66666666666663,46.0,846.7142857142857,1178.2857142857142,49.0
763,87.0,823.5,414.5,152.0,130.0,395.0,668.0,160.0,106.39999999999998,819.4,812.1,125.30000000000007,117.0,487.0,755.0,146.0,149.39999999999986,766.9,1075.7,143.89999999999998,108.33333333333337,284.77777777777777,538.2222222222222,162.77777777777777,137.0,470.0,918.2727272727273,163.81818181818187,114.0,926.9090909090909,290.8181818181818,139.0000000000001,99.0,1198.888888888889,502.0,125.55555555555543,129.0,825.0,717.0,115.33333333333337,46.0,851.2857142857143,1183.7142857142858,49.0
764,89.0,839.25,418.75,147.0,123.14285714285722,395.0,678.7142857142857,158.28571428571433,103.20000000000005,824.2,816.8,122.39999999999998,115.0,488.125,752.625,147.25,151.60000000000014,776.6,1081.8,143.60000000000002,110.0,287.6666666666667,544.3333333333334,161.66666666666663,141.0,472.0,920.4545454545455,160.36363636363637,116.0,928.5454545454545,294.09090909090907,138.0,99.0,1204.0,507.0,125.0,129.0,831.75,723.75,115.0,46.0,855.8571428571429,1189.142857142857,49.0
765,91.0,855.0,423.0,142.0,116.28571428571422,395.0,689.4285714285714,156.57142857142856,100.0,829.0,821.5,119.5,113.0,489.25,750.25,148.5,153.79999999999995,786.3,1087.9,143.30000000000007,111.66666666666663,290.55555555555554,550.4444444444445,160.55555555555554,145.0000000000001,474.0,922.6363636363636,156.90909090909088,118.0,930.1818181818181,297.3636363636364,137.0000000000001,98.89999999999998,1216.5,512.1,124.29999999999995,129.0,838.5,730.5,114.66666666666663,46.0,860.4285714285714,1194.5714285714287,49.0
766,96.0,880.3333333333334,420.0,123.0,109.42857142857144,395.0,700.1428571428571,154.8571428571429,96.79999999999995,833.8,826.2,116.60000000000002,111.0,490.375,747.875,149.75,156.0,796.0,1094.0,143.0,113.33333333333337,293.44444444444446,556.5555555555555,159.44444444444446,148.9999999999999,476.0,924.8181818181819,153.4545454545455,120.0,931.8181818181819,300.6363636363636,135.9999999999999,98.79999999999995,1229.0,517.2,123.59999999999991,129.0,845.25,737.25,114.33333333333337,46.0,865.0,1200.0,49.0
767,101.0,905.6666666666666,417.0,104.0,102.57142857142856,395.0,710.8571428571429,153.1428571428571,93.60000000000002,838.6,830.9,113.69999999999993,109.0,491.5,745.5,151.0,145.5,815.5,1107.25,131.75,115.0,296.3333333333333,562.6666666666666,158.33333333333337,153.0,478.0,927.0,150.0,121.99999999999994,933.4545454545455,303.90909090909093,135.0,98.70000000000005,1241.5,522.3,122.90000000000009,129.0,852.0,744.0,114.0,46.0,875.5,1203.25,49.0
768,106.0,931.0,414.0,85.0,95.71428571428578,395.0,721.5714285714286,151.42857142857144,90.39999999999998,843.4,835.6,110.80000000000007,107.0,492.625,743.125,152.25,135.0,835.0,1120.5,120.5,116.66666666666663,299.22222222222223,568.7777777777778,157.22222222222223,152.22222222222217,480.1111111111111,934.7777777777778,150.44444444444446,124.0,935.0909090909091,307.1818181818182,133.9999999999999,98.60000000000002,1254.0,527.4,122.20000000000005,128.60000000000002,862.4,751.8,116.0,46.0,886.0,1206.5,49.0
769,103.0,938.5,417.5,100.0,88.85714285714289,395.0,732.2857142857142,149.71428571428567,87.20000000000005,848.2,840.3,107.89999999999998,105.0,493.75,740.75,153.5,124.5,854.5,1133.75,109.25,118.33333333333326,302.1111111111111,574.8888888888889,156.11111111111114,151.44444444444446,482.22222222222223,942.5555555555555,150.88888888888886,126.0,936.7272727272727,310.45454545454544,133.0,98.5,1266.5,532.5,121.5,128.19999999999993,872.8,759.6,118.0,46.0,896.5,1209.75,49.0
770,100.0,946.0,421.0,115.0,82.0,395.0,743.0,148.0,84.0,853.0,845.0,105.0,103.0,494.875,738.375,154.75,114.0,874.0,1147.0,98.0,120.0,305.0,581.0,155.0,150.66666666666663,484.3333333333333,950.3333333333334,151.33333333333331,128.0,938.3636363636364,313.72727272727275,131.9999999999999,98.39999999999998,1279.0,537.6,120.79999999999995,127.80000000000007,883.2,767.4,120.0,46.0,907.0,1213.0,49.0
771,96.16666666666663,961.5,428.0,118.0,92.0,400.5,744.25,148.25,88.66666666666663,861.3333333333334,847.8333333333334,109.0,101.0,496.0,736.0,156.0,109.59999999999991,883.6,1154.0,106.79999999999995,118.83333333333337,310.1666666666667,587.1111111111111,154.0,149.8888888888889,486.44444444444446,958.1111111111111,151.77777777777771,130.0,940.0,317.0,131.0,98.29999999999995,1291.5,542.7,120.09999999999991,127.39999999999998,893.6,775.2,122.0,46.0,923.3333333333334,1215.3333333333333,49.0
772,92.33333333333337,977.0,435.0,121.0,102.0,406.0,745.5,148.5,93.33333333333337,869.6666666666666,850.6666666666666,113.0,101.0,500.8181818181818,735.4545454545455,156.00000000000006,105.20000000000005,893.2,1161.0,115.59999999999991,117.66666666666674,315.3333333333333,593.2222222222222,153.0,149.1111111111111,488.55555555555554,965.8888888888889,152.22222222222229,131.5,940.6428571428571,320.2142857142857,130.5,98.20000000000005,1304.0,547.8,119.40000000000009,127.0,904.0,783.0,124.0,46.0,939.6666666666666,1217.6666666666667,49.0
773,88.5,992.5,442.0,124.0,112.0,411.5,746.75,148.75,98.0,878.0,853.5,117.0,101.0,505.6363636363636,734.9090909090909,156.0,100.79999999999995,902.8,1168.0,124.40000000000009,116.5,320.5,599.3333333333334,152.0,148.33333333333337,490.6666666666667,973.6666666666666,152.66666666666669,133.0,941.2857142857143,323.42857142857144,129.9999999999999,98.10000000000002,1316.5,552.9,118.70000000000005,126.71428571428578,919.0,785.1428571428571,125.71428571428578,46.0,956.0,1220.0,49.0
774,84.66666666666663,1008.0,449.0,127.0,122.0,417.0,748.0,149.0,102.66666666666663,886.3333333333334,856.3333333333334,121.0,101.0,510.45454545454544,734.3636363636364,156.00000000000006,96.40000000000009,912.4,1175.0,133.19999999999993,115.33333333333337,325.6666666666667,605.4444444444445,151.0,147.55555555555554,492.77777777777777,981.4444444444445,153.11111111111114,134.5,941.9285714285714,326.64285714285717,129.4999999999999,98.0,1329.0,558.0,118.0,126.42857142857133,934.0,787.2857142857143,127.42857142857133,46.0,976.8,1225.2,49.0
775,80.83333333333337,1023.5,456.0,130.0,123.5,422.75,758.0,149.0,107.33333333333337,894.6666666666666,859.1666666666666,125.0,101.0,515.2727272727273,733.8181818181819,156.0,92.0,922.0,1182.0,142.0,114.16666666666663,330.8333333333333,611.5555555555555,150.0,146.77777777777783,494.8888888888889,989.2222222222222,153.55555555555554,136.0,942.5714285714286,329.85714285714283,129.0000000000001,98.25,1343.8333333333333,562.9166666666666,119.33333333333348,126.14285714285711,949.0,789.4285714285714,129.1428571428571,46.0,997.6,1230.4,48.999999999999886
776,77.0,1039.0,463.0,133.0,125.0,428.5,768.0,149.0,112.0,903.0,862.0,129.0,101.0,520.0909090909091,733.2727272727273,156.0,90.625,937.75,1187.125,143.75,113.0,336.0,617.6666666666666,149.0,146.0,497.0,997.0,154.0,137.5,943.2142857142857,333.07142857142856,128.5000000000001,98.5,1358.6666666666667,567.8333333333334,120.66666666666652,125.85714285714289,964.0,791.5714285714286,130.8571428571429,46.0,1018.4,1235.6,49.000000000000114
777,79.33333333333331,1056.0,464.6666666666667,137.66666666666674,126.5,434.25,778.0,149.0,114.60000000000002,911.2,864.8,123.0,101.0,524.9090909090909,732.7272727272727,156.0,89.25,953.5,1192.25,145.5,111.83333333333326,341.1666666666667,623.7777777777778,148.0,142.44444444444446,505.3333333333333,1007.5555555555555,152.66666666666669,139.0,943.8571428571429,336.2857142857143,128.0,98.75,1373.5,572.75,122.0,125.57142857142867,979.0,793.7142857142857,132.57142857142867,46.0,1039.2,1240.8,49.0
778,81.66666666666669,1073.0,466.3333333333333,142.33333333333326,128.0,440.0,788.0,149.0,117.19999999999993,919.4,867.6,117.00000000000011,101.0,529.7272727272727,732.1818181818181,156.0,87.875,969.25,1197.375,147.25,110.66666666666663,346.3333333333333,629.8888888888889,147.0,138.8888888888889,513.6666666666666,1018.1111111111111,151.33333333333337,140.5,944.5,339.5,127.5,99.0,1388.3333333333333,577.6666666666666,123.33333333333348,125.28571428571422,994.0,795.8571428571429,134.28571428571422,46.0,1060.0,1246.0,49.0
779,84.0,1090.0,468.0,147.0,119.39999999999998,445.8,799.0,143.99999999999994,119.80000000000007,927.6,870.4,110.99999999999989,101.0,534.5454545454545,731.6363636363636,156.0,86.5,985.0,1202.5,149.0,109.5,351.5,636.0,146.0,135.33333333333326,522.0,1028.6666666666667,150.0,142.0,945.1428571428571,342.7142857142857,127.0,99.25,1403.1666666666667,582.5833333333334,124.66666666666652,125.0,1009.0,798.0,136.0,46.0,1089.25,1251.75,49.0
780,86.33333333333331,1107.0,469.6666666666667,151.66666666666674,110.79999999999995,451.6,810.0,139.0,122.39999999999998,935.8,873.2,105.0,101.0,539.3636363636364,731.0909090909091,156.0,85.125,1000.75,1207.625,150.75,108.33333333333337,356.6666666666667,642.1111111111111,145.0,131.77777777777783,530.3333333333334,1039.2222222222222,148.66666666666663,143.5,945.7857142857143,345.92857142857144,126.49999999999989,99.5,1418.0,587.5,126.0,120.71428571428567,1027.142857142857,806.8571428571429,134.0,46.0,1118.5,1257.5,49.0
781,88.66666666666669,1124.0,471.3333333333333,156.33333333333326,102.20000000000005,457.4,821.0,134.0,125.0,944.0,876.0,99.0,101.0,544.1818181818181,730.5454545454545,156.0,83.75,1016.5,1212.75,152.5,107.16666666666674,361.8333333333333,648.2222222222222,144.0,128.22222222222217,538.6666666666666,1049.7777777777778,147.33333333333337,145.0,946.4285714285714,349.14285714285717,125.99999999999989,99.75,1432.8333333333333,592.4166666666666,127.33333333333348,116.42857142857144,1045.2857142857142,815.7142857142857,132.0,46.0,1147.75,1263.25,49.0
782,91.0,1141.0,473.0,161.0,93.60000000000002,463.2,832.0,129.00000000000006,119.60000000000002,951.8,879.0,106.79999999999995,101.0,549.0,730.0,156.0,82.375,1032.25,1217.875,154.25,106.0,367.0,654.3333333333334,143.0,124.66666666666674,547.0,1060.3333333333333,146.0,146.5,947.0714285714286,352.35714285714283,125.50000000000011,100.0,1447.6666666666667,597.3333333333334,128.66666666666652,112.14285714285711,1063.4285714285713,824.5714285714286,130.0,46.0,1177.0,1269.0,49.0
783,91.66666666666669,1163.5,471.6666666666667,156.16666666666674,85.0,469.0,843.0,124.0,114.20000000000005,959.6,882.0,114.60000000000002,98.57142857142856,551.2857142857143,729.5714285714286,154.28571428571422,81.0,1048.0,1223.0,156.0,104.83333333333337,372.1666666666667,660.4444444444445,141.99999999999994,121.11111111111109,555.3333333333334,1070.888888888889,144.66666666666663,148.0,947.7142857142857,355.57142857142856,125.00000000000011,100.25,1462.5,602.25,130.0,107.85714285714289,1081.5714285714287,833.4285714285714,128.0,46.0,1189.0,1275.3333333333333,49.0
784,92.33333333333331,1186.0,470.3333333333333,151.33333333333326,87.0,474.8333333333333,849.0,130.33333333333331,108.79999999999995,967.4,885.0,122.39999999999998,96.14285714285722,553.5714285714286,729.1428571428571,152.57142857142856,85.42857142857133,1066.4285714285713,1224.7142857142858,157.71428571428578,103.66666666666663,377.3333333333333,666.5555555555555,141.00000000000006,117.55555555555566,563.6666666666666,1081.4444444444443,143.33333333333337,149.5,948.3571428571429,358.7857142857143,124.5,100.5,1477.3333333333333,607.1666666666666,131.33333333333348,103.57142857142856,1099.7142857142858,842.2857142857143,126.0,46.0,1201.0,1281.6666666666667,49.0
785,93.0,1208.5,469.0,146.5,89.0,480.6666666666667,855.0,136.66666666666669,103.39999999999998,975.2,888.0,130.20000000000005,93.71428571428578,555.8571428571429,728.7142857142857,150.85714285714278,89.85714285714289,1084.857142857143,1226.4285714285713,159.42857142857133,102.5,382.5,672.6666666666666,140.0,114.0,572.0,1092.0,142.0,151.0,949.0,362.0,124.0,100.75,1492.1666666666667,612.0833333333334,132.66666666666652,99.28571428571433,1117.857142857143,851.1428571428571,124.0,46.0,1213.0,1288.0,49.0
786,93.66666666666669,1231.0,467.6666666666667,141.66666666666674,91.0,486.5,861.0,143.0,98.0,983.0,891.0,138.0,91.28571428571422,558.1428571428571,728.2857142857143,149.14285714285722,94.28571428571422,1103.2857142857142,1228.142857142857,161.1428571428571,101.33333333333326,387.66666666666663,678.7777777777778,139.0,115.0,580.4,1098.0,143.66666666666674,148.16666666666669,949.0,368.6666666666667,123.83333333333326,101.0,1507.0,617.0,134.0,95.0,1136.0,860.0,122.0,46.0,1221.0,1292.0,49.0
787,94.33333333333331,1253.5,466.3333333333333,136.83333333333326,93.0,492.3333333333333,867.0,149.33333333333331,97.0,990.7142857142857,893.8571428571429,132.71428571428567,88.85714285714278,560.4285714285714,727.8571428571429,147.42857142857144,98.71428571428578,1121.7142857142858,1229.857142857143,162.8571428571429,100.16666666666663,392.8333333333333,684.8888888888889,138.00000000000006,116.0,588.8,1104.0,145.33333333333337,145.33333333333331,949.0,375.3333333333333,123.66666666666674,100.125,1525.0,622.25,132.75,95.28571428571422,1153.7142857142858,864.2857142857143,122.28571428571422,46.0,1229.0,1296.0,49.0
788,95.0,1276.0,465.0,132.0,95.0,498.1666666666667,873.0,155.66666666666669,96.0,998.4285714285714,896.7142857142857,127.42857142857144,86.42857142857144,562.7142857142857,727.4285714285714,145.71428571428578,103.14285714285711,1140.142857142857,1231.5714285714287,164.57142857142867,99.0,398.0,691.0,137.0,117.0,597.2,1110.0,147.0,142.5,949.0,382.0,123.5,99.25,1543.0,627.5,131.5,95.57142857142856,1171.4285714285713,868.5714285714286,122.57142857142867,46.0,1237.0,1300.0,49.0
789,92.66666666666663,1300.0,468.0,131.16666666666674,97.0,504.0,879.0,162.0,95.0,1006.1428571428571,899.5714285714286,122.14285714285711,84.0,565.0,727.0,144.0,107.57142857142867,1158.5714285714287,1233.2857142857142,166.28571428571422,99.5,404.875,697.375,138.75,118.0,605.6,1116.0,148.66666666666663,139.66666666666669,949.0,388.6666666666667,123.33333333333326,98.375,1561.0,632.75,130.25,95.85714285714278,1189.142857142857,872.8571428571429,122.85714285714289,46.0,1245.0,1304.0,49.0
790,90.33333333333337,1324.0,471.0,130.33333333333326,97.28571428571422,515.2857142857143,882.2857142857143,154.1428571428571,94.0,1013.8571428571429,902.4285714285714,116.85714285714289,85.5,569.3333333333334,725.1666666666666,148.16666666666663,112.0,1177.0,1235.0,168.0,100.0,411.75,703.75,140.5,119.0,614.0,1122.0,150.33333333333337,136.83333333333331,949.0,395.3333333333333,123.16666666666674,97.5,1579.0,638.0,129.0,96.14285714285722,1206.857142857143,877.1428571428571,123.14285714285711,46.0,1266.6666666666667,1301.0,49.0
791,88.0,1348.0,474.0,129.5,97.57142857142856,526.5714285714286,885.5714285714286,146.28571428571433,93.0,1021.5714285714286,905.2857142857143,111.57142857142856,87.0,573.6666666666666,723.3333333333334,152.33333333333337,109.16666666666674,1202.6666666666667,1235.8333333333333,162.5,100.5,418.625,710.125,142.25,120.0,622.4,1128.0,152.0,134.0,949.0,402.0,123.0,96.625,1597.0,643.25,127.75,96.42857142857144,1224.5714285714287,881.4285714285714,123.42857142857133,46.0,1288.3333333333333,1298.0,49.0
792,85.66666666666663,1372.0,477.0,128.66666666666674,97.85714285714278,537.8571428571429,888.8571428571429,138.42857142857144,92.0,1029.2857142857142,908.1428571428571,106.28571428571445,88.5,578.0,721.5,156.5,106.33333333333326,1228.3333333333333,1236.6666666666667,157.0,101.0,425.5,716.5,144.0,121.0,630.8,1134.0,153.66666666666674,132.33333333333331,954.3333333333334,411.3333333333333,117.33333333333337,95.75,1615.0,648.5,126.5,96.71428571428578,1242.2857142857142,885.7142857142857,123.71428571428578,46.0,1310.0,1295.0,49.0
793,83.33333333333337,1396.0,480.0,127.83333333333326,98.14285714285722,549.1428571428571,892.1428571428571,130.57142857142856,91.0,1037.0,911.0,101.0,90.0,582.3333333333334,719.6666666666666,160.66666666666663,103.5,1254.0,1237.5,151.5,101.5,432.375,722.875,145.75,122.0,639.2,1140.0,155.33333333333326,130.66666666666669,959.6666666666666,420.6666666666667,111.66666666666663,94.875,1633.0,653.75,125.25,97.0,1260.0,890.0,124.0,46.0,1340.6,1287.0,49.0
794,81.0,1420.0,483.0,127.0,98.42857142857144,560.4285714285714,895.4285714285714,122.71428571428567,92.0,1044.2307692307693,911.9230769230769,102.30769230769215,91.5,586.6666666666666,717.8333333333334,164.83333333333337,100.66666666666674,1279.6666666666667,1238.3333333333333,146.0,102.0,439.25,729.25,147.5,123.0,647.6,1146.0,157.0,129.0,965.0,430.0,106.0,94.0,1651.0,659.0,124.0,97.17391304347825,1283.0,893.6086956521739,124.21739130434776,46.0,1371.2,1279.0,49.0
795,79.25,1435.75,484.5,135.25,98.71428571428578,571.7142857142857,898.7142857142857,114.85714285714289,93.0,1051.4615384615386,912.8461538461538,103.61538461538453,93.0,591.0,716.0,169.0,97.83333333333326,1305.3333333333333,1239.1666666666667,140.5,102.5,446.125,735.625,149.25,124.0,656.0,1152.0,158.66666666666663,127.33333333333331,970.3333333333334,439.3333333333333,100.33333333333337,93.16666666666674,1676.0,667.6666666666666,122.66666666666674,97.3478260869565,1306.0,897.2173913043479,124.43478260869574,46.0,1401.8,1271.0,49.0
796,77.5,1451.5,486.0,143.5,99.0,583.0,902.0,107.0,94.0,1058.6923076923076,913.7692307692307,104.9230769230769,94.60000000000002,595.4,714.0,166.39999999999998,95.0,1331.0,1240.0,135.0,103.0,453.0,742.0,151.0,125.0,664.4,1158.0,160.33333333333337,125.66666666666669,975.6666666666666,448.6666666666667,94.66666666666663,92.33333333333326,1701.0,676.3333333333334,121.33333333333326,97.52173913043475,1329.0,900.8260869565217,124.6521739130435,46.0,1432.4,1263.0,49.0
797,75.75,1467.25,487.5,151.75,98.8888888888888,591.1111111111111,905.7777777777778,110.77777777777783,95.0,1065.923076923077,914.6923076923077,106.23076923076928,96.20000000000005,599.8,712.0,163.80000000000007,96.90000000000009,1349.9,1236.6,137.89999999999986,102.89473684210532,461.8421052631579,745.578947368421,150.26315789473676,126.0,672.8,1164.0,162.0,124.0,981.0,458.0,89.0,91.5,1726.0,685.0,120.0,97.69565217391312,1352.0,904.4347826086956,124.86956521739125,46.0,1463.0,1255.0,49.0
798,74.0,1483.0,489.0,160.0,98.77777777777783,599.2222222222222,909.5555555555555,114.55555555555566,96.0,1073.1538461538462,915.6153846153846,107.53846153846143,97.79999999999995,604.2,710.0,161.19999999999993,98.79999999999995,1368.8,1233.2,140.79999999999995,102.78947368421052,470.6842105263158,749.1578947368421,149.5263157894737,127.0,681.2,1170.0,163.66666666666663,125.14285714285717,983.8571428571429,465.14285714285717,92.42857142857133,90.66666666666674,1751.0,693.6666666666666,118.66666666666674,97.86956521739125,1375.0,908.0434782608696,125.08695652173901,46.0,1494.3333333333333,1244.6666666666667,49.0
799,77.0,1516.25,487.25,145.25,98.66666666666663,607.3333333333334,913.3333333333334,118.33333333333326,97.0,1080.3846153846155,916.5384615384615,108.84615384615381,99.39999999999998,608.6,708.0,158.60000000000002,100.70000000000005,1387.7,1229.8,143.70000000000005,102.68421052631584,479.5263157894737,752.7368421052631,148.78947368421046,128.0,689.6,1176.0,165.33333333333337,126.28571428571428,986.7142857142857,472.2857142857143,95.857142857143,89.83333333333326,1776.0,702.3333333333334,117.33333333333326,98.0434782608695,1398.0,911.6521739130435,125.304347826087,46.0,1525.6666666666667,1234.3333333333333,49.0
800,80.0,1549.5,485.5,130.5,98.55555555555554,615.4444444444445,917.1111111111111,122.11111111111109,98.0,1087.6153846153845,917.4615384615385,110.15384615384619,101.0,613.0,706.0,156.0,102.59999999999991,1406.6,1226.4,146.60000000000014,102.57894736842115,488.36842105263156,756.3157894736842,148.0526315789474,129.0,698.0,1182.0,167.0,127.42857142857144,989.5714285714286,479.42857142857144,99.28571428571433,89.0,1801.0,711.0,116.0,98.21739130434787,1421.0,915.2608695652174,125.52173913043475,46.0,1557.0,1224.0,49.0
801,83.0,1582.75,483.75,115.75,98.44444444444446,623.5555555555555,920.8888888888889,125.88888888888891,99.0,1094.8461538461538,918.3846153846154,111.46153846153857,99.76923076923083,617.2307692307693,704.3076923076923,157.0,104.5,1425.5,1223.0,149.5,102.47368421052624,497.2105263157895,759.8947368421053,147.31578947368416,127.17647058823513,710.8235294117648,1186.1764705882354,164.17647058823525,128.57142857142856,992.4285714285714,486.57142857142856,102.71428571428567,90.6875,1818.0,715.4375,118.4375,98.39130434782612,1444.0,918.8695652173913,125.73913043478251,46.0,1569.25,1219.25,49.0
802,86.0,1616.0,482.0,101.0,98.33333333333337,631.6666666666666,924.6666666666666,129.66666666666674,100.0,1102.076923076923,919.3076923076923,112.76923076923072,98.53846153846155,621.4615384615385,702.6153846153846,158.0,106.40000000000009,1444.4,1219.6,152.39999999999986,102.36842105263156,506.05263157894734,763.4736842105264,146.5789473684211,125.35294117647072,723.6470588235294,1190.3529411764705,161.3529411764706,129.71428571428572,995.2857142857143,493.7142857142857,106.142857142857,92.375,1835.0,719.875,120.875,98.56521739130437,1467.0,922.4782608695652,125.9565217391305,46.0,1581.5,1214.5,49.0
803,87.40000000000003,1633.2,483.8,107.79999999999995,98.22222222222229,639.7777777777778,928.4444444444445,133.44444444444434,101.0,1109.3076923076924,920.2307692307693,114.0769230769231,97.30769230769238,625.6923076923077,700.9230769230769,159.0,108.29999999999995,1463.3,1216.2,155.29999999999995,102.26315789473676,514.8947368421052,767.0526315789474,145.84210526315792,123.52941176470586,736.4705882352941,1194.5294117647059,158.52941176470586,130.85714285714283,998.1428571428571,500.85714285714283,109.57142857142867,94.0625,1852.0,724.3125,123.3125,98.73913043478262,1490.0,926.0869565217391,126.17391304347825,46.0,1593.75,1209.75,49.0
804,88.79999999999995,1650.4,485.6,114.59999999999991,98.11111111111109,647.8888888888889,932.2222222222222,137.22222222222217,102.0,1116.5384615384614,921.1538461538462,115.38461538461547,96.07692307692298,629.9230769230769,699.2307692307693,160.0,110.20000000000005,1482.2,1212.8,158.20000000000005,102.15789473684208,523.7368421052631,770.6315789473684,145.1052631578948,121.70588235294122,749.2941176470588,1198.7058823529412,155.70588235294122,132.0,1001.0,508.0,113.0,95.75,1869.0,728.75,125.75,98.91304347826099,1513.0,929.695652173913,126.39130434782601,46.0,1606.0,1205.0,49.0
805,90.20000000000005,1667.6,487.4,121.40000000000009,98.0,656.0,936.0,141.0,103.0,1123.7692307692307,922.0769230769231,116.69230769230785,94.84615384615381,634.1538461538462,697.5384615384615,161.0,112.09999999999991,1501.1,1209.4,161.10000000000014,102.0526315789474,532.578947368421,774.2105263157895,144.36842105263156,119.88235294117635,762.1176470588235,1202.8823529411766,152.88235294117646,130.77777777777771,1008.7777777777778,518.8888888888889,115.11111111111109,97.4375,1886.0,733.1875,128.1875,99.08695652173901,1536.0,933.304347826087,126.60869565217399,46.0,1618.0,1203.0,49.0
806,91.59999999999997,1684.8,489.2,128.20000000000005,97.79999999999995,663.8,939.8,139.20000000000005,104.0,1131.0,923.0,118.0,93.61538461538464,638.3846153846154,695.8461538461538,162.0,114.0,1520.0,1206.0,164.0,101.9473684210526,541.421052631579,777.7894736842105,143.63157894736844,118.05882352941171,774.9411764705883,1207.0588235294117,150.0588235294117,129.55555555555554,1016.5555555555555,529.7777777777778,117.22222222222229,99.125,1903.0,737.625,130.625,99.26086956521738,1559.0,936.9130434782609,126.82608695652175,46.0,1630.0,1201.0,49.0
807,93.0,1702.0,491.0,135.0,97.60000000000002,671.6,943.6,137.39999999999998,102.76923076923072,1137.7692307692307,925.1538461538462,118.9230769230769,92.38461538461536,642.6153846153846,694.1538461538462,163.0,113.0,1544.3333333333333,1205.1666666666667,158.0,101.84210526315792,550.2631578947369,781.3684210526316,142.8947368421052,116.23529411764707,787.7647058823529,1211.235294117647,147.23529411764707,128.33333333333337,1024.3333333333333,540.6666666666666,119.33333333333348,100.8125,1920.0,742.0625,133.0625,99.43478260869574,1582.0,940.5217391304348,127.0434782608695,46.0,1642.0,1199.0,49.0
808,85.5,1741.0,496.0,123.0,97.39999999999998,679.4,947.4,135.60000000000002,101.53846153846155,1144.5384615384614,927.3076923076923,119.84615384615404,91.15384615384619,646.8461538461538,692.4615384615385,164.0,112.0,1568.6666666666667,1204.3333333333333,152.0,101.73684210526324,559.1052631578947,784.9473684210526,142.1578947368422,114.4117647058822,800.5882352941177,1215.4117647058824,144.41176470588232,127.11111111111109,1032.111111111111,551.5555555555555,121.44444444444457,102.5,1937.0,746.5,135.5,99.60869565217376,1605.0,944.1304347826087,127.26086956521749,46.0,1654.0,1197.0,49.0
809,78.0,1780.0,501.0,111.0,97.20000000000005,687.2,951.2,133.79999999999995,100.30769230769226,1151.3076923076924,929.4615384615385,120.76923076923072,89.92307692307702,651.0769230769231,690.7692307692307,165.0,111.0,1593.0,1203.5,146.0,101.63157894736844,567.9473684210526,788.5263157894736,141.42105263157896,112.5882352941178,813.4117647058823,1219.5882352941176,141.58823529411768,125.88888888888891,1039.888888888889,562.4444444444445,123.55555555555543,104.1875,1954.0,750.9375,137.9375,99.78260869565213,1628.0,947.7391304347826,127.47826086956525,46.0,1672.0,1197.6666666666667,49.0
810,74.66666666666669,1793.3333333333333,505.3333333333333,122.0,97.0,695.0,955.0,132.0,99.07692307692298,1158.076923076923,931.6153846153846,121.69230769230762,88.69230769230762,655.3076923076923,689.0769230769231,166.0,110.0,1617.3333333333333,1202.6666666666667,140.0,101.52631578947376,576.7894736842105,792.1052631578947,140.68421052631584,110.76470588235293,826.2352941176471,1223.764705882353,138.76470588235293,124.66666666666663,1047.6666666666667,573.3333333333334,125.66666666666652,105.875,1971.0,755.375,140.375,99.9565217391305,1651.0,951.3478260869565,127.695652173913,46.0,1690.0,1198.3333333333333,49.0
811,71.33333333333331,1806.6666666666667,509.6666666666667,133.0,97.00000000000011,706.2857142857143,958.7142857142857,130.0,97.84615384615381,1164.8461538461538,933.7692307692307,122.61538461538476,87.46153846153845,659.5384615384615,687.3846153846154,167.0,109.0,1641.6666666666667,1201.8333333333333,134.0,101.42105263157896,585.6315789473684,795.6842105263158,139.9473684210526,108.94117647058829,839.0588235294117,1227.9411764705883,135.9411764705883,123.44444444444446,1055.4444444444443,584.2222222222222,127.77777777777783,107.5625,1988.0,759.8125,142.8125,100.13043478260875,1674.0,954.9565217391305,127.91304347826099,46.0,1708.0,1199.0,49.0
812,68.0,1820.0,514.0,144.0,96.99999999999989,717.5714285714286,962.4285714285714,128.0,96.61538461538453,1171.6153846153845,935.9230769230769,123.53846153846166,86.23076923076917,663.7692307692307,685.6923076923077,168.0,108.0,1666.0,1201.0,128.0,101.31578947368416,594.4736842105262,799.2631578947369,139.2105263157896,107.11764705882365,851.8823529411765,1232.1176470588234,133.11764705882354,122.22222222222229,1063.2222222222222,595.1111111111111,129.8888888888889,109.25,2005.0,764.25,145.25,100.30434782608688,1697.0,958.5652173913044,128.13043478260875,46.0,1733.0,1200.0,49.0
813,69.5,1837.5,515.5,159.5,97.0,728.8571428571429,966.1428571428571,126.0,95.38461538461547,1178.3846153846155,938.0769230769231,124.46153846153834,85.0,668.0,684.0,169.0,106.33333333333326,1693.6666666666667,1202.0,127.33333333333326,101.21052631578948,603.3157894736842,802.8421052631579,138.47368421052636,105.29411764705878,864.7058823529412,1236.2941176470588,130.29411764705878,121.0,1071.0,606.0,132.0,110.9375,2022.0,768.6875,147.6875,100.47826086956525,1720.0,962.1739130434783,128.3478260869565,46.0,1758.0,1201.0,49.0
814,71.0,1855.0,517.0,175.0,97.0,740.1428571428571,969.8571428571429,124.0,94.15384615384619,1185.1538461538462,940.2307692307693,125.38461538461524,85.6875,671.625,682.0625,169.0625,104.66666666666674,1721.3333333333333,1203.0,126.66666666666674,101.10526315789468,612.1578947368421,806.421052631579,137.73684210526312,103.47058823529414,877.5294117647059,1240.4705882352941,127.47058823529414,120.25,1083.1666666666667,610.8333333333334,134.16666666666652,112.625,2039.0,773.125,150.125,100.65217391304361,1743.0,965.7826086956521,128.56521739130426,46.0,1790.75,1202.0,49.0
815,72.66666666666674,1891.6666666666667,518.6666666666666,150.66666666666652,97.00000000000011,751.4285714285714,973.5714285714286,122.0,92.92307692307702,1191.923076923077,942.3846153846154,126.30769230769238,86.375,675.25,680.125,169.125,103.0,1749.0,1204.0,126.0,101.0,621.0,810.0,137.0,101.64705882352928,890.3529411764706,1244.6470588235295,124.64705882352939,119.5,1095.3333333333333,615.6666666666666,136.33333333333348,114.3125,2056.0,777.5625,152.5625,100.82608695652164,1766.0,969.3913043478261,128.78260869565224,46.0,1823.5,1203.0,49.0
816,74.33333333333326,1928.3333333333333,520.3333333333334,126.33333333333326,96.99999999999989,762.7142857142857,977.2857142857143,120.0,91.69230769230774,1198.6923076923076,944.5384615384615,127.23076923076928,87.0625,678.875,678.1875,169.1875,101.33333333333326,1776.6666666666667,1205.0,125.33333333333326,100.91666666666663,629.5833333333334,810.3333333333334,137.91666666666663,99.82352941176487,903.1764705882354,1248.8235294117646,121.82352941176464,118.75,1107.5,620.5,138.5,116.0,2073.0,782.0,155.0,101.0,1789.0,973.0,129.0,46.0,1856.25,1204.0,49.0
817,76.0,1965.0,522.0,102.0,97.0,774.0,981.0,118.0,90.46153846153845,1205.4615384615386,946.6923076923077,128.15384615384596,87.75,682.5,676.25,169.25,99.66666666666674,1804.3333333333333,1206.0,124.66666666666674,100.83333333333337,638.1666666666666,810.6666666666666,138.83333333333337,98.0,916.0,1253.0,119.0,118.0,1119.6666666666667,625.3333333333334,140.66666666666652,115.69230769230762,2094.153846153846,784.1538461538462,155.8461538461538,102.5,1813.625,976.0,131.0625,46.0,1889.0,1205.0,49.0
818,78.66666666666663,1982.0,523.0,114.5,97.0,781.25,983.0,120.25,89.23076923076928,1212.2307692307693,948.8461538461538,129.0769230769231,88.4375,686.125,674.3125,169.3125,98.0,1832.0,1207.0,124.0,100.75,646.75,811.0,139.75,98.58333333333348,928.875,1254.7083333333333,120.54166666666674,117.25,1131.8333333333333,630.1666666666666,142.83333333333348,115.38461538461547,2115.3076923076924,786.3076923076923,156.69230769230762,104.0,1838.25,979.0,133.125,46.0,1921.0,1208.6,49.0
819,81.33333333333337,1999.0,524.0,127.0,97.0,788.5,985.0,122.5,88.0,1219.0,951.0,130.0,89.125,689.75,672.375,169.375,97.0,1842.0,1206.0,137.0,100.66666666666663,655.3333333333334,811.3333333333334,140.66666666666663,99.16666666666652,941.75,1256.4166666666667,122.08333333333326,116.5,1144.0,635.0,145.0,115.0769230769231,2136.4615384615386,788.4615384615385,157.53846153846143,105.5,1862.875,982.0,135.1875,46.0,1953.0,1212.2,49.0
820,84.0,2016.0,525.0,139.5,97.0,795.75,987.0,124.75,88.27777777777771,1225.7777777777778,951.3333333333334,128.16666666666652,89.8125,693.375,670.4375,169.4375,95.19999999999982,1867.8,1205.4,133.60000000000014,100.58333333333337,663.9166666666666,811.6666666666666,141.58333333333337,99.75,954.625,1258.125,123.625,115.75,1156.1666666666667,639.8333333333334,147.16666666666652,114.76923076923072,2157.6153846153848,790.6153846153846,158.38461538461524,107.0,1887.5,985.0,137.25,46.0,1985.0,1215.8,49.0
821,86.66666666666663,2033.0,526.0,152.0,97.0,803.0,989.0,127.0,88.55555555555554,1232.5555555555557,951.6666666666666,126.33333333333326,90.5,697.0,668.5,169.5,93.40000000000009,1893.6,1204.8,130.20000000000005,100.5,672.5,812.0,142.5,100.33333333333348,967.5,1259.8333333333333,125.16666666666674,115.0,1168.3333333333333,644.6666666666666,149.33333333333348,114.46153846153857,2178.769230769231,792.7692307692307,159.23076923076906,108.5,1912.125,988.0,139.3125,46.0,2017.0,1219.4,49.0
822,89.33333333333337,2050.0,527.0,164.5,96.66666666666674,816.3333333333334,992.0,129.0,88.83333333333326,1239.3333333333333,952.0,124.5,91.1875,700.625,666.5625,169.5625,91.59999999999991,1919.4,1204.2,126.79999999999995,100.41666666666663,681.0833333333334,812.3333333333334,143.41666666666663,100.91666666666652,980.375,1261.5416666666667,126.70833333333326,114.25,1180.5,649.5,151.5,114.15384615384619,2199.923076923077,794.9230769230769,160.07692307692287,110.0,1936.75,991.0,141.375,46.0,2049.0,1223.0,49.0
823,92.0,2067.0,528.0,177.0,96.33333333333326,829.6666666666666,995.0,131.0,89.11111111111097,1246.111111111111,952.3333333333334,122.66666666666674,91.875,704.25,664.625,169.625,89.80000000000018,1945.2,1203.6,123.39999999999986,100.33333333333337,689.6666666666666,812.6666666666666,144.33333333333337,101.5,993.25,1263.25,128.25,113.5,1192.6666666666667,654.3333333333334,153.66666666666652,113.84615384615381,2221.076923076923,797.0769230769231,160.92307692307713,111.5,1961.375,994.0,143.4375,46.0,2069.6,1226.0,49.0
824,93.0,2098.6666666666665,533.6666666666666,159.33333333333348,96.0,843.0,998.0,133.0,89.38888888888903,1252.888888888889,952.6666666666666,120.83333333333326,92.5625,707.875,662.6875,169.6875,88.0,1971.0,1203.0,120.0,100.25,698.25,813.0,145.25,102.08333333333348,1006.125,1264.9583333333333,129.79166666666674,112.75,1204.8333333333333,659.1666666666666,155.83333333333348,113.53846153846143,2242.230769230769,799.2307692307693,161.76923076923094,113.0,1986.0,997.0,145.5,46.0,2090.2,1229.0,49.0
825,94.0,2130.3333333333335,539.3333333333334,141.66666666666652,95.80000000000007,852.8,1000.6,127.80000000000007,89.66666666666674,1259.6666666666667,953.0,119.0,93.25,711.5,660.75,169.75,90.79999999999995,1993.2,1200.2,125.39999999999986,100.16666666666663,706.8333333333334,813.3333333333334,146.16666666666663,102.66666666666652,1019.0,1266.6666666666667,131.33333333333326,112.0,1217.0,664.0,158.0,113.23076923076928,2263.3846153846152,801.3846153846154,162.61538461538476,114.5,2010.625,1000.0,147.5625,46.0,2110.8,1232.0,49.0
826,95.0,2162.0,545.0,124.0,95.59999999999991,862.6,1003.2,122.60000000000002,89.94444444444446,1266.4444444444443,953.3333333333334,117.16666666666674,93.9375,715.125,658.8125,169.8125,93.59999999999991,2015.4,1197.4,130.79999999999973,100.08333333333337,715.4166666666666,813.6666666666666,147.08333333333337,103.25,1031.875,1268.375,132.875,111.64285714285722,1232.4285714285713,669.1428571428571,158.3571428571429,112.9230769230769,2284.5384615384614,803.5384615384615,163.46153846153857,116.0,2035.25,1003.0,149.625,46.0,2131.4,1235.0,49.0
827,91.25,2184.0,553.0,126.25,95.40000000000009,872.4,1005.8,117.39999999999998,90.22222222222229,1273.2222222222222,953.6666666666666,115.33333333333348,94.625,718.75,656.875,169.875,96.40000000000009,2037.6,1194.6,136.20000000000027,100.0,724.0,814.0,148.0,103.83333333333348,1044.75,1270.0833333333333,134.41666666666674,111.28571428571422,1247.857142857143,674.2857142857143,158.71428571428578,112.61538461538453,2305.6923076923076,805.6923076923077,164.30769230769238,117.5,2059.875,1006.0,151.6875,46.0,2152.0,1238.0,49.0
828,87.5,2206.0,561.0,128.5,95.19999999999993,882.2,1008.4,112.19999999999993,90.5,1280.0,954.0,113.5,95.3125,722.375,654.9375,169.9375,99.20000000000005,2059.8,1191.8,141.5999999999999,99.90909090909088,731.4545454545455,814.0909090909091,148.90909090909088,104.41666666666652,1057.625,1271.7916666666667,135.95833333333326,110.92857142857144,1263.2857142857142,679.4285714285714,159.07142857142867,112.30769230769238,2326.846153846154,807.8461538461538,165.1538461538462,119.0,2084.5,1009.0,153.75,46.0,2167.25,1240.25,49.0
829,83.75,2228.0,569.0,130.75,95.0,892.0,1011.0,107.0,90.77777777777771,1286.7777777777778,954.3333333333334,111.66666666666652,96.0,726.0,653.0,170.0,102.0,2082.0,1189.0,147.0,99.81818181818187,738.9090909090909,814.1818181818181,149.81818181818187,105.0,1070.5,1273.5,137.5,110.57142857142856,1278.7142857142858,684.5714285714286,159.42857142857133,112.0,2348.0,810.0,166.0,120.5,2109.125,1012.0,155.8125,46.0,2182.5,1242.5,49.0
830,80.0,2250.0,577.0,133.0,95.00000000000011,900.5,1013.6666666666666,113.83333333333337,91.05555555555554,1293.5555555555557,954.6666666666666,109.83333333333326,95.08333333333326,729.5833333333334,651.8333333333334,169.33333333333326,103.0,2108.2,1188.2,135.0,99.72727272727275,746.3636363636364,814.2727272727273,150.72727272727275,105.58333333333348,1083.375,1275.2083333333333,139.04166666666674,110.21428571428578,1294.142857142857,689.7142857142857,159.78571428571422,111.69230769230774,2372.6153846153848,811.3076923076923,162.1538461538462,122.0,2133.75,1015.0,157.875,46.0,2197.75,1244.75,49.0
831,82.33333333333326,2270.3333333333335,580.3333333333334,135.0,94.99999999999989,909.0,1016.3333333333334,120.66666666666674,91.33333333333326,1300.3333333333333,955.0,108.0,94.16666666666674,733.1666666666666,650.6666666666666,168.66666666666674,104.0,2134.4,1187.4,123.0,99.63636363636363,753.8181818181819,814.3636363636364,151.63636363636363,106.16666666666652,1096.25,1276.9166666666667,140.58333333333326,109.85714285714278,1309.5714285714287,694.8571428571429,160.1428571428571,111.38461538461536,2397.230769230769,812.6153846153846,158.30769230769238,123.5,2158.375,1018.0,159.9375,46.0,2213.0,1247.0,49.0
832,84.66666666666674,2290.6666666666665,583.6666666666666,137.0,95.0,917.5,1019.0,127.5,91.61111111111097,1307.111111111111,955.3333333333334,106.16666666666674,93.25,736.75,649.5,168.0,105.0,2160.6,1186.6,111.0,99.5454545454545,761.2727272727273,814.4545454545455,152.54545454545462,106.75,1109.125,1278.625,142.125,109.5,1325.0,700.0,160.5,111.0769230769231,2421.846153846154,813.9230769230769,154.46153846153857,125.0,2183.0,1021.0,162.0,46.0,2227.25,1245.75,49.0
833,87.0,2311.0,587.0,139.0,95.00000000000011,926.0,1021.6666666666666,134.33333333333326,91.88888888888903,1313.888888888889,955.6666666666666,104.33333333333326,92.33333333333326,740.3333333333334,648.3333333333334,167.33333333333326,106.0,2186.8,1185.8,99.0,99.4545454545455,768.7272727272727,814.5454545454545,153.45454545454538,107.33333333333348,1122.0,1280.3333333333333,143.66666666666674,109.14285714285722,1340.4285714285713,705.1428571428571,160.8571428571429,110.76923076923072,2446.4615384615386,815.2307692307693,150.6153846153843,121.55555555555566,2203.0,1027.4444444444443,164.0,46.0,2241.5,1244.5,49.0
834,85.33333333333337,2340.0,590.0,122.0,95.0,934.5,1024.3333333333333,141.16666666666674,92.16666666666674,1320.6666666666667,956.0,102.5,91.41666666666674,743.9166666666666,647.1666666666666,166.66666666666674,107.0,2213.0,1185.0,87.0,99.36363636363637,776.1818181818181,814.6363636363636,154.36363636363637,107.91666666666652,1134.875,1282.0416666666667,145.20833333333326,108.78571428571422,1355.857142857143,710.2857142857143,161.21428571428578,110.46153846153845,2471.076923076923,816.5384615384615,146.76923076923094,118.11111111111109,2223.0,1033.888888888889,166.0,46.0,2255.75,1243.25,49.0
835,83.66666666666663,2369.0,593.0,105.0,95.0,943.0,1027.0,148.0,92.44444444444446,1327.4444444444443,956.3333333333334,100.66666666666674,90.5,747.5,646.0,166.0,108.85714285714266,2229.1428571428573,1182.5714285714287,88.28571428571422,99.27272727272725,783.6363636363636,814.7272727272727,155.27272727272725,108.5,1147.75,1283.75,146.75,108.42857142857144,1371.2857142857142,715.4285714285714,161.57142857142867,110.15384615384619,2495.6923076923076,817.8461538461538,142.92307692307713,114.66666666666674,2243.0,1040.3333333333333,168.0,46.0,2270.0,1242.0,49.0
836,82.0,2398.0,596.0,88.0,95.0,957.5,1030.5,137.0,92.72222222222229,1334.2222222222222,956.6666666666666,98.83333333333348,89.58333333333326,751.0833333333334,644.8333333333334,165.33333333333326,110.71428571428578,2245.285714285714,1180.142857142857,89.57142857142844,99.18181818181813,791.0909090909091,814.8181818181819,156.18181818181813,109.08333333333348,1160.625,1285.4583333333333,148.29166666666652,108.07142857142856,1386.7142857142858,720.5714285714286,161.92857142857133,109.84615384615381,2520.3076923076924,819.1538461538462,139.07692307692287,111.22222222222217,2263.0,1046.7777777777778,170.0,46.0,2289.25,1233.0,49.0
837,85.0,2412.0,596.0,94.66666666666652,95.0,972.0,1034.0,126.0,93.0,1341.0,957.0,97.0,88.66666666666674,754.6666666666666,643.6666666666666,164.66666666666674,112.57142857142844,2261.4285714285716,1177.7142857142858,90.85714285714266,99.09090909090912,798.5454545454545,814.9090909090909,157.09090909090912,109.66666666666652,1173.5,1287.1666666666667,149.83333333333348,107.71428571428578,1402.142857142857,725.7142857142857,162.28571428571422,109.53846153846155,2544.923076923077,820.4615384615385,135.23076923076906,107.77777777777783,2283.0,1053.2222222222222,172.0,46.0,2308.5,1224.0,49.0
838,88.0,2426.0,596.0,101.33333333333348,95.0,986.5,1037.5,115.0,92.9333333333334,1345.7333333333333,957.5333333333333,97.13333333333321,87.75,758.25,642.5,164.0,114.42857142857156,2277.5714285714284,1175.2857142857142,92.14285714285734,99.0,806.0,815.0,158.0,110.25,1186.375,1288.875,151.375,107.35714285714278,1417.5714285714287,730.8571428571429,162.6428571428571,109.23076923076928,2569.5384615384614,821.7692307692307,131.3846153846157,104.33333333333326,2303.0,1059.6666666666667,174.0,46.0,2327.75,1215.0,49.0
839,91.0,2440.0,596.0,108.0,95.0,1001.0,1041.0,104.0,92.86666666666667,1350.4666666666667,958.0666666666667,97.26666666666665,86.83333333333326,761.8333333333334,641.3333333333334,163.33333333333326,116.28571428571422,2293.714285714286,1172.857142857143,93.42857142857156,98.58333333333326,812.7916666666666,813.2083333333334,156.58333333333337,110.83333333333348,1199.25,1290.5833333333333,152.91666666666652,107.0,1433.0,736.0,163.0,108.9230769230769,2594.153846153846,823.0769230769231,127.53846153846143,100.88888888888891,2323.0,1066.111111111111,176.0,46.0,2347.0,1206.0,49.0
840,91.5,2460.1666666666665,603.3333333333334,103.5,94.79999999999995,1014.2,1043.2,109.39999999999986,92.80000000000007,1355.2,958.6,97.39999999999986,85.91666666666674,765.4166666666666,640.1666666666666,162.66666666666674,118.14285714285734,2309.8571428571427,1170.4285714285713,94.71428571428578,98.16666666666674,819.5833333333334,811.4166666666666,155.16666666666663,111.41666666666652,1212.125,1292.2916666666667,154.45833333333348,106.69999999999993,1448.9,740.1,163.39999999999986,108.61538461538464,2618.769230769231,824.3846153846154,123.69230769230762,97.44444444444434,2343.0,1072.5555555555557,178.0,46.0,2359.3333333333335,1188.0,49.0
841,92.0,2480.3333333333335,610.6666666666666,99.0,94.59999999999991,1027.4,1045.4,114.79999999999995,92.73333333333323,1359.9333333333334,959.1333333333333,97.5333333333333,85.0,769.0,639.0,162.0,120.0,2326.0,1168.0,96.0,97.75,826.375,809.625,153.75,112.0,1225.0,1294.0,156.0,106.39999999999998,1464.8,744.2,163.79999999999995,108.30769230769226,2643.3846153846152,825.6923076923077,119.84615384615381,94.0,2363.0,1079.0,180.0,46.0,2371.6666666666665,1170.0,49.0
842,92.5,2500.5,618.0,94.5,94.40000000000009,1040.6,1047.6,120.20000000000005,92.66666666666663,1364.6666666666667,959.6666666666666,97.66666666666652,84.5,773.8333333333334,637.9166666666666,160.58333333333326,122.16666666666652,2340.6666666666665,1157.1666666666667,93.66666666666697,97.33333333333326,833.1666666666666,807.8333333333334,152.33333333333337,112.0,1238.3181818181818,1293.909090909091,155.81818181818198,106.10000000000002,1480.7,748.3,164.20000000000005,108.0,2668.0,827.0,116.0,94.89999999999986,2382.1,1077.7,174.0999999999999,46.0,2384.0,1152.0,49.0
843,93.0,2520.6666666666665,625.3333333333334,90.0,94.20000000000005,1053.8,1049.8,125.60000000000014,92.59999999999991,1369.4,960.2,97.79999999999995,84.0,778.6666666666666,636.8333333333334,159.16666666666674,124.33333333333348,2355.3333333333335,1146.3333333333333,91.33333333333303,96.91666666666674,839.9583333333334,806.0416666666666,150.91666666666663,112.0,1251.6363636363637,1293.8181818181818,155.6363636363635,105.80000000000007,1496.6,752.4,164.60000000000014,106.71428571428567,2685.4285714285716,829.0,117.0,95.79999999999995,2401.2,1076.4,168.20000000000027,46.0,2393.3333333333335,1137.3333333333333,49.0
844,93.5,2540.8333333333335,632.6666666666666,85.5,94.0,1067.0,1052.0,131.0,92.5333333333333,1374.1333333333334,960.7333333333333,97.93333333333317,83.5,783.5,635.75,157.75,126.5,2370.0,1135.5,89.0,96.5,846.75,804.25,149.5,112.0,1264.9545454545455,1293.7272727272727,155.4545454545455,105.5,1512.5,756.5,165.0,105.42857142857144,2702.8571428571427,831.0,118.0,96.70000000000005,2420.3,1075.1,162.29999999999973,46.0,2402.6666666666665,1122.6666666666667,49.0
845,94.0,2561.0,640.0,81.0,94.0,1071.3333333333333,1053.3333333333333,134.66666666666674,92.4666666666667,1378.8666666666666,961.2666666666667,98.06666666666683,83.0,788.3333333333334,634.6666666666666,156.33333333333326,128.66666666666652,2384.6666666666665,1124.6666666666667,86.66666666666697,96.08333333333326,853.5416666666666,802.4583333333334,148.08333333333337,112.0,1278.2727272727273,1293.6363636363637,155.27272727272725,105.19999999999993,1528.4,760.6,165.39999999999986,104.14285714285711,2720.285714285714,833.0,119.0,97.60000000000014,2439.4,1073.8,156.4000000000001,46.0,2412.0,1108.0,49.0
846,96.19999999999993,2573.4,643.2,82.19999999999982,94.0,1075.6666666666667,1054.6666666666667,138.33333333333326,92.40000000000009,1383.6,961.8,98.20000000000005,82.5,793.1666666666666,633.5833333333334,154.91666666666674,130.83333333333348,2399.3333333333335,1113.8333333333333,84.33333333333303,95.66666666666674,860.3333333333334,800.6666666666666,146.66666666666663,112.0,1291.590909090909,1293.5454545454545,155.09090909090924,104.89999999999998,1544.3,764.7,165.79999999999995,102.85714285714289,2737.714285714286,835.0,120.0,98.5,2458.5,1072.5,150.5,46.0,2421.5,1104.0,49.0
847,98.39999999999998,2585.8,646.4,83.39999999999964,94.0,1080.0,1056.0,142.0,92.33333333333337,1388.3333333333333,962.3333333333334,98.33333333333348,82.0,798.0,632.5,153.5,133.0,2414.0,1103.0,82.0,95.25,867.125,798.875,145.25,112.0,1304.909090909091,1293.4545454545455,154.90909090909076,104.60000000000002,1560.2,768.8,166.20000000000005,101.57142857142856,2755.1428571428573,837.0,121.0,99.39999999999986,2477.6,1071.2,144.5999999999999,46.0,2431.0,1100.0,49.0
848,100.60000000000002,2598.2,649.6,84.60000000000036,93.79999999999995,1093.8,1057.8,132.0,92.26666666666677,1393.0666666666666,962.8666666666667,98.4666666666667,81.5,802.8333333333334,631.4166666666666,152.08333333333326,129.80000000000018,2417.4,1095.6,93.40000000000009,94.83333333333326,873.9166666666666,797.0833333333334,143.83333333333337,112.0,1318.2272727272727,1293.3636363636363,154.72727272727275,104.30000000000007,1576.1,772.9,166.60000000000014,100.28571428571433,2772.5714285714284,839.0,122.0,100.29999999999995,2496.7,1069.9,138.70000000000027,46.0,2441.75,1097.75,49.0
849,102.80000000000007,2610.6,652.8,85.80000000000018,93.60000000000014,1107.6,1059.6,122.0,92.19999999999993,1397.8,963.4,98.60000000000014,81.0,807.6666666666666,630.3333333333334,150.66666666666674,126.59999999999991,2420.8,1088.2,104.79999999999973,94.41666666666674,880.7083333333334,795.2916666666666,142.41666666666663,112.0,1331.5454545454545,1293.2727272727273,154.5454545454545,104.0,1592.0,777.0,167.0,99.0,2790.0,841.0,123.0,101.20000000000005,2515.8,1068.6,132.79999999999973,46.0,2452.5,1095.5,49.0
850,105.0,2623.0,656.0,87.0,93.39999999999986,1121.4,1061.4,112.0,92.13333333333333,1402.5333333333333,963.9333333333333,98.73333333333335,80.5,812.5,629.25,149.25,123.40000000000009,2424.2,1080.8,116.20000000000027,94.0,887.5,793.5,141.0,112.0,1344.8636363636365,1293.1818181818182,154.36363636363626,104.33333333333337,1608.5333333333333,781.7333333333333,162.5333333333333,97.77777777777783,2800.777777777778,842.1111111111111,123.77777777777783,102.10000000000014,2534.9,1067.3,126.90000000000009,46.0,2463.25,1093.25,49.0
851,103.80000000000007,2629.2,656.8,98.40000000000009,93.20000000000005,1135.2,1063.2,102.0,92.0666666666666,1407.2666666666667,964.4666666666667,98.86666666666679,80.0,817.3333333333334,628.1666666666666,147.83333333333326,120.19999999999982,2427.6,1073.4,127.59999999999991,93.58333333333326,894.2916666666666,791.7083333333334,139.58333333333337,112.0,1358.1818181818182,1293.090909090909,154.18181818181802,104.66666666666663,1625.0666666666666,786.4666666666667,158.06666666666683,96.55555555555566,2811.5555555555557,843.2222222222222,124.55555555555566,103.0,2554.0,1066.0,121.0,46.0,2474.0,1091.0,49.0
852,102.60000000000002,2635.4,657.6,109.79999999999973,93.0,1149.0,1065.0,92.0,92.0,1412.0,965.0,99.0,79.5,822.1666666666666,627.0833333333334,146.41666666666674,117.0,2431.0,1066.0,139.0,93.16666666666674,901.0833333333334,789.9166666666666,138.16666666666663,112.0,1371.5,1293.0,154.0,105.0,1641.6,791.2,153.60000000000014,95.33333333333326,2822.3333333333335,844.3333333333334,125.33333333333303,104.04999999999995,2564.4,1058.75,119.84999999999991,46.0,2489.2,1079.2,49.0
853,101.39999999999998,2641.6,658.4,121.20000000000027,92.79999999999995,1158.0,1066.2,101.20000000000005,91.875,1416.9375,964.9375,99.25,79.0,827.0,626.0,145.0,108.25,2449.0,1058.25,133.5,92.75,907.875,788.125,136.75,112.0,1384.8181818181818,1292.909090909091,153.81818181818176,105.33333333333337,1658.1333333333332,795.9333333333333,149.13333333333344,94.11111111111109,2833.1111111111113,845.4444444444445,126.11111111111086,105.09999999999991,2574.8,1051.5,118.69999999999982,46.0,2504.4,1067.4,49.0
854,100.19999999999993,2647.8,659.2,132.5999999999999,92.59999999999991,1167.0,1067.4,110.40000000000009,91.75,1421.875,964.875,99.5,80.42857142857144,830.3571428571429,624.3571428571429,145.78571428571422,99.5,2467.0,1050.5,128.0,92.33333333333326,914.6666666666666,786.3333333333334,135.33333333333337,112.0,1398.1363636363637,1292.8181818181818,153.6363636363635,105.66666666666674,1674.6666666666667,800.6666666666666,144.66666666666652,92.88888888888891,2843.8888888888887,846.5555555555555,126.88888888888914,106.15000000000009,2585.2,1044.25,117.55000000000018,46.0,2519.6,1055.6,49.0
855,99.0,2654.0,660.0,144.0,92.40000000000009,1176.0,1068.6,119.59999999999991,91.625,1426.8125,964.8125,99.75,81.85714285714289,833.7142857142857,622.7142857142857,146.57142857142867,90.75,2485.0,1042.75,122.5,91.91666666666674,921.4583333333334,784.5416666666666,133.91666666666663,112.0,1411.4545454545455,1292.7272727272727,153.4545454545455,106.0,1691.2,805.4,140.20000000000005,91.66666666666674,2854.6666666666665,847.6666666666666,127.66666666666697,107.20000000000005,2595.6,1037.0,116.40000000000009,46.0,2534.8,1043.8,49.0
856,101.40000000000009,2667.8,655.8,137.79999999999973,92.20000000000005,1185.0,1069.8,128.79999999999995,91.5,1431.75,964.75,100.0,83.28571428571433,837.0714285714286,621.0714285714286,147.3571428571429,82.0,2503.0,1035.0,117.0,91.5,928.25,782.75,132.5,112.0,1424.7727272727273,1292.6363636363637,153.27272727272725,106.33333333333337,1707.7333333333333,810.1333333333333,135.73333333333335,90.44444444444434,2865.4444444444443,848.7777777777778,128.44444444444434,108.25,2606.0,1029.75,115.25,46.0,2550.0,1032.0,49.0
857,103.79999999999995,2681.6,651.6,131.5999999999999,92.0,1194.0,1071.0,138.0,91.375,1436.6875,964.6875,100.25,84.71428571428567,840.4285714285714,619.4285714285714,148.1428571428571,90.50000000000011,2514.6666666666665,1021.1666666666666,117.33333333333348,91.08333333333326,935.0416666666666,780.9583333333334,131.08333333333337,112.0,1438.090909090909,1292.5454545454545,153.09090909090924,106.66666666666663,1724.2666666666667,814.8666666666667,131.26666666666665,89.22222222222217,2876.222222222222,849.8888888888889,129.22222222222217,109.29999999999995,2616.4,1022.5,114.09999999999991,46.0,2564.0,1020.0,49.0
858,106.20000000000005,2695.4,647.4,125.40000000000009,91.79999999999995,1209.6,1073.0,126.40000000000009,91.25,1441.625,964.625,100.5,86.14285714285711,843.7857142857143,617.7857142857143,148.92857142857133,98.99999999999989,2526.3333333333335,1007.3333333333334,117.66666666666652,90.66666666666674,941.8333333333334,779.1666666666666,129.66666666666663,112.0,1451.409090909091,1292.4545454545455,152.90909090909076,107.0,1740.8,819.6,126.79999999999995,88.0,2887.0,851.0,130.0,110.34999999999991,2626.8,1015.25,112.94999999999982,46.0,2578.0,1008.0,49.0
859,108.59999999999991,2709.2,643.2,119.20000000000027,91.59999999999991,1225.2,1075.0,114.79999999999995,91.125,1446.5625,964.5625,100.75,87.57142857142856,847.1428571428571,616.1428571428571,149.71428571428578,107.5,2538.0,993.5,118.0,90.25,948.625,777.375,128.25,112.0,1464.7272727272727,1292.3636363636363,152.72727272727275,107.33333333333326,1757.3333333333333,824.3333333333334,122.33333333333348,89.5,2888.5,849.7857142857143,130.5,111.40000000000009,2637.2,1008.0,111.80000000000018,46.0,2592.0,996.0,49.0
860,111.0,2723.0,639.0,113.0,91.40000000000009,1240.8,1077.0,103.20000000000005,91.0,1451.5,964.5,101.0,89.0,850.5,614.5,150.5,116.00000000000011,2549.6666666666665,979.6666666666666,118.33333333333348,89.83333333333326,955.4166666666666,775.5833333333334,126.83333333333337,112.0,1478.0454545454545,1292.2727272727273,152.5454545454545,107.66666666666674,1773.8666666666666,829.0666666666666,117.86666666666679,91.0,2890.0,848.5714285714286,131.0,112.45000000000005,2647.6,1000.75,110.65000000000009,46.0,2606.0,984.0,49.0
861,113.5,2739.75,632.5,106.75,91.20000000000005,1256.4,1079.0,91.59999999999991,90.875,1456.4375,964.4375,101.25,90.42857142857144,853.8571428571429,612.8571428571429,151.28571428571422,124.49999999999989,2561.3333333333335,965.8333333333334,118.66666666666652,89.41666666666674,962.2083333333334,773.7916666666666,125.41666666666663,112.0,1491.3636363636365,1292.1818181818182,152.36363636363626,108.0,1790.4,833.8,113.39999999999986,92.5,2891.5,847.3571428571429,131.5,113.5,2658.0,993.5,109.5,46.0,2620.0,972.0,49.0
862,116.0,2756.5,626.0,100.5,91.0,1272.0,1081.0,80.0,90.75,1461.375,964.375,101.5,91.85714285714289,857.2142857142857,611.2142857142857,152.07142857142867,133.0,2573.0,952.0,119.0,89.0,969.0,772.0,124.0,112.0,1504.6818181818182,1292.090909090909,152.18181818181824,108.33333333333337,1806.9333333333334,838.5333333333333,108.9333333333334,94.0,2893.0,846.1428571428571,132.0,114.54999999999995,2668.4,986.25,108.34999999999991,46.0,2632.0,960.0,49.0
863,118.5,2773.25,619.5,94.25,90.66666666666652,1279.0,1081.6666666666667,91.0,90.625,1466.3125,964.3125,101.75,93.28571428571433,860.5714285714286,609.5714285714286,152.8571428571429,124.00000000000011,2593.3333333333335,944.6666666666666,111.66666666666652,89.0,975.6666666666666,769.2666666666667,123.66666666666663,112.0,1518.0,1292.0,152.0,108.66666666666674,1823.4666666666667,843.2666666666667,104.4666666666667,95.5,2894.5,844.9285714285714,132.5,115.59999999999991,2678.8,979.0,107.19999999999982,46.0,2644.0,948.0,49.0
864,121.0,2790.0,613.0,88.0,90.33333333333348,1286.0,1082.3333333333333,102.0,90.5,1471.25,964.25,102.0,94.71428571428567,863.9285714285714,607.9285714285714,153.6428571428571,114.99999999999989,2613.6666666666665,937.3333333333334,104.33333333333348,89.0,982.3333333333334,766.5333333333333,123.33333333333337,112.0,1530.6153846153845,1291.8846153846155,151.88461538461547,109.0,1840.0,848.0,100.0,97.0,2896.0,843.7142857142857,133.0,116.65000000000009,2689.2,971.75,106.05000000000018,46.0,2656.0,936.0,49.0
865,116.19999999999993,2797.4,609.2,88.40000000000009,90.0,1293.0,1083.0,113.0,90.375,1476.1875,964.1875,102.25,96.14285714285711,867.2857142857143,606.2857142857143,154.42857142857133,106.0,2634.0,930.0,97.0,89.0,989.0,763.8,123.0,112.0,1543.2307692307693,1291.7692307692307,151.76923076923072,108.70000000000005,1852.1,852.5,101.65000000000009,98.5,2897.5,842.5,133.5,117.70000000000005,2699.6,964.5,104.90000000000009,46.0,2668.0,924.0,49.0
866,111.39999999999998,2804.8,605.4,88.79999999999973,89.66666666666652,1300.0,1083.6666666666667,124.0,90.25,1481.125,964.125,102.5,97.57142857142856,870.6428571428571,604.6428571428571,155.21428571428578,101.33333333333326,2635.3333333333335,925.0,112.0,89.0,995.6666666666666,761.0666666666667,122.66666666666663,112.0,1555.8461538461538,1291.6538461538462,151.6538461538462,108.39999999999998,1864.2,857.0,103.29999999999995,100.0,2899.0,841.2857142857143,134.0,118.75,2710.0,957.25,103.75,46.0,2672.25,914.0,49.0
867,106.60000000000002,2812.2,601.6,89.20000000000027,89.33333333333348,1307.0,1084.3333333333333,135.0,90.125,1486.0625,964.0625,102.75,99.0,874.0,603.0,156.0,96.66666666666663,2636.6666666666665,920.0,127.0,89.0,1002.3333333333334,758.3333333333334,122.33333333333337,112.0,1568.4615384615386,1291.5384615384614,151.53846153846143,108.10000000000002,1876.3,861.5,104.95000000000005,101.5,2900.5,840.0714285714286,134.5,119.79999999999995,2720.4,950.0,102.59999999999991,46.0,2676.5,904.0,49.0
868,101.80000000000007,2819.6,597.8,89.59999999999991,89.0,1314.0,1085.0,146.0,90.0,1491.0,964.0,103.0,98.125,877.9375,601.625,156.1875,92.0,2638.0,915.0,142.0,89.0,1009.0,755.6,122.0,112.0,1581.076923076923,1291.423076923077,151.4230769230769,107.79999999999995,1888.4,866.0,106.59999999999991,103.0,2902.0,838.8571428571429,135.0,120.84999999999991,2730.8,942.75,101.44999999999982,46.0,2680.75,894.0,49.0
869,97.0,2827.0,594.0,90.0,88.875,1327.25,1085.25,140.0,89.93333333333328,1496.4666666666667,963.8666666666667,103.13333333333321,97.25,881.875,600.25,156.375,92.0,2643.0,907.0,149.66666666666652,89.0,1015.6666666666666,752.8666666666667,121.66666666666663,112.0,1593.6923076923076,1291.3076923076924,151.30769230769238,107.5,1900.5,870.5,108.25,104.5,2903.5,837.6428571428571,135.5,121.90000000000009,2741.2,935.5,100.30000000000018,46.0,2685.0,884.0,49.0
870,96.125,2834.75,586.375,90.5,88.75,1340.5,1085.5,134.0,89.86666666666656,1501.9333333333334,963.7333333333333,103.26666666666665,96.375,885.8125,598.875,156.5625,92.0,2648.0,899.0,157.33333333333348,89.0,1022.3333333333334,750.1333333333333,121.33333333333337,112.0,1606.3076923076924,1291.1923076923076,151.19230769230762,107.20000000000005,1912.6,875.0,109.90000000000009,106.0,2905.0,836.4285714285714,136.0,122.95000000000005,2751.6,928.25,99.15000000000009,46.0,2697.1666666666665,881.0,49.0
871,95.25,2842.5,578.75,91.0,88.625,1353.75,1085.75,128.0,89.80000000000007,1507.4,963.6,103.39999999999986,95.5,889.75,597.5,156.75,92.0,2653.0,891.0,165.0,89.0,1029.0,747.4,121.0,112.0,1618.923076923077,1291.076923076923,151.0769230769231,106.89999999999998,1924.7,879.5,111.54999999999995,107.5,2906.5,835.2142857142857,136.5,124.0,2762.0,921.0,98.0,46.0,2709.3333333333335,878.0,49.0
872,94.375,2850.25,571.125,91.5,88.5,1367.0,1086.0,122.0,89.73333333333335,1512.8666666666666,963.4666666666667,103.53333333333353,94.625,893.6875,596.125,156.9375,92.0,2674.5,883.0,156.5,89.0,1035.6666666666667,744.6666666666666,120.66666666666652,112.0,1631.5384615384614,1290.9615384615386,150.96153846153857,106.60000000000002,1936.8,884.0,113.20000000000005,109.0,2908.0,834.0,137.0,127.30000000000007,2768.5,913.6,101.09999999999991,46.0,2721.5,875.0,49.0
873,93.5,2858.0,563.5,92.0,88.375,1380.25,1086.25,116.0,89.66666666666663,1518.3333333333333,963.3333333333334,103.66666666666674,93.75,897.625,594.75,157.125,92.0,2696.0,875.0,148.0,89.0,1042.3333333333333,741.9333333333334,120.33333333333348,112.0,1644.1538461538462,1290.8461538461538,150.8461538461538,106.29999999999995,1948.9,888.5,114.84999999999991,110.38461538461547,2911.3076923076924,830.3076923076923,135.46153846153857,130.5999999999999,2775.0,906.2,104.19999999999982,46.0,2733.6666666666665,872.0,49.0
874,92.625,2865.75,555.875,92.5,88.25,1393.5,1086.5,110.0,89.59999999999991,1523.8,963.2,103.79999999999995,92.875,901.5625,593.375,157.3125,92.0,2720.6666666666665,869.0,131.0,89.0,1049.0,739.2,120.0,112.0,1656.7692307692307,1290.7307692307693,150.73076923076928,106.0,1961.0,893.0,116.5,111.76923076923072,2914.6153846153848,826.6153846153846,133.92307692307668,133.9000000000001,2781.5,898.8,107.30000000000018,46.0,2745.8333333333335,869.0,49.0
875,91.75,2873.5,548.25,93.0,88.125,1406.75,1086.75,104.0,89.53333333333319,1529.2666666666667,963.0666666666667,103.9333333333334,92.0,905.5,592.0,157.5,92.0,2745.3333333333335,863.0,114.0,89.0,1055.6666666666667,736.4666666666667,119.66666666666652,112.0,1669.3846153846155,1290.6153846153845,150.61538461538453,105.70000000000005,1973.1,897.5,118.15000000000009,113.15384615384619,2917.923076923077,822.9230769230769,132.38461538461524,137.19999999999993,2788.0,891.4,110.40000000000009,46.0,2758.0,866.0,49.0
876,90.875,2881.25,540.625,93.5,88.0,1420.0,1087.0,98.0,89.46666666666681,1534.7333333333333,962.9333333333333,104.0666666666666,91.125,909.4375,590.625,157.6875,92.0,2770.0,857.0,97.0,89.0,1062.3333333333333,733.7333333333333,119.33333333333348,112.0,1682.0,1290.5,150.5,105.39999999999998,1985.2,902.0,119.79999999999995,114.53846153846143,2921.230769230769,819.2307692307693,130.8461538461538,140.5,2794.5,884.0,113.5,46.0,2770.0,863.0,49.0
877,90.0,2889.0,533.0,94.0,87.85714285714289,1432.4285714285713,1088.4285714285713,97.42857142857156,89.40000000000009,1540.2,962.8,104.20000000000005,90.25,913.375,589.25,157.875,91.5,2779.0,850.5,97.0,89.0,1069.0,731.0,119.0,112.0,1694.6153846153845,1290.3846153846155,150.38461538461547,105.10000000000002,1997.3,906.5,121.45000000000005,115.9230769230769,2924.5384615384614,815.5384615384615,129.30769230769238,143.79999999999995,2801.0,876.6,116.59999999999991,46.0,2782.0,860.0,49.0
878,89.85714285714289,2896.0,525.5714285714286,94.0,87.71428571428578,1444.857142857143,1089.857142857143,96.85714285714289,89.33333333333337,1545.6666666666667,962.6666666666666,104.33333333333326,89.375,917.3125,587.875,158.0625,91.0,2788.0,844.0,97.0,89.04166666666674,1074.9583333333333,727.0416666666666,118.66666666666674,112.0,1707.2307692307693,1290.2692307692307,150.26923076923072,104.79999999999995,2009.4,911.0,123.09999999999991,117.30769230769238,2927.846153846154,811.8461538461538,127.76923076923094,147.0999999999999,2807.5,869.2,119.69999999999982,46.0,2794.0,857.0,49.0
879,89.71428571428578,2903.0,518.1428571428571,94.0,87.57142857142867,1457.2857142857142,1091.2857142857142,96.28571428571445,89.26666666666665,1551.1333333333332,962.5333333333333,104.4666666666667,88.5,921.25,586.5,158.25,90.5,2797.0,837.5,97.0,89.08333333333326,1080.9166666666667,723.0833333333334,118.33333333333326,112.0,1719.8461538461538,1290.1538461538462,150.1538461538462,104.5,2021.5,915.5,124.75,118.69230769230762,2931.153846153846,808.1538461538462,126.23076923076906,150.4000000000001,2814.0,861.8,122.80000000000018,46.0,2801.25,852.5,49.0
880,89.57142857142861,2910.0,510.7142857142857,94.0,87.42857142857133,1469.7142857142858,1092.7142857142858,95.71428571428555,89.19999999999993,1556.6,962.4,104.60000000000014,87.625,925.1875,585.125,158.4375,90.0,2806.0,831.0,97.0,89.125,1086.875,719.125,118.0,112.0,1732.4615384615386,1290.0384615384614,150.03846153846143,104.20000000000005,2033.6,920.0,126.40000000000009,120.0769230769231,2934.4615384615386,804.4615384615385,124.69230769230762,153.70000000000005,2820.5,854.4,125.90000000000009,46.0,2808.5,848.0,49.0
881,89.42857142857139,2917.0,503.2857142857143,94.0,87.28571428571422,1482.142857142857,1094.142857142857,95.14285714285711,89.13333333333344,1562.0666666666666,962.2666666666667,104.73333333333335,86.75,929.125,583.75,158.625,89.79999999999995,2809.0,826.0,102.40000000000009,89.16666666666674,1092.8333333333333,715.1666666666666,117.66666666666674,112.0,1745.076923076923,1289.923076923077,149.9230769230769,103.90000000000009,2045.7,924.5,128.04999999999995,121.46153846153857,2937.769230769231,800.7692307692307,123.15384615384619,157.0,2827.0,847.0,129.0,46.0,2815.75,843.5,49.0
882,89.28571428571428,2924.0,495.85714285714283,94.0,87.14285714285711,1494.5714285714287,1095.5714285714287,94.57142857142844,89.06666666666672,1567.5333333333333,962.1333333333333,104.86666666666679,85.875,933.0625,582.375,158.8125,89.60000000000002,2812.0,821.0,107.80000000000018,89.20833333333326,1098.7916666666667,711.2083333333334,117.33333333333326,112.0,1757.6923076923076,1289.8076923076924,149.80769230769238,103.59999999999991,2057.8,929.0,129.69999999999982,122.84615384615381,2941.076923076923,797.0769230769231,121.61538461538476,154.0,2831.85,846.45,129.5,46.0,2823.0,839.0,49.0
883,89.14285714285711,2931.0,488.42857142857144,94.0,87.0,1507.0,1097.0,94.0,89.0,1573.0,962.0,105.0,85.0,937.0,581.0,159.0,89.39999999999998,2815.0,816.0,113.19999999999982,89.25,1104.75,707.25,117.0,112.0,1770.3076923076924,1289.6923076923076,149.69230769230762,103.29999999999995,2069.9,933.5,131.3499999999999,124.23076923076928,2944.3846153846152,793.3846153846154,120.07692307692332,151.0,2836.7,845.9,130.0,46.0,2834.75,830.75,49.0
884,89.0,2938.0,481.0,94.0,86.75,1516.25,1097.0,97.875,88.94444444444457,1578.9444444444443,961.2222222222222,105.16666666666674,84.86666666666667,941.5333333333333,580.8,157.0,89.20000000000005,2818.0,811.0,118.59999999999991,89.29166666666674,1110.7083333333333,703.2916666666666,116.66666666666674,112.0,1782.923076923077,1289.576923076923,149.5769230769231,103.0,2082.0,938.0,133.0,125.61538461538453,2947.6923076923076,789.6923076923077,118.53846153846143,148.0,2841.55,845.35,130.5,46.0,2846.5,822.5,49.0
885,91.1764705882353,2940.764705882353,473.05882352941177,94.29411764705856,86.5,1525.5,1097.0,101.75,88.8888888888888,1584.888888888889,960.4444444444445,105.33333333333326,84.73333333333335,946.0666666666667,580.6,154.9999999999999,89.0,2821.0,806.0,124.0,89.33333333333326,1116.6666666666667,699.3333333333334,116.33333333333326,112.0,1795.5384615384614,1289.4615384615386,149.46153846153857,102.7058823529411,2093.3529411764707,941.5882352941177,134.64705882352928,127.0,2951.0,786.0,117.0,145.0,2846.4,844.8,131.0,46.0,2858.25,814.25,49.0
886,93.35294117647061,2943.529411764706,465.11764705882354,94.58823529411757,86.25,1534.75,1097.0,105.625,88.83333333333337,1590.8333333333333,959.6666666666666,105.5,84.60000000000002,950.6,580.4,152.9999999999999,91.0,2820.0,801.0,137.0,89.375,1122.625,695.375,116.0,112.0,1808.1538461538462,1289.3461538461538,149.3461538461538,102.41176470588232,2104.705882352941,945.1764705882352,136.294117647059,128.5,2954.625,781.5,116.25,142.0,2851.25,844.25,131.5,46.0,2870.0,806.0,49.0
887,95.52941176470591,2946.294117647059,457.1764705882353,94.88235294117612,86.0,1544.0,1097.0,109.5,88.77777777777783,1596.7777777777778,958.8888888888889,105.66666666666652,84.46666666666658,955.1333333333333,580.2,151.0000000000001,93.0,2819.0,796.0,150.0,89.41666666666674,1128.5833333333333,691.4166666666666,115.66666666666674,112.0,1820.7692307692307,1289.2307692307693,149.23076923076928,102.11764705882365,2116.0588235294117,948.7647058823529,137.9411764705883,130.0,2958.25,777.0,115.5,139.0,2856.1,843.7,132.0,46.0,2886.0,790.3333333333334,49.0
888,97.70588235294122,2949.0588235294117,449.2352941176471,95.17647058823513,85.75,1553.25,1097.0,113.375,88.72222222222217,1602.7222222222222,958.1111111111111,105.83333333333348,84.33333333333337,959.6666666666666,580.0,149.0000000000001,107.25,2828.5,781.75,148.0,89.45833333333326,1134.5416666666667,687.4583333333334,115.33333333333326,112.0,1833.3846153846155,1289.1153846153845,149.11538461538453,101.82352941176475,2127.4117647058824,952.3529411764706,139.58823529411757,131.5,2961.875,772.5,114.75,136.0,2860.95,843.15,132.5,46.0,2902.0,774.6666666666666,49.0
889,99.8823529411764,2951.823529411765,441.29411764705884,95.47058823529414,85.5,1562.5,1097.0,117.25,88.66666666666663,1608.6666666666667,957.3333333333334,106.0,84.20000000000005,964.2,579.8,147.0,121.5,2838.0,767.5,146.0,89.5,1140.5,683.5,115.0,112.0,1846.0,1289.0,149.0,101.52941176470586,2138.764705882353,955.9411764705883,141.23529411764684,133.0,2965.5,768.0,114.0,133.0,2865.8,842.6,133.0,46.0,2918.0,759.0,49.0
890,102.05882352941171,2954.5882352941176,433.3529411764706,95.76470588235316,85.25,1571.75,1097.0,121.125,88.6111111111112,1614.611111111111,956.5555555555555,106.16666666666674,84.0666666666666,968.7333333333333,579.6,145.0,135.75,2847.5,753.25,144.0,89.54166666666674,1146.4583333333333,679.5416666666666,114.66666666666674,112.0,1855.7,1287.9,148.89999999999986,101.23529411764707,2150.1176470588234,959.5294117647059,142.88235294117658,134.5,2969.125,763.5,113.25,130.0,2870.65,842.05,133.5,46.0,2930.0,734.5,49.0
891,104.23529411764702,2957.3529411764707,425.4117647058824,96.05882352941171,85.0,1581.0,1097.0,125.0,88.55555555555543,1620.5555555555557,955.7777777777778,106.33333333333326,83.9333333333334,973.2666666666667,579.4,143.0,150.0,2857.0,739.0,142.0,89.58333333333326,1152.4166666666667,675.5833333333334,114.33333333333326,112.0,1865.4,1286.8,148.79999999999995,100.94117647058818,2161.470588235294,963.1176470588235,144.52941176470586,136.0,2972.75,759.0,112.5,127.0,2875.5,841.5,134.0,46.0,2942.0,710.0,49.0
892,106.41176470588232,2960.1176470588234,417.47058823529414,96.35294117647072,85.0,1595.8,1097.4,119.20000000000005,88.5,1626.5,955.0,106.5,83.79999999999995,977.8,579.2,141.0,141.20000000000005,2868.2,745.8,135.60000000000036,89.625,1158.375,671.625,114.0,112.0,1875.1,1285.7,148.70000000000005,100.64705882352928,2172.823529411765,966.7058823529412,146.17647058823513,137.5,2976.375,754.5,111.75,124.0,2880.35,840.95,134.5,46.0,2953.2,683.4,49.0
893,108.58823529411768,2962.8823529411766,409.52941176470586,96.64705882352928,85.0,1610.6,1097.8,113.40000000000009,88.44444444444457,1632.4444444444443,954.2222222222222,106.66666666666674,83.66666666666663,982.3333333333334,579.0,138.9999999999999,132.39999999999998,2879.4,752.6,129.19999999999982,89.66666666666674,1164.3333333333333,667.6666666666666,113.66666666666674,112.0,1884.8,1284.6,148.60000000000014,100.35294117647072,2184.176470588235,970.2941176470588,147.82352941176487,139.0,2980.0,750.0,111.0,121.0,2885.2,840.4,135.0,46.0,2964.4,656.8,49.0
894,110.76470588235298,2965.6470588235293,401.5882352941176,96.94117647058829,85.0,1625.4,1098.2,107.59999999999991,88.3888888888888,1638.388888888889,953.4444444444445,106.83333333333326,83.53333333333342,986.8666666666667,578.8,136.9999999999999,123.60000000000002,2890.6,759.4,122.80000000000018,89.70833333333326,1170.2916666666667,663.7083333333334,113.33333333333326,112.0,1894.5,1283.5,148.5,100.05882352941182,2195.529411764706,973.8823529411765,149.47058823529414,140.375,2981.0,743.0,110.375,118.0,2890.05,839.85,135.5,46.0,2975.6,630.2,49.0
895,112.94117647058823,2968.4117647058824,393.6470588235294,97.23529411764684,85.0,1640.2,1098.6,101.79999999999995,88.33333333333337,1644.3333333333333,952.6666666666666,107.0,83.39999999999998,991.4,578.6,135.0000000000001,114.79999999999995,2901.8,766.2,116.39999999999964,89.75,1176.25,659.75,113.0,112.0,1904.2,1282.4,148.39999999999986,99.76470588235293,2206.8823529411766,977.4705882352941,151.11764705882342,141.75,2982.0,736.0,109.75,115.0,2894.9,839.3,136.0,46.0,2986.8,603.6,49.0
896,115.11764705882354,2971.176470588235,385.70588235294116,97.52941176470586,85.0,1655.0,1099.0,96.0,88.27777777777783,1650.2777777777778,951.8888888888889,107.16666666666652,83.26666666666665,995.9333333333334,578.4,133.0,106.0,2913.0,773.0,110.0,89.79166666666674,1182.2083333333333,655.7916666666666,112.66666666666674,112.0,1913.9,1281.3,148.29999999999973,99.47058823529414,2218.235294117647,981.0588235294117,152.76470588235316,143.125,2983.0,729.0,109.125,112.0,2899.75,838.75,136.5,46.0,2998.0,577.0,49.0
897,117.29411764705884,2973.9411764705883,377.7647058823529,97.82352941176487,84.79999999999995,1662.2,1100.0,103.59999999999991,88.22222222222217,1656.2222222222222,951.1111111111111,107.33333333333348,83.13333333333333,1000.4666666666667,578.2,131.0,100.19999999999993,2913.6,777.6,112.0,89.83333333333326,1188.1666666666667,651.8333333333334,112.33333333333326,112.0,1923.6,1280.2,148.20000000000027,99.17647058823525,2229.5882352941176,984.6470588235294,154.41176470588243,144.5,2984.0,722.0,108.5,109.0,2904.6,838.2,137.0,46.0,3005.8,552.4,49.0
898,119.47058823529414,2976.705882352941,369.8235294117647,98.11764705882388,84.59999999999991,1669.4,1101.0,111.19999999999982,88.16666666666663,1662.1666666666667,950.3333333333334,107.5,83.0,1005.0,578.0,129.0,94.39999999999998,2914.2,782.2,114.0,89.875,1194.125,647.875,112.0,112.0,1933.3,1279.1,148.10000000000014,98.88235294117635,2240.9411764705883,988.2352941176471,156.0588235294117,145.875,2985.0,715.0,107.875,106.0,2909.45,837.65,137.5,46.0,3013.6,527.8,49.0
899,121.64705882352939,2979.470588235294,361.88235294117646,98.41176470588243,84.40000000000009,1676.6,1102.0,118.80000000000018,88.1111111111112,1668.111111111111,949.5555555555555,107.66666666666674,82.66666666666674,1008.3333333333334,577.6666666666666,138.33333333333337,88.60000000000002,2914.8,786.8,116.0,89.91666666666674,1200.0833333333333,643.9166666666666,111.66666666666674,112.0,1943.0,1278.0,148.0,98.58823529411768,2252.294117647059,991.8235294117648,157.705882352941,147.25,2986.0,708.0,107.25,103.0,2914.3,837.1,138.0,46.00000000000006,3021.4,503.2,49.0
900,123.8235294117647,2982.235294117647,353.94117647058823,98.70588235294144,84.20000000000005,1683.8,1103.0,126.40000000000009,88.05555555555543,1674.0555555555557,948.7777777777778,107.83333333333326,82.33333333333326,1011.6666666666666,577.3333333333334,147.66666666666663,82.80000000000007,2915.4,791.4,118.0,89.95833333333326,1206.0416666666667,639.9583333333334,111.33333333333326,112.0,1969.0,1278.0,128.5,98.2941176470589,2263.6470588235293,995.4117647058823,159.35294117647072,148.625,2987.0,701.0,106.625,100.0,2919.15,836.55,138.5,46.0,3029.2,478.6,49.0
901,126.0,2985.0,346.0,99.0,84.0,1691.0,1104.0,134.0,88.0,1680.0,948.0,108.0,82.0,1015.0,577.0,157.0,77.0,2916.0,796.0,120.0,90.0,1212.0,636.0,111.0,112.0,1995.0,1278.0,109.0,98.0,2275.0,999.0,161.0,150.0,2988.0,694.0,106.0,97.0,2924.0,836.0,139.0,46.0,3037.0,454.0,49.0
