TeamID,0,0,0,0,0,0,0,0,0,0,0,0,0,0,0,0,0,0,0,0,1,1,1,1,1,1,1,1,1,1,1,1,1,1,1,1,1,1,1,1,BALL,BALL,BALL,BALL
PlayerID,1,1,1,1,2,2,2,2,3,3,3,3,4,4,4,4,5,5,5,5,0,0,0,0,1,1,1,1,2,2,2,2,3,3,3,3,4,4,4,4,BALL,BALL,BALL,BALL
Attributes,bb_height,bb_left,bb_top,bb_width,bb_height,bb_left,bb_top,bb_width,bb_height,bb_left,bb_top,bb_width,bb_height,bb_left,bb_top,bb_width,bb_height,bb_left,bb_top,bb_width,bb_height,bb_left,bb_top,bb_width,bb_height,bb_left,bb_top,bb_width,bb_height,bb_left,bb_top,bb_width,bb_height,bb_left,bb_top,bb_width,bb_height,bb_left,bb_top,bb_width,bb_height,bb_left,bb_top,bb_width
frame,,,,,,,,,,,,,,,,,,,,,,,,,,,,,,,,,,,,,,,,,,,,
1,77.0,384.0,1384.0,195.0,122.0,1341.0,628.0,93.0,66.0,410.0,778.0,184.0,138.0,2759.0,1374.0,130.0,72.0,617.0,769.0,190.0,67.0,556.0,1376.0,148.0,129.0,882.0,1036.0,147.0,67.0,508.0,776.0,178.0,88.0,150.0,702.0,156.0,104.0,1232.0,1385.0,106.0,31.0,226.0,1092.0,32.0
2,77.94736842105249,385.2631578947368,1383.9473684210527,194.36842105263162,122.0,1341.0,628.030303030303,93.0,66.0,409.96638655462186,778.0672268907563,184.0,146.75,2758.5,1371.25,132.25,72.0,613.3333333333334,769.0,193.66666666666663,70.625,555.0,1372.375,149.0,129.0,882.0,1036.3157894736842,147.0,67.13725490196077,508.0,776.0,178.0,89.68421052631584,150.94736842105263,700.3157894736842,155.05263157894737,104.07207207207216,1232.0,1385.063063063063,106.0,31.0,224.6315789473684,1092.6315789473683,32.00000000000003
3,78.89473684210543,386.5263157894737,1383.8947368421052,193.73684210526318,122.0,1341.0,628.060606060606,93.0,66.0,409.93277310924367,778.1344537815127,184.00000000000006,155.5,2758.0,1368.5,134.5,72.0,609.6666666666666,769.0,197.33333333333337,74.25,554.0,1368.75,150.0,129.0,882.0,1036.6315789473683,147.0,67.27450980392155,508.0,776.0,178.0,91.36842105263156,151.89473684210526,698.6315789473684,154.10526315789474,104.1441441441441,1232.0,1385.126126126126,106.0,31.0,223.26315789473685,1093.2631578947369,32.0
4,79.84210526315792,387.7894736842105,1383.842105263158,193.1052631578948,122.0,1341.0,628.0909090909091,93.0,66.0,409.89915966386553,778.2016806722689,184.00000000000006,164.25,2757.5,1365.75,136.75,72.0,606.0,769.0,201.0,77.875,553.0,1365.125,151.0,129.0,882.0,1036.9473684210527,147.0,67.41176470588232,508.0,776.0,178.0,93.0526315789474,152.8421052631579,696.9473684210526,153.1578947368421,104.21621621621625,1232.0,1385.1891891891892,106.0,31.0,221.89473684210526,1093.8947368421052,32.0
5,80.7894736842104,389.05263157894734,1383.7894736842106,192.4736842105263,122.0,1341.0,628.1212121212121,93.0,66.0,409.8655462184874,778.2689075630252,183.99999999999994,173.0,2757.0,1363.0,139.0,72.0,601.6666666666666,769.0,205.33333333333337,81.5,552.0,1361.5,152.0,129.0,882.0,1037.2631578947369,147.0,67.54901960784309,508.0,776.0,178.0,94.73684210526312,153.78947368421052,695.2631578947369,152.21052631578948,104.28828828828841,1232.0,1385.2522522522522,106.0,31.0,220.5263157894737,1094.5263157894738,32.0
6,81.73684210526312,390.3157894736842,1383.7368421052631,191.84210526315786,122.0,1341.0,628.1515151515151,93.0,66.0,409.83193277310926,778.3361344537815,183.99999999999994,171.0,2756.6666666666665,1360.0,141.0,72.0,597.3333333333334,769.0,209.66666666666663,85.125,551.0,1357.875,153.0,129.0,882.0,1037.578947368421,147.0,67.68627450980387,508.0,776.0,178.0,96.42105263157896,154.73684210526315,693.578947368421,151.26315789473685,104.36036036036035,1232.0,1385.3153153153153,106.0,31.0,219.1578947368421,1095.157894736842,32.0
7,82.68421052631584,391.57894736842104,1383.6842105263158,191.21052631578948,122.0,1341.0,628.1818181818181,93.0,66.0,409.79831932773106,778.4033613445379,184.0,169.0,2756.3333333333335,1357.0,143.0,72.0,593.0,769.0,214.0,88.75,550.0,1354.25,154.0,129.0,882.0,1037.8947368421052,147.0,67.82352941176475,508.0,776.0,178.0,98.10526315789468,155.68421052631578,691.8947368421053,150.31578947368422,104.4324324324325,1232.0,1385.3783783783783,106.0,31.0,217.78947368421052,1095.7894736842106,32.0
8,83.63157894736855,392.8421052631579,1383.6315789473683,190.57894736842104,122.0,1341.0,628.2121212121212,93.0,66.0,409.7647058823529,778.4705882352941,184.0,167.0,2756.0,1354.0,145.0,72.0,595.0,769.0,212.0,92.375,549.0,1350.625,155.0,129.0,882.0,1038.2105263157894,147.0,67.96078431372553,508.0,776.0,178.0,99.78947368421052,156.6315789473684,690.2105263157895,149.3684210526316,104.50450450450467,1232.0,1385.4414414414414,106.0,31.0,216.42105263157896,1096.421052631579,32.0
9,84.57894736842104,394.10526315789474,1383.578947368421,189.94736842105266,122.0,1341.0,628.2424242424242,93.0,66.0,409.7310924369748,778.5378151260504,184.0,162.5,2755.5833333333335,1349.75,147.08333333333303,72.0,597.0,769.0,210.0,96.0,548.0,1347.0,156.0,129.0,882.0,1038.5263157894738,147.0,68.0980392156863,508.0,776.0,178.0,101.47368421052636,157.57894736842104,688.5263157894736,148.42105263157896,104.5765765765766,1232.0,1385.5045045045044,106.0,31.0,215.05263157894737,1097.0526315789473,32.0
10,85.52631578947353,395.36842105263156,1383.5263157894738,189.31578947368428,122.0,1341.0,628.2727272727273,93.0,66.0,409.69747899159665,778.6050420168067,184.0,158.0,2755.1666666666665,1345.5,149.16666666666697,72.0,599.0,769.0,208.0,94.72727272727275,546.9090909090909,1348.2727272727273,157.09090909090912,129.0,882.0,1038.842105263158,147.0,68.23529411764707,508.0,776.0,178.0,103.15789473684208,158.52631578947367,686.8421052631579,147.47368421052633,104.64864864864876,1232.0,1385.5675675675675,106.0,31.0,213.68421052631578,1097.6842105263158,32.0
11,86.47368421052647,396.63157894736844,1383.4736842105262,188.68421052631572,122.0,1341.0,628.3030303030303,93.0,66.0,409.66386554621846,778.6722689075631,184.00000000000006,153.5,2754.75,1341.25,151.25,72.0,601.0,769.0,206.0,93.4545454545455,545.8181818181819,1349.5454545454545,158.18181818181813,129.0,882.0,1039.157894736842,147.0,68.37254901960785,508.0,776.0,178.0,104.84210526315792,159.4736842105263,685.1578947368421,146.5263157894737,104.72072072072069,1232.0,1385.6306306306305,106.0,31.0,212.31578947368422,1098.3157894736842,32.0
12,87.42105263157896,397.89473684210526,1383.421052631579,188.05263157894734,122.0,1341.0,628.3333333333334,93.0,66.0,409.6302521008403,778.7394957983194,184.00000000000006,149.0,2754.3333333333335,1337.0,153.33333333333303,72.0,603.0,769.0,204.0,92.18181818181824,544.7272727272727,1350.8181818181818,159.27272727272725,129.0,882.0,1039.4736842105262,147.0,68.50980392156862,508.0,776.0,178.0,106.52631578947364,160.42105263157896,683.4736842105264,145.57894736842104,104.79279279279285,1232.0,1385.6936936936936,106.0,31.0,210.94736842105263,1098.9473684210527,32.0
13,88.36842105263145,399.1578947368421,1383.3684210526317,187.42105263157896,122.0,1341.0,628.3636363636364,93.0,66.0,409.5966386554622,778.8067226890756,183.99999999999994,144.5,2753.9166666666665,1332.75,155.41666666666697,72.0,611.25,769.0,195.75,90.90909090909099,543.6363636363636,1352.090909090909,160.36363636363637,129.0,882.0,1039.7894736842106,147.0,68.64705882352939,508.0,776.0,178.0,108.21052631578948,161.3684210526316,681.7894736842105,144.6315789473684,104.86486486486501,1232.0,1385.7567567567567,106.0,31.0,209.57894736842104,1099.578947368421,32.0
14,89.31578947368416,400.42105263157896,1383.3157894736842,186.78947368421052,122.0,1341.0,628.3939393939394,93.0,66.0,409.56302521008405,778.8739495798319,183.99999999999994,140.0,2753.5,1328.5,157.5,72.0,619.5,769.0,187.5,89.63636363636374,542.5454545454545,1353.3636363636363,161.4545454545455,129.0,882.0,1040.1052631578948,147.0,68.78431372549016,508.0,776.0,178.0,109.89473684210532,162.31578947368422,680.1052631578947,143.68421052631578,104.93693693693695,1232.0,1385.8198198198197,106.0,31.0,208.21052631578948,1100.2105263157894,32.0
15,90.26315789473688,401.6842105263158,1383.2631578947369,186.15789473684214,122.0,1341.0,628.4242424242424,93.0,66.0,409.52941176470586,778.9411764705883,184.0,135.5,2753.0833333333335,1324.25,159.58333333333303,72.0,627.75,769.0,179.25,88.36363636363626,541.4545454545455,1354.6363636363637,162.5454545454545,129.0,882.0,1040.421052631579,147.0,68.92156862745094,508.0,776.0,178.0,111.57894736842104,163.26315789473685,678.421052631579,142.73684210526315,105.00900900900888,1232.0,1385.882882882883,106.0,31.0,206.8421052631579,1100.842105263158,32.0
16,91.2105263157896,402.9473684210526,1383.2105263157894,185.52631578947376,122.0,1341.0,628.4545454545455,93.0,66.0,409.4957983193277,779.0084033613446,184.0,131.0,2752.6666666666665,1320.0,161.66666666666697,72.0,636.0,769.0,171.0,87.09090909090901,540.3636363636364,1355.909090909091,163.63636363636363,129.0,882.0,1040.7368421052631,147.0,69.05882352941171,508.0,776.0,178.0,113.26315789473688,164.21052631578948,676.7368421052631,141.78947368421052,105.08108108108104,1232.0,1385.945945945946,106.0,31.0,205.4736842105263,1101.4736842105262,32.0
17,92.15789473684208,404.2105263157895,1383.157894736842,184.8947368421052,122.0,1341.0,628.4848484848485,93.0,66.0,409.4621848739496,779.0756302521008,184.0,126.5,2752.25,1315.75,163.75,73.125,636.0,769.0,171.0,85.81818181818176,539.2727272727273,1357.1818181818182,164.72727272727275,129.0,882.0,1041.0526315789473,147.0,69.1960784313726,508.0,776.0,178.0,114.9473684210526,165.1578947368421,675.0526315789474,140.8421052631579,105.15315315315297,1232.0,1386.009009009009,106.0,31.0,204.10526315789474,1102.1052631578948,32.0
18,93.10526315789457,405.4736842105263,1383.1052631578948,184.26315789473682,122.0,1341.0,628.5151515151515,93.0,66.0,409.42857142857144,779.1428571428571,184.0,122.0,2751.8333333333335,1311.5,165.83333333333303,74.25,636.0,769.0,171.0,84.5454545454545,538.1818181818181,1358.4545454545455,165.81818181818187,129.0,882.0,1041.3684210526317,147.0,69.33333333333337,508.0,776.0,178.0,116.63157894736844,166.10526315789474,673.3684210526316,139.89473684210526,105.22522522522513,1232.0,1386.0720720720722,106.0,31.0,202.73684210526315,1102.7368421052631,32.0
19,94.05263157894751,406.7368421052632,1383.0526315789473,183.63157894736838,122.0,1341.0,628.5454545454545,93.0,66.0,409.39495798319325,779.2100840336135,184.00000000000006,117.5,2751.4166666666665,1307.25,167.91666666666697,75.375,636.0,769.0,171.0,83.27272727272725,537.0909090909091,1359.7272727272727,166.90909090909088,129.0,882.0,1041.6842105263158,147.0,69.47058823529414,508.0,776.0,178.0,118.31578947368416,167.05263157894737,671.6842105263158,138.94736842105263,105.29729729729729,1232.0,1386.1351351351352,106.0,31.0,201.3684210526316,1103.3684210526317,32.0
20,95.0,408.0,1383.0,183.0,122.0,1341.0,628.5757575757576,93.0,66.0,409.3613445378151,779.2773109243698,184.00000000000006,113.0,2751.0,1303.0,170.0,76.5,636.0,769.0,171.0,82.0,536.0,1361.0,168.0,129.0,882.0,1042.0,147.0,69.60784313725492,508.0,776.0,178.0,120.0,168.0,670.0,138.0,105.36936936936922,1232.0,1386.1981981981983,106.0,31.0,200.0,1104.0,32.0
21,95.0,407.95,1383.25,183.00000000000006,122.0,1341.0,628.6060606060606,93.0,66.0,409.327731092437,779.344537815126,183.99999999999994,114.36363636363649,2748.5454545454545,1301.8181818181818,168.18181818181802,77.625,636.0,769.0,171.0,81.79999999999995,534.9,1361.65,169.10000000000002,129.0,882.0,1041.7777777777778,147.0,69.74509803921569,508.0,776.0,178.0,119.09090909090901,168.1818181818182,667.8181818181819,142.1818181818182,105.44144144144138,1232.0,1386.2612612612613,106.0,31.0,199.5,1106.875,32.0
22,95.0,407.9,1383.5,183.0,122.0,1341.0,628.6363636363636,93.0,66.0,409.29411764705884,779.4117647058823,183.99999999999994,115.72727272727252,2746.090909090909,1300.6363636363637,166.3636363636365,78.75,636.0,769.0,171.0,81.60000000000014,533.8,1362.3,170.20000000000005,129.0,882.0,1041.5555555555557,147.0,69.88235294117646,508.0,776.0,178.0,118.18181818181824,168.36363636363637,665.6363636363636,146.36363636363637,105.51351351351354,1232.0,1386.3243243243244,106.0,31.0,199.0,1109.75,32.0
23,95.0,407.85,1383.75,183.0,122.0,1341.0,628.6666666666666,93.0,66.0,409.26050420168065,779.4789915966387,184.0,117.09090909090901,2743.6363636363635,1299.4545454545455,164.5454545454545,79.875,636.0,769.0,171.0,81.39999999999986,532.7,1362.95,171.29999999999995,129.0,882.0,1041.3333333333333,147.0,70.01960784313724,508.0,776.0,178.0,117.27272727272725,168.54545454545453,663.4545454545455,150.54545454545453,105.58558558558548,1232.0,1386.3873873873874,106.0,31.0,198.5,1112.625,32.0
24,95.0,407.8,1384.0,182.99999999999994,122.0,1341.0,628.6969696969697,93.0,66.0,409.2268907563025,779.546218487395,184.0,118.4545454545455,2741.181818181818,1298.2727272727273,162.72727272727298,81.0,636.0,769.0,171.0,81.20000000000005,531.6,1363.6,172.39999999999998,129.0,882.0,1041.111111111111,147.0,70.15686274509801,508.0,776.0,178.0,116.36363636363637,168.72727272727272,661.2727272727273,154.72727272727272,105.65765765765764,1232.0,1386.4504504504505,106.0,31.0,198.0,1115.5,32.0
25,95.0,407.75,1384.25,183.0,122.0,1341.0,628.7272727272727,93.0,66.0,409.1932773109244,779.6134453781513,184.0,119.81818181818198,2738.7272727272725,1297.090909090909,160.909090909091,81.02941176470586,636.0,769.0,171.0,81.0,530.5,1364.25,173.5,129.0,882.0,1040.888888888889,147.0,70.29411764705878,508.0,776.0,178.0,115.45454545454538,168.9090909090909,659.0909090909091,158.9090909090909,105.7297297297298,1232.0,1386.5135135135135,106.0,31.0,197.5,1118.375,32.0
26,95.0,407.7,1384.5,183.00000000000006,122.0,1341.0,628.7575757575758,93.0,66.0,409.15966386554624,779.6806722689075,184.0,121.18181818181802,2736.2727272727275,1295.909090909091,159.090909090909,81.05882352941171,636.0,769.0,171.0,80.79999999999995,529.4,1364.9,174.60000000000002,129.0,882.0,1040.6666666666667,147.0,70.43137254901956,508.0,776.0,178.0,114.54545454545462,169.0909090909091,656.9090909090909,163.0909090909091,105.80180180180173,1232.0,1386.5765765765766,106.0,31.0,197.0,1121.25,32.0
27,95.0,407.65,1384.75,183.0,122.0,1341.0,628.7878787878788,93.0,66.0,409.12605042016804,779.7478991596639,184.00000000000006,122.5454545454545,2733.818181818182,1294.7272727272727,157.27272727272702,81.08823529411768,636.0,769.0,171.0,80.60000000000014,528.3,1365.55,175.70000000000005,129.0,882.0,1040.4444444444443,147.0,70.56862745098044,508.0,776.0,178.0,113.63636363636363,169.27272727272728,654.7272727272727,167.27272727272728,105.87387387387389,1232.0,1386.6396396396397,106.0,31.0,196.5,1124.125,32.0
28,95.0,407.6,1385.0,183.0,122.0,1341.0,628.8181818181819,93.0,66.0,409.0924369747899,779.8151260504202,184.00000000000006,123.90909090909099,2731.3636363636365,1293.5454545454545,155.4545454545455,81.11764705882354,636.0,769.0,171.0,80.39999999999986,527.2,1366.2,176.79999999999995,129.0,882.0,1040.2222222222222,147.0,70.70588235294122,508.0,776.0,178.0,112.72727272727275,169.45454545454547,652.5454545454545,171.4545454545454,105.94594594594605,1232.0,1386.7027027027027,106.0,31.0,196.0,1127.0,32.0
29,95.0,407.55,1385.25,182.99999999999994,122.0,1341.0,628.8484848484849,93.0,66.0,409.05882352941177,779.8823529411765,183.99999999999994,125.27272727272748,2728.909090909091,1292.3636363636363,153.6363636363635,81.14705882352939,636.0,769.0,171.0,80.20000000000005,526.1,1366.85,177.89999999999998,129.0,882.0,1040.0,147.0,70.84313725490199,508.0,776.0,178.0,111.81818181818176,169.63636363636363,650.3636363636364,175.63636363636363,106.01801801801798,1232.0,1386.7657657657658,106.0,31.0,191.6,1127.6,32.0
30,95.0,407.5,1385.5,183.0,122.0,1341.0,628.8787878787879,93.0,66.0,409.02521008403363,779.9495798319327,183.99999999999994,126.63636363636351,2726.4545454545455,1291.1818181818182,151.81818181818198,81.17647058823525,636.0,769.0,171.0,80.0,525.0,1367.5,179.0,129.0,882.0,1039.7777777777778,147.0,70.98039215686276,508.0,776.0,178.0,110.90909090909099,169.8181818181818,648.1818181818181,179.8181818181818,106.09009009009014,1232.0,1386.8288288288288,106.0,31.0,187.2,1128.2,32.0
31,95.0,407.45,1385.75,183.00000000000006,122.0,1341.0,628.9090909090909,93.0,66.0,408.99159663865544,780.0168067226891,184.0,128.0,2724.0,1290.0,150.0,81.20588235294122,636.0,769.0,171.0,79.79999999999995,523.9,1368.15,180.10000000000002,129.0,882.0,1039.5555555555557,147.0,71.11764705882354,508.0,776.0,178.0,110.0,170.0,646.0,184.0,106.16216216216208,1232.0,1386.8918918918919,106.0,31.0,182.8,1128.8,32.0
32,95.0,407.4,1386.0,183.0,122.0,1341.0,628.939393939394,93.0,66.0,408.9579831932773,780.0840336134454,184.0,129.44444444444457,2723.8888888888887,1280.3333333333333,148.22222222222263,81.23529411764707,636.0,769.0,171.0,79.60000000000014,522.8,1368.8,181.20000000000005,129.0,882.0,1039.3333333333333,147.0,71.25490196078431,508.0,776.0,178.0,111.55555555555554,170.22222222222223,643.7777777777778,183.77777777777777,106.23423423423424,1232.0,1386.954954954955,106.0,31.0,178.4,1129.4,32.0
33,95.0,407.35,1386.25,183.0,122.0,1341.0,628.969696969697,93.0,66.0,408.92436974789916,780.1512605042017,184.0,130.8888888888889,2723.777777777778,1270.6666666666667,146.44444444444434,81.26470588235293,636.0,769.0,171.0,79.39999999999986,521.7,1369.45,182.29999999999995,129.0,882.0,1039.111111111111,147.0,71.39215686274508,508.0,776.0,178.0,113.11111111111109,170.44444444444446,641.5555555555555,183.55555555555554,106.3063063063064,1232.0,1387.018018018018,106.0,31.0,174.0,1130.0,32.0
34,95.0,407.3,1386.5,182.99999999999994,122.0,1341.0,629.0,93.0,66.0,408.890756302521,780.218487394958,184.0,132.33333333333326,2723.6666666666665,1261.0,144.66666666666697,81.29411764705878,636.0,769.0,171.0,79.20000000000005,520.6,1370.1,183.39999999999998,129.0,882.0,1038.888888888889,147.0,71.52941176470586,508.0,776.0,178.0,114.66666666666663,170.66666666666666,639.3333333333334,183.33333333333334,106.37837837837833,1232.0,1387.081081081081,106.0,31.0,164.71428571428572,1129.2857142857142,32.0
35,95.0,407.25,1386.75,183.0,122.0,1341.0,629.030303030303,93.0,66.0,408.85714285714283,780.2857142857143,184.00000000000006,133.77777777777783,2723.5555555555557,1251.3333333333333,142.8888888888887,81.32352941176475,636.0,769.0,171.0,79.0,519.5,1370.75,184.5,129.0,882.0,1038.6666666666667,147.0,71.66666666666663,508.0,776.0,178.0,116.22222222222229,170.88888888888889,637.1111111111111,183.11111111111111,106.45045045045049,1232.0,1387.144144144144,106.0,31.0,155.42857142857144,1128.5714285714287,32.0
36,95.0,407.2,1387.0,183.00000000000006,122.0,1341.0,629.060606060606,93.0,66.0,408.8235294117647,780.3529411764706,184.00000000000006,135.22222222222217,2723.4444444444443,1241.6666666666667,141.1111111111113,81.35294117647061,636.0,769.0,171.0,78.79999999999995,518.4,1371.4,185.60000000000002,129.0,882.0,1038.4444444444443,147.0,71.8039215686274,508.0,776.0,178.0,117.77777777777771,171.11111111111111,634.8888888888889,182.88888888888889,106.52252252252265,1232.0,1387.2072072072071,106.0,31.0,146.14285714285714,1127.857142857143,32.0
37,95.0,407.15,1387.25,183.0,122.0,1341.0,629.0909090909091,93.0,66.0,408.78991596638656,780.4201680672269,183.99999999999994,136.66666666666674,2723.3333333333335,1232.0,139.33333333333303,81.38235294117646,636.0,769.0,171.0,78.60000000000014,517.3,1372.05,186.70000000000005,129.0,882.0,1038.2222222222222,147.0,71.94117647058829,508.0,776.0,178.0,119.33333333333337,171.33333333333334,632.6666666666666,182.66666666666666,106.59459459459458,1232.0,1387.2702702702702,106.0,31.0,136.85714285714286,1127.142857142857,32.0
38,95.0,407.1,1387.5,183.0,122.0,1341.0,629.1212121212121,93.0,66.0,408.7563025210084,780.4873949579832,183.99999999999994,138.1111111111111,2723.222222222222,1222.3333333333333,137.55555555555566,81.41176470588232,636.0,769.0,171.0,78.39999999999986,516.2,1372.7,187.79999999999995,129.0,882.0,1038.0,147.0,72.07843137254906,508.0,776.0,178.0,120.88888888888891,171.55555555555554,630.4444444444445,182.44444444444446,106.66666666666674,1232.0,1387.3333333333333,106.0,31.0,127.57142857142857,1126.4285714285713,31.999999999999986
39,95.0,407.05,1387.75,182.99999999999994,122.0,1341.0,629.1515151515151,93.0,66.0,408.7226890756302,780.5546218487395,184.0,139.55555555555543,2723.1111111111113,1212.6666666666667,135.77777777777737,81.44117647058829,636.0,769.0,171.0,78.20000000000005,515.1,1373.35,188.89999999999998,129.0,882.0,1037.7777777777778,147.0,72.21568627450984,508.0,776.0,178.0,122.44444444444446,171.77777777777777,628.2222222222222,182.22222222222223,106.7387387387389,1232.0,1387.3963963963963,106.0,31.0,118.28571428571429,1125.7142857142858,31.999999999999986
40,95.0,407.0,1388.0,183.0,122.0,1341.0,629.1818181818181,93.0,66.0,408.6890756302521,780.6218487394958,184.0,141.0,2723.0,1203.0,134.0,81.47058823529414,636.0,769.0,171.0,78.0,514.0,1374.0,190.0,129.0,882.0,1037.5555555555557,147.0,72.35294117647061,508.0,776.0,178.0,124.0,172.0,626.0,182.0,106.81081081081084,1232.0,1387.4594594594594,106.0,31.0,109.0,1125.0,32.0
41,95.0,406.0,1387.842105263158,184.26315789473688,122.0,1341.0,629.2121212121212,93.0,66.0,408.65546218487395,780.6890756302521,184.0,142.36363636363626,2723.090909090909,1201.4545454545455,133.72727272727298,81.5,636.0,769.0,171.0,78.0,514.0,1374.0,185.5,129.0,882.0,1037.3333333333333,147.0,72.49019607843138,508.0,776.0,178.0,122.79999999999995,171.1,624.6,182.79999999999998,106.882882882883,1232.0,1387.5225225225224,106.0,33.66666666666674,104.33333333333333,1123.3333333333333,35.000000000000014
42,95.0,405.0,1387.6842105263158,185.52631578947364,122.0,1341.0,629.2424242424242,93.0,66.0,408.6218487394958,780.7563025210084,184.0,143.72727272727275,2723.181818181818,1199.909090909091,133.4545454545455,81.52941176470586,636.0,769.0,171.0,78.0,514.0,1374.0,181.0,129.0,882.0,1037.111111111111,147.0,72.62745098039215,508.0,776.0,178.0,121.59999999999991,170.2,623.2,183.60000000000002,106.95495495495516,1232.0,1387.5855855855855,106.0,36.33333333333326,99.66666666666667,1121.6666666666667,37.999999999999986
43,95.0,404.0,1387.5263157894738,186.78947368421052,122.0,1341.0,629.2727272727273,93.0,66.0,408.5882352941176,780.8235294117648,184.00000000000006,145.09090909090924,2723.2727272727275,1198.3636363636363,133.18181818181802,81.55882352941171,636.0,769.0,171.0,78.0,514.0,1374.0,176.5,129.0,882.0,1036.888888888889,147.0,72.76470588235293,508.0,776.0,178.0,120.40000000000009,169.3,621.8,184.39999999999998,107.02702702702686,1232.0,1387.6486486486488,106.0,39.0,95.0,1120.0,41.0
44,95.0,403.0,1387.3684210526317,188.0526315789474,122.0,1341.0,629.3030303030303,93.0,66.0,408.5546218487395,780.890756302521,184.00000000000006,146.4545454545455,2723.3636363636365,1196.8181818181818,132.909090909091,81.58823529411768,636.0,769.0,171.0,78.0,514.0,1374.0,172.0,129.0,882.0,1036.6666666666667,147.0,72.9019607843137,508.0,776.0,178.0,119.20000000000005,168.4,620.4,185.20000000000002,107.09909909909902,1232.0,1387.7117117117118,106.0,36.333333333333485,97.33333333333333,1121.3333333333333,38.000000000000014
45,95.0,402.0,1387.2105263157894,189.31578947368416,122.0,1341.0,629.3333333333334,93.0,66.0,408.52100840336135,780.9579831932773,183.99999999999994,147.81818181818176,2723.4545454545455,1195.2727272727273,132.6363636363635,81.61764705882354,636.0,769.0,171.0,78.0,514.0,1374.0,167.5,129.0,882.0,1036.4444444444443,147.0,73.03921568627447,508.0,776.0,178.0,118.0,167.5,619.0,186.0,107.17117117117118,1232.0,1387.7747747747749,106.0,33.666666666666515,99.66666666666667,1122.6666666666667,34.999999999999986
46,95.0,401.0,1387.0526315789473,190.57894736842104,122.0,1341.0,629.3636363636364,93.0,66.0,408.4873949579832,781.0252100840336,183.99999999999994,149.18181818181824,2723.5454545454545,1193.7272727272727,132.3636363636365,81.64705882352939,636.0,769.0,171.0,78.0,514.0,1374.0,163.0,129.0,882.0,1036.2222222222222,147.0,73.17647058823525,508.0,776.0,178.0,116.79999999999995,166.6,617.6,186.79999999999998,107.24324324324311,1232.0,1387.837837837838,106.0,31.0,102.0,1124.0,32.0
47,95.0,400.0,1386.8947368421052,191.84210526315792,122.0,1341.0,629.3939393939394,93.0,66.0,408.453781512605,781.09243697479,184.0,150.5454545454545,2723.6363636363635,1192.1818181818182,132.090909090909,81.67647058823525,636.0,769.0,171.0,78.0,514.0,1374.0,163.1428571428571,129.0,882.0,1036.0,147.0,73.31372549019613,508.0,776.0,178.0,115.59999999999991,165.7,616.2,187.60000000000002,107.31531531531527,1232.0,1387.900900900901,106.0,31.0,113.0,1122.6666666666667,32.0
48,95.0,399.0,1386.7368421052631,193.10526315789468,122.0,1341.0,629.4242424242424,93.0,66.0,408.4201680672269,781.1596638655462,184.0,151.90909090909076,2723.7272727272725,1190.6363636363637,131.81818181818198,81.70588235294122,636.0,769.0,171.0,78.0,514.0,1374.0,163.28571428571433,129.0,881.8571428571429,1034.4285714285713,147.0,73.45098039215691,508.0,776.0,178.0,114.40000000000009,164.8,614.8,188.39999999999998,107.38738738738721,1232.0,1387.963963963964,106.0,31.0,124.0,1121.3333333333333,32.0
49,95.0,398.0,1386.578947368421,194.36842105263156,122.0,1341.0,629.4545454545455,93.0,66.0,408.38655462184875,781.2268907563025,184.0,153.27272727272725,2723.818181818182,1189.090909090909,131.5454545454545,81.73529411764707,636.0,769.0,171.0,78.0,514.0,1374.0,163.42857142857144,129.0,881.7142857142857,1032.857142857143,147.0000000000001,73.58823529411768,508.0,776.0,178.0,113.20000000000005,163.9,613.4,189.20000000000002,107.45945945945937,1232.0,1388.027027027027,106.0,31.0,135.0,1120.0,32.0
50,95.0,397.0,1386.421052631579,195.63157894736844,122.0,1341.0,629.4848484848485,93.0,66.0,408.3529411764706,781.2941176470588,184.0,154.63636363636374,2723.909090909091,1187.5454545454545,131.27272727272702,81.76470588235293,636.0,769.0,171.0,78.0,514.0,1374.0,163.57142857142856,129.0,881.5714285714286,1031.2857142857142,147.0000000000001,73.72549019607845,508.0,776.0,178.0,112.0,163.0,612.0,190.0,107.53153153153153,1232.0,1388.0900900900901,106.0,31.0,153.0,1114.0,32.0
51,95.0,396.0,1386.2631578947369,196.89473684210532,122.0,1341.0,629.5151515151515,93.0,66.0,408.3193277310924,781.3613445378152,184.00000000000006,156.0,2724.0,1186.0,131.0,81.79411764705878,636.0,769.0,171.0,78.0,514.0,1374.0,163.71428571428567,129.0,881.4285714285714,1029.7142857142858,146.9999999999999,73.86274509803923,508.0,776.0,178.0,110.79999999999995,162.1,610.6,190.79999999999998,107.60360360360346,1232.0,1388.1531531531532,106.0,31.0,171.0,1108.0,32.0
52,95.0,395.0,1386.1052631578948,198.15789473684208,122.0,1341.0,629.5454545454545,93.0,66.0,408.2857142857143,781.4285714285714,184.00000000000006,147.33333333333326,2724.0,1184.5555555555557,131.33333333333348,81.82352941176475,636.0,769.0,171.0,78.0,514.0,1374.0,163.8571428571429,129.0,881.2857142857143,1028.142857142857,146.9999999999999,74.0,508.0,776.0,178.0,109.59999999999991,161.2,609.2,191.60000000000002,107.67567567567562,1232.0,1388.2162162162163,106.0,31.0,189.0,1102.0,32.0
53,95.0,394.0,1385.9473684210527,199.42105263157896,122.0,1341.0,629.5757575757576,93.0,66.0,408.25210084033614,781.4957983193277,183.99999999999994,138.66666666666674,2724.0,1183.111111111111,131.66666666666652,81.85294117647061,636.0,769.0,171.0,78.0,514.0,1374.0,164.0,129.0,881.1428571428571,1026.5714285714287,147.0,74.13725490196077,508.0,776.0,178.0,108.40000000000009,160.3,607.8,192.39999999999998,107.74774774774778,1232.0,1388.2792792792793,106.0,31.0,235.0,1104.0,32.0
54,95.0,393.0,1385.7894736842106,200.68421052631584,122.0,1341.0,629.6060606060606,93.0,66.0,408.218487394958,781.563025210084,183.99999999999994,130.0,2724.0,1181.6666666666667,132.0,81.88235294117646,636.0,769.0,171.0,78.0,514.0,1374.0,164.1428571428571,129.0,881.0,1025.0,147.0,74.27450980392155,508.0,776.0,178.0,107.20000000000005,159.4,606.4,193.20000000000002,107.81981981981971,1232.0,1388.3423423423424,106.0,31.0,274.0,1096.0,32.0
55,95.0,392.0,1385.6315789473683,201.9473684210526,122.0,1341.0,629.6363636363636,93.0,66.0,408.1848739495798,781.6302521008404,184.0,121.33333333333348,2724.0,1180.2222222222222,132.33333333333348,81.91176470588232,636.0,769.0,171.0,78.0,514.0,1374.0,164.28571428571433,129.0,880.3571428571429,1025.142857142857,147.0,74.41176470588232,508.0,776.0,178.0,106.0,158.5,605.0,194.0,107.89189189189187,1232.0,1388.4054054054054,106.0,32.0,284.0,1095.0,33.0
56,95.0,391.0,1385.4736842105262,203.21052631578948,122.0,1341.0,629.6666666666666,93.0,66.0,408.1512605042017,781.6974789915967,184.0,112.66666666666652,2724.0,1178.7777777777778,132.66666666666652,81.94117647058829,636.0,769.0,171.0,78.0,514.0,1374.0,164.42857142857144,129.0,879.7142857142857,1025.2857142857142,147.0000000000001,74.54901960784309,508.0,776.0,178.0,104.79999999999995,157.6,603.6,194.79999999999998,107.96396396396403,1232.0,1388.4684684684685,106.0,33.0,311.75,1092.5,34.5
57,95.0,390.0,1385.3157894736842,204.47368421052636,122.0,1341.0,629.6969696969697,93.0,66.0,408.11764705882354,781.7647058823529,184.0,104.0,2724.0,1177.3333333333333,133.0,81.97058823529414,636.0,769.0,171.0,78.0,514.0,1374.0,164.57142857142856,129.0,879.0714285714286,1025.4285714285713,147.0000000000001,74.68627450980398,508.0,776.0,178.0,103.59999999999991,156.7,602.2,195.60000000000002,108.03603603603597,1232.0,1388.5315315315315,106.0,34.0,339.5,1090.0,36.0
58,95.0,389.0,1385.157894736842,205.73684210526312,122.0,1341.0,629.7272727272727,93.0,66.0,408.0840336134454,781.8319327731092,184.0,95.33333333333326,2724.0,1175.888888888889,133.33333333333348,82.0,636.0,769.0,171.0,78.0,514.0,1374.0,164.71428571428567,129.0,878.4285714285714,1025.5714285714287,146.9999999999999,74.82352941176475,508.0,776.0,178.0,102.40000000000009,155.8,600.8,196.39999999999998,108.10810810810813,1232.0,1388.5945945945946,106.0,35.0,367.25,1087.5,37.5
59,95.0,388.0,1385.0,207.0,122.0,1341.0,629.7575757575758,93.0,66.0,408.0504201680672,781.8991596638656,184.00000000000006,86.66666666666674,2724.0,1174.4444444444443,133.66666666666652,81.625,636.0,769.0,171.0,78.0,514.0,1374.0,164.8571428571429,129.0,877.7857142857143,1025.7142857142858,146.9999999999999,74.96078431372553,508.0,776.0,178.0,101.20000000000005,154.9,599.4,197.20000000000002,108.18018018018029,1232.0,1388.6576576576576,106.0,36.0,395.0,1085.0,39.0
60,95.0,387.0,1385.0,209.0,122.0,1341.0,629.7878787878788,93.0,66.0,408.01680672268907,781.9663865546219,184.00000000000006,78.0,2724.0,1173.0,134.0,81.25,636.0,769.0,171.0,78.0,514.0,1374.0,165.0,129.0,877.1428571428571,1025.857142857143,147.0,75.0980392156863,508.0,776.0,178.0,100.0,154.0,598.0,198.0,108.25225225225222,1232.0,1388.7207207207207,106.0,37.0,424.0,1082.0,40.333333333333314
61,95.0,386.0,1385.0,211.0,122.0,1341.0,629.8181818181819,93.0,66.0,407.98319327731093,782.0336134453781,183.99999999999994,84.33333333333326,2723.6666666666665,1162.6666666666667,134.0,80.875,636.0,769.0,171.0,78.015625,513.9375,1373.96875,165.09375,129.0,876.5,1026.0,147.0,75.23529411764707,508.0,776.0,178.0,98.9230769230769,151.23076923076923,599.6153846153846,199.0769230769231,108.32432432432438,1232.0,1388.7837837837837,106.0,38.0,453.0,1079.0,41.666666666666686
62,95.0,386.3333333333333,1385.1538461538462,210.28205128205133,122.0,1341.0,629.8484848484849,93.0,66.0,407.9495798319328,782.1008403361344,183.99999999999994,90.66666666666674,2723.3333333333335,1152.3333333333333,134.0,80.5,636.0,769.0,171.0,78.03125,513.875,1373.9375,165.1875,129.0,875.8571428571429,1026.142857142857,147.0,75.37254901960785,508.0,776.0,178.0,97.84615384615381,148.46153846153845,601.2307692307693,200.1538461538462,108.39639639639654,1232.0,1388.8468468468468,106.0,39.0,482.0,1076.0,43.0
63,95.0,386.6666666666667,1385.3076923076924,209.5641025641026,122.0,1341.0,629.8787878787879,93.0,66.0,407.9159663865546,782.1680672268908,184.0,97.0,2723.0,1142.0,134.0,80.125,636.0,769.0,171.0,78.046875,513.8125,1373.90625,165.28125,129.0,875.2142857142857,1026.2857142857142,147.0,75.50980392156862,508.0,776.0,178.0,96.76923076923083,145.69230769230768,602.8461538461538,201.23076923076923,108.46846846846847,1232.0,1388.9099099099099,106.0,38.75,514.0,1073.625,42.375
64,95.0,387.0,1385.4615384615386,208.8461538461538,122.0,1341.0,629.9090909090909,93.0,66.0,407.88235294117646,782.2352941176471,184.0,103.33333333333326,2722.6666666666665,1131.6666666666667,134.0,79.75,636.0,769.0,171.0,78.0625,513.75,1373.875,165.375,129.0,874.5714285714286,1026.4285714285713,147.0,75.64705882352939,508.0,776.0,178.0,95.69230769230774,142.92307692307693,604.4615384615385,202.3076923076923,108.54054054054063,1232.0,1388.972972972973,106.0,38.5,546.0,1071.25,41.75
65,95.0,387.3333333333333,1385.6153846153845,208.12820512820514,122.0,1341.0,629.939393939394,93.0,66.0,407.8487394957983,782.3025210084033,184.0,109.66666666666674,2722.3333333333335,1121.3333333333333,134.0,79.375,636.0,769.0,171.0,78.078125,513.6875,1373.84375,165.46875,129.0,873.9285714285714,1026.5714285714287,147.0,75.78431372549016,508.0,776.0,178.0,94.61538461538464,140.15384615384616,606.0769230769231,203.3846153846154,108.61261261261279,1232.0,1389.036036036036,106.0,38.25,578.0,1068.875,41.125
66,95.0,387.6666666666667,1385.7692307692307,207.4102564102564,122.0,1341.0,629.969696969697,93.0,66.0,407.8151260504202,782.3697478991596,184.0,116.0,2722.0,1111.0,134.0,79.0,636.0,769.0,171.0,78.09375,513.625,1373.8125,165.5625,129.0,873.2857142857143,1026.7142857142858,147.0,75.92156862745094,508.0,776.0,178.0,93.53846153846155,137.3846153846154,607.6923076923077,204.46153846153848,108.68468468468473,1232.0,1389.099099099099,106.0,38.0,610.0,1066.5,40.5
67,95.0,388.0,1385.923076923077,206.69230769230774,122.0,1341.0,630.0,93.0,66.0,407.781512605042,782.436974789916,184.00000000000006,120.33333333333326,2721.6666666666665,1104.0,134.0,80.22222222222217,636.0,769.0,171.0,78.109375,513.5625,1373.78125,165.65625,129.0,872.6428571428571,1026.857142857143,147.0,76.05882352941171,508.0,776.0,178.0,92.46153846153845,134.6153846153846,609.3076923076923,205.53846153846152,108.75675675675689,1232.0,1389.162162162162,106.0,37.75,642.0,1064.125,39.875
68,95.0,388.3333333333333,1386.076923076923,205.97435897435895,122.0,1341.0,630.030303030303,93.0,66.0,407.74789915966386,782.5042016806723,184.00000000000006,124.66666666666674,2721.3333333333335,1097.0,134.0,81.44444444444446,636.0,769.0,171.0,78.125,513.5,1373.75,165.75,129.0,872.0,1027.0,147.0,76.1960784313726,508.0,776.0,178.0,91.38461538461536,131.84615384615384,610.9230769230769,206.6153846153846,108.82882882882882,1232.0,1389.2252252252251,106.0,37.5,674.0,1061.75,39.25
69,95.0,388.6666666666667,1386.2307692307693,205.25641025641022,122.0,1341.0,630.060606060606,93.0,66.0,407.7142857142857,782.5714285714286,183.99999999999994,129.0,2721.0,1090.0,134.0,82.66666666666663,636.0,769.0,171.0,78.140625,513.4375,1373.71875,165.84375,129.0,871.7777777777778,1027.0,147.22222222222217,76.33333333333337,508.0,776.0,178.0,90.30769230769226,129.07692307692307,612.5384615384615,207.6923076923077,108.90090090090098,1232.0,1389.2882882882882,106.0,37.25,706.0,1059.375,38.625
70,95.0,389.0,1386.3846153846155,204.53846153846155,122.0,1341.0,630.0909090909091,93.0,66.0,407.6806722689076,782.6386554621848,183.99999999999994,131.5,2720.75,1086.75,132.5,83.88888888888891,636.0,769.0,171.0,78.15625,513.375,1373.6875,165.9375,129.0,871.5555555555555,1027.0,147.44444444444446,76.47058823529414,508.0,776.0,178.0,89.23076923076917,126.3076923076923,614.1538461538462,208.76923076923077,108.97297297297314,1232.0,1389.3513513513512,106.0,37.0,738.0,1057.0,38.0
71,95.0,389.3333333333333,1386.5384615384614,203.82051282051287,122.0,1341.0,630.1212121212121,93.0,66.0,407.6470588235294,782.7058823529412,184.0,134.0,2720.5,1083.5,131.0,85.11111111111109,636.0,769.0,171.0,78.171875,513.3125,1373.65625,166.03125,129.0,871.3333333333334,1027.0,147.66666666666663,76.60784313725492,508.0,776.0,178.0,88.15384615384619,123.53846153846155,615.7692307692307,209.8461538461538,109.04504504504484,1232.0,1389.4144144144145,106.0,36.600000000000136,741.2,1054.8,37.59999999999991
72,95.0,389.6666666666667,1386.6923076923076,203.10256410256403,122.0,1341.0,630.1515151515151,93.0,66.0,407.61344537815125,782.7731092436975,184.0,136.5,2720.25,1080.25,129.5,86.33333333333337,636.0,769.0,171.0,78.1875,513.25,1373.625,166.125,129.0,871.1111111111111,1027.0,147.8888888888889,76.74509803921569,508.0,776.0,178.0,87.0769230769231,120.76923076923077,617.3846153846154,210.9230769230769,109.117117117117,1232.0,1389.4774774774776,106.0,36.200000000000045,744.4,1052.6,37.200000000000045
73,95.0,390.0,1386.8461538461538,202.38461538461536,122.0,1341.0,630.1818181818181,93.0,66.0,407.5798319327731,782.8403361344538,184.0,139.0,2720.0,1077.0,128.0,87.55555555555554,636.0,769.0,171.0,78.203125,513.1875,1373.59375,166.21875,129.0,870.8888888888889,1027.0,148.1111111111111,76.88235294117646,508.0,776.0,178.0,86.0,118.0,619.0,212.0,109.18918918918916,1232.0,1389.5405405405406,106.0,35.799999999999955,747.6,1050.4,36.799999999999955
74,95.0,390.3333333333333,1387.0,201.66666666666669,122.0,1341.0,630.2121212121212,93.0,66.0,407.546218487395,782.90756302521,184.0,130.85714285714266,2719.4285714285716,1078.5714285714287,128.85714285714266,88.77777777777783,636.0,769.0,171.0,78.21875,513.125,1373.5625,166.3125,129.0,870.6666666666666,1027.0,148.33333333333337,77.01960784313724,508.0,776.0,178.0,90.28571428571433,115.14285714285714,620.5714285714286,210.00000000000003,109.2612612612611,1232.0,1389.6036036036037,106.0,35.399999999999864,750.8,1048.2,36.40000000000009
75,95.0,390.6666666666667,1387.1538461538462,200.94871794871796,122.0,1341.0,630.2424242424242,93.0,66.0,407.5126050420168,782.9747899159664,184.00000000000006,122.71428571428578,2718.8571428571427,1080.142857142857,129.71428571428578,90.0,636.0,769.0,171.0,78.234375,513.0625,1373.53125,166.40625,129.0,870.4444444444445,1027.0,148.55555555555554,77.15686274509801,508.0,776.0,178.0,94.57142857142856,112.28571428571429,622.1428571428571,208.0,109.33333333333326,1232.0,1389.6666666666667,106.0,35.0,754.0,1046.0,36.0
76,95.0,391.0,1387.3076923076924,200.23076923076928,122.0,1341.0,630.2727272727273,93.0,66.0,407.47899159663865,783.0420168067227,184.00000000000006,114.57142857142844,2718.285714285714,1081.7142857142858,130.57142857142844,92.0,636.0,769.0,171.0,78.25,513.0,1373.5,166.5,129.0,870.2222222222222,1027.0,148.77777777777783,77.29411764705878,508.0,776.0,178.0,98.85714285714289,109.42857142857143,623.7142857142857,206.0,109.40540540540542,1232.0,1389.7297297297298,106.0,34.200000000000045,761.6,1043.8,35.19999999999993
77,95.0,391.3333333333333,1387.4615384615386,199.5128205128205,122.0,1341.0,630.3030303030303,93.0,66.0,407.4453781512605,783.109243697479,183.99999999999994,106.42857142857156,2717.714285714286,1083.2857142857142,131.42857142857156,94.0,636.0,769.0,171.0,78.265625,512.9375,1373.46875,166.59375,129.0,870.0,1027.0,149.0,77.43137254901956,508.0,776.0,178.0,103.14285714285711,106.57142857142857,625.2857142857143,204.0,109.47747747747735,1232.0,1389.7927927927929,106.0,33.40000000000009,769.2,1041.6,34.39999999999998
78,95.0,391.6666666666667,1387.6153846153845,198.79487179487177,122.0,1341.0,630.3333333333334,93.0,66.0,407.4117647058824,783.1764705882352,183.99999999999994,98.28571428571422,2717.1428571428573,1084.857142857143,132.28571428571422,96.0,636.0,769.0,171.0,78.28125,512.875,1373.4375,166.6875,129.0,864.25,1027.0,154.75,77.56862745098044,508.0,776.0,178.0,107.42857142857144,103.71428571428571,626.8571428571429,202.0,109.54954954954951,1232.0,1389.855855855856,106.0,32.59999999999991,776.8,1039.4,33.60000000000002
79,95.0,392.0,1387.7692307692307,198.0769230769231,122.0,1341.0,630.3636363636364,93.0,66.0,407.3781512605042,783.2436974789916,184.0,90.14285714285734,2716.5714285714284,1086.4285714285713,133.14285714285734,98.0,636.0,769.0,171.0,78.296875,512.8125,1373.40625,166.78125,129.0,858.5,1027.0,160.5,77.70588235294122,508.0,776.0,178.0,111.71428571428567,100.85714285714286,628.4285714285714,199.99999999999997,109.62162162162167,1232.0,1389.918918918919,106.0,31.799999999999955,784.4,1037.2,32.80000000000007
80,95.0,392.3333333333333,1387.923076923077,197.35897435897442,122.0,1341.0,630.3939393939394,93.0,66.0,407.34453781512605,783.3109243697479,184.0,82.0,2716.0,1088.0,134.0,104.0,636.0,769.0,171.0,78.3125,512.75,1373.375,166.875,129.0,852.75,1027.0,166.25,77.84313725490199,508.0,776.0,178.0,116.0,98.0,630.0,198.0,109.6936936936936,1232.0,1389.981981981982,106.0,31.0,792.0,1035.0,32.0
81,95.0,392.6666666666667,1388.076923076923,196.64102564102558,122.0,1341.0,630.4242424242424,93.0,66.0,407.3109243697479,783.3781512605042,184.0,90.33333333333326,2714.3333333333335,1083.6666666666667,136.0,101.20000000000005,636.0,769.0,171.0,78.328125,512.6875,1373.34375,166.96875,129.0,847.0,1027.0,172.0,77.98039215686276,508.0,776.0,178.0,115.8125,97.5,633.375,198.0,109.76576576576576,1232.0,1390.045045045045,106.0,31.0,801.3333333333334,1033.0,32.0
82,95.0,393.0,1388.2307692307693,195.9230769230769,122.0,1341.0,630.4545454545455,93.0,66.0,407.2773109243698,783.4453781512605,184.0,98.66666666666674,2712.6666666666665,1079.3333333333333,138.0,98.39999999999998,636.0,769.0,171.0,78.34375,512.625,1373.3125,167.0625,132.0,841.5,1024.0,177.5,78.11764705882354,508.0,776.0,178.0,115.625,97.0,636.75,198.0,109.83783783783792,1232.0,1390.1081081081081,106.0,31.0,810.6666666666666,1031.0,32.0
83,95.0,393.3333333333333,1388.3846153846155,195.20512820512823,122.0,1341.0,630.4848484848485,93.0,66.0,407.2436974789916,783.5126050420168,184.00000000000006,107.0,2711.0,1075.0,140.0,95.60000000000002,636.0,769.0,171.0,78.359375,512.5625,1373.28125,167.15625,135.0,836.0,1021.0,183.0,78.25490196078431,508.0,776.0,178.0,115.4375,96.5,640.125,198.0,109.90990990990986,1232.0,1390.1711711711712,106.0,31.0,820.0,1029.0,32.0
84,95.0,393.6666666666667,1388.5384615384614,194.4871794871795,122.0,1341.0,630.5151515151515,93.0,66.0,407.21008403361344,783.5798319327731,184.00000000000006,118.5,2712.5,1065.0,139.5,92.79999999999995,636.0,769.0,171.0,78.375,512.5,1373.25,167.25,134.57142857142856,838.1428571428571,1021.4285714285714,180.8571428571429,78.39215686274508,508.0,776.0,178.0,115.25,96.0,643.5,198.0,109.98198198198202,1232.0,1390.2342342342342,106.0,31.0,825.0,1029.25,32.25
85,95.0,394.0,1388.6923076923076,193.76923076923072,122.0,1341.0,630.5454545454545,93.0,66.0,407.1764705882353,783.6470588235294,183.99999999999994,130.0,2714.0,1055.0,139.0,90.0,636.0,769.0,171.0,78.390625,512.4375,1373.21875,167.34375,134.1428571428571,840.2857142857143,1021.8571428571429,178.71428571428567,78.52941176470586,508.0,776.0,178.0,115.0625,95.5,646.875,198.0,110.05405405405395,1232.0,1390.2972972972973,106.0,31.0,830.0,1029.5,32.5
86,95.0,394.3333333333333,1388.8461538461538,193.05128205128204,122.0,1341.0,630.5757575757576,93.0,66.0,407.14285714285717,783.7142857142857,183.99999999999994,129.93333333333317,2715.4666666666667,1051.9333333333334,138.66666666666652,94.0,636.0,769.0,171.0,78.40625,512.375,1373.1875,167.4375,133.71428571428567,842.4285714285714,1022.2857142857143,176.57142857142856,78.66666666666663,508.0,776.0,178.0,114.875,95.0,650.25,198.0,110.12612612612611,1232.0,1390.3603603603603,106.0,31.0,835.0,1029.75,32.75
87,95.0,394.6666666666667,1389.0,192.33333333333331,122.0,1341.0,630.6060606060606,93.0,66.0,407.109243697479,783.781512605042,184.0,129.8666666666668,2716.9333333333334,1048.8666666666666,138.33333333333348,98.0,636.0,769.0,171.0,78.421875,512.3125,1373.15625,167.53125,133.28571428571433,844.5714285714286,1022.7142857142857,174.42857142857144,78.8039215686274,508.0,776.0,178.0,114.6875,94.5,653.625,198.0,110.19819819819827,1232.0,1390.4234234234234,106.0,31.0,840.0,1030.0,33.0
88,95.0,395.0,1389.1538461538462,191.61538461538464,122.0,1341.0,630.6363636363636,93.0,66.0,407.07563025210084,783.8487394957983,184.0,129.79999999999995,2718.4,1045.8,138.0,102.0,636.0,769.0,171.0,78.4375,512.25,1373.125,167.625,132.8571428571429,846.7142857142857,1023.1428571428571,172.28571428571433,78.94117647058829,508.0,776.0,178.0,114.5,94.0,657.0,198.0,110.2702702702702,1232.0,1390.4864864864865,106.0,31.0,845.6666666666666,1036.3333333333333,33.0
89,95.0,395.3333333333333,1389.3076923076924,190.89743589743597,122.0,1341.0,630.6666666666666,93.0,66.0,407.0420168067227,783.9159663865546,184.0,129.73333333333335,2719.866666666667,1042.7333333333333,137.66666666666652,101.0,636.0,769.0,171.0,78.453125,512.1875,1373.09375,167.71875,132.42857142857144,848.8571428571429,1023.5714285714286,170.1428571428571,79.07843137254906,508.0,776.0,178.0,114.3125,93.5,660.375,198.0,110.34234234234236,1232.0,1390.5495495495495,106.0,31.0,851.3333333333334,1042.6666666666667,33.0
90,95.0,395.6666666666667,1389.4615384615386,190.17948717948713,122.0,1341.0,630.6969696969697,93.0,66.0,407.00840336134456,783.9831932773109,184.0,129.66666666666652,2721.3333333333335,1039.6666666666667,137.33333333333303,100.0,636.0,769.0,171.0,78.46875,512.125,1373.0625,167.8125,132.0,851.0,1024.0,168.0,79.21568627450984,508.0,776.0,178.0,114.125,93.0,663.75,198.0,110.41441441441452,1232.0,1390.6126126126126,106.0,31.0,857.0,1049.0,33.0
91,95.0,396.0,1389.6153846153845,189.46153846153845,122.0,1341.0,630.7272727272727,93.0,66.0,406.97478991596637,784.0504201680673,184.00000000000006,129.60000000000014,2722.8,1036.6,137.0,99.0,636.0,769.0,171.0,78.484375,512.0625,1373.03125,167.90625,131.57142857142867,853.1428571428571,1024.4285714285713,165.8571428571429,79.35294117647061,508.0,776.0,178.0,113.9375,92.5,667.125,198.0,110.48648648648646,1232.0,1390.6756756756756,106.0,31.0,860.6666666666666,1055.3333333333333,33.0
92,95.0,396.3333333333333,1389.7692307692307,188.74358974358978,122.0,1341.0,630.7575757575758,93.0,66.0,406.94117647058823,784.1176470588235,184.00000000000006,129.5333333333333,2724.266666666667,1033.5333333333333,136.66666666666652,98.0,636.0,769.0,171.0,78.5,512.0,1373.0,168.0,131.1428571428571,855.2857142857143,1024.857142857143,163.71428571428567,79.49019607843138,508.0,776.0,178.0,113.75,92.0,670.5,198.0,110.55855855855862,1232.0,1390.7387387387387,106.0,31.0,864.3333333333334,1061.6666666666667,33.0
93,95.0,396.6666666666667,1389.923076923077,188.02564102564105,122.0,1341.0,630.7878787878788,93.0,66.0,406.9075630252101,784.1848739495798,183.99999999999994,129.4666666666667,2725.733333333333,1030.4666666666667,136.33333333333348,97.0,636.0,769.0,171.0,78.515625,511.9375,1372.96875,168.09375,130.71428571428578,857.4285714285714,1025.2857142857142,161.57142857142856,79.62745098039215,508.0,776.0,178.0,113.5625,91.5,673.875,198.0,110.63063063063078,1232.0,1390.8018018018017,106.0,31.0,868.0,1068.0,33.0
94,95.0,397.0,1390.076923076923,187.30769230769226,122.0,1341.0,630.8181818181819,93.0,66.0,406.87394957983196,784.2521008403361,183.99999999999994,129.39999999999986,2727.2,1027.4,136.0,96.0,636.0,769.0,171.0,78.53125,511.875,1372.9375,168.1875,130.28571428571422,859.5714285714286,1025.7142857142858,159.42857142857144,79.76470588235293,508.0,776.0,178.0,113.375,91.0,677.25,198.0,110.70270270270271,1232.0,1390.8648648648648,106.0,31.0,870.0,1070.7142857142858,33.0
95,95.0,397.3333333333333,1390.2307692307693,186.5897435897436,122.0,1341.0,630.8484848484849,93.0,66.0,406.84033613445376,784.3193277310925,184.0,129.33333333333348,2728.6666666666665,1024.3333333333333,135.66666666666697,95.0,636.0,769.0,171.0,78.546875,511.8125,1372.90625,168.28125,129.8571428571429,861.7142857142857,1026.142857142857,157.28571428571433,79.9019607843137,508.0,776.0,178.0,113.1875,90.5,680.625,198.0,110.77477477477487,1232.0,1390.9279279279278,106.0,31.0,872.0,1073.4285714285713,33.0
96,95.0,397.6666666666667,1390.3846153846155,185.87179487179486,122.0,1341.0,630.8787878787879,93.0,66.0,406.8067226890756,784.3865546218487,184.0,129.26666666666665,2730.133333333333,1021.2666666666667,135.33333333333348,94.25,636.0,769.0,171.0,78.5625,511.75,1372.875,168.375,129.42857142857133,863.8571428571429,1026.5714285714287,155.1428571428571,80.03921568627447,508.0,776.0,178.0,113.0,90.0,684.0,198.0,110.84684684684703,1232.0,1390.990990990991,106.0,31.0,874.0,1076.142857142857,33.0
97,95.0,398.0,1390.5384615384614,185.1538461538462,122.0,1341.0,630.9090909090909,93.0,66.0,406.7731092436975,784.453781512605,184.0,129.20000000000005,2731.6,1018.2,135.0,93.5,636.0,769.0,171.0,78.578125,511.6875,1372.84375,168.46875,129.0,866.0,1027.0,153.0,80.17647058823525,508.0,776.0,178.0,116.75,89.5,687.5,198.0,110.91891891891896,1232.0,1391.054054054054,106.0,31.0,876.0,1078.857142857143,33.0
98,95.0,398.3333333333333,1390.6923076923076,184.4358974358974,122.0,1341.0,630.939393939394,93.0,66.0,406.73949579831935,784.5210084033613,184.0,129.13333333333333,2733.0666666666666,1015.1333333333333,134.66666666666652,92.75,636.0,769.0,171.0,78.59375,511.625,1372.8125,168.5625,122.66666666666674,866.3333333333334,1032.3333333333333,152.66666666666663,80.31372549019602,508.0,776.0,178.0,120.5,89.0,691.0,198.0,110.99099099099112,1232.0,1391.117117117117,106.0,31.0,878.0,1081.5714285714287,33.0
99,95.0,398.6666666666667,1390.8461538461538,183.71794871794867,122.0,1341.0,630.969696969697,93.0,66.0,406.70588235294116,784.5882352941177,184.00000000000006,129.06666666666683,2734.5333333333333,1012.0666666666666,134.33333333333348,92.0,636.0,769.0,171.0,78.609375,511.5625,1372.78125,168.65625,116.33333333333326,866.6666666666666,1037.6666666666667,152.33333333333337,80.45098039215691,508.0,776.0,178.0,124.25,88.5,694.5,198.0,111.06306306306305,1232.0,1391.1801801801803,106.0,31.0,880.0,1084.2857142857142,33.0
100,95.0,399.0,1391.0,183.0,122.0,1341.0,631.0,93.0,66.0,406.672268907563,784.655462184874,184.00000000000006,129.0,2736.0,1009.0,134.0,91.25,636.0,769.0,171.0,78.625,511.5,1372.75,168.75,110.0,867.0,1043.0,152.0,80.58823529411768,508.0,776.0,178.0,128.0,88.0,698.0,198.0,111.13513513513499,1232.0,1391.2432432432433,106.0,31.0,882.0,1087.0,33.0
101,95.45000000000005,399.55,1390.8,182.45,121.9636363636364,1340.9818181818182,631.0363636363636,93.0181818181818,66.0,406.6386554621849,784.7226890756302,183.99999999999994,127.76470588235293,2736.5882352941176,1010.7647058823529,134.0,90.5,636.0,769.0,171.0,78.640625,511.4375,1372.71875,168.84375,108.90000000000009,867.5,1043.3,151.5,80.72549019607845,508.0,776.0,178.0,128.25,88.0,701.4,198.0,111.20720720720715,1232.0,1391.3063063063064,106.0,31.0,883.625,1088.125,33.0
102,95.90000000000009,400.1,1390.6,181.89999999999998,121.92727272727268,1340.9636363636364,631.0727272727273,93.0363636363636,66.0,406.60504201680675,784.7899159663865,183.99999999999994,126.52941176470586,2737.176470588235,1012.5294117647059,134.0,89.75,636.0,769.0,171.0,78.65625,511.375,1372.6875,168.9375,107.80000000000018,868.0,1043.6,151.0,80.86274509803923,508.0,776.0,178.0,128.5,88.0,704.8,198.0,111.27927927927931,1232.0,1391.3693693693695,106.0,31.0,885.25,1089.25,33.0
103,96.34999999999991,400.65,1390.4,181.35000000000002,121.89090909090908,1340.9454545454546,631.1090909090909,93.0545454545454,66.0,406.57142857142856,784.8571428571429,184.0,125.29411764705878,2737.764705882353,1014.2941176470588,134.0,89.0,636.0,769.0,171.0,78.671875,511.3125,1372.65625,169.03125,106.69999999999982,868.5,1043.9,150.5,81.0,508.0,776.0,178.0,128.75,88.0,708.2,198.0,111.35135135135124,1232.0,1391.4324324324325,106.0,31.0,886.875,1090.375,33.0
104,96.79999999999995,401.2,1390.2,180.8,121.85454545454547,1340.9272727272728,631.1454545454545,93.0727272727272,66.0,406.5378151260504,784.9243697478992,184.0,124.05882352941171,2738.3529411764707,1016.0588235294117,134.0,88.25,636.0,769.0,171.0,78.6875,511.25,1372.625,169.125,105.59999999999991,869.0,1044.2,150.0,80.69230769230774,508.0,776.3076923076923,178.0,129.0,88.0,711.6,198.0,111.4234234234234,1232.0,1391.4954954954956,106.0,31.0,888.5,1091.5,33.0
105,97.25,401.75,1390.0,180.25,121.81818181818187,1340.909090909091,631.1818181818181,93.09090909090901,66.0,406.5042016806723,784.9915966386554,184.0,122.82352941176475,2738.9411764705883,1017.8235294117648,134.0,87.5,636.0,769.0,171.0,78.703125,511.1875,1372.59375,169.21875,104.5,869.5,1044.5,149.5,80.38461538461536,508.0,776.6153846153846,178.0,129.25,88.0,715.0,198.0,111.49549549549533,1232.0,1391.5585585585586,106.0,31.0,890.125,1092.625,33.0
106,97.70000000000005,402.3,1389.8,179.7,121.78181818181815,1340.8909090909092,631.2181818181818,93.10909090909081,66.0,406.47058823529414,785.0588235294117,184.0,121.58823529411768,2739.529411764706,1019.5882352941177,134.0,86.75,636.0,769.0,171.0,78.71875,511.125,1372.5625,169.3125,103.40000000000009,870.0,1044.8,149.0,80.0769230769231,508.0,776.9230769230769,178.0,129.5,88.0,718.4,198.0,111.5675675675675,1232.0,1391.6216216216217,106.0,31.0,891.75,1093.75,33.0
107,98.15000000000009,402.85,1389.6,179.14999999999998,121.74545454545455,1340.8727272727272,631.2545454545455,93.12727272727284,66.0,406.43697478991595,785.1260504201681,184.00000000000006,120.35294117647061,2740.1176470588234,1021.3529411764706,134.0,86.0,636.0,769.0,171.0,78.734375,511.0625,1372.53125,169.40625,102.30000000000018,870.5,1045.1,148.5,79.76923076923072,508.0,777.2307692307693,178.0,129.75,88.0,721.8,198.0,111.63963963963965,1232.0,1391.6846846846847,106.0,31.0,893.375,1094.875,33.0
108,98.59999999999991,403.4,1389.4,178.60000000000002,121.70909090909095,1340.8545454545454,631.290909090909,93.14545454545464,66.0,406.4033613445378,785.1932773109244,184.00000000000006,119.11764705882354,2740.705882352941,1023.1176470588235,134.0,91.33333333333337,636.0,769.0,171.0,78.75,511.0,1372.5,169.5,101.19999999999982,871.0,1045.4,148.0,79.46153846153845,508.0,777.5384615384615,178.0,130.0,88.0,725.2,198.0,111.71171171171159,1232.0,1391.7477477477478,106.0,31.0,895.0,1096.0,33.0
109,99.04999999999995,403.95,1389.2,178.05,121.67272727272723,1340.8363636363636,631.3272727272728,93.16363636363644,66.0,406.3697478991597,785.2605042016806,183.99999999999994,117.88235294117635,2741.294117647059,1024.8823529411766,134.0,96.66666666666663,636.0,769.0,171.0,78.765625,510.9375,1372.46875,169.59375,100.09999999999991,871.5,1045.7,147.5,79.15384615384619,508.0,777.8461538461538,178.0,130.25,88.0,728.6,198.0,111.78378378378375,1232.0,1391.8108108108108,106.0,31.0,896.5833333333334,1095.4166666666667,33.0
110,99.5,404.5,1389.0,177.5,121.63636363636363,1340.8181818181818,631.3636363636364,93.18181818181824,66.0,406.33613445378154,785.3277310924369,183.99999999999994,116.64705882352928,2741.8823529411766,1026.6470588235295,134.0,102.0,636.0,769.0,171.0,78.78125,510.875,1372.4375,169.6875,99.0,872.0,1046.0,147.0,78.84615384615381,508.0,778.1538461538462,178.0,130.5,88.0,732.0,198.0,111.8558558558559,1232.0,1391.873873873874,106.0,31.0,898.1666666666666,1094.8333333333333,33.0
111,99.95000000000005,405.05,1388.8,176.95,121.60000000000002,1340.8,631.4,93.20000000000005,66.0,406.30252100840335,785.3949579831933,184.0,115.4117647058822,2742.470588235294,1028.4117647058824,134.0,101.60000000000002,636.0,769.0,171.0,78.796875,510.8125,1372.40625,169.78125,99.0,871.9090909090909,1046.0,147.09090909090912,78.53846153846155,508.0,778.4615384615385,178.0,130.75,88.0,735.4,198.0,111.92792792792784,1232.0,1391.936936936937,106.0,31.0,899.75,1094.25,33.0
112,100.40000000000009,405.6,1388.6,176.39999999999998,121.56363636363642,1340.7818181818182,631.4363636363636,93.21818181818185,66.0,406.2689075630252,785.4621848739496,184.0,114.17647058823513,2743.0588235294117,1030.1764705882354,134.0,101.20000000000005,636.0,769.0,171.0,78.8125,510.75,1372.375,169.875,99.0,871.8181818181819,1046.0,147.18181818181813,78.23076923076928,508.0,778.7692307692307,178.0,131.0,88.0,738.8,198.0,112.0,1232.0,1392.0,106.0,31.0,901.3333333333334,1093.6666666666667,33.0
113,100.84999999999991,406.15,1388.4,175.85000000000002,121.5272727272727,1340.7636363636364,631.4727272727273,93.23636363636365,66.0,406.2352941176471,785.5294117647059,184.0,112.94117647058829,2743.6470588235293,1031.9411764705883,134.0,100.79999999999995,636.0,769.0,171.0,78.828125,510.6875,1372.34375,169.96875,99.0,871.7272727272727,1046.0,147.27272727272725,77.9230769230769,508.0,779.0769230769231,178.0,131.25,88.0,742.2,198.0,112.0,1232.0227272727273,1391.9772727272727,106.0,31.0,902.9166666666666,1093.0833333333333,33.0
114,101.29999999999995,406.7,1388.2,175.3,121.4909090909091,1340.7454545454545,631.5090909090909,93.25454545454545,66.0,406.20168067226894,785.5966386554621,184.0,111.70588235294122,2744.235294117647,1033.7058823529412,134.0,100.39999999999998,636.0,769.0,171.0,78.84375,510.625,1372.3125,170.0625,99.0,871.6363636363636,1046.0,147.36363636363637,77.61538461538464,508.0,779.3846153846154,178.0,131.5,88.0,745.6,198.0,112.0,1232.0454545454545,1391.9545454545455,106.0,31.0,904.5,1092.5,33.0
115,101.75,407.25,1388.0,174.75,121.4545454545455,1340.7272727272727,631.5454545454545,93.27272727272725,66.0,406.16806722689074,785.6638655462185,184.00000000000006,110.47058823529414,2744.823529411765,1035.4705882352941,134.0,100.0,636.0,769.0,171.0,78.859375,510.5625,1372.28125,170.15625,99.0,871.5454545454545,1046.0,147.4545454545455,77.30769230769226,508.0,779.6923076923077,178.0,131.75,88.0,749.0,198.0,112.0,1232.0681818181818,1391.9318181818182,106.0,31.0,906.0833333333334,1091.9166666666667,33.0
116,102.20000000000005,407.8,1387.8,174.2,121.41818181818178,1340.709090909091,631.5818181818182,93.29090909090905,66.0,406.1344537815126,785.7310924369748,184.00000000000006,109.23529411764707,2745.4117647058824,1037.235294117647,134.0,98.5,636.0,769.0,171.0,78.875,510.5,1372.25,170.25,99.0,871.4545454545455,1046.0,147.5454545454545,77.0,508.0,780.0,178.0,132.0,88.0,752.4,198.0,112.0,1232.090909090909,1391.909090909091,106.0,31.0,907.6666666666666,1091.3333333333333,33.0
117,102.65000000000009,408.35,1387.6,173.64999999999998,121.38181818181818,1340.6909090909091,631.6181818181818,93.30909090909086,66.0,406.10084033613447,785.7983193277311,183.99999999999994,108.0,2746.0,1039.0,134.0,97.0,636.0,769.0,171.0,78.890625,510.4375,1372.21875,170.34375,99.0,871.3636363636364,1046.0,147.63636363636363,76.69230769230774,508.0,780.3076923076923,178.0,132.25,88.0,755.8,198.0,112.0,1232.1136363636363,1391.8863636363637,106.0,31.0,909.25,1090.75,33.0
118,103.09999999999991,408.9,1387.4,173.10000000000002,121.34545454545457,1340.6727272727273,631.6545454545454,93.32727272727266,66.0,406.06722689075633,785.8655462184873,183.99999999999994,105.33333333333326,2746.0,1041.6666666666667,134.33333333333348,95.5,636.0,769.0,171.0,78.90625,510.375,1372.1875,170.4375,99.0,871.2727272727273,1046.0,147.72727272727275,76.38461538461536,508.0,780.6153846153846,178.0,132.5,88.0,759.2,198.0,112.0,1232.1363636363637,1391.8636363636363,106.0,31.0,910.8333333333334,1090.1666666666667,33.0
119,103.54999999999995,409.45,1387.2,172.55,121.30909090909086,1340.6545454545455,631.6909090909091,93.34545454545446,66.0,406.03361344537814,785.9327731092437,184.0,102.66666666666674,2746.0,1044.3333333333333,134.66666666666652,94.0,636.0,769.0,171.0,78.921875,510.3125,1372.15625,170.53125,99.0,871.1818181818181,1046.0,147.81818181818187,76.0769230769231,508.0,780.9230769230769,178.0,132.75,88.0,762.6,198.0,112.0,1232.159090909091,1391.840909090909,106.0,31.0,912.4166666666666,1089.5833333333333,33.0
120,104.0,410.0,1387.0,172.0,121.27272727272725,1340.6363636363637,631.7272727272727,93.36363636363626,66.0,406.0,786.0,184.0,100.0,2746.0,1047.0,135.0,92.5,636.0,769.0,171.0,78.9375,510.25,1372.125,170.625,99.0,871.0909090909091,1046.0,147.90909090909088,75.76923076923072,508.0,781.2307692307693,178.0,133.0,88.0,766.0,198.0,112.0,1232.1818181818182,1391.8181818181818,106.0,31.0,914.0,1089.0,33.0
121,103.90000000000009,410.95,1386.85,171.00000000000006,121.23636363636365,1340.6181818181817,631.7636363636364,93.38181818181829,65.76923076923083,406.15384615384613,786.9230769230769,184.00000000000006,100.0,2746.85,1048.15,135.0,91.0,636.0,769.0,171.0,78.953125,510.1875,1372.09375,170.71875,99.0,871.0,1046.0,148.0,75.46153846153845,508.0,781.5384615384615,178.0,132.0999999999999,88.4,769.2,197.99999999999997,112.0,1232.2045454545455,1391.7954545454545,106.0,31.0,905.25,1090.75,33.0
122,103.79999999999995,411.9,1386.7,170.0,121.20000000000005,1340.6,631.8,93.40000000000009,65.53846153846155,406.3076923076923,787.8461538461538,183.99999999999994,100.0,2747.7,1049.3,135.0,96.0,636.0,769.0,171.0,78.96875,510.125,1372.0625,170.8125,99.0,870.9090909090909,1046.0,148.09090909090912,75.15384615384619,508.0,781.8461538461538,178.0,131.20000000000005,88.8,772.4,198.0,112.0,1232.2272727272727,1391.7727272727273,106.0,31.0,896.5,1092.5,33.0
123,103.70000000000005,412.85,1386.55,169.0,121.16363636363633,1340.581818181818,631.8363636363637,93.41818181818189,65.30769230769238,406.46153846153845,788.7692307692307,184.0,100.0,2748.55,1050.45,135.0,101.0,636.0,769.0,171.0,78.984375,510.0625,1372.03125,170.90625,99.0,870.8181818181819,1046.0,148.18181818181813,74.84615384615381,508.0,782.1538461538462,178.0,130.29999999999995,89.2,775.6,198.0,112.0,1232.25,1391.75,106.0,31.0,887.75,1094.25,33.0
124,103.59999999999991,413.8,1386.4,167.99999999999994,121.12727272727273,1340.5636363636363,631.8727272727273,93.4363636363637,65.07692307692298,406.61538461538464,789.6923076923077,184.0,100.0,2749.4,1051.6,135.0,101.0,636.1666666666666,769.9166666666666,171.0,79.0,510.0,1372.0,171.0,99.0,870.7272727272727,1046.0,148.27272727272725,74.53846153846155,508.0,782.4615384615385,178.0,129.4000000000001,89.6,778.8,198.00000000000003,112.0,1232.2727272727273,1391.7272727272727,106.0,31.0,879.0,1096.0,33.0
125,103.5,414.75,1386.25,167.0,121.09090909090912,1340.5454545454545,631.9090909090909,93.4545454545455,64.84615384615381,406.7692307692308,790.6153846153846,183.99999999999994,100.0,2750.25,1052.75,135.0,101.0,636.3333333333334,770.8333333333334,171.0,78.70000000000005,509.9,1372.6,173.70000000000005,99.0,870.6363636363636,1046.0,148.36363636363637,74.23076923076928,508.0,782.7692307692307,178.0,128.5,90.0,782.0,198.0,112.0,1232.2954545454545,1391.7045454545455,106.0,31.0,869.5,1096.5,33.0
126,103.40000000000009,415.7,1386.1,166.00000000000006,121.0545454545454,1340.5272727272727,631.9454545454546,93.4727272727273,64.61538461538464,406.9230769230769,791.5384615384615,184.0,100.0,2751.1,1053.9,135.0,101.0,636.5,771.75,171.0,78.39999999999986,509.8,1373.2,176.40000000000003,99.0,870.5454545454545,1046.0,148.4545454545455,73.9230769230769,508.0,783.0769230769231,178.0,127.59999999999991,90.4,785.2,197.99999999999997,112.0,1232.3181818181818,1391.6818181818182,106.0,31.0,860.0,1097.0,33.0
127,103.29999999999995,416.65,1385.95,165.0,121.0181818181818,1340.509090909091,631.9818181818182,93.4909090909091,64.38461538461536,407.0769230769231,792.4615384615385,184.0,100.0,2751.95,1055.05,135.0,101.0,636.6666666666666,772.6666666666666,171.0,78.10000000000014,509.7,1373.8,179.09999999999997,99.0,870.4545454545455,1046.0,148.5454545454545,73.61538461538464,508.0,783.3846153846154,178.0,126.70000000000005,90.8,788.4,198.0,112.0,1232.340909090909,1391.659090909091,106.0,31.0,858.5,1094.0,33.0
128,103.20000000000005,417.6,1385.8,164.0,120.9818181818182,1340.490909090909,632.0181818181818,93.5090909090909,64.15384615384619,407.2307692307692,793.3846153846154,184.00000000000006,100.0,2752.8,1056.2,135.0,101.0,636.8333333333334,773.5833333333334,171.0,77.79999999999995,509.6,1374.4,181.79999999999995,99.0,870.3636363636364,1046.0,148.63636363636363,73.30769230769226,508.0,783.6923076923077,178.0,125.79999999999995,91.2,791.6,198.0,112.0,1232.3636363636363,1391.6363636363637,106.0,31.0,857.0,1091.0,33.0
129,103.09999999999991,418.55,1385.65,162.99999999999994,120.9454545454546,1340.4727272727273,632.0545454545454,93.5272727272727,63.92307692307702,407.38461538461536,794.3076923076923,184.0,100.0,2753.65,1057.35,135.0,101.0,637.0,774.5,171.0,77.5,509.5,1375.0,184.5,99.0,870.2727272727273,1046.0,148.72727272727275,73.0,508.0,784.0,178.0,124.90000000000009,91.6,794.8,198.00000000000003,112.0,1232.3863636363637,1391.6136363636363,106.0,31.0,862.0,1087.0,33.0
130,103.0,419.5,1385.5,162.0,120.90909090909088,1340.4545454545455,632.0909090909091,93.5454545454545,63.69230769230762,407.53846153846155,795.2307692307693,184.0,100.0,2754.5,1058.5,135.0,101.0,637.1666666666666,775.4166666666666,171.0,77.20000000000005,509.4,1375.6,187.20000000000005,99.0,870.1818181818181,1046.0,148.81818181818187,73.125,508.0,783.875,178.0,124.0,92.0,798.0,198.0,112.0,1232.409090909091,1391.590909090909,106.0,31.0,870.0,1083.0,33.0
131,102.90000000000009,420.45,1385.35,161.00000000000006,120.87272727272727,1340.4363636363637,632.1272727272727,93.5636363636363,63.46153846153845,407.6923076923077,796.1538461538462,184.00000000000006,100.0,2755.35,1059.65,135.0,101.0,637.3333333333334,776.3333333333334,171.0,76.89999999999986,509.3,1376.2,189.90000000000003,99.0,870.0909090909091,1046.0,148.90909090909088,73.25,508.0,783.75,178.0,123.09999999999991,92.4,801.2,197.99999999999997,112.0,1232.4318181818182,1391.5681818181818,106.0,31.0,876.0,1079.0,33.0
132,102.79999999999995,421.4,1385.2,160.0,120.83636363636367,1340.418181818182,632.1636363636363,93.58181818181811,63.23076923076917,407.84615384615387,797.0769230769231,183.99999999999994,100.0,2756.2,1060.8,135.0,101.0,637.5,777.25,171.0,76.60000000000014,509.2,1376.8,192.59999999999997,99.0,870.0,1046.0,149.0,73.375,508.0,783.625,178.0,122.20000000000005,92.8,804.4,198.0,112.0,1232.4545454545455,1391.5454545454545,106.0,31.0,882.0,1075.0,33.0
133,102.70000000000005,422.35,1385.05,159.0,120.79999999999995,1340.4,632.2,93.59999999999991,63.0,408.0,798.0,184.0,100.0,2757.05,1061.95,135.0,101.0,637.6666666666666,778.1666666666666,171.0,76.29999999999995,509.1,1377.4,195.29999999999995,99.0,865.8,1046.0,153.20000000000005,73.5,508.0,783.5,178.0,121.29999999999995,93.2,807.6,198.0,112.0,1232.4772727272727,1391.5227272727273,106.0,31.0,882.6666666666666,1072.6666666666667,33.0
134,102.59999999999991,423.3,1384.9,157.99999999999994,120.76363636363635,1340.3818181818183,632.2363636363636,93.61818181818171,63.66666666666663,408.3333333333333,800.3333333333334,184.00000000000006,100.0,2757.9,1063.1,135.0,101.0,637.8333333333334,779.0833333333334,171.0,76.0,509.0,1378.0,198.0,99.0,861.6,1046.0,157.39999999999998,73.625,508.0,783.375,178.0,120.40000000000009,93.6,810.8,198.00000000000003,112.0,1232.5,1391.5,106.0,31.0,883.3333333333334,1070.3333333333333,33.0
135,102.5,424.25,1384.75,157.0,120.72727272727275,1340.3636363636363,632.2727272727273,93.63636363636374,64.33333333333337,408.6666666666667,802.6666666666666,183.99999999999994,100.0,2758.75,1064.25,135.0,101.0,638.0,780.0,171.0,78.83333333333326,512.6666666666666,1375.1666666666667,194.33333333333337,99.0,857.4,1046.0,161.60000000000002,73.75,508.0,783.25,178.0,119.5,94.0,814.0,198.0,112.0,1232.5227272727273,1391.4772727272727,106.0,31.0,884.0,1068.0,33.0
136,102.40000000000009,425.2,1384.6,156.00000000000006,120.69090909090914,1340.3454545454545,632.3090909090909,93.65454545454554,65.0,409.0,805.0,184.0,100.0,2759.6,1065.4,135.0,101.0,638.0,774.3333333333334,171.0,81.66666666666674,516.3333333333334,1372.3333333333333,190.66666666666663,99.0,853.2,1046.0,165.79999999999995,73.875,508.0,783.125,178.0,118.59999999999991,94.4,817.2,197.99999999999997,112.0,1232.5454545454545,1391.4545454545455,106.0,31.0,879.0,1067.0,33.0
137,102.29999999999995,426.15,1384.45,155.0,120.65454545454543,1340.3272727272727,632.3454545454546,93.67272727272734,71.25,409.25,807.25,184.0,100.0,2760.45,1066.55,135.0,101.0,638.0,768.6666666666666,171.0,84.5,520.0,1369.5,187.0,99.0,849.0,1046.0,170.0,74.0,508.0,783.0,178.0,117.70000000000005,94.8,820.4,198.0,112.0,1232.5681818181818,1391.4318181818182,106.0,31.0,863.5,1066.0,33.0
138,102.20000000000005,427.1,1384.3,154.0,120.61818181818182,1340.3090909090909,632.3818181818182,93.69090909090914,77.5,409.5,809.5,184.0,100.0,2761.3,1067.7,135.0,101.0,638.0,763.0,171.0,87.33333333333326,523.6666666666666,1366.6666666666667,183.33333333333337,99.0,837.0,1046.0,182.0,80.66666666666663,508.0,776.3333333333334,178.0,116.79999999999995,95.2,823.6,198.0,112.0,1232.590909090909,1391.409090909091,106.0,31.0,848.0,1065.0,33.0
139,102.09999999999991,428.05,1384.15,152.99999999999994,120.58181818181822,1340.290909090909,632.4181818181818,93.70909090909095,83.75,409.75,811.75,184.0,100.0,2762.15,1068.85,135.0,107.75,638.0,763.0,171.0,90.16666666666674,527.3333333333334,1363.8333333333333,179.66666666666663,99.0,825.0,1046.0,194.0,87.33333333333337,508.0,769.6666666666666,178.0,115.90000000000009,95.6,826.8,198.00000000000003,112.0,1232.6136363636363,1391.3863636363637,106.0,31.0,822.0,1065.0,33.0
140,102.0,429.0,1384.0,152.0,120.5454545454545,1340.2727272727273,632.4545454545455,93.72727272727275,90.0,410.0,814.0,184.0,100.0,2763.0,1070.0,135.0,114.5,638.0,763.0,171.0,93.0,531.0,1361.0,176.0,99.0,813.0,1046.0,206.0,94.0,508.0,763.0,178.0,115.0,96.0,830.0,198.0,112.0,1232.6363636363637,1391.3636363636363,106.0,31.0,796.0,1065.0,33.0
141,106.33333333333348,426.3333333333333,1377.3333333333333,154.00000000000006,120.5090909090909,1340.2545454545455,632.4909090909091,93.74545454545455,87.5,409.0,811.5,183.0,100.0,2762.8,1069.55,135.0,121.25,638.0,763.0,171.0,95.59999999999991,526.8,1356.4,178.0,99.0,801.0,1046.0,218.0,105.75,506.5,760.0,178.75,114.64285714285722,98.28571428571429,832.7142857142857,198.5,112.0,1232.659090909091,1391.340909090909,106.0,31.5,767.0,1065.4,33.5
142,110.66666666666652,423.6666666666667,1370.6666666666667,155.99999999999994,120.4727272727273,1340.2363636363636,632.5272727272727,93.76363636363635,85.0,408.0,809.0,182.0,100.0,2762.6,1069.1,135.0,128.0,638.0,763.0,171.0,98.20000000000005,522.6,1351.8,180.0,99.0,801.8,1046.0,217.20000000000005,117.5,505.0,757.0,179.5,114.28571428571422,100.57142857142857,835.4285714285714,199.0,112.0,1232.6818181818182,1391.3181818181818,106.0,32.0,738.0,1065.8,34.0
143,115.0,421.0,1364.0,158.0,120.43636363636358,1340.2181818181818,632.5636363636364,93.78181818181815,94.44444444444446,410.77777777777777,809.5555555555555,180.22222222222223,100.0,2762.4,1068.65,135.0,130.75,637.25,764.75,171.0,100.79999999999995,518.4,1347.2,182.0,99.0,802.6,1046.0,216.39999999999998,129.25,503.5,754.0,180.25,113.92857142857144,102.85714285714286,838.1428571428571,199.49999999999997,112.0,1232.7045454545455,1391.2954545454545,106.0,32.5,709.0,1066.2,34.5
144,117.66666666666674,421.0,1357.0,158.66666666666663,120.39999999999998,1340.2,632.6,93.79999999999995,103.88888888888891,413.55555555555554,810.1111111111111,178.44444444444446,100.0,2762.2,1068.2,135.0,133.5,636.5,766.5,171.0,103.40000000000009,514.2,1342.6,184.0,99.0,803.4,1046.0,215.60000000000002,141.0,502.0,751.0,181.0,113.57142857142856,105.14285714285714,840.8571428571429,200.00000000000003,112.0,1232.7272727272727,1391.2727272727273,106.0,33.0,680.0,1066.6,35.0
145,120.33333333333326,421.0,1350.0,159.33333333333337,120.36363636363637,1340.1818181818182,632.6363636363636,93.81818181818176,113.33333333333337,416.3333333333333,810.6666666666666,176.66666666666669,100.0,2762.0,1067.75,135.0,136.25,635.75,768.25,171.0,106.0,510.0,1338.0,186.0,99.0,804.2,1046.0,214.79999999999995,144.39999999999998,500.0,755.0,180.39999999999998,113.21428571428578,107.42857142857143,843.5714285714286,200.5,112.0,1232.75,1391.25,106.0,33.5,651.0,1067.0,35.5
146,123.0,421.0,1343.0,160.0,120.32727272727277,1340.1636363636364,632.6727272727272,93.83636363636356,122.77777777777783,419.1111111111111,811.2222222222222,174.8888888888889,100.0,2761.8,1067.3,135.0,139.0,635.0,770.0,171.0,118.0,493.0,1325.5,203.0,99.0,805.0,1046.0,214.0,147.79999999999995,498.0,759.0,179.79999999999995,112.85714285714278,109.71428571428571,846.2857142857143,201.0,112.0,1232.7727272727273,1391.2272727272727,106.0,34.0,622.0,1067.4,36.0
147,125.11111111111109,417.55555555555554,1335.3333333333333,160.0,120.29090909090905,1340.1454545454546,632.709090909091,93.85454545454536,132.22222222222217,421.8888888888889,811.7777777777778,173.1111111111111,100.0,2761.6,1066.85,135.0,127.75,630.75,787.25,171.0,130.0,476.0,1313.0,220.0,99.0,805.8,1046.0,213.20000000000005,151.20000000000005,496.0,763.0,179.20000000000005,112.5,112.0,849.0,201.5,112.0,1232.7954545454545,1391.2045454545455,106.0,34.5,593.0,1067.8,36.5
148,127.22222222222217,414.1111111111111,1327.6666666666667,160.0,120.25454545454545,1340.1272727272728,632.7454545454545,93.87272727272716,141.66666666666663,424.6666666666667,812.3333333333334,171.33333333333331,100.0,2761.4,1066.4,135.0,116.5,626.5,804.5,171.0,128.5,478.0,1304.0,207.0,99.0,806.6,1046.0,212.39999999999998,154.60000000000002,494.0,767.0,178.60000000000002,112.14285714285722,114.28571428571428,851.7142857142857,202.0,112.0,1232.8181818181818,1391.1818181818182,106.0,35.0,564.0,1068.2,37.0
149,129.33333333333326,410.6666666666667,1320.0,159.99999999999994,120.21818181818185,1340.1090909090908,632.7818181818182,93.89090909090919,151.1111111111111,427.44444444444446,812.8888888888889,169.55555555555554,100.0,2761.2,1065.95,135.0,105.25,622.25,821.75,171.0,127.0,480.0,1295.0,194.0,99.0,807.4,1046.0,211.60000000000002,158.0,492.0,771.0,178.0,111.78571428571422,116.57142857142857,854.4285714285714,202.5,112.0,1232.840909090909,1391.159090909091,106.0,35.5,535.0,1068.6,37.5
150,131.44444444444457,407.22222222222223,1312.3333333333333,159.99999999999994,120.18181818181813,1340.090909090909,632.8181818181819,93.90909090909099,160.55555555555554,430.22222222222223,813.4444444444445,167.77777777777777,100.0,2761.0,1065.5,135.0,94.0,618.0,839.0,171.0,119.0,473.0,1297.0,195.0,99.0,808.2,1046.0,210.79999999999995,153.63636363636363,490.8181818181818,778.6363636363636,175.8181818181818,111.42857142857144,118.85714285714286,857.1428571428571,202.99999999999997,112.0,1232.8636363636363,1391.1363636363637,106.0,36.0,506.0,1069.0,38.0
151,133.55555555555543,403.77777777777777,1304.6666666666667,160.00000000000006,120.14545454545453,1340.0727272727272,632.8545454545455,93.9272727272728,170.0,433.0,814.0,166.0,100.0,2760.8,1065.05,135.0,109.5,614.75,842.5,167.75,105.0,478.0,1302.0,190.0,99.0,809.0,1046.0,210.0,149.27272727272725,489.6363636363636,786.2727272727273,173.63636363636363,111.07142857142856,121.14285714285714,859.8571428571429,203.50000000000003,112.0,1232.8863636363637,1391.1136363636363,106.0,39.0,477.0,1067.0,46.0
152,135.66666666666674,400.3333333333333,1297.0,160.00000000000006,120.10909090909092,1340.0545454545454,632.8909090909091,93.9454545454546,167.66666666666663,434.0,822.7777777777778,166.8888888888889,100.0,2760.6,1064.6,135.0,125.0,611.5,846.0,164.5,101.25,475.75,1297.0,191.75,99.0,815.6666666666666,1046.0,203.33333333333337,144.909090909091,488.45454545454544,793.9090909090909,171.45454545454544,110.71428571428578,123.42857142857143,862.5714285714286,204.0,112.0,1232.909090909091,1391.090909090909,106.0,38.66666666666674,453.3333333333333,1068.0,45.0
153,137.77777777777783,396.8888888888889,1289.3333333333333,160.0,120.07272727272732,1340.0363636363636,632.9272727272727,93.9636363636364,165.33333333333337,435.0,831.5555555555555,167.77777777777783,100.0,2760.4,1064.15,135.0,140.5,608.25,849.5,161.25,97.5,473.5,1292.0,193.5,99.0,822.3333333333334,1046.0,196.66666666666663,140.54545454545462,487.27272727272725,801.5454545454545,169.27272727272725,110.35714285714278,125.71428571428572,865.2857142857143,204.5,112.0,1232.9318181818182,1391.0681818181818,106.0,38.33333333333326,429.6666666666667,1069.0,44.0
154,139.8888888888889,393.44444444444446,1281.6666666666667,160.0,120.0363636363636,1340.0181818181818,632.9636363636364,93.9818181818182,163.0,436.0,840.3333333333334,168.66666666666663,100.0,2760.2,1063.7,135.0,156.0,605.0,853.0,158.0,93.75,471.25,1287.0,195.25,99.0,829.0,1046.0,190.0,136.18181818181824,486.09090909090907,809.1818181818181,167.09090909090907,110.0,128.0,868.0,205.0,112.0,1232.9545454545455,1391.0454545454545,106.0,38.0,406.0,1070.0,43.0
155,142.0,390.0,1274.0,160.0,120.0,1340.0,633.0,94.0,160.66666666666674,437.0,849.1111111111111,169.55555555555554,100.0,2760.0,1063.25,135.0,150.33333333333326,604.3333333333334,869.3333333333334,158.0,90.0,469.0,1282.0,197.0,99.0,835.6666666666666,1046.0,183.33333333333337,131.81818181818187,484.90909090909093,816.8181818181818,164.90909090909093,109.5,134.0,870.3333333333334,205.5,112.0,1232.9772727272727,1391.0227272727273,106.0,38.333333333333485,384.3333333333333,1071.3333333333333,43.33333333333337
156,134.0,386.6,1269.4,158.39999999999998,119.9636363636364,1339.9818181818182,633.0363636363636,94.0181818181818,158.33333333333326,438.0,857.8888888888889,170.44444444444446,100.0,2759.8,1062.8,135.0,144.66666666666663,603.6666666666666,885.6666666666666,158.0,103.20000000000005,467.0,1265.2,197.20000000000005,99.0,842.3333333333334,1046.0,176.66666666666663,127.45454545454538,483.72727272727275,824.4545454545455,162.72727272727275,109.0,140.0,872.6666666666666,206.0,112.0,1233.0,1391.0,106.0,38.666666666666515,362.6666666666667,1072.6666666666667,43.66666666666663
157,126.0,383.2,1264.8,156.8,119.92727272727268,1339.9636363636364,633.0727272727273,94.0363636363636,156.0,439.0,866.6666666666666,171.33333333333337,100.0,2759.6,1062.35,135.0,139.0,603.0,902.0,158.0,116.39999999999986,465.0,1248.4,197.39999999999998,99.0,849.0,1046.0,170.0,123.09090909090901,482.54545454545456,832.0909090909091,160.54545454545456,108.5,146.0,875.0,206.5,112.0,1233.0227272727273,1390.9772727272727,106.0,39.0,341.0,1074.0,44.0
158,118.0,379.8,1260.2,155.2,119.89090909090908,1339.9454545454546,633.1090909090909,94.0545454545454,153.66666666666663,440.0,875.4444444444445,172.22222222222217,100.0,2759.4,1061.9,135.0,120.00000000000011,602.3333333333334,922.6666666666666,154.33333333333326,129.60000000000014,463.0,1231.6,197.60000000000002,99.0,869.0,1046.0,150.0,118.72727272727275,481.3636363636364,839.7272727272727,158.36363636363637,108.0,152.0,877.3333333333334,207.0,112.0,1233.0454545454545,1390.9545454545455,106.0,38.0,324.3333333333333,1075.3333333333333,42.0
159,110.0,376.4,1255.6,153.60000000000002,119.85454545454547,1339.9272727272728,633.1454545454545,94.0727272727272,151.33333333333348,441.0,884.2222222222222,173.1111111111111,100.0,2759.2,1061.45,135.0,100.99999999999989,601.6666666666666,943.3333333333334,150.66666666666674,142.79999999999995,461.0,1214.8,197.79999999999995,101.79999999999995,869.0,1043.2,150.0,114.36363636363637,480.1818181818182,847.3636363636364,156.1818181818182,107.5,158.0,879.6666666666666,207.5,112.0,1233.0681818181818,1390.9318181818182,106.0,37.0,307.6666666666667,1076.6666666666667,40.0
160,102.0,373.0,1251.0,152.0,119.81818181818187,1339.909090909091,633.1818181818181,94.09090909090901,149.0,442.0,893.0,174.0,100.0,2759.0,1061.0,135.0,82.0,601.0,964.0,147.0,156.0,459.0,1198.0,198.0,104.59999999999991,869.0,1040.4,150.0,110.0,479.0,855.0,154.0,107.0,164.0,882.0,208.0,112.0,1233.090909090909,1390.909090909091,106.0,36.0,291.0,1078.0,38.0
161,100.33333333333348,371.0,1244.3333333333333,150.83333333333337,119.78181818181815,1339.8909090909092,633.2181818181818,94.10909090909081,143.375,442.0,899.875,175.125,100.29999999999995,2759.0,1061.0,134.9000000000001,88.75,594.25,969.75,150.25,150.5,454.6,1195.9,198.89999999999998,107.40000000000009,869.0,1037.6,150.0,108.04999999999995,478.35,856.2,155.25,106.6875,168.6875,884.375,209.1875,112.0,1233.1136363636363,1390.8863636363637,106.0,36.0,275.6666666666667,1080.0,38.0
162,98.66666666666652,369.0,1237.6666666666667,149.66666666666663,119.74545454545455,1339.8727272727272,633.2545454545455,94.12727272727284,137.75,442.0,906.75,176.25,100.59999999999991,2759.0,1061.0,134.80000000000018,95.5,587.5,975.5,153.5,145.0,450.2,1193.8,199.8,110.20000000000005,869.0,1034.8,150.0,106.10000000000002,477.7,857.4,156.50000000000006,106.375,173.375,886.75,210.375,112.0,1233.1363636363637,1390.8636363636363,106.0,36.0,260.3333333333333,1082.0,38.0
163,97.0,367.0,1231.0,148.5,119.70909090909095,1339.8545454545454,633.290909090909,94.14545454545464,132.125,442.0,913.625,177.375,100.90000000000009,2759.0,1061.0,134.69999999999982,102.25,580.75,981.25,156.75,139.5,445.8,1191.7,200.7,113.0,869.0,1032.0,150.0,104.14999999999998,477.05,858.6,157.74999999999994,106.0625,178.0625,889.125,211.5625,112.0,1233.159090909091,1390.840909090909,106.0,36.0,245.0,1084.0,38.0
164,95.33333333333348,365.0,1224.3333333333333,147.33333333333337,119.67272727272723,1339.8363636363636,633.3272727272728,94.16363636363644,126.5,442.0,920.5,178.5,101.20000000000005,2759.0,1061.0,134.5999999999999,109.0,574.0,987.0,160.0,134.0,441.4,1189.6,201.60000000000002,113.0,871.8823529411765,1032.6470588235295,150.0,102.20000000000005,476.4,859.8,159.0,105.75,182.75,891.5,212.75,112.0,1233.1818181818182,1390.8181818181818,106.0,36.0,234.0,1085.5,38.0
165,93.66666666666652,363.0,1217.6666666666667,146.16666666666669,119.63636363636363,1339.8181818181818,633.3636363636364,94.18181818181824,120.875,442.0,927.375,179.625,101.5,2759.0,1061.0,134.5,114.0,571.5,991.75,156.5,128.5,437.0,1187.5,202.5,113.0,874.7647058823529,1033.2941176470588,150.0,100.25,475.75,861.0,160.25,105.4375,187.4375,893.875,213.9375,112.0,1233.2045454545455,1390.7954545454545,106.0,36.0,223.0,1087.0,38.0
166,92.0,361.0,1211.0,145.0,119.60000000000002,1339.8,633.4,94.20000000000005,115.25,442.0,934.25,180.75,101.79999999999995,2759.0,1061.0,134.4000000000001,119.0,569.0,996.5,153.0,123.0,432.6,1185.4,203.39999999999998,113.0,877.6470588235294,1033.9411764705883,150.0000000000001,98.29999999999995,475.1,862.2,161.5,105.125,192.125,896.25,215.125,112.0,1233.2272727272727,1390.7727272727273,106.0,36.0,213.0,1088.0,38.0
167,99.59999999999991,360.2,1200.2,146.8,119.56363636363642,1339.7818181818182,633.4363636363636,94.21818181818185,109.625,442.0,941.125,181.875,102.09999999999991,2759.0,1061.0,134.30000000000018,124.0,566.5,1001.25,149.5,117.5,428.2,1183.3,204.3,113.0,880.5294117647059,1034.5882352941176,150.0,96.35000000000002,474.45,863.4,162.75000000000006,104.8125,196.8125,898.625,216.3125,112.0,1233.25,1390.75,106.0,36.0,203.0,1089.0,38.0
168,107.19999999999982,359.4,1189.4,148.60000000000002,119.5272727272727,1339.7636363636364,633.4727272727273,94.23636363636365,104.0,442.0,948.0,183.0,102.40000000000009,2759.0,1061.0,134.19999999999982,129.0,564.0,1006.0,146.0,112.0,423.8,1181.2,205.2,113.0,883.4117647058823,1035.235294117647,150.0000000000001,94.39999999999998,473.8,864.6,163.99999999999994,104.5,201.5,901.0,217.5,112.0,1233.2727272727273,1390.7272727272727,106.0,36.0,203.0,1086.5,38.0
169,114.80000000000018,358.6,1178.6,150.39999999999998,119.4909090909091,1339.7454545454545,633.5090909090909,94.25454545454545,103.33333333333337,441.9166666666667,950.1666666666666,186.24999999999994,102.70000000000005,2759.0,1061.0,134.0999999999999,123.80000000000007,563.2,1011.4,146.79999999999995,106.5,419.4,1179.1,206.10000000000002,113.0,886.2941176470588,1035.8823529411766,150.0,92.45000000000005,473.15,865.8,165.25,104.1875,206.1875,903.375,218.6875,112.0,1233.2954545454545,1390.7045454545455,106.0,36.0,203.0,1084.0,38.0
170,122.40000000000009,357.8,1167.8,152.2,119.4545454545455,1339.7272727272727,633.5454545454545,94.27272727272725,102.66666666666663,441.8333333333333,952.3333333333334,189.50000000000006,103.0,2759.0,1061.0,134.0,118.60000000000014,562.4,1016.8,147.60000000000002,101.0,415.0,1177.0,207.0,113.0,889.1764705882352,1036.5294117647059,150.0000000000001,90.5,472.5,867.0,166.5,103.875,210.875,905.75,219.875,112.0,1233.3181818181818,1390.6818181818182,106.0,36.0,209.5,1082.5,38.0
171,130.0,357.0,1157.0,154.0,119.41818181818178,1339.709090909091,633.5818181818182,94.29090909090905,102.0,441.75,954.5,192.75,103.29999999999995,2759.0,1061.0,133.9000000000001,113.39999999999986,561.6,1022.2,148.39999999999998,101.0,414.7,1175.5,207.00000000000006,113.0,892.0588235294117,1037.1764705882354,150.0,88.54999999999995,471.85,868.2,167.75,103.5625,215.5625,908.125,221.0625,112.0,1233.340909090909,1390.659090909091,106.0,36.0,216.0,1081.0,38.0
172,128.66666666666674,356.22222222222223,1155.111111111111,155.77777777777777,119.38181818181818,1339.6909090909091,633.6181818181818,94.30909090909086,101.33333333333337,441.6666666666667,956.6666666666666,195.99999999999994,103.59999999999991,2759.0,1061.0,133.80000000000018,108.20000000000005,560.8,1027.6,149.20000000000005,101.0,414.4,1174.0,207.0,113.0,894.9411764705883,1037.8235294117646,150.0,86.60000000000002,471.2,869.4,169.00000000000006,103.25,220.25,910.5,222.25,112.0,1233.3636363636363,1390.6363636363637,106.0,36.5,222.75,1079.75,38.0
173,127.33333333333348,355.44444444444446,1153.2222222222222,157.55555555555554,119.34545454545457,1339.6727272727273,633.6545454545454,94.32727272727266,100.66666666666663,441.5833333333333,958.8333333333334,199.25000000000006,103.90000000000009,2759.0,1061.0,133.69999999999982,103.0,560.0,1033.0,150.0,101.0,414.1,1172.5,207.0,113.0,897.8235294117648,1038.4705882352941,149.9999999999999,84.64999999999998,470.55,870.6,170.24999999999994,102.9375,224.9375,912.875,223.4375,112.0,1233.3863636363637,1390.6136363636363,106.0,37.0,229.5,1078.5,38.0
174,126.0,354.6666666666667,1151.3333333333333,159.33333333333331,119.30909090909086,1339.6545454545455,633.6909090909091,94.34545454545446,100.0,441.5,961.0,202.5,104.20000000000005,2759.0,1061.0,133.5999999999999,96.0,553.5,1042.0,154.5,101.0,413.8,1171.0,206.99999999999994,113.0,900.7058823529412,1039.1176470588234,150.0,82.70000000000005,469.9,871.8,171.5,102.625,229.625,915.25,224.625,112.0,1233.409090909091,1390.590909090909,106.0,37.5,236.25,1077.25,38.0
175,124.66666666666674,353.8888888888889,1149.4444444444443,161.1111111111111,119.27272727272725,1339.6363636363637,633.7272727272727,94.36363636363626,99.33333333333337,441.4166666666667,963.1666666666666,205.74999999999994,104.5,2759.0,1061.0,133.5,89.0,547.0,1051.0,159.0,101.0,413.5,1169.5,207.0,113.0,903.5882352941177,1039.764705882353,149.9999999999999,80.75,469.25,873.0,172.75,102.3125,234.3125,917.625,225.8125,112.0,1233.4318181818182,1390.5681818181818,106.0,38.0,243.0,1076.0,38.0
176,123.33333333333326,353.1111111111111,1147.5555555555557,162.8888888888889,119.23636363636365,1339.6181818181817,633.7636363636364,94.38181818181829,98.66666666666663,441.3333333333333,965.3333333333334,209.00000000000006,104.79999999999995,2759.0,1061.0,133.4000000000001,94.25,530.0,1055.25,170.0,101.0,413.2,1168.0,207.00000000000006,113.0,906.4705882352941,1040.4117647058824,150.0,78.79999999999995,468.6,874.2,174.0,102.0,239.0,920.0,227.0,112.0,1233.4545454545455,1390.5454545454545,106.0,37.600000000000136,255.2,1073.8,38.0
177,122.0,352.3333333333333,1145.6666666666667,164.66666666666669,119.20000000000005,1339.6,633.8,94.40000000000009,98.0,441.25,967.5,212.25,105.09999999999991,2759.0,1061.0,133.30000000000018,99.5,513.0,1059.5,181.0,101.0,412.9,1166.5,207.0,113.0,909.3529411764706,1041.0588235294117,149.9999999999999,76.85000000000002,467.95,875.4,175.25000000000006,101.75,248.75,923.0,228.25,112.0,1233.4772727272727,1390.5227272727273,106.0,37.200000000000045,267.4,1071.6,38.0
178,120.66666666666652,351.55555555555554,1143.7777777777778,166.44444444444446,119.16363636363633,1339.581818181818,633.8363636363637,94.41818181818189,97.33333333333337,441.1666666666667,969.6666666666666,215.49999999999994,105.40000000000009,2759.0,1061.0,133.19999999999982,104.75,496.0,1063.75,192.0,101.0,412.6,1165.0,207.0,113.0,912.2352941176471,1041.7058823529412,150.0,74.89999999999998,467.3,876.6,176.49999999999994,101.5,258.5,926.0,229.5,112.0,1233.5,1390.5,106.0,36.799999999999955,279.6,1069.4,38.0
179,119.33333333333326,350.77777777777777,1141.888888888889,168.22222222222223,119.12727272727273,1339.5636363636363,633.8727272727273,94.4363636363637,96.66666666666663,441.0833333333333,971.8333333333334,218.75000000000006,105.70000000000005,2759.0,1061.0,133.0999999999999,110.0,479.0,1068.0,203.0,101.0,412.3,1163.5,206.99999999999994,113.0,915.1176470588235,1042.3529411764705,149.9999999999999,72.95000000000005,466.65,877.8,177.75,101.25,268.25,929.0,230.75,112.0,1233.5227272727273,1390.4772727272727,106.0,36.399999999999864,291.8,1067.2,38.0
180,118.0,350.0,1140.0,170.0,119.09090909090912,1339.5454545454545,633.9090909090909,94.4545454545455,96.0,441.0,974.0,222.0,106.0,2759.0,1061.0,133.0,87.0,465.0,1077.0,215.0,101.0,412.0,1162.0,207.0,113.0,918.0,1043.0,150.0,71.0,466.0,879.0,179.0,101.0,278.0,932.0,232.0,112.0,1233.5454545454545,1390.4545454545455,106.0,36.0,304.0,1065.0,38.0
181,116.09090909090924,348.6363636363636,1140.090909090909,173.5454545454545,119.0545454545454,1339.5272727272727,633.9454545454546,94.4727272727273,98.66666666666674,426.6666666666667,974.0,233.33333333333331,106.0,2758.95,1060.1,133.0,85.0,459.3333333333333,1076.3333333333333,219.33333333333331,100.41176470588243,412.52941176470586,1163.0,206.88235294117646,113.0,920.6,1043.1,149.9999999999999,72.66666666666674,467.6666666666667,877.1666666666666,178.99999999999994,101.0,284.9,934.5,230.39999999999998,112.0,1233.5681818181818,1390.4318181818182,106.0,36.0,319.5,1064.5,38.0
182,114.18181818181802,347.27272727272725,1140.1818181818182,177.09090909090912,119.0181818181818,1339.509090909091,633.9818181818182,94.4909090909091,101.33333333333326,412.3333333333333,974.0,244.66666666666669,106.0,2758.9,1059.2,133.0,83.0,453.6666666666667,1075.6666666666667,223.66666666666669,99.82352941176464,413.05882352941177,1164.0,206.76470588235298,113.0,923.2,1043.2,150.0,74.33333333333326,469.3333333333333,875.3333333333334,179.00000000000006,101.0,291.8,937.0,228.8,112.0,1233.590909090909,1390.409090909091,106.0,36.0,335.0,1064.0,38.0
183,112.27272727272725,345.90909090909093,1140.2727272727273,180.63636363636357,118.9818181818182,1339.490909090909,634.0181818181818,94.5090909090909,104.0,398.0,974.0,256.0,106.0,2758.85,1058.3,133.0,81.0,448.0,1075.0,228.0,99.23529411764707,413.5882352941176,1165.0,206.64705882352945,113.0,925.8,1043.3,150.0,76.0,471.0,873.5,179.0,101.0,298.7,939.5,227.2,112.0,1233.6136363636363,1390.3863636363637,106.0,36.0,351.3333333333333,1062.6666666666667,38.0
184,110.36363636363649,344.54545454545456,1140.3636363636363,184.1818181818182,118.9454545454546,1339.4727272727273,634.0545454545454,94.5272727272727,105.875,402.125,973.0,250.375,106.0,2758.8,1057.4,133.0,95.5,439.0,1060.5,233.0,98.6470588235295,414.11764705882354,1166.0,206.52941176470586,113.0,928.4,1043.4,150.0000000000001,77.66666666666674,472.6666666666667,871.6666666666666,178.99999999999994,101.0,305.6,942.0,225.60000000000002,112.0,1233.6363636363637,1390.3636363636363,106.0,36.0,367.6666666666667,1061.3333333333333,38.0
185,108.4545454545455,343.1818181818182,1140.4545454545455,187.7272727272727,118.90909090909088,1339.4545454545455,634.0909090909091,94.5454545454545,107.75,406.25,972.0,244.75,106.0,2758.75,1056.5,133.0,110.0,430.0,1046.0,238.0,98.05882352941171,414.6470588235294,1167.0,206.41176470588232,113.0,931.0,1043.5,150.0,79.33333333333326,474.3333333333333,869.8333333333334,179.00000000000006,101.0,312.5,944.5,224.0,112.0,1233.659090909091,1390.340909090909,106.0,36.0,384.0,1060.0,38.0
186,106.5454545454545,341.8181818181818,1140.5454545454545,191.2727272727273,118.87272727272727,1339.4363636363637,634.1272727272727,94.5636363636363,109.625,410.375,971.0,239.125,106.0,2758.7,1055.6,133.0,104.0,430.0,1052.0,238.0,97.47058823529414,415.1764705882353,1168.0,206.29411764705884,113.0,933.6,1043.6,149.9999999999999,81.0,476.0,868.0,179.0,101.0,319.4,947.0,222.39999999999998,112.0,1233.6818181818182,1390.3181818181818,106.0,36.0,398.5,1059.0,38.0
187,104.63636363636351,340.45454545454544,1140.6363636363637,194.8181818181818,118.83636363636367,1339.418181818182,634.1636363636363,94.58181818181811,111.5,414.5,970.0,233.5,106.0,2758.65,1054.7,133.0,98.0,430.0,1058.0,238.0,96.88235294117658,415.70588235294116,1169.0,206.1764705882353,113.0,936.2,1043.7,150.0,82.14285714285711,477.42857142857144,866.5714285714286,179.0,101.0,326.3,949.5,220.8,112.0,1233.7045454545455,1390.2954545454545,106.0,36.0,413.0,1058.0,38.0
188,102.72727272727275,339.09090909090907,1140.7272727272727,198.36363636363643,118.79999999999995,1339.4,634.2,94.59999999999991,113.375,418.625,969.0,227.875,106.0,2758.6,1053.8,133.0,100.66666666666652,429.3333333333333,1057.6666666666667,236.66666666666669,96.29411764705878,416.2352941176471,1170.0,206.0588235294117,113.0,938.8,1043.8,150.0,83.28571428571433,478.85714285714283,865.1428571428571,179.00000000000006,101.0,333.2,952.0,219.2,112.0,1233.7272727272727,1390.2727272727273,106.0,36.0,414.3333333333333,1059.6666666666667,38.0
189,100.81818181818198,337.72727272727275,1140.8181818181818,201.90909090909088,118.76363636363635,1339.3818181818183,634.2363636363636,94.61818181818171,115.25,422.75,968.0,222.25,106.0,2758.55,1052.9,133.0,103.33333333333348,428.6666666666667,1057.3333333333333,235.33333333333331,95.70588235294122,416.7647058823529,1171.0,205.9411764705883,113.0,941.4,1043.9,150.0000000000001,84.42857142857144,480.2857142857143,863.7142857142857,179.00000000000006,101.0,340.1,954.5,217.60000000000002,112.0,1233.75,1390.25,106.0,36.0,415.6666666666667,1061.3333333333333,38.0
190,98.90909090909076,336.3636363636364,1140.909090909091,205.4545454545455,118.72727272727275,1339.3636363636363,634.2727272727273,94.63636363636374,117.125,426.875,967.0,216.625,106.0,2758.5,1052.0,133.0,106.0,428.0,1057.0,234.0,95.11764705882342,417.29411764705884,1172.0,205.8235294117647,113.0,944.0,1044.0,150.0,85.57142857142856,481.7142857142857,862.2857142857143,178.99999999999994,101.0,347.0,957.0,216.0,112.0,1233.7727272727273,1390.2272727272727,106.0,36.0,417.0,1063.0,38.0
191,97.0,335.0,1141.0,209.0,118.69090909090914,1339.3454545454545,634.3090909090909,94.65454545454554,119.0,431.0,966.0,211.0,106.0,2758.45,1051.1,133.0,110.0,431.85714285714283,1056.7142857142858,228.00000000000006,94.52941176470586,417.8235294117647,1173.0,205.70588235294116,113.0,946.6,1044.1,149.9999999999999,86.71428571428567,483.14285714285717,860.8571428571429,178.99999999999994,101.0,353.9,959.5,214.39999999999998,112.0,1233.7954545454545,1390.2045454545455,106.0,36.0,423.5,1062.5,38.0
192,99.33333333333326,336.22222222222223,1141.0,209.88888888888886,118.65454545454543,1339.3272727272727,634.3454545454546,94.67272727272734,122.71428571428578,438.2857142857143,964.0,208.85714285714283,106.0,2758.4,1050.2,133.0,114.0,435.7142857142857,1056.4285714285713,221.99999999999994,93.94117647058829,418.3529411764706,1174.0,205.58823529411768,113.0,949.2,1044.2,150.0,87.85714285714289,484.57142857142856,859.4285714285714,179.0,101.0,360.8,962.0,212.8,112.0,1233.8181818181818,1390.1818181818182,106.0,36.0,430.0,1062.0,38.0
193,101.66666666666674,337.44444444444446,1141.0,210.77777777777771,118.61818181818182,1339.3090909090909,634.3818181818182,94.69090909090914,126.42857142857133,445.57142857142856,962.0,206.71428571428578,106.0,2758.35,1049.3,133.0,118.0,439.57142857142856,1056.142857142857,216.0,93.3529411764705,418.88235294117646,1175.0,205.47058823529414,113.0,951.8,1044.3,150.0,89.0,486.0,858.0,179.0,101.0,367.7,964.5,211.2,112.0,1233.840909090909,1390.159090909091,106.0,36.0,436.5,1061.5,38.0
194,104.0,338.6666666666667,1141.0,211.66666666666669,118.58181818181822,1339.290909090909,634.4181818181818,94.70909090909095,130.1428571428571,452.85714285714283,960.0,204.5714285714286,106.0,2758.3,1048.4,133.0,122.0,443.42857142857144,1055.857142857143,210.0,92.76470588235293,419.4117647058824,1176.0,205.35294117647055,113.0,954.4,1044.4,150.0000000000001,86.42857142857144,488.0,856.0,179.0,101.0,374.6,967.0,209.60000000000002,112.0,1233.8636363636363,1390.1363636363637,106.0,36.0,443.0,1061.0,38.0
195,106.33333333333326,339.8888888888889,1141.0,212.55555555555554,118.5454545454545,1339.2727272727273,634.4545454545455,94.72727272727275,133.8571428571429,460.14285714285717,958.0,202.4285714285714,106.0,2758.25,1047.5,133.0,126.0,447.2857142857143,1055.5714285714287,204.00000000000006,92.17647058823536,419.94117647058823,1177.0,205.23529411764702,113.0,957.0,1044.5,150.0,83.85714285714289,490.0,854.0,179.0,101.0,381.5,969.5,208.0,112.0,1233.8863636363637,1390.1136363636363,106.0,36.0,452.3333333333333,1061.1666666666667,38.0
196,108.66666666666674,341.1111111111111,1141.0,213.44444444444446,118.5090909090909,1339.2545454545455,634.4909090909091,94.74545454545455,137.57142857142867,467.42857142857144,956.0,200.28571428571422,106.0,2758.2,1046.6,133.0,130.0,451.14285714285717,1055.2857142857142,197.99999999999994,91.58823529411757,420.47058823529414,1178.0,205.11764705882354,113.0,959.6,1044.6,149.9999999999999,81.28571428571433,492.0,852.0,179.0,101.0,388.4,972.0,206.39999999999998,112.0,1233.909090909091,1390.090909090909,106.0,36.0,461.6666666666667,1061.3333333333333,38.0
197,111.0,342.3333333333333,1141.0,214.33333333333331,118.4727272727273,1339.2363636363636,634.5272727272727,94.76363636363635,141.28571428571422,474.7142857142857,954.0,198.14285714285717,106.0,2758.15,1045.7,133.0,134.0,455.0,1055.0,192.0,91.0,421.0,1179.0,205.0,113.0,962.2,1044.7,150.0,78.71428571428567,494.0,850.0,179.0,101.0,395.3,974.5,204.8,112.0,1233.9318181818182,1390.0681818181818,106.0,36.0,471.0,1061.5,38.0
198,113.33333333333326,343.55555555555554,1141.0,215.22222222222229,118.43636363636358,1339.2181818181818,634.5636363636364,94.78181818181815,145.0,482.0,952.0,196.0,106.0,2758.1,1044.8,133.0,136.0,466.6666666666667,1054.6666666666667,177.99999999999994,90.33333333333348,419.0,1179.3333333333333,204.66666666666663,113.0,964.8,1044.8,150.0,76.14285714285711,496.0,848.0,179.0,101.0,402.2,977.0,203.2,112.0,1233.9545454545455,1390.0454545454545,106.0,36.0,480.3333333333333,1061.6666666666667,38.00000000000006
199,115.66666666666674,344.77777777777777,1141.0,216.11111111111114,118.39999999999998,1339.2,634.6,94.79999999999995,144.5,489.0,954.0,189.5,106.0,2758.05,1043.9,133.0,138.0,478.3333333333333,1054.3333333333333,164.00000000000006,89.66666666666652,417.0,1179.6666666666667,204.33333333333337,113.0,967.4,1044.9,150.0000000000001,73.57142857142856,498.0,846.0,179.0,101.0,409.1,979.5,201.60000000000002,112.0,1233.9772727272727,1390.0227272727273,106.0,36.0,489.6666666666667,1061.8333333333333,37.99999999999994
200,118.0,346.0,1141.0,217.0,118.36363636363637,1339.1818181818182,634.6363636363636,94.81818181818176,144.0,496.0,956.0,183.0,106.0,2758.0,1043.0,133.0,140.0,490.0,1054.0,150.0,89.0,415.0,1180.0,204.0,113.0,970.0,1045.0,150.0,71.0,500.0,844.0,179.0,101.0,416.0,982.0,200.0,112.0,1234.0,1390.0,106.0,36.0,499.0,1062.0,38.0
201,118.0,349.55555555555554,1141.111111111111,214.44444444444446,118.32727272727277,1339.1636363636364,634.6727272727272,94.83636363636356,139.14285714285722,498.57142857142856,961.4285714285714,183.0,106.11111111111131,2758.6666666666665,1041.4444444444443,133.33333333333348,135.70000000000005,493.6,1054.2,150.0,89.19999999999982,417.45,1180.15,202.15000000000003,111.625,970.625,1045.125,150.0,71.85000000000002,503.75,841.8,178.35000000000002,101.09999999999991,423.65,981.0,198.85000000000002,112.0,1237.0,1389.6666666666667,106.0,36.0,501.5,1057.6666666666667,38.0
202,118.0,353.1111111111111,1141.2222222222222,211.8888888888889,118.29090909090905,1339.1454545454546,634.709090909091,94.85454545454536,134.28571428571422,501.14285714285717,966.8571428571429,182.99999999999994,106.22222222222217,2759.3333333333335,1039.888888888889,133.66666666666652,131.39999999999986,497.2,1054.4,150.00000000000006,89.40000000000009,419.9,1180.3,200.30000000000007,110.25,971.25,1045.25,150.0,72.69999999999993,507.5,839.6,177.70000000000005,101.20000000000005,431.3,980.0,197.7,112.0,1240.0,1389.3333333333333,106.0,36.0,504.0,1053.3333333333333,38.0
203,118.0,356.6666666666667,1141.3333333333333,209.33333333333331,118.25454545454545,1339.1272727272728,634.7454545454545,94.87272727272716,129.42857142857144,503.7142857142857,972.2857142857143,182.99999999999994,106.33333333333348,2760.0,1038.3333333333333,134.0,127.10000000000014,500.8,1054.6,149.99999999999994,89.59999999999991,422.35,1180.45,198.44999999999993,108.875,971.875,1045.375,150.0,73.55000000000007,511.25,837.4,177.04999999999995,101.29999999999995,438.95,979.0,196.55,112.0,1243.0,1389.0,106.0,36.0,506.5,1049.0,38.0
204,118.0,360.22222222222223,1141.4444444444443,206.77777777777777,118.21818181818185,1339.1090909090908,634.7818181818182,94.89090909090919,124.57142857142856,506.2857142857143,977.7142857142857,183.00000000000006,106.44444444444434,2760.6666666666665,1036.7777777777778,134.33333333333348,122.79999999999995,504.4,1054.8,150.0,89.80000000000018,424.8,1180.6,196.59999999999997,107.5,972.5,1045.5,150.0,74.39999999999998,515.0,835.2,176.39999999999998,101.40000000000009,446.6,978.0,195.39999999999998,111.25,1245.0,1384.5,109.75,36.0,509.0,1044.6666666666667,38.0
205,118.0,363.77777777777777,1141.5555555555557,204.22222222222223,118.18181818181813,1339.090909090909,634.8181818181819,94.90909090909099,119.71428571428578,508.85714285714283,983.1428571428571,183.00000000000006,106.55555555555566,2761.3333333333335,1035.2222222222222,134.66666666666652,118.5,508.0,1055.0,150.0,90.0,427.25,1180.75,194.75,106.125,973.125,1045.625,150.0,75.25,518.75,833.0,175.75,101.5,454.25,977.0,194.25,110.5,1247.0,1380.0,113.5,36.0,511.5,1040.3333333333333,38.0
206,118.0,367.3333333333333,1141.6666666666667,201.66666666666669,118.14545454545453,1339.0727272727272,634.8545454545455,94.9272727272728,114.85714285714278,511.42857142857144,988.5714285714286,183.0,106.66666666666652,2762.0,1033.6666666666667,135.0,114.20000000000005,511.6,1055.2,150.0,90.19999999999982,429.7,1180.9,192.90000000000003,104.75,973.75,1045.75,150.0,76.10000000000002,522.5,830.8,175.10000000000002,101.59999999999991,461.9,976.0,193.10000000000002,109.75,1249.0,1375.5,117.25,36.0,514.0,1036.0,38.0
207,118.0,370.8888888888889,1141.7777777777778,199.1111111111111,118.10909090909092,1339.0545454545454,634.8909090909091,94.9454545454546,110.0,514.0,994.0,183.0,106.77777777777783,2762.6666666666665,1032.111111111111,135.33333333333348,109.89999999999986,515.2,1055.4,150.0,90.40000000000009,432.15,1181.05,191.05000000000007,103.375,974.375,1045.875,150.0,76.94999999999993,526.25,828.6,174.45000000000005,101.70000000000005,469.55,975.0,191.95,109.0,1251.0,1371.0,121.0,36.0,516.5,1032.5,38.0
208,118.0,374.44444444444446,1141.888888888889,196.55555555555554,118.07272727272732,1339.0363636363636,634.9272727272727,94.9636363636364,107.625,522.375,994.75,183.0,106.88888888888869,2763.3333333333335,1030.5555555555557,135.66666666666652,105.60000000000014,518.8,1055.6,150.0,90.59999999999991,434.6,1181.2,189.19999999999993,102.0,975.0,1046.0,150.0,77.80000000000007,530.0,826.4,173.79999999999995,101.79999999999995,477.2,974.0,190.8,108.15384615384596,1256.4615384615386,1369.4615384615386,118.46153846153834,36.0,519.0,1029.0,38.0
209,118.0,378.0,1142.0,194.0,118.0363636363636,1339.0181818181818,634.9636363636364,94.9818181818182,105.25,530.75,995.5,183.0,107.0,2764.0,1029.0,136.0,101.29999999999995,522.4,1055.8,150.0,90.80000000000018,437.05,1181.35,187.34999999999997,100.66666666666652,981.1666666666666,1045.6666666666667,150.0000000000001,78.64999999999998,533.75,824.2,173.14999999999998,101.90000000000009,484.85,973.0,189.64999999999998,107.30769230769238,1261.923076923077,1367.923076923077,115.9230769230769,36.0,530.0,1024.0,38.0
210,118.0,380.54545454545456,1142.0,191.45454545454544,118.0,1339.0,635.0,95.0,102.875,539.125,996.25,183.0,107.625,2766.375,1026.0,135.75,97.0,526.0,1056.0,150.0,91.0,439.5,1181.5,185.5,99.33333333333348,987.3333333333334,1045.3333333333333,149.9999999999999,79.5,537.5,822.0,172.5,102.0,492.5,972.0,188.5,106.46153846153834,1267.3846153846155,1366.3846153846155,113.38461538461524,36.0,541.0,1019.0,38.0
211,118.0,383.09090909090907,1142.0,188.90909090909093,115.60000000000002,1337.5,637.4,96.5,100.5,547.5,997.0,183.0,108.25,2768.75,1023.0,135.5,97.0,533.7142857142857,1059.857142857143,147.0,91.19999999999982,441.95,1181.65,183.65000000000003,98.0,993.5,1045.0,150.0,80.35000000000002,541.25,819.8,171.85000000000002,102.09999999999991,500.15,971.0,187.35000000000002,105.61538461538476,1272.8461538461538,1364.8461538461538,110.84615384615381,36.0,552.0,1014.0,38.0
212,118.0,385.6363636363636,1142.0,186.36363636363637,113.20000000000005,1336.0,639.8,98.0,98.125,555.875,997.75,183.0,108.875,2771.125,1020.0,135.25,97.0,541.4285714285714,1063.7142857142858,144.0,91.40000000000009,444.4,1181.8,181.80000000000007,96.66666666666652,999.6666666666666,1044.6666666666667,150.0000000000001,81.19999999999993,545.0,817.6,171.20000000000005,102.20000000000005,507.8,970.0,186.2,104.76923076923072,1278.3076923076924,1363.3076923076924,108.30769230769215,36.0,571.6666666666666,1013.0,38.0
213,118.0,388.1818181818182,1142.0,183.8181818181818,110.79999999999995,1334.5,642.2,99.5,95.75,564.25,998.5,183.0,109.5,2773.5,1017.0,135.0,97.0,549.1428571428571,1067.5714285714287,141.0,91.59999999999991,446.85,1181.95,179.94999999999993,95.33333333333348,1005.8333333333334,1044.3333333333333,149.9999999999999,82.05000000000007,548.75,815.4,170.54999999999995,102.29999999999995,515.45,969.0,185.04999999999995,103.9230769230769,1283.7692307692307,1361.7692307692307,105.76923076923072,36.0,591.3333333333334,1012.0,38.0
214,118.0,390.72727272727275,1142.0,181.27272727272725,108.39999999999998,1333.0,644.6,101.0,93.375,572.625,999.25,183.0,110.125,2775.875,1014.0,134.75,97.0,556.8571428571429,1071.4285714285713,138.0,91.80000000000018,449.3,1182.1,178.09999999999997,94.0,1012.0,1044.0,150.0,82.89999999999998,552.5,813.2,169.89999999999998,102.40000000000009,523.1,968.0,183.89999999999998,103.0769230769231,1289.2307692307693,1360.2307692307693,103.23076923076928,36.0,611.0,1011.0,38.0
215,118.0,393.27272727272725,1142.0,178.72727272727275,106.0,1331.5,647.0,102.5,91.0,581.0,1000.0,183.0,110.75,2778.25,1011.0,134.5,97.0,564.5714285714286,1075.2857142857142,135.0,92.0,451.75,1182.25,176.25,92.66666666666652,1018.1666666666666,1043.6666666666667,150.0000000000001,83.75,556.25,811.0,169.25,102.5,530.75,967.0,182.75,102.23076923076928,1294.6923076923076,1358.6923076923076,100.69230769230785,36.000000000000114,630.6666666666666,1010.6666666666666,38.0
216,118.0,395.8181818181818,1142.0,176.1818181818182,103.60000000000002,1330.0,649.4,104.0,92.64285714285711,592.4285714285714,1001.5,181.78571428571422,111.375,2780.625,1008.0,134.25,97.0,572.2857142857143,1079.142857142857,132.0,92.19999999999982,454.2,1182.4,174.40000000000003,91.33333333333348,1024.3333333333333,1043.3333333333333,150.0,84.60000000000002,560.0,808.8,168.60000000000002,102.59999999999991,538.4,966.0,181.60000000000002,101.38461538461524,1300.1538461538462,1357.1538461538462,98.15384615384619,35.999999999999886,650.3333333333334,1010.3333333333334,38.0
217,118.0,398.3636363636364,1142.0,173.63636363636363,101.20000000000005,1328.5,651.8,105.5,94.28571428571422,603.8571428571429,1003.0,180.57142857142856,112.0,2783.0,1005.0,134.0,97.0,580.0,1083.0,129.0,92.40000000000009,456.65,1182.55,172.55000000000007,90.0,1030.5,1043.0,150.0,85.44999999999993,563.75,806.6,167.95000000000005,102.70000000000005,546.05,965.0,180.45000000000005,100.53846153846166,1305.6153846153845,1355.6153846153845,95.61538461538476,36.0,670.0,1010.0,38.0
218,118.0,400.90909090909093,1142.0,171.09090909090907,98.79999999999995,1327.0,654.2,107.0,95.92857142857133,615.2857142857143,1004.5,179.35714285714278,129.66666666666663,2785.0,991.6666666666666,133.66666666666652,97.0,587.6666666666666,1086.6666666666667,136.0,92.59999999999991,459.1,1182.7,170.69999999999993,88.66666666666652,1036.6666666666667,1042.6666666666667,150.0,86.30000000000007,567.5,804.4,167.29999999999995,102.79999999999995,553.7,964.0,179.29999999999995,99.69230769230762,1311.076923076923,1354.076923076923,93.0769230769231,36.0,686.6666666666666,1011.0,38.0
219,118.0,403.45454545454544,1142.0,168.54545454545456,96.39999999999998,1325.5,656.6,108.5,97.57142857142867,626.7142857142857,1006.0,178.14285714285722,147.33333333333337,2787.0,978.3333333333334,133.33333333333348,97.0,595.3333333333334,1090.3333333333333,143.0,92.80000000000018,461.55,1182.85,168.84999999999997,87.33333333333348,1042.8333333333333,1042.3333333333333,150.0,87.14999999999998,571.25,802.2,166.64999999999998,102.90000000000009,561.35,963.0,178.14999999999998,98.84615384615404,1316.5384615384614,1352.5384615384614,90.53846153846166,36.0,703.3333333333334,1012.0,38.0
220,118.0,406.0,1142.0,166.0,94.0,1324.0,659.0,110.0,99.21428571428578,638.1428571428571,1007.5,176.92857142857144,165.0,2789.0,965.0,133.0,97.0,603.0,1094.0,150.0,93.0,464.0,1183.0,167.0,86.0,1049.0,1042.0,150.0,88.0,575.0,800.0,166.0,103.0,569.0,962.0,177.0,98.0,1322.0,1351.0,88.0,36.0,720.0,1013.0,38.0
221,116.0,408.6,1141.2,171.79999999999995,94.0,1321.9,659.0,112.09999999999991,100.85714285714289,649.5714285714286,1009.0,175.71428571428578,180.0,2791.5,954.5,135.5,103.0,615.25,1095.0,151.0,91.33333333333348,467.5,1184.3333333333333,168.83333333333337,86.75,1052.5,1043.25,144.5,87.79999999999995,581.35,799.35,164.04999999999995,102.625,581.875,959.5,168.875,98.625,1327.75,1349.375,93.125,36.0,730.0,1028.5,38.0
222,114.0,411.2,1140.4,177.59999999999997,94.0,1319.8,659.0,114.20000000000005,102.5,661.0,1010.5,174.5,195.0,2794.0,944.0,138.0,109.0,627.5,1096.0,152.0,89.66666666666652,471.0,1185.6666666666667,170.66666666666663,87.5,1056.0,1044.5,139.0,87.59999999999991,587.7,798.7,162.0999999999999,102.25,594.75,957.0,160.75,99.25,1333.5,1347.75,98.25,36.0,740.0,1044.0,38.0
223,112.0,413.8,1139.6,183.40000000000003,94.0,1317.7,659.0,116.29999999999995,104.14285714285711,672.4285714285714,1012.0,173.28571428571422,190.4000000000001,2796.0,947.0,141.80000000000018,115.0,639.75,1097.0,153.0,88.0,474.5,1187.0,172.5,88.25,1059.5,1045.75,133.5,87.40000000000009,594.05,798.05,160.1500000000001,101.875,607.625,954.5,152.625,99.875,1339.25,1346.125,103.375,36.0,744.5,1059.5,38.0
224,110.0,416.4,1138.8,189.20000000000005,94.0,1315.6,659.0,118.40000000000009,105.78571428571422,683.8571428571429,1013.5,172.07142857142856,185.79999999999995,2798.0,950.0,145.5999999999999,121.0,652.0,1098.0,154.0,86.33333333333348,478.0,1188.3333333333333,174.33333333333337,89.0,1063.0,1047.0,128.0,87.20000000000005,600.4,797.4,158.20000000000005,101.5,620.5,952.0,144.5,100.5,1345.0,1344.5,108.5,36.0,749.0,1075.0,38.0
225,108.0,419.0,1138.0,195.0,94.0,1313.5,659.0,120.5,107.42857142857133,695.2857142857143,1015.0,170.85714285714278,181.20000000000005,2800.0,953.0,149.4000000000001,117.59999999999991,662.0,1106.2,146.79999999999995,84.66666666666652,481.5,1189.6666666666667,176.16666666666663,89.75,1072.5,1048.3125,127.6875,87.0,606.75,796.75,156.25,101.125,633.375,949.5,136.375,101.125,1350.75,1342.875,113.625,36.0,741.0,1088.0,38.0
226,109.5,421.6666666666667,1133.5,192.16666666666669,94.0,1311.4,659.0,122.59999999999991,109.07142857142867,706.7142857142857,1016.5,169.64285714285722,176.5999999999999,2802.0,956.0,153.19999999999982,114.19999999999982,672.0,1114.4,139.60000000000002,83.0,485.0,1191.0,178.0,90.5,1082.0,1049.625,127.375,86.79999999999995,613.1,796.1,154.29999999999995,100.75,646.25,947.0,128.25,101.75,1356.5,1341.25,118.75,36.0,739.5,1092.0,38.0
227,111.0,424.3333333333333,1129.0,189.33333333333331,94.0,1309.3,659.0,124.70000000000005,110.71428571428578,718.1428571428571,1018.0,168.42857142857144,172.0,2804.0,959.0,157.0,110.80000000000018,682.0,1122.6,132.39999999999998,83.71428571428578,488.5,1189.857142857143,175.0,91.25,1091.5,1050.9375,127.0625,86.59999999999991,619.45,795.45,152.3499999999999,100.375,659.125,944.5,120.125,102.375,1362.25,1339.625,123.875,36.0,738.0,1096.0,38.0
228,112.5,427.0,1124.5,186.5,94.0,1307.2,659.0,126.79999999999995,112.35714285714289,729.5714285714286,1019.5,167.21428571428567,162.33333333333326,2806.6666666666665,963.0,155.16666666666697,107.40000000000009,692.0,1130.8,125.20000000000005,84.42857142857133,492.0,1188.7142857142858,172.0,92.0,1101.0,1052.25,126.75,86.40000000000009,625.8,794.8,150.4000000000001,100.0,672.0,942.0,112.0,103.0,1368.0,1338.0,129.0,36.0,743.6666666666666,1098.6666666666667,38.0
229,114.0,429.6666666666667,1120.0,183.66666666666669,94.0,1305.1,659.0,128.9000000000001,114.0,741.0,1021.0,166.0,152.66666666666674,2809.3333333333335,967.0,153.33333333333303,104.0,702.0,1139.0,118.0,85.14285714285711,495.5,1187.5714285714287,169.0,92.75,1110.5,1053.5625,126.4375,86.20000000000005,632.15,794.15,148.45000000000005,99.0,683.0,941.0,120.60000000000002,101.16666666666674,1379.75,1336.0833333333333,130.66666666666674,36.0,749.3333333333334,1101.3333333333333,38.0
230,115.5,432.3333333333333,1115.5,180.83333333333331,94.0,1303.0,659.0,131.0,116.20000000000005,752.0,1021.8,159.0,143.0,2812.0,971.0,151.5,106.33333333333348,713.3333333333334,1144.3333333333333,119.5,85.85714285714289,499.0,1186.4285714285713,166.0,93.5,1120.0,1054.875,126.125,86.0,638.5,793.5,146.5,98.0,694.0,940.0,129.20000000000005,99.33333333333326,1391.5,1334.1666666666667,132.33333333333326,36.0,755.0,1104.0,38.0
231,117.0,435.0,1111.0,178.0,93.5,1302.4,660.1,129.79999999999995,118.39999999999998,763.0,1022.6,152.0,133.33333333333326,2814.6666666666665,975.0,149.66666666666697,108.66666666666652,724.6666666666666,1149.6666666666667,121.0,86.57142857142867,502.5,1185.2857142857142,163.0,94.25,1129.5,1056.1875,125.8125,85.79999999999995,644.85,792.85,144.54999999999995,97.0,705.0,939.0,137.79999999999995,97.5,1403.25,1332.25,134.0,36.0,765.0,1111.0,38.0
232,115.0,437.55555555555554,1110.111111111111,175.77777777777783,93.0,1301.8,661.2,128.60000000000014,120.60000000000002,774.0,1023.4,145.0,123.66666666666674,2817.3333333333335,979.0,147.83333333333303,111.0,736.0,1155.0,122.5,87.28571428571422,506.0,1184.142857142857,160.0,95.0,1139.0,1057.5,125.5,85.59999999999991,651.2,792.2,142.5999999999999,96.0,716.0,938.0,146.39999999999998,95.66666666666674,1415.0,1330.3333333333333,135.66666666666674,36.0,786.5,1117.25,38.0
233,113.0,440.1111111111111,1109.2222222222222,173.55555555555554,92.5,1301.2,662.3,127.39999999999986,122.79999999999995,785.0,1024.2,138.0,114.0,2820.0,983.0,146.0,113.33333333333348,747.3333333333334,1160.3333333333333,124.0,88.0,509.5,1183.0,157.0,95.75,1148.5,1058.8125,125.1875,85.40000000000009,657.55,791.55,140.6500000000001,95.0,727.0,937.0,155.0,93.83333333333326,1426.75,1328.4166666666667,137.33333333333326,36.0,808.0,1123.5,38.0
234,111.0,442.6666666666667,1108.3333333333333,171.33333333333331,92.0,1300.6,663.4,126.20000000000005,125.0,796.0,1025.0,131.0,117.28571428571433,2822.5714285714284,980.4285714285714,144.14285714285734,115.66666666666652,758.6666666666666,1165.6666666666667,125.5,88.71428571428578,513.0,1181.857142857143,154.0,96.5,1158.0,1060.125,124.875,85.20000000000005,663.9,790.9,138.70000000000005,95.28571428571433,744.7142857142857,932.2857142857143,147.0,92.0,1438.5,1326.5,139.0,36.0,829.5,1129.75,38.0
235,109.0,445.22222222222223,1107.4444444444443,169.11111111111114,91.5,1300.0,664.5,125.0,114.66666666666674,802.3333333333334,1034.3333333333333,152.66666666666663,120.57142857142844,2825.1428571428573,977.8571428571429,142.28571428571422,118.0,770.0,1171.0,127.0,89.42857142857133,516.5,1180.7142857142858,151.0,97.25,1167.5,1061.4375,124.5625,85.0,670.25,790.25,136.75,95.57142857142856,762.4285714285714,927.5714285714286,139.0,90.16666666666674,1450.25,1324.5833333333333,140.66666666666674,36.0,851.0,1136.0,38.0
236,107.0,447.77777777777777,1106.5555555555557,166.88888888888886,91.0,1299.4,665.6,123.79999999999995,104.33333333333326,808.6666666666666,1043.6666666666667,174.33333333333337,123.85714285714278,2827.714285714286,975.2857142857143,140.42857142857156,114.80000000000018,785.4,1182.6,119.39999999999998,90.14285714285711,520.0,1179.5714285714287,148.0,98.0,1177.0,1062.75,124.25,84.79999999999995,676.6,789.6,134.79999999999995,95.85714285714278,780.1428571428571,922.8571428571429,131.0,88.33333333333326,1462.0,1322.6666666666667,142.33333333333326,36.0,899.0,1136.6,38.0
237,105.0,450.3333333333333,1105.6666666666667,164.66666666666669,90.5,1298.8,666.7,122.60000000000014,94.0,815.0,1053.0,196.0,127.14285714285722,2830.285714285714,972.7142857142857,138.57142857142844,111.59999999999991,800.8,1194.2,111.80000000000007,90.85714285714289,523.5,1178.4285714285713,145.0,98.75,1186.5,1064.0625,123.9375,84.59999999999991,682.95,788.95,132.8499999999999,96.14285714285722,797.8571428571429,918.1428571428571,123.0,86.5,1473.75,1320.75,144.0,36.0,947.0,1137.2,38.0
238,103.0,452.8888888888889,1104.7777777777778,162.44444444444446,90.0,1298.2,667.8,121.39999999999986,99.66666666666674,830.3333333333334,1054.0,191.66666666666663,130.42857142857156,2832.8571428571427,970.1428571428571,136.71428571428578,108.40000000000009,816.2,1205.8,104.19999999999993,91.57142857142867,527.0,1177.2857142857142,142.0,99.5,1196.0,1065.375,123.625,84.40000000000009,689.3,788.3,130.9000000000001,96.42857142857144,815.5714285714286,913.4285714285714,115.0,84.66666666666674,1485.5,1318.8333333333333,145.66666666666674,36.0,995.0,1137.8,38.0
239,101.0,455.44444444444446,1103.888888888889,160.22222222222217,89.5,1297.6,668.9,120.20000000000005,105.33333333333326,845.6666666666666,1055.0,187.33333333333337,133.71428571428567,2835.4285714285716,967.5714285714286,134.85714285714266,105.19999999999982,831.6,1217.4,96.60000000000002,92.28571428571422,530.5,1176.142857142857,139.0,100.25,1205.5,1066.6875,123.3125,84.20000000000005,695.65,787.65,128.95000000000005,96.71428571428578,833.2857142857142,908.7142857142857,107.00000000000011,82.83333333333326,1497.25,1316.9166666666667,147.33333333333326,36.0,1043.0,1138.4,38.0
240,99.0,458.0,1103.0,158.0,89.0,1297.0,670.0,119.0,111.0,861.0,1056.0,183.0,137.0,2838.0,965.0,133.0,102.0,847.0,1229.0,89.0,93.0,534.0,1175.0,136.0,101.0,1215.0,1068.0,123.0,84.0,702.0,787.0,127.0,97.0,851.0,904.0,99.0,81.0,1509.0,1315.0,149.0,36.0,1091.0,1139.0,38.0
241,97.83333333333348,461.8333333333333,1100.8333333333333,166.66666666666669,88.85000000000002,1296.65,670.15,119.34999999999991,111.0,875.75,1062.25,183.0,133.83333333333337,2839.3333333333335,965.6666666666666,133.83333333333303,102.0,854.6,1237.4,104.60000000000002,96.14285714285711,538.4285714285714,1170.857142857143,142.8571428571429,101.0,1221.5,1068.0,129.25,84.75,709.25,786.5,132.75,96.5,860.75,906.0,115.25,84.0,1512.5,1314.0,155.0,36.0,1144.0,1141.6,38.0
242,96.66666666666652,465.6666666666667,1098.6666666666667,175.33333333333331,88.70000000000005,1296.3,670.3,119.70000000000005,111.0,890.5,1068.5,183.0,130.66666666666663,2840.6666666666665,966.3333333333334,134.66666666666697,102.0,862.2,1245.8,120.19999999999993,99.28571428571422,542.8571428571429,1166.7142857142858,149.71428571428567,101.0,1228.0,1068.0,135.5,85.5,716.5,786.0,138.5,96.0,870.5,908.0,131.5,87.0,1516.0,1313.0,161.0,36.0,1197.0,1144.2,38.0
243,95.5,469.5,1096.5,184.0,88.54999999999995,1295.95,670.45,120.04999999999995,111.0,905.25,1074.75,183.0,127.5,2842.0,967.0,135.5,102.0,869.8,1254.2,135.80000000000007,102.42857142857133,547.2857142857143,1162.5714285714287,156.57142857142856,101.0,1234.5,1068.0,141.75,86.25,723.75,785.5,144.25,95.5,880.25,910.0,147.75,87.77777777777783,1529.7777777777778,1309.4444444444443,160.33333333333326,36.0,1250.0,1146.8,38.0
244,94.33333333333348,473.3333333333333,1094.3333333333333,192.66666666666669,88.39999999999998,1295.6,670.6,120.40000000000009,111.0,920.0,1081.0,183.0,124.33333333333337,2843.3333333333335,967.6666666666666,136.33333333333303,102.0,877.4,1262.6,151.39999999999998,105.57142857142867,551.7142857142857,1158.4285714285713,163.42857142857144,101.0,1241.0,1068.0,148.0,87.0,731.0,785.0,150.0,95.0,890.0,912.0,164.0,88.55555555555543,1543.5555555555557,1305.888888888889,159.66666666666652,36.0,1303.0,1149.4,38.0
245,93.16666666666652,477.1666666666667,1092.1666666666667,201.33333333333331,88.25,1295.25,670.75,120.75,111.0,934.75,1087.25,183.0,121.16666666666663,2844.6666666666665,968.3333333333334,137.16666666666697,102.0,885.0,1271.0,167.0,108.71428571428578,556.1428571428571,1154.2857142857142,170.28571428571433,103.20000000000005,1257.6,1067.6,139.20000000000005,87.63636363636363,738.2727272727273,784.5454545454545,146.27272727272725,94.66666666666663,906.7777777777778,912.0,164.77777777777783,89.33333333333348,1557.3333333333333,1302.3333333333333,159.0,36.0,1356.0,1152.0,38.0
246,92.0,481.0,1090.0,210.0,88.10000000000002,1294.9,670.9,121.09999999999991,111.0,949.5,1093.5,183.0,118.0,2846.0,969.0,138.0,99.16666666666674,905.1666666666666,1280.0,156.16666666666663,111.85714285714289,560.5714285714286,1150.142857142857,177.1428571428571,105.39999999999986,1274.2,1067.2,130.39999999999986,88.27272727272725,745.5454545454545,784.0909090909091,142.54545454545462,94.33333333333337,923.5555555555555,912.0,165.55555555555554,90.11111111111109,1571.111111111111,1298.7777777777778,158.33333333333326,36.0,1411.4,1156.0,38.0
247,92.5,485.7857142857143,1089.357142857143,206.28571428571428,87.95000000000005,1294.55,671.05,121.45000000000005,111.0,964.25,1099.75,183.0,124.50000000000011,2847.214285714286,969.5714285714286,138.92857142857156,96.33333333333326,925.3333333333334,1289.0,145.33333333333337,115.0,565.0,1146.0,184.0,107.60000000000014,1290.8,1066.8,121.60000000000014,88.90909090909088,752.8181818181819,783.6363636363636,138.81818181818176,94.0,940.3333333333334,912.0,166.33333333333337,90.88888888888891,1584.888888888889,1295.2222222222222,157.66666666666674,36.0,1466.8,1160.0,38.0
248,93.0,490.57142857142856,1088.7142857142858,202.57142857142856,87.79999999999995,1294.2,671.2,121.79999999999995,111.0,979.0,1106.0,183.0,131.0,2848.4285714285716,970.1428571428571,139.85714285714266,93.5,945.5,1298.0,134.5,113.30769230769238,569.4615384615385,1146.7692307692307,182.76923076923083,109.79999999999995,1307.4,1066.4,112.79999999999995,89.54545454545462,760.0909090909091,783.1818181818181,135.090909090909,93.66666666666663,957.1111111111111,912.0,167.1111111111111,91.66666666666652,1598.6666666666667,1291.6666666666667,157.0,36.0,1522.2,1164.0,38.0
249,93.5,495.35714285714283,1088.0714285714287,198.85714285714283,87.64999999999998,1293.85,671.35,122.15000000000009,111.0,987.9166666666666,1110.3333333333333,183.0000000000001,137.5000000000001,2849.6428571428573,970.7142857142857,140.78571428571422,90.66666666666674,965.6666666666666,1307.0,123.66666666666663,111.61538461538476,573.9230769230769,1147.5384615384614,181.53846153846155,112.0,1324.0,1066.0,104.0,90.18181818181813,767.3636363636364,782.7272727272727,131.36363636363637,93.33333333333337,973.8888888888889,912.0,167.8888888888889,92.44444444444457,1612.4444444444443,1288.111111111111,156.33333333333348,36.0,1577.6,1168.0,38.0
250,94.0,500.14285714285717,1087.4285714285713,195.14285714285717,87.5,1293.5,671.5,122.5,111.0,996.8333333333334,1114.6666666666667,182.9999999999999,143.9999999999999,2850.8571428571427,971.2857142857143,141.71428571428578,87.83333333333326,985.8333333333334,1316.0,112.83333333333337,109.9230769230769,578.3846153846154,1148.3076923076924,180.30769230769238,111.33333333333326,1331.3333333333333,1067.1666666666667,112.66666666666674,90.81818181818187,774.6363636363636,782.2727272727273,127.63636363636363,93.0,990.6666666666666,912.0,168.66666666666663,93.22222222222217,1626.2222222222222,1284.5555555555557,155.66666666666674,36.0,1633.0,1172.0,38.0
251,94.5,504.92857142857144,1086.7857142857142,191.42857142857144,87.35000000000002,1293.15,671.65,122.84999999999991,111.0,1005.75,1119.0,183.0,150.5,2852.0714285714284,971.8571428571429,142.64285714285734,85.0,1006.0,1325.0,102.0,108.23076923076928,582.8461538461538,1149.076923076923,179.0769230769231,110.66666666666674,1338.6666666666667,1068.3333333333333,121.33333333333326,91.45454545454538,781.9090909090909,781.8181818181819,123.90909090909099,92.66666666666663,1007.4444444444445,912.0,169.44444444444446,94.0,1640.0,1281.0,155.0,36.0,1689.2,1176.8,38.0
252,95.0,509.7142857142857,1086.142857142857,187.71428571428572,87.20000000000005,1292.8,671.8,123.20000000000005,111.0,1014.6666666666666,1123.3333333333333,183.0000000000001,156.9999999999999,2853.285714285714,972.4285714285714,143.57142857142844,88.0,1017.2,1330.4,112.20000000000005,106.53846153846166,587.3076923076923,1149.8461538461538,177.84615384615392,110.0,1346.0,1069.5,130.0,92.09090909090912,789.1818181818182,781.3636363636364,120.18181818181813,92.33333333333337,1024.2222222222222,912.0,170.22222222222217,98.33333333333326,1666.6666666666667,1276.0,147.0,36.0,1745.4,1181.6,38.0
253,95.5,514.5,1085.5,184.0,87.04999999999995,1292.45,671.95,123.54999999999995,111.0,1023.5833333333334,1127.6666666666667,182.9999999999999,163.5,2854.5,973.0,144.5,91.0,1028.4,1335.8,122.39999999999986,104.84615384615404,591.7692307692307,1150.6153846153845,176.61538461538464,109.33333333333326,1353.3333333333333,1070.6666666666667,138.66666666666674,92.72727272727275,796.4545454545455,780.9090909090909,116.45454545454538,92.0,1041.0,912.0,171.0,102.66666666666674,1693.3333333333333,1271.0,139.0,36.0,1801.6,1186.4,38.0
254,96.0,519.2857142857143,1084.857142857143,180.28571428571422,86.89999999999998,1292.1,672.1,123.90000000000009,111.0,1032.5,1132.0,183.0,170.0000000000001,2855.714285714286,973.5714285714286,145.42857142857156,94.0,1039.6,1341.2,132.60000000000014,103.15384615384596,596.2307692307693,1151.3846153846155,175.38461538461536,108.66666666666674,1360.6666666666667,1071.8333333333333,147.33333333333326,93.36363636363637,803.7272727272727,780.4545454545455,112.72727272727275,92.71428571428578,1062.7142857142858,909.1428571428571,160.71428571428555,107.0,1720.0,1266.0,131.0,36.0,1857.8,1191.2,38.0
255,96.5,524.0714285714286,1084.2142857142858,176.57142857142856,86.75,1291.75,672.25,124.25,111.0,1041.4166666666667,1136.3333333333333,183.0,176.5,2856.9285714285716,974.1428571428571,146.35714285714266,97.0,1050.8,1346.6,142.79999999999995,101.46153846153834,600.6923076923077,1152.1538461538462,174.15384615384608,108.0,1368.0,1073.0,156.0,94.0,811.0,780.0,109.0,93.42857142857133,1084.4285714285713,906.2857142857143,150.42857142857156,106.83333333333326,1734.0,1264.5,136.16666666666674,36.0,1914.0,1196.0,38.0
256,97.0,528.8571428571429,1083.5714285714287,172.85714285714278,86.60000000000002,1291.4,672.4,124.59999999999991,111.0,1050.3333333333333,1140.6666666666667,183.0,183.0000000000001,2858.1428571428573,974.7142857142857,147.28571428571422,100.0,1062.0,1352.0,153.0,99.76923076923072,605.1538461538462,1152.923076923077,172.9230769230769,106.59999999999991,1388.4,1072.4,149.39999999999986,94.60000000000002,818.4,779.6,118.0,94.14285714285711,1106.142857142857,903.4285714285714,140.1428571428571,106.66666666666674,1748.0,1263.0,141.33333333333326,36.0,1968.6,1200.4,38.0
257,97.5,533.6428571428571,1082.9285714285713,169.14285714285722,86.45000000000005,1291.05,672.55,124.95000000000005,111.0,1059.25,1145.0,183.0,189.4999999999999,2859.3571428571427,975.2857142857143,148.21428571428578,100.5,1083.0,1361.0,137.0,98.0769230769231,609.6153846153846,1153.6923076923076,171.69230769230762,105.20000000000005,1408.8,1071.8,142.79999999999995,95.19999999999993,825.8,779.2,127.0,94.85714285714289,1127.857142857143,900.5714285714286,129.8571428571429,106.5,1762.0,1261.5,146.5,36.0,2023.2,1204.8,37.99999999999977
258,98.0,538.4285714285714,1082.2857142857142,165.42857142857144,86.29999999999995,1290.7,672.7,125.29999999999995,111.0,1068.1666666666667,1149.3333333333333,183.0,196.0,2860.5714285714284,975.8571428571429,149.14285714285734,101.0,1104.0,1370.0,121.0,96.38461538461524,614.0769230769231,1154.4615384615386,170.46153846153845,103.79999999999995,1429.2,1071.2,136.20000000000005,95.80000000000007,833.2,778.8,136.0,95.57142857142867,1149.5714285714287,897.7142857142857,119.57142857142844,106.33333333333326,1776.0,1260.0,151.66666666666674,36.0,2077.8,1209.2,38.0
259,98.5,543.2142857142857,1081.642857142857,161.71428571428578,86.14999999999998,1290.35,672.85,125.65000000000009,111.0,1077.0833333333333,1153.6666666666667,183.0,202.4999999999999,2861.785714285714,976.4285714285714,150.07142857142844,101.5,1125.0,1379.0,105.0,94.69230769230762,618.5384615384615,1155.2307692307693,169.23076923076917,102.40000000000009,1449.6,1070.6,129.60000000000014,96.39999999999998,840.6,778.4,145.0,96.28571428571422,1171.2857142857142,894.8571428571429,109.28571428571445,106.16666666666674,1790.0,1258.5,156.83333333333326,36.0,2132.4,1213.6,38.0
260,99.0,548.0,1081.0,158.0,86.0,1290.0,673.0,126.0,111.0,1086.0,1158.0,183.0,209.0,2863.0,977.0,151.0,102.0,1146.0,1388.0,89.0,93.0,623.0,1156.0,168.0,101.0,1470.0,1070.0,123.0,97.0,848.0,778.0,154.0,97.0,1193.0,892.0,99.0,106.0,1804.0,1257.0,162.0,36.0,2187.0,1218.0,38.0
261,99.0,552.25,1079.75,167.5,85.85000000000002,1289.65,673.15,126.34999999999991,111.0,1092.7,1159.25,182.54999999999995,205.33333333333326,2867.4444444444443,989.8888888888889,149.1111111111113,100.83333333333348,1158.0,1394.3333333333333,100.33333333333326,93.0,628.05,1154.75,168.0,101.0,1476.5,1070.25,132.0,97.0,856.0833333333334,778.0,154.0,94.75,1206.75,893.0,114.0,105.5333333333333,1826.4666666666667,1253.8,163.4666666666667,36.0,2236.8,1223.6,38.0
262,99.0,556.5,1078.5,177.0,85.70000000000005,1289.3,673.3,126.70000000000005,111.0,1099.4,1160.5,182.0999999999999,201.66666666666652,2871.8888888888887,1002.7777777777778,147.22222222222263,99.66666666666652,1170.0,1400.6666666666667,111.66666666666674,93.0,633.1,1153.5,168.0,101.0,1483.0,1070.5,141.0,97.0,864.1666666666666,778.0,154.0,92.5,1220.5,894.0,129.0,105.06666666666683,1848.9333333333334,1250.6,164.93333333333317,36.0,2286.6,1229.2,38.0
263,99.0,560.75,1077.25,186.5,85.54999999999995,1288.95,673.45,127.04999999999995,111.0,1106.1,1161.75,181.6500000000001,198.0000000000001,2876.3333333333335,1015.6666666666666,145.33333333333303,98.5,1182.0,1407.0,123.0,93.0,638.15,1152.25,168.0,101.0,1489.5,1070.75,150.0,97.0,872.25,778.0,154.0,90.25,1234.25,895.0,144.0,104.59999999999991,1871.4,1247.4,166.39999999999986,36.0,2336.4,1234.8,38.0
264,99.0,565.0,1076.0,196.0,85.39999999999998,1288.6,673.6,127.40000000000009,111.0,1112.8,1163.0,181.20000000000005,194.33333333333326,2880.777777777778,1028.5555555555557,143.44444444444434,97.33333333333348,1194.0,1413.3333333333333,134.33333333333326,93.0,643.2,1151.0,168.0,101.0,1496.0,1071.0,159.0,97.0,880.3333333333334,778.0,153.9999999999999,88.0,1248.0,896.0,159.0,104.13333333333321,1893.8666666666666,1244.2,167.86666666666656,36.0,2386.2,1240.4,38.0
265,99.0,569.125,1074.625,195.375,85.25,1288.25,673.75,127.75,111.0,1119.5,1164.25,180.75,190.66666666666674,2885.222222222222,1041.4444444444443,141.55555555555566,96.16666666666652,1206.0,1419.6666666666667,145.66666666666674,93.0,648.25,1149.75,168.0,101.0,1512.1875,1071.25,156.75,97.0,888.4166666666666,778.0,154.0000000000001,88.5625,1264.9375,893.625,156.25,103.66666666666674,1916.3333333333333,1241.0,169.33333333333326,36.0,2436.0,1246.0,38.0
266,99.0,573.25,1073.25,194.75,85.10000000000002,1287.9,673.9,128.0999999999999,111.0,1126.2,1165.5,180.29999999999995,187.0,2889.6666666666665,1054.3333333333333,139.66666666666697,95.0,1218.0,1426.0,157.0,93.0,653.3,1148.5,168.0,101.0,1528.375,1071.5,154.5,97.0,896.5,778.0,154.0,89.125,1281.875,891.25,153.5,103.20000000000005,1938.8,1237.8,170.79999999999995,36.0,2481.6,1251.8,38.0
267,99.0,577.375,1071.875,194.125,84.95000000000005,1287.55,674.05,128.45000000000005,111.0,1132.9,1166.75,179.8499999999999,183.33333333333348,2894.1111111111113,1067.2222222222222,137.77777777777737,94.55555555555543,1234.4444444444443,1431.5555555555557,156.0,93.0,658.35,1147.25,168.0,101.0,1544.5625,1071.75,152.25,97.0,904.5833333333334,778.0,153.9999999999999,89.6875,1298.8125,888.875,150.75,102.73333333333335,1961.2666666666667,1234.6,172.26666666666665,36.0,2527.2,1257.6,38.0
268,99.0,581.5,1070.5,193.5,84.79999999999995,1287.2,674.2,128.79999999999995,111.0,1139.6,1168.0,179.4000000000001,179.66666666666674,2898.5555555555557,1080.111111111111,135.8888888888887,94.11111111111109,1250.888888888889,1437.111111111111,155.0,93.0,663.4,1146.0,168.0,101.0,1560.75,1072.0,150.0,97.0,912.6666666666666,778.0,154.0000000000001,90.25,1315.75,886.5,148.0,102.26666666666665,1983.7333333333333,1231.4,173.73333333333335,36.0,2572.8,1263.4,38.0
269,99.0,585.625,1069.125,192.875,84.64999999999998,1286.85,674.35,129.1500000000001,111.0,1146.3,1169.25,178.95000000000005,176.0,2903.0,1093.0,134.0,93.66666666666652,1267.3333333333333,1442.6666666666667,154.0,93.0,668.45,1144.75,168.0,101.0,1576.9375,1072.25,147.75,97.0,920.75,778.0,154.0,90.8125,1332.6875,884.125,145.25,101.79999999999995,2006.2,1228.2,175.20000000000005,36.0,2618.4,1269.2,38.0
270,99.0,589.75,1067.75,192.25,84.5,1286.5,674.5,129.5,111.0,1153.0,1170.5,178.5,166.28571428571445,2903.1428571428573,1112.2857142857142,136.28571428571422,93.22222222222217,1283.7777777777778,1448.2222222222222,153.0,93.0,673.5,1143.5,168.0,101.0,1593.125,1072.5,145.5,97.0,928.8333333333334,778.0,153.9999999999999,91.375,1349.625,881.75,142.5,101.33333333333326,2028.6666666666667,1225.0,176.66666666666674,36.0,2664.0,1275.0,38.0
271,99.0,593.875,1066.375,191.625,84.35000000000002,1286.15,674.65,129.8499999999999,111.0,1159.7,1171.75,178.04999999999995,156.57142857142844,2903.285714285714,1131.5714285714287,138.57142857142844,92.77777777777783,1300.2222222222222,1453.7777777777778,152.0,93.0,678.55,1142.25,168.0,101.0,1609.3125,1072.75,143.25,97.0,936.9166666666666,778.0,154.0000000000001,91.9375,1366.5625,879.375,139.75,100.86666666666679,2051.133333333333,1221.8,178.1333333333332,36.0,2705.3333333333335,1279.6666666666667,38.0
272,99.0,598.0,1065.0,191.0,84.20000000000005,1285.8,674.8,130.20000000000005,111.0,1166.4,1173.0,177.5999999999999,146.8571428571429,2903.4285714285716,1150.857142857143,140.85714285714266,92.33333333333348,1316.6666666666667,1459.3333333333333,151.0,93.0,683.6,1141.0,168.0,101.0,1625.5,1073.0,141.0,97.0,945.0,778.0,154.0,92.5,1383.5,877.0,137.0,100.40000000000009,2073.6,1218.6,179.5999999999999,36.0,2746.6666666666665,1284.3333333333333,38.0
273,99.0,602.125,1063.625,190.375,84.04999999999995,1285.45,674.95,130.54999999999995,111.0,1173.1,1174.25,177.1500000000001,137.1428571428571,2903.5714285714284,1170.142857142857,143.14285714285734,91.88888888888891,1333.111111111111,1464.888888888889,150.0,93.0,688.65,1139.75,168.0,101.0,1641.6875,1073.25,138.75,97.0,950.625,778.875,152.125,93.0625,1400.4375,874.625,134.25,99.93333333333317,2096.0666666666666,1215.4,181.0666666666666,36.0,2788.0,1289.0,38.0
274,99.0,606.25,1062.25,189.75,83.89999999999998,1285.1,675.1,130.9000000000001,111.0,1179.8,1175.5,176.70000000000005,127.42857142857156,2903.714285714286,1189.4285714285713,145.42857142857156,91.44444444444457,1349.5555555555557,1470.4444444444443,149.0,93.0,693.7,1138.5,168.0,101.0,1657.875,1073.5,136.5,97.0,956.25,779.75,150.25,93.625,1417.375,872.25,131.5,99.4666666666667,2118.5333333333333,1212.2,182.5333333333333,36.0,2825.0,1290.0,38.0
275,99.0,610.375,1060.875,189.125,83.75,1284.75,675.25,131.25,111.0,1186.5,1176.75,176.25,117.71428571428555,2903.8571428571427,1208.7142857142858,147.71428571428578,91.0,1366.0,1476.0,148.0,93.0,698.75,1137.25,168.0,101.0,1674.0625,1073.75,134.25,97.0,961.875,780.625,148.375,94.1875,1434.3125,869.875,128.75,99.0,2141.0,1209.0,184.0,36.0,2862.0,1294.0,38.0
276,99.0,614.5,1059.5,188.5,83.60000000000002,1284.4,675.4,131.5999999999999,111.0,1193.2,1178.0,175.79999999999995,108.0,2904.0,1228.0,150.0,93.20000000000005,1389.2,1478.6,136.20000000000005,93.0,703.8,1136.0,168.0,101.0,1690.25,1074.0,132.0,97.0,967.5,781.5,146.5,94.75,1451.25,867.5,126.0,96.40000000000009,2169.2,1205.8,179.80000000000018,36.0,2899.0,1298.0,38.0
277,99.0,618.625,1058.125,187.875,83.45000000000005,1284.05,675.55,131.95000000000005,111.0,1199.9,1179.25,175.3499999999999,99.0,2924.0,1247.0,133.0,95.39999999999986,1412.4,1481.2,124.39999999999986,93.0,708.85,1134.75,168.0,101.0,1706.4375,1074.25,129.75,97.0,973.125,782.375,144.625,95.3125,1468.1875,865.125,123.25,93.80000000000018,2197.4,1202.6,175.5999999999999,36.0,2923.0,1305.0,38.0
278,99.0,622.75,1056.75,187.25,83.29999999999995,1283.7,675.7,132.29999999999995,111.0,1206.6,1180.5,174.9000000000001,114.66666666666674,2920.3333333333335,1253.3333333333333,139.0,97.60000000000014,1435.6,1483.8,112.60000000000014,93.0,713.9,1133.5,168.0,101.0,1722.625,1074.5,127.5,97.0,978.75,783.25,142.75,95.875,1485.125,862.75,120.5,91.19999999999982,2225.6,1199.4,171.4000000000001,36.0,2947.0,1312.0,38.0
279,99.0,626.875,1055.375,186.625,83.14999999999998,1283.35,675.85,132.6500000000001,111.0,1213.3,1181.75,174.45000000000005,130.33333333333326,2916.6666666666665,1259.6666666666667,145.0,99.79999999999995,1458.8,1486.4,100.79999999999995,93.0,718.95,1132.25,168.0,101.0,1738.8125,1074.75,125.25,97.0,984.375,784.125,140.875,96.4375,1502.0625,860.375,117.75,88.59999999999991,2253.8,1196.2,167.19999999999982,36.0,2958.5,1316.5,38.0
280,99.0,631.0,1054.0,186.0,83.0,1283.0,676.0,133.0,111.0,1220.0,1183.0,174.0,146.0,2913.0,1266.0,151.0,102.0,1482.0,1489.0,89.0,93.0,724.0,1131.0,168.0,101.0,1755.0,1075.0,123.0,97.0,990.0,785.0,139.0,97.0,1519.0,858.0,115.0,86.0,2282.0,1193.0,163.0,36.0,2970.0,1321.0,38.0
281,99.0,635.2,1053.35,186.0,83.0,1283.0357142857142,676.0071428571429,133.0,111.0,1224.25,1180.8,172.20000000000005,141.66666666666674,2918.0,1272.3333333333333,150.66666666666652,99.25,1488.75,1493.75,104.25,93.0,728.55,1129.75,167.30000000000007,101.0,1765.7142857142858,1073.857142857143,125.42857142857133,98.5,997.6666666666666,787.1666666666666,141.83333333333337,97.0,1532.7,855.9,116.09999999999991,87.0,2297.0,1190.0,174.5,36.0,2973.2,1323.6,38.0
282,99.0,639.4,1052.7,186.0,83.0,1283.0714285714287,676.0142857142857,133.0,111.0,1228.5,1178.6,170.4000000000001,137.33333333333326,2923.0,1278.6666666666667,150.33333333333348,96.5,1495.5,1498.5,119.5,93.0,733.1,1128.5,166.60000000000002,101.0,1776.4285714285713,1072.7142857142858,127.85714285714289,100.0,1005.3333333333334,789.3333333333334,144.66666666666663,97.0,1546.4,853.8,117.19999999999982,88.0,2312.0,1187.0,186.0,36.0,2976.4,1326.2,38.0
283,99.0,643.6,1052.05,186.0,83.0,1283.107142857143,676.0214285714286,133.0,111.0,1232.75,1176.4,168.5999999999999,133.0,2928.0,1285.0,150.0,93.75,1502.25,1503.25,134.75,93.0,737.65,1127.25,165.89999999999998,101.0,1787.142857142857,1071.5714285714287,130.28571428571422,101.5,1013.0,791.5,147.5,97.0,1560.1,851.7,118.30000000000018,89.27777777777783,2339.277777777778,1183.9444444444443,185.05555555555566,36.0,2979.6,1328.8,38.0
284,99.0,647.8,1051.4,186.0,83.0,1283.142857142857,676.0285714285715,133.0,111.0,1237.0,1174.2,166.79999999999995,129.75,2939.0,1290.0,143.5,91.0,1509.0,1508.0,150.0,93.0,742.2,1126.0,165.19999999999993,101.0,1797.857142857143,1070.4285714285713,132.71428571428578,103.0,1020.6666666666666,793.6666666666666,150.33333333333337,97.0,1573.8,849.6,119.40000000000009,90.55555555555543,2366.5555555555557,1180.888888888889,184.11111111111086,36.0,2982.8,1331.4,38.0
285,99.0,652.0,1050.75,186.0,83.0,1283.1785714285713,676.0357142857143,133.0,111.0,1241.25,1172.0,165.0,126.5,2950.0,1295.0,137.0,90.40000000000009,1531.4,1510.6,138.19999999999982,93.0,746.75,1124.75,164.5,101.0,1808.5714285714287,1069.2857142857142,135.1428571428571,104.5,1028.3333333333333,795.8333333333334,153.16666666666674,97.0,1587.5,847.5,120.5,91.83333333333348,2393.8333333333335,1177.8333333333333,183.16666666666652,36.0,2986.0,1334.0,38.0
286,99.0,656.2,1050.1,186.0,83.0,1283.2142857142858,676.0428571428571,133.0,111.0,1245.5,1169.8,163.20000000000005,123.25,2961.0,1300.0,130.5,89.79999999999995,1553.8,1513.2,126.40000000000009,93.0,751.3,1123.5,163.80000000000007,101.0,1819.2857142857142,1068.142857142857,137.57142857142867,106.0,1036.0,798.0,156.0,97.0,1601.2,845.4,121.59999999999991,93.11111111111109,2421.1111111111113,1174.7777777777778,182.22222222222217,36.0,2990.8,1330.8,38.0
287,99.0,660.4,1049.45,186.0,83.0,1283.25,676.05,133.0,111.0,1249.75,1167.6,161.4000000000001,120.0,2972.0,1305.0,124.0,89.20000000000005,1576.2,1515.8,114.59999999999991,93.0,755.85,1122.25,163.10000000000002,101.0,1830.0,1067.0,140.0,104.33333333333326,1042.6666666666667,798.8888888888889,153.66666666666652,97.0,1614.9,843.3,122.69999999999982,94.38888888888891,2448.3888888888887,1171.7222222222222,181.27777777777783,36.0,2995.6,1327.6,38.0
288,99.0,664.6,1048.8,186.0,83.0,1283.2857142857142,676.0571428571428,133.0,111.0,1254.0,1165.4,159.5999999999999,120.66666666666674,2974.0,1306.3333333333333,126.0,88.59999999999991,1598.6,1518.4,102.80000000000018,93.0,760.4,1121.0,162.39999999999998,101.0,1845.0,1067.6923076923076,138.0,102.66666666666663,1049.3333333333333,799.7777777777778,151.33333333333348,97.0,1628.6,841.2,123.80000000000018,95.66666666666652,2475.6666666666665,1168.6666666666667,180.33333333333348,36.0,3000.4,1324.4,38.0
289,99.0,668.8,1048.15,186.0,83.0,1283.3214285714287,676.0642857142857,133.0,111.0,1258.25,1163.2,157.79999999999995,121.33333333333326,2976.0,1307.6666666666667,128.0,88.0,1621.0,1521.0,91.0,93.0,764.95,1119.75,161.69999999999993,101.0,1860.0,1068.3846153846155,136.0,101.0,1056.0,800.6666666666666,149.0,97.0,1642.3,839.1,124.90000000000009,96.94444444444457,2502.9444444444443,1165.611111111111,179.38888888888914,36.0,3005.2,1321.2,38.0
290,99.0,673.0,1047.5,186.0,83.0,1283.357142857143,676.0714285714286,133.0,111.0,1262.5,1161.0,156.0,122.0,2978.0,1309.0,130.0,89.20000000000005,1630.6,1520.2,107.0,93.0,769.5,1118.5,161.0,101.0,1875.0,1069.076923076923,134.0,99.33333333333337,1062.6666666666667,801.5555555555555,146.66666666666652,97.0,1656.0,837.0,126.0,98.22222222222217,2530.222222222222,1162.5555555555557,178.44444444444434,36.0,3010.0,1318.0,38.0
291,99.0,677.2,1046.85,186.0,83.0,1283.392857142857,676.0785714285714,133.0,111.0,1266.75,1158.8,154.20000000000005,129.33333333333326,2978.3333333333335,1303.6666666666667,137.0,90.39999999999986,1640.2,1519.4,123.0,93.0,774.05,1117.25,160.30000000000007,101.0,1890.0,1069.7692307692307,132.0,97.66666666666663,1069.3333333333333,802.4444444444445,144.33333333333348,97.0,1669.7,834.9,127.09999999999991,99.5,2557.5,1159.5,177.5,36.0,3023.8,1310.6,38.0
292,99.0,681.4,1046.2,186.0,83.0,1283.4285714285713,676.0857142857143,133.0,111.0,1271.0,1156.6,152.4000000000001,136.66666666666674,2978.6666666666665,1298.3333333333333,144.0,91.60000000000014,1649.8,1518.6,139.0,93.0,778.6,1116.0,159.60000000000002,101.0,1905.0,1070.4615384615386,130.0,96.0,1076.0,803.3333333333334,142.0,97.0,1683.4,832.8,128.19999999999982,100.77777777777783,2584.777777777778,1156.4444444444443,176.55555555555566,36.0,3037.6,1303.2,38.0
293,99.0,685.6,1045.55,186.0,83.0,1283.4642857142858,676.0928571428572,133.0,111.0,1275.25,1154.4,150.5999999999999,144.0,2979.0,1293.0,151.0,92.79999999999995,1659.4,1517.8,155.0,93.0,783.15,1114.75,158.89999999999998,101.0,1920.0,1071.1538461538462,128.0,94.33333333333337,1082.6666666666667,804.2222222222222,139.66666666666652,97.0,1697.1,830.7,129.30000000000018,102.05555555555543,2612.0555555555557,1153.388888888889,175.61111111111086,36.0,3051.4,1295.8,38.0
294,99.0,689.8,1044.9,186.0,83.0,1283.5,676.1,133.0,111.0,1279.5,1152.2,148.79999999999995,143.0,2981.6666666666665,1287.6666666666667,156.0,94.0,1669.0,1517.0,171.0,93.0,787.7,1113.5,158.19999999999993,101.0,1935.0,1071.8461538461538,126.0,92.66666666666674,1089.3333333333333,805.1111111111111,137.33333333333348,97.0,1710.8,828.6,130.4000000000001,103.33333333333348,2639.3333333333335,1150.3333333333333,174.66666666666652,36.0,3065.2,1288.4,38.0
295,99.0,694.0,1044.25,186.0,83.0,1283.5357142857142,676.1071428571429,133.0,111.0,1283.75,1150.0,147.0,142.0,2984.3333333333335,1282.3333333333333,161.0,95.33333333333326,1689.6666666666667,1516.5,157.33333333333326,93.0,792.25,1112.25,157.5,101.0,1950.0,1072.5384615384614,124.0,91.0,1096.0,806.0,135.0,97.0,1724.5,826.5,131.5,104.61111111111109,2666.6111111111113,1147.2777777777778,173.72222222222217,36.0,3079.0,1281.0,38.0
296,99.0,698.2,1043.6,186.0,83.0,1283.5714285714287,676.1142857142858,133.0,111.0,1288.0,1147.8,145.20000000000005,141.0,2987.0,1277.0,166.0,96.66666666666674,1710.3333333333333,1516.0,143.66666666666674,93.0,796.8,1111.0,156.80000000000007,101.0,1965.0,1073.2307692307693,122.0,89.20000000000005,1102.8,807.0,137.4000000000001,97.0,1738.2,824.4,132.5999999999999,105.88888888888891,2693.8888888888887,1144.2222222222222,172.77777777777783,36.0,3084.5,1275.25,38.0
297,99.0,702.4,1042.95,186.0,83.0,1283.607142857143,676.1214285714286,133.0,111.0,1292.25,1145.6,143.4000000000001,137.5,2998.25,1271.5,162.25,98.0,1731.0,1515.5,130.0,93.0,801.35,1109.75,156.10000000000002,101.0,1980.0,1073.923076923077,120.0,87.39999999999998,1109.6,808.0,139.80000000000018,97.0,1751.9,822.3,133.69999999999982,107.16666666666652,2721.1666666666665,1141.1666666666667,171.83333333333348,36.0,3090.0,1269.5,38.0
298,99.0,706.6,1042.3,186.0,83.0,1283.642857142857,676.1285714285714,133.0,111.0,1296.5,1143.4,141.5999999999999,134.0,3009.5,1266.0,158.5,99.33333333333326,1751.6666666666667,1515.0,116.33333333333326,93.0,805.9,1108.5,155.39999999999998,101.0,1995.0,1074.6153846153845,118.0,85.60000000000002,1116.4,809.0,142.19999999999982,97.0,1765.6,820.2,134.80000000000018,108.44444444444457,2748.4444444444443,1138.111111111111,170.88888888888914,36.0,3095.5,1263.75,38.0
299,99.0,710.8,1041.65,186.0,83.0,1283.6785714285713,676.1357142857142,133.0,111.0,1300.75,1141.2,139.79999999999995,130.5,3020.75,1260.5,154.75,100.66666666666674,1772.3333333333333,1514.5,102.66666666666674,93.0,810.45,1107.25,154.69999999999993,101.0,2010.0,1075.3076923076924,116.0,83.79999999999995,1123.2,810.0,144.5999999999999,97.0,1779.3,818.1,135.9000000000001,109.72222222222217,2775.722222222222,1135.0555555555557,169.94444444444434,36.0,3101.0,1258.0,38.0
300,99.0,715.0,1041.0,186.0,83.0,1283.7142857142858,676.1428571428571,133.0,111.0,1305.0,1139.0,138.0,127.0,3032.0,1255.0,151.0,102.0,1793.0,1514.0,89.0,93.0,815.0,1106.0,154.0,101.0,2025.0,1076.0,114.0,82.0,1130.0,811.0,147.0,97.0,1793.0,816.0,137.0,111.0,2803.0,1132.0,169.0,36.0,3115.0,1261.0,38.0
301,99.0,719.25,1039.35,186.0,83.0,1283.75,676.15,133.0,111.39999999999986,1308.5333333333333,1135.1333333333334,137.8666666666668,135.5,3055.5,1246.0,131.5,101.0,1807.0,1512.0,98.0,93.16666666666652,820.0,1105.1666666666667,154.91666666666663,101.0,2036.0588235294117,1075.8823529411766,115.0,82.625,1135.8125,811.6875,147.1875,96.94999999999993,1806.0,814.45,137.04999999999995,114.0,2830.8333333333335,1128.6666666666667,161.5,36.0,3129.0,1261.0,38.0
302,99.0,723.5,1037.7,186.0,83.0,1283.7857142857142,676.1571428571428,133.0,111.79999999999995,1312.0666666666666,1131.2666666666667,137.73333333333335,144.0,3079.0,1237.0,112.0,100.0,1821.0,1510.0,107.0,93.33333333333348,825.0,1104.3333333333333,155.83333333333337,101.0,2047.1176470588234,1075.764705882353,116.0,83.25,1141.625,812.375,147.375,96.89999999999998,1819.0,812.9,137.0999999999999,117.0,2858.6666666666665,1125.3333333333333,154.0,36.0,3138.6666666666665,1259.3333333333333,38.0
303,99.0,727.75,1036.05,186.0,83.0,1283.8214285714287,676.1642857142857,133.0,112.19999999999982,1315.6,1127.4,137.60000000000014,153.5,3080.5,1221.5,112.5,99.0,1835.0,1508.0,116.0,93.5,830.0,1103.5,156.75,101.0,2058.176470588235,1075.6470588235295,117.0,83.875,1147.4375,813.0625,147.5625,96.85000000000002,1832.0,811.35,137.1500000000001,120.0,2886.5,1122.0,146.5,36.0,3148.3333333333335,1257.6666666666667,38.0
304,99.0,732.0,1034.4,186.0,83.0,1283.857142857143,676.1714285714286,133.0,112.60000000000014,1319.1333333333334,1123.5333333333333,137.46666666666647,163.0,3082.0,1206.0,113.0,98.0,1849.0,1506.0,125.0,93.66666666666652,835.0,1102.6666666666667,157.66666666666663,101.0,2069.235294117647,1075.5294117647059,118.0,84.5,1153.25,813.75,147.75,96.80000000000007,1845.0,809.8,137.20000000000005,123.0,2914.3333333333335,1118.6666666666667,139.0,36.0,3158.0,1256.0,38.0
305,99.0,736.25,1032.75,186.0,83.0,1283.892857142857,676.1785714285714,133.0,113.0,1322.6666666666667,1119.6666666666667,137.33333333333326,154.66666666666674,3083.3333333333335,1204.0,124.66666666666652,96.0,1858.3333333333333,1506.0,126.0,93.83333333333348,840.0,1101.8333333333333,158.58333333333337,101.0,2080.294117647059,1075.4117647058824,119.0,85.125,1159.0625,814.4375,147.9375,96.75,1858.0,808.25,137.25,126.0,2942.1666666666665,1115.3333333333333,131.5,36.0,3164.0,1249.0,38.0
306,99.0,740.5,1031.1,186.0,83.0,1283.9285714285713,676.1857142857143,133.0,113.40000000000009,1326.2,1115.8,137.20000000000005,146.33333333333326,3084.6666666666665,1202.0,136.33333333333348,94.0,1867.6666666666667,1506.0,127.0,94.0,845.0,1101.0,159.5,101.0,2091.3529411764707,1075.2941176470588,120.0,85.75,1164.875,815.125,148.125,96.69999999999993,1871.0,806.7,137.29999999999995,129.0,2970.0,1112.0,124.0,36.0,3180.0,1243.3333333333333,38.0
307,99.0,744.75,1029.45,186.0,83.0,1283.9642857142858,676.1928571428572,133.0,113.79999999999995,1329.7333333333333,1111.9333333333334,137.0666666666666,138.0,3086.0,1200.0,148.0,92.0,1877.0,1506.0,128.0,94.16666666666652,850.0,1100.1666666666667,160.41666666666663,101.0,2102.4117647058824,1075.1764705882354,121.0,86.375,1170.6875,815.8125,148.3125,96.64999999999998,1884.0,805.15,137.3499999999999,122.0,2987.25,1110.0,131.5,36.0,3196.0,1237.6666666666667,38.0
308,99.0,749.0,1027.8,186.0,83.0,1284.0,676.2,133.0,114.20000000000005,1333.2666666666667,1108.0666666666666,136.9333333333334,125.0,3087.5,1198.0,160.0,88.33333333333326,1896.0,1505.6666666666667,113.33333333333326,94.33333333333348,855.0,1099.3333333333333,161.33333333333337,101.0,2113.470588235294,1075.0588235294117,122.0,87.0,1176.5,816.5,148.5,96.60000000000002,1897.0,803.6,137.4000000000001,115.0,3004.5,1108.0,139.0,36.0,3212.0,1232.0,38.0
309,99.0,753.25,1026.15,186.0,83.0,1284.0357142857142,676.2071428571429,133.0,114.59999999999991,1336.8,1104.2,136.79999999999995,112.0,3089.0,1196.0,172.0,84.66666666666674,1915.0,1505.3333333333333,98.66666666666674,94.5,860.0,1098.5,162.25,101.0,2124.529411764706,1074.9411764705883,123.0,87.625,1182.3125,817.1875,148.6875,96.55000000000007,1910.0,802.05,137.45000000000005,108.0,3021.75,1106.0,146.5,36.0,3222.0,1226.0,38.0
310,99.0,757.5,1024.5,186.0,83.0,1284.0714285714287,676.2142857142857,133.0,115.0,1340.3333333333333,1100.3333333333333,136.66666666666674,110.63636363636374,3090.2727272727275,1193.8181818181818,167.81818181818153,81.0,1934.0,1505.0,84.0,94.66666666666652,865.0,1097.6666666666667,163.16666666666674,101.0,2135.5882352941176,1074.8235294117646,124.0,88.25,1188.125,817.875,148.875,96.5,1923.0,800.5,137.5,101.0,3039.0,1104.0,154.0,36.0,3232.0,1220.0,38.0
311,98.99999999999989,761.75,1022.85,186.0,83.0,1284.107142857143,676.2214285714285,133.0,115.39999999999986,1343.8666666666666,1096.4666666666667,136.53333333333353,109.27272727272725,3091.5454545454545,1191.6363636363637,163.6363636363635,80.0,1941.6666666666667,1505.6666666666667,92.66666666666652,94.83333333333348,870.0,1096.8333333333333,164.08333333333326,101.0,2146.6470588235293,1074.7058823529412,125.0,88.875,1193.9375,818.5625,149.0625,96.44999999999993,1936.0,798.95,137.55000000000018,109.57142857142867,3056.4285714285716,1102.0,149.85714285714266,36.0,3224.75,1220.0,38.0
312,99.0,766.0,1021.2,186.0,83.0,1284.142857142857,676.2285714285714,133.0,115.80000000000018,1347.4,1092.6,136.39999999999986,107.90909090909076,3092.818181818182,1189.4545454545455,159.4545454545455,79.0,1949.3333333333333,1506.3333333333333,101.33333333333326,95.0,875.0,1096.0,165.0,101.0,2157.705882352941,1074.5882352941176,126.0,89.5,1199.75,819.25,149.25,96.39999999999998,1949.0,797.4,137.5999999999999,118.14285714285711,3073.8571428571427,1100.0,145.71428571428578,36.0,3217.5,1220.0,38.0
313,99.0,770.25,1019.55,186.0,83.0,1284.1785714285713,676.2357142857143,133.0,116.20000000000005,1350.9333333333334,1088.7333333333333,136.26666666666665,106.5454545454545,3094.090909090909,1187.2727272727273,155.27272727272748,78.0,1957.0,1507.0,110.0,94.625,880.0,1095.75,161.125,101.0,2168.764705882353,1074.4705882352941,127.0,90.125,1205.5625,819.9375,149.4375,96.35000000000002,1962.0,795.85,137.6500000000001,126.71428571428578,3091.285714285714,1098.0,141.57142857142844,36.0,3210.25,1220.0,38.0
314,99.00000000000011,774.5,1017.9,186.0,83.0,1284.2142857142858,676.2428571428571,133.0,116.60000000000014,1354.4666666666667,1084.8666666666666,136.1333333333332,105.18181818181824,3095.3636363636365,1185.090909090909,151.090909090909,81.5,1961.0,1505.5,121.5,94.25,885.0,1095.5,157.25,101.0,2179.823529411765,1074.3529411764705,128.0,90.75,1211.375,820.625,149.625,96.30000000000007,1975.0,794.3,137.69999999999982,135.28571428571422,3108.714285714286,1096.0,137.42857142857156,36.0,3203.0,1220.0,38.0
315,99.0,778.75,1016.25,186.0,83.0,1284.25,676.25,133.0,117.0,1358.0,1081.0,136.0,103.81818181818176,3096.6363636363635,1182.909090909091,146.909090909091,85.0,1965.0,1504.0,133.0,93.875,890.0,1095.25,153.375,101.0,2190.8823529411766,1074.235294117647,129.0,91.375,1217.1875,821.3125,149.8125,96.25,1988.0,792.75,137.75,143.8571428571429,3126.1428571428573,1094.0,133.28571428571422,36.0,3196.0,1215.0,38.0
316,98.99999999999989,783.0,1014.6,186.0,83.0,1284.2857142857142,676.2571428571429,133.0,113.39999999999986,1361.6,1081.2,131.80000000000018,102.4545454545455,3097.909090909091,1180.7272727272727,142.72727272727252,84.79999999999995,1974.0,1503.2,125.19999999999982,93.5,895.0,1095.0,149.5,101.0,2201.9411764705883,1074.1176470588234,130.0,92.0,1223.0,822.0,150.0,96.19999999999993,2001.0,791.2,137.80000000000018,152.42857142857133,3143.5714285714284,1092.0,129.14285714285734,36.0,3189.8,1208.8,38.0
317,99.0,787.25,1012.95,186.0,83.0,1284.3214285714287,676.2642857142857,133.0,109.79999999999995,1365.2,1081.4,127.59999999999991,101.09090909090924,3099.181818181818,1178.5454545454545,138.5454545454545,84.59999999999991,1983.0,1502.4,117.40000000000009,93.125,900.0,1094.75,145.625,101.0,2213.0,1074.0,131.0,92.75,1233.25,823.0,141.5,96.14999999999998,2014.0,789.65,137.8499999999999,161.0,3161.0,1090.0,125.0,36.0,3183.6,1202.6,38.0
318,99.0,791.5,1011.3,186.0,83.0,1284.357142857143,676.2714285714286,133.0,106.20000000000005,1368.8,1081.6,123.40000000000009,99.72727272727275,3100.4545454545455,1176.3636363636363,134.3636363636365,84.40000000000009,1992.0,1501.6,109.59999999999991,92.75,905.0,1094.5,141.75,101.0,2230.6666666666665,1074.0,125.33333333333348,93.5,1243.5,824.0,133.0,96.10000000000002,2027.0,788.1,137.9000000000001,161.66666666666674,3178.3333333333335,1088.0,128.33333333333303,36.0,3177.4,1196.4,38.0
319,99.00000000000011,795.75,1009.65,186.0,83.0,1284.392857142857,676.2785714285715,133.0,102.60000000000014,1372.4,1081.8,119.19999999999982,98.36363636363626,3101.7272727272725,1174.1818181818182,130.18181818181847,84.20000000000005,2001.0,1500.8,101.80000000000018,92.375,910.0,1094.25,137.875,101.0,2248.3333333333335,1074.0,119.66666666666652,94.25,1253.75,825.0,124.5,96.05000000000007,2040.0,786.55,137.94999999999982,162.33333333333326,3195.6666666666665,1086.0,131.66666666666697,36.0,3171.2,1190.2,38.0
320,99.0,800.0,1008.0,186.0,83.0,1284.4285714285713,676.2857142857143,133.0,99.0,1376.0,1082.0,115.0,97.0,3103.0,1172.0,126.0,84.0,2010.0,1500.0,94.0,92.0,915.0,1094.0,134.0,101.0,2266.0,1074.0,114.0,95.0,1264.0,826.0,116.0,96.0,2053.0,785.0,138.0,163.0,3213.0,1084.0,135.0,36.0,3165.0,1184.0,38.0
321,99.0,803.85,1007.45,185.60000000000002,83.0,1284.4642857142858,676.2928571428571,133.0,99.0,1377.5833333333333,1077.5833333333333,115.66666666666674,96.14285714285711,3101.714285714286,1170.857142857143,129.28571428571422,85.125,2014.5,1498.125,98.375,93.0,920.0,1093.857142857143,137.71428571428578,101.0,2274.5,1073.875,117.25,94.90909090909088,1270.4545454545455,826.3636363636364,118.18181818181824,96.0,2062.7,784.8,138.0,158.75,3229.0,1089.5,130.25,36.0,3164.0,1181.6666666666667,38.0
322,99.00000000000011,807.7,1006.9,185.19999999999993,83.0,1284.5,676.3,133.0,99.0,1379.1666666666667,1073.1666666666667,116.33333333333326,95.28571428571422,3100.4285714285716,1169.7142857142858,132.57142857142844,86.25,2019.0,1496.25,102.75,94.0,925.0,1093.7142857142858,141.42857142857133,101.0,2283.0,1073.75,120.5,94.81818181818176,1276.909090909091,826.7272727272727,120.36363636363626,96.0,2072.4,784.6,138.0,154.5,3245.0,1095.0,125.5,36.0,3163.0,1179.3333333333333,38.0
323,98.99999999999989,811.55,1006.35,184.80000000000007,83.0,1284.5357142857142,676.3071428571428,133.0,99.0,1380.75,1068.75,117.0,94.42857142857133,3099.1428571428573,1168.5714285714287,135.85714285714266,87.375,2023.5,1494.375,107.125,95.0,930.0,1093.5714285714287,145.1428571428571,101.0,2291.5,1073.625,123.75,94.72727272727275,1283.3636363636363,827.0909090909091,122.54545454545473,96.0,2082.1,784.4,138.0,150.25,3261.0,1100.5,120.75,36.0,3162.0,1177.0,38.0
324,99.0,815.4,1005.8,184.39999999999998,83.0,1284.5714285714287,676.3142857142857,133.0,99.0,1382.3333333333333,1064.3333333333333,117.66666666666674,93.57142857142867,3097.8571428571427,1167.4285714285713,139.14285714285734,88.5,2028.0,1492.5,111.5,96.0,935.0,1093.4285714285713,148.8571428571429,101.0,2300.0,1073.5,127.0,94.63636363636363,1289.8181818181818,827.4545454545455,124.72727272727275,96.0,2091.8,784.2,138.0,146.0,3277.0,1106.0,116.0,36.0,3167.0,1172.0,38.0
325,99.0,819.25,1005.25,184.0,83.0,1284.607142857143,676.3214285714286,133.0,99.0,1383.9166666666667,1059.9166666666667,118.33333333333326,92.71428571428578,3096.5714285714284,1166.2857142857142,142.42857142857156,89.625,2032.5,1490.625,115.875,97.0,940.0,1093.2857142857142,152.57142857142867,101.0,2308.5,1073.375,130.25,94.5454545454545,1296.2727272727273,827.8181818181819,126.90909090909099,96.0,2101.5,784.0,138.0,136.0,3286.0,1108.0,116.0,36.0,3172.0,1167.0,38.0
326,99.0,823.1,1004.7,183.60000000000002,83.0,1284.642857142857,676.3285714285714,133.0,99.0,1385.5,1055.5,119.0,91.85714285714289,3095.285714285714,1165.142857142857,145.71428571428578,90.75,2037.0,1488.75,120.25,98.0,945.0,1093.142857142857,156.28571428571422,101.0,2317.0,1073.25,133.5,94.4545454545455,1302.7272727272727,828.1818181818181,129.090909090909,96.0,2111.2,783.8,138.0,126.0,3295.0,1110.0,116.0,36.0,3182.25,1162.75,38.0
327,99.00000000000011,826.95,1004.15,183.19999999999993,83.0,1284.6785714285713,676.3357142857143,133.0,99.0,1387.0833333333333,1051.0833333333333,119.66666666666674,91.0,3094.0,1164.0,149.0,91.875,2041.5,1486.875,124.625,99.0,950.0,1093.0,160.0,101.0,2325.5,1073.125,136.75,94.36363636363637,1309.1818181818182,828.5454545454545,131.27272727272725,96.0,2120.9,783.6,138.0,116.0,3304.0,1112.0,116.0,36.0,3192.5,1158.5,38.0
328,98.99999999999989,830.8,1003.6,182.80000000000007,83.0,1284.7142857142858,676.3428571428572,133.0,99.0,1388.6666666666667,1046.6666666666667,120.33333333333326,96.5,3096.5,1157.0,154.5,93.0,2046.0,1485.0,129.0,98.46153846153834,955.0,1094.3076923076924,158.0,101.0,2334.0,1073.0,140.0,94.27272727272725,1315.6363636363637,828.9090909090909,133.45454545454527,96.0,2130.6,783.4,138.0,112.5,3306.25,1111.75,118.75,36.0,3202.75,1154.25,38.0
329,99.0,834.65,1003.05,182.39999999999998,83.0,1284.75,676.35,133.0,99.0,1390.25,1042.25,121.0,102.0,3099.0,1150.0,160.0,91.5,2054.3333333333335,1483.8333333333333,123.16666666666652,97.9230769230769,960.0,1095.6153846153845,156.0,101.0,2345.3333333333335,1072.8333333333333,140.33333333333303,94.18181818181824,1322.090909090909,829.2727272727273,135.63636363636374,96.0,2140.3,783.2,138.0,109.0,3308.5,1111.5,121.5,36.0,3213.0,1150.0,38.0
330,99.0,838.5,1002.5,182.0,83.0,1284.7857142857142,676.3571428571429,133.0,99.0,1391.8333333333333,1037.8333333333333,121.66666666666674,101.0,3098.25,1150.5,166.25,90.0,2062.6666666666665,1482.6666666666667,117.33333333333348,97.38461538461547,965.0,1096.923076923077,154.0,101.0,2356.6666666666665,1072.6666666666667,140.66666666666697,94.09090909090912,1328.5454545454545,829.6363636363636,137.81818181818176,96.0,2150.0,783.0,138.0,105.5,3310.75,1111.25,124.25,36.0,3223.0,1153.0,38.0
331,99.0,842.35,1001.95,181.60000000000002,83.0,1284.8214285714287,676.3642857142858,133.0,99.0,1393.4166666666667,1033.4166666666667,122.33333333333326,100.0,3097.5,1151.0,172.5,88.5,2071.0,1481.5,111.5,96.84615384615381,970.0,1098.2307692307693,152.0,101.0,2368.0,1072.5,141.0,94.0,1335.0,830.0,140.0,96.0,2159.7,782.8,138.0,102.0,3313.0,1111.0,127.0,36.0,3231.4,1157.2,38.0
332,99.00000000000011,846.2,1001.4,181.20000000000005,83.0,1284.857142857143,676.3714285714286,133.0,99.0,1395.0,1029.0,123.0,99.0,3096.75,1151.5,178.75,87.0,2079.3333333333335,1480.3333333333333,105.66666666666652,96.30769230769238,975.0,1099.5384615384614,150.0,101.0,2379.3333333333335,1072.3333333333333,141.33333333333303,93.88888888888891,1341.4444444444443,830.4444444444445,136.0,96.0,2169.4,782.6,138.0,102.5,3308.75,1111.0,132.75,36.0,3239.8,1161.4,38.0
333,98.99999999999989,850.05,1000.85,180.79999999999995,83.0,1284.892857142857,676.3785714285714,133.0,99.0,1395.125,1028.25,121.0,98.0,3096.0,1152.0,185.0,85.5,2087.6666666666665,1479.1666666666667,99.83333333333348,95.76923076923072,980.0,1100.8461538461538,148.0,101.0,2390.6666666666665,1072.1666666666667,141.66666666666697,93.77777777777771,1347.888888888889,830.8888888888889,132.0,96.0,2179.1,782.4,138.0,103.0,3304.5,1111.0,138.5,36.0,3248.2,1165.6,38.0
334,99.0,853.9,1000.3,180.39999999999998,83.0,1284.9285714285713,676.3857142857142,133.0,99.0,1395.25,1027.5,119.0,95.57142857142844,3100.714285714286,1152.7142857142858,188.57142857142844,84.0,2096.0,1478.0,94.0,95.23076923076928,985.0,1102.1538461538462,146.0,101.0,2402.0,1072.0,142.0,93.66666666666663,1354.3333333333333,831.3333333333334,128.0,96.0,2188.8,782.2,138.0,103.5,3300.25,1111.0,144.25,36.0,3256.6,1169.8,38.0
335,99.0,857.75,999.75,180.0,83.0,1284.9642857142858,676.3928571428571,133.0,99.0,1395.375,1026.75,117.0,93.14285714285734,3105.4285714285716,1153.4285714285713,192.14285714285688,85.66666666666674,2101.6666666666665,1477.0,98.5,94.69230769230762,990.0,1103.4615384615386,144.0,101.0,2413.3333333333335,1071.8333333333333,142.33333333333303,93.55555555555554,1360.7777777777778,831.7777777777778,124.0,96.0,2198.5,782.0,138.0,104.0,3296.0,1111.0,150.0,36.0,3265.0,1174.0,38.0
336,99.0,861.6,999.2,179.60000000000002,83.0,1285.0,676.4,133.0,99.0,1395.5,1026.0,115.0,90.71428571428578,3110.1428571428573,1154.142857142857,195.71428571428532,87.33333333333326,2107.3333333333335,1476.0,103.0,94.15384615384619,995.0,1104.7692307692307,142.0,101.0,2424.6666666666665,1071.6666666666667,142.66666666666697,93.44444444444446,1367.2222222222222,832.2222222222222,120.0,96.0,2208.2,781.8,138.0,104.20000000000005,3286.6,1111.2,156.0,36.0,3275.0,1172.0,38.0
337,99.00000000000011,865.45,998.65,179.20000000000005,83.0,1285.0357142857142,676.4071428571428,133.0,99.0,1395.625,1025.25,113.0,88.28571428571422,3114.8571428571427,1154.857142857143,199.28571428571468,89.0,2113.0,1475.0,107.5,93.61538461538453,1000.0,1106.076923076923,140.0,101.0,2436.0,1071.5,143.0,93.33333333333337,1373.6666666666667,832.6666666666666,116.0,96.0,2217.9,781.6,138.0,104.39999999999986,3277.2,1111.4,162.0,36.0,3285.0,1170.0,38.0
338,98.99999999999989,869.3,998.1,178.79999999999995,83.0,1285.0714285714287,676.4142857142857,133.0,99.0,1395.75,1024.5,111.0,85.85714285714266,3119.5714285714284,1155.5714285714287,202.85714285714312,90.66666666666674,2118.6666666666665,1474.0,112.0,93.0769230769231,1005.0,1107.3846153846155,138.0,101.0,2447.3333333333335,1071.3333333333333,143.33333333333303,93.22222222222229,1380.111111111111,833.1111111111111,112.0,96.0,2227.6,781.4,138.0,104.60000000000014,3267.8,1111.6,168.0,36.0,3295.0,1168.0,38.0
339,99.0,873.15,997.55,178.39999999999998,83.0,1285.107142857143,676.4214285714286,133.0,99.0,1395.875,1023.75,109.0,83.42857142857156,3124.285714285714,1156.2857142857142,206.42857142857156,92.33333333333326,2124.3333333333335,1473.0,116.5,92.53846153846166,1010.0,1108.6923076923076,136.0,101.0,2458.6666666666665,1071.1666666666667,143.66666666666697,93.11111111111109,1386.5555555555557,833.5555555555555,108.0,96.0,2237.3,781.2,138.0,104.79999999999995,3258.4,1111.8,174.0,36.0,3305.0,1166.0,38.0
340,99.0,877.0,997.0,178.0,83.0,1285.142857142857,676.4285714285714,133.0,99.0,1396.0,1023.0,107.0,81.0,3129.0,1157.0,210.0,94.0,2130.0,1472.0,121.0,92.0,1015.0,1110.0,134.0,101.0,2470.0,1071.0,144.0,93.0,1393.0,834.0,104.0,96.0,2247.0,781.0,138.0,105.0,3249.0,1112.0,180.0,36.0,3315.0,1164.0,38.0
341,98.99999999999989,880.8,996.35,178.0,83.0,1285.1785714285713,676.4357142857143,133.0,100.0,1397.0,1020.0,108.625,81.75,3129.75,1155.5,217.5,94.0,2130.6666666666665,1471.0,124.33333333333348,92.0,1020.3333333333334,1111.3333333333333,139.9999999999999,101.5333333333333,2482.0,1069.8,142.5999999999999,92.57142857142856,1398.142857142857,834.4285714285714,107.85714285714289,96.0,2254.6,781.4,137.5,106.05000000000018,3248.2,1108.6,178.9000000000001,36.0,3329.2,1156.4,38.0
342,99.0,884.6,995.7,177.9999999999999,83.0,1285.2142857142858,676.4428571428572,133.0,101.0,1398.0,1017.0,110.25,82.5,3130.5,1154.0,225.0,94.0,2131.3333333333335,1470.0,127.66666666666652,92.0,1025.6666666666667,1112.6666666666667,146.0,102.06666666666683,2494.0,1068.6,141.19999999999982,92.14285714285711,1403.2857142857142,834.8571428571429,111.71428571428578,96.0,2262.2,781.8,137.0,107.09999999999991,3247.4,1105.2,177.79999999999973,36.0,3343.4,1148.8,38.0
343,99.0,888.4,995.05,178.0000000000001,83.0,1285.25,676.45,133.0,102.0,1399.0,1014.0,111.875,83.25,3131.25,1152.5,232.5,94.0,2132.0,1469.0,131.0,92.0,1031.0,1114.0,152.0,102.59999999999991,2506.0,1067.4,139.80000000000018,91.71428571428567,1408.4285714285713,835.2857142857143,115.57142857142867,96.0,2269.8,782.2,136.5,108.15000000000009,3246.6,1101.8,176.70000000000027,36.0,3357.6,1141.2,38.0
344,99.00000000000011,892.2,994.4,178.0,83.0,1285.2857142857142,676.4571428571429,133.0,103.0,1400.0,1011.0,113.5,84.0,3132.0,1151.0,240.0,94.0,2141.5714285714284,1468.142857142857,125.42857142857156,92.0,1036.4705882352941,1115.235294117647,151.41176470588243,103.13333333333321,2518.0,1066.2,138.4000000000001,91.28571428571433,1413.5714285714287,835.7142857142857,119.42857142857133,96.0,2277.4,782.6,136.0,109.19999999999982,3245.8,1098.4,175.5999999999999,36.0,3371.8,1133.6,38.0
345,99.0,896.0,993.75,178.0,83.0,1285.3214285714287,676.4642857142857,133.0,104.0,1401.0,1008.0,115.125,85.11111111111109,3132.8888888888887,1149.3333333333333,230.4444444444448,94.0,2151.1428571428573,1467.2857142857142,119.85714285714266,92.0,1041.9411764705883,1116.4705882352941,150.82352941176464,103.66666666666674,2530.0,1065.0,137.0,90.85714285714289,1418.7142857142858,836.1428571428571,123.28571428571422,96.0,2285.0,783.0,135.5,110.25,3245.0,1095.0,174.5,36.0,3386.0,1126.0,38.0
346,98.99999999999989,899.8,993.1,178.0,83.0,1285.357142857143,676.4714285714285,133.0,105.0,1402.0,1005.0,116.75,86.22222222222217,3133.777777777778,1147.6666666666667,220.8888888888887,94.0,2160.714285714286,1466.4285714285713,114.28571428571422,92.0,1047.4117647058824,1117.7058823529412,150.23529411764707,104.20000000000005,2542.0,1063.8,135.5999999999999,90.42857142857144,1423.857142857143,836.5714285714286,127.14285714285711,96.0,2292.6,783.4,135.0,111.30000000000018,3244.2,1091.6,173.4000000000001,36.0,3397.2,1117.8,38.0
347,99.0,903.6,992.45,177.9999999999999,83.0,1285.392857142857,676.4785714285714,133.0,106.0,1403.0,1002.0,118.375,87.33333333333326,3134.6666666666665,1146.0,211.33333333333348,94.0,2170.285714285714,1465.5714285714287,108.71428571428578,92.0,1052.8823529411766,1118.9411764705883,149.64705882352928,104.73333333333335,2554.0,1062.6,134.19999999999982,90.0,1429.0,837.0,131.0,96.0,2300.2,783.8,134.5,112.34999999999991,3243.4,1088.2,172.29999999999973,36.0,3408.4,1109.6,38.0
348,99.0,907.4,991.8,178.0000000000001,83.0,1285.4285714285713,676.4857142857143,133.0,107.0,1404.0,999.0,120.0,88.44444444444457,3135.5555555555557,1144.3333333333333,201.77777777777783,94.0,2179.8571428571427,1464.7142857142858,103.14285714285734,92.0,1058.3529411764705,1120.1764705882354,149.05882352941194,105.26666666666665,2566.0,1061.4,132.80000000000018,89.30769230769226,1435.4615384615386,837.6153846153846,131.46153846153834,96.0,2307.8,784.2,134.0,113.40000000000009,3242.6,1084.8,171.20000000000027,36.0,3419.6,1101.4,38.0
349,99.00000000000011,911.2,991.15,178.0,83.0,1285.4642857142858,676.4928571428571,133.0,105.58333333333337,1405.0,998.4166666666666,118.91666666666674,89.55555555555543,3136.4444444444443,1142.6666666666667,192.22222222222217,94.0,2189.4285714285716,1463.857142857143,97.57142857142844,92.0,1063.8235294117646,1121.4117647058824,148.47058823529414,105.79999999999995,2578.0,1060.2,131.4000000000001,88.61538461538453,1441.923076923077,838.2307692307693,131.9230769230769,96.0,2315.4,784.6,133.5,114.44999999999982,3241.8,1081.4,170.0999999999999,36.0,3430.8,1093.2,38.0
350,99.0,915.0,990.5,178.0,83.0,1285.5,676.5,133.0,104.16666666666663,1406.0,997.8333333333334,117.83333333333326,90.66666666666674,3137.3333333333335,1141.0,182.66666666666652,94.0,2199.0,1463.0,92.0,92.0,1069.2941176470588,1122.6470588235295,147.88235294117658,106.33333333333326,2590.0,1059.0,130.0,87.9230769230769,1448.3846153846155,838.8461538461538,132.38461538461524,96.0,2323.0,785.0,133.0,115.5,3241.0,1078.0,169.0,36.0,3442.0,1085.0,38.0
351,98.99999999999989,918.8,989.85,178.0,83.0,1285.5357142857142,676.5071428571429,133.0,102.75,1407.0,997.25,116.75,91.77777777777783,3138.222222222222,1139.3333333333333,173.1111111111113,93.71428571428578,2201.4285714285716,1461.857142857143,94.71428571428578,92.0,1074.764705882353,1123.8823529411766,147.29411764705878,106.86666666666679,2602.0,1057.8,128.5999999999999,87.23076923076928,1454.8461538461538,839.4615384615385,132.8461538461538,96.0,2330.6,785.4,132.5,116.55000000000018,3240.2,1074.6,167.9000000000001,36.0,3448.6,1077.6,38.0
352,99.0,922.6,989.2,177.9999999999999,83.0,1285.5714285714287,676.5142857142857,133.0,101.33333333333337,1408.0,996.6666666666666,115.66666666666674,92.88888888888891,3139.1111111111113,1137.6666666666667,163.5555555555552,93.42857142857133,2203.8571428571427,1460.7142857142858,97.42857142857156,92.0,1080.235294117647,1125.1176470588234,146.70588235294122,107.40000000000009,2614.0,1056.6,127.19999999999982,86.53846153846155,1461.3076923076924,840.0769230769231,133.30769230769215,96.0,2338.2,785.8,132.0,117.59999999999991,3239.4,1071.2,166.79999999999973,36.0,3455.2,1070.2,38.0
353,99.0,926.4,988.55,178.0000000000001,83.0,1285.607142857143,676.5214285714286,133.0,99.91666666666663,1409.0,996.0833333333334,114.58333333333326,94.0,3140.0,1136.0,154.0,93.14285714285711,2206.285714285714,1459.5714285714287,100.14285714285734,92.0,1085.7058823529412,1126.3529411764705,146.11764705882342,107.93333333333317,2626.0,1055.4,125.80000000000018,85.84615384615381,1467.7692307692307,840.6923076923077,133.76923076923072,96.0,2345.8,786.2,131.5,118.65000000000009,3238.6,1067.8,165.70000000000027,36.0,3461.8,1062.8,38.0
354,99.00000000000011,930.2,987.9,178.0,83.0,1285.642857142857,676.5285714285715,133.0,98.5,1410.0,995.5,113.5,94.0,3140.8571428571427,1134.4285714285713,153.28571428571468,92.85714285714289,2208.714285714286,1458.4285714285713,102.85714285714266,92.0,1091.1764705882354,1127.5882352941176,145.52941176470586,108.4666666666667,2638.0,1054.2,124.40000000000009,85.15384615384619,1474.2307692307693,841.3076923076923,134.23076923076928,96.0,2353.4,786.6,131.0,119.69999999999982,3237.8,1064.4,164.5999999999999,36.0,3468.4,1055.4,38.0
355,99.0,934.0,987.25,178.0,83.0,1285.6785714285713,676.5357142857143,133.0,97.08333333333337,1411.0,994.9166666666666,112.41666666666674,94.0,3141.714285714286,1132.857142857143,152.57142857142844,92.57142857142867,2211.1428571428573,1457.2857142857142,105.57142857142844,92.0,1096.6470588235295,1128.8235294117646,144.94117647058806,109.0,2650.0,1053.0,123.0,84.46153846153845,1480.6923076923076,841.9230769230769,134.69230769230785,96.0,2361.0,787.0,130.5,120.75,3237.0,1061.0,163.5,36.0,3475.0,1048.0,38.0
356,98.99999999999989,937.8,986.6,178.0,83.0,1285.7142857142858,676.5428571428571,133.0,95.66666666666663,1412.0,994.3333333333334,111.33333333333326,94.0,3142.5714285714284,1131.2857142857142,151.85714285714312,92.28571428571422,2213.5714285714284,1456.142857142857,108.28571428571422,92.0,1102.1176470588234,1130.0588235294117,144.35294117647072,109.59999999999991,2654.2,1055.2,127.20000000000027,83.76923076923072,1487.1538461538462,842.5384615384615,135.1538461538462,96.0,2368.6,787.4,130.0,121.80000000000018,3236.2,1057.6,162.4000000000001,36.0,3478.2,1040.0,38.0
357,99.0,941.6,985.95,177.9999999999999,83.0,1285.75,676.55,133.0,94.25,1413.0,993.75,110.25,94.0,3143.4285714285716,1129.7142857142858,151.14285714285688,92.0,2216.0,1455.0,111.0,92.0,1107.5882352941176,1131.2941176470588,143.76470588235293,110.19999999999982,2658.4,1057.4,131.4000000000001,83.0769230769231,1493.6153846153845,843.1538461538462,135.61538461538476,96.0,2376.2,787.8,129.5,122.84999999999991,3235.4,1054.2,161.29999999999973,36.0,3481.4,1032.0,38.0
358,99.0,945.4,985.3,178.0000000000001,83.0,1285.7857142857142,676.5571428571428,133.0,92.83333333333337,1414.0,993.1666666666666,109.16666666666674,94.0,3144.285714285714,1128.142857142857,150.42857142857156,91.66666666666674,2222.6666666666665,1454.0,109.33333333333348,92.0,1113.0588235294117,1132.5294117647059,143.17647058823536,110.80000000000018,2662.6,1059.6,135.5999999999999,82.38461538461547,1500.076923076923,843.7692307692307,136.0769230769231,96.0,2383.8,788.2,129.0,123.90000000000009,3234.6,1050.8,160.20000000000027,36.0,3484.6,1024.0,38.0
359,99.00000000000011,949.2,984.65,178.0,83.0,1285.8214285714287,676.5642857142857,133.0,91.41666666666663,1415.0,992.5833333333334,108.08333333333326,94.0,3145.1428571428573,1126.5714285714287,149.71428571428532,91.33333333333326,2229.3333333333335,1453.0,107.66666666666652,92.0,1118.5294117647059,1133.764705882353,142.58823529411757,111.40000000000009,2666.8,1061.8,139.79999999999973,81.69230769230774,1506.5384615384614,844.3846153846154,136.53846153846166,96.0,2391.4,788.6,128.5,124.94999999999982,3233.8,1047.4,159.0999999999999,36.0,3487.8,1016.0,38.0
360,99.0,953.0,984.0,178.0,83.0,1285.857142857143,676.5714285714286,133.0,90.0,1416.0,992.0,107.0,94.0,3146.0,1125.0,149.0,91.0,2236.0,1452.0,106.0,92.0,1124.0,1135.0,142.0,112.0,2671.0,1064.0,144.0,81.0,1513.0,845.0,137.0,96.0,2399.0,789.0,128.0,126.0,3233.0,1044.0,158.0,36.0,3491.0,1008.0,38.0
361,99.00000000000011,957.2,984.4,177.14999999999986,83.0,1285.892857142857,676.5785714285714,133.0,89.90000000000009,1413.85,990.5,109.25,95.40000000000009,3145.1,1122.3,147.0,91.0,2240.9,1451.5,106.0,92.92857142857133,1129.4285714285713,1135.5714285714287,141.8571428571429,112.0,2677.35,1063.35,143.4000000000001,81.85000000000002,1518.8,844.6,136.45000000000005,96.0,2403.1,789.6,128.0,119.0,3225.5,1041.5,170.66666666666652,36.0,3490.8,1007.8,38.0
362,99.0,961.4,984.8,176.30000000000007,83.0,1285.9285714285713,676.5857142857143,133.0,89.79999999999995,1411.7,989.0,111.5,96.80000000000018,3144.2,1119.6,145.0,91.0,2245.8,1451.0,106.0,93.85714285714289,1134.857142857143,1136.142857142857,141.71428571428578,112.0,2683.7,1062.7,142.80000000000018,82.69999999999993,1524.6,844.2,135.9000000000001,96.0,2407.2,790.2,128.0,112.0,3218.0,1039.0,183.33333333333348,35.999999999999886,3490.6,1007.6,38.0
363,99.0,965.6,985.2,175.44999999999993,83.0,1285.9642857142858,676.5928571428572,133.0,89.70000000000005,1409.55,987.5,113.75,98.19999999999982,3143.3,1116.9,143.0,91.0,2250.7,1450.5,106.0,94.78571428571422,1140.2857142857142,1136.7142857142858,141.57142857142867,112.0,2690.05,1062.05,142.19999999999982,83.55000000000007,1530.4,843.8,135.3499999999999,96.0,2411.3,790.8,128.0,105.0,3210.5,1036.5,196.0,36.000000000000114,3490.4,1007.4,38.0
364,98.99999999999989,969.8,985.6,174.60000000000014,83.0,1286.0,676.6,133.0,89.59999999999991,1407.4,986.0,116.0,99.59999999999991,3142.4,1114.2,141.0,91.0,2255.6,1450.0,106.0,95.71428571428578,1145.7142857142858,1137.2857142857142,141.42857142857133,112.0,2696.4,1061.4,141.5999999999999,84.39999999999998,1536.2,843.4,134.79999999999995,96.0,2415.4,791.4,128.0,98.0,3203.0,1034.0,208.66666666666652,36.0,3490.2,1007.2,38.0
365,99.0,974.0,986.0,173.75,83.0,1286.0357142857142,676.6071428571429,133.0,89.5,1405.25,984.5,118.25,101.0,3141.5,1111.5,139.0,91.0,2260.5,1449.5,106.0,96.64285714285711,1151.142857142857,1137.857142857143,141.28571428571422,112.0,2702.75,1060.75,141.0,85.25,1542.0,843.0,134.25,96.0,2419.5,792.0,128.0,91.0,3195.5,1031.5,221.33333333333348,36.0,3490.0,1007.0,38.0
366,99.00000000000011,978.2,986.4,172.89999999999986,83.0,1286.0714285714287,676.6142857142858,133.0,89.40000000000009,1403.1,983.0,120.5,102.40000000000009,3140.6,1108.8,137.0,91.0,2265.4,1449.0,106.0,97.57142857142867,1156.5714285714287,1138.4285714285713,141.1428571428571,112.0,2709.1,1060.1,140.4000000000001,86.10000000000002,1547.8,842.6,133.70000000000005,96.0,2423.6,792.6,128.0,84.0,3188.0,1029.0,234.0,35.999999999999886,3485.6,1011.6,38.0
367,99.0,982.4,986.8,172.05000000000007,83.0,1286.107142857143,676.6214285714286,133.0,89.29999999999995,1400.95,981.5,122.75,103.80000000000018,3139.7,1106.1,135.0,91.0,2270.3,1448.5,106.0,98.5,1162.0,1139.0,141.0,112.0,2715.45,1059.45,139.80000000000018,86.94999999999993,1553.6,842.2,133.1500000000001,96.0,2427.7,793.2,128.0,85.42857142857156,3188.214285714286,1026.2857142857142,232.71428571428578,36.0,3481.2,1016.2,38.0
368,99.0,986.6,987.2,171.19999999999993,83.0,1286.142857142857,676.6285714285714,133.0,89.20000000000005,1398.8,980.0,125.0,105.19999999999982,3138.8,1103.4,133.0,91.0,2275.2,1448.0,106.0,99.42857142857133,1167.4285714285713,1139.5714285714287,140.8571428571429,112.0,2721.8,1058.8,139.19999999999982,87.80000000000007,1559.4,841.8,132.5999999999999,96.0,2431.8,793.8,128.0,86.85714285714278,3188.4285714285716,1023.5714285714286,231.4285714285711,36.0,3476.8,1020.8,38.0
369,98.99999999999989,990.8,987.6,170.35000000000014,83.0,1286.1785714285713,676.6357142857142,133.0,89.09999999999991,1396.65,978.5,127.25,106.59999999999991,3137.9,1100.7,131.0,91.0,2280.1,1447.5,106.0,100.35714285714289,1172.857142857143,1140.142857142857,140.71428571428578,112.0,2728.15,1058.15,138.5999999999999,88.64999999999998,1565.2,841.4,132.04999999999995,96.0,2435.9,794.4,128.0,88.28571428571422,3188.6428571428573,1020.8571428571429,230.14285714285688,36.0,3472.4,1025.4,38.0
370,99.0,995.0,988.0,169.5,83.0,1286.2142857142858,676.6428571428571,133.0,89.0,1394.5,977.0,129.5,108.0,3137.0,1098.0,129.0,91.0,2285.0,1447.0,106.0,101.28571428571422,1178.2857142857142,1140.7142857142858,140.57142857142867,112.0,2734.5,1057.5,138.0,89.5,1571.0,841.0,131.5,96.0,2440.0,795.0,128.0,89.71428571428578,3188.8571428571427,1018.1428571428571,228.85714285714312,36.0,3468.0,1030.0,38.0
371,99.00000000000011,999.2,988.4,168.64999999999986,83.0,1286.25,676.65,133.0,88.90000000000009,1392.35,975.5,131.75,106.60000000000014,3132.0,1094.3,129.30000000000018,91.0,2287.6,1445.9,106.0,102.21428571428578,1183.7142857142858,1141.2857142857142,140.42857142857133,112.0,2740.85,1056.85,137.4000000000001,90.35000000000002,1576.8,840.6,130.95000000000005,96.0,2444.1,795.6,128.0,91.14285714285722,3189.0714285714284,1015.4285714285714,227.5714285714289,36.0,3458.2,1032.2,38.0
372,99.0,1003.4,988.8,167.80000000000007,83.0,1286.2857142857142,676.6571428571428,133.0,88.79999999999995,1390.2,974.0,134.0,105.20000000000005,3127.0,1090.6,129.5999999999999,91.0,2290.2,1444.8,106.0,103.14285714285711,1189.142857142857,1141.857142857143,140.28571428571422,112.0,2747.2,1056.2,136.80000000000018,91.19999999999993,1582.6,840.2,130.4000000000001,96.0,2448.2,796.2,128.0,92.57142857142856,3189.285714285714,1012.7142857142857,226.28571428571422,36.0,3448.4,1034.4,38.0
373,99.0,1007.6,989.2,166.94999999999993,83.0,1286.3214285714287,676.6642857142857,133.0,88.70000000000005,1388.05,972.5,136.25,103.79999999999995,3122.0,1086.9,129.9000000000001,91.0,2292.8,1443.7,106.0,104.07142857142867,1194.5714285714287,1142.4285714285713,140.1428571428571,112.0,2753.55,1055.55,136.19999999999982,92.05000000000007,1588.4,839.8,129.8499999999999,96.0,2452.3,796.8,128.0,94.0,3189.5,1010.0,225.0,36.0,3438.6,1036.6,38.0
374,98.99999999999989,1011.8,989.6,166.10000000000014,83.0,1286.357142857143,676.6714285714286,133.0,88.59999999999991,1385.9,971.0,138.5,102.39999999999986,3117.0,1083.2,130.19999999999982,91.0,2295.4,1442.6,106.0,105.0,1200.0,1143.0,140.0,112.0,2759.9,1054.9,135.5999999999999,92.89999999999998,1594.2,839.4,129.29999999999995,96.0,2456.4,797.4,128.0,95.42857142857144,3189.714285714286,1007.2857142857143,223.71428571428578,36.0,3428.8,1038.8,38.0
375,99.0,1016.0,990.0,165.25,83.0,1286.392857142857,676.6785714285714,133.0,88.5,1383.75,969.5,140.75,101.0,3112.0,1079.5,130.5,91.0,2298.0,1441.5,106.0,102.83333333333326,1205.3333333333333,1143.6666666666667,137.83333333333348,112.0,2766.25,1054.25,135.0,93.75,1600.0,839.0,128.75,96.0,2460.5,798.0,128.0,96.85714285714278,3189.9285714285716,1004.5714285714286,222.4285714285711,36.0,3419.0,1041.0,38.0
376,99.00000000000011,1020.2,990.4,164.39999999999986,83.0,1286.4285714285713,676.6857142857143,133.0,88.40000000000009,1381.6,968.0,143.0,99.60000000000014,3107.0,1075.8,130.80000000000018,91.0,2300.6,1440.4,106.0,100.66666666666674,1210.6666666666667,1144.3333333333333,135.66666666666652,112.0,2772.6,1053.6,134.4000000000001,94.60000000000002,1605.8,838.6,128.20000000000005,96.0,2464.6,798.6,128.0,98.28571428571422,3190.1428571428573,1001.8571428571429,221.14285714285688,36.0,3409.2,1042.4,38.0
377,99.0,1024.4,990.8,163.54999999999995,83.0,1286.4642857142858,676.6928571428572,133.0,88.29999999999995,1379.45,966.5,145.25,98.20000000000005,3102.0,1072.1,131.0999999999999,91.0,2303.2,1439.3,106.0,98.5,1216.0,1145.0,133.5,112.0,2778.95,1052.95,133.80000000000018,95.44999999999993,1611.6,838.2,127.65000000000009,96.0,2468.7,799.2,128.0,99.71428571428578,3190.3571428571427,999.1428571428571,219.85714285714312,36.0,3399.4,1043.8,38.0
378,99.0,1028.6,991.2,162.70000000000005,83.0,1286.5,676.7,133.0,88.20000000000005,1377.3,965.0,147.5,96.79999999999995,3097.0,1068.4,131.4000000000001,91.0,2305.8,1438.2,106.0,96.33333333333326,1221.3333333333333,1145.6666666666667,131.33333333333348,112.0,2785.3,1052.3,133.19999999999982,96.30000000000007,1617.4,837.8,127.09999999999991,96.0,2472.8,799.8,128.0,101.14285714285722,3190.5714285714284,996.4285714285714,218.5714285714289,36.0,3389.6,1045.2,38.0
379,98.99999999999989,1032.8,991.6,161.85000000000014,83.0,1286.5357142857142,676.7071428571429,133.0,88.09999999999991,1375.15,963.5,149.75,95.39999999999986,3092.0,1064.7,131.69999999999982,91.0,2308.4,1437.1,106.0,94.16666666666674,1226.6666666666667,1146.3333333333333,129.16666666666652,112.0,2791.65,1051.65,132.5999999999999,97.14999999999998,1623.2,837.4,126.54999999999995,96.0,2476.9,800.4,128.0,102.57142857142856,3190.785714285714,993.7142857142857,217.28571428571422,36.0,3379.8,1046.6,38.0
380,99.0,1037.0,992.0,161.0,83.0,1286.5714285714287,676.7142857142857,133.0,88.0,1373.0,962.0,152.0,94.0,3087.0,1061.0,132.0,91.0,2311.0,1436.0,106.0,92.0,1232.0,1147.0,127.0,112.0,2798.0,1051.0,132.0,98.0,1629.0,837.0,126.0,96.0,2481.0,801.0,128.0,104.0,3191.0,991.0,216.0,36.0,3370.0,1048.0,38.0
381,99.30000000000007,1038.8,993.6,159.4000000000001,83.0,1286.607142857143,676.7214285714285,133.0,88.0,1368.3,960.55,152.0,95.40000000000009,3079.6,1056.6,130.0,88.83333333333326,2311.0,1436.0,107.83333333333348,92.0,1239.111111111111,1146.2222222222222,127.0,112.33333333333326,2800.0,1051.111111111111,131.22222222222217,97.76923076923072,1634.923076923077,836.1538461538462,125.9230769230769,96.0,2483.0,799.4,128.0,106.33333333333337,3189.8333333333335,988.6666666666666,211.83333333333303,36.0,3361.6,1043.0,38.0
382,99.59999999999991,1040.6,995.2,157.80000000000018,83.0,1286.642857142857,676.7285714285714,133.0,87.99999999999989,1363.6,959.1,152.0,96.79999999999995,3072.2,1052.2,128.0,86.66666666666674,2311.0,1436.0,109.66666666666652,92.0,1246.2222222222222,1145.4444444444443,127.0,112.66666666666674,2802.0,1051.2222222222222,130.44444444444434,97.53846153846155,1640.8461538461538,835.3076923076923,125.84615384615381,96.0,2485.0,797.8,128.0,108.66666666666663,3188.6666666666665,986.3333333333334,207.66666666666697,36.0,3353.2,1038.0,38.0
383,99.90000000000009,1042.4,996.8,156.19999999999982,83.0,1286.6785714285713,676.7357142857143,133.0,88.00000000000011,1358.9,957.65,152.0,98.20000000000005,3064.8,1047.8,126.0,84.5,2311.0,1436.0,111.5,92.0,1253.3333333333333,1144.6666666666667,127.0,113.0,2804.0,1051.3333333333333,129.66666666666652,97.30769230769226,1646.7692307692307,834.4615384615385,125.76923076923072,96.0,2487.0,796.2,128.0,111.0,3187.5,984.0,203.5,36.0,3344.8,1033.0,38.0
384,100.19999999999993,1044.2,998.4,154.5999999999999,83.0,1286.7142857142858,676.7428571428571,133.0,88.0,1354.2,956.2,152.0,99.59999999999991,3057.4,1043.4,124.0,82.33333333333326,2311.0,1436.0,113.33333333333348,92.0,1260.4444444444443,1143.888888888889,127.0,113.33333333333348,2806.0,1051.4444444444443,128.8888888888887,97.0769230769231,1652.6923076923076,833.6153846153846,125.69230769230785,96.0,2489.0,794.6,128.0,113.33333333333337,3186.3333333333335,981.6666666666666,199.33333333333303,36.0,3336.4,1028.0,38.0
385,100.5,1046.0,1000.0,153.0,83.0,1286.75,676.75,133.0,88.0,1349.5,954.75,152.0,101.0,3050.0,1039.0,122.0,80.16666666666674,2311.0,1436.0,115.16666666666652,92.0,1267.5555555555557,1143.111111111111,127.0,113.66666666666652,2808.0,1051.5555555555557,128.1111111111113,96.84615384615392,1658.6153846153845,832.7692307692307,125.61538461538476,96.0,2491.0,793.0,128.0,115.66666666666663,3185.1666666666665,979.3333333333334,195.16666666666697,36.0,3328.0,1023.0,38.0
386,100.80000000000007,1047.8,1001.6,151.4000000000001,83.0,1286.7857142857142,676.7571428571429,133.0,88.0,1344.8,953.3,152.0,101.83333333333326,3042.6666666666665,1037.0,121.0,78.0,2311.0,1436.0,117.0,92.0,1274.6666666666667,1142.3333333333333,127.0,114.0,2810.0,1051.6666666666667,127.33333333333348,96.61538461538464,1664.5384615384614,831.9230769230769,125.53846153846166,96.0,2493.0,791.4,128.0,118.0,3184.0,977.0,191.0,36.0,3326.25,1011.25,38.0
387,101.09999999999991,1049.6,1003.2,149.80000000000018,83.0,1286.8214285714287,676.7642857142857,133.0,87.99999999999989,1340.1,951.85,152.0,102.66666666666674,3035.3333333333335,1035.0,120.0,77.0,2311.0,1436.0,114.25,92.0,1281.7777777777778,1141.5555555555557,127.0,114.33333333333326,2812.0,1051.7777777777778,126.55555555555566,96.38461538461536,1670.4615384615386,831.0769230769231,125.46153846153834,96.0,2495.0,789.8,128.0,118.28571428571433,3188.785714285714,972.9285714285714,189.5,36.0,3324.5,999.5,38.0
388,101.40000000000009,1051.4,1004.8,148.19999999999982,83.0,1286.857142857143,676.7714285714286,133.0,88.00000000000011,1335.4,950.4,152.0,103.5,3028.0,1033.0,119.0,76.0,2311.0,1436.0,111.5,92.0,1288.888888888889,1140.7777777777778,127.0,114.66666666666674,2814.0,1051.888888888889,125.77777777777783,96.15384615384608,1676.3846153846155,830.2307692307693,125.38461538461524,96.0,2497.0,788.2,128.0,118.57142857142844,3193.5714285714284,968.8571428571429,188.0,36.0,3322.75,987.75,38.0
389,101.69999999999993,1053.2,1006.4,146.5999999999999,83.0,1286.892857142857,676.7785714285715,133.0,88.0,1330.7,948.95,152.0,104.33333333333326,3020.6666666666665,1031.0,118.0,75.0,2311.0,1436.0,108.75,92.0,1296.0,1140.0,127.0,115.0,2816.0,1052.0,125.0,95.9230769230769,1682.3076923076924,829.3846153846154,125.30769230769215,96.0,2499.0,786.6,128.0,118.85714285714278,3198.3571428571427,964.7857142857143,186.5,36.0,3321.0,976.0,38.0
390,102.0,1055.0,1008.0,145.0,83.0,1286.9285714285713,676.7857142857143,133.0,88.0,1326.0,947.5,152.0,105.16666666666674,3013.3333333333335,1029.0,117.0,74.0,2311.0,1436.0,106.0,92.0,1301.6363636363637,1137.7272727272727,127.0,115.4545454545455,2811.7272727272725,1052.2727272727273,127.09090909090946,95.69230769230774,1688.2307692307693,828.5384615384615,125.23076923076928,96.0,2501.0,785.0,128.0,119.14285714285722,3203.1428571428573,960.7142857142857,185.0,36.0,3321.0,974.0,38.0
391,102.30000000000007,1056.8,1009.6,143.4000000000001,83.0,1286.9642857142858,676.7928571428571,133.0,88.0,1321.3,946.05,152.0,106.0,3006.0,1027.0,116.0,76.5,2309.3,1431.9,104.09999999999991,92.0,1307.2727272727273,1135.4545454545455,127.0,115.90909090909099,2807.4545454545455,1052.5454545454545,129.18181818181802,95.46153846153845,1694.1538461538462,827.6923076923077,125.15384615384619,96.0,2503.0,783.4,128.0,119.42857142857156,3207.9285714285716,956.6428571428571,183.5,36.0,3326.0,968.8,38.0
392,102.59999999999991,1058.6,1011.2,141.80000000000018,83.0,1287.0,676.8,133.0,87.99999999999989,1316.6,944.6,152.0,104.5,2992.5,1025.5,122.0,79.0,2307.6,1427.8,102.20000000000027,92.0,1312.909090909091,1133.1818181818182,127.0,116.36363636363649,2803.181818181818,1052.8181818181818,131.27272727272748,95.23076923076928,1700.076923076923,826.8461538461538,125.0769230769231,96.0,2505.0,781.8,128.0,119.71428571428567,3212.714285714286,952.5714285714286,182.0,36.0,3331.0,963.6,38.0
393,102.90000000000009,1060.4,1012.8,140.19999999999982,83.0,1287.0357142857142,676.8071428571428,133.0,88.00000000000011,1311.9,943.15,152.0,103.0,2979.0,1024.0,128.0,81.5,2305.9,1423.7,100.29999999999973,92.0,1318.5454545454545,1130.909090909091,127.0,116.81818181818198,2798.909090909091,1053.090909090909,133.3636363636365,95.0,1706.0,826.0,125.0,96.0,2507.0,780.2,128.0,120.0,3217.5,948.5,180.5,36.0,3336.0,958.4,38.0
394,103.19999999999993,1062.2,1014.4,138.5999999999999,83.0,1287.0714285714287,676.8142857142857,133.0,88.0,1307.2,941.7,152.0,101.5,2965.5,1022.5,134.0,84.0,2304.2,1419.6,98.40000000000009,92.0,1324.1818181818182,1128.6363636363637,127.0,117.27272727272748,2794.6363636363635,1053.3636363636363,135.4545454545455,95.42857142857144,1716.142857142857,825.5714285714286,118.85714285714289,96.0,2509.0,778.6,128.0,120.28571428571433,3222.285714285714,944.4285714285714,179.0,36.0,3341.0,953.2,38.0
395,103.5,1064.0,1016.0,137.0,83.0,1287.107142857143,676.8214285714286,133.0,88.0,1302.5,940.25,152.0,100.0,2952.0,1021.0,140.0,86.5,2302.5,1415.5,96.5,92.0,1329.8181818181818,1126.3636363636363,127.0,117.72727272727252,2790.3636363636365,1053.6363636363637,137.5454545454545,95.85714285714289,1726.2857142857142,825.1428571428571,112.71428571428578,96.0,2511.0,777.0,128.0,120.57142857142844,3227.0714285714284,940.3571428571429,177.5,36.0,3346.0,948.0,38.0
396,103.80000000000007,1065.8,1017.6,135.4000000000001,83.0,1287.142857142857,676.8285714285714,133.0,88.0,1297.8,938.8,152.0,97.39999999999998,2949.6,1018.6,130.20000000000027,89.0,2300.8,1411.4,94.59999999999991,92.0,1335.4545454545455,1124.090909090909,127.0,118.18181818181802,2786.090909090909,1053.909090909091,139.6363636363635,96.28571428571433,1736.4285714285713,824.7142857142857,106.57142857142867,96.0,2513.0,775.4,128.0,120.85714285714278,3231.8571428571427,936.2857142857143,176.0,36.0,3349.0,943.0,38.0
397,104.09999999999991,1067.6,1019.2,133.80000000000018,83.0,1287.1785714285713,676.8357142857143,133.0,87.99999999999989,1293.1,937.35,152.0,94.79999999999995,2947.2,1016.2,120.40000000000009,91.5,2299.1,1407.3,92.70000000000027,92.0,1341.090909090909,1121.8181818181818,127.0,118.63636363636351,2781.818181818182,1054.1818181818182,141.72727272727252,96.71428571428567,1746.5714285714287,824.2857142857143,100.42857142857133,96.0,2515.0,773.8,128.0,121.14285714285722,3236.6428571428573,932.2142857142857,174.5,36.0,3352.0,938.0,38.0
398,104.40000000000009,1069.4,1020.8,132.19999999999982,83.0,1287.2142857142858,676.8428571428572,133.0,88.0,1288.4,935.9,152.0,92.20000000000005,2944.8,1013.8,110.59999999999991,94.0,2297.4,1403.2,90.79999999999973,92.0,1346.7272727272727,1119.5454545454545,127.0,119.09090909090901,2777.5454545454545,1054.4545454545455,143.81818181818198,97.14285714285711,1756.7142857142858,823.8571428571429,94.28571428571422,96.0,2517.0,772.2,128.0,121.42857142857156,3241.4285714285716,928.1428571428571,173.0,36.0,3355.0,933.0,38.0
399,104.69999999999993,1071.2,1022.4,130.5999999999999,83.0,1287.25,676.85,133.0,88.0,1283.7,934.45,152.0,89.60000000000002,2942.4,1011.4,100.79999999999973,96.5,2295.7,1399.1,88.90000000000009,92.0,1352.3636363636363,1117.2727272727273,127.0,119.5454545454545,2773.2727272727275,1054.7272727272727,145.90909090909054,97.57142857142856,1766.857142857143,823.4285714285714,88.14285714285711,96.0,2519.0,770.6,128.0,121.71428571428567,3246.214285714286,924.0714285714286,171.5,36.0,3358.0,928.0,38.0
400,105.0,1073.0,1024.0,129.0,83.0,1287.2857142857142,676.8571428571429,133.0,88.0,1279.0,933.0,152.0,87.0,2940.0,1009.0,91.0,99.0,2294.0,1395.0,87.0,92.0,1358.0,1115.0,127.0,120.0,2769.0,1055.0,148.0,98.0,1777.0,823.0,82.0,96.0,2521.0,769.0,128.0,122.0,3251.0,920.0,170.0,36.0,3361.0,923.0,38.0
401,106.125,1073.125,1027.375,129.3125,83.0,1287.3214285714287,676.8642857142858,133.0,88.0,1272.9285714285713,932.0714285714286,153.14285714285734,87.25,2920.25,1005.0,102.5,99.0,2287.0,1390.3333333333333,87.33333333333348,93.5,1363.0,1111.0,133.5,120.20000000000005,2769.2,1055.8,144.0,97.875,1779.125,822.5,88.875,96.0,2520.8,765.3,127.39999999999964,120.13333333333344,3253.3333333333335,916.5333333333333,171.9333333333334,36.0,3359.0,920.6,38.0
402,107.25,1073.25,1030.75,129.625,83.0,1287.357142857143,676.8714285714286,133.0,88.0,1266.857142857143,931.1428571428571,154.28571428571422,87.5,2900.5,1001.0,114.0,99.0,2280.0,1385.6666666666667,87.66666666666652,95.0,1368.0,1107.0,140.0,120.40000000000009,2769.4,1056.6,140.0,97.75,1781.25,822.0,95.75,96.0,2520.6,761.6,126.80000000000018,118.26666666666654,3255.6666666666665,913.0666666666667,173.8666666666668,36.0,3357.0,918.2,38.0
403,108.375,1073.375,1034.125,129.9375,83.0,1287.392857142857,676.8785714285714,133.0,88.0,1260.7857142857142,930.2142857142857,155.42857142857156,87.75,2880.75,997.0,125.5,99.0,2273.0,1381.0,88.0,96.27777777777783,1373.0,1103.111111111111,139.27777777777783,120.59999999999991,2769.6,1057.4,136.0,97.625,1783.375,821.5,102.625,96.0,2520.4,757.9,126.19999999999982,116.39999999999998,3258.0,909.6,175.80000000000018,36.0,3355.0,915.8,38.0
404,109.5,1073.5,1037.5,130.25,83.0,1287.4285714285713,676.8857142857142,133.0,88.0,1254.7142857142858,929.2857142857143,156.57142857142844,88.0,2861.0,993.0,137.0,96.0,2270.714285714286,1381.857142857143,87.28571428571422,97.55555555555566,1378.0,1099.2222222222222,138.55555555555566,120.79999999999995,2769.8,1058.2,132.0,97.5,1785.5,821.0,109.5,96.0,2520.2,754.2,125.60000000000036,114.5333333333333,3260.3333333333335,906.1333333333333,177.73333333333312,36.0,3353.0,913.4,38.0
405,110.625,1073.625,1040.875,130.5625,83.0,1287.4642857142858,676.8928571428571,133.0,88.0,1248.642857142857,928.3571428571429,157.71428571428578,88.0,2848.3333333333335,989.75,138.0,93.0,2268.4285714285716,1382.7142857142858,86.57142857142844,98.83333333333348,1383.0,1095.3333333333333,137.83333333333326,121.0,2770.0,1059.0,128.0,97.375,1787.625,820.5,116.375,96.0,2520.0,750.5,125.0,112.66666666666674,3262.6666666666665,902.6666666666666,179.66666666666697,36.0,3351.0,911.0,38.0
406,111.75,1073.75,1044.25,130.875,83.0,1287.5,676.9,133.0,88.0,1242.5714285714287,927.4285714285714,158.85714285714266,88.0,2835.6666666666665,986.5,139.0,90.0,2266.1428571428573,1383.5714285714287,85.85714285714266,100.11111111111131,1388.0,1091.4444444444443,137.1111111111111,118.90909090909099,2764.4545454545455,1057.7272727272727,128.81818181818198,97.25,1789.75,820.0,123.25,96.0,2519.8,746.8,124.39999999999964,110.79999999999995,3265.0,899.2,181.5999999999999,36.0,3358.0,911.0,37.59999999999991
407,112.875,1073.875,1047.625,131.1875,83.0,1287.5357142857142,676.9071428571428,133.0,88.0,1236.5,926.5,160.0,88.0,2823.0,983.25,140.0,87.0,2263.8571428571427,1384.4285714285713,85.14285714285734,101.38888888888869,1393.0,1087.5555555555557,136.3888888888889,116.81818181818176,2758.909090909091,1056.4545454545455,129.6363636363635,97.125,1791.875,819.5,130.125,96.0,2519.6,743.1,123.80000000000018,108.93333333333328,3267.3333333333335,895.7333333333333,183.5333333333333,36.0,3365.0,911.0,37.19999999999982
408,114.0,1074.0,1051.0,131.5,83.0,1287.5714285714287,676.9142857142857,133.0,88.0,1230.4285714285713,925.5714285714286,161.14285714285734,88.0,2810.3333333333335,980.0,141.0,84.0,2261.5714285714284,1385.2857142857142,84.42857142857156,102.66666666666652,1398.0,1083.6666666666667,135.66666666666674,114.72727272727275,2753.3636363636365,1055.1818181818182,130.4545454545455,97.0,1794.0,819.0,137.0,96.0,2519.4,739.4,123.19999999999982,107.06666666666672,3269.6666666666665,892.2666666666667,185.4666666666667,36.0,3372.0,911.0,36.80000000000018
409,115.125,1074.125,1054.375,131.8125,83.0,1287.607142857143,676.9214285714286,133.0,88.0,1224.357142857143,924.6428571428571,162.28571428571422,88.0,2797.6666666666665,976.75,142.0,81.0,2259.285714285714,1386.142857142857,83.71428571428578,103.94444444444434,1403.0,1079.7777777777778,134.94444444444434,112.63636363636351,2747.818181818182,1053.909090909091,131.27272727272702,95.91666666666663,1800.6666666666667,818.25,135.5,96.0,2519.2,735.7,122.60000000000036,105.20000000000005,3272.0,888.8,187.4000000000001,36.0,3379.0,911.0,36.40000000000009
410,116.25,1074.25,1057.75,132.125,83.0,1287.642857142857,676.9285714285714,133.0,88.0,1218.2857142857142,923.7142857142857,163.42857142857156,88.0,2785.0,973.5,143.0,78.0,2257.0,1387.0,83.0,105.22222222222217,1408.0,1075.888888888889,134.22222222222217,110.5454545454545,2742.2727272727275,1052.6363636363637,132.090909090909,94.83333333333337,1807.3333333333333,817.5,134.0,96.0,2519.0,732.0,122.0,103.33333333333326,3274.3333333333335,885.3333333333334,189.33333333333303,36.0,3386.0,911.0,36.0
411,117.375,1074.375,1061.125,132.4375,83.0,1287.6785714285713,676.9357142857143,133.0,88.0,1212.2142857142858,922.7857142857143,164.57142857142844,88.0,2772.3333333333335,970.25,144.0,78.30000000000018,2251.1,1384.6,86.0,106.5,1413.0,1072.0,133.5,108.4545454545455,2736.7272727272725,1051.3636363636363,132.909090909091,93.75,1814.0,816.75,132.5,96.0,2518.8,728.3,121.39999999999964,101.4666666666667,3276.6666666666665,881.8666666666667,191.26666666666688,36.0,3395.0,907.4,36.0
412,118.5,1074.5,1064.5,132.75,83.0,1287.7142857142858,676.9428571428572,133.0,88.0,1206.142857142857,921.8571428571429,165.71428571428578,88.0,2759.6666666666665,967.0,145.0,78.59999999999991,2245.2,1382.2,89.0,107.77777777777783,1418.0,1068.111111111111,132.77777777777783,106.36363636363649,2731.181818181818,1050.090909090909,133.72727272727298,92.66666666666663,1820.6666666666667,816.0,131.0,96.0,2518.6,724.6,120.80000000000018,99.60000000000002,3279.0,878.4,193.19999999999982,36.0,3404.0,903.8,36.0
413,119.625,1074.625,1067.875,133.0625,83.0,1287.75,676.95,133.0,88.0,1200.0714285714287,920.9285714285714,166.85714285714266,88.0,2747.0,963.75,146.0,78.90000000000009,2239.3,1379.8,92.0,109.05555555555566,1423.0,1064.2222222222222,132.05555555555566,104.27272727272725,2725.6363636363635,1048.8181818181818,134.5454545454545,91.58333333333337,1827.3333333333333,815.25,129.5,96.0,2518.4,720.9,120.19999999999982,97.73333333333335,3281.3333333333335,874.9333333333333,195.1333333333332,36.0,3413.0,900.2,36.0
414,120.75,1074.75,1071.25,133.375,83.0,1287.7857142857142,676.9571428571429,133.0,88.0,1194.0,920.0,168.0,88.0,2734.3333333333335,960.5,147.0,79.19999999999982,2233.4,1377.4,95.0,110.33333333333348,1428.0,1060.3333333333333,131.33333333333326,102.18181818181824,2720.090909090909,1047.5454545454545,135.3636363636365,90.5,1834.0,814.5,128.0,96.0,2518.2,717.2,119.60000000000036,95.86666666666667,3283.6666666666665,871.4666666666667,197.0666666666666,36.0,3422.0,896.6,36.0
415,121.875,1074.875,1074.625,133.6875,83.0,1287.8214285714287,676.9642857142857,133.0,88.0,1188.0,919.1666666666666,163.0,88.0,2721.6666666666665,957.25,148.0,79.5,2227.5,1375.0,98.0,111.61111111111131,1433.0,1056.4444444444443,130.6111111111111,100.09090909090901,2714.5454545454545,1046.2727272727273,136.18181818181802,89.41666666666663,1840.6666666666667,813.75,126.5,96.0,2518.0,713.5,119.0,94.0,3286.0,868.0,199.0,36.0,3431.0,893.0,36.0
416,123.0,1075.0,1078.0,134.0,83.0,1287.857142857143,676.9714285714285,133.0,88.0,1182.0,918.3333333333334,158.0,88.0,2709.0,954.0,149.0,79.80000000000018,2221.6,1372.6,101.0,112.88888888888869,1438.0,1052.5555555555557,129.8888888888889,98.0,2709.0,1045.0,137.0,88.33333333333337,1847.3333333333333,813.0,125.0,96.0,2517.8,709.8,118.39999999999964,92.60000000000002,3293.0,864.4,196.19999999999982,36.0,3436.6,890.4,36.0
417,118.5,1075.25,1081.25,132.75,83.0,1287.892857142857,676.9785714285714,133.0,88.0,1176.0,917.5,153.0,88.0,2703.75,950.75,135.0,80.09999999999991,2215.7,1370.2,104.0,114.16666666666652,1443.0,1048.6666666666667,129.16666666666674,96.0,2708.0,1043.75,133.25,87.25,1854.0,812.25,123.5,96.0,2517.6,706.1,117.80000000000018,91.20000000000005,3300.0,860.8,193.4000000000001,36.0,3442.2,887.8,36.0
418,114.0,1075.5,1084.5,131.5,83.0,1287.9285714285713,676.9857142857143,133.0,88.0,1170.0,916.6666666666666,148.0,88.0,2698.5,947.5,121.0,80.40000000000009,2209.8,1367.8,107.0,115.44444444444434,1448.0,1044.7777777777778,128.44444444444434,94.0,2707.0,1042.5,129.5,86.16666666666663,1860.6666666666667,811.5,122.0,96.0,2517.4,702.4,117.19999999999982,89.79999999999995,3307.0,857.2,190.5999999999999,36.0,3447.8,885.2,36.0
419,109.5,1075.75,1087.75,130.25,83.0,1287.9642857142858,676.9928571428571,133.0,88.0,1164.0,915.8333333333334,143.0,88.0,2693.25,944.25,107.0,80.69999999999982,2203.9,1365.4,110.0,116.72222222222217,1453.0,1040.888888888889,127.72222222222217,92.0,2706.0,1041.25,125.75,85.08333333333337,1867.3333333333333,810.75,120.5,96.0,2517.2,698.7,116.60000000000036,88.39999999999998,3314.0,853.6,187.80000000000018,36.0,3453.4,882.6,36.0
420,105.0,1076.0,1091.0,129.0,83.0,1288.0,677.0,133.0,88.0,1158.0,915.0,138.0,88.0,2688.0,941.0,93.0,81.0,2198.0,1363.0,113.0,118.0,1458.0,1037.0,127.0,90.0,2705.0,1040.0,122.0,84.0,1874.0,810.0,119.0,96.0,2517.0,695.0,116.0,87.0,3321.0,850.0,185.0,36.0,3459.0,880.0,36.0
421,105.21428571428578,1074.0714285714287,1095.0,130.6428571428571,82.35714285714289,1288.642857142857,677.6428571428571,132.3571428571429,88.0,1152.25,913.875,141.875,88.0,2668.285714285714,940.0,102.42857142857156,81.33333333333326,2194.6666666666665,1361.0,113.0,117.66666666666652,1460.9166666666667,1031.6666666666667,125.66666666666652,91.0,2698.4545454545455,1038.3636363636363,123.72727272727252,84.95000000000005,1878.6,808.05,119.65000000000009,97.5,2514.3,690.8,116.79999999999973,89.20000000000005,3324.4,846.9,185.0,36.0,3462.0,873.0,36.0
422,105.42857142857133,1072.142857142857,1099.0,132.28571428571422,81.71428571428567,1289.2857142857142,678.2857142857143,131.71428571428578,88.0,1146.5,912.75,145.75,88.0,2648.5714285714284,939.0,111.85714285714312,81.66666666666674,2191.3333333333335,1359.0,113.0,117.33333333333348,1463.8333333333333,1026.3333333333333,124.33333333333348,92.0,2691.909090909091,1036.7272727272727,125.4545454545455,85.89999999999998,1883.2,806.1,120.29999999999995,99.0,2511.6,686.6,117.59999999999991,91.40000000000009,3327.8,843.8,185.0,36.0,3465.0,866.0,36.0
423,105.64285714285711,1070.2142857142858,1103.0,133.92857142857133,81.07142857142856,1289.9285714285713,678.9285714285714,131.07142857142867,88.0,1140.75,911.625,149.625,88.0,2628.8571428571427,938.0,121.28571428571468,82.0,2188.0,1357.0,113.0,117.0,1466.75,1021.0,123.0,93.0,2685.3636363636365,1035.090909090909,127.18181818181802,86.85000000000002,1887.8,804.15,120.95000000000005,100.5,2508.9,682.4,118.40000000000009,93.59999999999991,3331.2,840.7,185.0,36.0,3468.0,859.0,36.0
424,105.85714285714289,1068.2857142857142,1107.0,135.57142857142867,80.42857142857144,1290.5714285714287,679.5714285714286,130.42857142857133,88.0,1135.0,910.5,153.5,88.0,2609.1428571428573,937.0,130.71428571428532,82.57142857142867,2184.8571428571427,1355.0,108.85714285714312,116.66666666666663,1469.6666666666667,1015.6666666666666,121.66666666666652,94.0,2678.818181818182,1033.4545454545455,128.90909090909054,87.79999999999995,1892.4,802.2,121.59999999999991,102.0,2506.2,678.2,119.20000000000027,95.79999999999995,3334.6,837.6,185.0,36.0,3471.0,852.0,36.0
425,106.07142857142867,1066.357142857143,1111.0,137.21428571428578,79.78571428571433,1291.2142857142858,680.2142857142857,129.78571428571422,88.0,1129.25,909.375,157.375,88.0,2589.4285714285716,936.0,140.14285714285688,83.14285714285711,2181.714285714286,1353.0,104.71428571428578,116.33333333333337,1472.5833333333333,1010.3333333333334,120.33333333333348,95.0,2672.2727272727275,1031.8181818181818,130.6363636363635,88.75,1897.0,800.25,122.25,103.5,2503.5,674.0,120.0,98.0,3338.0,834.5,185.0,36.0,3474.0,845.0,36.0
426,106.28571428571422,1064.4285714285713,1115.0,138.8571428571429,79.14285714285711,1291.857142857143,680.8571428571429,129.1428571428571,88.0,1123.5,908.25,161.25,88.0,2569.714285714286,935.0,149.57142857142844,83.71428571428578,2178.5714285714284,1351.0,100.5714285714289,116.0,1475.5,1005.0,119.0,96.0,2665.7272727272725,1030.1818181818182,132.3636363636365,89.70000000000005,1901.6,798.3,122.90000000000009,105.0,2500.8,669.8,120.79999999999973,100.20000000000005,3341.4,831.4,185.0,36.0,3473.8,840.4,36.0
427,106.5,1062.5,1119.0,140.5,78.5,1292.5,681.5,128.5,88.0,1117.75,907.125,165.125,88.0,2550.0,934.0,159.0,84.28571428571422,2175.4285714285716,1349.0,96.4285714285711,115.66666666666663,1478.4166666666667,999.6666666666666,117.66666666666652,97.0,2659.181818181818,1028.5454545454545,134.09090909090946,90.64999999999998,1906.2,796.35,123.54999999999995,106.5,2498.1,665.6,121.59999999999991,102.40000000000009,3344.8,828.3,185.0,36.0,3473.6,835.8,36.0
428,106.71428571428578,1060.5714285714287,1123.0,142.1428571428571,77.85714285714289,1293.142857142857,682.1428571428571,127.85714285714289,88.0,1112.0,906.0,169.0,88.0,2535.0,934.5454545454545,159.27272727272748,84.85714285714289,2172.285714285714,1347.0,92.28571428571422,115.33333333333337,1481.3333333333333,994.3333333333334,116.33333333333348,98.0,2652.6363636363635,1026.909090909091,135.81818181818198,91.60000000000002,1910.8,794.4,124.20000000000005,108.0,2495.4,661.4,122.40000000000009,104.59999999999991,3348.2,825.2,185.0,36.0,3473.4,831.2,36.0
429,106.92857142857133,1058.642857142857,1127.0,143.78571428571422,77.21428571428567,1293.7857142857142,682.7857142857143,127.21428571428578,88.0,1106.1666666666667,904.9166666666666,168.41666666666652,88.0,2520.0,935.0909090909091,159.5454545454545,85.42857142857133,2169.1428571428573,1345.0,88.14285714285688,115.0,1484.25,989.0,115.0,99.0,2646.090909090909,1025.2727272727273,137.5454545454545,92.54999999999995,1915.4,792.45,124.84999999999991,109.5,2492.7,657.2,123.20000000000027,106.79999999999995,3351.6,822.1,185.0,36.0,3473.2,826.6,36.0
430,107.14285714285711,1056.7142857142858,1131.0,145.42857142857133,76.57142857142856,1294.4285714285713,683.4285714285714,126.57142857142867,88.0,1100.3333333333333,903.8333333333334,167.83333333333348,88.0,2505.0,935.6363636363636,159.81818181818198,86.0,2166.0,1343.0,84.0,114.66666666666663,1487.1666666666667,983.6666666666666,113.66666666666652,100.00000000000011,2639.5454545454545,1023.6363636363636,139.27272727272748,93.5,1920.0,790.5,125.5,111.0,2490.0,653.0,124.0,109.0,3355.0,819.0,185.0,36.0,3473.0,822.0,36.0
431,107.35714285714289,1054.7857142857142,1135.0,147.07142857142867,75.92857142857144,1295.0714285714287,684.0714285714286,125.92857142857133,88.0,1094.5,902.75,167.25,88.00000000000011,2490.0,936.1818181818181,160.090909090909,86.75,2157.75,1340.5,88.5,114.33333333333337,1490.0833333333333,978.3333333333334,112.33333333333348,101.0,2633.0,1022.0,141.0,94.45000000000005,1924.6,788.55,126.15000000000009,112.5,2487.3,648.8,124.79999999999973,106.80000000000007,3358.3,815.8,185.0,36.0,3473.6,817.0,36.0
432,107.57142857142867,1052.857142857143,1139.0,148.71428571428578,75.28571428571433,1295.7142857142858,684.7142857142857,125.28571428571422,88.0,1088.6666666666667,901.6666666666666,166.66666666666652,88.0,2475.0,936.7272727272727,160.3636363636365,87.5,2149.5,1338.0,93.0,114.0,1493.0,973.0,111.0,100.66666666666663,2629.1111111111113,1021.5555555555555,138.8888888888887,95.39999999999998,1929.2,786.6,126.79999999999995,114.0,2484.6,644.6,125.59999999999991,104.60000000000002,3361.6,812.6,185.0,36.0,3474.2,812.0,36.0
433,107.78571428571422,1050.9285714285713,1143.0,150.3571428571429,74.64285714285711,1296.357142857143,685.3571428571429,124.64285714285711,88.0,1082.8333333333333,900.5833333333334,166.08333333333348,88.0,2460.0,937.2727272727273,160.6363636363635,88.25,2141.25,1335.5,97.5,116.00000000000011,1495.6666666666667,968.6666666666666,109.66666666666652,100.33333333333326,2625.222222222222,1021.1111111111111,136.77777777777783,96.35000000000002,1933.8,784.65,127.45000000000005,115.5,2481.9,640.4,126.40000000000009,102.39999999999998,3364.9,809.4,185.0,36.0,3474.8,807.0,36.0
434,108.0,1049.0,1147.0,152.0,74.0,1297.0,686.0,124.0,88.0,1077.0,899.5,165.5,87.99999999999989,2445.0,937.8181818181819,160.909090909091,89.0,2133.0,1333.0,102.0,117.99999999999989,1498.3333333333333,964.3333333333334,108.33333333333348,100.00000000000011,2621.3333333333335,1020.6666666666666,134.66666666666652,97.29999999999995,1938.4,782.7,128.0999999999999,117.0,2479.2,636.2,127.20000000000027,100.19999999999993,3368.2,806.2,185.0,36.0,3475.4,802.0,36.0
435,106.33333333333348,1047.0,1152.8333333333333,150.5,79.16666666666674,1297.1666666666667,688.1666666666666,124.0,88.0,1071.1666666666667,898.4166666666666,164.91666666666652,87.99999999999989,2430.0,938.3636363636364,161.18181818181802,87.16666666666674,2128.8333333333335,1333.0,102.5,120.0,1501.0,960.0,107.0,99.66666666666674,2617.4444444444443,1020.2222222222222,132.55555555555566,98.25,1943.0,780.75,128.75,118.5,2476.5,632.0,128.0,98.0,3371.5,803.0,185.0,36.0,3476.0,797.0,36.0
436,104.66666666666652,1045.0,1158.6666666666667,149.0,84.33333333333326,1297.3333333333333,690.3333333333334,124.0,88.0,1065.3333333333333,897.3333333333334,164.33333333333348,88.00000000000011,2415.0,938.9090909090909,161.4545454545455,85.33333333333326,2124.6666666666665,1333.0,103.0,113.40000000000009,1503.8,955.8,105.40000000000009,99.33333333333326,2613.5555555555557,1019.7777777777778,130.44444444444434,99.20000000000005,1947.6,778.8,129.4000000000001,120.0,2473.8,627.8,128.79999999999973,95.80000000000007,3374.8,799.8,185.0,36.0,3480.8,795.4,36.0
437,103.0,1043.0,1164.5,147.5,89.5,1297.5,692.5,124.0,88.0,1059.5,896.25,163.75,88.0,2400.0,939.4545454545455,161.72727272727252,83.5,2120.5,1333.0,103.5,106.80000000000007,1506.6,951.6,103.80000000000018,98.99999999999989,2609.6666666666665,1019.3333333333334,128.33333333333348,100.14999999999998,1952.2,776.85,130.04999999999995,121.5,2471.1,623.6,129.5999999999999,93.60000000000002,3378.1,796.6,185.0,36.0,3485.6,793.8,36.0
438,101.33333333333348,1041.0,1170.3333333333333,146.0,94.66666666666674,1297.6666666666667,694.6666666666666,124.0,88.0,1053.6666666666667,895.1666666666666,163.16666666666652,88.0,2385.0,940.0,162.0,81.66666666666674,2116.3333333333335,1333.0,104.0,100.19999999999993,1509.4,947.4,102.19999999999982,98.66666666666674,2605.777777777778,1018.8888888888889,126.22222222222217,101.10000000000002,1956.8,774.9,130.70000000000005,123.0,2468.4,619.4,130.4000000000001,91.39999999999998,3381.4,793.4,185.0,36.0,3490.4,792.2,36.0
439,99.66666666666652,1039.0,1176.1666666666667,144.5,99.83333333333326,1297.8333333333333,696.8333333333334,124.0,88.0,1047.8333333333333,894.0833333333334,162.58333333333348,88.0,2376.5,940.5,144.5,79.83333333333326,2112.1666666666665,1333.0,104.5,93.59999999999991,1512.2,943.2,100.59999999999991,98.33333333333337,2601.8888888888887,1018.4444444444445,124.11111111111131,102.04999999999995,1961.4,772.95,131.3499999999999,124.5,2465.7,615.2,131.20000000000027,89.19999999999993,3384.7,790.2,185.0,36.0,3495.2,790.6,36.0
440,98.0,1037.0,1182.0,143.0,105.0,1298.0,699.0,124.0,88.0,1042.0,893.0,162.0,88.0,2368.0,941.0,127.0,78.0,2108.0,1333.0,105.0,87.0,1515.0,939.0,99.0,98.0,2598.0,1018.0,122.0,103.0,1966.0,771.0,132.0,126.0,2463.0,611.0,132.0,87.0,3388.0,787.0,185.0,36.0,3500.0,789.0,36.0
441,98.5454545454545,1033.7272727272727,1184.909090909091,144.5454545454545,105.36363636363637,1296.3636363636363,699.9090909090909,125.4545454545455,88.0,1036.05,891.5,162.0,88.23529411764707,2353.4117647058824,943.9411764705883,126.82352941176441,78.0,2101.6363636363635,1331.6363636363637,106.90909090909099,93.57142857142856,1515.142857142857,930.4285714285714,101.71428571428578,98.19999999999993,2587.2,1017.6,125.80000000000018,102.4375,1971.4375,770.625,132.875,126.0,2460.4,607.7,131.69999999999982,89.0,3389.25,786.0,188.25,36.0,3501.4,787.2,36.0
442,99.09090909090924,1030.4545454545455,1187.8181818181818,146.090909090909,105.72727272727263,1294.7272727272727,700.8181818181819,126.90909090909099,88.0,1030.1,890.0,162.0,88.47058823529403,2338.823529411765,946.8823529411765,126.64705882352928,78.0,2095.2727272727275,1330.2727272727273,108.81818181818153,100.14285714285711,1515.2857142857142,921.8571428571429,104.42857142857156,98.39999999999986,2576.4,1017.2,129.5999999999999,101.875,1976.875,770.25,133.75,126.0,2457.8,604.4,131.39999999999964,91.0,3390.5,785.0,191.5,36.0,3502.8,785.4,36.0
443,99.63636363636351,1027.1818181818182,1190.7272727272727,147.6363636363635,106.09090909090912,1293.090909090909,701.7272727272727,128.3636363636365,88.0,1024.15,888.5,162.0,88.7058823529411,2324.235294117647,949.8235294117648,126.47058823529414,78.0,2088.909090909091,1328.909090909091,110.72727272727252,106.71428571428567,1515.4285714285713,913.2857142857143,107.14285714285734,98.60000000000014,2565.6,1016.8,133.4000000000001,101.3125,1982.3125,769.875,134.625,126.0,2455.2,601.1,131.10000000000036,93.0,3391.75,784.0,194.75,36.0,3504.2,783.6,36.0
444,100.18181818181802,1023.9090909090909,1193.6363636363637,149.18181818181813,106.4545454545455,1291.4545454545455,702.6363636363636,129.81818181818176,88.0,1018.2,887.0,162.0,88.94117647058829,2309.6470588235293,952.7647058823529,126.29411764705901,78.0,2082.5454545454545,1327.5454545454545,112.63636363636351,113.28571428571433,1515.5714285714287,904.7142857142857,109.85714285714266,98.80000000000007,2554.8,1016.4,137.19999999999982,100.75,1987.75,769.5,135.5,126.0,2452.6,597.8,130.80000000000018,95.0,3393.0,783.0,198.0,36.0,3505.6,781.8,36.0
445,100.72727272727275,1020.6363636363636,1196.5454545454545,150.72727272727263,106.81818181818187,1289.8181818181818,703.5454545454545,131.27272727272725,88.0,1012.25,885.5,162.0,89.17647058823536,2295.0588235294117,955.7058823529412,126.11764705882342,78.0,2076.181818181818,1326.1818181818182,114.5454545454545,119.85714285714289,1515.7142857142858,896.1428571428571,112.57142857142844,99.0,2544.0,1016.0,141.0,100.1875,1993.1875,769.125,136.375,126.0,2450.0,594.5,130.5,94.40000000000009,3400.6,781.8,194.80000000000018,36.0,3507.0,780.0,36.0
446,101.27272727272725,1017.3636363636364,1199.4545454545455,152.27272727272737,107.18181818181813,1288.1818181818182,704.4545454545455,132.72727272727275,88.0,1006.3,884.0,162.0,89.41176470588232,2280.470588235294,958.6470588235294,125.94117647058829,78.0,2069.818181818182,1324.8181818181818,116.4545454545455,126.42857142857144,1515.857142857143,887.5714285714286,115.28571428571422,99.26666666666665,2538.266666666667,1015.4666666666667,140.19999999999982,99.625,1998.625,768.75,137.25,126.0,2447.4,591.2,130.19999999999982,93.79999999999995,3408.2,780.6,191.60000000000036,36.0,3508.4,780.2,36.0
447,101.81818181818198,1014.0909090909091,1202.3636363636363,153.81818181818187,107.5454545454545,1286.5454545454545,705.3636363636364,134.18181818181824,88.0,1000.35,882.5,161.9999999999999,89.64705882352939,2265.8823529411766,961.5882352941177,125.7647058823527,78.0,2063.4545454545455,1323.4545454545455,118.36363636363649,133.0,1516.0,879.0,118.0,99.53333333333342,2532.5333333333333,1014.9333333333333,139.4000000000001,99.0625,2004.0625,768.375,138.125,126.0,2444.8,587.9,129.89999999999964,93.20000000000005,3415.8,779.4,188.39999999999964,36.0,3509.8,780.4,36.0
448,102.36363636363649,1010.8181818181819,1205.2727272727273,155.36363636363637,107.90909090909088,1284.909090909091,706.2727272727273,135.6363636363635,88.0,994.4,881.0,162.0000000000001,89.88235294117658,2251.294117647059,964.5294117647059,125.58823529411757,78.0,2057.090909090909,1322.090909090909,120.27272727272748,133.30769230769226,1517.2307692307693,872.0,116.53846153846143,99.80000000000007,2526.8,1014.4,138.5999999999999,98.5,2009.5,768.0,139.0,126.0,2442.2,584.6,129.60000000000036,92.59999999999991,3423.4,778.2,185.19999999999982,36.0,3511.2,780.6,36.0
449,102.90909090909076,1007.5454545454545,1208.1818181818182,156.909090909091,108.27272727272737,1283.2727272727273,707.1818181818181,137.090909090909,88.0,988.45,879.5,162.0,90.11764705882342,2236.705882352941,967.4705882352941,125.41176470588243,78.0,2050.7272727272725,1320.7272727272727,122.18181818181847,133.61538461538464,1518.4615384615386,865.0,115.07692307692287,100.06666666666672,2521.0666666666666,1013.8666666666667,137.80000000000018,97.9375,2014.9375,767.625,139.875,126.0,2439.6,581.3,129.30000000000018,92.0,3431.0,777.0,182.0,36.0,3512.6,780.8,36.0
450,103.4545454545455,1004.2727272727273,1211.090909090909,158.4545454545455,108.63636363636363,1281.6363636363637,708.0909090909091,138.5454545454545,88.0,982.5,878.0,162.0,90.35294117647061,2222.1176470588234,970.4117647058823,125.2352941176473,78.0,2044.3636363636363,1319.3636363636363,124.09090909090924,133.9230769230769,1519.6923076923076,858.0,113.61538461538476,100.33333333333337,2515.3333333333335,1013.3333333333334,137.0,97.375,2020.375,767.25,140.75,126.0,2437.0,578.0,129.0,92.54545454545462,3433.818181818182,775.5454545454545,181.5454545454545,36.0,3514.0,781.0,36.0
451,104.0,1001.0,1214.0,160.0,109.0,1280.0,709.0,140.0,88.0,976.55,876.5,162.0,90.58823529411768,2207.529411764706,973.3529411764706,125.05882352941171,78.0,2038.0,1318.0,126.0,134.23076923076928,1520.923076923077,851.0,112.15384615384619,100.60000000000014,2509.6,1012.8,136.20000000000027,96.8125,2025.8125,766.875,141.625,126.0,2434.4,574.7,128.69999999999982,93.09090909090901,3436.6363636363635,774.0909090909091,181.090909090909,36.0,3515.2,778.2,36.0
452,103.33333333333326,997.1111111111111,1217.5555555555557,158.1111111111111,109.44444444444446,1278.3333333333333,709.8888888888889,138.2222222222224,88.0,970.6,875.0,161.9999999999999,90.82352941176464,2192.9411764705883,976.2941176470588,124.88235294117658,78.0,2031.5555555555557,1316.5555555555557,123.66666666666652,134.53846153846155,1522.1538461538462,844.0,110.69230769230762,100.86666666666679,2503.866666666667,1012.2666666666667,135.4000000000001,96.25,2031.25,766.5,142.5,126.0,2431.8,571.4,128.39999999999964,93.63636363636363,3439.4545454545455,772.6363636363636,180.6363636363635,36.0,3516.4,775.4,36.0
453,102.66666666666674,993.2222222222222,1221.111111111111,156.22222222222217,109.8888888888888,1276.6666666666667,710.7777777777778,136.44444444444434,88.0,964.65,873.5,162.0000000000001,91.05882352941171,2178.3529411764707,979.2352941176471,124.70588235294099,78.0,2025.111111111111,1315.111111111111,121.33333333333326,134.8461538461538,1523.3846153846155,837.0,109.23076923076906,101.13333333333321,2498.133333333333,1011.7333333333333,134.5999999999999,95.6875,2036.6875,766.125,143.375,126.0,2429.2,568.1,128.10000000000036,94.18181818181824,3442.2727272727275,771.1818181818181,180.18181818181802,36.0,3517.6,772.6,36.0
454,102.0,989.3333333333334,1224.6666666666667,154.33333333333337,110.33333333333337,1275.0,711.6666666666666,134.66666666666674,88.0,958.7,872.0,162.0,91.2941176470589,2163.764705882353,982.1764705882352,124.52941176470586,78.0,2018.6666666666667,1313.6666666666667,118.99999999999977,135.1538461538462,1524.6153846153845,830.0,107.76923076923094,101.39999999999986,2492.4,1011.2,133.79999999999973,95.125,2042.125,765.75,144.25,126.0,2426.6,564.8,127.80000000000018,94.72727272727275,3445.090909090909,769.7272727272727,179.72727272727298,36.0,3518.8,769.8,36.0
455,101.33333333333348,985.4444444444445,1228.2222222222222,152.44444444444446,110.77777777777783,1273.3333333333333,712.5555555555555,132.8888888888889,88.0,952.75,870.5,162.0,91.52941176470597,2149.176470588235,985.1176470588235,124.35294117647072,78.0,2012.2222222222222,1312.2222222222222,116.66666666666652,135.46153846153845,1525.8461538461538,823.0,106.30769230769238,101.66666666666663,2486.6666666666665,1010.6666666666666,133.0,94.5625,2047.5625,765.375,145.125,126.0,2424.0,561.5,127.5,95.27272727272725,3447.909090909091,768.2727272727273,179.27272727272702,36.0,3520.0,767.0,36.0
456,100.66666666666652,981.5555555555555,1231.7777777777778,150.55555555555554,111.22222222222217,1271.6666666666667,713.4444444444445,131.1111111111111,88.0,946.8,869.0,162.0,91.76470588235293,2134.5882352941176,988.0588235294117,124.17647058823559,78.0,2005.7777777777778,1310.7777777777778,114.33333333333348,135.76923076923072,1527.076923076923,816.0,104.84615384615381,101.93333333333328,2480.9333333333334,1010.1333333333333,132.19999999999982,94.0,2053.0,765.0,146.0,126.0,2421.4,558.2,127.19999999999982,95.81818181818176,3450.7272727272725,766.8181818181819,178.81818181818198,36.0,3527.2,766.0,36.0
457,100.0,977.6666666666666,1235.3333333333333,148.66666666666663,111.66666666666663,1270.0,714.3333333333334,129.33333333333326,88.0,940.85,867.5,161.9999999999999,92.0,2120.0,991.0,124.0,78.0,1999.3333333333333,1309.3333333333333,112.00000000000023,136.0769230769231,1528.3076923076924,809.0,103.38461538461524,102.19999999999993,2475.2,1009.6,131.4000000000001,92.5,2061.75,764.25,139.5,126.0,2418.8,554.9,126.89999999999964,96.36363636363637,3453.5454545454545,765.3636363636364,178.3636363636365,36.0,3534.4,765.0,36.0
458,99.33333333333326,973.7777777777778,1238.888888888889,146.77777777777783,112.1111111111112,1268.3333333333333,715.2222222222222,127.55555555555566,88.0,934.9,866.0,162.0000000000001,90.66666666666663,2101.0,995.3333333333334,135.0,78.0,1992.888888888889,1307.888888888889,109.66666666666674,136.38461538461536,1529.5384615384614,802.0,101.92307692307713,102.46666666666658,2469.4666666666667,1009.0666666666667,130.5999999999999,91.0,2070.5,763.5,133.0,126.0,2416.2,551.6,126.60000000000036,96.90909090909099,3456.3636363636365,763.9090909090909,177.909090909091,36.0,3541.6,764.0,36.0
459,98.66666666666674,969.8888888888889,1242.4444444444443,144.8888888888889,112.55555555555554,1266.6666666666667,716.1111111111111,125.7777777777776,88.0,928.95,864.5,162.0,89.33333333333337,2082.0,999.6666666666666,146.0,78.0,1986.4444444444443,1306.4444444444443,107.33333333333348,136.69230769230774,1530.7692307692307,795.0,100.46153846153857,102.73333333333335,2463.733333333333,1008.5333333333333,129.80000000000018,89.5,2079.25,762.75,126.5,126.0,2413.6,548.3,126.30000000000018,97.45454545454538,3459.181818181818,762.4545454545455,177.4545454545455,36.0,3548.8,763.0,36.0
460,98.0,966.0,1246.0,143.0,113.0,1265.0,717.0,124.0,88.0,923.0,863.0,162.0,88.0,2063.0,1004.0,157.0,78.0,1980.0,1305.0,105.0,137.0,1532.0,788.0,99.0,103.0,2458.0,1008.0,129.0,88.0,2088.0,762.0,120.0,126.0,2411.0,545.0,126.0,98.0,3462.0,761.0,177.0,36.0,3556.0,762.0,36.0
461,102.5,961.3333333333334,1248.6666666666667,147.33333333333337,112.71428571428567,1262.4285714285713,717.9285714285714,125.14285714285734,88.0,917.0714285714286,861.5714285714286,163.35714285714278,87.99999999999989,2049.4545454545455,1008.3636363636364,155.3636363636365,78.0,1975.0,1304.0,110.66666666666652,136.1500000000001,1531.85,782.8,99.0,102.91666666666663,2451.3333333333335,1007.8333333333334,128.33333333333303,88.23076923076917,2091.769230769231,760.6923076923077,120.53846153846143,126.0,2408.3,541.0,127.89999999999964,98.33333333333337,3462.0,760.1111111111111,179.8888888888887,36.0,3564.4,762.6,36.0
462,107.0,956.6666666666666,1251.3333333333333,151.66666666666663,112.42857142857144,1259.857142857143,718.8571428571429,126.28571428571422,88.0,911.1428571428571,860.1428571428571,164.71428571428578,88.0,2035.909090909091,1012.7272727272727,153.72727272727252,78.0,1970.0,1303.0,116.33333333333348,135.29999999999995,1531.7,777.6,99.0,102.83333333333337,2444.6666666666665,1007.6666666666666,127.66666666666697,88.46153846153845,2095.5384615384614,759.3846153846154,121.07692307692332,126.0,2405.6,537.0,129.80000000000018,98.66666666666674,3462.0,759.2222222222222,182.77777777777783,36.0,3572.8,763.2,36.0
463,111.5,952.0,1254.0,156.0,112.14285714285711,1257.2857142857142,719.7857142857143,127.42857142857156,88.0,905.2142857142857,858.7142857142857,166.07142857142856,87.99999999999989,2022.3636363636363,1017.0909090909091,152.09090909090924,78.0,1965.0,1302.0,122.0,134.45000000000005,1531.55,772.4,99.0,102.75,2438.0,1007.5,127.0,88.69230769230762,2099.3076923076924,758.0769230769231,121.61538461538476,126.0,2402.9,533.0,131.69999999999982,99.0,3462.0,758.3333333333334,185.66666666666652,36.0,3581.2,763.8,36.0
464,116.0,947.3333333333334,1256.6666666666667,160.33333333333337,111.85714285714289,1254.7142857142858,720.7142857142857,128.57142857142844,88.0,899.2857142857143,857.2857142857143,167.42857142857144,88.0,2008.8181818181818,1021.4545454545455,150.45454545454572,78.0,1959.8235294117646,1301.0,122.00000000000023,133.5999999999999,1531.4,767.2,99.0,102.66666666666663,2431.3333333333335,1007.3333333333334,126.33333333333303,88.92307692307702,2103.076923076923,756.7692307692307,122.15384615384619,126.0,2400.2,529.0,133.60000000000036,99.33333333333337,3462.0,757.4444444444445,188.55555555555566,36.0,3589.6,764.4,36.0
465,120.5,942.6666666666666,1259.3333333333333,164.66666666666663,111.57142857142856,1252.142857142857,721.6428571428571,129.71428571428578,88.0,893.3571428571429,855.8571428571429,168.78571428571422,88.0,1995.2727272727273,1025.8181818181818,148.81818181818176,78.0,1954.6470588235295,1300.0,121.99999999999977,132.75,1531.25,762.0,99.0,102.58333333333337,2424.6666666666665,1007.1666666666666,125.66666666666697,89.15384615384619,2106.846153846154,755.4615384615385,122.69230769230762,126.0,2397.5,525.0,135.5,99.66666666666663,3462.0,756.5555555555555,191.44444444444434,36.0,3598.0,765.0,36.0
466,125.0,938.0,1262.0,169.0,111.28571428571433,1249.5714285714287,722.5714285714286,130.85714285714266,88.0,887.4285714285714,854.4285714285714,170.14285714285722,88.0,1981.7272727272727,1030.1818181818182,147.18181818181824,78.0,1949.4705882352941,1299.0,122.0,131.9000000000001,1531.1,756.8,99.0,102.5,2418.0,1007.0,125.0,89.38461538461536,2110.6153846153848,754.1538461538462,123.23076923076906,126.0,2394.8,521.0,137.39999999999964,100.0,3462.0,755.6666666666666,194.33333333333348,36.0,3602.2,765.0,36.0
467,123.07142857142844,933.3571428571429,1264.7142857142858,168.3571428571429,111.0,1247.0,723.5,132.0,88.0,881.5,853.0,171.5,88.0,1968.1818181818182,1034.5454545454545,145.54545454545428,78.0,1944.2941176470588,1298.0,122.00000000000023,131.04999999999995,1530.95,751.6,99.0,102.41666666666663,2411.3333333333335,1006.8333333333334,124.33333333333303,89.61538461538464,2114.3846153846152,752.8461538461538,123.76923076923094,126.0,2392.1,517.0,139.30000000000018,100.33333333333326,3462.0,754.7777777777778,197.22222222222217,36.0,3606.4,765.0,36.0
468,121.14285714285734,928.7142857142857,1267.4285714285713,167.71428571428567,110.71428571428567,1244.4285714285713,724.4285714285714,133.14285714285734,88.0,875.5714285714286,851.5714285714286,172.85714285714278,88.0,1954.6363636363637,1038.909090909091,143.90909090909076,78.0,1939.1176470588234,1297.0,122.0,130.20000000000005,1530.8,746.4,99.0,102.33333333333337,2404.6666666666665,1006.6666666666666,123.66666666666697,89.84615384615381,2118.153846153846,751.5384615384615,124.30769230769238,126.0,2389.4,513.0,141.19999999999982,100.66666666666663,3462.0,753.8888888888889,200.1111111111113,36.0,3610.6,765.0,36.0
469,119.21428571428578,924.0714285714286,1270.142857142857,167.07142857142856,110.42857142857144,1241.857142857143,725.3571428571429,134.28571428571422,88.0,869.6428571428571,850.1428571428571,174.21428571428578,88.0,1941.090909090909,1043.2727272727273,142.27272727272748,78.0,1933.9411764705883,1296.0,122.0,129.3499999999999,1530.65,741.2,99.0,102.25,2398.0,1006.5,123.0,90.07692307692298,2121.923076923077,750.2307692307693,124.84615384615381,126.0,2386.7,509.0,143.10000000000036,101.0,3462.0,753.0,203.0,36.0,3614.8,765.0,36.0
470,117.28571428571422,919.4285714285714,1272.857142857143,166.42857142857144,110.14285714285711,1239.2857142857142,726.2857142857143,135.42857142857156,88.0,863.7142857142857,848.7142857142857,175.57142857142856,88.0,1927.5454545454545,1047.6363636363637,140.6363636363635,78.0,1928.764705882353,1295.0,122.00000000000023,128.5,1530.5,736.0,99.0,102.16666666666663,2391.3333333333335,1006.3333333333334,122.33333333333303,90.30769230769238,2125.6923076923076,748.9230769230769,125.38461538461524,126.0,2384.0,505.0,145.0,101.18181818181824,3461.909090909091,752.1818181818181,200.6363636363635,36.0,3619.0,765.0,36.0
471,115.35714285714266,914.7857142857143,1275.5714285714287,165.78571428571433,109.85714285714289,1236.7142857142858,727.2142857142857,136.57142857142844,88.0,857.7857142857143,847.2857142857143,176.92857142857144,88.0,1914.0,1052.0,139.0,78.0,1923.5882352941176,1294.0,122.0,127.65000000000009,1530.35,730.8,99.0,102.08333333333337,2384.6666666666665,1006.1666666666666,121.66666666666697,90.53846153846155,2129.4615384615386,747.6153846153846,125.92307692307668,126.0,2381.3,501.0,146.89999999999964,101.36363636363637,3461.818181818182,751.3636363636364,198.27272727272702,36.0,3617.4,764.2,36.0
472,113.42857142857156,910.1428571428571,1278.2857142857142,165.1428571428571,109.57142857142856,1234.142857142857,728.1428571428571,137.71428571428578,88.0,851.8571428571429,845.8571428571429,178.28571428571422,88.0,1902.6666666666667,1057.8333333333333,132.66666666666652,78.0,1918.4117647058824,1293.0,122.0,126.79999999999995,1530.2,725.6,99.0,102.0,2378.0,1006.0,121.0,90.76923076923083,2133.230769230769,746.3076923076923,126.46153846153857,126.0,2378.6,497.0,148.80000000000018,101.54545454545462,3461.7272727272725,750.5454545454545,195.909090909091,36.0,3615.8,763.4,36.0
473,111.5,905.5,1281.0,164.5,109.28571428571433,1231.5714285714287,729.0714285714286,138.85714285714266,88.0,845.9285714285714,844.4285714285714,179.64285714285722,88.0,1891.3333333333333,1063.6666666666667,126.33333333333348,78.0,1913.235294117647,1292.0,122.0,125.95000000000005,1530.05,720.4,99.0,101.875,2373.25,1005.375,120.25,91.0,2137.0,745.0,127.0,126.0,2375.9,493.0,150.69999999999982,101.72727272727275,3461.6363636363635,749.7272727272727,193.5454545454545,36.0,3614.2,762.6,36.0
474,109.57142857142844,900.8571428571429,1283.7142857142858,163.8571428571429,109.0,1229.0,730.0,140.0,88.0,840.0,843.0,181.0,88.0,1880.0,1069.5,120.0,78.0,1908.0588235294117,1291.0,122.0,125.09999999999991,1529.9,715.2,99.0,101.75,2368.5,1004.75,119.5,91.14285714285722,2147.1428571428573,743.7142857142857,121.14285714285688,126.0,2373.2,489.0,152.60000000000036,101.90909090909099,3461.5454545454545,748.9090909090909,191.18181818181802,36.0,3612.6,761.8,36.0
475,107.64285714285734,896.2142857142857,1286.4285714285713,163.21428571428567,108.66666666666674,1225.8333333333333,731.1666666666666,136.5,88.0,834.1666666666666,841.5,177.83333333333337,88.0,1868.6666666666667,1075.3333333333333,113.66666666666652,78.0,1902.8823529411766,1290.0,122.0,124.25,1529.75,710.0,99.0,101.625,2363.75,1004.125,118.75,91.28571428571422,2157.285714285714,742.4285714285714,115.28571428571422,126.0,2370.5,485.0,154.5,102.09090909090901,3461.4545454545455,748.0909090909091,188.81818181818198,36.0,3611.0,761.0,36.0
476,105.71428571428578,891.5714285714286,1289.142857142857,162.57142857142856,108.33333333333326,1222.6666666666667,732.3333333333334,133.0,88.0,828.3333333333334,840.0,174.66666666666663,88.0,1857.3333333333333,1081.1666666666667,107.33333333333348,78.0,1897.7058823529412,1289.0,122.0,123.40000000000009,1529.6,704.8,99.0,101.5,2359.0,1003.5,118.0,91.42857142857144,2167.4285714285716,741.1428571428571,109.4285714285711,126.0,2367.8,481.0,156.39999999999964,102.27272727272725,3461.3636363636365,747.2727272727273,186.4545454545455,36.0,3607.8,759.4,36.0
477,103.78571428571422,886.9285714285714,1291.857142857143,161.92857142857144,108.0,1219.5,733.5,129.5,88.0,822.5,838.5,171.5,88.0,1846.0,1087.0,101.0,78.0,1892.5294117647059,1288.0,122.0,122.54999999999995,1529.45,699.6,99.0,101.375,2354.25,1002.875,117.25,91.57142857142856,2177.5714285714284,739.8571428571429,103.5714285714289,126.0,2365.1,477.0,158.30000000000018,102.45454545454538,3461.2727272727275,746.4545454545455,184.090909090909,36.0,3604.6,757.8,36.0
478,101.85714285714266,882.2857142857143,1294.5714285714287,161.28571428571433,107.66666666666674,1216.3333333333333,734.6666666666666,126.0,88.0,816.6666666666666,837.0,168.33333333333337,88.0,1828.6666666666667,1091.3333333333333,114.33333333333326,78.0,1887.3529411764705,1287.0,122.0,121.70000000000005,1529.3,694.4,99.0,101.25,2349.5,1002.25,116.5,91.71428571428578,2187.714285714286,738.5714285714286,97.71428571428578,126.0,2362.4,473.0,160.19999999999982,102.63636363636363,3461.181818181818,745.6363636363636,181.72727272727298,36.0,3601.4,756.2,36.0
479,99.92857142857156,877.6428571428571,1297.2857142857142,160.6428571428571,107.33333333333326,1213.1666666666667,735.8333333333334,122.5,88.0,810.8333333333334,835.5,165.16666666666663,88.0,1811.3333333333333,1095.6666666666667,127.66666666666674,78.0,1882.1764705882354,1286.0,122.0,120.84999999999991,1529.15,689.2,99.0,101.125,2344.75,1001.625,115.75,91.85714285714278,2197.8571428571427,737.2857142857143,91.85714285714312,126.0,2359.7,469.0,162.10000000000036,102.81818181818176,3461.090909090909,744.8181818181819,179.3636363636365,36.0,3598.2,754.6,36.0
480,98.0,873.0,1300.0,160.0,107.0,1210.0,737.0,119.0,88.0,805.0,834.0,162.0,88.0,1794.0,1100.0,141.0,78.0,1877.0,1285.0,122.0,120.0,1529.0,684.0,99.0,101.0,2340.0,1001.0,115.0,92.0,2208.0,736.0,86.0,126.0,2357.0,465.0,164.0,103.0,3461.0,744.0,177.0,36.0,3595.0,753.0,36.0
481,99.25,869.05,1302.15,160.20000000000005,106.375,1207.375,738.875,120.625,88.09090909090912,800.0909090909091,833.1818181818181,164.45454545454538,88.0,1780.65,1105.4,141.0,78.0,1871.8461538461538,1283.7692307692307,121.61538461538476,123.125,1528.25,675.125,99.0,101.0,2330.0,1000.2,119.40000000000009,92.28571428571433,2208.5714285714284,734.1428571428571,97.42857142857156,126.0,2357.4,464.0,164.0,103.14285714285711,3460.1428571428573,742.5714285714286,175.14285714285688,36.0,3583.5,747.5,36.0
482,100.5,865.1,1304.3,160.39999999999998,105.75,1204.75,740.75,122.25,88.18181818181813,795.1818181818181,832.3636363636364,166.909090909091,88.0,1767.3,1110.8,141.0,78.0,1866.6923076923076,1282.5384615384614,121.23076923076928,126.25,1527.5,666.25,99.0,101.00000000000011,2320.0,999.4,123.80000000000018,92.57142857142856,2209.1428571428573,732.2857142857143,108.85714285714266,126.0,2357.8,463.0,164.0,103.28571428571433,3459.285714285714,741.1428571428571,173.28571428571422,36.0,3572.0,742.0,36.0
483,101.75,861.15,1306.45,160.60000000000002,105.125,1202.125,742.625,123.875,88.27272727272737,790.2727272727273,831.5454545454545,169.36363636363637,88.0,1753.95,1116.2,141.0,78.0,1861.5384615384614,1281.3076923076924,120.84615384615404,129.375,1526.75,657.375,99.0,100.99999999999989,2310.0,998.6,128.19999999999982,92.85714285714289,2209.714285714286,730.4285714285714,120.28571428571422,126.0,2358.2,462.0,164.0,103.42857142857144,3458.4285714285716,739.7142857142857,171.4285714285711,36.0,3545.0,736.3333333333334,36.0
484,103.0,857.2,1308.6,160.79999999999995,104.5,1199.5,744.5,125.5,88.36363636363637,785.3636363636364,830.7272727272727,171.81818181818176,88.0,1740.6,1121.6,141.0,78.0,1856.3846153846155,1280.076923076923,120.46153846153834,132.5,1526.0,648.5,99.0,101.0,2300.0,997.8,132.5999999999999,93.14285714285711,2210.285714285714,728.5714285714286,131.71428571428578,126.0,2358.6,461.0,164.0,103.57142857142856,3457.5714285714284,738.2857142857143,169.5714285714289,36.0,3518.0,730.6666666666666,36.0
485,104.25,853.25,1310.75,161.0,103.875,1196.875,746.375,127.125,88.4545454545455,780.4545454545455,829.9090909090909,174.27272727272725,88.0,1727.25,1127.0,141.0,78.0,1851.2307692307693,1278.8461538461538,120.0769230769231,135.625,1525.25,639.625,99.0,101.0,2290.0,997.0,137.0,93.42857142857144,2210.8571428571427,726.7142857142857,143.14285714285734,126.0,2359.0,460.0,164.0,103.71428571428567,3456.714285714286,736.8571428571429,167.71428571428578,36.0,3491.0,725.0,36.0
486,105.5,849.3,1312.9,161.20000000000005,103.25,1194.25,748.25,128.75,88.5454545454545,775.5454545454545,829.0909090909091,176.72727272727275,88.0,1713.9,1132.4,141.0,78.0,1846.076923076923,1277.6153846153845,119.69230769230762,138.75,1524.5,630.75,99.0,101.0666666666666,2284.733333333333,996.2,136.60000000000036,93.71428571428567,2211.4285714285716,724.8571428571429,154.57142857142844,126.0,2359.4,459.0,164.0,103.85714285714289,3455.8571428571427,735.4285714285714,165.85714285714312,36.0,3459.8,719.6,36.0
487,106.75,845.35,1315.05,161.39999999999998,102.625,1191.625,750.125,130.375,88.63636363636363,770.6363636363636,828.2727272727273,179.18181818181824,88.0,1700.55,1137.8,141.0,78.0,1840.923076923077,1276.3846153846155,119.30769230769238,141.875,1523.75,621.875,99.0,101.13333333333333,2279.4666666666667,995.4,136.19999999999982,94.0,2212.0,723.0,166.0,126.0,2359.8,458.0,164.0,104.0,3455.0,734.0,164.0,36.0,3428.6,714.2,36.0
488,108.0,841.4,1317.2,161.60000000000002,102.0,1189.0,752.0,132.0,88.72727272727263,765.7272727272727,827.4545454545455,181.63636363636363,88.0,1687.2,1143.2,141.0,78.0,1835.7692307692307,1275.1538461538462,118.9230769230769,145.0,1523.0,613.0,99.0,101.19999999999993,2274.2,994.6,135.80000000000018,94.38461538461536,2218.923076923077,722.1538461538462,161.07692307692287,126.0,2360.2,457.0,164.0,101.66666666666663,3447.3333333333335,735.8333333333334,168.5,36.0,3397.4,708.8,36.0
489,109.25,837.45,1319.35,161.79999999999995,101.16666666666674,1185.6666666666667,754.4166666666666,130.66666666666652,88.81818181818187,760.8181818181818,826.6363636363636,184.09090909090912,88.0,1673.85,1148.6,141.0,78.0,1830.6153846153845,1273.923076923077,118.53846153846166,141.91666666666663,1523.75,609.75,99.0,101.26666666666665,2268.9333333333334,993.8,135.4000000000001,94.76923076923083,2225.846153846154,721.3076923076923,156.1538461538462,126.0,2360.6,456.0,164.0,99.33333333333337,3439.6666666666665,737.6666666666666,173.0,36.0,3366.2,703.4,36.0
490,110.5,833.5,1321.5,162.0,100.33333333333326,1182.3333333333333,756.8333333333334,129.33333333333348,88.90909090909088,755.9090909090909,825.8181818181819,186.54545454545462,88.0,1660.5,1154.0,141.0,78.0,1825.4615384615386,1272.6923076923076,118.15384615384596,138.83333333333337,1524.5,606.5,99.0,101.33333333333326,2263.6666666666665,993.0,135.0,95.15384615384619,2232.769230769231,720.4615384615385,151.23076923076906,126.0,2361.0,455.0,164.0,97.0,3432.0,739.5,177.5,36.0,3335.0,698.0,36.0
491,111.75,829.55,1323.65,162.20000000000005,99.5,1179.0,759.25,128.0,89.0,751.0,825.0,189.0,88.0,1647.15,1159.4,141.0,78.0,1820.3076923076924,1271.4615384615386,117.76923076923072,135.75,1525.25,603.25,99.0,101.39999999999986,2258.4,992.2,134.5999999999999,95.53846153846155,2239.6923076923076,719.6153846153846,146.30769230769238,126.0,2361.4,454.0,164.0,94.66666666666663,3424.3333333333335,741.3333333333334,182.0,36.0,3302.0,695.2,36.0
492,113.0,825.6,1325.8,162.39999999999998,98.66666666666674,1175.6666666666667,761.6666666666666,126.66666666666652,89.0,744.8888888888889,824.0,187.77777777777771,88.0,1633.8,1164.8,141.0,78.0,1815.1538461538462,1270.2307692307693,117.38461538461524,132.66666666666663,1526.0,600.0,99.0,101.46666666666658,2253.133333333333,991.4,134.20000000000027,95.92307692307702,2246.6153846153848,718.7692307692307,141.38461538461524,126.0,2361.8,453.0,164.0,92.33333333333337,3416.6666666666665,743.1666666666666,186.5,36.0,3269.0,692.4,36.0
493,114.25,821.65,1327.95,162.60000000000002,97.83333333333326,1172.3333333333333,764.0833333333334,125.33333333333348,89.0,738.7777777777778,823.0,186.55555555555554,88.0,1620.45,1170.2,141.0,78.0,1810.0,1269.0,117.0,129.58333333333337,1526.75,596.75,99.0,101.53333333333342,2247.866666666667,990.6,133.79999999999973,96.30769230769238,2253.5384615384614,717.9230769230769,136.46153846153857,126.0,2362.2,452.0,164.0,90.0,3409.0,745.0,191.0,36.0,3236.0,689.6,36.0
494,115.5,817.7,1330.1,162.79999999999995,97.0,1169.0,766.5,124.0,89.0,732.6666666666666,822.0,185.33333333333337,88.0,1607.1,1175.6,141.0,78.0,1805.2857142857142,1268.4285714285713,112.0,126.5,1527.5,593.5,99.0,101.60000000000014,2242.6,989.8,133.4000000000001,96.69230769230762,2260.4615384615386,717.0769230769231,131.53846153846143,126.0,2362.6,451.0,164.0,91.80000000000007,3406.4,744.4,193.19999999999982,36.0,3203.0,686.8,36.0
495,116.75,813.75,1332.25,163.0,96.16666666666674,1165.6666666666667,768.9166666666666,122.66666666666652,89.0,726.5555555555555,821.0,184.1111111111111,88.0,1593.75,1181.0,141.0,78.0,1800.5714285714287,1267.857142857143,107.0,123.41666666666663,1528.25,590.25,99.0,101.66666666666674,2237.3333333333335,989.0,133.0,97.07692307692298,2267.3846153846152,716.2307692307693,126.61538461538476,126.0,2363.0,450.0,164.0,93.60000000000002,3403.8,743.8,195.39999999999964,36.0,3170.0,684.0,36.0
496,118.0,809.8,1334.4,163.20000000000005,95.33333333333326,1162.3333333333333,771.3333333333334,121.33333333333348,89.0,720.4444444444445,820.0,182.8888888888889,88.0,1580.4,1186.4,141.0,78.0,1795.857142857143,1267.2857142857142,102.0,120.33333333333337,1529.0,587.0,99.0,101.73333333333335,2232.0666666666666,988.2,132.5999999999999,97.46153846153845,2274.3076923076924,715.3846153846154,121.69230769230762,126.0,2363.4,449.0,164.0,95.39999999999998,3401.2,743.2,197.60000000000036,36.0,3135.8,680.6,36.0
497,119.25,805.85,1336.55,163.39999999999998,94.5,1159.0,773.75,120.0,89.0,714.3333333333334,819.0,181.66666666666663,88.0,1567.05,1191.8,141.0,78.0,1791.142857142857,1266.7142857142858,97.0,117.25,1529.75,583.75,99.0,101.80000000000007,2226.8,987.4,132.19999999999982,97.84615384615381,2281.230769230769,714.5384615384615,116.76923076923094,126.0,2363.8,448.0,164.0,97.19999999999993,3398.6,742.6,199.80000000000018,36.0,3101.6,677.2,36.0
498,120.5,801.9,1338.7,163.60000000000002,93.66666666666674,1155.6666666666667,776.1666666666666,118.66666666666652,89.0,708.2222222222222,818.0,180.44444444444446,88.0,1553.7,1197.2,141.0,78.0,1786.4285714285713,1266.142857142857,92.0,114.16666666666663,1530.5,580.5,99.0,101.86666666666667,2221.5333333333333,986.6,131.80000000000018,98.23076923076917,2288.153846153846,713.6923076923077,111.84615384615381,126.0,2364.2,447.0,164.0,99.0,3396.0,742.0,202.0,36.0,3067.4,673.8,36.0
499,121.75,797.95,1340.85,163.79999999999995,92.83333333333326,1152.3333333333333,778.5833333333334,117.33333333333348,89.0,702.1111111111111,817.0,179.22222222222229,88.0,1540.35,1202.6,141.0,78.0,1781.7142857142858,1265.5714285714287,87.0,111.08333333333337,1531.25,577.25,99.0,101.9333333333334,2216.266666666667,985.8,131.39999999999964,98.61538461538464,2295.076923076923,712.8461538461538,106.92307692307713,126.0,2364.6,446.0,164.0,101.0,3393.5,741.5,211.5,36.0,3033.2,670.4,36.0
500,123.0,794.0,1343.0,164.0,92.0,1149.0,781.0,116.0,89.0,696.0,816.0,178.0,88.0,1527.0,1208.0,141.0,78.0,1777.0,1265.0,82.0,108.0,1532.0,574.0,99.0,102.0,2211.0,985.0,131.0,99.0,2302.0,712.0,102.0,126.0,2365.0,445.0,164.0,103.0,3391.0,741.0,221.0,36.0,2999.0,667.0,36.0
501,121.64999999999986,790.9,1345.45,164.0,92.0,1146.6,784.3,116.05000000000018,89.0,692.4,816.4,178.0,88.0,1514.95,1212.4,141.0,78.79999999999995,1768.2,1263.2,90.0,116.80000000000007,1530.8,564.8,99.0,102.0769230769231,2204.6153846153848,984.0,130.30769230769238,98.42857142857144,2303.285714285714,711.7142857142857,104.35714285714312,125.16666666666669,2370.8333333333335,447.4166666666667,164.0,108.0,3391.0,737.4,212.4000000000001,36.0,2966.5,665.5,36.0
502,120.29999999999995,787.8,1347.9,164.0,92.0,1144.2,787.6,116.09999999999991,89.0,688.8,816.8,178.0,88.0,1502.9,1216.8,141.0,79.59999999999991,1759.4,1261.4,98.0,125.60000000000002,1529.6,555.6,99.0,102.15384615384619,2198.230769230769,983.0,129.61538461538476,97.85714285714289,2304.5714285714284,711.4285714285714,106.71428571428578,124.33333333333331,2376.6666666666665,449.8333333333333,164.0,113.0,3391.0,733.8,203.80000000000018,36.0,2934.0,664.0,36.0
503,118.95000000000005,784.7,1350.35,164.0,92.0,1141.8,790.9,116.15000000000009,89.0,685.2,817.2,178.0,88.0,1490.85,1221.2,141.0,80.40000000000009,1750.6,1259.6,106.0,134.39999999999998,1528.4,546.4,99.0,102.23076923076928,2191.846153846154,982.0,128.92307692307713,97.28571428571433,2305.8571428571427,711.1428571428571,109.0714285714289,123.5,2382.5,452.25,164.0,118.0,3391.0,730.2,195.19999999999982,36.0,2926.6666666666665,658.6666666666666,36.0
504,117.60000000000014,781.6,1352.8,164.0,92.0,1139.4,794.2,116.19999999999982,89.0,681.6,817.6,178.0,88.0,1478.8,1225.6,141.0,81.20000000000005,1741.8,1257.8,114.0,143.19999999999993,1527.2,537.2,99.0,102.30769230769238,2185.4615384615386,981.0,128.23076923076906,96.71428571428567,2307.1428571428573,710.8571428571429,111.4285714285711,122.66666666666669,2388.3333333333335,454.6666666666667,164.0,123.0,3391.0,726.6,186.5999999999999,36.0,2919.3333333333335,653.3333333333334,36.0
505,116.25,778.5,1355.25,164.0,92.0,1137.0,797.5,116.25,89.0,678.0,818.0,178.0,88.0,1466.75,1230.0,141.0,82.0,1733.0,1256.0,122.0,152.0,1526.0,528.0,99.0,102.38461538461547,2179.076923076923,980.0,127.53846153846189,96.14285714285711,2308.4285714285716,710.5714285714286,113.78571428571422,121.83333333333331,2394.1666666666665,457.0833333333333,164.0,128.0,3391.0,723.0,178.0,36.0,2912.0,648.0,36.0
506,114.89999999999986,775.4,1357.7,164.0,92.0,1134.6,800.8,116.30000000000018,89.0,674.4,818.4,178.0,88.0,1454.7,1234.4,141.0,82.0,1727.4666666666667,1254.3333333333333,122.0,151.4666666666667,1526.3333333333333,522.4,99.0,102.46153846153857,2172.6923076923076,979.0,126.84615384615381,95.57142857142856,2309.714285714286,710.2857142857143,116.14285714285688,121.0,2400.0,459.5,164.0,122.75,3383.75,728.125,180.5,36.0,2904.0,643.8,36.0
507,113.54999999999995,772.3,1360.15,164.0,92.0,1132.2,804.1,116.34999999999991,89.0,670.8,818.8,178.0,88.0,1442.65,1238.8,141.0,82.0,1721.9333333333334,1252.6666666666667,122.0,150.9333333333334,1526.6666666666667,516.8,99.0,102.53846153846143,2166.3076923076924,978.0,126.15384615384619,95.0,2311.0,710.0,118.5,120.16666666666669,2405.8333333333335,461.9166666666667,164.0,117.5,3376.5,733.25,183.0,36.0,2896.0,639.6,36.0
508,112.20000000000005,769.2,1362.6,164.0,92.0,1129.8,807.4,116.40000000000009,89.0,667.2,819.2,178.0,88.0,1430.6,1243.2,141.0,82.0,1716.4,1251.0,122.0,150.40000000000003,1527.0,511.2,99.0,102.61538461538453,2159.923076923077,977.0,125.46153846153811,94.42857142857144,2312.285714285714,709.7142857142857,120.85714285714312,119.33333333333331,2411.6666666666665,464.3333333333333,164.0,112.25,3369.25,738.375,185.5,36.0,2888.0,635.4,36.0
509,110.85000000000014,766.1,1365.05,164.0,92.0,1127.4,810.7,116.44999999999982,89.0,663.6,819.6,178.0,88.0,1418.55,1247.6,141.0,82.0,1710.8666666666666,1249.3333333333333,122.0,149.86666666666667,1527.3333333333333,505.6,99.0,102.69230769230762,2153.5384615384614,976.0,124.76923076923094,93.85714285714289,2313.5714285714284,709.4285714285714,123.21428571428578,118.5,2417.5,466.75,164.0,107.0,3362.0,743.5,188.0,36.0,2880.0,631.2,36.0
510,109.5,763.0,1367.5,164.0,92.0,1125.0,814.0,116.5,89.0,660.0,820.0,178.0,88.0,1406.5,1252.0,141.0,82.0,1705.3333333333333,1247.6666666666667,122.0,149.33333333333337,1527.6666666666667,500.0,99.0,102.76923076923072,2147.153846153846,975.0,124.07692307692287,93.28571428571433,2314.8571428571427,709.1428571428571,125.5714285714289,117.66666666666669,2423.3333333333335,469.1666666666667,164.0,101.75,3354.75,748.625,190.5,36.0,2872.0,627.0,36.0
511,108.14999999999986,759.9,1369.95,164.0,92.0,1122.6,817.3,116.55000000000018,89.0,656.4,820.4,178.0,88.0,1394.45,1256.4,141.0,82.0,1699.8,1246.0,122.0,148.80000000000007,1528.0,494.4,99.0,102.84615384615381,2140.769230769231,974.0,123.38461538461524,92.71428571428567,2316.1428571428573,708.8571428571429,127.9285714285711,116.83333333333331,2429.1666666666665,471.5833333333333,164.0,96.5,3347.5,753.75,193.0,36.0,2859.8,624.0,36.0
512,106.79999999999995,756.8,1372.4,164.0,92.0,1120.2,820.6,116.59999999999991,89.0,652.8,820.8,178.0,88.0,1382.4,1260.8,141.0,82.0,1694.2666666666667,1244.3333333333333,122.0,148.2666666666666,1528.3333333333333,488.8,99.0,102.9230769230769,2134.3846153846152,973.0,122.69230769230762,92.14285714285711,2317.4285714285716,708.5714285714286,130.28571428571422,116.0,2435.0,474.0,164.0,91.25,3340.25,758.875,195.5,36.0,2847.6,621.0,36.0
513,105.45000000000005,753.7,1374.85,164.0,92.0,1117.8,823.9,116.65000000000009,89.0,649.2,821.2,178.0,88.0,1370.35,1265.2,141.0,82.0,1688.7333333333333,1242.6666666666667,122.0,147.7333333333334,1528.6666666666667,483.2,99.0,103.0,2128.0,972.0,122.0,91.57142857142856,2318.714285714286,708.2857142857143,132.64285714285688,115.25,2444.75,477.875,164.0,86.0,3333.0,764.0,198.0,36.0,2835.4,618.0,36.0
514,104.10000000000014,750.6,1377.3,164.0,92.0,1115.4,827.2,116.69999999999982,89.0,645.6,821.6,178.0,88.0,1358.3,1269.6,141.0,82.0,1683.2,1241.0,122.0,147.19999999999993,1529.0,477.6,99.0,103.0,2119.714285714286,971.0,121.28571428571422,91.0,2320.0,708.0,135.0,114.5,2454.5,481.75,164.0,86.42857142857144,3331.0,763.4285714285714,195.14285714285734,36.0,2823.2,615.0,36.0
515,102.75,747.5,1379.75,164.0,92.0,1113.0,830.5,116.75,89.0,642.0,822.0,178.0,88.0,1346.25,1274.0,141.0,82.0,1677.6666666666667,1239.3333333333333,122.0,146.66666666666663,1529.3333333333333,472.0,99.0,103.0,2111.4285714285716,970.0,120.57142857142844,90.5,2316.8333333333335,707.8333333333334,135.66666666666652,113.75,2464.25,485.625,164.0,86.85714285714278,3329.0,762.8571428571429,192.28571428571422,36.0,2811.0,612.0,36.0
516,101.39999999999986,744.4,1382.2,164.0,92.0,1110.6,833.8,116.80000000000018,89.0,638.4,822.4,178.0,88.0,1334.2,1278.4,141.0,82.0,1672.1333333333334,1237.6666666666667,122.0,146.13333333333333,1529.6666666666667,466.4,99.0,103.0,2103.1428571428573,969.0,119.85714285714266,90.0,2313.6666666666665,707.6666666666666,136.33333333333348,113.0,2474.0,489.5,164.0,87.28571428571422,3327.0,762.2857142857143,189.42857142857156,36.0,2796.8,610.0,36.0
517,100.04999999999995,741.3,1384.65,164.0,92.0,1108.2,837.1,116.84999999999991,89.0,634.8,822.8,178.0,88.0,1322.15,1282.8,141.0,82.0,1666.6,1236.0,122.0,145.59999999999997,1530.0,460.8,99.0,103.0,2094.8571428571427,968.0,119.14285714285734,89.5,2310.5,707.5,137.0,112.25,2483.75,493.375,164.0,87.71428571428578,3325.0,761.7142857142857,186.57142857142844,36.0,2782.6,608.0,36.0
518,98.70000000000005,738.2,1387.1,164.0,92.0,1105.8,840.4,116.90000000000009,89.0,631.2,823.2,178.0,88.0,1310.1,1287.2,141.0,82.0,1661.0666666666666,1234.3333333333333,122.0,145.06666666666666,1530.3333333333333,455.2,99.0,103.0,2086.5714285714284,967.0,118.42857142857156,89.0,2307.3333333333335,707.3333333333334,137.66666666666652,111.5,2493.5,497.25,164.0,88.14285714285722,3323.0,761.1428571428571,183.71428571428578,36.0,2768.4,606.0,36.0
519,97.35000000000014,735.1,1389.55,164.0,92.0,1103.4,843.7,116.94999999999982,89.0,627.6,823.6,178.0,88.0,1298.05,1291.6,141.0,82.0,1655.5333333333333,1232.6666666666667,122.0,144.5333333333333,1530.6666666666667,449.6,99.0,103.0,2078.285714285714,966.0,117.71428571428578,88.5,2304.1666666666665,707.1666666666666,138.33333333333348,110.75,2503.25,501.125,164.0,88.57142857142856,3321.0,760.5714285714286,180.85714285714266,36.0,2754.2,604.0,36.0
520,96.0,732.0,1392.0,164.0,92.0,1101.0,847.0,117.0,89.0,624.0,824.0,178.0,88.0,1286.0,1296.0,141.0,82.0,1650.0,1231.0,122.0,144.0,1531.0,444.0,99.0,103.0,2070.0,965.0,117.0,88.0,2301.0,707.0,139.0,110.0,2513.0,505.0,164.0,89.0,3319.0,760.0,178.0,36.0,2740.0,602.0,36.0
521,97.19999999999982,729.1,1392.4,165.89999999999998,92.75,1097.8,850.05,118.95000000000005,90.69999999999993,621.1,822.45,176.14999999999998,88.0,1274.75,1298.75,141.0,81.86666666666656,1644.0,1229.9333333333334,122.13333333333344,141.27272727272725,1530.6363636363637,441.6363636363636,99.0,102.66666666666663,2061.1666666666665,964.1666666666666,121.5,88.09999999999991,2297.35,706.45,137.75,108.0,2517.0,512.5,167.0,89.85714285714289,3314.3571428571427,761.1428571428571,177.71428571428578,36.0,2724.2,602.0,36.0
522,98.40000000000009,726.2,1392.8,167.79999999999995,93.5,1094.6,853.1,120.90000000000009,92.39999999999998,618.2,820.9,174.29999999999995,88.0,1263.5,1301.5,141.0,81.73333333333335,1638.0,1228.8666666666666,122.26666666666665,138.54545454545462,1530.2727272727273,439.27272727272725,99.0,102.33333333333337,2052.3333333333335,963.3333333333334,126.0,88.20000000000005,2293.7,705.9,136.5,106.0,2521.0,520.0,170.0,90.71428571428567,3309.714285714286,762.2857142857143,177.42857142857156,36.0,2708.4,602.0,36.0
523,99.59999999999991,723.3,1393.2,169.70000000000005,94.25,1091.4,856.15,122.84999999999991,94.10000000000002,615.3,819.35,172.45000000000005,88.0,1252.25,1304.25,141.0,81.60000000000014,1632.0,1227.8,122.40000000000009,135.8181818181818,1529.909090909091,436.90909090909093,99.0,102.0,2043.5,962.5,130.5,88.29999999999995,2290.05,705.35,135.25,105.5,2522.3333333333335,523.1666666666666,165.0,91.57142857142856,3305.0714285714284,763.4285714285714,177.14285714285734,36.0,2692.6,602.0,36.0
524,100.80000000000018,720.4,1393.6,171.60000000000002,95.0,1088.2,859.2,124.79999999999995,95.80000000000007,612.4,817.8,170.60000000000002,88.0,1241.0,1307.0,141.0,81.4666666666667,1626.0,1226.7333333333333,122.5333333333333,133.09090909090907,1529.5454545454545,434.54545454545456,99.0,101.66666666666663,2034.6666666666667,961.6666666666666,134.99999999999977,88.40000000000009,2286.4,704.8,134.0,105.0,2523.6666666666665,526.3333333333334,160.0,92.42857142857144,3300.4285714285716,764.5714285714286,176.85714285714266,36.0,2676.8,602.0,36.0
525,102.0,717.5,1394.0,173.5,95.75,1085.0,862.25,126.75,97.5,609.5,816.25,168.75,88.0,1229.75,1309.75,141.0,81.33333333333326,1620.0,1225.6666666666667,122.66666666666674,130.36363636363632,1529.1818181818182,432.1818181818182,99.0,101.33333333333337,2025.8333333333333,960.8333333333334,139.50000000000023,88.5,2282.75,704.25,132.75,104.5,2525.0,529.5,155.0,93.28571428571433,3295.785714285714,765.7142857142857,176.57142857142844,36.0,2661.0,602.0,36.0
526,103.19999999999982,714.6,1394.4,175.39999999999998,96.5,1081.8,865.3,128.70000000000005,99.19999999999993,606.6,814.7,166.89999999999998,88.0,1218.5,1312.5,141.0,81.20000000000005,1614.0,1224.6,122.79999999999995,127.63636363636368,1528.8181818181818,429.8181818181818,99.0,101.0,2017.0,960.0,144.0,88.59999999999991,2279.1,703.7,131.5,104.0,2526.3333333333335,532.6666666666666,150.0,94.14285714285711,3291.1428571428573,766.8571428571429,176.28571428571422,36.0,2647.2,603.2,36.0
527,104.40000000000009,711.7,1394.8,177.29999999999995,97.25,1078.6,868.35,130.6500000000001,100.89999999999998,603.7,813.15,165.04999999999995,88.0,1207.25,1315.25,141.0,81.0666666666666,1608.0,1223.5333333333333,122.9333333333334,124.90909090909093,1528.4545454545455,427.45454545454544,99.0,100.642857142857,2008.2857142857142,959.2857142857143,143.07142857142844,88.70000000000005,2275.45,703.15,130.25,103.5,2527.6666666666665,535.8333333333334,145.0,95.0,3286.5,768.0,176.0,36.0,2633.4,604.4,36.0
528,105.59999999999991,708.8,1395.2,179.20000000000005,98.0,1075.4,871.4,132.5999999999999,102.60000000000002,600.8,811.6,163.20000000000005,88.0,1196.0,1318.0,141.0,80.9333333333334,1602.0,1222.4666666666667,123.0666666666666,122.18181818181819,1528.090909090909,425.09090909090907,99.0,100.28571428571433,1999.5714285714287,958.5714285714286,142.1428571428571,88.79999999999995,2271.8,702.6,129.0,103.0,2529.0,539.0,140.0,95.85714285714289,3281.8571428571427,769.1428571428571,175.71428571428578,36.0,2619.6,605.6,36.0
529,106.80000000000018,705.9,1395.6,181.10000000000002,98.75,1072.2,874.45,134.54999999999995,104.30000000000007,597.9,810.05,161.35000000000002,88.0,1184.75,1320.75,141.0,80.79999999999995,1596.0,1221.4,123.20000000000005,119.45454545454538,1527.7272727272727,422.72727272727275,99.0,99.92857142857133,1990.857142857143,957.8571428571429,141.21428571428555,88.90000000000009,2268.15,702.05,127.75,105.91666666666674,2527.0,536.1666666666666,139.66666666666652,96.71428571428567,3277.214285714286,770.2857142857143,175.42857142857156,36.0,2605.8,606.8,36.0
530,108.0,703.0,1396.0,183.0,99.5,1069.0,877.5,136.5,106.0,595.0,808.5,159.5,88.0,1173.5,1323.5,141.0,80.66666666666674,1590.0,1220.3333333333333,123.33333333333326,116.72727272727275,1527.3636363636363,420.3636363636364,99.0,99.57142857142867,1982.142857142857,957.1428571428571,140.28571428571445,89.0,2264.5,701.5,126.5,108.83333333333326,2525.0,533.3333333333334,139.33333333333348,97.57142857142856,3272.5714285714284,771.4285714285714,175.14285714285734,36.0,2592.0,608.0,36.0
531,109.20000000000005,699.2,1394.1,181.0999999999999,100.25,1065.8,880.55,138.45000000000005,107.69999999999993,592.1,806.95,157.64999999999998,88.0,1162.25,1326.25,141.0,80.5333333333333,1584.0,1219.2666666666667,123.4666666666667,114.0,1527.0,418.0,99.0,99.21428571428567,1973.4285714285713,956.4285714285714,139.3571428571429,89.09999999999991,2260.85,700.95,125.25,111.75,2523.0,530.5,139.0,98.42857142857144,3267.9285714285716,772.5714285714286,174.85714285714266,36.0,2579.2,599.0,36.0
532,110.39999999999986,695.4,1392.2,179.20000000000005,101.0,1062.6,883.6,140.4000000000001,109.39999999999998,589.2,805.4,155.79999999999995,88.0,1151.0,1329.0,141.0,80.39999999999986,1578.0,1218.2,123.59999999999991,112.55555555555554,1523.6666666666667,415.55555555555554,99.0,98.857142857143,1964.7142857142858,955.7142857142857,138.42857142857156,89.20000000000005,2257.2,700.4,124.0,114.66666666666674,2521.0,527.6666666666666,138.66666666666652,99.28571428571433,3263.285714285714,773.7142857142857,174.57142857142844,36.0,2566.4,590.0,36.0
533,111.60000000000014,691.6,1390.3,177.29999999999995,101.75,1059.4,886.65,142.3499999999999,111.10000000000002,586.3,803.85,153.95000000000005,88.0,1139.75,1331.75,141.0,80.26666666666665,1572.0,1217.1333333333334,123.73333333333335,111.11111111111109,1520.3333333333333,413.1111111111111,99.0,98.5,1956.0,955.0,137.5,89.29999999999995,2253.55,699.85,122.75,117.58333333333326,2519.0,524.8333333333334,138.33333333333348,100.14285714285711,3258.6428571428573,774.8571428571429,174.28571428571422,36.0,2553.6,581.0,36.0
534,112.79999999999995,687.8,1388.4,175.4000000000001,102.5,1056.2,889.7,144.29999999999995,112.80000000000007,583.4,802.3,152.10000000000002,88.0,1128.5,1334.5,141.0,80.13333333333344,1566.0,1216.0666666666666,123.86666666666656,109.66666666666669,1517.0,410.6666666666667,99.0,98.142857142857,1947.2857142857142,954.2857142857143,136.57142857142844,89.40000000000009,2249.9,699.3,121.5,120.5,2517.0,522.0,138.0,101.0,3254.0,776.0,174.0,36.0,2540.8,572.0,36.0
535,114.0,684.0,1386.5,173.5,103.25,1053.0,892.75,146.25,114.5,580.5,800.75,150.25,88.0,1117.25,1337.25,141.0,80.0,1560.0,1215.0,124.0,108.22222222222223,1513.6666666666667,408.22222222222223,99.0,97.78571428571433,1938.5714285714287,953.5714285714286,135.6428571428571,89.5,2246.25,698.75,120.25,123.41666666666674,2515.0,519.1666666666666,137.66666666666652,100.66666666666674,3254.0,777.1666666666666,169.0,36.0,2528.0,563.0,36.0
536,115.20000000000005,680.2,1384.6,171.5999999999999,104.0,1049.8,895.8,148.20000000000005,116.19999999999993,577.6,799.2,148.39999999999998,88.0,1106.0,1340.0,141.0,79.0,1554.0,1214.0,118.59999999999991,106.77777777777777,1510.3333333333333,405.77777777777777,99.0,97.42857142857133,1929.857142857143,952.8571428571429,134.71428571428555,89.59999999999991,2242.6,698.2,119.0,126.33333333333326,2513.0,516.3333333333334,137.33333333333348,100.33333333333326,3254.0,778.3333333333334,164.0,36.0,2527.0,553.6,36.0
537,116.39999999999986,676.4,1382.7,169.70000000000005,104.75,1046.6,898.85,150.1500000000001,117.89999999999998,574.7,797.65,146.54999999999995,88.0,1094.75,1342.75,141.0,78.0,1548.0,1213.0,113.20000000000005,105.33333333333337,1507.0,403.3333333333333,99.0,97.07142857142867,1921.142857142857,952.1428571428571,133.78571428571445,89.70000000000005,2238.95,697.65,117.75,129.25,2511.0,513.5,137.0,100.0,3254.0,779.5,159.0,36.0,2526.0,544.2,36.0
538,117.60000000000014,672.6,1380.8,167.79999999999995,105.5,1043.4,901.9,152.0999999999999,119.60000000000002,571.8,796.1,144.70000000000005,88.0,1083.5,1345.5,141.0,77.0,1542.0,1212.0,107.79999999999995,103.88888888888886,1503.6666666666667,400.8888888888889,99.0,96.71428571428567,1912.4285714285713,951.4285714285714,132.8571428571429,89.79999999999995,2235.3,697.1,116.5,132.16666666666669,2509.0,510.6666666666667,136.66666666666652,99.66666666666674,3254.0,780.6666666666666,154.0,36.0,2525.0,534.8,36.0
539,118.79999999999995,668.8,1378.9,165.9000000000001,106.25,1040.2,904.95,154.04999999999995,121.30000000000007,568.9,794.55,142.85000000000002,88.0,1072.25,1348.25,141.0,76.0,1536.0,1211.0,102.40000000000009,102.44444444444446,1500.3333333333333,398.44444444444446,99.0,96.357142857143,1903.7142857142858,950.7142857142857,131.92857142857133,89.90000000000009,2231.65,696.55,115.25,135.08333333333331,2507.0,507.8333333333333,136.33333333333348,99.33333333333326,3254.0,781.8333333333334,149.0,36.0,2524.0,525.4,36.0
540,120.0,665.0,1377.0,164.0,107.0,1037.0,908.0,156.0,123.0,566.0,793.0,141.0,88.0,1061.0,1351.0,141.0,75.0,1530.0,1210.0,97.0,101.0,1497.0,396.0,99.0,96.0,1895.0,950.0,131.0,90.0,2228.0,696.0,114.0,138.0,2505.0,505.0,136.0,99.0,3254.0,783.0,144.0,36.0,2523.0,516.0,36.0
541,117.88888888888891,661.3333333333334,1377.6666666666667,166.66666666666663,107.10000000000002,1036.4,911.8,154.89999999999986,123.0,564.9,791.8,141.89999999999998,88.5333333333333,1053.7333333333333,1352.5333333333333,141.9333333333334,75.42857142857133,1522.7142857142858,1209.0,102.71428571428555,99.55555555555554,1492.2222222222222,395.44444444444446,102.44444444444457,96.25,1885.15,948.8,131.29999999999995,90.73333333333335,2222.2,696.4666666666667,115.06666666666706,137.00000000000006,2501.0,505.7,134.30000000000018,98.71428571428578,3245.1428571428573,783.5714285714286,147.71428571428532,36.0,2517.8,517.0,36.0
542,115.77777777777783,657.6666666666666,1378.3333333333333,169.33333333333337,107.19999999999993,1035.8,915.6,153.79999999999995,123.0,563.8,790.6,142.80000000000007,89.06666666666683,1046.4666666666667,1354.0666666666666,142.86666666666656,75.85714285714289,1515.4285714285713,1208.0,108.42857142857156,98.11111111111109,1487.4444444444443,394.8888888888889,105.88888888888891,96.49999999999989,1875.3,947.6,131.60000000000014,91.4666666666667,2216.4,696.9333333333333,116.13333333333321,136.0,2497.0,506.4,132.5999999999999,98.42857142857144,3236.285714285714,784.1428571428571,151.42857142857156,36.0,2512.6,518.0,36.0
543,113.66666666666674,654.0,1379.0,172.0,107.30000000000007,1035.2,919.4,152.70000000000005,123.0,562.7,789.4,143.69999999999993,89.60000000000014,1039.2,1355.6,143.79999999999995,76.28571428571422,1508.142857142857,1207.0,114.14285714285711,96.66666666666669,1482.6666666666667,394.3333333333333,109.33333333333326,96.75000000000011,1865.45,946.4,131.89999999999986,92.20000000000005,2210.6,697.4,117.20000000000027,135.0,2493.0,507.1,130.9000000000001,98.14285714285722,3227.4285714285716,784.7142857142857,155.14285714285688,36.0,2507.4,519.0,36.0
544,111.55555555555543,650.3333333333334,1379.6666666666667,174.66666666666663,107.39999999999986,1034.6,923.2,151.60000000000014,123.0,561.6,788.2,144.60000000000002,90.13333333333321,1031.9333333333334,1357.1333333333334,144.73333333333335,76.71428571428578,1500.857142857143,1206.0,119.85714285714289,95.22222222222223,1477.888888888889,393.77777777777777,112.77777777777783,97.0,1855.6,945.2,132.20000000000005,92.93333333333328,2204.8,697.8666666666667,118.26666666666642,133.99999999999994,2489.0,507.8,129.19999999999982,97.85714285714278,3218.5714285714284,785.2857142857143,158.85714285714312,36.0,2502.2,520.0,36.0
545,109.44444444444457,646.6666666666666,1380.3333333333333,177.33333333333337,107.5,1034.0,927.0,150.5,123.0,560.5,787.0,145.5,90.66666666666652,1024.6666666666667,1358.6666666666667,145.66666666666652,77.14285714285711,1493.5714285714287,1205.0,125.57142857142844,93.77777777777777,1473.111111111111,393.22222222222223,116.22222222222217,97.25,1845.75,944.0,132.5,93.66666666666663,2199.0,698.3333333333334,119.33333333333348,133.0,2485.0,508.5,127.5,97.57142857142856,3209.714285714286,785.8571428571429,162.57142857142844,36.0,2497.0,521.0,36.0
546,107.33333333333326,643.0,1381.0,180.0,107.60000000000014,1033.4,930.8,149.39999999999986,123.0,559.4,785.8,146.39999999999998,91.20000000000005,1017.4,1360.2,146.60000000000002,77.57142857142867,1486.2857142857142,1204.0,131.28571428571445,92.33333333333331,1468.3333333333333,392.6666666666667,119.66666666666674,97.5,1835.9,942.8,132.79999999999995,94.40000000000009,2193.2,698.8,120.40000000000009,132.00000000000006,2481.0,509.2,125.80000000000018,97.28571428571422,3200.8571428571427,786.4285714285714,166.28571428571468,36.0,2479.4,530.2,36.0
547,105.22222222222217,639.3333333333334,1381.6666666666667,182.66666666666663,107.69999999999993,1032.8,934.6,148.29999999999995,123.0,558.3,784.6,147.30000000000007,91.73333333333335,1010.1333333333333,1361.7333333333333,147.53333333333342,78.0,1479.0,1203.0,137.0,90.88888888888891,1463.5555555555557,392.1111111111111,123.11111111111109,97.74999999999989,1826.05,941.6,133.10000000000014,95.13333333333333,2187.4,699.2666666666667,121.4666666666667,131.0,2477.0,509.9,124.09999999999991,97.0,3192.0,787.0,170.0,36.0,2461.8,539.4,36.0
548,103.11111111111109,635.6666666666666,1382.3333333333333,185.33333333333337,107.80000000000007,1032.2,938.4,147.20000000000005,123.0,557.2,783.4,148.19999999999993,92.26666666666665,1002.8666666666667,1363.2666666666667,148.46666666666658,77.75,1471.75,1201.875,134.25,89.44444444444446,1458.7777777777778,391.55555555555554,126.55555555555543,98.00000000000011,1816.2,940.4,133.39999999999986,95.86666666666667,2181.6,699.7333333333333,122.5333333333333,130.0,2473.0,510.6,122.40000000000009,94.875,3189.125,788.875,166.75,36.0,2444.2,548.6,36.0
549,101.0,632.0,1383.0,188.0,107.89999999999986,1031.6,942.2,146.10000000000014,123.0,556.1,782.2,149.10000000000002,92.79999999999995,995.6,1364.8,149.39999999999998,77.5,1464.5,1200.75,131.5,88.0,1454.0,391.0,130.0,98.25,1806.35,939.2,133.70000000000005,96.59999999999991,2175.8,700.2,123.59999999999991,128.99999999999994,2469.0,511.3,120.69999999999982,92.75,3186.25,790.75,163.5,36.0,2426.6,557.8,36.0
550,100.57142857142844,628.2857142857143,1380.5714285714287,188.1428571428571,108.0,1031.0,946.0,145.0,123.0,555.0,781.0,150.0,93.33333333333348,988.3333333333334,1366.3333333333333,150.33333333333337,77.25,1457.25,1199.625,128.75,90.5,1449.0,392.0,136.0,98.5,1796.5,938.0,134.0,97.33333333333337,2170.0,700.6666666666666,124.66666666666652,128.0,2465.0,512.0,119.0,90.625,3183.375,792.625,160.25,36.0,2409.0,567.0,36.0
551,100.14285714285711,624.5714285714286,1378.142857142857,188.28571428571433,108.10000000000014,1030.4,949.8,143.89999999999986,123.0,553.9,779.8,150.89999999999998,93.86666666666679,981.0666666666667,1367.8666666666666,151.26666666666654,77.0,1450.0,1198.5,126.0,93.0,1444.0,393.0,142.0,98.75,1786.65,936.8,134.29999999999995,98.06666666666672,2164.2,701.1333333333333,125.73333333333358,127.0,2461.0,512.7,117.30000000000018,88.5,3180.5,794.5,157.0,36.0,2390.0,578.4,36.0
552,99.71428571428555,620.8571428571429,1375.7142857142858,188.42857142857144,108.19999999999993,1029.8,953.6,142.79999999999995,123.0,552.8,778.6,151.80000000000007,94.39999999999986,973.8,1369.4,152.20000000000005,76.75,1442.75,1197.375,123.25,95.22222222222223,1439.2222222222222,394.0,138.77777777777783,98.99999999999989,1776.8,935.6,134.60000000000014,98.79999999999995,2158.4,701.6,126.79999999999973,126.0,2457.0,513.4,115.59999999999991,86.375,3177.625,796.375,153.75,36.0,2371.0,589.8,36.0
553,99.28571428571445,617.1428571428571,1373.2857142857142,188.57142857142856,108.30000000000007,1029.2,957.4,141.70000000000005,123.0,551.7,777.4,152.69999999999993,94.93333333333317,966.5333333333333,1370.9333333333334,153.13333333333344,76.5,1435.5,1196.25,120.5,97.44444444444446,1434.4444444444443,395.0,135.55555555555566,99.25000000000011,1766.95,934.4,134.89999999999986,99.5333333333333,2152.6,702.0666666666667,127.86666666666679,125.0,2453.0,514.1,113.90000000000009,84.25,3174.75,798.25,150.5,36.0,2352.0,601.2,36.0
554,98.85714285714289,613.4285714285714,1370.857142857143,188.71428571428567,108.39999999999986,1028.6,961.2,140.60000000000014,123.0,550.6,776.2,153.60000000000002,95.4666666666667,959.2666666666667,1372.4666666666667,154.0666666666666,76.25,1428.25,1195.125,117.75,99.66666666666669,1429.6666666666667,396.0,132.33333333333326,99.5,1757.1,933.2,135.20000000000005,100.26666666666665,2146.8,702.5333333333333,128.93333333333294,124.0,2449.0,514.8,112.19999999999982,82.125,3171.875,800.125,147.25,36.0,2333.0,612.6,36.0
555,98.42857142857156,609.7142857142857,1368.4285714285713,188.8571428571429,108.5,1028.0,965.0,139.5,123.0,549.5,775.0,154.5,96.0,952.0,1374.0,155.0,76.0,1421.0,1194.0,115.0,101.88888888888891,1424.888888888889,397.0,129.1111111111111,99.75,1747.25,932.0,135.5,101.0,2141.0,703.0,130.0,123.0,2445.0,515.5,110.5,80.0,3169.0,802.0,144.0,36.0,2314.0,624.0,36.0
556,98.0,606.0,1366.0,189.0,108.60000000000014,1027.4,968.8,138.39999999999986,123.0,548.4,773.8,155.39999999999998,94.40000000000009,944.6,1377.8,149.60000000000002,77.20000000000005,1413.8,1193.0,120.79999999999995,104.11111111111109,1420.111111111111,398.0,125.88888888888891,100.0,1737.4,930.8,135.79999999999995,98.60000000000002,2140.0,706.6,126.19999999999982,122.0,2441.0,516.2,108.80000000000018,82.39999999999998,3168.8,800.6,140.79999999999973,36.0,2294.0,636.8,36.0
557,101.0,602.25,1363.75,185.0,108.69999999999993,1026.8,972.6,137.29999999999995,123.0,547.3,772.6,156.30000000000007,92.80000000000018,937.2,1381.6,144.20000000000005,78.40000000000009,1406.6,1192.0,126.60000000000014,106.33333333333331,1415.3333333333333,399.0,122.66666666666674,100.24999999999989,1727.55,929.6,136.10000000000014,96.19999999999993,2139.0,710.2,122.40000000000009,121.0,2437.0,516.9,107.09999999999991,84.79999999999995,3168.6,799.2,137.5999999999999,36.0,2274.0,649.6,36.0
558,104.0,598.5,1361.5,181.0,108.80000000000007,1026.2,976.4,136.20000000000005,123.0,546.2,771.4,157.19999999999993,91.19999999999982,929.8,1385.4,138.79999999999995,79.59999999999991,1399.4,1191.0,132.39999999999986,108.55555555555554,1410.5555555555557,400.0,119.44444444444434,100.50000000000011,1717.7,928.4,136.39999999999986,93.80000000000007,2138.0,713.8,118.59999999999991,120.0,2433.0,517.6,105.40000000000009,87.20000000000005,3168.4,797.8,134.4000000000001,36.0,2254.0,662.4,36.0
559,107.0,594.75,1359.25,177.0,108.89999999999986,1025.6,980.2,135.10000000000014,123.0,545.1,770.2,158.10000000000002,89.59999999999991,922.4,1389.2,133.39999999999998,80.79999999999995,1392.2,1190.0,138.20000000000005,110.77777777777777,1405.7777777777778,401.0,116.22222222222217,100.75,1707.85,927.2,136.70000000000005,91.39999999999998,2137.0,717.4,114.80000000000018,119.0,2429.0,518.3,103.69999999999982,89.60000000000002,3168.2,796.4,131.20000000000027,36.0,2234.0,675.2,36.0
560,110.0,591.0,1357.0,173.0,109.0,1025.0,984.0,134.0,123.0,544.0,769.0,159.0,88.0,915.0,1393.0,128.0,82.0,1385.0,1189.0,144.0,113.0,1401.0,402.0,113.0,101.0,1698.0,926.0,137.0,89.0,2136.0,721.0,111.0,118.0,2425.0,519.0,102.0,92.0,3168.0,795.0,128.0,36.0,2214.0,688.0,36.0
561,109.90000000000009,588.6,1354.6,173.89999999999998,109.00000000000011,1025.3,987.4,133.5,122.60000000000002,543.45,769.0,159.54999999999995,94.0,909.8333333333334,1389.5,127.99999999999989,82.0,1378.8,1186.7,143.10000000000014,112.79999999999995,1395.85,403.75,114.55000000000018,101.00000000000011,1686.7,924.4,137.45000000000005,89.89999999999998,2130.0,723.7,111.0,117.60000000000002,2414.6,518.6,105.20000000000027,93.5,3158.0,796.3333333333334,133.5,36.0,2196.3333333333335,698.3333333333334,36.0
562,109.79999999999995,586.2,1352.2,174.79999999999995,109.0,1025.6,990.8,133.0,122.20000000000005,542.9,769.0,160.10000000000002,100.0,904.6666666666666,1386.0,128.0000000000001,82.0,1372.6,1184.4,142.20000000000005,112.60000000000002,1390.7,405.5,116.09999999999991,101.0,1675.4,922.8,137.89999999999986,90.80000000000007,2124.0,726.4,111.0,117.19999999999993,2404.2,518.2,108.40000000000009,95.0,3148.0,797.6666666666666,139.0,36.0,2178.6666666666665,708.6666666666666,36.0
563,109.70000000000005,583.8,1349.8,175.70000000000005,109.0,1025.9,994.2,132.5,121.79999999999995,542.35,769.0,160.64999999999998,106.0,899.5,1382.5,128.0,82.0,1366.4,1182.1,141.29999999999995,112.39999999999998,1385.55,407.25,117.65000000000009,101.0,1664.1,921.2,138.35000000000014,91.69999999999993,2118.0,729.1,111.0,116.80000000000007,2393.8,517.8,111.59999999999991,96.5,3138.0,799.0,144.5,36.0,2161.0,719.0,36.0
564,109.59999999999991,581.4,1347.4,176.60000000000002,108.99999999999989,1026.2,997.6,132.0,121.39999999999998,541.8,769.0,161.20000000000005,112.0,894.3333333333334,1379.0,128.0,82.0,1360.2,1179.8,140.39999999999986,112.20000000000005,1380.4,409.0,119.19999999999982,101.0,1652.8,919.6,138.79999999999995,92.60000000000002,2112.0,731.8,111.0,116.39999999999998,2383.4,517.4,114.79999999999973,98.0,3128.0,800.3333333333334,150.0,36.0,2150.5,713.0,36.0
565,109.5,579.0,1345.0,177.5,109.0,1026.5,1001.0,131.5,121.0,541.25,769.0,161.75,118.0,889.1666666666666,1375.5,128.0,82.0,1354.0,1177.5,139.5,112.0,1375.25,410.75,120.75,101.0,1641.5,918.0,139.25,93.5,2106.0,734.5,111.0,116.0,2373.0,517.0,118.0,99.5,3118.0,801.6666666666666,155.5,36.0,2140.0,707.0,36.0
566,109.40000000000009,576.6,1342.6,178.39999999999998,109.00000000000011,1026.8,1004.4,131.0,120.60000000000002,540.7,769.0,162.29999999999995,124.0,884.0,1372.0,128.0,82.0,1347.8,1175.2,138.60000000000014,111.79999999999995,1370.1,412.5,122.30000000000018,101.0,1630.2,916.4,139.70000000000005,94.39999999999998,2100.0,737.2,111.0,115.73333333333323,2365.5333333333333,516.2,121.19999999999982,101.0,3108.0,803.0,161.0,36.0,2129.6,704.0,36.0
567,109.29999999999995,574.2,1340.2,179.29999999999995,109.0,1027.1,1007.8,130.5,120.20000000000005,540.15,769.0,162.85000000000002,120.42857142857156,878.7142857142857,1378.142857142857,132.28571428571433,82.0,1341.6,1172.9,137.70000000000005,111.60000000000002,1364.95,414.25,123.84999999999991,101.0,1618.9,914.8,140.14999999999986,95.30000000000007,2094.0,739.9,111.0,115.4666666666667,2358.0666666666666,515.4,124.40000000000009,100.14285714285711,3106.1428571428573,804.2857142857143,158.57142857142844,36.0,2119.2,701.0,36.0
568,109.20000000000005,571.8,1337.8,180.20000000000005,109.0,1027.4,1011.2,130.0,119.79999999999995,539.6,769.0,163.39999999999998,116.85714285714289,873.4285714285714,1384.2857142857142,136.57142857142856,82.0,1335.4,1170.6,136.79999999999995,111.39999999999998,1359.8,416.0,125.40000000000009,101.0,1607.6,913.2,140.60000000000014,96.19999999999993,2088.0,742.6,111.0,115.19999999999993,2350.6,514.6,127.59999999999991,99.28571428571433,3104.285714285714,805.5714285714286,156.14285714285734,36.0,2108.8,698.0,36.0
569,109.09999999999991,569.4,1335.4,181.10000000000002,108.99999999999989,1027.7,1014.6,129.5,119.39999999999998,539.05,769.0,163.95000000000005,113.28571428571445,868.1428571428571,1390.4285714285713,140.8571428571429,82.0,1329.2,1168.3,135.89999999999986,111.20000000000005,1354.65,417.75,126.94999999999982,101.0,1596.3,911.6,141.04999999999995,97.10000000000002,2082.0,745.3,111.0,114.9333333333334,2343.133333333333,513.8,130.80000000000018,98.42857142857144,3102.4285714285716,806.8571428571429,153.71428571428578,36.0,2098.4,695.0,36.0
570,109.0,567.0,1333.0,182.0,109.0,1028.0,1018.0,129.0,119.0,538.5,769.0,164.5,109.71428571428555,862.8571428571429,1396.5714285714287,145.1428571428571,82.0,1323.0,1166.0,135.0,111.0,1349.5,419.5,128.5,101.0,1585.0,910.0,141.5,98.0,2076.0,748.0,111.0,114.66666666666663,2335.6666666666665,513.0,134.0,97.57142857142856,3100.5714285714284,808.1428571428571,151.28571428571422,36.0,2088.0,692.0,36.0
571,107.0,564.1,1331.9,180.0,109.00000000000011,1028.3,1021.4,128.5,118.60000000000002,537.95,769.0,165.04999999999995,106.14285714285711,857.5714285714286,1402.7142857142858,149.42857142857144,82.29999999999995,1316.9,1162.9,132.89999999999986,110.79999999999995,1344.35,421.25,130.05000000000018,101.0,1573.7,908.4,141.95000000000005,103.57142857142856,2069.714285714286,750.0,111.0,114.39999999999998,2328.2,512.2,137.20000000000027,96.71428571428567,3098.714285714286,809.4285714285714,148.85714285714266,36.0,2080.2,688.2,36.0
572,105.0,561.2,1330.8,178.0,109.0,1028.6,1024.8,128.0,118.20000000000005,537.4,769.0,165.60000000000002,102.57142857142844,852.2857142857143,1408.857142857143,153.71428571428567,82.60000000000014,1310.8,1159.8,130.79999999999995,110.60000000000002,1339.2,423.0,131.5999999999999,101.0,1562.4,906.8,142.39999999999986,109.14285714285711,2063.4285714285716,752.0,111.0,114.13333333333333,2320.733333333333,511.4,140.4000000000001,95.85714285714289,3096.8571428571427,810.7142857142857,146.42857142857156,36.0,2072.4,684.4,36.0
573,103.0,558.3,1329.7,176.0,109.0,1028.9,1028.2,127.5,117.79999999999995,536.85,769.0,166.14999999999998,99.0,847.0,1415.0,158.0,82.89999999999986,1304.7,1156.7,128.70000000000005,110.39999999999998,1334.05,424.75,133.1500000000001,101.0,1551.1,905.2,142.85000000000014,114.71428571428567,2057.1428571428573,754.0,111.0,113.86666666666667,2313.266666666667,510.6,143.5999999999999,95.0,3095.0,812.0,144.0,36.0,2064.6,680.6,36.0
574,101.0,555.4,1328.6,174.0,109.0,1029.2,1031.6,127.0,117.39999999999998,536.3,769.0,166.70000000000005,98.14285714285734,841.7142857142857,1418.4285714285713,153.71428571428578,83.20000000000005,1298.6,1153.6,126.60000000000014,110.20000000000005,1328.9,426.5,134.69999999999982,101.0,1539.8,903.6,143.29999999999995,120.28571428571433,2050.8571428571427,756.0,111.0,113.59999999999997,2305.8,509.8,146.79999999999973,94.16666666666674,3087.0,813.1666666666666,147.83333333333348,36.0,2056.8,676.8,36.0
575,99.0,552.5,1327.5,172.0,109.0,1029.5,1035.0,126.5,117.0,535.75,769.0,167.25,97.28571428571422,836.4285714285714,1421.857142857143,149.42857142857144,83.5,1292.5,1150.5,124.5,110.0,1323.75,428.25,136.25,101.0,1528.5,902.0,143.75,125.85714285714289,2044.5714285714287,758.0,110.99999999999977,113.33333333333337,2298.3333333333335,509.0,150.0,93.33333333333326,3079.0,814.3333333333334,151.66666666666652,36.0,2049.0,673.0,36.0
576,97.0,549.6,1326.4,170.0,109.0,1029.8,1038.4,126.0,116.60000000000002,535.2,769.0,167.79999999999995,96.42857142857156,831.1428571428571,1425.2857142857142,145.14285714285722,83.79999999999995,1286.4,1147.4,122.39999999999986,109.79999999999995,1318.6,430.0,137.80000000000018,101.0,1517.2,900.4,144.20000000000005,131.42857142857144,2038.2857142857142,760.0,111.0,113.06666666666666,2290.866666666667,508.2,153.19999999999982,92.5,3071.0,815.5,155.5,36.0,2047.6,665.0,36.0
577,95.0,546.7,1325.3,168.0,109.0,1030.1,1041.8,125.5,116.20000000000005,534.65,769.0,168.35000000000002,95.57142857142844,825.8571428571429,1428.7142857142858,140.85714285714278,84.10000000000014,1280.3,1144.3,120.29999999999995,109.60000000000002,1313.45,431.75,139.3499999999999,101.0,1505.9,898.8,144.64999999999986,137.0,2032.0,762.0,111.0,112.80000000000007,2283.4,507.4,156.4000000000001,91.66666666666674,3063.0,816.6666666666666,159.33333333333348,36.0,2046.2,657.0,35.99999999999977
578,93.0,543.8,1324.2,166.0,109.0,1030.4,1045.2,125.0,115.79999999999995,534.1,769.0,168.89999999999998,94.71428571428578,820.5714285714286,1432.142857142857,136.57142857142856,84.39999999999986,1274.2,1141.2,118.20000000000005,109.39999999999998,1308.3,433.5,140.9000000000001,101.0,1494.6,897.2,145.10000000000014,143.0,2026.6666666666667,755.6666666666666,110.99999999999977,112.5333333333333,2275.9333333333334,506.6,159.5999999999999,90.83333333333326,3055.0,817.8333333333334,163.16666666666652,36.0,2044.8,649.0,36.00000000000023
579,91.0,540.9,1323.1,164.0,109.0,1030.7,1048.6,124.5,115.39999999999998,533.55,769.0,169.45000000000005,93.85714285714266,815.2857142857143,1435.5714285714287,132.28571428571422,84.70000000000005,1268.1,1138.1,116.10000000000014,109.20000000000005,1303.15,435.25,142.44999999999982,101.0,1483.3,895.6,145.54999999999995,149.0,2021.3333333333333,749.3333333333334,111.00000000000023,112.26666666666671,2268.4666666666667,505.8,162.80000000000018,90.0,3047.0,819.0,167.0,36.0,2043.4,641.0,36.0
580,89.0,538.0,1322.0,162.0,109.0,1031.0,1052.0,124.0,115.0,533.0,769.0,170.0,93.0,810.0,1439.0,128.0,85.0,1262.0,1135.0,114.0,109.0,1298.0,437.0,144.0,101.0,1472.0,894.0,146.0,155.0,2016.0,743.0,111.0,112.0,2261.0,505.0,166.0,88.0,3034.0,822.0,171.0,36.0,2042.0,633.0,36.0
581,91.0,536.6,1318.0,162.89999999999998,107.89999999999986,1030.65,1054.15,123.59999999999991,115.06741573033707,533.0,769.0,170.0,92.83333333333326,805.1666666666666,1440.5,133.33333333333337,85.55555555555566,1256.2222222222222,1131.0,115.77777777777783,108.99999999999994,1292.3,438.55,143.0,101.29999999999995,1460.65,891.95,146.64999999999986,160.33333333333337,2008.6666666666667,738.0,112.66666666666674,112.75,2256.5,503.875,158.75,88.0,3031.769230769231,823.1538461538462,168.38461538461524,36.0,2039.2,626.6,35.99999999999977
582,93.0,535.2,1314.0,163.79999999999995,106.79999999999995,1030.3,1056.3,123.20000000000005,115.13483146067415,533.0,769.0,170.0,92.66666666666674,800.3333333333334,1442.0,138.66666666666663,86.11111111111109,1250.4444444444443,1127.0,117.55555555555566,109.0,1286.6,440.1,142.0,101.60000000000002,1449.3,889.9,147.29999999999995,165.66666666666663,2001.3333333333333,733.0,114.33333333333326,113.5,2252.0,502.75,151.5,88.0,3029.5384615384614,824.3076923076923,165.76923076923094,36.0,2036.4,620.2,36.0
583,95.0,533.8,1310.0,164.70000000000005,105.70000000000005,1029.95,1058.45,122.79999999999995,115.20224719101122,533.0,769.0,170.0,92.5,795.5,1443.5,144.0,86.66666666666674,1244.6666666666667,1123.0,119.33333333333326,109.0,1280.9,441.65,141.0,101.89999999999998,1437.95,887.85,147.95000000000005,171.0,1994.0,728.0,116.0,114.25,2247.5,501.625,144.25,88.0,3027.3076923076924,825.4615384615385,163.1538461538462,36.0,2033.6,613.8,36.0
584,97.0,532.4,1306.0,165.60000000000002,104.60000000000014,1029.6,1060.6,122.40000000000009,115.2696629213483,533.0,769.0,170.0,92.33333333333326,790.6666666666666,1445.0,149.33333333333337,87.22222222222217,1238.888888888889,1119.0,121.11111111111109,109.00000000000006,1275.2,443.2,140.0,102.20000000000005,1426.6,885.8,148.60000000000014,169.66666666666663,1988.5555555555557,722.8888888888889,113.55555555555566,115.0,2243.0,500.5,137.0,88.0,3025.076923076923,826.6153846153846,160.5384615384619,36.0,2030.8,607.4,36.00000000000023
585,99.0,531.0,1302.0,166.5,103.5,1029.25,1062.75,122.0,115.33707865168537,533.0,769.0,170.0,92.16666666666674,785.8333333333334,1446.5,154.66666666666663,87.77777777777783,1233.111111111111,1115.0,122.88888888888891,109.0,1269.5,444.75,139.0,102.5,1415.25,883.75,149.25,168.33333333333326,1983.111111111111,717.7777777777778,111.11111111111109,115.75,2238.5,499.375,129.75,88.0,3022.846153846154,827.7692307692307,157.92307692307713,36.0,2028.0,601.0,36.0
586,101.0,529.6,1298.0,167.39999999999998,102.39999999999986,1028.9,1064.9,121.59999999999991,115.40449438202245,533.0,769.0,170.0,92.0,781.0,1448.0,160.0,88.33333333333326,1227.3333333333333,1111.0,124.66666666666674,108.99999999999994,1263.8,446.3,138.0,102.79999999999995,1403.9,881.7,149.89999999999986,167.0,1977.6666666666667,712.6666666666666,108.66666666666674,116.5,2234.0,498.25,122.5,88.0,3020.6153846153848,828.9230769230769,155.30769230769238,36.0,2026.4,595.8,36.0
587,103.0,528.2,1294.0,168.29999999999995,101.29999999999995,1028.55,1067.05,121.20000000000005,115.47191011235952,533.0,769.0,170.0,93.28571428571422,777.5714285714286,1447.5714285714287,161.0,88.88888888888891,1221.5555555555557,1107.0,126.44444444444434,109.0,1258.1,447.85,137.0,103.10000000000002,1392.55,879.65,150.54999999999995,165.66666666666663,1972.2222222222222,707.5555555555555,106.22222222222217,117.25,2229.5,497.125,115.25,88.0,3018.3846153846152,830.0769230769231,152.69230769230762,36.0,2024.8,590.6,36.00000000000023
588,105.0,526.8,1290.0,169.20000000000005,100.20000000000005,1028.2,1069.2,120.79999999999995,115.5393258426966,533.0,769.0,170.0,94.57142857142867,774.1428571428571,1447.142857142857,162.0,89.44444444444434,1215.7777777777778,1103.0,128.22222222222217,109.0,1252.4,449.4,136.0,103.39999999999998,1381.2,877.6,151.20000000000005,164.33333333333337,1966.7777777777778,702.4444444444445,103.77777777777783,118.0,2225.0,496.0,108.0,88.0,3016.153846153846,831.2307692307693,150.07692307692287,36.0,2023.2,585.4,35.99999999999977
589,107.0,525.4,1286.0,170.10000000000002,99.10000000000014,1027.85,1071.35,120.40000000000009,115.60674157303367,533.0,769.0,170.0,95.85714285714289,770.7142857142857,1446.7142857142858,163.0,90.0,1210.0,1099.0,130.0,109.00000000000006,1246.7,450.95,135.0,103.70000000000005,1369.85,875.55,151.85000000000014,163.0,1961.3333333333333,697.3333333333334,101.33333333333326,117.49999999999994,2212.5,491.9166666666667,111.16666666666652,88.0,3013.923076923077,832.3846153846154,147.4615384615381,36.0,2021.6,580.2,36.0
590,109.0,524.0,1282.0,171.0,98.0,1027.5,1073.5,120.0,115.67415730337075,533.0,769.0,170.0,97.14285714285711,767.2857142857143,1446.2857142857142,164.0,91.5,1204.125,1094.125,129.75,109.0,1241.0,452.5,134.0,104.0,1358.5,873.5,152.5,161.66666666666674,1955.888888888889,692.2222222222222,98.88888888888891,117.00000000000006,2200.0,487.8333333333333,114.33333333333348,88.0,3011.6923076923076,833.5384615384615,144.8461538461538,36.0,2020.0,575.0,36.0
591,107.0,521.8,1279.4,170.10000000000002,96.89999999999986,1027.15,1075.65,119.59999999999991,115.74157303370782,533.0,769.0,170.0,98.42857142857133,763.8571428571429,1445.857142857143,165.0,93.0,1198.25,1089.25,129.5,108.99999999999994,1235.3,454.05,133.0,104.29999999999995,1347.15,871.45,153.14999999999986,160.33333333333337,1950.4444444444443,687.1111111111111,96.44444444444457,116.5,2187.5,483.75,117.5,88.0,3009.4615384615386,834.6923076923077,142.23076923076906,36.0,2017.4,570.8,36.0
592,105.0,519.6,1276.8,169.19999999999993,95.79999999999995,1026.8,1077.8,119.20000000000005,115.8089887640449,533.0,769.0,170.0,99.71428571428578,760.4285714285714,1445.4285714285713,166.0,94.5,1192.375,1084.375,129.25,109.0,1229.6,455.6,132.0,104.60000000000002,1335.8,869.4,153.79999999999995,159.0,1945.0,682.0,94.0,115.99999999999994,2175.0,479.6666666666667,120.66666666666652,88.0,3007.230769230769,835.8461538461538,139.61538461538476,36.0,2014.8,566.6,36.00000000000023
593,103.0,517.4,1274.2,168.30000000000007,94.70000000000005,1026.45,1079.95,118.79999999999995,115.87640449438197,533.0,769.0,170.0,101.0,757.0,1445.0,167.0,96.0,1186.5,1079.5,129.0,109.0,1223.9,457.15,131.0,104.89999999999998,1324.45,867.35,154.45000000000005,152.75,1939.5,677.0,96.125,115.50000000000006,2162.5,475.5833333333333,123.83333333333348,88.0,3005.0,837.0,137.0,36.0,2012.2,562.4,35.99999999999977
594,101.0,515.2,1271.6,167.39999999999998,93.60000000000014,1026.1,1082.1,118.40000000000009,115.94382022471905,533.0,769.0,170.0,99.85714285714289,752.5714285714286,1447.2857142857142,165.57142857142856,97.5,1180.625,1074.625,128.75,109.00000000000006,1218.2,458.7,130.0,105.20000000000005,1313.1,865.3,155.10000000000014,146.5,1934.0,672.0,98.25,115.0,2150.0,471.5,127.0,88.0,2994.4,839.0,141.4000000000001,36.0,2009.6,558.2,36.0
595,99.0,513.0,1269.0,166.5,92.5,1025.75,1084.25,118.0,116.01123595505624,533.0,769.0,170.0,98.71428571428555,748.1428571428571,1449.5714285714287,164.14285714285722,99.0,1174.75,1069.75,128.5,109.0,1212.5,460.25,129.0,105.5,1301.75,863.25,155.75,140.25,1928.5,667.0,100.375,114.49999999999994,2137.5,467.4166666666667,130.16666666666652,88.0,2983.8,841.0,145.79999999999973,36.0,2007.0,554.0,36.0
596,97.0,510.8,1266.4,165.59999999999997,91.39999999999986,1025.4,1086.4,117.59999999999991,116.07865168539331,533.0,769.0,170.0,97.57142857142844,743.7142857142857,1451.857142857143,162.71428571428578,100.5,1168.875,1064.875,128.25,108.99999999999994,1206.8,461.8,128.0,105.79999999999995,1290.4,861.2,156.39999999999986,134.0,1923.0,662.0,102.5,114.00000000000006,2125.0,463.3333333333333,133.33333333333348,88.0,2973.2,843.0,150.20000000000027,36.0,2005.2,551.8,36.0
597,95.0,508.6,1263.8,164.69999999999993,90.29999999999995,1025.05,1088.55,117.20000000000005,116.14606741573039,533.0,769.0,170.0,96.42857142857156,739.2857142857143,1454.142857142857,161.28571428571422,102.0,1163.0,1060.0,128.0,109.0,1201.1,463.35,127.0,106.10000000000002,1279.05,859.15,157.04999999999995,127.75,1917.5,657.0,104.625,113.5,2112.5,459.25,136.5,88.0,2962.6,845.0,154.5999999999999,36.0,2003.4,549.6,36.0
598,93.0,506.4,1261.2,163.80000000000007,89.20000000000005,1024.7,1090.7,116.79999999999995,116.21348314606746,533.0,769.0,170.0,95.28571428571445,734.8571428571429,1456.4285714285713,159.85714285714278,100.0,1157.3333333333333,1058.6666666666667,127.66666666666674,109.0,1195.4,464.9,126.0,106.39999999999998,1267.7,857.1,157.70000000000005,121.5,1912.0,652.0,106.75,112.99999999999994,2100.0,455.1666666666667,139.66666666666652,88.0,2952.0,847.0,159.0,36.0,2001.6,547.4,36.0
599,91.0,504.2,1258.6,162.90000000000003,88.10000000000014,1024.35,1092.85,116.40000000000009,116.28089887640454,533.0,769.0,170.0,94.14285714285711,730.4285714285714,1458.7142857142858,158.42857142857144,98.0,1151.6666666666667,1057.3333333333333,127.33333333333326,109.00000000000006,1189.7,466.45,125.0,106.70000000000005,1256.35,855.05,158.35000000000014,115.25,1906.5,647.0,108.875,112.50000000000006,2087.5,451.0833333333333,142.83333333333348,88.0,2946.5,846.0,163.0,36.0,1999.8,545.2,36.0
600,89.0,502.0,1256.0,162.0,87.0,1024.0,1095.0,116.0,116.34831460674161,533.0,769.0,170.0,93.0,726.0,1461.0,157.0,96.0,1146.0,1056.0,127.0,109.0,1184.0,468.0,124.0,107.0,1245.0,853.0,159.0,109.0,1901.0,642.0,111.0,112.0,2075.0,447.0,146.0,88.0,2941.0,845.0,167.0,36.0,1998.0,543.0,36.0
601,94.20000000000005,501.8,1247.6,161.99999999999994,87.54999999999995,1023.3,1094.0,116.85000000000014,116.41573033707868,533.0,769.0,170.0,92.39999999999986,723.55,1461.45,157.25,96.08333333333326,1140.75,1051.4166666666667,128.33333333333326,108.57142857142856,1178.2857142857142,469.0,128.42857142857156,107.0,1233.8,850.05,159.54999999999995,106.16666666666663,1897.3333333333333,640.8333333333334,109.66666666666674,112.89999999999998,2063.8,443.5,144.5999999999999,88.0,2940.75,846.0,162.125,36.0,1996.3333333333333,537.6666666666666,36.0
602,99.39999999999986,501.6,1239.2,162.0,88.09999999999991,1022.6,1093.0,117.69999999999993,116.48314606741576,533.0,769.0,170.0,91.79999999999995,721.1,1461.9,157.5,96.16666666666674,1135.5,1046.8333333333333,129.66666666666674,108.14285714285711,1172.5714285714287,470.0,132.85714285714266,107.0,1222.6,847.1,160.10000000000014,103.33333333333337,1893.6666666666667,639.6666666666666,108.33333333333326,113.79999999999995,2052.6,440.0,143.20000000000027,88.0,2940.5,847.0,157.25,36.0,1994.6666666666667,532.3333333333334,36.0
603,104.60000000000014,501.4,1230.8,162.0,88.65000000000009,1021.9,1092.0,118.55000000000007,116.55056179775283,533.0,769.0,170.0,91.20000000000005,718.65,1462.35,157.75,96.25,1130.25,1042.25,131.0,107.71428571428567,1166.857142857143,471.0,137.28571428571422,107.0,1211.4,844.15,160.64999999999986,100.5,1890.0,638.5,107.0,114.70000000000005,2041.4,436.5,141.79999999999973,88.0,2940.25,848.0,152.375,36.0,1993.0,527.0,36.0
604,109.79999999999995,501.2,1222.4,162.00000000000006,89.20000000000005,1021.2,1091.0,119.39999999999986,116.61797752808991,533.0,769.0,170.0,90.60000000000014,716.2,1462.8,158.0,96.33333333333326,1125.0,1037.6666666666667,132.33333333333326,107.28571428571433,1161.142857142857,472.0,141.71428571428578,107.0,1200.2,841.2,161.20000000000005,97.66666666666663,1886.3333333333333,637.3333333333334,105.66666666666674,115.60000000000002,2030.2,433.0,140.39999999999986,88.0,2940.0,849.0,147.5,36.0,1989.5,521.5,36.0
605,115.0,501.0,1214.0,162.0,89.75,1020.5,1090.0,120.25,116.68539325842698,533.0,769.0,170.0,90.0,713.75,1463.25,158.25,96.41666666666674,1119.75,1033.0833333333333,133.66666666666674,106.85714285714289,1155.4285714285713,473.0,146.14285714285734,107.0,1189.0,838.25,161.75,94.83333333333337,1882.6666666666667,636.1666666666666,104.33333333333326,116.5,2019.0,429.5,139.0,88.0,2939.75,850.0,142.625,36.0,1986.0,516.0,36.0
606,114.0666666666666,501.2,1211.1333333333334,162.00000000000006,90.29999999999995,1019.8,1089.0,121.10000000000014,116.75280898876406,533.0,769.0,170.0,89.39999999999986,711.3,1463.7,158.5,96.5,1114.5,1028.5,135.0,106.42857142857144,1149.7142857142858,474.0,150.57142857142844,107.0,1177.8,835.3,162.29999999999995,92.0,1879.0,635.0,103.0,117.39999999999998,2007.8,426.0,137.60000000000014,88.0,2939.5,851.0,137.75,36.0,1982.6,509.6,36.0
607,113.13333333333344,501.4,1208.2666666666667,162.0,90.84999999999991,1019.1,1088.0,121.94999999999993,116.82022471910113,533.0,769.0,170.0,88.79999999999995,708.85,1464.15,158.75,96.58333333333337,1109.25,1023.9166666666666,136.33333333333326,106.0,1144.0,475.0,155.0,107.0,1166.6,832.35,162.85000000000014,92.39999999999998,1871.8,632.4,111.40000000000009,118.29999999999995,1996.6,422.5,136.20000000000027,88.0,2939.25,852.0,132.875,36.00000000000006,1979.2,503.2,36.0
608,112.19999999999982,501.6,1205.4,162.0,91.40000000000009,1018.4,1087.0,122.80000000000007,116.88764044943821,533.0,769.0,170.0,88.20000000000005,706.4,1464.6,159.0,96.66666666666663,1104.0,1019.3333333333334,137.66666666666674,105.46153846153845,1138.2307692307693,476.0,154.53846153846143,107.0,1155.4,829.4,163.39999999999986,92.80000000000007,1864.6,629.8,119.80000000000018,119.20000000000005,1985.4,419.0,134.79999999999973,88.0,2939.0,853.0,128.0,35.99999999999994,1975.8,496.8,36.0
609,111.26666666666665,501.8,1202.5333333333333,161.99999999999994,91.95000000000005,1017.7,1086.0,123.64999999999986,116.95505617977528,533.0,769.0,170.0,87.60000000000014,703.95,1465.05,159.25,96.75,1098.75,1014.75,139.0,104.9230769230769,1132.4615384615386,477.0,154.07692307692287,107.0,1144.2,826.45,163.95000000000005,93.19999999999993,1857.4,627.2,128.19999999999982,120.10000000000002,1974.2,415.5,133.39999999999986,88.0,2924.0,854.0,138.0,36.0,1972.4,490.4,36.0
610,110.33333333333326,502.0,1199.6666666666667,162.0,92.5,1017.0,1085.0,124.5,117.02247191011236,533.0,769.0,170.0,87.0,701.5,1465.5,159.5,96.83333333333337,1093.5,1010.1666666666666,140.33333333333326,104.38461538461536,1126.6923076923076,478.0,153.61538461538476,107.0,1133.0,823.5,164.5,93.60000000000002,1850.2,624.6,136.5999999999999,121.0,1963.0,412.0,132.0,88.0,2909.0,855.0,148.0,36.0,1969.0,484.0,36.0
611,109.40000000000009,502.2,1196.8,162.00000000000006,93.04999999999995,1016.3,1084.0,125.35000000000014,117.08988764044943,533.0,769.0,170.0,86.39999999999986,699.05,1465.95,159.75,96.91666666666663,1088.25,1005.5833333333334,141.66666666666674,103.84615384615381,1120.923076923077,479.0,153.1538461538462,107.0,1121.8,820.55,165.04999999999995,94.0,1843.0,622.0,145.0,120.99999999999994,1951.857142857143,406.7142857142857,133.28571428571445,88.0,2894.0,856.0,158.0,36.0,1959.6,480.4,36.0
612,108.4666666666667,502.4,1193.9333333333334,162.0,93.59999999999991,1015.6,1083.0,126.19999999999993,117.15730337078651,533.0,769.0,170.0,85.79999999999995,696.6,1466.4,160.0,97.0,1083.0,1001.0,143.0,103.30769230769226,1115.1538461538462,480.0,152.69230769230762,107.0,1110.6,817.6,165.60000000000014,94.33333333333326,1839.3333333333333,621.3333333333334,144.33333333333348,121.0,1940.7142857142858,401.42857142857144,134.57142857142844,88.0,2884.6666666666665,857.0,162.33333333333348,35.99999999999994,1950.2,476.8,36.0
613,107.5333333333333,502.6,1191.0666666666666,162.0,94.15000000000009,1014.9,1082.0,127.05000000000007,117.22471910112358,533.0,769.0,170.0,85.20000000000005,694.15,1466.85,160.25,97.33333333333337,1078.3333333333333,998.3333333333334,144.0,102.76923076923072,1109.3846153846155,481.0,152.23076923076906,107.0,1099.4,814.65,166.14999999999986,94.66666666666674,1835.6666666666667,620.6666666666666,143.66666666666652,120.99999999999994,1929.5714285714287,396.14285714285717,135.8571428571429,88.0,2875.3333333333335,858.0,166.66666666666652,36.0,1940.8,473.2,36.0
614,106.59999999999991,502.8,1188.2,161.99999999999994,94.70000000000005,1014.2,1081.0,127.89999999999986,117.29213483146066,533.0,769.0,170.0,84.60000000000014,691.7,1467.3,160.5,97.66666666666663,1073.6666666666667,995.6666666666666,145.0,102.23076923076928,1103.6153846153845,482.0,151.76923076923094,107.0,1088.2,811.7,166.70000000000005,95.0,1832.0,620.0,143.0,121.0,1918.4285714285713,390.85714285714283,137.1428571428571,88.0,2866.0,859.0,171.0,36.0,1931.4,469.6,36.0
615,105.66666666666674,503.0,1185.3333333333333,162.0,95.25,1013.5,1080.0,128.75,117.35955056179773,533.0,769.0,170.0,84.0,689.25,1467.75,160.75,98.0,1069.0,993.0,146.0,101.69230769230774,1097.8461538461538,483.0,151.30769230769238,107.0,1077.0,808.75,167.25,95.33333333333337,1829.0,623.0,133.5,121.0,1907.2857142857142,385.57142857142856,138.42857142857156,88.0,2864.6666666666665,860.0,167.16666666666697,36.0,1922.0,466.0,36.0
616,104.73333333333335,503.2,1182.4666666666667,162.00000000000006,95.79999999999995,1012.8,1079.0,129.60000000000014,117.42696629213481,533.0,769.0,170.0,83.39999999999986,686.8,1468.2,161.0,94.60000000000002,1064.4,990.4,141.39999999999986,101.15384615384619,1092.076923076923,484.0,150.8461538461538,107.0,1065.8,805.8,167.79999999999995,95.66666666666663,1826.0,626.0,124.0,121.0,1896.142857142857,380.2857142857143,139.71428571428578,88.0,2863.3333333333335,861.0,163.33333333333303,36.0,1906.4,461.6,36.0
617,103.80000000000018,503.4,1179.6,162.0,96.34999999999991,1012.1,1078.0,130.44999999999993,117.49438202247188,533.0,769.0,170.0,82.79999999999995,684.35,1468.65,161.25,91.20000000000005,1059.8,987.8,136.79999999999995,100.61538461538464,1086.3076923076924,485.0,150.38461538461524,107.0,1054.6,802.85,168.35000000000014,96.0,1823.0,629.0,114.5,121.0,1885.0,375.0,141.0,88.0,2862.0,862.0,159.5,36.0,1890.8,457.2,36.0
618,102.86666666666656,503.6,1176.7333333333333,162.0,96.90000000000009,1011.4,1077.0,131.30000000000007,117.56179775280896,533.0,769.0,170.0,82.20000000000005,681.9,1469.1,161.5,87.79999999999995,1055.2,985.2,132.20000000000005,100.0769230769231,1080.5384615384614,486.0,149.92307692307713,107.0,1043.4,799.9,168.89999999999986,96.33333333333337,1820.0,632.0,105.0,115.33333333333337,1874.0,375.3333333333333,143.66666666666674,88.0,2860.6666666666665,863.0,155.66666666666697,36.0,1875.2,452.8,36.0
619,101.9333333333334,503.8,1173.8666666666666,161.99999999999994,97.45000000000005,1010.7,1076.0,132.14999999999986,117.62921348314603,533.0,769.0,170.0,81.60000000000014,679.45,1469.55,161.75,84.39999999999998,1050.6,982.6,127.60000000000014,99.53846153846155,1074.7692307692307,487.0,149.46153846153857,107.0,1032.2,796.95,169.45000000000005,96.66666666666663,1817.0,635.0,95.5,109.66666666666663,1863.0,375.6666666666667,146.33333333333326,88.0,2859.3333333333335,864.0,151.83333333333303,36.0,1859.6,448.4,36.0
620,101.0,504.0,1171.0,162.0,98.0,1010.0,1075.0,133.0,117.6966292134831,533.0,769.0,170.0,81.0,677.0,1470.0,162.0,81.0,1046.0,980.0,123.0,99.0,1069.0,488.0,149.0,107.0,1021.0,794.0,170.0,97.0,1814.0,638.0,86.0,104.0,1852.0,376.0,149.0,88.0,2858.0,865.0,148.0,36.0,1844.0,444.0,36.0
621,108.5,504.5,1160.0,163.0,98.15000000000009,1010.45,1073.975,132.54999999999995,117.76404494382018,533.0,769.0,170.0,84.20000000000005,673.6,1467.2,164.19999999999993,85.20000000000005,1041.2,974.2,125.20000000000005,99.0,1064.7857142857142,487.57142857142856,148.1428571428571,107.5,1010.5,791.0,175.5,97.0,1802.8333333333333,640.6666666666666,93.33333333333348,103.40000000000003,1839.35,375.4,148.55000000000018,88.27272727272725,2851.4545454545455,865.6363636363636,149.0,36.0,1827.0,443.8,36.0
622,116.0,505.0,1149.0,164.0,98.29999999999995,1010.9,1072.95,132.10000000000002,117.83146067415726,533.0,769.0,170.0,87.39999999999986,670.2,1464.4,166.39999999999998,89.39999999999998,1036.4,968.4,127.39999999999986,98.99999999999994,1060.5714285714287,487.14285714285717,147.28571428571422,108.0,1000.0,788.0,181.0,97.0,1791.6666666666667,643.3333333333334,100.66666666666652,102.80000000000001,1826.7,374.8,148.0999999999999,88.54545454545462,2844.909090909091,866.2727272727273,150.0,36.0,1810.0,443.6,36.0
623,115.40000000000009,505.0,1147.8,164.60000000000002,98.45000000000005,1011.35,1071.925,131.64999999999998,117.89887640449433,533.0,769.0,170.0,90.60000000000014,666.8,1461.6,168.60000000000002,93.60000000000002,1031.6,962.6,129.60000000000014,98.99999999999994,1056.357142857143,486.7142857142857,146.42857142857133,108.5,989.5,785.0,186.5,97.0,1780.5,646.0,108.0,102.19999999999999,1814.05,374.2,147.6500000000001,88.81818181818187,2838.3636363636365,866.9090909090909,151.0,36.0,1793.0,443.4,36.0
624,114.80000000000018,505.0,1146.6,165.20000000000005,98.59999999999991,1011.8,1070.9,131.20000000000005,117.9662921348314,533.0,769.0,170.0,93.79999999999995,663.4,1458.8,170.80000000000007,97.79999999999995,1026.8,956.8,131.79999999999995,99.00000000000006,1052.142857142857,486.2857142857143,145.57142857142867,109.0,979.0,782.0,192.0,97.0,1769.3333333333333,648.6666666666666,115.33333333333348,101.59999999999997,1801.4,373.6,147.19999999999982,89.09090909090912,2831.818181818182,867.5454545454545,152.0,36.0,1776.0,443.2,36.0
625,114.19999999999982,505.0,1145.4,165.79999999999995,98.75,1012.25,1069.875,130.75,118.0337078651686,533.0,769.0,170.0,97.0,660.0,1456.0,173.0,102.0,1022.0,951.0,134.0,99.00000000000006,1047.9285714285713,485.85714285714283,144.71428571428578,109.4375,971.125,779.75,189.0625,97.0,1758.1666666666667,651.3333333333334,122.66666666666652,101.0,1788.75,373.0,146.75,89.36363636363637,2825.2727272727275,868.1818181818181,153.0,36.0,1759.0,443.0,36.0
626,113.59999999999991,505.0,1144.2,166.39999999999998,98.90000000000009,1012.7,1068.85,130.29999999999995,118.10112359550567,533.0,769.0,170.0,97.66666666666652,656.6666666666666,1453.1333333333334,172.53333333333342,102.79999999999984,1017.7333333333333,946.0666666666667,134.66666666666674,99.0,1043.7142857142858,485.42857142857144,143.8571428571429,109.875,963.25,777.5,186.125,97.0,1747.0,654.0,130.0,100.40000000000003,1776.1,372.4,146.30000000000018,89.63636363636363,2818.7272727272725,868.8181818181819,154.0,36.0,1740.0,445.0,36.0
627,113.0,505.0,1143.0,167.0,99.04999999999995,1013.15,1067.825,129.85000000000002,118.16853932584274,533.0,769.0,170.0,98.33333333333326,653.3333333333334,1450.2666666666667,172.0666666666666,103.60000000000002,1013.4666666666667,941.1333333333333,135.33333333333326,99.0,1039.5,485.0,143.0,110.3125,955.375,775.25,183.1875,97.0,1744.6666666666667,655.0,130.33333333333326,99.80000000000001,1763.45,371.8,145.8499999999999,89.90909090909088,2812.181818181818,869.4545454545455,155.0,36.0,1729.75,440.0,36.0
628,112.15384615384619,505.38461538461536,1139.6923076923076,167.38461538461536,99.20000000000005,1013.6,1066.8,129.39999999999998,118.23595505617982,533.0,769.0,170.0,99.0,650.0,1447.4,171.60000000000002,104.39999999999986,1009.2,936.2,136.0,99.0,1035.2857142857142,484.57142857142856,142.1428571428571,110.75,947.5,773.0,180.25,97.0,1742.3333333333333,656.0,130.66666666666674,99.19999999999999,1750.8,371.2,145.4000000000001,90.18181818181813,2805.6363636363635,870.0909090909091,156.0,36.0,1719.5,435.0,36.0
629,111.30769230769215,505.7692307692308,1136.3846153846155,167.76923076923077,99.34999999999991,1014.05,1065.775,128.95000000000005,118.3033707865169,533.0,769.0,170.0,99.66666666666674,646.6666666666666,1444.5333333333333,171.13333333333333,105.20000000000005,1004.9333333333333,931.2666666666667,136.66666666666663,98.99999999999994,1031.0714285714287,484.14285714285717,141.28571428571422,111.1875,939.625,770.75,177.3125,97.0,1740.0,657.0,131.0,98.59999999999997,1738.15,370.6,144.94999999999982,90.45454545454538,2799.090909090909,870.7272727272727,157.0,36.0,1709.25,430.0,36.0
630,110.46153846153834,506.15384615384613,1133.076923076923,168.15384615384613,99.5,1014.5,1064.75,128.5,118.37078651685397,533.0,769.0,170.0,100.33333333333326,643.3333333333334,1441.6666666666667,170.66666666666663,105.99999999999989,1000.6666666666666,926.3333333333334,137.33333333333337,98.99999999999994,1026.857142857143,483.7142857142857,140.42857142857133,111.625,931.75,768.5,174.375,97.0,1731.4545454545455,657.5454545454545,131.18181818181824,98.0,1725.5,370.0,144.5,90.72727272727275,2792.5454545454545,871.3636363636364,158.0,36.0,1699.0,425.0,36.0
631,109.61538461538476,506.53846153846155,1129.7692307692307,168.53846153846155,99.65000000000009,1014.95,1063.725,128.04999999999995,118.43820224719104,533.0,769.0,170.0,101.0,640.0,1438.8,170.20000000000005,106.80000000000007,996.4,921.4,138.0000000000001,99.00000000000006,1022.6428571428571,483.2857142857143,139.57142857142867,112.0625,923.875,766.25,171.4375,97.0,1722.909090909091,658.0909090909091,131.36363636363626,97.40000000000003,1712.85,369.4,144.05000000000018,91.0,2786.0,872.0,159.0,36.0,1689.4,419.6,36.0
632,108.76923076923072,506.9230769230769,1126.4615384615386,168.9230769230769,99.79999999999995,1015.4,1062.7,127.60000000000002,118.50561797752812,533.0,769.0,170.0,101.66666666666652,636.6666666666666,1435.9333333333334,169.73333333333335,107.59999999999991,992.1333333333333,916.4666666666667,138.66666666666663,99.00000000000006,1018.4285714285714,482.85714285714283,138.71428571428567,112.5,916.0,764.0,168.5,97.0,1714.3636363636363,658.6363636363636,131.54545454545473,96.80000000000001,1700.2,368.8,143.5999999999999,90.66666666666663,2785.3333333333335,873.4444444444445,154.66666666666652,36.0,1679.8,414.2,36.0
633,107.9230769230769,507.3076923076923,1123.1538461538462,169.30769230769232,99.95000000000005,1015.85,1061.675,127.14999999999998,118.57303370786519,533.0,769.0,170.0,102.33333333333348,633.3333333333334,1433.0666666666666,169.26666666666665,108.40000000000009,987.8666666666667,911.5333333333333,139.33333333333337,99.0,1014.2142857142857,482.42857142857144,137.857142857143,112.9375,908.125,761.75,165.5625,97.0,1705.8181818181818,659.1818181818181,131.72727272727275,96.19999999999999,1687.55,368.2,143.1500000000001,90.33333333333326,2784.6666666666665,874.8888888888889,150.33333333333348,36.0,1670.2,408.8,36.0
634,107.0769230769231,507.6923076923077,1119.8461538461538,169.69230769230768,100.09999999999991,1016.3,1060.65,126.70000000000005,118.64044943820227,533.0,769.0,170.0,103.0,630.0,1430.2,168.79999999999995,109.19999999999993,983.6,906.6,139.9999999999999,99.0,1010.0,482.0,137.0,113.375,900.25,759.5,162.625,97.0,1697.2727272727273,659.7272727272727,131.909090909091,95.59999999999997,1674.9,367.6,142.69999999999982,90.0,2784.0,876.3333333333334,146.0,36.0,1660.6,403.4,36.0
635,106.23076923076928,508.0769230769231,1116.5384615384614,170.0769230769231,100.25,1016.75,1059.625,126.25,118.70786516853934,533.0,769.0,170.0,103.66666666666674,626.6666666666666,1427.3333333333333,168.33333333333337,110.0,979.3333333333334,901.6666666666666,140.66666666666663,99.0,1004.1666666666666,479.5,136.16666666666663,113.8125,892.375,757.25,159.6875,97.0,1688.7272727272727,660.2727272727273,132.090909090909,95.0,1662.25,367.0,142.25,89.66666666666663,2783.3333333333335,877.7777777777778,141.66666666666652,36.0,1651.0,398.0,36.0
636,105.38461538461524,508.46153846153845,1113.2307692307693,170.46153846153845,100.40000000000009,1017.2,1058.6,125.79999999999995,118.77528089887642,533.0,769.0,170.0,104.33333333333326,623.3333333333334,1424.4666666666667,167.86666666666667,110.79999999999995,975.0666666666667,896.7333333333333,141.33333333333337,99.0,998.3333333333334,477.0,135.33333333333337,114.25,884.5,755.0,156.75,97.0,1680.1818181818182,660.8181818181819,132.27272727272725,94.40000000000003,1649.6,366.4,141.80000000000018,89.33333333333337,2782.6666666666665,879.2222222222222,137.33333333333348,36.0,1641.4,393.6,36.0
637,104.53846153846166,508.84615384615387,1109.923076923077,170.84615384615387,100.54999999999995,1017.65,1057.575,125.35000000000002,118.84269662921349,533.0,769.0,170.0,105.0,620.0,1421.6,167.39999999999998,111.60000000000002,970.8,891.8,142.0,99.0,992.5,474.5,134.5,114.6875,876.625,752.75,153.8125,97.0,1671.6363636363637,661.3636363636364,132.45454545454527,93.80000000000001,1636.95,365.8,141.3499999999999,89.0,2782.0,880.6666666666666,133.0,36.0,1631.8,389.2,36.0
638,103.69230769230785,509.2307692307692,1106.6153846153845,171.23076923076923,100.70000000000005,1018.1,1056.55,124.89999999999998,118.91011235955057,533.0,769.0,170.0,105.66666666666674,616.6666666666666,1418.7333333333333,166.9333333333334,112.39999999999998,966.5333333333333,886.8666666666667,142.66666666666674,99.0,986.6666666666666,472.0,133.66666666666663,115.125,868.75,750.5,150.875,97.0,1663.090909090909,661.9090909090909,132.63636363636374,93.19999999999999,1624.3,365.2,140.9000000000001,88.66666666666674,2781.3333333333335,882.1111111111111,128.66666666666652,36.0,1622.2,384.8,36.0
639,102.84615384615381,509.61538461538464,1103.3076923076924,171.61538461538464,100.84999999999991,1018.55,1055.525,124.45000000000005,118.97752808988764,533.0,769.0,170.0,106.33333333333348,613.3333333333334,1415.8666666666666,166.46666666666658,113.19999999999993,962.2666666666667,881.9333333333334,143.33333333333326,99.0,980.8333333333334,469.5,132.83333333333337,115.5625,860.875,748.25,147.9375,97.0,1654.5454545454545,662.4545454545455,132.81818181818176,92.59999999999997,1611.65,364.6,140.44999999999982,88.33333333333337,2780.6666666666665,883.5555555555555,124.33333333333348,36.0,1612.6,380.4,36.0
640,102.0,510.0,1100.0,172.0,101.0,1019.0,1054.5,124.0,119.04494382022472,533.0,769.0,170.0,107.0,610.0,1413.0,166.0,114.0,958.0,877.0,144.0,99.0,975.0,467.0,132.0,116.0,853.0,746.0,145.0,97.0,1646.0,663.0,133.0,92.0,1599.0,364.0,140.0,88.0,2780.0,885.0,120.0,36.0,1603.0,376.0,36.0
641,102.0,510.2,1097.7,172.00000000000006,101.15000000000009,1019.45,1053.475,123.54999999999995,119.11235955056179,533.0,769.0,170.0,106.04999999999995,607.45,1411.55,166.0,114.20000000000005,954.8666666666667,872.9333333333333,142.80000000000007,98.95000000000005,973.65,465.5,131.05000000000007,112.39999999999998,846.6,743.6,149.19999999999993,97.0,1639.75,663.3,133.0,91.71428571428572,1587.2857142857142,365.7142857142857,137.71428571428578,88.19999999999993,2765.0,886.2,129.19999999999982,36.0,1592.0,376.4,36.0
642,102.0,510.4,1095.4,172.0,101.29999999999995,1019.9,1052.45,123.10000000000002,119.17977528089887,533.0,769.0,170.0,105.10000000000014,604.9,1410.1,166.0,114.39999999999998,951.7333333333333,868.8666666666667,141.5999999999999,98.89999999999998,972.3,464.0,130.10000000000014,108.79999999999995,840.2,741.2,153.39999999999998,97.0,1633.5,663.6,133.0,91.42857142857139,1575.5714285714287,367.42857142857144,135.42857142857133,88.39999999999998,2750.0,887.4,138.4000000000001,36.0,1581.0,376.8,36.0
643,102.0,510.6,1093.1,172.0,101.45000000000005,1020.35,1051.425,122.64999999999998,119.24719101123594,533.0,769.0,170.0,104.14999999999986,602.35,1408.65,166.0,114.60000000000002,948.6,864.8,140.39999999999998,98.85000000000002,970.95,462.5,129.14999999999986,105.20000000000005,833.8,738.8,157.60000000000002,97.0,1627.25,663.9,133.0,91.14285714285711,1563.857142857143,369.14285714285717,133.1428571428571,88.60000000000002,2735.0,888.6,147.5999999999999,36.0,1570.0,377.2,36.0
644,102.0,510.8,1090.8,171.99999999999994,101.59999999999991,1020.8,1050.4,122.20000000000005,119.31460674157302,533.0,769.0,170.0,103.20000000000005,599.8,1407.2,166.0,114.79999999999995,945.4666666666667,860.7333333333333,139.20000000000005,98.79999999999995,969.6,461.0,128.19999999999993,101.60000000000002,827.4,736.4,161.80000000000007,97.0,1621.0,664.2,133.0,90.85714285714289,1552.142857142857,370.85714285714283,130.8571428571429,88.80000000000007,2720.0,889.8,156.80000000000018,36.0,1559.0,377.6,36.0
645,102.0,511.0,1088.5,172.0,101.75,1021.25,1049.375,121.75,119.38202247191009,533.0,769.0,170.0,102.25,597.25,1405.75,166.0,115.0,942.3333333333334,856.6666666666666,137.9999999999999,98.75,968.25,459.5,127.25,98.0,821.0,734.0,166.0,97.0,1614.75,664.5,133.0,90.57142857142861,1540.4285714285713,372.57142857142856,128.57142857142867,89.0,2705.0,891.0,166.0,36.0,1548.0,378.0,36.0
646,102.0,511.2,1086.2,172.00000000000006,101.90000000000009,1021.7,1048.35,121.29999999999995,119.44943820224717,533.0,769.0,170.0,101.29999999999995,594.7,1404.3,166.0,115.19999999999993,939.2,852.6,136.79999999999995,98.70000000000005,966.9,458.0,126.30000000000007,99.0,813.4285714285714,733.5714285714286,171.42857142857144,97.0,1608.5,664.8,133.0,90.28571428571428,1528.7142857142858,374.2857142857143,126.28571428571422,89.20000000000005,2700.9333333333334,892.2666666666667,164.1333333333332,36.0,1533.0,382.6,36.0
647,102.0,511.4,1083.9,172.0,102.04999999999995,1022.15,1047.325,120.85000000000002,119.51685393258424,533.0,769.0,170.0,100.35000000000014,592.15,1402.85,166.0,115.39999999999998,936.0666666666667,848.5333333333333,135.60000000000002,98.64999999999998,965.55,456.5,125.35000000000014,100.0,805.8571428571429,733.1428571428571,176.85714285714278,97.0,1602.25,665.1,133.0,90.0,1517.0,376.0,124.0,89.39999999999998,2696.866666666667,893.5333333333333,162.26666666666642,36.0,1518.0,387.2,36.0
648,102.0,511.6,1081.6,172.0,102.20000000000005,1022.6,1046.3,120.39999999999998,119.58426966292132,533.0,769.0,170.0,99.39999999999986,589.6,1401.4,166.0,115.60000000000002,932.9333333333333,844.4666666666667,134.39999999999998,98.60000000000002,964.2,455.0,124.39999999999986,101.0,798.2857142857143,732.7142857142857,182.28571428571422,97.0,1596.0,665.4,133.0,90.23076923076923,1505.3846153846155,380.53846153846155,124.69230769230762,89.60000000000002,2692.8,894.8,160.39999999999964,36.0,1503.0,391.8,36.0
649,102.0,511.8,1079.3,171.99999999999994,102.34999999999991,1023.05,1045.275,119.95000000000005,119.65168539325839,533.0,769.0,170.0,98.45000000000005,587.05,1399.95,166.0,115.80000000000007,929.8,840.4,133.20000000000005,98.54999999999995,962.85,453.5,123.44999999999993,102.0,790.7142857142857,732.2857142857143,187.71428571428578,97.0,1589.75,665.7,133.0,90.46153846153845,1493.7692307692307,385.0769230769231,125.38461538461547,89.79999999999995,2688.733333333333,896.0666666666667,158.53333333333376,36.0,1488.0,396.4,36.0
650,102.0,512.0,1077.0,172.0,102.5,1023.5,1044.25,119.5,119.71910112359546,533.0,769.0,170.0,97.5,584.5,1398.5,166.0,116.0,926.6666666666666,836.3333333333334,132.0000000000001,98.5,961.5,452.0,122.5,103.0,783.1428571428571,731.8571428571429,193.14285714285722,97.0,1583.5,666.0,133.0,90.69230769230768,1482.1538461538462,389.61538461538464,126.0769230769231,90.0,2684.6666666666665,897.3333333333334,156.66666666666697,36.0,1473.0,401.0,36.0
651,102.0,512.2,1074.7,172.0,102.65000000000009,1023.95,1043.225,119.04999999999995,119.78651685393254,533.0,769.0,170.0,96.54999999999995,581.95,1397.05,166.0,116.20000000000005,923.5333333333333,832.2666666666667,130.79999999999995,98.45000000000005,960.15,450.5,121.55000000000007,104.0,775.5714285714286,731.4285714285714,198.57142857142856,97.0,1577.25,666.3,133.0,90.92307692307696,1470.5384615384614,394.15384615384613,126.76923076923094,90.19999999999993,2680.6,898.6,154.80000000000018,36.0,1460.4,412.6,36.0
652,102.0,512.4,1072.4,172.0,102.79999999999995,1024.4,1042.2,118.59999999999991,119.85393258426961,533.0,769.0,170.0,95.60000000000014,579.4,1395.6,166.0,116.39999999999998,920.4,828.2,129.60000000000002,98.39999999999998,958.8,449.0,120.60000000000014,105.0,768.0,731.0,204.0,97.0,1571.0,666.6,133.0,91.15384615384619,1458.923076923077,398.6923076923077,127.46153846153857,90.39999999999998,2676.5333333333333,899.8666666666667,152.9333333333334,36.0,1447.8,424.2,36.0
653,102.0,512.6,1070.1,172.0,102.95000000000005,1024.85,1041.175,118.15000000000009,119.92134831460669,533.0,769.0,170.0,94.64999999999986,576.85,1394.15,166.0,116.60000000000002,917.2666666666667,824.1333333333333,128.4000000000001,98.35000000000002,957.45,447.5,119.64999999999986,106.0,763.875,731.875,195.25,97.0,1564.75,666.9,133.0,91.38461538461542,1447.3076923076924,403.2307692307692,128.1538461538462,90.60000000000002,2672.4666666666667,901.1333333333333,151.0666666666666,36.0,1435.2,435.8,36.0
654,102.0,512.8,1067.8,172.0,103.09999999999991,1025.3,1040.15,117.70000000000005,119.98876404494376,533.0,769.0,170.0,93.70000000000005,574.3,1392.7,166.0,116.80000000000007,914.1333333333333,820.0666666666666,127.19999999999993,98.29999999999995,956.1,446.0,118.69999999999993,107.0,759.75,732.75,186.5,97.0,1558.5,667.2,133.0,91.61538461538458,1435.6923076923076,407.7692307692308,128.8461538461538,90.80000000000007,2668.4,902.4,149.19999999999982,36.0,1422.6,447.4,36.0
655,102.0,513.0,1065.5,172.0,103.25,1025.75,1039.125,117.25,120.05617977528095,533.0,769.0,170.0,92.75,571.75,1391.25,166.0,117.0,911.0,816.0,126.0,98.25,954.75,444.5,117.75,108.0,755.625,733.625,177.75,97.0,1552.25,667.5,133.0,91.84615384615381,1424.076923076923,412.3076923076923,129.53846153846143,91.0,2664.3333333333335,903.6666666666666,147.33333333333303,36.0,1410.0,459.0,36.0
656,102.0,513.2,1063.2,172.0,103.40000000000009,1026.2,1038.1,116.79999999999995,120.12359550561803,533.0,769.0,170.0,91.79999999999995,569.2,1389.8,166.0,114.60000000000002,907.8,812.0,124.60000000000014,98.20000000000005,953.4,443.0,116.80000000000007,109.0,751.5,734.5,169.0,97.0,1546.0,667.8,133.0,92.07692307692304,1412.4615384615386,416.84615384615387,130.23076923076906,91.20000000000005,2660.266666666667,904.9333333333333,145.46666666666624,36.0,1402.8,473.8,36.0
657,102.0,513.4,1060.9,172.0,103.54999999999995,1026.65,1037.075,116.34999999999991,120.1910112359551,533.0,769.0,170.0,90.85000000000014,566.65,1388.35,166.0,112.20000000000005,904.6,808.0,123.19999999999993,98.14999999999998,952.05,441.5,115.85000000000014,110.0,747.375,735.375,160.25,97.0,1539.75,668.1,133.0,92.30769230769238,1400.8461538461538,421.38461538461536,130.9230769230769,91.39999999999998,2656.2,906.2,143.60000000000036,36.0,1395.6,488.6,36.0
658,102.0,513.6,1058.6,172.0,103.70000000000005,1027.1,1036.05,115.90000000000009,120.25842696629218,533.0,769.0,170.0,89.89999999999986,564.1,1386.9,166.0,109.79999999999995,901.4,804.0,121.80000000000007,98.10000000000002,950.7,440.0,114.89999999999986,111.0,743.25,736.25,151.5,97.0,1533.5,668.4,133.0,92.53846153846155,1389.2307692307693,425.9230769230769,131.61538461538453,91.60000000000002,2652.133333333333,907.4666666666667,141.73333333333358,36.0,1388.4,503.4,36.0
659,102.0,513.8,1056.3,172.0,103.84999999999991,1027.55,1035.025,115.45000000000005,120.32584269662925,533.0,769.0,170.0,88.95000000000005,561.55,1385.45,166.0,107.39999999999998,898.2,800.0,120.39999999999998,98.04999999999995,949.35,438.5,113.94999999999993,112.0,739.125,737.125,142.75,97.0,1527.25,668.7,133.0,92.76923076923083,1377.6153846153845,430.46153846153845,132.30769230769238,91.79999999999995,2648.0666666666666,908.7333333333333,139.8666666666668,36.0,1381.2,518.2,36.0
660,102.0,514.0,1054.0,172.0,104.0,1028.0,1034.0,115.0,120.39325842696633,533.0,769.0,170.0,88.0,559.0,1384.0,166.0,105.0,895.0,796.0,119.0,98.0,948.0,437.0,113.0,113.0,735.0,738.0,134.0,97.0,1521.0,669.0,133.0,93.0,1366.0,435.0,133.0,92.0,2644.0,910.0,138.0,36.0,1374.0,533.0,36.0
661,101.59999999999991,513.35,1052.5,172.79999999999995,103.85714285714289,1028.2857142857142,1033.142857142857,115.71428571428578,120.4606741573034,533.0,769.0,170.0,89.0,557.8181818181819,1381.1818181818182,166.090909090909,103.89999999999998,891.4,793.5,121.70000000000005,99.19999999999999,950.0,435.3,116.20000000000005,113.5,731.8333333333334,738.5,136.33333333333326,96.84615384615381,1514.4615384615386,670.1538461538462,134.61538461538453,95.60000000000002,1355.75,440.65,133.0,92.0,2641.1666666666665,911.5,135.0,36.0,1366.0,549.0,36.0
662,101.20000000000005,512.7,1051.0,173.5999999999999,103.71428571428578,1028.5714285714287,1032.2857142857142,116.42857142857133,120.52808988764048,533.0,769.0,170.0,90.0,556.6363636363636,1378.3636363636363,166.18181818181824,102.79999999999995,887.8,791.0,124.40000000000009,100.39999999999998,952.0,433.6,119.40000000000009,114.0,728.6666666666666,739.0,138.66666666666674,96.69230769230774,1507.923076923077,671.3076923076923,136.23076923076928,98.19999999999999,1345.5,446.3,133.0,92.0,2638.3333333333335,913.0,132.0,36.0,1358.0,552.0,36.0
663,100.79999999999995,512.05,1049.5,174.4000000000001,103.57142857142867,1028.857142857143,1031.4285714285713,117.14285714285711,120.59550561797755,533.0,769.0,170.0,91.0,555.4545454545455,1375.5454545454545,166.27272727272725,101.70000000000005,884.2,788.5,127.09999999999991,101.60000000000002,954.0,431.9,122.59999999999991,114.5,725.5,739.5,141.0,96.53846153846155,1501.3846153846155,672.4615384615385,137.8461538461538,100.80000000000001,1335.25,451.95,133.0,92.0,2635.5,914.5,129.0,36.0,1350.0,555.0,36.0
664,100.40000000000009,511.4,1048.0,175.20000000000005,103.42857142857133,1029.142857142857,1030.5714285714287,117.85714285714289,120.66292134831463,533.0,769.0,170.0,92.0,554.2727272727273,1372.7272727272727,166.36363636363637,100.60000000000002,880.6,786.0,129.79999999999995,102.80000000000001,956.0,430.2,125.79999999999995,115.0,722.3333333333334,740.0,143.33333333333326,96.38461538461536,1494.8461538461538,673.6153846153846,139.46153846153857,103.39999999999998,1325.0,457.6,133.0,92.0,2632.6666666666665,916.0,126.0,36.0,1342.0,558.0,36.0
665,100.0,510.75,1046.5,176.0,103.28571428571422,1029.4285714285713,1029.7142857142858,118.57142857142867,120.7303370786517,533.0,769.0,170.0,93.0,553.0909090909091,1369.909090909091,166.45454545454538,99.5,877.0,783.5,132.5,104.0,958.0,428.5,129.0,115.5,719.1666666666666,740.5,145.66666666666674,96.23076923076928,1488.3076923076924,674.7692307692307,141.0769230769231,106.0,1314.75,463.25,133.0,92.0,2629.8333333333335,917.5,123.0,36.0,1334.0,561.0,36.0
666,99.59999999999991,510.1,1045.0,176.79999999999995,103.14285714285711,1029.7142857142858,1028.857142857143,119.28571428571422,120.79775280898878,533.0,769.0,170.0,94.0,551.9090909090909,1367.090909090909,166.54545454545462,98.39999999999998,873.4,781.0,135.20000000000005,105.19999999999999,960.0,426.8,132.20000000000005,116.0,716.0,741.0,148.0,96.0769230769231,1481.7692307692307,675.9230769230769,142.69230769230785,108.60000000000002,1304.5,468.9,133.0,92.0,2627.0,919.0,120.0,36.0,1326.2,563.0,36.0
667,99.20000000000005,509.45,1043.5,177.59999999999997,103.0,1030.0,1028.0,120.0,120.86516853932585,533.0,769.0,170.0,95.0,550.7272727272727,1364.2727272727273,166.63636363636363,97.29999999999995,869.8,778.5,137.9000000000001,106.39999999999998,962.0,425.1,135.4000000000001,114.42857142857144,713.4285714285714,743.4285714285714,150.28571428571422,95.9230769230769,1475.2307692307693,677.0769230769231,144.30769230769215,111.19999999999999,1294.25,474.55,133.0,92.0,2624.1666666666665,920.5,117.0,36.0,1318.4,565.0,36.0
668,98.79999999999995,508.8,1042.0,178.40000000000003,102.8461538461537,1030.8461538461538,1023.6923076923077,120.84615384615381,120.93258426966293,533.0,769.0,170.0,96.0,549.5454545454545,1361.4545454545455,166.72727272727275,96.20000000000005,866.2,776.0,140.5999999999999,107.60000000000002,964.0,423.4,138.5999999999999,112.85714285714278,710.8571428571429,745.8571428571429,152.57142857142856,95.76923076923072,1468.6923076923076,678.2307692307693,145.9230769230769,113.80000000000001,1284.0,480.2,133.0,92.0,2621.3333333333335,922.0,114.0,36.0,1310.6,567.0,36.0
669,98.40000000000009,508.15,1040.5,179.20000000000005,102.69230769230774,1031.6923076923076,1019.3846153846154,121.69230769230785,121.0,533.0,769.0,170.0,97.0,548.3636363636364,1358.6363636363637,166.81818181818176,95.10000000000002,862.6,773.5,143.29999999999995,108.80000000000001,966.0,421.7,141.79999999999995,111.28571428571422,708.2857142857143,748.2857142857143,154.85714285714278,95.61538461538464,1462.1538461538462,679.3846153846154,147.53846153846143,116.39999999999998,1273.75,485.85,133.0,92.0,2618.5,923.5,111.0,36.0,1302.8,569.0,36.0
670,98.0,507.5,1039.0,180.0,102.53846153846143,1032.5384615384614,1015.0769230769231,122.53846153846166,124.0,533.0,769.0,170.0,98.0,547.1818181818181,1355.8181818181818,166.909090909091,94.0,859.0,771.0,146.0,110.0,968.0,420.0,145.0,109.71428571428578,705.7142857142857,750.7142857142857,157.14285714285722,95.46153846153845,1455.6153846153845,680.5384615384615,149.1538461538462,119.0,1263.5,491.5,133.0,92.0,2615.6666666666665,925.0,108.0,36.0,1295.0,571.0,36.0
671,97.59999999999991,506.85,1037.5,180.79999999999995,102.38461538461547,1033.3846153846155,1010.7692307692307,123.38461538461524,127.0,533.0,769.0,170.0,99.0,546.0,1353.0,167.0,93.39999999999998,857.6,767.9,144.5,110.89999999999998,969.9,418.6,142.80000000000007,108.14285714285722,703.1428571428571,753.1428571428571,159.42857142857144,95.30769230769226,1449.076923076923,681.6923076923077,150.76923076923072,121.60000000000002,1253.25,497.15,133.0,92.0,2612.8333333333335,926.5,105.0,36.0,1286.8,575.6,36.0
672,97.20000000000005,506.2,1036.0,181.59999999999997,102.23076923076917,1034.2307692307693,1006.4615384615385,124.23076923076928,130.0,533.0,769.0,170.0,97.77777777777783,544.7777777777778,1352.3333333333333,166.8888888888888,92.80000000000007,856.2,764.8,143.0,111.80000000000001,971.8,417.2,140.60000000000014,106.57142857142856,700.5714285714286,755.5714285714286,161.71428571428578,95.15384615384619,1442.5384615384614,682.8461538461538,152.38461538461547,124.19999999999999,1243.0,502.8,133.0,92.0,2610.0,928.0,102.0,36.0,1278.6,580.2,36.0
673,96.79999999999995,505.55,1034.5,182.40000000000003,102.0769230769231,1035.076923076923,1002.1538461538462,125.0769230769231,133.0,533.0,769.0,170.0,96.55555555555543,543.5555555555555,1351.6666666666667,166.77777777777783,92.19999999999993,854.8,761.7,141.5,112.69999999999999,973.7,415.8,138.39999999999986,105.0,698.0,758.0,164.0,95.0,1436.0,684.0,154.0,126.80000000000001,1232.75,508.45,133.0,92.0,2592.0,929.5,114.25,36.0,1270.4,584.8,36.0
674,96.40000000000009,504.9,1033.0,183.20000000000005,101.9230769230769,1035.923076923077,997.8461538461538,125.9230769230769,136.0,533.0,769.0,170.0,95.33333333333326,542.3333333333334,1351.0,166.66666666666663,91.60000000000002,853.4,758.6,140.0,113.60000000000002,975.6,414.4,136.19999999999993,106.5,694.5,759.3333333333334,159.33333333333337,95.28571428571422,1434.4285714285713,686.8571428571429,148.28571428571445,129.39999999999998,1222.5,514.1,133.0,92.0,2574.0,931.0,126.5,36.0,1262.2,589.4,36.0
675,96.0,504.25,1031.5,184.0,101.76923076923083,1036.7692307692307,993.5384615384615,126.76923076923072,131.66666666666663,533.0,773.3333333333334,170.0,94.11111111111109,541.1111111111111,1350.3333333333333,166.55555555555554,91.0,852.0,755.5,138.5,114.5,977.5,413.0,134.0,108.0,691.0,760.6666666666666,154.66666666666663,95.57142857142867,1432.857142857143,689.7142857142857,142.57142857142844,132.0,1212.25,519.75,133.0,92.0,2556.0,932.5,138.75,36.0,1254.0,594.0,36.0
676,95.59999999999991,503.6,1030.0,184.79999999999995,101.61538461538453,1037.6153846153845,989.2307692307693,127.61538461538476,127.33333333333337,533.0,777.6666666666666,170.0,92.88888888888891,539.8888888888889,1349.6666666666667,166.44444444444446,90.39999999999998,850.6,752.4,137.0,115.39999999999998,979.4,411.6,131.80000000000007,109.5,687.5,762.0,150.0,95.85714285714289,1431.2857142857142,692.5714285714286,136.8571428571429,134.60000000000002,1202.0,525.4,133.0,92.0,2538.0,934.0,151.0,36.0,1242.2,599.2,36.0
677,95.20000000000005,502.95,1028.5,185.59999999999997,101.46153846153857,1038.4615384615386,984.9230769230769,128.46153846153834,123.0,533.0,782.0,170.0,91.66666666666674,538.6666666666666,1349.0,166.33333333333337,89.80000000000007,849.2,749.3,135.5,116.30000000000001,981.3,410.2,129.60000000000014,111.0,684.0,763.3333333333334,145.33333333333337,96.14285714285711,1429.7142857142858,695.4285714285714,131.1428571428571,137.20000000000005,1191.75,531.05,133.0,92.0,2535.25,935.5,147.75,36.0,1230.4,604.4,36.0
678,94.79999999999995,502.3,1027.0,186.40000000000003,101.30769230769226,1039.3076923076924,980.6153846153846,129.30769230769215,118.66666666666663,533.0,786.3333333333334,170.0,90.44444444444457,537.4444444444445,1348.3333333333333,166.22222222222217,89.19999999999993,847.8,746.2,134.0,117.19999999999999,983.2,408.8,127.39999999999986,112.5,680.5,764.6666666666666,140.66666666666663,96.42857142857133,1428.142857142857,698.2857142857143,125.42857142857156,139.79999999999995,1181.5,536.7,133.0,92.0,2532.5,937.0,144.5,36.0,1218.6,609.6,36.0
679,94.40000000000009,501.65,1025.5,187.20000000000005,101.1538461538463,1040.1538461538462,976.3076923076923,130.1538461538462,114.33333333333337,533.0,790.6666666666666,170.0,89.22222222222217,536.2222222222222,1347.6666666666667,166.1111111111112,88.60000000000002,846.4,743.1,132.5,118.10000000000002,985.1,407.4,125.19999999999993,114.0,677.0,766.0,136.0,96.71428571428578,1426.5714285714287,701.1428571428571,119.71428571428555,142.39999999999998,1171.25,542.35,133.0,92.0,2529.75,938.5,141.25,36.0,1206.8,614.8,36.0
680,94.0,501.0,1024.0,188.0,101.0,1041.0,972.0,131.0,110.0,533.0,795.0,170.0,88.0,535.0,1347.0,166.0,88.0,845.0,740.0,131.0,119.0,987.0,406.0,123.0,104.0,673.0,767.0,132.0,97.0,1425.0,704.0,114.0,145.0,1161.0,548.0,133.0,92.0,2527.0,940.0,138.0,36.0,1195.0,620.0,36.0
681,93.70000000000005,501.75,1024.0,187.25,103.0,1041.0,968.75,131.0,110.0,534.4444444444445,795.0,168.55555555555554,88.60000000000014,536.7,1344.8,166.29999999999995,88.75,844.3,739.25,131.70000000000005,118.70000000000005,989.0,406.4,123.95000000000005,105.60000000000002,672.2,766.8,130.19999999999993,99.5,1417.125,708.0,117.625,143.30000000000007,1153.3,550.3,133.70000000000005,92.50000000000011,2521.5833333333335,942.1666666666666,137.75,36.0,1182.75,623.25,36.0
682,93.40000000000009,502.5,1024.0,186.5,105.0,1041.0,965.5,131.0,110.0,535.8888888888889,795.0,167.1111111111111,89.20000000000005,538.4,1342.6,166.60000000000002,89.5,843.6,738.5,132.39999999999998,118.40000000000003,991.0,406.8,124.90000000000009,107.19999999999993,671.4,766.6,128.39999999999998,102.0,1409.25,712.0,121.25,141.60000000000002,1145.6,552.6,134.4000000000001,92.99999999999989,2516.1666666666665,944.3333333333334,137.5,36.0,1170.5,626.5,36.0
683,93.09999999999991,503.25,1024.0,185.75,107.0,1041.0,962.25,131.0,110.0,537.3333333333334,795.0,165.66666666666663,89.79999999999995,540.1,1340.4,166.89999999999998,90.25,842.9,737.75,133.10000000000002,118.09999999999997,993.0,407.2,125.84999999999991,108.80000000000007,670.6,766.4,126.60000000000002,104.5,1401.375,716.0,124.875,139.89999999999998,1137.9,554.9,135.0999999999999,93.5,2510.75,946.5,137.25,36.0,1158.25,629.75,36.0
684,92.79999999999995,504.0,1024.0,185.0,109.0,1041.0,959.0,131.0,110.0,538.7777777777778,795.0,164.22222222222217,90.39999999999986,541.8,1338.2,167.20000000000005,91.0,842.2,737.0,133.79999999999995,117.79999999999995,995.0,407.6,126.79999999999995,110.39999999999998,669.8,766.2,124.80000000000007,107.0,1393.5,720.0,128.5,138.19999999999993,1130.2,557.2,135.79999999999995,94.00000000000011,2505.3333333333335,948.6666666666666,137.0,36.0,1146.0,633.0,36.0
685,92.5,504.75,1024.0,184.25,108.5,1041.125,955.875,131.0,110.0,540.2222222222222,795.0,162.77777777777783,91.0,543.5,1336.0,167.5,91.75,841.5,736.25,134.5,117.5,997.0,408.0,127.75,112.0,669.0,766.0,123.0,109.5,1385.625,724.0,132.125,136.5,1122.5,559.5,136.5,94.49999999999989,2499.9166666666665,950.8333333333334,136.75,36.0,1119.0,630.0,36.0
686,92.20000000000005,505.5,1024.0,183.5,108.0,1041.25,952.75,131.0,110.0,541.6666666666666,795.0,161.33333333333337,91.60000000000014,545.2,1333.8,167.79999999999995,92.5,840.8,735.5,135.20000000000005,117.20000000000005,999.0,408.4,128.70000000000005,112.0,667.6,765.4666666666667,124.39999999999998,112.0,1377.75,728.0,135.75,134.80000000000007,1114.8,561.8,137.20000000000005,95.0,2494.5,953.0,136.5,36.0,1118.0,631.0,36.0
687,91.90000000000009,506.25,1024.0,182.75,107.5,1041.375,949.625,131.0,110.0,543.1111111111111,795.0,159.8888888888889,92.20000000000005,546.9,1331.6,168.10000000000002,93.25,840.1,734.75,135.89999999999998,116.90000000000003,1001.0,408.8,129.6500000000001,112.0,666.2,764.9333333333333,125.79999999999995,114.5,1369.875,732.0,139.375,133.10000000000002,1107.1,564.1,137.9000000000001,95.50000000000011,2489.0833333333335,955.1666666666666,136.25,36.0,1106.25,626.75,36.0
688,91.59999999999991,507.0,1024.0,182.0,107.0,1041.5,946.5,131.0,110.0,544.5555555555555,795.0,158.44444444444446,92.79999999999995,548.6,1329.4,168.39999999999998,94.0,839.4,734.0,136.60000000000002,116.59999999999997,1003.0,409.2,130.5999999999999,112.0,664.8,764.4,127.20000000000005,117.0,1362.0,736.0,143.0,131.39999999999998,1099.4,566.4,138.5999999999999,95.99999999999989,2483.6666666666665,957.3333333333334,136.0,36.0,1094.5,622.5,36.0
689,91.29999999999995,507.75,1024.0,181.25,106.5,1041.625,943.375,131.0,110.0,546.0,795.0,157.0,93.39999999999986,550.3,1327.2,168.70000000000005,94.75,838.7,733.25,137.29999999999995,116.29999999999995,1005.0,409.6,131.54999999999995,112.0,663.4,763.8666666666667,128.60000000000002,115.33333333333337,1360.25,740.0,140.58333333333326,129.69999999999993,1091.7,568.7,139.29999999999995,96.5,2478.25,959.5,135.75,36.0,1082.75,618.25,36.0
690,91.0,508.5,1024.0,180.5,106.0,1041.75,940.25,131.0,110.0,547.4444444444445,795.0,155.55555555555554,94.0,552.0,1325.0,169.0,95.5,838.0,732.5,138.0,116.0,1007.0,410.0,132.5,112.0,662.0,763.3333333333334,130.0,113.66666666666663,1358.5,744.0,138.16666666666674,128.0,1084.0,571.0,140.0,97.00000000000011,2472.8333333333335,961.6666666666666,135.5,36.0,1071.0,614.0,36.0
691,90.70000000000005,509.25,1024.0,179.75,105.5,1041.875,937.125,131.0,110.0,548.8888888888889,795.0,154.1111111111111,94.60000000000014,553.7,1322.8,169.29999999999995,96.25,837.3,731.75,138.70000000000005,115.70000000000005,1009.0,410.4,133.45000000000005,112.0,660.6,762.8,131.39999999999998,112.0,1356.75,748.0,135.75,126.0,1069.5,571.0,149.5,97.49999999999989,2467.4166666666665,963.8333333333334,135.25,36.0,1065.6,612.8,36.0
692,90.40000000000009,510.0,1024.0,179.0,105.0,1042.0,934.0,131.0,110.0,550.3333333333334,795.0,152.66666666666663,95.20000000000005,555.4,1320.6,169.60000000000002,97.0,836.6,731.0,139.39999999999998,115.40000000000003,1011.0,410.8,134.4000000000001,112.0,659.2,762.2666666666667,132.79999999999995,110.33333333333337,1355.0,752.0,133.33333333333326,124.0,1055.0,571.0,159.0,98.0,2462.0,966.0,135.0,36.0,1060.2,611.6,36.0
693,90.09999999999991,510.75,1024.0,178.25,104.5,1042.125,930.875,131.0,110.0,551.7777777777778,795.0,151.22222222222217,95.79999999999995,557.1,1318.4,169.89999999999998,97.75,835.9,730.25,140.10000000000002,115.09999999999997,1013.0,411.2,135.3499999999999,112.0,657.8,761.7333333333333,134.20000000000005,108.66666666666663,1353.25,756.0,130.91666666666674,122.0,1051.375,570.875,157.625,96.5,2460.75,968.25,130.625,36.0,1054.8,610.4,36.0
694,89.79999999999995,511.5,1024.0,177.5,104.0,1042.25,927.75,131.0,110.0,553.2222222222222,795.0,149.77777777777783,96.39999999999986,558.8,1316.2,170.20000000000005,98.5,835.2,729.5,140.79999999999995,114.79999999999995,1015.0,411.6,136.29999999999995,112.0,656.4,761.2,135.60000000000002,107.0,1351.5,760.0,128.5,120.0,1047.75,570.75,156.25,95.0,2459.5,970.5,126.25,36.0,1049.4,609.2,36.0
695,89.5,512.25,1024.0,176.75,103.5,1042.375,924.625,131.0,110.0,554.6666666666666,795.0,148.33333333333337,97.0,560.5,1314.0,170.5,99.25,834.5,728.75,141.5,114.5,1017.0,412.0,137.25,112.0,655.0,760.6666666666666,137.0,105.33333333333337,1349.75,764.0,126.08333333333326,118.0,1044.125,570.625,154.875,93.5,2458.25,972.75,121.875,36.0,1044.0,608.0,36.0
696,89.20000000000005,513.0,1024.0,176.0,103.0,1042.5,921.5,131.0,110.0,556.1111111111111,795.0,146.8888888888889,97.60000000000014,562.2,1311.8,170.79999999999995,100.0,833.8,728.0,142.20000000000005,114.20000000000005,1019.0,412.4,138.20000000000005,112.0,653.6,760.1333333333333,138.39999999999998,103.66666666666663,1348.0,768.0,123.66666666666674,116.0,1040.5,570.5,153.5,92.0,2457.0,975.0,117.5,36.0,1044.6,608.8,36.0
697,88.90000000000009,513.75,1024.0,175.25,102.5,1042.625,918.375,131.0,110.0,557.5555555555555,795.0,145.44444444444446,98.20000000000005,563.9,1309.6,171.10000000000002,100.75,833.1,727.25,142.89999999999998,113.90000000000003,1021.0,412.8,139.1500000000001,112.0,652.2,759.6,139.79999999999995,102.0,1346.25,772.0,121.25,114.0,1036.875,570.375,152.125,90.5,2455.75,977.25,113.125,36.0,1045.2,609.6,36.0
698,88.59999999999991,514.5,1024.0,174.5,102.0,1042.75,915.25,131.0,110.0,559.0,795.0,144.0,98.79999999999995,565.6,1307.4,171.39999999999998,101.5,832.4,726.5,143.60000000000002,113.59999999999997,1023.0,413.2,140.0999999999999,112.0,650.8,759.0666666666667,141.20000000000005,100.33333333333337,1344.5,776.0,118.83333333333326,112.0,1033.25,570.25,150.75,89.0,2454.5,979.5,108.75,36.0,1045.8,610.4,36.0
699,88.29999999999995,515.25,1024.0,173.75,101.5,1042.875,912.125,131.0,110.73684210526312,559.0,794.2631578947369,144.0,99.39999999999986,567.3,1305.2,171.70000000000005,102.25,831.7,725.75,144.29999999999995,113.29999999999995,1025.0,413.6,141.04999999999995,112.0,649.4,758.5333333333333,142.60000000000002,98.66666666666663,1342.75,780.0,116.41666666666674,110.0,1029.625,570.125,149.375,87.5,2453.25,981.75,104.375,36.0,1046.4,611.2,36.0
700,88.0,516.0,1024.0,173.0,101.0,1043.0,909.0,131.0,111.47368421052636,559.0,793.5263157894736,144.0,100.0,569.0,1303.0,172.0,103.0,831.0,725.0,145.0,113.0,1027.0,414.0,142.0,112.0,648.0,758.0,144.0,97.0,1341.0,784.0,114.0,108.0,1026.0,570.0,148.0,86.0,2452.0,984.0,100.0,36.0,1047.0,612.0,36.0
701,87.63636363636363,517.0,1022.1818181818181,172.36363636363637,102.10000000000002,1042.9,904.9,130.04999999999995,112.21052631578948,559.0,792.7894736842105,144.0,99.66666666666652,571.5,1303.1666666666667,174.16666666666663,104.0,830.5555555555555,724.2222222222222,145.55555555555554,112.99999999999994,1031.076923076923,415.3076923076923,142.0,113.16666666666674,648.3333333333334,755.6666666666666,143.83333333333326,100.16666666666674,1336.3333333333333,787.6666666666666,117.0,108.0,1025.1,569.9,148.60000000000014,86.0,2441.8333333333335,985.0,104.66666666666652,36.0,1041.6,609.4,36.0
702,87.27272727272737,518.0,1020.3636363636364,171.72727272727275,103.20000000000005,1042.8,900.8,129.10000000000014,112.9473684210526,559.0,792.0526315789474,144.0,99.33333333333348,574.0,1303.3333333333333,176.33333333333337,105.0,830.1111111111111,723.4444444444445,146.1111111111111,113.0,1035.1538461538462,416.61538461538464,142.0,114.33333333333326,648.6666666666666,753.3333333333334,143.66666666666674,103.33333333333326,1331.6666666666667,791.3333333333334,120.0,108.0,1024.2,569.8,149.20000000000005,86.0,2431.6666666666665,986.0,109.33333333333348,36.0,1036.2,606.8,36.0
703,86.90909090909099,519.0,1018.5454545454545,171.09090909090912,104.29999999999995,1042.7,896.7,128.14999999999986,113.68421052631584,559.0,791.3157894736842,144.0,99.0,576.5,1303.5,178.5,106.0,829.6666666666666,722.6666666666666,146.66666666666674,113.0,1039.2307692307693,417.9230769230769,142.0,115.5,649.0,751.0,143.5,106.5,1327.0,795.0,123.0,108.0,1023.3,569.7,149.79999999999995,86.0,2421.5,987.0,114.0,36.0,1030.8,604.2,36.0
704,86.5454545454545,520.0,1016.7272727272727,170.4545454545455,105.39999999999998,1042.6,892.6,127.20000000000005,114.42105263157896,559.0,790.578947368421,144.0,98.66666666666652,579.0,1303.6666666666667,180.66666666666663,107.0,829.2222222222222,721.8888888888889,147.22222222222229,113.00000000000006,1043.3076923076924,419.2307692307692,142.0,116.66666666666674,649.3333333333334,748.6666666666666,143.33333333333326,109.66666666666674,1322.3333333333333,798.6666666666666,126.0,108.0,1022.4,569.6,150.39999999999998,86.0,2411.3333333333335,988.0,118.66666666666652,36.0,1025.4,601.6,36.0
705,86.18181818181813,521.0,1014.9090909090909,169.81818181818187,106.5,1042.5,888.5,126.25,115.15789473684208,559.0,789.8421052631579,144.0,98.33333333333348,581.5,1303.8333333333333,182.83333333333337,108.0,828.7777777777778,721.1111111111111,147.77777777777771,113.0,1047.3846153846155,420.53846153846155,142.0,117.83333333333326,649.6666666666666,746.3333333333334,143.16666666666674,112.83333333333326,1317.6666666666667,802.3333333333334,129.0,108.0,1021.5,569.5,151.0,86.0,2401.1666666666665,989.0,123.33333333333348,36.0,1020.0,599.0,36.0
706,85.81818181818187,522.0,1013.0909090909091,169.18181818181813,107.60000000000002,1042.4,884.4,125.29999999999995,115.89473684210532,559.0,789.1052631578947,144.0,98.0,584.0,1304.0,185.0,109.0,828.3333333333334,720.3333333333334,148.33333333333326,112.99999999999994,1051.4615384615386,421.84615384615387,142.0,119.0,650.0,744.0,143.0,116.0,1313.0,806.0,132.0,108.0,1020.6,569.4,151.60000000000002,86.0,2391.0,990.0,128.0,36.0,1018.6,597.8,35.999999999999886
707,85.4545454545455,523.0,1011.2727272727273,168.5454545454545,108.70000000000005,1042.3,880.3,124.35000000000014,116.63157894736844,559.0,788.3684210526316,144.0,97.64285714285711,586.4285714285714,1304.142857142857,184.0,110.0,827.8888888888889,719.5555555555555,148.8888888888889,113.00000000000006,1055.5384615384614,423.15384615384613,142.0,119.64285714285722,650.0714285714286,742.6428571428571,143.0,112.0,1309.0,809.0,136.0,108.0,1019.7,569.3,152.20000000000005,89.5,2378.0,988.0,134.0,36.0,1017.2,596.6,36.0
708,85.09090909090901,524.0,1009.4545454545455,167.90909090909088,109.79999999999995,1042.2,876.2,123.39999999999986,117.36842105263156,559.0,787.6315789473684,144.0,97.28571428571445,588.8571428571429,1304.2857142857142,183.0,111.0,827.4444444444445,718.7777777777778,149.44444444444446,113.0,1059.6153846153845,424.46153846153845,142.0,120.28571428571422,650.1428571428571,741.2857142857143,143.0,108.0,1305.0,812.0,140.0,108.0,1018.8,569.2,152.79999999999995,93.0,2365.0,986.0,140.0,36.0,1015.8,595.4,36.0
709,84.72727272727263,525.0,1007.6363636363636,167.27272727272725,110.89999999999998,1042.1,872.1,122.45000000000005,118.10526315789468,559.0,786.8947368421053,144.0,96.92857142857156,591.2857142857143,1304.4285714285713,182.0,112.0,827.0,718.0,150.0,112.99999999999994,1063.6923076923076,425.7692307692308,142.0,120.92857142857144,650.2142857142857,739.9285714285714,143.0,110.25,1300.3333333333333,817.9166666666666,138.91666666666674,108.0,1017.9,569.1,153.39999999999998,92.5,2361.0,987.75,136.91666666666652,36.0,1014.4,594.2,36.000000000000114
710,84.36363636363637,526.0,1005.8181818181819,166.63636363636363,112.0,1042.0,868.0,121.5,118.84210526315792,559.0,786.1578947368421,144.0,96.57142857142844,593.7142857142857,1304.5714285714287,181.0,111.36363636363637,828.7272727272727,718.6363636363636,148.27272727272725,113.0,1067.7692307692307,427.0769230769231,142.0,121.57142857142856,650.2857142857143,738.5714285714286,143.0,112.5,1295.6666666666667,823.8333333333334,137.83333333333326,108.0,1017.0,569.0,154.0,92.0,2357.0,989.5,133.83333333333348,36.0,1013.0,593.0,36.0
711,84.0,527.0,1004.0,166.0,113.10000000000002,1041.9,863.9,120.54999999999995,119.57894736842104,559.0,785.421052631579,144.0,96.21428571428555,596.1428571428571,1304.7142857142858,180.0,110.72727272727275,830.4545454545455,719.2727272727273,146.5454545454545,113.0,1071.8461538461538,428.38461538461536,142.0,122.21428571428578,650.3571428571429,737.2142857142857,143.0,114.75,1291.0,829.75,136.75,108.0,1020.1,567.6,151.9999999999999,91.5,2353.0,991.25,130.75,36.0,1022.4,591.6,36.000000000000114
712,84.0,527.3333333333334,1003.2222222222222,166.0,114.20000000000005,1041.8,859.8,119.60000000000014,120.31578947368416,559.0,784.6842105263158,144.0,95.85714285714289,598.5714285714286,1304.857142857143,179.0,110.09090909090912,832.1818181818181,719.9090909090909,144.81818181818187,113.00000000000006,1075.923076923077,429.6923076923077,142.0,122.85714285714278,650.4285714285714,735.8571428571429,143.0,117.0,1286.3333333333333,835.6666666666666,135.66666666666674,108.0,1023.2,566.2,150.0,91.0,2349.0,993.0,127.66666666666652,36.0,1031.8,590.2,36.0
713,83.99999999999989,527.6666666666666,1002.4444444444445,166.0,115.29999999999995,1041.7,855.7,118.64999999999986,121.0526315789474,559.0,783.9473684210526,144.0,95.5,601.0,1305.0,178.0,109.4545454545455,833.9090909090909,720.5454545454545,143.09090909090912,113.0,1080.0,431.0,142.0,123.5,650.5,734.5,143.0,119.25,1281.6666666666667,841.5833333333334,134.58333333333326,108.0,1026.3,564.8,148.0,90.5,2345.0,994.75,124.58333333333348,36.0,1041.2,588.8,36.0
714,84.00000000000011,528.0,1001.6666666666666,166.0,116.39999999999998,1041.6,851.6,117.70000000000005,121.78947368421052,559.0,783.2105263157895,144.0,95.14285714285711,603.4285714285714,1305.142857142857,177.0,108.81818181818187,835.6363636363636,721.1818181818181,141.36363636363637,110.85714285714283,1085.0,433.7142857142857,138.42857142857133,124.14285714285722,650.5714285714286,733.1428571428571,143.0,121.5,1277.0,847.5,133.5,108.0,1029.4,563.4,146.0,90.0,2341.0,996.5,121.5,36.0,1050.6,587.4,36.0
715,84.0,528.3333333333334,1000.8888888888889,166.0,117.5,1041.5,847.5,116.75,122.52631578947364,559.0,782.4736842105264,144.0,94.78571428571445,605.8571428571429,1305.2857142857142,176.0,108.18181818181813,837.3636363636364,721.8181818181819,139.63636363636363,108.71428571428567,1090.0,436.42857142857144,134.8571428571429,124.78571428571422,650.6428571428571,731.7857142857143,143.0,123.75,1272.3333333333333,853.4166666666666,132.41666666666674,108.0,1032.5,562.0,144.0,89.5,2337.0,998.25,118.41666666666652,36.0,1060.0,586.0,36.0
716,84.0,528.6666666666666,1000.1111111111111,166.0,118.60000000000002,1041.4,843.4,115.79999999999995,123.26315789473688,559.0,781.7368421052631,144.0,94.42857142857156,608.2857142857143,1305.4285714285713,175.0,107.5454545454545,839.0909090909091,722.4545454545455,137.90909090909088,106.5714285714285,1095.0,439.14285714285717,131.28571428571422,125.42857142857144,650.7142857142857,730.4285714285714,143.0,126.0,1267.6666666666667,859.3333333333334,131.33333333333326,108.0,1035.6,560.6,142.0,89.0,2333.0,1000.0,115.33333333333348,36.0,1059.4,580.0,36.0
717,83.99999999999989,529.0,999.3333333333334,166.0,119.70000000000005,1041.3,839.3,114.85000000000014,124.0,559.0,781.0,144.0,94.07142857142844,610.7142857142857,1305.5714285714287,174.0,106.90909090909088,840.8181818181819,723.0909090909091,136.18181818181813,104.4285714285715,1100.0,441.85714285714283,127.71428571428578,126.07142857142856,650.7857142857143,729.0714285714286,143.0,128.25,1263.0,865.25,130.25,108.0,1038.7,559.2,140.0,88.5,2329.0,1001.75,112.25,36.0,1058.8,574.0,36.0
718,84.00000000000011,529.3333333333334,998.5555555555555,166.0,120.79999999999995,1041.2,835.2,113.89999999999986,123.5,559.0,781.5,143.83333333333337,93.71428571428555,613.1428571428571,1305.7142857142858,173.0,106.27272727272725,842.5454545454545,723.7272727272727,134.4545454545455,102.28571428571433,1105.0,444.57142857142856,124.14285714285711,126.71428571428578,650.8571428571429,727.7142857142857,143.0,130.5,1258.3333333333333,871.1666666666666,129.16666666666674,108.0,1041.8,557.8,138.0,88.0,2325.0,1003.5,109.16666666666652,36.0,1058.2,568.0,36.0
719,84.0,529.6666666666666,997.7777777777778,166.0,121.89999999999998,1041.1,831.1,112.95000000000005,123.0,559.0,782.0,143.66666666666663,93.35714285714289,615.5714285714286,1305.857142857143,172.0,105.63636363636363,844.2727272727273,724.3636363636364,132.72727272727275,100.14285714285717,1110.0,447.2857142857143,120.57142857142867,127.35714285714278,650.9285714285714,726.3571428571429,143.0,132.75,1253.6666666666667,877.0833333333334,128.08333333333326,108.0,1044.9,556.4,136.0,87.5,2321.0,1005.25,106.08333333333348,36.0,1057.6,562.0,36.0
720,84.0,530.0,997.0,166.0,123.0,1041.0,827.0,112.0,122.5,559.0,782.5,143.5,93.0,618.0,1306.0,171.0,105.0,846.0,725.0,131.0,98.0,1115.0,450.0,117.0,128.0,651.0,725.0,143.0,135.0,1249.0,883.0,127.0,108.0,1048.0,555.0,134.0,87.0,2317.0,1007.0,103.0,36.0,1057.0,556.0,36.0
721,83.75,529.1,997.0,166.89999999999998,123.86666666666667,1041.5333333333333,820.8,112.0,122.0,559.0,783.0,143.33333333333337,93.59999999999991,623.6,1304.4,172.79999999999995,105.91666666666663,847.0,723.5,131.91666666666663,100.18181818181813,1121.1818181818182,454.3636363636364,117.81818181818176,127.39999999999998,650.65,726.1,143.0,135.42105263157896,1247.5263157894738,890.8421052631579,127.0,109.59999999999991,1047.8,550.2,134.0,85.40000000000009,2310.6,1010.0,109.59999999999991,36.0,1055.3333333333333,549.3333333333334,36.0
722,83.5,528.2,997.0,167.79999999999995,124.73333333333335,1042.0666666666666,814.6,112.0,121.5,559.0,783.5,143.16666666666663,94.20000000000005,629.2,1302.8,174.5999999999999,106.83333333333337,848.0,722.0,132.83333333333337,102.36363636363637,1127.3636363636363,458.72727272727275,118.63636363636374,126.79999999999995,650.3,727.2,143.0,135.84210526315792,1246.0526315789473,898.6842105263158,127.0,111.20000000000005,1047.6,545.4,134.0,83.79999999999995,2304.2,1013.0,116.20000000000027,36.0,1053.6666666666667,542.6666666666666,36.0
723,83.25,527.3,997.0,168.70000000000005,125.60000000000002,1042.6,808.4,112.0,121.0,559.0,784.0,143.0,94.79999999999995,634.8,1301.2,176.4000000000001,107.75,849.0,720.5,133.75,104.54545454545456,1133.5454545454545,463.09090909090907,119.4545454545455,126.20000000000005,649.95,728.3,143.0,136.263157894737,1244.578947368421,906.5263157894736,127.0,112.79999999999995,1047.4,540.6,134.0,82.20000000000005,2297.8,1016.0,122.79999999999973,36.0,1052.0,536.0,36.0
724,83.0,526.4,997.0,169.60000000000002,126.46666666666658,1043.1333333333334,802.2,112.0,120.5,559.0,784.5,142.83333333333337,95.40000000000009,640.4,1299.6,178.20000000000005,108.66666666666663,850.0,719.0,134.66666666666663,106.72727272727269,1139.7272727272727,467.45454545454544,120.27272727272725,125.60000000000002,649.6,729.4,143.0,136.68421052631572,1243.1052631578948,914.3684210526316,127.0,114.40000000000009,1047.2,535.8,134.0,80.59999999999991,2291.4,1019.0,129.4000000000001,36.0,1052.0,533.5,36.0
725,82.75,525.5,997.0,170.5,127.33333333333337,1043.6666666666667,796.0,112.0,120.0,559.0,785.0,142.66666666666663,96.0,646.0,1298.0,180.0,109.58333333333337,851.0,717.5,135.58333333333337,108.90909090909093,1145.909090909091,471.8181818181818,121.09090909090901,125.0,649.25,730.5,143.0,137.10526315789468,1241.6315789473683,922.2105263157895,127.0,116.0,1047.0,531.0,134.0,79.0,2285.0,1022.0,136.0,36.0,1052.0,531.0,36.0
726,82.5,524.6,997.0,171.39999999999998,128.20000000000005,1044.2,789.8,112.0,119.5,559.0,785.5,142.5,95.79999999999995,651.6,1297.1333333333334,176.5333333333333,110.5,852.0,716.0,136.5,111.09090909090907,1152.090909090909,476.1818181818182,121.90909090909099,124.39999999999998,648.9,731.6,143.0,137.52631578947364,1240.157894736842,930.0526315789474,127.0,117.59999999999991,1046.8,526.2,134.0,79.16666666666663,2283.8333333333335,1023.1666666666666,126.83333333333303,36.0,1050.6,528.4,36.0
727,82.25,523.7,997.0,172.29999999999995,129.0666666666666,1044.7333333333333,783.6,112.0,119.0,559.0,786.0,142.33333333333337,95.59999999999991,657.2,1296.2666666666667,173.0666666666666,111.41666666666663,853.0,714.5,137.41666666666663,113.27272727272731,1158.2727272727273,480.54545454545456,122.72727272727275,123.79999999999995,648.55,732.7,143.0,137.94736842105272,1238.6842105263158,937.8947368421052,127.0,119.20000000000005,1046.6,521.4,134.0,79.33333333333348,2282.6666666666665,1024.3333333333333,117.66666666666697,36.0,1049.2,525.8,36.0
728,82.0,522.8,997.0,173.20000000000005,129.9333333333334,1045.2666666666667,777.4,112.0,118.5,559.0,786.5,142.16666666666663,95.39999999999986,662.8,1295.4,169.60000000000002,112.33333333333337,854.0,713.0,138.33333333333337,115.4545454545455,1164.4545454545455,484.9090909090909,123.5454545454545,123.20000000000005,648.2,733.8,143.0,138.36842105263167,1237.2105263157894,945.7368421052631,127.0,120.79999999999995,1046.4,516.6,134.0,79.5,2281.5,1025.5,108.5,36.0,1047.8,523.2,36.0
729,81.75,521.9,997.0,174.10000000000002,130.79999999999995,1045.8,771.2,112.0,118.0,559.0,787.0,142.0,95.20000000000005,668.4,1294.5333333333333,166.13333333333333,113.25,855.0,711.5,139.25,117.63636363636363,1170.6363636363637,489.27272727272725,124.36363636363626,122.60000000000002,647.85,734.9,143.0,138.78947368421063,1235.7368421052631,953.578947368421,127.0,122.40000000000003,1046.2,511.8,134.0,79.66666666666652,2280.3333333333335,1026.6666666666667,99.33333333333303,36.0,1046.4,520.6,36.0
730,81.5,521.0,997.0,175.0,131.66666666666663,1046.3333333333333,765.0,112.0,117.5,559.0,787.5,141.83333333333337,95.0,674.0,1293.6666666666667,162.66666666666663,114.16666666666663,856.0,710.0,140.16666666666663,119.81818181818187,1176.8181818181818,493.6363636363636,125.18181818181824,122.0,647.5,736.0,143.0,139.21052631578937,1234.2631578947369,961.421052631579,127.0,124.0,1046.0,507.0,134.0,79.83333333333348,2279.1666666666665,1027.8333333333333,90.16666666666697,36.0,1045.0,518.0,36.0
731,81.25,520.1,997.0,175.89999999999998,132.53333333333342,1046.8666666666666,758.8,112.0,117.0,559.0,788.0,141.66666666666663,94.79999999999995,679.6,1292.8,159.19999999999993,115.08333333333337,857.0,708.5,141.08333333333337,122.0,1183.0,498.0,126.0,121.39999999999998,647.15,737.1,143.0,139.63157894736833,1232.7894736842106,969.2631578947369,127.0,123.79999999999995,1047.6,506.6,135.20000000000005,80.0,2278.0,1029.0,81.0,36.0,1046.8,518.6,36.0
732,81.0,519.2,997.0,176.79999999999995,133.39999999999998,1047.4,752.6,112.0,116.5,559.0,788.5,141.5,94.59999999999991,685.2,1291.9333333333334,155.73333333333323,116.0,858.0,707.0,142.0,121.0,1188.2222222222222,506.0,124.22222222222217,120.79999999999995,646.8,738.2,143.0,140.0526315789474,1231.3157894736842,977.1052631578947,127.0,123.59999999999997,1049.2,506.2,136.39999999999986,82.0,2261.4,1028.4,94.19999999999982,36.0,1048.6,519.2,36.0
733,80.75,518.3,997.0,177.70000000000005,134.26666666666665,1047.9333333333334,746.4,112.0,116.0,559.0,789.0,141.33333333333337,94.40000000000009,690.8,1291.0666666666666,152.26666666666677,116.0,860.375,706.375,141.5,120.0,1193.4444444444443,514.0,122.44444444444457,120.20000000000005,646.45,739.3,143.0,140.47368421052636,1229.842105263158,984.9473684210526,127.0,123.40000000000003,1050.8,505.8,137.60000000000014,84.0,2244.8,1027.8,107.39999999999964,36.0,1050.4,519.8,36.0
734,80.5,517.4,997.0,178.60000000000002,135.13333333333333,1048.4666666666667,740.2,112.0,115.5,559.0,789.5,141.16666666666663,94.20000000000005,696.4,1290.2,148.80000000000007,116.0,862.75,705.75,141.0,119.0,1198.6666666666667,522.0,120.66666666666652,119.60000000000002,646.1,740.4,143.0,140.89473684210532,1228.3684210526317,992.7894736842105,127.0,123.20000000000005,1052.4,505.4,138.79999999999995,86.0,2228.2,1027.2,120.60000000000036,36.0,1052.2,520.4,36.0
735,80.25,516.5,997.0,179.5,136.0,1049.0,734.0,112.0,115.0,559.0,790.0,141.0,94.0,702.0,1289.3333333333333,145.33333333333337,116.0,865.125,705.125,140.5,118.0,1203.888888888889,530.0,118.88888888888891,119.0,645.75,741.5,143.0,141.31578947368428,1226.8947368421052,1000.6315789473684,127.0,123.0,1054.0,505.0,140.0,88.0,2211.6,1026.6,133.80000000000018,36.0,1054.0,521.0,36.0
736,80.0,515.6,997.0,180.39999999999998,128.80000000000007,1049.4,727.8,112.0,114.5,559.0,790.5,140.83333333333337,93.79999999999995,707.6,1288.4666666666667,141.86666666666667,116.0,867.5,704.5,140.0,117.0,1209.111111111111,538.0,117.11111111111109,118.39999999999998,645.4,742.6,143.0,141.73684210526324,1225.421052631579,1008.4736842105264,127.0,123.20000000000005,1060.4,504.4,136.19999999999982,90.0,2195.0,1026.0,147.0,36.0,1059.8,521.6,36.0
737,79.75,514.7,997.0,181.29999999999995,121.60000000000002,1049.8,721.6,112.0,114.0,559.0,791.0,140.66666666666663,93.60000000000014,713.2,1287.6,138.39999999999998,116.0,869.875,703.875,139.5,116.0,1214.3333333333333,546.0,115.33333333333348,117.79999999999995,645.05,743.7,143.0,142.15789473684208,1223.9473684210527,1016.3157894736842,127.0,123.40000000000003,1066.8,503.8,132.4000000000001,92.0,2193.25,1025.25,145.5,36.0,1065.6,522.2,36.0
738,79.5,513.8,997.0,182.20000000000005,114.39999999999998,1050.2,715.4,112.0,113.5,559.0,791.5,140.5,93.40000000000009,718.8,1286.7333333333333,134.9333333333334,116.0,872.25,703.25,139.0,115.0,1219.5555555555557,554.0,113.55555555555543,117.20000000000005,644.7,744.8,143.0,142.57894736842104,1222.4736842105262,1024.157894736842,127.0,123.59999999999997,1073.2,503.2,128.5999999999999,94.0,2191.5,1024.5,144.0,36.0,1071.4,522.8,36.0
739,79.25,512.9,997.0,183.10000000000002,107.19999999999993,1050.6,709.2,112.0,113.0,559.0,792.0,140.33333333333337,93.20000000000005,724.4,1285.8666666666666,131.4666666666667,116.0,874.625,702.625,138.5,114.0,1224.7777777777778,562.0,111.77777777777783,116.60000000000002,644.35,745.9,143.0,143.0,1221.0,1032.0,127.0,123.79999999999995,1079.6,502.6,124.80000000000018,96.0,2189.75,1023.75,142.5,36.0,1077.2,523.4,36.0
740,79.0,512.0,997.0,184.0,100.0,1051.0,703.0,112.0,112.5,559.0,792.5,140.16666666666663,93.0,730.0,1285.0,128.0,116.0,877.0,702.0,138.0,113.0,1230.0,570.0,110.0,116.0,644.0,747.0,143.0,135.0,1220.0,1040.0,127.0,124.0,1086.0,502.0,121.0,98.0,2188.0,1023.0,141.0,36.0,1083.0,524.0,36.0
741,80.25,512.0,997.0,183.60000000000002,105.25,1054.0,696.75,114.25,112.0,559.0,793.0,140.0,92.5,734.8333333333334,1284.1666666666667,136.33333333333326,115.39999999999998,880.2666666666667,704.5333333333333,136.5333333333333,119.33333333333337,1235.3333333333333,576.6666666666666,112.33333333333348,115.5,644.0,747.5,143.0,134.0666666666666,1221.4666666666667,1046.6666666666667,125.86666666666656,124.15384615384619,1087.2307692307693,498.38461538461536,123.15384615384619,97.33333333333348,2182.866666666667,1024.8666666666666,140.9333333333334,36.0,1091.6,521.6,36.0
742,81.5,512.0,997.0,183.20000000000005,110.5,1057.0,690.5,116.5,111.63157894736844,559.0,793.3684210526316,140.15789473684208,92.0,739.6666666666666,1283.3333333333333,144.66666666666674,114.79999999999995,883.5333333333333,707.0666666666667,135.06666666666672,125.66666666666663,1240.6666666666667,583.3333333333334,114.66666666666652,115.0,644.0,748.0,143.0,133.13333333333344,1222.9333333333334,1053.3333333333333,124.73333333333335,124.30769230769232,1088.4615384615386,494.7692307692308,125.30769230769215,96.66666666666674,2177.733333333333,1026.7333333333333,140.8666666666668,36.0,1100.2,519.2,36.0
743,82.75,512.0,997.0,182.79999999999995,115.75,1060.0,684.25,118.75,111.26315789473688,559.0,793.7368421052631,140.31578947368416,91.5,744.5,1282.5,153.0,114.19999999999993,886.8,709.6,133.60000000000002,132.0,1246.0,590.0,117.0,114.5,644.0,748.5,143.0,132.20000000000005,1224.4,1060.0,123.59999999999991,124.46153846153851,1089.6923076923076,491.15384615384613,127.46153846153857,96.0,2172.6,1028.6,140.80000000000018,36.0,1108.8,516.8,36.0
744,84.0,512.0,997.0,182.39999999999998,121.0,1063.0,678.0,121.0,110.89473684210532,559.0,794.1052631578947,140.47368421052636,91.0,749.3333333333334,1281.6666666666667,161.33333333333326,113.60000000000002,890.0666666666667,712.1333333333333,132.13333333333333,132.25,1252.875,600.75,118.25,114.0,644.0,749.0,143.0,131.26666666666665,1225.8666666666666,1066.6666666666667,122.4666666666667,124.61538461538464,1090.923076923077,487.53846153846155,129.61538461538453,95.33333333333326,2167.4666666666667,1030.4666666666667,140.73333333333312,36.0,1117.4,514.4,36.0
745,85.25,512.0,997.0,182.0,119.18181818181813,1066.090909090909,671.8181818181819,125.18181818181824,110.52631578947364,559.0,794.4736842105264,140.63157894736844,90.5,754.1666666666666,1280.8333333333333,169.66666666666674,113.0,893.3333333333334,714.6666666666666,130.66666666666663,132.5,1259.75,611.5,119.5,113.5,644.0,749.5,143.0,130.33333333333348,1227.3333333333333,1073.3333333333333,121.33333333333348,124.76923076923083,1092.1538461538462,483.9230769230769,131.76923076923072,94.66666666666674,2162.3333333333335,1032.3333333333333,140.66666666666652,36.0,1126.0,512.0,36.0
746,86.5,512.0,997.0,181.60000000000002,117.36363636363637,1069.1818181818182,665.6363636363636,129.36363636363626,110.15789473684208,559.0,794.8421052631579,140.78947368421052,90.0,759.0,1280.0,178.0,112.39999999999998,896.6,717.2,129.19999999999993,132.75,1266.625,622.25,120.75,113.0,644.0,750.0,143.0,129.4000000000001,1228.8,1080.0,120.20000000000005,124.92307692307696,1093.3846153846155,480.3076923076923,133.9230769230769,94.0,2157.2,1034.2,140.60000000000036,36.0,1125.4,503.4,36.0
747,87.75,512.0,997.0,181.20000000000005,115.5454545454545,1072.2727272727273,659.4545454545455,133.5454545454545,109.78947368421052,559.0,795.2105263157895,140.9473684210526,90.21428571428578,763.7857142857143,1278.357142857143,176.92857142857133,111.79999999999995,899.8666666666667,719.7333333333333,127.73333333333323,133.0,1273.5,633.0,122.0,112.5,644.0,750.5,143.0,128.4666666666667,1230.2666666666667,1086.6666666666667,119.0666666666666,125.07692307692304,1094.6153846153845,476.6923076923077,136.0769230769231,93.33333333333348,2152.0666666666666,1036.0666666666666,140.5333333333333,35.99999999999994,1124.8,494.8,36.0
748,89.0,512.0,997.0,180.79999999999995,113.72727272727275,1075.3636363636363,653.2727272727273,137.72727272727275,109.42105263157896,559.0,795.578947368421,141.10526315789468,90.42857142857133,768.5714285714286,1276.7142857142858,175.8571428571429,111.20000000000005,903.1333333333333,722.2666666666667,126.26666666666677,133.25,1280.375,643.75,123.25,112.0,644.0,751.0,143.0,127.5333333333333,1231.7333333333333,1093.3333333333333,117.9333333333334,125.23076923076917,1095.8461538461538,473.0769230769231,138.23076923076928,92.66666666666652,2146.9333333333334,1037.9333333333334,140.4666666666667,36.00000000000006,1124.2,486.2,36.0
749,90.25,512.0,997.0,180.39999999999998,111.90909090909088,1078.4545454545455,647.0909090909091,141.90909090909076,109.0526315789474,559.0,795.9473684210526,141.26315789473688,90.64285714285711,773.3571428571429,1275.0714285714287,174.78571428571422,110.60000000000002,906.4,724.8,124.80000000000007,133.5,1287.25,654.5,124.5,111.5,644.0,751.5,143.0,126.59999999999991,1233.2,1100.0,116.79999999999995,125.38461538461536,1097.076923076923,469.46153846153845,140.38461538461547,92.0,2141.8,1039.8,140.39999999999964,36.0,1123.6,477.6,36.0
750,91.5,512.0,997.0,180.0,110.09090909090912,1081.5454545454545,640.9090909090909,146.09090909090924,108.68421052631584,559.0,796.3157894736842,141.42105263157896,90.85714285714289,778.1428571428571,1273.4285714285713,173.71428571428578,110.0,909.6666666666666,727.3333333333334,123.33333333333337,133.75,1294.125,665.25,125.75,111.0,644.0,752.0,143.0,125.66666666666652,1234.6666666666667,1106.6666666666667,115.66666666666652,125.53846153846149,1098.3076923076924,465.84615384615387,142.53846153846143,91.33333333333326,2136.6666666666665,1041.6666666666667,140.33333333333348,36.0,1123.0,469.0,36.0
751,92.75,512.0,997.0,179.60000000000002,108.27272727272725,1084.6363636363637,634.7272727272727,150.27272727272725,108.31578947368416,559.0,796.6842105263158,141.57894736842104,91.07142857142867,782.9285714285714,1271.7857142857142,172.6428571428571,109.39999999999998,912.9333333333333,729.8666666666667,121.86666666666667,134.0,1301.0,676.0,127.0,110.5,644.0,752.5,143.0,124.73333333333335,1236.1333333333334,1113.3333333333333,114.5333333333333,125.69230769230768,1099.5384615384614,462.2307692307692,144.69230769230785,90.66666666666674,2131.5333333333333,1043.5333333333333,140.26666666666688,36.0,1118.6666666666667,467.3333333333333,36.0
752,94.0,512.0,997.0,179.20000000000005,106.4545454545455,1087.7272727272727,628.5454545454545,154.4545454545455,107.9473684210526,559.0,797.0526315789474,141.73684210526312,91.28571428571422,787.7142857142857,1270.142857142857,171.57142857142867,108.80000000000007,916.2,732.4,120.39999999999986,132.33333333333337,1305.3333333333333,684.0,127.11111111111109,110.0,644.0,753.0,143.0,123.79999999999995,1237.6,1120.0,113.40000000000009,125.84615384615381,1100.7692307692307,458.61538461538464,146.8461538461538,90.0,2126.4,1045.4,140.19999999999982,36.0,1114.3333333333333,465.6666666666667,36.0
753,95.25,512.0,997.0,178.79999999999995,104.63636363636363,1090.8181818181818,622.3636363636364,158.63636363636374,107.57894736842104,559.0,797.421052631579,141.89473684210532,91.5,792.5,1268.5,170.5,108.19999999999993,919.4666666666667,734.9333333333334,118.9333333333334,130.66666666666663,1309.6666666666667,692.0,127.22222222222217,109.5,644.0,753.5,143.0,122.86666666666656,1239.0666666666666,1126.6666666666667,112.26666666666665,126.0,1102.0,455.0,149.0,89.33333333333326,2121.266666666667,1047.2666666666667,140.1333333333332,36.0,1110.0,464.0,36.0
754,96.5,512.0,997.0,178.39999999999998,102.81818181818176,1093.909090909091,616.1818181818182,162.81818181818176,107.21052631578948,559.0,797.7894736842105,142.0526315789474,91.71428571428578,797.2857142857143,1266.857142857143,169.42857142857133,107.60000000000002,922.7333333333333,737.4666666666667,117.4666666666667,129.0,1314.0,700.0,127.33333333333326,109.0,644.0,754.0,143.0,121.9333333333334,1240.5333333333333,1133.3333333333333,111.13333333333344,120.28571428571433,1100.7142857142858,452.57142857142856,151.42857142857133,88.66666666666652,2116.133333333333,1049.1333333333334,140.0666666666666,36.0,1106.0,461.5,36.0
755,97.75,512.0,997.0,178.0,101.0,1097.0,610.0,167.0,106.84210526315792,559.0,798.1578947368421,142.21052631578948,91.92857142857133,802.0714285714286,1265.2142857142858,168.3571428571429,107.0,926.0,740.0,116.0,127.33333333333337,1318.3333333333333,708.0,127.44444444444457,108.5,644.0,754.5,143.0,121.0,1242.0,1140.0,110.0,114.5714285714285,1099.4285714285713,450.14285714285717,153.8571428571429,88.0,2111.0,1051.0,140.0,36.0,1102.0,459.0,36.0
756,99.0,512.0,997.0,177.60000000000002,105.0,1100.2,603.8,164.5999999999999,106.47368421052636,559.0,798.5263157894736,142.36842105263156,92.14285714285711,806.8571428571429,1263.5714285714287,167.28571428571422,108.79999999999995,933.4,745.0,120.39999999999998,125.66666666666663,1322.6666666666667,716.0,127.55555555555543,108.0,644.0,755.0,143.0,116.0,1242.6,1148.6,110.80000000000018,108.85714285714283,1098.142857142857,447.7142857142857,156.28571428571422,86.60000000000014,2109.0,1053.8,130.19999999999982,36.0,1097.8,462.8,36.0
757,100.25,512.0,997.0,177.20000000000005,109.0,1103.4,597.6,162.19999999999982,106.10526315789468,559.0,798.8947368421053,142.52631578947364,92.35714285714289,811.6428571428571,1261.9285714285713,166.21428571428578,110.60000000000002,940.8,750.0,124.79999999999995,124.0,1327.0,724.0,127.66666666666674,107.5,644.0,755.5,143.0,111.0,1243.2,1157.2,111.59999999999991,103.14285714285717,1096.857142857143,445.2857142857143,158.71428571428578,85.20000000000005,2107.0,1056.6,120.40000000000009,36.0,1093.6,466.6,36.0
758,101.5,512.0,997.0,176.79999999999995,113.0,1106.6,591.4,159.80000000000018,105.73684210526312,559.0,799.2631578947369,142.68421052631584,92.57142857142867,816.4285714285714,1260.2857142857142,165.1428571428571,112.39999999999998,948.2,755.0,129.20000000000005,122.33333333333337,1331.3333333333333,732.0,127.77777777777783,107.0,644.0,756.0,143.0,106.0,1243.8,1165.8,112.40000000000009,97.4285714285715,1095.5714285714287,442.85714285714283,161.1428571428571,83.79999999999995,2105.0,1059.4,110.59999999999991,36.0,1089.4,470.4,36.0
759,102.75,512.0,997.0,176.39999999999998,117.0,1109.8,585.2,157.4000000000001,105.36842105263156,559.0,799.6315789473684,142.84210526315792,92.78571428571422,821.2142857142857,1258.642857142857,164.07142857142867,114.20000000000005,955.6,760.0,133.60000000000002,120.66666666666663,1335.6666666666667,740.0,127.88888888888891,106.5,644.0,756.5,143.0,101.0,1244.4,1174.4,113.19999999999982,91.71428571428567,1094.2857142857142,440.42857142857144,163.57142857142867,82.39999999999986,2103.0,1062.2,100.80000000000018,36.0,1085.2,474.2,36.0
760,104.0,512.0,997.0,176.0,121.0,1113.0,579.0,155.0,105.0,559.0,800.0,143.0,93.0,826.0,1257.0,163.0,116.0,963.0,765.0,138.0,119.0,1340.0,748.0,128.0,106.0,644.0,757.0,143.0,96.0,1245.0,1183.0,114.0,86.0,1093.0,438.0,166.0,81.0,2101.0,1065.0,91.0,36.0,1081.0,478.0,36.0
761,103.75,513.3,998.2,175.45000000000005,124.0,1115.1666666666667,574.3333333333334,148.33333333333326,105.35000000000002,558.3,800.5,143.6500000000001,93.19999999999982,834.2,1256.4,162.19999999999993,116.0,967.4,769.9,134.60000000000002,130.0,1346.0,759.0,129.0,106.85000000000002,643.85,757.0,143.14999999999998,97.4545454545455,1245.2727272727273,1185.4545454545455,114.4545454545455,87.83333333333337,1096.1666666666667,436.0,161.5,82.20000000000005,2092.7,1064.7,95.80000000000018,36.0,1089.8,491.4,36.0
762,103.50000000000011,514.6,999.4,174.89999999999998,127.0,1117.3333333333333,569.6666666666666,141.66666666666674,105.70000000000005,557.6,801.0,144.29999999999995,93.40000000000009,842.4,1255.8,161.39999999999998,116.0,971.8,774.8,131.20000000000005,141.0,1352.0,770.0,130.0,107.70000000000005,643.7,757.0,143.29999999999995,98.90909090909076,1245.5454545454545,1187.909090909091,114.90909090909099,89.66666666666663,1099.3333333333333,434.0,157.0,83.39999999999986,2084.4,1064.4,100.59999999999991,35.99999999999994,1098.6,504.8,36.0
763,103.24999999999989,515.9,1000.6,174.35000000000002,130.0,1119.5,565.0,135.0,106.04999999999995,556.9,801.5,144.95000000000005,93.59999999999991,850.6,1255.2,160.60000000000002,116.0,976.2,779.7,127.79999999999995,141.0,1355.4,776.8,130.0,108.54999999999995,643.55,757.0,143.45000000000005,100.36363636363649,1245.8181818181818,1190.3636363636363,115.36363636363649,91.5,1102.5,432.0,152.5,84.60000000000014,2076.1,1064.1,105.40000000000009,36.0,1107.4,518.2,36.0
764,103.0,517.2,1001.8,173.79999999999995,133.0,1121.6666666666667,560.3333333333334,128.33333333333326,106.39999999999998,556.2,802.0,145.5999999999999,93.80000000000018,858.8,1254.6,159.80000000000007,116.0,980.6,784.6,124.39999999999998,141.0,1358.8,783.6,130.0,109.39999999999998,643.4,757.0,143.60000000000002,101.81818181818198,1246.090909090909,1192.8181818181818,115.81818181818198,93.33333333333337,1105.6666666666667,430.0,148.0,85.79999999999995,2067.8,1063.8,110.19999999999982,36.0,1116.2,531.6,36.0
765,102.75,518.5,1003.0,173.25,136.0,1123.8333333333333,555.6666666666666,121.66666666666674,106.75,555.5,802.5,146.25,94.0,867.0,1254.0,159.0,116.0,985.0,789.5,121.0,141.0,1362.2,790.4,130.0,110.25,643.25,757.0,143.75,103.27272727272725,1246.3636363636363,1195.2727272727273,116.27272727272748,95.16666666666663,1108.8333333333333,428.0,143.5,87.0,2059.5,1063.5,115.0,36.0,1125.0,545.0,36.0
766,102.5,519.8,1004.2,172.70000000000005,139.0,1126.0,551.0,115.0,107.10000000000002,554.8,803.0,146.9000000000001,94.20000000000005,868.7333333333333,1254.2666666666667,158.26666666666665,116.0,989.4,794.4,117.60000000000002,141.0,1365.6,797.2,130.0,111.10000000000002,643.1,757.0,143.89999999999998,104.72727272727275,1246.6363636363637,1197.7272727272727,116.72727272727252,97.0,1112.0,426.0,139.0,88.20000000000005,2051.2,1063.2,119.80000000000018,36.0,1136.2,554.0,36.0
767,102.25000000000011,521.1,1005.4,172.14999999999998,152.5,1124.5,534.0,129.5,107.45000000000005,554.1,803.5,147.54999999999995,94.40000000000009,870.4666666666667,1254.5333333333333,157.5333333333333,116.0,993.8,799.3,114.20000000000005,141.0,1369.0,804.0,130.0,111.95000000000005,642.95,757.0,144.04999999999995,106.18181818181802,1246.909090909091,1200.1818181818182,117.18181818181802,98.78571428571422,1108.4285714285713,423.92857142857144,141.21428571428578,89.39999999999986,2042.9,1062.9,124.59999999999991,36.0,1147.4,563.0,36.0
768,101.99999999999989,522.4,1006.6,171.60000000000002,166.0,1123.0,517.0,144.0,107.79999999999995,553.4,804.0,148.20000000000005,94.60000000000014,872.2,1254.8,156.79999999999995,116.0,998.2,804.2,110.79999999999995,143.090909090909,1373.5454545454545,808.4545454545455,130.0,112.79999999999995,642.8,757.0,144.20000000000005,107.63636363636351,1247.1818181818182,1202.6363636363637,117.63636363636351,100.57142857142861,1104.857142857143,421.85714285714283,143.42857142857133,90.60000000000014,2034.6,1062.6,129.4000000000001,36.0,1158.6,572.0,36.0
769,101.75,523.7,1007.8,171.04999999999995,166.0,1122.0,515.0,153.33333333333326,108.14999999999998,552.7,804.5,148.8499999999999,94.79999999999995,873.9333333333333,1255.0666666666666,156.06666666666672,116.0,1002.6,809.1,107.39999999999998,145.18181818181824,1378.090909090909,812.9090909090909,130.0,113.64999999999998,642.65,757.0,144.35000000000002,109.09090909090924,1247.4545454545455,1205.090909090909,118.09090909090901,102.35714285714283,1101.2857142857142,419.7857142857143,145.6428571428571,91.79999999999995,2026.3,1062.3,134.20000000000005,36.0,1169.8,581.0,36.0
770,101.5,525.0,1009.0,170.5,166.0,1121.0,513.0,162.66666666666674,108.5,552.0,805.0,149.5,95.0,875.6666666666666,1255.3333333333333,155.33333333333337,116.0,1007.0,814.0,104.0,147.27272727272725,1382.6363636363637,817.3636363636364,130.0,114.5,642.5,757.0,144.5,110.5454545454545,1247.7272727272727,1207.5454545454545,118.5454545454545,104.14285714285717,1097.7142857142858,417.7142857142857,147.8571428571429,93.0,2018.0,1062.0,139.0,36.0,1181.0,590.0,36.0
771,101.25,526.3,1010.2,169.95000000000005,166.0,1120.0,511.0,172.0,108.85000000000002,551.3,805.5,150.1500000000001,95.20000000000005,877.4,1255.6,154.60000000000002,117.0,1013.1428571428571,819.1428571428571,108.57142857142867,149.36363636363626,1387.1818181818182,821.8181818181819,130.0,115.35000000000002,642.35,757.0,144.64999999999998,112.0,1248.0,1210.0,119.0,105.92857142857139,1094.142857142857,415.64285714285717,150.07142857142867,91.79999999999995,2014.9,1064.7,134.19999999999982,36.0,1194.6,598.0,36.0
772,101.00000000000011,527.6,1011.4,169.39999999999998,166.0,1119.0,509.0,181.33333333333326,109.20000000000005,550.6,806.0,150.79999999999995,95.40000000000009,879.1333333333333,1255.8666666666666,153.86666666666667,118.0,1019.2857142857143,824.2857142857143,113.142857142857,151.4545454545455,1391.7272727272727,826.2727272727273,130.0,116.20000000000005,642.2,757.0,144.79999999999995,107.77777777777783,1248.3333333333333,1216.2222222222222,119.44444444444457,107.71428571428578,1090.5714285714287,413.57142857142856,152.28571428571422,90.59999999999991,2011.8,1067.4,129.39999999999986,36.0,1208.2,606.0,36.0
773,100.74999999999989,528.9,1012.6,168.85000000000002,166.0,1118.0,507.0,190.66666666666674,109.54999999999995,549.9,806.5,151.45000000000005,95.59999999999991,880.8666666666667,1256.1333333333334,153.13333333333333,119.0,1025.4285714285713,829.4285714285714,117.71428571428578,153.5454545454545,1396.2727272727273,830.7272727272727,130.0,117.04999999999995,642.05,757.0,144.95000000000005,103.55555555555566,1248.6666666666667,1222.4444444444443,119.88888888888891,109.5,1087.0,411.5,154.5,89.40000000000009,2008.7,1070.1,124.60000000000014,36.0,1221.8,614.0,36.0
774,100.5,530.2,1013.8,168.29999999999995,166.0,1117.0,505.0,200.0,109.89999999999998,549.2,807.0,152.0999999999999,95.79999999999995,882.6,1256.4,152.39999999999998,120.0,1031.5714285714287,834.5714285714286,122.28571428571422,155.63636363636374,1400.8181818181818,835.1818181818181,130.0,117.89999999999998,641.9,757.0,145.10000000000002,99.33333333333326,1249.0,1228.6666666666667,120.33333333333326,111.28571428571422,1083.4285714285713,409.42857142857144,156.71428571428578,88.20000000000005,2005.6,1072.8,119.80000000000018,36.0,1235.4,622.0,36.0
775,100.25,531.5,1015.0,167.75,154.5,1116.0,514.5,206.5,110.25,548.5,807.5,152.75,96.0,884.3333333333334,1256.6666666666667,151.66666666666663,121.0,1037.7142857142858,839.7142857142857,126.85714285714289,157.72727272727275,1405.3636363636363,839.6363636363636,130.0,118.75,641.75,757.0,145.25,95.11111111111109,1249.3333333333333,1234.888888888889,120.77777777777783,113.07142857142861,1079.857142857143,407.35714285714283,158.92857142857133,87.0,2002.5,1075.5,115.0,36.0,1249.0,630.0,36.0
776,100.0,532.8,1016.2,167.20000000000005,143.0,1115.0,524.0,213.0,110.60000000000002,547.8,808.0,153.4000000000001,96.20000000000005,886.0666666666667,1256.9333333333334,150.93333333333328,122.0,1043.857142857143,844.8571428571429,131.42857142857133,159.81818181818176,1409.909090909091,844.0909090909091,130.0,119.60000000000002,641.6,757.0,145.39999999999998,90.88888888888891,1249.6666666666667,1241.111111111111,121.22222222222217,114.85714285714283,1076.2857142857142,405.2857142857143,161.1428571428571,85.79999999999995,1999.4,1078.2,110.19999999999982,36.0,1264.8,639.8,36.0
777,99.75000000000011,534.1,1017.4,166.64999999999998,141.0,1123.5,531.75,204.5,110.95000000000005,547.1,808.5,154.04999999999995,96.39999999999986,887.8,1257.2,150.20000000000005,123.0,1050.0,850.0,136.0,161.909090909091,1414.4545454545455,848.5454545454545,130.0,120.45000000000005,641.45,757.0,145.54999999999995,86.66666666666674,1250.0,1247.3333333333333,121.66666666666674,116.64285714285717,1072.7142857142858,403.2142857142857,163.3571428571429,84.59999999999991,1996.3,1080.9,105.39999999999986,36.0,1280.6,649.6,36.0
778,99.49999999999989,535.4,1018.6,166.10000000000002,139.0,1132.0,539.5,196.0,111.29999999999995,546.4,809.0,154.70000000000005,96.59999999999991,889.5333333333333,1257.4666666666667,149.4666666666667,120.66666666666663,1056.3333333333333,855.0,136.66666666666674,164.0,1419.0,853.0,130.0,121.29999999999995,641.3,757.0,145.70000000000005,82.44444444444434,1250.3333333333333,1253.5555555555557,122.11111111111109,118.42857142857139,1069.142857142857,401.14285714285717,165.57142857142867,83.40000000000009,1993.2,1083.6,100.60000000000014,36.0,1296.4,659.4,36.0
779,99.25,536.7,1019.8,165.54999999999995,137.0,1140.5,547.25,187.5,111.64999999999998,545.7,809.5,155.3499999999999,96.79999999999995,891.2666666666667,1257.7333333333333,148.73333333333335,118.33333333333337,1062.6666666666667,860.0,137.33333333333326,166.5,1422.5,849.5,130.0,122.14999999999998,641.15,757.0,145.85000000000002,78.22222222222217,1250.6666666666667,1259.7777777777778,122.55555555555543,120.21428571428578,1065.5714285714287,399.07142857142856,167.78571428571422,82.20000000000005,1990.1,1086.3,95.80000000000018,36.0,1312.2,669.2,36.0
780,99.0,538.0,1021.0,165.0,135.0,1149.0,555.0,179.0,112.0,545.0,810.0,156.0,97.0,893.0,1258.0,148.0,116.0,1069.0,865.0,138.0,169.0,1426.0,846.0,130.0,123.0,641.0,757.0,146.0,74.0,1251.0,1266.0,123.0,122.0,1062.0,397.0,170.0,81.0,1987.0,1089.0,91.0,36.0,1328.0,679.0,36.0
781,99.00000000000011,539.6,1021.4,166.69999999999993,135.42857142857144,1158.857142857143,549.7142857142857,170.57142857142844,112.5,545.95,810.65,154.54999999999995,97.14999999999986,892.3,1258.4,148.35000000000014,115.16666666666674,1073.5,870.4166666666666,136.5,169.5,1430.6666666666667,843.6666666666666,131.0,123.0,641.2,758.15,145.54999999999995,78.70000000000005,1252.7,1267.0,122.20000000000005,120.5,1060.2,396.25,170.0,81.44999999999982,1981.25,1090.15,93.69999999999982,36.0,1345.8,690.2,36.0
782,99.0,541.2,1021.8,168.39999999999998,135.8571428571429,1168.7142857142858,544.4285714285714,162.1428571428571,113.0,546.9,811.3,153.10000000000002,97.29999999999995,891.6,1258.8,148.69999999999993,114.33333333333326,1078.0,875.8333333333334,135.0,170.0,1435.3333333333333,841.3333333333334,132.0,123.0,641.4,759.3,145.10000000000002,83.40000000000009,1254.4,1268.0,121.39999999999986,119.0,1058.4,395.5,170.0,81.90000000000009,1975.5,1091.3,96.40000000000009,36.0,1363.6,701.4,36.0
783,99.0,542.8,1022.2,170.10000000000002,136.28571428571433,1178.5714285714287,539.1428571428571,153.71428571428555,113.5,547.85,811.95,151.64999999999998,97.45000000000005,890.9,1259.2,149.05000000000007,113.5,1082.5,881.25,133.5,170.5,1440.0,839.0,133.0,123.0,641.6,760.45,144.64999999999998,88.09999999999991,1256.1,1269.0,120.60000000000014,117.5,1056.6,394.75,170.0,82.34999999999991,1969.75,1092.45,99.09999999999991,36.0,1381.4,712.6,36.0
784,98.99999999999989,544.4,1022.6,171.80000000000007,136.71428571428567,1188.4285714285713,533.8571428571429,145.28571428571445,114.0,548.8,812.6,150.20000000000005,97.60000000000014,890.2,1259.6,149.39999999999986,112.66666666666674,1087.0,886.6666666666666,132.0,171.0,1444.6666666666667,836.6666666666666,134.0,123.0,641.8,761.6,144.20000000000005,92.79999999999995,1257.8,1270.0,119.79999999999995,116.0,1054.8,394.0,170.0,82.80000000000018,1964.0,1093.6,101.80000000000018,36.0,1399.2,723.8,36.0
785,99.0,546.0,1023.0,173.5,137.1428571428571,1198.2857142857142,528.5714285714286,136.8571428571429,114.5,549.75,813.25,148.75,97.75,889.5,1260.0,149.75,111.83333333333326,1091.5,892.0833333333334,130.5,171.5,1449.3333333333333,834.3333333333334,135.0,123.0,642.0,762.75,143.75,97.5,1259.5,1271.0,119.0,114.5,1053.0,393.25,170.0,83.25,1958.25,1094.75,104.5,36.0,1417.0,735.0,36.0
786,99.00000000000011,547.6,1023.4,175.19999999999993,137.57142857142856,1208.142857142857,523.2857142857143,128.42857142857156,115.0,550.7,813.9,147.29999999999995,97.89999999999986,888.8,1260.4,150.10000000000014,111.0,1096.0,897.5,129.0,172.0,1454.0,832.0,136.0,123.0,642.2,763.9,143.29999999999995,102.20000000000005,1261.2,1272.0,118.20000000000005,113.0,1051.2,392.5,170.0,83.69999999999982,1952.5,1095.9,107.19999999999982,36.0,1434.6,746.8,36.0
787,99.0,549.2,1023.8,176.89999999999998,138.0,1218.0,518.0,120.0,115.5,551.65,814.55,145.85000000000002,98.04999999999995,888.1,1260.8,150.44999999999993,110.16666666666674,1100.5,902.9166666666666,127.5,168.5,1458.7142857142858,833.6428571428571,135.57142857142844,123.0,642.4,765.05,142.85000000000002,106.90000000000009,1262.9,1273.0,117.39999999999986,111.5,1049.4,391.75,170.0,84.15000000000009,1946.75,1097.05,109.90000000000009,36.0,1452.2,758.6,36.0
788,99.0,550.8,1024.2,178.60000000000002,140.44444444444446,1217.6666666666667,517.8888888888889,120.33333333333326,116.0,552.6,815.2,144.39999999999998,98.20000000000005,887.4,1261.2,150.80000000000007,109.33333333333326,1105.0,908.3333333333334,126.0,165.0,1463.4285714285713,835.2857142857143,135.14285714285734,123.0,642.6,766.2,142.39999999999998,111.59999999999991,1264.6,1274.0,116.60000000000014,110.0,1047.6,391.0,170.0,84.59999999999991,1941.0,1098.2,112.59999999999991,36.0,1469.8,770.4,36.0
789,99.0,552.4,1024.6,180.30000000000007,142.8888888888888,1217.3333333333333,517.7777777777778,120.66666666666674,116.5,553.55,815.85,142.95000000000005,98.35000000000014,886.7,1261.6,151.14999999999986,108.5,1109.5,913.75,124.5,161.5,1468.142857142857,836.9285714285714,134.71428571428578,123.0,642.8,767.35,141.95000000000005,116.29999999999995,1266.3,1275.0,115.79999999999995,108.5,1045.8,390.25,170.0,85.05000000000018,1935.25,1099.35,115.30000000000018,36.0,1487.4,782.2,36.0
790,99.0,554.0,1025.0,182.0,145.33333333333337,1217.0,517.6666666666666,121.0,117.0,554.5,816.5,141.5,98.5,886.0,1262.0,151.5,107.66666666666663,1114.0,919.1666666666666,123.0,158.0,1472.857142857143,838.5714285714286,134.28571428571422,123.0,643.0,768.5,141.5,121.0,1268.0,1276.0,115.0,107.0,1044.0,389.5,170.0,85.5,1929.5,1100.5,118.0,36.0,1505.0,794.0,36.0
791,99.0,555.7,1025.4,180.29999999999995,147.77777777777783,1216.6666666666667,517.5555555555555,121.33333333333326,117.5,555.45,817.15,140.04999999999995,98.64999999999986,885.3,1262.4,151.85000000000014,106.83333333333337,1118.5,924.5833333333334,121.5,154.5,1477.5714285714287,840.2142857142857,133.85714285714266,123.0,643.2,769.65,141.04999999999995,117.40000000000009,1268.9,1282.8,114.39999999999986,105.5,1042.2,388.75,170.0,85.94999999999982,1923.75,1101.65,120.70000000000005,36.0,1520.0,803.0,36.0
792,99.0,557.4,1025.8,178.60000000000002,150.22222222222217,1216.3333333333333,517.4444444444445,121.66666666666674,118.0,556.4,817.8,138.60000000000002,98.79999999999995,884.6,1262.8,152.19999999999993,106.0,1123.0,930.0,120.0,151.0,1482.2857142857142,841.8571428571429,133.42857142857156,123.0,643.4,770.8,140.60000000000002,113.80000000000018,1269.8,1289.6,113.79999999999995,104.0,1040.4,388.0,170.0,86.40000000000009,1918.0,1102.8,123.40000000000009,36.0,1535.0,812.0,36.0
793,99.0,559.1,1026.2,176.89999999999998,152.66666666666663,1216.0,517.3333333333334,122.0,118.5,557.35,818.45,137.14999999999998,98.95000000000005,883.9,1263.2,152.55000000000007,107.99999999999989,1126.0,932.3333333333334,120.33333333333326,147.5,1487.0,843.5,133.0,123.0,643.6,771.95,140.14999999999998,110.19999999999982,1270.7,1296.4,113.20000000000005,102.5,1038.6,387.25,170.0,86.84999999999991,1912.25,1103.95,126.09999999999991,36.0,1550.0,821.0,36.0
794,99.0,560.8,1026.6,175.20000000000005,155.1111111111112,1215.6666666666667,517.2222222222222,122.33333333333326,119.0,558.3,819.1,135.70000000000005,99.10000000000014,883.2,1263.6,152.89999999999986,110.00000000000011,1129.0,934.6666666666666,120.66666666666674,144.0,1491.7142857142858,845.1428571428571,132.57142857142844,123.0,643.8,773.1,139.70000000000005,106.59999999999991,1271.6,1303.2,112.60000000000014,101.0,1036.8,386.5,170.0,87.30000000000018,1906.5,1105.1,128.79999999999995,36.0,1565.0,830.0,36.0
795,99.0,562.5,1027.0,173.5,157.55555555555554,1215.3333333333333,517.1111111111111,122.66666666666674,119.5,559.25,819.75,134.25,99.25,882.5,1264.0,153.25,112.0,1132.0,937.0,121.0,140.5,1496.4285714285713,846.7857142857143,132.14285714285734,123.0,644.0,774.25,139.25,103.0,1272.5,1310.0,112.0,99.5,1035.0,385.75,170.0,87.75,1900.75,1106.25,131.5,36.0,1580.0,839.0,36.0
796,99.0,564.2,1027.4,171.79999999999995,160.0,1215.0,517.0,123.0,120.0,560.2,820.4,132.79999999999995,99.39999999999986,881.8,1264.4,153.60000000000014,109.39999999999998,1134.8,939.4,118.60000000000014,137.0,1501.142857142857,848.4285714285714,131.71428571428578,123.0,644.2,775.4,138.79999999999995,99.40000000000009,1273.4,1316.8,111.39999999999986,98.0,1033.2,385.0,170.0,88.19999999999982,1895.0,1107.4,134.20000000000005,36.0,1580.0,840.8,36.0
797,99.0,565.9,1027.8,170.10000000000002,153.75,1212.0,526.5,123.5,120.5,561.15,821.05,131.35000000000002,99.54999999999995,881.1,1264.8,153.94999999999993,106.79999999999995,1137.6,941.8,116.20000000000005,133.5,1505.857142857143,850.0714285714286,131.28571428571422,123.0,644.4,776.55,138.35000000000002,95.80000000000018,1274.3,1323.6,110.79999999999995,96.5,1031.4,384.25,170.0,88.65000000000009,1889.25,1108.55,136.9000000000001,36.0,1580.0,842.6,36.0
798,99.0,567.6,1028.2,168.39999999999998,147.5,1209.0,536.0,124.0,121.0,562.1,821.7,129.89999999999998,99.70000000000005,880.4,1265.2,154.30000000000007,104.20000000000005,1140.4,944.2,113.79999999999995,130.0,1510.5714285714287,851.7142857142857,130.85714285714266,123.0,644.6,777.7,137.89999999999998,92.19999999999982,1275.2,1330.4,110.20000000000005,95.0,1029.6,383.5,170.0,89.09999999999991,1883.5,1109.7,139.5999999999999,36.0,1580.0,844.4,36.0
799,99.0,569.3,1028.6,166.70000000000005,141.25,1206.0,545.5,124.5,121.5,563.05,822.35,128.45000000000005,99.85000000000014,879.7,1265.6,154.64999999999986,101.60000000000002,1143.2,946.6,111.39999999999986,126.5,1515.2857142857142,853.3571428571429,130.42857142857156,123.0,644.8,778.85,137.45000000000005,88.59999999999991,1276.1,1337.2,109.60000000000014,93.5,1027.8,382.75,170.0,89.55000000000018,1877.75,1110.85,142.29999999999995,36.0,1580.0,846.2,36.0
800,99.0,571.0,1029.0,165.0,135.0,1203.0,555.0,125.0,122.0,564.0,823.0,127.0,100.0,879.0,1266.0,155.0,99.0,1146.0,949.0,109.0,123.0,1520.0,855.0,130.0,123.0,645.0,780.0,137.0,85.0,1277.0,1344.0,109.0,92.0,1026.0,382.0,170.0,90.0,1872.0,1112.0,145.0,36.0,1580.0,848.0,36.0
801,98.74626865671644,570.8358208955224,1029.2089552238806,165.16417910447763,129.69999999999993,1199.5,560.7,125.40000000000009,122.59999999999991,565.0,821.7,127.29999999999995,100.0,876.9333333333333,1267.3333333333333,154.06666666666672,105.59999999999991,1145.4,943.2,108.19999999999982,121.44444444444446,1519.3333333333333,856.4444444444445,130.33333333333348,123.0,644.6153846153846,778.5384615384615,137.0,90.85714285714289,1277.4285714285713,1344.857142857143,109.14285714285734,92.125,1018.75,382.375,169.625,89.28571428571422,1870.857142857143,1114.142857142857,138.1428571428571,36.0,1572.8,850.6,36.0
802,98.49253731343288,570.6716417910447,1029.4179104477612,165.32835820895525,124.39999999999998,1196.0,566.4,125.79999999999995,123.20000000000005,566.0,820.4,127.60000000000002,100.0,874.8666666666667,1268.6666666666667,153.13333333333333,112.19999999999993,1144.8,937.4,107.40000000000009,119.88888888888891,1518.6666666666667,857.8888888888889,130.66666666666652,123.0,644.2307692307693,777.0769230769231,137.0,96.71428571428555,1277.857142857143,1345.7142857142858,109.28571428571422,92.25,1011.5,382.75,169.25,88.57142857142867,1869.7142857142858,1116.2857142857142,131.28571428571422,36.0,1565.6,853.2,36.0
803,98.23880597014931,570.5074626865671,1029.6268656716418,165.49253731343288,119.10000000000002,1192.5,572.1,126.20000000000005,123.79999999999995,567.0,819.1,127.89999999999998,100.0,872.8,1270.0,152.20000000000005,118.80000000000007,1144.2,931.6,106.59999999999991,118.33333333333326,1518.0,859.3333333333334,131.0,123.0,643.8461538461538,775.6153846153846,137.0,102.57142857142844,1278.2857142857142,1346.5714285714287,109.42857142857156,92.375,1004.25,383.125,168.875,87.85714285714289,1868.5714285714287,1118.4285714285713,124.42857142857133,36.0,1558.4,855.8,36.0
804,97.98507462686575,570.3432835820895,1029.8358208955224,165.6567164179105,113.80000000000007,1189.0,577.8,126.59999999999991,124.40000000000009,568.0,817.8,128.20000000000005,100.0,870.7333333333333,1271.3333333333333,151.26666666666665,125.40000000000009,1143.6,925.8,105.80000000000018,116.77777777777771,1517.3333333333333,860.7777777777778,131.33333333333348,123.0,643.4615384615385,774.1538461538462,137.0,108.42857142857156,1278.7142857142858,1347.4285714285713,109.57142857142844,92.5,997.0,383.5,168.5,87.14285714285711,1867.4285714285713,1120.5714285714287,117.57142857142867,36.0,1551.2,858.4,36.0
805,97.73134328358219,570.179104477612,1030.044776119403,165.820895522388,108.5,1185.5,583.5,127.0,125.0,569.0,816.5,128.5,100.0,868.6666666666666,1272.6666666666667,150.33333333333337,132.0,1143.0,920.0,105.0,115.22222222222229,1516.6666666666667,862.2222222222222,131.66666666666652,123.0,643.0769230769231,772.6923076923077,137.0,114.28571428571445,1279.142857142857,1348.2857142857142,109.71428571428578,92.625,989.75,383.875,168.125,86.42857142857133,1866.2857142857142,1122.7142857142858,110.71428571428578,36.0,1544.0,861.0,36.0
806,97.47761194029863,570.0149253731344,1030.2537313432836,165.98507462686564,103.19999999999993,1182.0,589.2,127.40000000000009,125.59999999999991,570.0,815.2,128.79999999999995,100.0,866.6,1274.0,149.39999999999998,133.0,1142.25,919.75,107.0,113.66666666666674,1516.0,863.6666666666666,132.0,123.0,642.6923076923077,771.2307692307693,137.0,120.14285714285711,1279.5714285714287,1349.142857142857,109.85714285714266,92.75,982.5,384.25,167.75,85.71428571428578,1865.142857142857,1124.857142857143,103.85714285714289,36.0,1535.0,866.4,36.0
807,97.22388059701484,569.8507462686567,1030.4626865671642,166.14925373134326,97.89999999999998,1178.5,594.9,127.79999999999995,126.20000000000005,571.0,813.9,129.10000000000002,100.0,864.5333333333333,1275.3333333333333,148.4666666666667,134.0,1141.5,919.5,109.0,112.11111111111109,1515.3333333333333,865.1111111111111,132.33333333333348,123.0,642.3076923076923,769.7692307692307,137.0,126.0,1280.0,1350.0,110.0,92.875,975.25,384.625,167.375,85.0,1864.0,1127.0,97.0,36.0,1526.0,871.8,36.0
808,96.97014925373128,569.6865671641791,1030.6716417910447,166.3134328358209,92.60000000000002,1175.0,600.6,128.20000000000005,126.79999999999995,572.0,812.6,129.39999999999998,100.0,862.4666666666667,1276.6666666666667,147.5333333333333,135.0,1140.75,919.25,111.0,110.55555555555554,1514.6666666666667,866.5555555555555,132.66666666666652,123.0,641.9230769230769,768.3076923076923,137.0,123.38461538461524,1280.076923076923,1356.1538461538462,110.0,93.0,968.0,385.0,167.0,88.46153846153857,1856.6153846153845,1128.6923076923076,99.76923076923094,36.0,1517.0,877.2,36.0
809,96.71641791044772,569.5223880597015,1030.8805970149253,166.47761194029852,87.30000000000007,1171.5,606.3,128.5999999999999,127.40000000000009,573.0,811.3,129.70000000000005,100.0,860.4,1278.0,146.60000000000002,136.0,1140.0,919.0,113.0,109.0,1514.0,868.0,133.0,123.0,641.5384615384615,766.8461538461538,137.0,120.76923076923072,1280.1538461538462,1362.3076923076924,110.0,97.25,962.5,386.5,165.25,91.9230769230769,1849.2307692307693,1130.3846153846155,102.53846153846143,36.0,1508.0,882.6,36.0
810,96.46268656716416,569.3582089552239,1031.089552238806,166.64179104477614,82.0,1168.0,612.0,129.0,128.0,574.0,810.0,130.0,100.0,858.3333333333334,1279.3333333333333,145.66666666666663,136.9999999999999,1139.2727272727273,918.8181818181819,111.4545454545455,107.66666666666674,1504.3333333333333,870.6666666666666,140.33333333333348,123.0,641.1538461538462,765.3846153846154,137.0,118.15384615384596,1280.2307692307693,1368.4615384615386,110.0,101.5,957.0,388.0,163.5,95.38461538461547,1841.8461538461538,1132.076923076923,105.30769230769238,36.0,1499.0,888.0,36.0
811,96.2089552238806,569.1940298507462,1031.2985074626865,166.80597014925377,88.71428571428578,1166.0,615.5714285714286,129.0,129.79999999999995,574.0,808.2,129.20000000000005,100.0,856.2666666666667,1280.6666666666667,144.73333333333335,138.0000000000001,1138.5454545454545,918.6363636363636,109.90909090909099,106.33333333333326,1494.6666666666667,873.3333333333334,147.66666666666652,123.0,640.7692307692307,763.9230769230769,137.0,115.53846153846166,1280.3076923076924,1374.6153846153845,110.0,105.75,951.5,389.5,161.75,98.84615384615381,1834.4615384615386,1133.7692307692307,108.07692307692287,36.0,1492.6,892.2,36.0
812,95.95522388059703,569.0298507462686,1031.5074626865671,166.9701492537314,95.42857142857144,1164.0,619.1428571428571,129.0,131.60000000000002,574.0,806.4,128.39999999999998,100.0,854.2,1282.0,143.79999999999995,139.0,1137.8181818181818,918.4545454545455,108.36363636363649,105.0,1485.0,876.0,155.0,123.0,640.3846153846154,762.4615384615385,137.0,112.9230769230769,1280.3846153846155,1380.7692307692307,110.0,110.0,946.0,391.0,160.0,102.30769230769215,1827.076923076923,1135.4615384615386,110.84615384615381,36.0,1486.2,896.4,36.0
813,95.70149253731347,568.8656716417911,1031.7164179104477,167.1343283582089,102.14285714285722,1162.0,622.7142857142857,129.0,133.39999999999998,574.0,804.6,127.60000000000002,100.0,852.1333333333333,1283.3333333333333,142.86666666666667,140.0,1137.090909090909,918.2727272727273,106.81818181818198,103.5,1480.625,878.625,152.875,123.0,640.0,761.0,137.0,110.30769230769238,1280.4615384615386,1386.923076923077,110.0,107.875,940.625,392.625,158.125,105.76923076923072,1819.6923076923076,1137.1538461538462,113.61538461538476,36.0,1479.8,900.6,36.0
814,95.44776119402991,568.7014925373135,1031.9253731343283,167.29850746268653,108.85714285714278,1160.0,626.2857142857143,129.0,135.20000000000005,574.0,802.8,126.79999999999995,100.0,850.0666666666667,1284.6666666666667,141.93333333333328,140.9999999999999,1136.3636363636363,918.0909090909091,105.27272727272748,102.0,1476.25,881.25,150.75,123.0,641.4615384615385,760.3846153846154,137.0,107.69230769230762,1280.5384615384614,1393.076923076923,110.0,105.75,935.25,394.25,156.25,109.23076923076928,1812.3076923076924,1138.8461538461538,116.38461538461524,36.0,1473.4,904.8,36.0
815,95.19402985074635,568.5373134328358,1032.134328358209,167.46268656716416,115.57142857142856,1158.0,629.8571428571429,129.0,137.0,574.0,801.0,126.0,100.0,848.0,1286.0,141.0,142.0000000000001,1135.6363636363637,917.9090909090909,103.72727272727252,100.5,1471.875,883.875,148.625,123.0,642.9230769230769,759.7692307692307,137.0,105.0769230769231,1280.6153846153845,1399.2307692307693,110.0,103.625,929.875,395.875,154.375,112.69230769230785,1804.923076923077,1140.5384615384614,119.15384615384619,36.0,1467.0,909.0,36.0
816,94.94029850746278,568.3731343283582,1032.3432835820895,167.62686567164178,122.28571428571422,1156.0,633.4285714285714,129.0,138.79999999999995,574.0,799.2,125.20000000000005,100.0,844.4,1289.6,140.0,143.0,1134.909090909091,917.7272727272727,102.18181818181802,99.0,1467.5,886.5,146.5,123.0,644.3846153846154,759.1538461538462,137.0,102.46153846153834,1280.6923076923076,1405.3846153846155,110.0,101.5,924.5,397.5,152.5,116.15384615384619,1797.5384615384614,1142.2307692307693,121.92307692307713,36.0,1466.2,906.8,36.0
817,94.68656716417922,568.2089552238806,1032.55223880597,167.7910447761194,129.0,1154.0,637.0,129.0,140.60000000000002,574.0,797.4,124.39999999999998,100.0,840.8,1293.2,139.0,144.0,1134.1818181818182,917.5454545454545,100.63636363636351,97.5,1463.125,889.125,144.375,123.0,645.8461538461538,758.5384615384615,137.0,99.84615384615404,1280.7692307692307,1411.5384615384614,110.0,99.375,919.125,399.125,150.625,119.61538461538453,1790.1538461538462,1143.923076923077,124.69230769230762,36.0,1465.4,904.6,36.0
818,94.43283582089566,568.044776119403,1032.7611940298507,167.95522388059703,128.66666666666663,1152.0,640.3333333333334,129.0,142.39999999999998,574.0,795.6,123.60000000000002,100.0,837.2,1296.8,138.0,144.9999999999999,1133.4545454545455,917.3636363636364,99.09090909090901,96.0,1458.75,891.75,142.25,123.0,647.3076923076923,757.9230769230769,137.0,97.23076923076928,1280.8461538461538,1417.6923076923076,110.0,97.25,913.75,400.75,148.75,123.0769230769231,1782.7692307692307,1145.6153846153845,127.46153846153857,36.0,1464.6,902.4,36.0
819,94.1791044776121,567.8805970149253,1032.9701492537313,168.11940298507466,128.33333333333337,1150.0,643.6666666666666,129.0,144.20000000000005,574.0,793.8,122.79999999999995,100.0,833.6,1300.4,137.0,146.0000000000001,1132.7272727272727,917.1818181818181,97.5454545454545,94.5,1454.375,894.375,140.125,123.0,648.7692307692307,757.3076923076923,137.0,94.61538461538476,1280.923076923077,1423.8461538461538,110.0,95.125,908.375,402.375,146.875,126.53846153846143,1775.3846153846155,1147.3076923076924,130.23076923076906,36.0,1463.8,900.2,36.0
820,93.92537313432854,567.7164179104477,1033.1791044776119,168.28358208955228,128.0,1148.0,647.0,129.0,146.0,574.0,792.0,122.0,100.0,830.0,1304.0,136.0,147.0,1132.0,917.0,96.0,93.0,1450.0,897.0,138.0,123.0,650.2307692307693,756.6923076923077,137.0,92.0,1281.0,1430.0,110.0,93.0,903.0,404.0,145.0,130.0,1768.0,1149.0,133.0,36.0,1463.0,898.0,36.0
821,93.67164179104475,567.5522388059702,1033.3880597014925,168.4477611940298,126.0,1145.7692307692307,652.5384615384615,129.0,146.16666666666663,574.0,791.8333333333334,122.0,100.42857142857156,827.4285714285714,1306.2857142857142,138.0,145.25,1129.25,919.0,98.375,98.14285714285711,1443.4285714285713,893.8571428571429,140.71428571428578,123.0,651.6923076923077,756.0769230769231,137.0,95.34999999999991,1277.95,1431.45,112.54999999999995,93.70000000000005,896.7,404.4,147.29999999999995,129.28571428571445,1760.857142857143,1152.4285714285713,133.8571428571429,36.0,1459.6,893.8,36.0
822,93.41791044776119,567.3880597014926,1033.597014925373,168.61194029850742,124.0,1143.5384615384614,658.0769230769231,129.0,146.33333333333337,574.0,791.6666666666666,122.0,100.85714285714266,824.8571428571429,1308.5714285714287,140.0,143.5,1126.5,921.0,100.75,103.28571428571433,1436.857142857143,890.7142857142857,143.42857142857133,123.0,653.1538461538462,755.4615384615385,137.0,98.69999999999982,1274.9,1432.9,115.09999999999991,94.39999999999998,890.4,404.8,149.60000000000002,128.57142857142844,1753.7142857142858,1155.857142857143,134.71428571428555,36.0,1456.2,889.6,36.0
823,93.16417910447763,567.223880597015,1033.8059701492537,168.77611940298505,122.0,1141.3076923076924,663.6153846153846,129.0,146.5,574.0,791.5,122.0,101.28571428571422,822.2857142857143,1310.857142857143,142.0,141.75,1123.75,923.0,103.125,108.42857142857144,1430.2857142857142,887.5714285714286,146.1428571428571,123.0,654.6153846153846,754.8461538461538,137.0,102.05000000000018,1271.85,1434.35,117.65000000000009,95.10000000000002,884.1,405.2,151.89999999999998,127.85714285714289,1746.5714285714287,1159.2857142857142,135.57142857142844,36.0,1452.8,885.4,36.0
824,92.91044776119406,567.0597014925373,1034.0149253731342,168.94029850746267,120.0,1139.076923076923,669.1538461538462,129.0,146.66666666666663,574.0,791.3333333333334,122.0,101.71428571428578,819.7142857142857,1313.142857142857,144.0,140.0,1121.0,925.0,105.5,113.57142857142856,1423.7142857142858,884.4285714285714,148.8571428571429,123.0,656.0769230769231,754.2307692307693,137.0,105.40000000000009,1268.8,1435.8,120.20000000000005,95.79999999999995,877.8,405.6,154.20000000000005,127.14285714285711,1739.4285714285713,1162.7142857142858,136.42857142857156,36.0,1449.4,881.2,36.0
825,92.6567164179105,566.8955223880597,1034.2238805970148,169.1044776119403,118.0,1136.8461538461538,674.6923076923077,129.0,146.83333333333337,574.0,791.1666666666666,122.0,102.14285714285734,817.1428571428571,1315.4285714285713,146.0,138.25,1118.25,927.0,107.875,118.71428571428567,1417.142857142857,881.2857142857143,151.57142857142867,123.0,657.5384615384615,753.6153846153846,137.0,108.75,1265.75,1437.25,122.75,96.5,871.5,406.0,156.5,126.42857142857156,1732.2857142857142,1166.142857142857,137.28571428571445,36.0,1446.0,877.0,36.0
826,92.40298507462694,566.7313432835821,1034.4328358208954,169.26865671641792,116.0,1134.6153846153845,680.2307692307693,129.0,147.0,574.0,791.0,122.0,102.57142857142844,814.5714285714286,1317.7142857142858,148.0,136.5,1115.5,929.0,110.25,123.85714285714289,1410.5714285714287,878.1428571428571,154.28571428571422,123.0,659.0,753.0,137.0,112.09999999999991,1262.7,1438.7,125.29999999999995,97.20000000000005,865.2,406.4,158.79999999999995,125.71428571428555,1725.142857142857,1169.5714285714287,138.1428571428571,36.0,1438.6,874.8,36.0
827,92.14925373134338,566.5671641791045,1034.641791044776,169.43283582089555,114.0,1132.3846153846155,685.7692307692307,129.0,147.16666666666663,574.0,790.8333333333334,122.0,103.0,812.0,1320.0,150.0,134.75,1112.75,931.0,112.625,129.0,1404.0,875.0,157.0,122.33333333333337,659.75,752.4166666666666,137.41666666666663,115.44999999999982,1259.65,1440.15,127.84999999999991,97.89999999999998,858.9,406.8,161.10000000000002,125.0,1718.0,1173.0,139.0,36.0,1431.2,872.6,36.0
828,91.89552238805982,566.4029850746268,1034.8507462686566,169.59701492537317,112.0,1130.1538461538462,691.3076923076923,129.0,147.33333333333337,574.0,790.6666666666666,122.0,102.39999999999986,809.4,1323.2,152.20000000000005,133.0,1110.0,933.0,115.0,131.39999999999998,1397.4,874.6,152.0,121.66666666666663,660.5,751.8333333333334,137.83333333333337,118.80000000000018,1256.6,1441.6,130.4000000000001,98.60000000000002,852.6,407.2,163.39999999999998,125.0,1710.5,1173.25,147.25,36.0,1423.8,870.4,36.0
829,91.64179104477626,566.2388059701492,1035.0597014925372,169.7611940298508,110.0,1127.923076923077,696.8461538461538,129.0,147.5,574.0,790.5,122.0,101.79999999999995,806.8,1326.4,154.4000000000001,134.5000000000001,1107.6666666666667,934.6666666666666,113.66666666666652,133.79999999999995,1390.8,874.2,147.0,121.0,661.25,751.25,138.25,122.15000000000009,1253.55,1443.05,132.95000000000005,99.29999999999995,846.3,407.6,165.70000000000005,125.0,1703.0,1173.5,155.5,36.0,1416.4,868.2,36.0
830,91.3880597014927,566.0746268656717,1035.2686567164178,169.9253731343283,108.0,1125.6923076923076,702.3846153846154,129.0,147.66666666666663,574.0,790.3333333333334,122.0,101.20000000000005,804.2,1329.6,156.5999999999999,135.9999999999999,1105.3333333333333,936.3333333333334,112.33333333333348,136.20000000000005,1384.2,873.8,142.0,120.33333333333337,662.0,750.6666666666666,138.66666666666663,125.5,1250.5,1444.5,135.5,100.0,840.0,408.0,168.0,125.0,1695.5,1173.75,163.75,36.0,1409.0,866.0,36.0
831,91.13432835820913,565.9104477611941,1035.4776119402984,170.08955223880594,106.0,1123.4615384615386,707.9230769230769,129.0,147.83333333333337,574.0,790.1666666666666,122.0,100.60000000000014,801.6,1332.8,158.79999999999995,137.5,1103.0,938.0,111.0,138.60000000000002,1377.6,873.4,137.0,119.66666666666663,662.75,750.0833333333334,139.08333333333337,128.8499999999999,1247.45,1445.95,138.04999999999995,100.80000000000001,833.6,408.3,166.29999999999995,125.0,1688.0,1174.0,172.0,36.0,1404.2,871.6,36.0
832,90.88059701492557,565.7462686567164,1035.686567164179,170.25373134328356,104.0,1121.2307692307693,713.4615384615385,129.0,148.0,574.0,790.0,122.0,100.0,799.0,1336.0,161.0,139.0000000000001,1100.6666666666667,939.6666666666666,109.66666666666652,141.0,1371.0,873.0,132.0,119.0,663.5,749.5,139.5,132.19999999999982,1244.4,1447.4,140.5999999999999,101.59999999999997,827.2,408.6,164.5999999999999,122.66666666666652,1684.888888888889,1178.7777777777778,165.55555555555543,36.0,1399.4,877.2,36.0
833,90.62686567164201,565.5820895522388,1035.8955223880596,170.4179104477612,102.0,1119.0,719.0,129.0,148.16666666666663,574.0,789.8333333333334,122.0,100.0,796.5,1338.625,157.875,140.4999999999999,1098.3333333333333,941.3333333333334,108.33333333333348,137.625,1364.375,878.5,127.0,118.33333333333337,664.25,748.9166666666666,139.91666666666663,135.55000000000018,1241.35,1448.85,143.1500000000001,102.40000000000003,820.8,408.9,162.9000000000001,120.33333333333326,1681.7777777777778,1183.5555555555557,159.1111111111111,36.0,1394.6,882.8,36.0
834,90.37313432835799,565.4179104477612,1036.1044776119404,170.5820895522388,100.14285714285711,1116.857142857143,722.2857142857143,129.0,148.33333333333337,574.0,789.6666666666666,122.0,100.0,794.0,1341.25,154.75,142.0,1096.0,943.0,107.0,134.25,1357.75,884.0,122.0,117.66666666666663,665.0,748.3333333333334,140.33333333333337,138.9000000000001,1238.3,1450.3,145.70000000000005,103.19999999999999,814.4,409.2,161.20000000000005,118.0,1678.6666666666667,1188.3333333333333,152.66666666666652,36.0,1389.8,888.4,36.0
835,90.11940298507443,565.2537313432836,1036.313432835821,170.74626865671644,98.28571428571433,1114.7142857142858,725.5714285714286,129.0,148.5,574.0,789.5,122.0,100.0,791.5,1343.875,151.625,139.33333333333337,1092.8333333333333,945.1666666666666,106.66666666666674,130.875,1351.125,889.5,117.0,117.0,665.75,747.75,140.75,142.25,1235.25,1451.75,148.25,104.0,808.0,409.5,159.5,115.66666666666674,1675.5555555555557,1193.111111111111,146.22222222222217,36.0,1385.0,894.0,36.0
836,89.86567164179087,565.0895522388059,1036.5223880597016,170.91044776119406,96.42857142857144,1112.5714285714287,728.8571428571429,129.0,148.66666666666663,574.0,789.3333333333334,122.0,100.0,789.0,1346.5,148.5,136.66666666666663,1089.6666666666667,947.3333333333334,106.33333333333326,127.5,1344.5,895.0,112.0,116.33333333333337,666.5,747.1666666666666,141.16666666666663,145.5999999999999,1232.2,1453.2,150.79999999999995,104.80000000000001,801.6,409.8,157.79999999999995,113.33333333333326,1672.4444444444443,1197.888888888889,139.77777777777783,36.0,1384.0,906.2,36.0
837,89.6119402985073,564.9253731343283,1036.7313432835822,171.0746268656717,94.57142857142856,1110.4285714285713,732.1428571428571,129.0,148.83333333333337,574.0,789.1666666666666,122.0,100.0,786.5,1349.125,145.375,134.0,1086.5,949.5,106.0,124.125,1337.875,900.5,107.0,115.66666666666663,667.25,746.5833333333334,141.58333333333337,148.94999999999982,1229.15,1454.65,153.3499999999999,105.60000000000002,795.2,410.1,156.0999999999999,111.0,1669.3333333333333,1202.6666666666667,133.33333333333348,36.0,1383.0,918.4,36.0
838,89.35820895522374,564.7611940298508,1036.9402985074628,171.2388059701492,92.71428571428567,1108.2857142857142,735.4285714285714,129.0,149.0,574.0,789.0,122.0,100.0,784.0,1351.75,142.25,131.33333333333337,1083.3333333333333,951.6666666666666,105.66666666666674,120.75,1331.25,906.0,102.0,115.0,668.0,746.0,142.0,152.30000000000018,1226.1,1456.1,155.9000000000001,106.39999999999998,788.8,410.4,154.4000000000001,108.66666666666674,1666.2222222222222,1207.4444444444443,126.88888888888891,36.0,1382.0,930.6,36.0
839,89.10447761194018,564.5970149253732,1037.1492537313434,171.40298507462683,90.85714285714289,1106.142857142857,738.7142857142857,129.0,149.16666666666663,574.0,788.8333333333334,122.0,100.0,781.5,1354.375,139.125,128.66666666666663,1080.1666666666667,953.8333333333334,105.33333333333326,117.375,1324.625,911.5,97.0,115.0,668.0,746.8421052631579,142.0,155.6500000000001,1223.05,1457.55,158.45000000000005,107.19999999999999,782.4,410.7,152.70000000000005,106.33333333333348,1663.111111111111,1212.2222222222222,120.44444444444457,36.0,1381.0,942.8,36.0
840,88.85074626865662,564.4328358208955,1037.358208955224,171.56716417910445,89.0,1104.0,742.0,129.0,149.33333333333337,574.0,788.6666666666666,122.0,100.0,779.0,1357.0,136.0,126.0,1077.0,956.0,105.0,114.0,1318.0,917.0,92.0,115.0,668.0,747.6842105263158,142.0,159.0,1220.0,1459.0,161.0,108.0,776.0,411.0,151.0,104.0,1660.0,1217.0,114.0,36.0,1380.0,955.0,36.0
841,88.59701492537306,564.2686567164179,1037.5671641791046,171.73134328358208,91.95000000000005,1104.0,744.8,129.0,149.5,574.0,788.5,122.0,100.89999999999986,776.7,1358.4,137.5,126.39999999999986,1074.0,956.2,108.0,113.69999999999993,1313.9,917.4,94.89999999999986,115.0,668.0,748.5263157894736,142.0,152.33333333333326,1213.1666666666667,1473.0,158.0,107.10000000000002,770.95,412.25,151.44999999999993,106.5,1656.6666666666667,1218.8333333333333,116.5,36.0,1376.6,962.0,36.0
842,88.3432835820895,564.1044776119403,1037.7761194029852,171.8955223880597,94.89999999999998,1104.0,747.6,129.0,149.66666666666663,574.0,788.3333333333334,122.0,101.79999999999995,774.4,1359.8,139.0,126.80000000000007,1071.0,956.4,111.0,113.40000000000009,1309.8,917.8,97.79999999999995,115.0,668.0,749.3684210526316,142.0,145.66666666666674,1206.3333333333333,1487.0,155.0,106.20000000000005,765.9,413.5,151.89999999999998,109.0,1653.3333333333333,1220.6666666666667,119.0,36.0,1373.2,969.0,36.0
843,88.08955223880594,563.9402985074627,1037.9850746268658,172.05970149253733,97.85000000000002,1104.0,750.4,129.0,149.83333333333337,574.0,788.1666666666666,122.0,102.70000000000005,772.1,1361.2,140.5,127.19999999999993,1068.0,956.6,114.0,113.09999999999991,1305.7,918.2,100.70000000000005,115.0,668.0,750.2105263157895,142.0,139.0,1199.5,1501.0,152.0,105.29999999999995,760.85,414.75,152.35000000000002,111.5,1650.0,1222.5,121.5,36.0,1369.8,976.0,36.0
844,87.83582089552237,563.776119402985,1038.1940298507463,172.22388059701495,100.79999999999995,1104.0,753.2,129.0,150.0,574.0,788.0,122.0,103.60000000000014,769.8,1362.6,142.0,127.60000000000014,1065.0,956.8,117.0,112.80000000000007,1301.6,918.6,103.60000000000014,115.0,668.0,751.0526315789474,142.0,132.33333333333326,1192.6666666666667,1515.0,149.0,104.39999999999998,755.8,416.0,152.80000000000007,114.0,1646.6666666666667,1224.3333333333333,124.0,36.0,1366.4,983.0,36.0
845,87.58208955223881,563.6119402985074,1038.402985074627,172.38805970149258,103.75,1104.0,756.0,129.0,148.40909090909088,574.0,789.5909090909091,122.0,104.5,767.5,1364.0,143.5,128.0,1062.0,957.0,120.0,112.5,1297.5,919.0,106.5,115.0,668.0,751.8947368421053,142.0,125.66666666666674,1185.8333333333333,1529.0,146.0,103.5,750.75,417.25,153.25,116.5,1643.3333333333333,1226.1666666666667,126.5,36.0,1363.0,990.0,36.0
846,87.32835820895525,563.4477611940298,1038.6119402985075,172.5522388059702,106.70000000000005,1104.0,758.8,129.0,146.81818181818187,574.0,791.1818181818181,122.0,105.39999999999986,765.2,1365.4,145.0,126.57142857142856,1058.5714285714287,958.4285714285714,115.71428571428555,112.19999999999993,1293.4,919.4,109.39999999999986,115.0,668.0,752.7368421052631,142.0,119.0,1179.0,1543.0,143.0,102.60000000000002,745.7,418.5,153.69999999999993,119.0,1640.0,1228.0,129.0,35.999999999999886,1354.8,990.6,36.0
847,87.07462686567146,563.2835820895523,1038.8208955223881,172.71641791044772,109.64999999999998,1104.0,761.6,129.0,145.22727272727275,574.0,792.7727272727273,122.0,106.29999999999995,762.9,1366.8,146.5,125.14285714285711,1055.142857142857,959.8571428571429,111.42857142857156,111.90000000000009,1289.3,919.8,112.29999999999995,115.0,668.0,753.578947368421,142.0,119.29999999999995,1171.6,1548.4,146.5,101.70000000000005,740.65,419.75,154.14999999999998,117.14285714285711,1634.7142857142858,1232.0714285714287,129.07142857142844,36.0,1346.6,991.2,36.0
848,86.8208955223879,563.1194029850747,1039.0298507462687,172.88059701492534,112.60000000000002,1104.0,764.4,129.0,143.63636363636363,574.0,794.3636363636364,122.0,107.20000000000005,760.6,1368.2,148.0,123.71428571428567,1051.7142857142858,961.2857142857143,107.14285714285711,111.59999999999991,1285.2,920.2,115.20000000000005,115.0,668.0,754.421052631579,142.0,119.60000000000014,1164.2,1553.8,150.0,100.79999999999995,735.6,421.0,154.60000000000002,115.28571428571422,1629.4285714285713,1236.142857142857,129.14285714285734,36.0,1338.4,991.8,36.0
849,86.56716417910434,562.955223880597,1039.2388059701493,173.04477611940297,115.54999999999995,1104.0,767.2,129.0,142.0454545454545,574.0,795.9545454545455,122.0,108.10000000000014,758.3,1369.6,149.5,122.28571428571433,1048.2857142857142,962.7142857142857,102.85714285714289,111.30000000000007,1281.1,920.6,118.10000000000014,115.0,668.0,755.2631578947369,142.0,119.89999999999986,1156.8,1559.2,153.5,99.89999999999998,730.55,422.25,155.05000000000007,113.42857142857133,1624.142857142857,1240.2142857142858,129.21428571428578,36.000000000000114,1330.2,992.4,36.0
850,86.31343283582078,562.7910447761194,1039.44776119403,173.2089552238806,118.5,1104.0,770.0,129.0,140.4545454545455,574.0,797.5454545454545,122.0,109.0,756.0,1371.0,151.0,120.85714285714289,1044.857142857143,964.1428571428571,98.57142857142844,111.0,1277.0,921.0,121.0,115.0,668.0,756.1052631578947,142.0,120.20000000000005,1149.4,1564.6,157.0,99.0,725.5,423.5,155.5,111.57142857142867,1618.857142857143,1244.2857142857142,129.28571428571422,36.0,1322.0,993.0,36.0
851,86.05970149253722,562.6268656716418,1039.6567164179105,173.37313432835822,121.45000000000005,1104.0,772.8,129.0,138.86363636363637,574.0,799.1363636363636,122.0,108.09999999999991,753.7,1374.2,150.0,119.42857142857144,1041.4285714285713,965.5714285714286,94.28571428571445,110.79999999999995,1276.0,921.3,123.90000000000009,115.0,668.0,756.9473684210526,142.0,120.5,1142.0,1570.0,160.5,98.10000000000002,720.45,424.75,155.94999999999993,109.71428571428578,1613.5714285714287,1248.357142857143,129.35714285714266,36.000000000000114,1317.4,994.4,36.0
852,85.80597014925365,562.4626865671642,1039.865671641791,173.53731343283584,124.39999999999998,1104.0,775.6,129.0,137.27272727272725,574.0,800.7272727272727,122.0,107.19999999999982,751.4,1377.4,149.0,118.0,1038.0,967.0,90.0,110.60000000000002,1275.0,921.6,126.79999999999995,115.0,668.0,757.7894736842105,142.0,120.79999999999995,1134.6,1575.4,164.0,97.20000000000005,715.4,426.0,156.39999999999998,107.85714285714289,1608.2857142857142,1252.4285714285713,129.42857142857156,36.0,1312.8,995.8,36.0
853,85.55223880597009,562.2985074626865,1040.0746268656717,173.70149253731347,127.35000000000002,1104.0,778.4,129.0,135.68181818181813,574.0,802.3181818181819,122.0,106.30000000000018,749.1,1380.6,148.0,119.0,1035.375,966.0,91.875,110.39999999999998,1274.0,921.9,129.70000000000005,115.0,668.0,758.6315789473684,142.0,121.10000000000014,1127.2,1580.8,167.5,96.29999999999995,710.35,427.25,156.85000000000002,106.0,1603.0,1256.5,129.5,36.0,1308.2,997.2,36.0
854,85.29850746268653,562.1343283582089,1040.2835820895523,173.8656716417911,130.29999999999995,1104.0,781.2,129.0,134.09090909090912,574.0,803.9090909090909,122.0,105.40000000000009,746.8,1383.8,147.0,120.0,1032.75,965.0,93.75,110.20000000000005,1273.0,922.2,132.5999999999999,115.0,668.0,759.4736842105264,142.0,121.39999999999986,1119.8,1586.2,171.0,95.39999999999998,705.3,428.5,157.30000000000007,104.14285714285711,1597.7142857142858,1260.5714285714287,129.57142857142844,35.999999999999886,1303.6,998.6,36.0
855,85.04477611940297,561.9701492537314,1040.4925373134329,174.0298507462686,133.25,1104.0,784.0,129.0,132.5,574.0,805.5,122.0,104.5,744.5,1387.0,146.0,121.0,1030.125,964.0,95.625,110.0,1272.0,922.5,135.5,115.0,668.0,760.3157894736842,142.0,121.70000000000005,1112.4,1591.6,174.5,94.5,700.25,429.75,157.75,102.28571428571422,1592.4285714285713,1264.642857142857,129.64285714285734,36.0,1299.0,1000.0,36.0
856,84.7910447761194,561.8059701492538,1040.7014925373135,174.19402985074623,136.20000000000005,1104.0,786.8,129.0,130.90909090909088,574.0,807.0909090909091,122.0,103.59999999999991,742.2,1390.2,145.0,122.0,1027.5,963.0,97.5,109.79999999999995,1271.0,922.8,138.4000000000001,115.0,668.0,761.1578947368421,142.0,122.0,1105.0,1597.0,178.0,93.60000000000002,695.2,431.0,158.19999999999993,100.42857142857133,1587.142857142857,1268.7142857142858,129.71428571428578,36.0,1304.4,1003.0,36.0
857,84.53731343283584,561.6417910447761,1040.910447761194,174.35820895522386,139.14999999999998,1104.0,789.6,129.0,129.31818181818187,574.0,808.6818181818181,122.0,102.69999999999982,739.9,1393.4,144.0,123.0,1024.875,962.0,99.375,109.60000000000002,1270.0,923.1,141.29999999999995,115.0,668.0,762.0,142.0,125.5,1097.75,1599.25,175.25,92.70000000000005,690.15,432.25,158.64999999999998,98.57142857142867,1581.857142857143,1272.7857142857142,129.78571428571422,36.0,1309.8,1006.0,36.0
858,84.28358208955228,561.4776119402985,1041.1194029850747,174.52238805970148,142.10000000000002,1104.0,792.4,129.0,127.72727272727275,574.0,810.2727272727273,122.0,101.80000000000018,737.6,1396.6,143.0,124.0,1022.25,961.0,101.25,109.39999999999998,1269.0,923.4,144.20000000000005,115.0,665.3333333333334,762.3333333333334,142.0,129.0,1090.5,1601.5,172.5,91.79999999999995,685.1,433.5,159.10000000000002,96.71428571428578,1576.5714285714287,1276.857142857143,129.85714285714266,36.0,1315.2,1009.0,36.0
859,84.02985074626872,561.3134328358209,1041.3283582089553,174.6865671641791,145.04999999999995,1104.0,795.2,129.0,126.13636363636363,574.0,811.8636363636364,122.0,100.90000000000009,735.3,1399.8,142.0,125.0,1019.625,960.0,103.125,109.20000000000005,1268.0,923.7,147.0999999999999,115.0,662.6666666666666,762.6666666666666,142.0,132.5,1083.25,1603.75,169.75,90.89999999999998,680.05,434.75,159.55000000000007,94.85714285714289,1571.2857142857142,1280.9285714285713,129.92857142857156,36.0,1320.6,1012.0,36.0
860,83.77611940298516,561.1492537313433,1041.5373134328358,174.85074626865674,148.0,1104.0,798.0,129.0,124.5454545454545,574.0,813.4545454545455,122.0,100.0,733.0,1403.0,141.0,126.0,1017.0,959.0,105.0,109.0,1267.0,924.0,150.0,115.0,660.0,763.0,142.0,136.0,1076.0,1606.0,167.0,90.0,675.0,436.0,160.0,93.0,1566.0,1285.0,130.0,36.0,1326.0,1015.0,36.0
861,83.52238805970137,560.9850746268656,1041.7462686567164,175.01492537313436,146.45000000000005,1104.55,799.55,128.45000000000005,122.9545454545455,574.0,815.0454545454545,122.0,100.42857142857133,730.8571428571429,1403.7142857142858,142.42857142857144,129.18181818181813,1016.0909090909091,958.9090909090909,104.99999999999989,110.08333333333337,1267.3333333333333,925.5833333333334,149.41666666666674,114.69999999999993,658.7,763.85,142.3499999999999,135.25,1066.15,1612.4,166.69999999999982,90.5,674.875,435.125,158.125,93.5,1565.5,1287.75,127.75,36.0,1326.8,1015.8,36.0
862,83.26865671641781,560.820895522388,1041.955223880597,175.179104477612,144.89999999999998,1105.1,801.1,127.90000000000009,121.36363636363637,574.0,816.6363636363636,122.0,100.85714285714289,728.7142857142857,1404.4285714285713,143.8571428571429,132.36363636363637,1015.1818181818181,958.8181818181819,105.00000000000011,111.16666666666663,1267.6666666666667,927.1666666666666,148.83333333333326,114.39999999999998,657.4,764.7,142.70000000000005,134.5,1056.3,1618.8,166.4000000000001,91.0,674.75,434.25,156.25,94.0,1565.0,1290.5,125.5,35.999999999999886,1327.6,1016.6,36.0
863,83.01492537313425,560.6567164179105,1042.1641791044776,175.3432835820895,143.35000000000002,1105.65,802.65,127.34999999999991,119.77272727272725,574.0,818.2272727272727,122.0,101.28571428571422,726.5714285714286,1405.142857142857,145.28571428571433,135.5454545454545,1014.2727272727273,958.7272727272727,105.0,112.25,1268.0,928.75,148.25,114.10000000000002,656.1,765.55,143.04999999999995,133.75,1046.45,1625.2,166.0999999999999,91.5,674.625,433.375,154.375,94.5,1564.5,1293.25,123.25,36.000000000000114,1328.4,1017.4,36.0
864,82.76119402985069,560.4925373134329,1042.3731343283582,175.50746268656712,141.79999999999995,1106.2,804.2,126.79999999999995,118.18181818181813,574.0,819.8181818181819,122.0,101.71428571428578,724.4285714285714,1405.857142857143,146.71428571428567,138.72727272727263,1013.3636363636364,958.6363636363636,104.99999999999989,113.33333333333337,1268.3333333333333,930.3333333333334,147.66666666666674,113.80000000000007,654.8,766.4,143.4000000000001,133.0,1036.6,1631.6,165.80000000000018,92.0,674.5,432.5,152.5,95.0,1564.0,1296.0,121.0,36.0,1329.2,1018.2,36.0
865,82.50746268656712,560.3283582089553,1042.5820895522388,175.67164179104475,140.25,1106.75,805.75,126.25,116.59090909090912,574.0,821.4090909090909,122.0,102.14285714285711,722.2857142857143,1406.5714285714287,148.1428571428571,141.909090909091,1012.4545454545455,958.5454545454545,105.0,114.41666666666663,1268.6666666666667,931.9166666666666,147.08333333333326,113.5,653.5,767.25,143.75,132.25,1026.75,1638.0,165.5,92.5,674.375,431.625,150.625,96.33333333333326,1556.8333333333333,1299.0,122.41666666666674,36.0,1330.0,1019.0,36.0
866,82.25373134328356,560.1641791044776,1042.7910447761194,175.83582089552237,138.70000000000005,1107.3,807.3,125.70000000000005,115.0,574.0,823.0,122.0,102.57142857142867,720.1428571428571,1407.2857142857142,149.57142857142856,145.090909090909,1011.5454545454545,958.4545454545455,105.0,115.5,1269.0,933.5,146.5,113.19999999999993,652.2,768.1,144.0999999999999,131.5,1016.9,1644.4,165.19999999999993,93.0,674.25,430.75,148.75,97.66666666666674,1549.6666666666667,1302.0,123.83333333333326,36.000000000000114,1330.8,1020.4,36.0
867,82.0,560.0,1043.0,176.0,137.14999999999998,1107.85,808.85,125.15000000000009,115.21428571428567,571.7142857142857,822.7857142857143,124.28571428571433,103.0,718.0,1408.0,151.0,148.27272727272737,1010.6363636363636,958.3636363636364,105.00000000000011,116.58333333333337,1269.3333333333333,935.0833333333334,145.91666666666674,112.89999999999998,650.9,768.95,144.45000000000005,130.75,1007.05,1650.8,164.9000000000001,93.5,674.125,429.875,146.875,99.0,1542.5,1305.0,125.25,36.0,1331.6,1021.8,36.0
868,81.91176470588243,560.0294117647059,1043.0882352941176,175.97058823529414,135.60000000000002,1108.4,810.4,124.59999999999991,115.42857142857144,569.4285714285714,822.5714285714286,126.57142857142856,102.76923076923094,715.3846153846154,1409.6153846153845,150.23076923076928,151.4545454545455,1009.7272727272727,958.2727272727273,105.0,117.66666666666663,1269.6666666666667,936.6666666666666,145.33333333333326,112.60000000000002,649.6,769.8,144.79999999999995,130.0,997.2,1657.2,164.5999999999999,94.0,674.0,429.0,145.0,100.33333333333326,1535.3333333333333,1308.0,126.66666666666674,36.0,1332.4,1023.2,36.0
869,81.82352941176464,560.0588235294117,1043.1764705882354,175.9411764705883,134.04999999999995,1108.95,811.95,124.04999999999995,115.64285714285711,567.1428571428571,822.3571428571429,128.8571428571429,102.53846153846143,712.7692307692307,1411.2307692307693,149.46153846153857,154.63636363636363,1008.8181818181819,958.1818181818181,104.99999999999989,118.75,1270.0,938.25,144.75,112.30000000000007,648.3,770.65,145.1500000000001,129.25,987.35,1663.6,164.30000000000007,96.11111111111114,677.6666666666666,426.6666666666667,143.1111111111112,101.66666666666674,1528.1666666666667,1311.0,128.08333333333326,36.0,1333.2,1024.6,36.0
870,81.73529411764707,560.0882352941177,1043.264705882353,175.91176470588232,132.5,1109.5,813.5,123.5,115.85714285714289,564.8571428571429,822.1428571428571,131.1428571428571,102.30769230769238,710.1538461538462,1412.8461538461538,148.69230769230762,157.81818181818187,1007.9090909090909,958.0909090909091,105.00000000000011,119.83333333333337,1270.3333333333333,939.8333333333334,144.16666666666674,112.0,647.0,771.5,145.5,128.5,977.5,1670.0,164.0,98.22222222222223,681.3333333333334,424.3333333333333,141.22222222222217,103.0,1521.0,1314.0,129.5,36.0,1334.0,1026.0,36.0
871,81.6470588235295,560.1176470588235,1043.3529411764705,175.88235294117646,130.95000000000005,1110.05,815.05,122.95000000000005,116.07142857142856,562.5714285714286,821.9285714285714,133.42857142857144,102.07692307692287,707.5384615384615,1414.4615384615386,147.9230769230769,161.0,1007.0,958.0,105.0,120.91666666666663,1270.6666666666667,941.4166666666666,143.58333333333326,111.69999999999993,645.7,772.35,145.8499999999999,127.75,967.65,1676.4,163.69999999999993,100.33333333333337,685.0,422.0,139.33333333333337,104.33333333333326,1513.8333333333333,1317.0,130.91666666666674,36.0,1332.6,1027.8,36.0
872,81.55882352941171,560.1470588235294,1043.4411764705883,175.8529411764706,129.39999999999998,1110.6,816.6,122.40000000000009,116.28571428571433,560.2857142857143,821.7142857142857,135.71428571428567,101.84615384615381,704.9230769230769,1416.076923076923,147.1538461538462,160.44444444444434,1006.1111111111111,957.8888888888889,105.0,122.0,1271.0,943.0,143.0,111.39999999999998,644.4,773.2,146.20000000000005,127.0,957.8,1682.8,163.4000000000001,102.4444444444444,688.6666666666666,419.6666666666667,137.44444444444446,105.66666666666674,1506.6666666666667,1320.0,132.33333333333326,36.0,1331.2,1029.6,36.0
873,81.47058823529414,560.1764705882352,1043.5294117647059,175.82352941176475,127.85000000000002,1111.15,818.15,121.84999999999991,116.5,558.0,821.5,138.0,101.61538461538476,702.3076923076923,1417.6923076923076,146.38461538461547,159.8888888888889,1005.2222222222222,957.7777777777778,105.0,119.5,1271.25,944.625,142.5,111.10000000000002,643.1,774.05,146.54999999999995,126.25,947.95,1689.2,163.0999999999999,104.5555555555556,692.3333333333334,417.3333333333333,135.55555555555554,107.0,1499.5,1323.0,133.75,36.0,1329.8,1031.4,36.0
874,81.38235294117658,560.2058823529412,1043.6176470588234,175.79411764705878,126.29999999999995,1111.7,819.7,121.29999999999995,116.71428571428567,555.7142857142857,821.2857142857143,140.28571428571433,101.38461538461524,699.6923076923077,1419.3076923076924,145.61538461538453,159.33333333333337,1004.3333333333334,957.6666666666666,104.99999999999989,117.0,1271.5,946.25,142.0,110.80000000000007,641.8,774.9,146.9000000000001,125.5,938.1,1695.6,162.80000000000007,106.66666666666663,696.0,415.0,133.66666666666663,108.33333333333326,1492.3333333333333,1326.0,135.16666666666674,36.0,1328.4,1033.2,36.0
875,81.29411764705878,560.2352941176471,1043.7058823529412,175.76470588235293,124.75,1112.25,821.25,120.75,116.92857142857144,553.4285714285714,821.0714285714286,142.57142857142856,101.15384615384619,697.0769230769231,1420.923076923077,144.8461538461538,158.77777777777771,1003.4444444444445,957.5555555555555,104.99999999999989,114.5,1271.75,947.875,141.5,110.5,640.5,775.75,147.25,124.75,928.25,1702.0,162.5,108.77777777777777,699.6666666666666,412.6666666666667,131.77777777777783,109.66666666666674,1485.1666666666667,1329.0,136.58333333333326,36.0,1327.0,1035.0,36.0
876,81.20588235294122,560.2647058823529,1043.7941176470588,175.73529411764707,123.20000000000005,1112.8,822.8,120.20000000000005,117.14285714285711,551.1428571428571,820.8571428571429,144.8571428571429,100.92307692307713,694.4615384615385,1422.5384615384614,144.0769230769231,158.22222222222229,1002.5555555555555,957.4444444444445,105.00000000000011,112.0,1272.0,949.5,141.0,110.19999999999993,639.2,776.6,147.5999999999999,124.0,918.4,1708.4,162.19999999999993,110.88888888888886,703.3333333333334,410.3333333333333,129.8888888888888,111.0,1478.0,1332.0,138.0,36.0,1322.2,1034.4,36.0
877,81.11764705882342,560.2941176470588,1043.8823529411766,175.70588235294122,121.64999999999998,1113.35,824.35,119.65000000000009,117.35714285714289,548.8571428571429,820.6428571428571,147.1428571428571,100.69230769230762,691.8461538461538,1424.1538461538462,143.30769230769238,157.66666666666663,1001.6666666666666,957.3333333333334,105.00000000000011,109.5,1272.25,951.125,140.5,109.89999999999998,637.9,777.45,147.95000000000005,123.25,908.55,1714.8,161.9000000000001,113.0,707.0,408.0,128.0,108.75,1472.25,1336.25,136.0,36.0,1317.4,1033.8,36.0
878,81.02941176470586,560.3235294117648,1043.9705882352941,175.67647058823525,120.10000000000002,1113.9,825.9,119.09999999999991,117.57142857142856,546.5714285714286,820.4285714285714,149.42857142857144,100.46153846153857,689.2307692307693,1425.7692307692307,142.53846153846143,157.1111111111111,1000.7777777777778,957.2222222222222,105.0,107.0,1272.5,952.75,140.0,109.60000000000002,636.6,778.3,148.29999999999995,122.5,898.7,1721.2,161.5999999999999,108.99999999999994,710.6666666666666,405.6666666666667,126.33333333333337,106.5,1466.5,1340.5,134.0,36.0,1312.6,1033.2,36.0
879,80.94117647058829,560.3529411764706,1044.0588235294117,175.6470588235294,118.54999999999995,1114.45,827.45,118.54999999999995,117.78571428571433,544.2857142857143,820.2142857142857,151.71428571428567,100.23076923076906,686.6153846153846,1427.3846153846155,141.76923076923072,156.55555555555566,999.8888888888889,957.1111111111111,105.0,104.5,1272.75,954.375,139.5,109.30000000000007,635.3,779.15,148.6500000000001,121.75,888.85,1727.6,161.30000000000007,105.0,714.3333333333334,403.3333333333333,124.66666666666663,104.25,1460.75,1344.75,132.0,36.0,1307.8,1032.6,36.0
880,80.8529411764705,560.3823529411765,1044.1470588235295,175.61764705882354,117.0,1115.0,829.0,118.0,118.0,542.0,820.0,154.0,100.0,684.0,1429.0,141.0,156.0,999.0,957.0,105.0,102.0,1273.0,956.0,139.0,109.0,634.0,780.0,149.0,121.0,879.0,1734.0,161.0,101.0,718.0,401.0,123.0,102.0,1455.0,1349.0,130.0,36.0,1303.0,1032.0,36.0
881,80.76470588235293,560.4117647058823,1044.235294117647,175.58823529411768,116.35714285714278,1116.9285714285713,829.7857142857143,119.21428571428578,118.0,540.2222222222222,816.7777777777778,154.0,100.0,684.9047619047619,1427.857142857143,141.0,157.20000000000005,998.4,958.0,105.00000000000011,102.0,1274.4375,957.4375,139.0,110.66666666666663,632.6666666666666,779.7619047619048,149.0,124.25,872.0,1735.25,160.25,101.78571428571428,724.7142857142857,400.7857142857143,124.78571428571433,103.85714285714266,1444.857142857143,1349.5714285714287,134.71428571428578,36.0,1306.4,1033.8,36.0
882,80.67647058823536,560.4411764705883,1044.3235294117646,175.5588235294117,115.71428571428578,1118.857142857143,830.5714285714286,120.42857142857133,118.0,538.4444444444445,813.5555555555555,154.0,100.0,685.8095238095239,1426.7142857142858,141.0,158.4000000000001,997.8,959.0,105.0,102.0,1275.875,958.875,139.0,112.33333333333337,631.3333333333334,779.5238095238095,149.0,127.5,865.0,1736.5,159.5,102.57142857142861,731.4285714285714,400.57142857142856,126.57142857142856,105.71428571428578,1434.7142857142858,1350.142857142857,139.42857142857133,36.0,1309.8,1035.6,36.0
883,80.58823529411757,560.4705882352941,1044.4117647058824,175.52941176470586,115.07142857142856,1120.7857142857142,831.3571428571429,121.64285714285711,118.0,536.6666666666666,810.3333333333334,154.0,100.0,686.7142857142857,1425.5714285714287,141.0,159.5999999999999,997.2,960.0,105.0,102.0,1277.3125,960.3125,139.0,114.0,630.0,779.2857142857143,149.0,130.75,858.0,1737.75,158.75,103.35714285714289,738.1428571428571,400.35714285714283,128.3571428571429,107.57142857142844,1424.5714285714287,1350.7142857142858,144.1428571428571,36.0,1313.2,1037.4,36.0
884,80.5,560.5,1044.5,175.5,114.42857142857144,1122.7142857142858,832.1428571428571,122.85714285714289,118.0,534.8888888888889,807.1111111111111,154.0,100.0,687.6190476190476,1424.4285714285713,141.0,160.79999999999995,996.6,961.0,104.99999999999989,102.0,1278.75,961.75,139.0,115.66666666666663,628.6666666666666,779.047619047619,149.0,134.0,851.0,1739.0,158.0,104.14285714285711,744.8571428571429,400.14285714285717,130.1428571428571,109.42857142857156,1414.4285714285713,1351.2857142857142,148.8571428571429,36.0,1316.6,1039.2,36.0
885,80.41176470588243,560.5294117647059,1044.5882352941176,175.47058823529414,113.78571428571422,1124.642857142857,832.9285714285714,124.07142857142867,118.0,533.1111111111111,803.8888888888889,154.0,100.0,688.5238095238095,1423.2857142857142,141.0,162.0,996.0,962.0,105.0,102.0,1280.1875,963.1875,139.0,117.33333333333326,627.3333333333334,778.8095238095239,149.0,131.1111111111111,844.0,1743.2222222222222,151.55555555555554,104.92857142857139,751.5714285714286,399.92857142857144,131.92857142857144,111.28571428571422,1404.2857142857142,1351.857142857143,153.57142857142867,36.0,1320.0,1041.0,36.0
886,80.32352941176464,560.5588235294117,1044.6764705882354,175.4411764705883,113.14285714285722,1126.5714285714287,833.7142857142857,125.28571428571422,118.0,531.3333333333334,800.6666666666666,154.0,100.0,689.4285714285714,1422.142857142857,141.0,163.5,995.75,962.75,105.0,102.0,1281.625,964.625,139.0,119.0,626.0,778.5714285714286,149.0,128.2222222222224,837.0,1747.4444444444443,145.1111111111111,105.71428571428572,758.2857142857143,399.7142857142857,133.71428571428567,113.14285714285734,1394.142857142857,1352.4285714285713,158.28571428571422,36.0,1323.0,1041.8,36.0
887,80.23529411764707,560.5882352941177,1044.764705882353,175.41176470588232,112.5,1128.5,834.5,126.5,118.0,529.5555555555555,797.4444444444445,154.0,100.0,690.3333333333334,1421.0,141.0,165.0,995.5,963.5,105.0,102.0,1283.0625,966.0625,139.0,120.66666666666663,624.6666666666666,778.3333333333334,149.0,125.33333333333326,830.0,1751.6666666666667,138.66666666666663,106.5,765.0,399.5,135.5,115.0,1384.0,1353.0,163.0,36.0,1326.0,1042.6,36.0
888,80.1470588235295,560.6176470588235,1044.8529411764705,175.38235294117646,111.85714285714278,1130.4285714285713,835.2857142857143,127.71428571428578,118.0,527.7777777777778,794.2222222222222,154.0,100.0,691.2380952380952,1419.857142857143,141.0,166.5,995.25,964.25,105.0,102.0,1284.5,967.5,139.0,122.33333333333337,623.3333333333334,778.0952380952381,149.0,122.44444444444434,823.0,1755.888888888889,132.22222222222217,107.28571428571428,771.7142857142857,399.2857142857143,137.28571428571433,116.66666666666674,1373.3333333333333,1353.0,170.66666666666674,36.0,1329.0,1043.4,36.0
889,80.05882352941171,560.6470588235294,1044.9411764705883,175.3529411764706,111.21428571428578,1132.357142857143,836.0714285714286,128.92857142857133,118.0,526.0,791.0,154.0,100.0,692.1428571428571,1418.7142857142858,141.0,168.0,995.0,965.0,105.0,102.0,1285.9375,968.9375,139.0,124.0,622.0,777.8571428571429,149.0,119.55555555555566,816.0,1760.111111111111,125.77777777777783,108.07142857142861,778.4285714285714,399.07142857142856,139.07142857142856,118.33333333333326,1362.6666666666667,1353.0,178.33333333333326,36.0,1332.0,1044.2,36.0
890,79.97058823529414,560.6764705882352,1045.0294117647059,175.32352941176475,110.57142857142856,1134.2857142857142,836.8571428571429,130.1428571428571,116.0,529.5,786.1666666666666,152.33333333333337,100.0,693.047619047619,1417.5714285714287,141.0,161.625,994.375,966.125,105.0,102.0,1287.375,970.375,139.0,125.66666666666674,620.6666666666666,777.6190476190476,149.0,116.66666666666674,809.0,1764.3333333333333,119.33333333333337,108.85714285714289,785.1428571428571,398.85714285714283,140.8571428571429,120.0,1352.0,1353.0,186.0,36.0,1335.0,1045.0,36.0
891,79.88235294117658,560.7058823529412,1045.1176470588234,175.29411764705878,109.92857142857144,1136.2142857142858,837.6428571428571,131.3571428571429,114.0,533.0,781.3333333333334,150.66666666666663,100.0,693.952380952381,1416.4285714285713,141.0,155.25,993.75,967.25,105.0,102.0,1288.8125,971.8125,139.0,127.33333333333326,619.3333333333334,777.3809523809524,149.0,113.7777777777776,802.0,1768.5555555555557,112.88888888888891,109.64285714285711,791.8571428571429,398.64285714285717,142.6428571428571,121.0,1341.0,1353.0,178.0,36.0,1335.8,1046.6,36.0
892,79.79411764705878,560.7352941176471,1045.2058823529412,175.26470588235293,109.28571428571422,1138.142857142857,838.4285714285714,132.57142857142867,112.0,536.5,776.5,149.0,100.0,694.8571428571429,1415.2857142857142,141.0,148.875,993.125,968.375,105.0,102.0,1290.25,973.25,139.0,129.0,618.0,777.1428571428571,149.0,110.88888888888891,795.0,1772.7777777777778,106.44444444444446,110.42857142857139,798.5714285714286,398.42857142857144,144.42857142857144,121.39999999999986,1336.7,1354.7,171.89999999999986,36.0,1336.6,1048.2,36.0
893,79.70588235294122,560.7647058823529,1045.2941176470588,175.23529411764707,108.64285714285722,1140.0714285714287,839.2142857142857,133.78571428571422,110.0,540.0,771.6666666666666,147.33333333333337,100.0,695.7619047619048,1414.142857142857,141.0,142.5,992.5,969.5,105.0,102.0,1291.6875,974.6875,139.0,130.66666666666663,616.6666666666666,776.9047619047619,149.0,108.0,788.0,1777.0,100.0,111.21428571428572,805.2857142857143,398.2142857142857,146.21428571428567,121.79999999999995,1332.4,1356.4,165.79999999999995,36.0,1337.4,1049.8,36.0
894,79.61764705882342,560.7941176470588,1045.3823529411766,175.20588235294122,108.0,1142.0,840.0,135.0,108.0,543.5,766.8333333333334,145.66666666666663,100.0,696.6666666666666,1413.0,141.0,136.125,991.875,970.625,105.0,102.0,1293.125,976.125,139.0,132.33333333333337,615.3333333333334,776.6666666666666,149.0,109.625,782.375,1777.25,104.125,112.0,812.0,398.0,148.0,122.20000000000005,1328.1,1358.1,159.70000000000005,36.0,1338.2,1051.4,36.0
895,79.52941176470586,560.8235294117648,1045.4705882352941,175.17647058823525,109.28571428571422,1144.0,838.8571428571429,132.57142857142867,106.0,547.0,762.0,144.0,100.0,697.5714285714286,1411.857142857143,141.0,129.75,991.25,971.75,105.0,102.0,1294.5625,977.5625,139.0,134.0,614.0,776.4285714285714,149.0,111.25,776.75,1777.5,108.25,111.0,819.2857142857143,399.57142857142856,149.28571428571422,122.60000000000014,1323.8,1359.8,153.60000000000014,36.0,1339.0,1053.0,36.0
896,79.44117647058829,560.8529411764706,1045.5588235294117,175.1470588235294,110.57142857142867,1146.0,837.7142857142857,130.1428571428571,106.0,549.3333333333334,757.0,144.0,100.0,698.4761904761905,1410.7142857142858,141.0,123.375,990.625,972.875,105.0,102.0,1296.0,979.0,139.0,135.66666666666674,612.6666666666666,776.1904761904761,149.0,112.875,771.125,1777.75,112.375,110.0,826.5714285714286,401.14285714285717,150.57142857142856,123.0,1319.5,1361.5,147.5,36.0,1335.8,1053.6,36.0
897,79.3529411764705,560.8823529411765,1045.6470588235295,175.11764705882354,111.85714285714289,1148.0,836.5714285714286,127.71428571428578,106.0,551.6666666666666,752.0,144.0,100.0,699.3809523809524,1409.5714285714287,141.0,117.0,990.0,974.0,105.0,102.0,1300.4,981.8,139.0,137.33333333333337,611.3333333333334,775.952380952381,149.0,114.5,765.5,1778.0,116.5,109.0,833.8571428571429,402.7142857142857,151.85714285714278,123.39999999999986,1315.2,1363.2,141.39999999999986,36.0,1332.6,1054.2,36.0
898,79.26470588235293,560.9117647058823,1045.735294117647,175.08823529411768,113.14285714285711,1150.0,835.4285714285714,125.28571428571422,106.0,554.0,747.0,144.0,100.0,700.2857142857143,1408.4285714285713,141.0,118.75,989.5,975.25,105.0,101.99999999999989,1304.8,984.6,139.0,139.0,610.0,775.7142857142857,149.0,116.125,759.875,1778.25,120.625,108.00000000000006,841.1428571428571,404.2857142857143,153.14285714285722,123.79999999999995,1310.9,1364.9,135.29999999999995,36.0,1329.4,1054.8,36.0
899,79.17647058823536,560.9411764705883,1045.8235294117646,175.0588235294117,114.42857142857133,1152.0,834.2857142857143,122.85714285714289,106.0,556.3333333333334,742.0,144.0,100.0,701.1904761904761,1407.2857142857142,141.0,120.5,989.0,976.5,105.0,102.00000000000011,1309.2,987.4,139.0,140.66666666666663,608.6666666666666,775.4761904761905,149.0,117.75,754.25,1778.5,124.75,107.00000000000006,848.4285714285714,405.85714285714283,154.42857142857144,124.20000000000005,1306.6,1366.6,129.20000000000005,36.0,1326.2,1055.4,36.0
900,79.08823529411757,560.9705882352941,1045.9117647058824,175.02941176470586,115.71428571428578,1154.0,833.1428571428571,120.42857142857133,106.0,558.6666666666666,737.0,144.0,100.0,702.0952380952381,1406.142857142857,141.0,122.25,988.5,977.75,105.0,102.0,1313.6,990.2,139.0,142.33333333333337,607.3333333333334,775.2380952380952,149.0,119.375,748.625,1778.75,128.875,106.0,855.7142857142857,407.42857142857144,155.71428571428578,124.60000000000014,1302.3,1368.3,123.10000000000014,36.0,1323.0,1056.0,36.0
901,79.0,561.0,1046.0,175.0,117.0,1156.0,832.0,118.0,106.0,561.0,732.0,144.0,100.0,703.0,1405.0,141.0,124.0,988.0,979.0,105.0,102.0,1318.0,993.0,139.0,144.0,606.0,775.0,149.0,121.0,743.0,1779.0,133.0,105.0,863.0,409.0,157.0,125.0,1298.0,1370.0,117.0,36.0,1319.0,1051.0,36.0
