TeamID,0,0,0,0,0,0,0,0,0,0,0,0,0,0,0,0,0,0,0,0,1,1,1,1,1,1,1,1,1,1,1,1,1,1,1,1,1,1,1,1,BALL,BALL,BALL,BALL
PlayerID,1,1,1,1,2,2,2,2,3,3,3,3,4,4,4,4,5,5,5,5,0,0,0,0,1,1,1,1,2,2,2,2,3,3,3,3,4,4,4,4,BALL,BALL,BALL,BALL
Attributes,bb_height,bb_left,bb_top,bb_width,bb_height,bb_left,bb_top,bb_width,bb_height,bb_left,bb_top,bb_width,bb_height,bb_left,bb_top,bb_width,bb_height,bb_left,bb_top,bb_width,bb_height,bb_left,bb_top,bb_width,bb_height,bb_left,bb_top,bb_width,bb_height,bb_left,bb_top,bb_width,bb_height,bb_left,bb_top,bb_width,bb_height,bb_left,bb_top,bb_width,bb_height,bb_left,bb_top,bb_width
frame,,,,,,,,,,,,,,,,,,,,,,,,,,,,,,,,,,,,,,,,,,,,
1,127.0,417.0,664.0,173.0,85.0,1935.0,882.0,113.0,108.0,506.0,565.0,148.0,82.0,495.0,1046.0,177.0,122.0,793.0,416.0,154.0,133.0,836.0,1256.0,150.0,125.0,538.0,687.0,156.0,112.0,1000.0,889.0,188.0,74.0,327.0,1154.0,172.0,128.0,807.0,211.0,208.0,31.0,832.0,259.0,32.0
2,123.0,422.75,668.25,172.5,86.21052631578948,1933.157894736842,881.0,111.68421052631584,110.30000000000007,505.5,563.3,148.0,82.0,499.42857142857144,1046.0,177.0,122.0,794.375,411.375,154.0,132.375,838.875,1258.0,148.5,122.125,540.125,690.0,158.0,119.77777777777783,1001.5555555555555,878.5555555555555,188.22222222222229,75.57142857142844,324.7142857142857,1153.857142857143,172.71428571428572,125.33333333333337,800.6666666666666,209.55555555555554,202.33333333333337,30.99999999999997,826.8,252.4,32.0
3,119.0,428.5,672.5,172.0,87.42105263157896,1931.3157894736842,880.0,110.36842105263167,112.60000000000002,505.0,561.6,148.0,82.0,503.85714285714283,1046.0,177.00000000000006,122.0,795.75,406.75,154.0,131.75,841.75,1260.0,147.0,119.25,542.25,693.0,160.0,127.55555555555554,1003.1111111111111,868.1111111111111,188.44444444444457,77.14285714285711,322.42857142857144,1153.7142857142858,173.4285714285714,122.66666666666666,794.3333333333334,208.11111111111111,196.66666666666663,31.0,821.6,245.8,32.0
4,115.0,434.25,676.75,171.5,88.63157894736844,1929.4736842105262,879.0,109.05263157894751,114.89999999999998,504.5,559.9,148.0,82.0,508.2857142857143,1046.0,177.00000000000006,122.0,797.125,402.125,154.0,131.125,844.625,1262.0,145.5,116.375,544.375,696.0,162.0,135.33333333333337,1004.6666666666666,857.6666666666666,188.66666666666663,78.71428571428555,320.14285714285717,1153.5714285714287,174.1428571428571,120.00000000000003,788.0,206.66666666666666,191.0,31.0,816.4,239.2,32.0
5,111.0,440.0,681.0,171.0,89.84210526315792,1927.6315789473683,878.0,107.73684210526335,117.19999999999993,504.0,558.2,148.0,82.0,512.7142857142857,1046.0,177.0,122.0,798.5,397.5,154.0,130.5,847.5,1264.0,144.0,113.5,546.5,699.0,164.0,143.1111111111112,1006.2222222222222,847.2222222222222,188.8888888888889,80.28571428571445,317.85714285714283,1153.4285714285713,174.8571428571429,117.33333333333331,781.6666666666666,205.22222222222223,185.33333333333337,31.00000000000003,811.2,232.6,32.0
6,108.0,442.5,684.25,170.75,91.0526315789474,1925.7894736842106,877.0,106.42105263157873,119.5,503.5,556.5,148.0,82.0,517.1428571428571,1046.0,177.0,122.0,799.875,392.875,154.0,129.875,850.375,1266.0,142.5,110.625,548.625,702.0,166.0,150.8888888888888,1007.7777777777778,836.7777777777778,189.1111111111111,81.85714285714289,315.57142857142856,1153.2857142857142,175.5714285714286,114.66666666666669,775.3333333333334,203.77777777777777,179.66666666666663,31.0,806.0,226.0,32.0
7,105.0,445.0,687.5,170.5,92.26315789473688,1923.9473684210527,876.0,105.10526315789457,121.80000000000007,503.0,554.8,148.0,82.0,521.5714285714286,1046.0,177.0,122.0,801.25,388.25,154.0,129.25,853.25,1268.0,141.0,107.75,550.75,705.0,168.0,158.66666666666663,1009.3333333333334,826.3333333333334,189.33333333333337,83.42857142857156,313.2857142857143,1153.142857142857,176.28571428571428,111.99999999999997,769.0,202.33333333333334,174.0,31.0,798.5,225.5,32.0
8,102.0,447.5,690.75,170.25,93.47368421052636,1922.1052631578948,875.0,103.7894736842104,124.10000000000002,502.5,553.1,148.0,82.0,526.0,1046.0,177.0,122.0,802.625,383.625,154.0,128.625,856.125,1270.0,139.5,104.875,552.875,708.0,170.0,166.44444444444446,1010.8888888888889,815.8888888888889,189.55555555555543,85.0,311.0,1153.0,177.0,109.33333333333334,762.6666666666666,200.88888888888889,168.33333333333337,31.0,791.0,225.0,32.0
9,99.0,450.0,694.0,170.0,94.68421052631584,1920.2631578947369,874.0,102.47368421052624,126.39999999999998,502.0,551.4,148.0,81.58333333333326,528.6666666666666,1047.75,176.66666666666674,122.0,804.0,379.0,154.0,128.0,859.0,1272.0,138.0,102.0,555.0,711.0,172.0,174.22222222222217,1012.4444444444445,805.4444444444445,189.77777777777771,85.60714285714289,310.57142857142856,1152.107142857143,176.96428571428572,106.66666666666663,756.3333333333334,199.44444444444446,162.66666666666663,31.0,783.5,224.5,32.0
10,97.66666666666663,453.1666666666667,695.5,168.16666666666669,95.89473684210532,1918.421052631579,873.0,101.15789473684208,128.69999999999993,501.5,549.7,148.0,81.16666666666674,531.3333333333334,1049.5,176.33333333333326,121.42857142857144,798.1428571428571,373.7142857142857,156.14285714285722,129.69999999999982,862.5,1272.9,140.70000000000005,102.27272727272725,558.5454545454545,711.4545454545455,170.81818181818187,182.0,1014.0,795.0,190.0,86.21428571428555,310.14285714285717,1151.2142857142858,176.9285714285714,104.0,750.0,198.0,157.0,31.0,776.0,224.0,32.0
11,96.33333333333337,456.3333333333333,697.0,166.33333333333331,97.10526315789468,1916.578947368421,872.0,99.84210526315792,131.0,501.0,548.0,148.0,80.75,534.0,1051.25,176.0,120.85714285714283,792.2857142857143,368.42857142857144,158.28571428571422,131.4000000000001,866.0,1273.8,143.39999999999998,102.54545454545462,562.0909090909091,711.9090909090909,169.63636363636363,176.0,1014.5714285714286,786.7142857142857,191.71428571428567,86.82142857142844,309.7142857142857,1150.3214285714287,176.8928571428571,103.0,740.6666666666666,199.22222222222223,164.44444444444446,31.0,764.8,221.4,32.0
12,95.0,459.5,698.5,164.5,98.31578947368416,1914.7368421052631,871.0,98.52631578947376,130.22222222222217,498.44444444444446,543.8888888888889,149.77777777777771,80.33333333333326,536.6666666666666,1053.0,175.66666666666674,120.28571428571428,786.4285714285714,363.14285714285717,160.42857142857144,133.0999999999999,869.5,1274.7,146.10000000000002,102.81818181818176,565.6363636363636,712.3636363636364,168.4545454545455,170.0,1015.1428571428571,778.4285714285714,193.42857142857156,87.42857142857156,309.2857142857143,1149.4285714285713,176.8571428571429,102.0,731.3333333333334,200.44444444444446,171.8888888888888,31.0,753.6,218.8,32.0
13,93.66666666666663,462.6666666666667,700.0,162.66666666666669,99.52631578947364,1912.8947368421052,870.0,97.2105263157896,129.44444444444434,495.8888888888889,539.7777777777778,151.55555555555554,79.91666666666674,539.3333333333334,1054.75,175.33333333333326,119.71428571428572,780.5714285714286,357.85714285714283,162.57142857142856,134.80000000000018,873.0,1275.6,148.79999999999995,103.09090909090901,569.1818181818181,712.8181818181819,167.27272727272737,164.0,1015.7142857142857,770.1428571428571,195.14285714285722,88.03571428571445,308.85714285714283,1148.5357142857142,176.8214285714286,101.00000000000003,722.0,201.66666666666666,179.33333333333337,31.0,742.4,216.2,32.0
14,92.33333333333337,465.8333333333333,701.5,160.83333333333331,100.73684210526312,1911.0526315789473,869.0,95.89473684210543,128.66666666666674,493.3333333333333,535.6666666666666,153.33333333333331,79.5,542.0,1056.5,175.0,119.14285714285717,774.7142857142857,352.57142857142856,164.71428571428578,136.5,876.5,1276.5,151.5,103.36363636363637,572.7272727272727,713.2727272727273,166.09090909090912,158.0,1016.2857142857143,761.8571428571429,196.85714285714278,88.64285714285711,308.42857142857144,1147.642857142857,176.78571428571428,100.00000000000003,712.6666666666666,202.88888888888889,186.77777777777783,31.0,731.2,213.6,32.0
15,91.0,469.0,703.0,159.0,101.9473684210526,1909.2105263157894,868.0,94.57894736842127,127.88888888888891,490.77777777777777,531.5555555555555,155.11111111111114,79.08333333333326,544.6666666666666,1058.25,174.66666666666674,118.57142857142861,768.8571428571429,347.2857142857143,166.85714285714278,138.19999999999982,880.0,1277.4,154.20000000000005,103.63636363636363,576.2727272727273,713.7272727272727,164.90909090909088,152.0,1016.8571428571429,753.5714285714286,198.57142857142844,89.25,308.0,1146.75,176.75,98.99999999999997,703.3333333333334,204.11111111111111,194.22222222222217,31.0,720.0,211.0,32.0
16,92.28571428571422,470.0,701.2857142857143,159.57142857142856,103.15789473684208,1907.3684210526317,867.0,93.26315789473665,127.11111111111109,488.22222222222223,527.4444444444445,156.88888888888886,78.66666666666674,547.3333333333334,1060.0,174.33333333333326,118.0,763.0,342.0,169.0,139.9000000000001,883.5,1278.3,156.9000000000001,103.90909090909099,579.8181818181819,714.1818181818181,163.72727272727263,146.0,1017.4285714285714,745.2857142857143,200.28571428571433,89.85714285714289,307.57142857142856,1145.857142857143,176.71428571428572,97.99999999999997,694.0,205.33333333333334,201.66666666666663,31.0,708.6666666666666,213.0,32.0
17,93.57142857142856,471.0,699.5714285714286,160.1428571428571,104.36842105263156,1905.5263157894738,866.0,91.94736842105249,126.33333333333326,485.6666666666667,523.3333333333334,158.66666666666669,78.25,550.0,1061.75,174.0,118.42857142857144,760.0,339.7142857142857,166.0,141.5999999999999,887.0,1279.2,159.5999999999999,104.18181818181824,583.3636363636364,714.6363636363636,162.5454545454545,140.0,1018.0,737.0,202.0,90.46428571428555,307.14285714285717,1144.9642857142858,176.6785714285714,97.0,684.6666666666666,206.55555555555554,209.1111111111112,31.0,697.3333333333334,215.0,32.0
18,94.85714285714278,472.0,697.8571428571429,160.71428571428567,105.57894736842104,1903.6842105263158,865.0,90.63157894736833,125.55555555555566,483.1111111111111,519.2222222222222,160.44444444444446,77.83333333333326,552.6666666666666,1063.5,173.66666666666674,118.85714285714283,757.0,337.42857142857144,163.0,143.30000000000018,890.5,1280.1,162.29999999999995,104.45454545454538,586.9090909090909,715.0909090909091,161.36363636363637,140.0,1017.5,729.0,201.0,91.07142857142844,306.7142857142857,1144.0714285714287,176.6428571428571,96.0,675.3333333333334,207.77777777777777,216.55555555555554,31.0,686.0,217.0,32.0
19,96.14285714285722,473.0,696.1428571428571,161.28571428571433,106.78947368421052,1901.842105263158,864.0,89.31578947368416,124.77777777777783,480.55555555555554,515.1111111111111,162.22222222222229,77.41666666666674,555.3333333333334,1065.25,173.33333333333326,119.28571428571428,754.0,335.14285714285717,160.0,145.0,894.0,1281.0,165.0,104.72727272727275,590.4545454545455,715.5454545454545,160.18181818181813,140.0,1017.0,721.0,200.0,91.67857142857156,306.2857142857143,1143.1785714285713,176.6071428571429,95.0,666.0,209.0,224.0,32.0,676.25,226.75,34.25
20,97.42857142857144,474.0,694.4285714285714,161.8571428571429,108.0,1900.0,863.0,88.0,124.0,478.0,511.0,164.0,77.0,558.0,1067.0,173.0,119.71428571428572,751.0,332.85714285714283,157.0,139.33333333333326,896.5555555555555,1285.111111111111,163.1111111111112,105.0,594.0,716.0,159.0,140.0,1016.5,713.0,199.0,92.28571428571445,305.85714285714283,1142.2857142857142,176.5714285714286,97.28571428571428,656.2857142857143,213.0,217.85714285714278,33.0,666.5,236.5,36.5
21,98.71428571428578,475.0,692.7142857142857,162.42857142857144,105.89999999999998,1894.1,862.9,92.0,122.625,477.375,509.0,165.875,79.36363636363649,557.9090909090909,1067.5454545454545,173.09090909090912,120.14285714285717,748.0,330.57142857142856,154.0,133.66666666666674,899.1111111111111,1289.2222222222222,161.22222222222217,105.42857142857144,597.4285714285714,713.7142857142857,159.57142857142856,140.0,1016.0,705.0,198.0,92.89285714285711,305.42857142857144,1141.392857142857,176.53571428571428,99.57142857142856,646.5714285714286,217.0,211.71428571428578,34.0,656.75,246.25,38.75
22,100.0,476.0,691.0,163.0,103.80000000000007,1888.2,862.8,96.0,121.25,476.75,507.0,167.75,81.72727272727275,557.8181818181819,1068.090909090909,173.18181818181813,120.57142857142856,745.0,328.2857142857143,151.0,128.0,901.6666666666666,1293.3333333333333,159.33333333333337,105.85714285714289,600.8571428571429,711.4285714285714,160.1428571428571,140.0,1015.5,697.0,197.0,93.5,305.0,1140.5,176.5,101.85714285714283,636.8571428571429,221.0,205.57142857142856,35.0,647.0,256.0,41.0
23,101.14285714285711,476.0,693.0,163.71428571428567,101.69999999999993,1882.3,862.7,100.0,119.875,476.125,505.0,169.625,84.09090909090901,557.7272727272727,1068.6363636363637,173.27272727272725,121.0,742.0,326.0,148.0,122.33333333333348,904.2222222222222,1297.4444444444443,157.44444444444457,106.28571428571433,604.2857142857143,709.1428571428571,160.71428571428567,140.0,1015.0,689.0,196.0,94.10714285714289,304.57142857142856,1139.607142857143,176.46428571428572,104.14285714285717,627.1428571428571,225.0,199.42857142857144,35.0,642.6666666666666,265.3333333333333,41.0
24,102.28571428571433,476.0,695.0,164.42857142857144,99.60000000000002,1876.4,862.6,104.0,118.5,475.5,503.0,171.5,86.4545454545455,557.6363636363636,1069.1818181818182,173.36363636363637,121.375,736.5,329.5,150.625,116.66666666666652,906.7777777777778,1301.5555555555557,155.55555555555543,106.71428571428567,607.7142857142857,706.8571428571429,161.28571428571433,140.0,1014.5,681.0,195.0,94.71428571428555,304.14285714285717,1138.7142857142858,176.4285714285714,106.42857142857144,617.4285714285714,229.0,193.28571428571422,35.0,638.3333333333334,274.6666666666667,41.0
25,103.42857142857144,476.0,697.0,165.1428571428571,97.5,1870.5,862.5,108.0,117.125,474.875,501.0,173.375,88.81818181818176,557.5454545454545,1069.7272727272727,173.4545454545455,121.75,731.0,333.0,153.25,111.0,909.3333333333334,1305.6666666666667,153.66666666666663,107.14285714285711,611.1428571428571,704.5714285714286,161.8571428571429,140.0,1014.0,673.0,194.0,95.32142857142844,303.7142857142857,1137.8214285714287,176.3928571428571,108.71428571428572,607.7142857142857,233.0,187.14285714285722,35.0,634.0,284.0,41.0
26,104.57142857142856,476.0,699.0,165.8571428571429,95.39999999999998,1864.6,862.4,112.0,115.75,474.25,499.0,175.25,91.18181818181824,557.4545454545455,1070.2727272727273,173.5454545454545,122.125,725.5,336.5,155.875,105.33333333333326,911.8888888888889,1309.7777777777778,151.77777777777783,107.57142857142856,614.5714285714286,702.2857142857143,162.42857142857144,137.79999999999995,1013.5,668.5,192.0,95.92857142857156,303.2857142857143,1136.9285714285713,176.3571428571429,111.0,598.0,237.0,181.0,35.0,630.0,296.0,41.0
27,105.71428571428567,476.0,701.0,166.57142857142856,93.30000000000007,1858.7,862.3,116.0,114.375,473.625,497.0,177.125,93.5454545454545,557.3636363636364,1070.8181818181818,173.63636363636363,122.5,720.0,340.0,158.5,99.66666666666674,914.4444444444445,1313.888888888889,149.8888888888888,108.0,618.0,700.0,163.0,135.60000000000002,1013.0,664.0,190.0,96.53571428571445,302.85714285714283,1136.0357142857142,176.3214285714286,109.60000000000002,589.8,244.2,178.80000000000007,35.0,616.0,289.5,41.0
28,106.85714285714289,476.0,703.0,167.28571428571433,91.19999999999993,1852.8,862.2,120.0,113.0,473.0,495.0,179.0,95.90909090909099,557.2727272727273,1071.3636363636363,173.72727272727275,122.875,714.5,343.5,161.125,94.0,917.0,1318.0,148.0,108.25,617.625,697.75,163.5,133.39999999999998,1012.5,659.5,188.0,97.14285714285711,302.42857142857144,1135.142857142857,176.28571428571428,108.20000000000002,581.6,251.4,176.60000000000002,35.0,602.0,283.0,41.0
29,108.0,476.0,705.0,168.0,89.10000000000002,1846.9,862.1,124.0,115.22222222222229,469.0,492.55555555555554,178.44444444444446,98.27272727272725,557.1818181818181,1071.909090909091,173.81818181818187,123.25,709.0,347.0,163.75,94.875,918.5,1318.75,147.5,108.5,617.25,695.5,164.0,131.20000000000005,1012.0,655.0,186.0,97.75,302.0,1134.25,176.25,106.79999999999995,573.4,258.6,174.39999999999998,36.0,589.5,279.25,41.25
30,112.0,480.0,703.5,168.5,87.0,1841.0,862.0,128.0,117.44444444444446,465.0,490.1111111111111,177.8888888888889,100.63636363636351,557.0909090909091,1072.4545454545455,173.90909090909088,123.625,703.5,350.5,166.375,95.75,920.0,1319.5,147.0,108.75,616.875,693.25,164.5,129.0,1011.5,650.5,184.0,98.35714285714289,301.57142857142856,1133.357142857143,176.21428571428572,105.39999999999998,565.2,265.8,172.19999999999993,37.0,577.0,275.5,41.5
31,116.0,484.0,702.0,169.0,87.0,1835.0,861.25,128.0,119.66666666666669,461.0,487.6666666666667,177.33333333333337,103.0,557.0,1073.0,174.0,124.0,698.0,354.0,169.0,96.625,921.5,1320.25,146.5,109.0,616.5,691.0,165.0,126.79999999999995,1011.0,646.0,182.0,98.96428571428555,301.14285714285717,1132.4642857142858,176.1785714285714,104.0,557.0,273.0,170.0,38.0,564.5,271.75,41.75
32,116.58333333333337,482.5833333333333,702.1666666666666,170.08333333333331,87.0,1829.0,860.5,128.0,121.88888888888886,457.0,485.22222222222223,176.77777777777783,101.80000000000018,551.8,1073.1,177.9000000000001,129.14285714285717,694.0,353.85714285714283,164.42857142857144,97.5,923.0,1321.0,146.0,109.25,616.125,688.75,165.5,124.60000000000002,1010.5,641.5,180.0,99.57142857142844,300.7142857142857,1131.5714285714287,176.1428571428571,109.71428571428572,545.5714285714286,275.2857142857143,175.1428571428571,39.0,552.0,268.0,42.0
33,117.16666666666663,481.1666666666667,702.3333333333334,171.16666666666669,87.0,1823.0,859.75,128.0,124.11111111111114,453.0,482.77777777777777,176.22222222222217,100.59999999999991,546.6,1073.2,181.79999999999995,134.28571428571428,690.0,353.7142857142857,159.8571428571429,98.375,924.5,1321.75,145.5,109.5,615.75,686.5,166.0,122.39999999999998,1010.0,637.0,178.0,100.17857142857156,300.2857142857143,1130.6785714285713,176.1071428571429,115.42857142857144,534.1428571428571,277.57142857142856,180.28571428571433,39.0,538.5,269.5,42.0
34,117.75,479.75,702.5,172.25,87.0,1817.0,859.0,128.0,126.33333333333331,449.0,480.3333333333333,175.66666666666663,99.40000000000009,541.4,1073.3,185.70000000000005,139.42857142857144,686.0,353.57142857142856,155.28571428571433,99.25,926.0,1322.5,145.0,109.75,615.375,684.25,166.5,120.20000000000005,1009.5,632.5,176.0,100.78571428571445,299.85714285714283,1129.7857142857142,176.0714285714286,121.14285714285717,522.7142857142857,279.85714285714283,185.42857142857144,39.0,525.0,271.0,42.0
35,118.33333333333337,478.3333333333333,702.6666666666666,173.33333333333331,87.0,1811.0,858.25,128.0,128.55555555555554,445.0,477.8888888888889,175.1111111111111,98.19999999999982,536.2,1073.4,189.5999999999999,144.57142857142856,682.0,353.42857142857144,150.71428571428567,100.125,927.5,1323.25,144.5,110.0,615.0,682.0,167.0,118.0,1009.0,628.0,174.0,101.39285714285711,299.42857142857144,1128.892857142857,176.03571428571428,126.85714285714283,511.2857142857143,282.14285714285717,190.5714285714286,39.0,512.6666666666666,274.3333333333333,42.0
36,118.91666666666663,476.9166666666667,702.8333333333334,174.41666666666669,87.0,1805.0,857.5,128.0,130.77777777777771,441.0,475.44444444444446,174.55555555555554,97.0,531.0,1073.5,193.5,149.71428571428572,678.0,353.2857142857143,146.1428571428571,101.0,929.0,1324.0,144.0,109.85714285714289,609.5714285714286,679.4285714285714,171.8571428571429,116.60000000000002,1009.4,624.6,173.39999999999998,102.0,299.0,1128.0,176.0,132.57142857142856,499.85714285714283,284.42857142857144,195.71428571428572,39.0,500.3333333333333,277.6666666666667,42.00000000000006
37,119.5,475.5,703.0,175.5,87.0,1799.0,856.75,128.0,133.0,437.0,473.0,174.0,95.80000000000018,525.8,1073.6,197.4000000000001,154.85714285714283,674.0,353.14285714285717,141.57142857142856,101.13333333333344,928.8666666666667,1323.0666666666666,143.66666666666663,109.71428571428567,604.1428571428571,676.8571428571429,176.71428571428578,115.19999999999993,1009.8,621.2,172.79999999999995,105.29999999999995,298.9,1123.5,174.10000000000002,138.28571428571428,488.42857142857144,286.7142857142857,200.8571428571429,39.0,488.0,281.0,42.0
38,120.08333333333337,474.0833333333333,703.1666666666666,176.58333333333331,87.0,1793.0,856.0,128.0,134.66666666666663,431.22222222222223,469.8888888888889,177.88888888888886,94.59999999999991,520.6,1073.7,201.29999999999995,160.0,670.0,353.0,137.0,101.26666666666665,928.7333333333333,1322.1333333333334,143.33333333333326,109.57142857142856,598.7142857142857,674.2857142857143,181.57142857142867,113.80000000000007,1010.2,617.8,172.20000000000005,108.59999999999991,298.8,1119.0,172.2,144.0,477.0,289.0,206.0,39.0,476.6666666666667,288.0,41.99999999999994
39,120.66666666666663,472.6666666666667,703.3333333333334,177.66666666666669,87.0,1787.0,855.25,128.0,136.33333333333331,425.44444444444446,466.77777777777777,181.77777777777771,93.40000000000009,515.4,1073.8,205.20000000000005,158.14285714285717,668.4285714285714,360.2857142857143,138.28571428571422,101.39999999999986,928.6,1321.2,142.9999999999999,109.42857142857144,593.2857142857143,671.7142857142857,186.42857142857133,112.39999999999998,1010.6,614.4,171.60000000000002,111.90000000000009,298.7,1114.5,170.3,139.0,468.25,298.75,200.0,39.0,465.3333333333333,295.0,42.0
40,121.25,471.25,703.5,178.75,87.0,1781.0,854.5,128.0,137.99999999999994,419.6666666666667,463.6666666666667,185.66666666666669,92.19999999999982,510.2,1073.9,209.09999999999997,156.28571428571433,666.8571428571429,367.57142857142856,139.57142857142856,101.5333333333333,928.4666666666667,1320.2666666666667,142.66666666666674,109.28571428571433,587.8571428571429,669.1428571428571,191.28571428571422,111.0,1011.0,611.0,171.0,115.20000000000005,298.6,1110.0,168.39999999999998,134.0,459.5,308.5,194.0,39.0,454.0,302.0,42.0
41,121.83333333333337,469.8333333333333,703.6666666666666,179.83333333333331,87.0,1775.0,853.75,128.0,139.66666666666663,413.8888888888889,460.55555555555554,189.55555555555554,91.0,505.0,1074.0,213.0,154.4285714285715,665.2857142857143,374.85714285714283,140.85714285714278,101.66666666666674,928.3333333333334,1319.3333333333333,142.33333333333337,109.14285714285711,582.4285714285714,666.5714285714286,196.1428571428571,109.60000000000002,1011.4,607.6,170.39999999999998,118.5,298.5,1105.5,166.5,129.0,450.75,318.25,188.0,39.0,447.0,311.3333333333333,42.0
42,122.41666666666663,468.4166666666667,703.8333333333334,180.91666666666669,87.0,1769.0,853.0,128.0,141.33333333333337,408.1111111111111,457.44444444444446,193.44444444444446,90.0,501.0,1072.857142857143,207.28571428571433,152.5714285714285,663.7142857142857,382.14285714285717,142.14285714285722,101.79999999999995,928.2,1318.4,142.0,109.0,577.0,664.0,201.0,108.19999999999993,1011.8,604.2,169.79999999999995,121.79999999999995,298.4,1101.0,164.60000000000002,124.0,442.0,328.0,182.0,39.0,440.0,320.6666666666667,42.0
43,123.0,467.0,704.0,182.0,86.66666666666663,1767.0,852.3333333333334,123.77777777777783,143.00000000000006,402.3333333333333,454.3333333333333,197.33333333333331,89.0,497.0,1071.7142857142858,201.57142857142856,150.71428571428567,662.1428571428571,389.42857142857144,143.42857142857144,101.9333333333334,928.0666666666667,1317.4666666666667,141.66666666666663,110.5,574.875,661.125,199.125,106.80000000000007,1012.2,600.8,169.20000000000005,125.09999999999991,298.3,1096.5,162.7,125.80000000000001,432.6,335.4,180.19999999999993,39.0,433.0,330.0,42.0
44,124.0,462.2,703.3,183.09999999999997,86.33333333333337,1765.0,851.6666666666666,119.55555555555566,144.66666666666669,396.55555555555554,451.22222222222223,201.22222222222229,88.0,493.0,1070.5714285714287,195.8571428571429,148.85714285714283,660.5714285714286,396.7142857142857,144.71428571428578,102.0666666666666,927.9333333333333,1316.5333333333333,141.33333333333337,112.0,572.75,658.25,197.25,105.39999999999998,1012.6,597.4,168.60000000000002,128.4000000000001,298.2,1092.0,160.8,127.59999999999997,423.2,342.8,178.40000000000003,39.0,437.3333333333333,338.6666666666667,42.0
45,125.0,457.4,702.6,184.20000000000005,86.0,1763.0,851.0,115.33333333333326,146.33333333333337,390.77777777777777,448.1111111111111,205.11111111111114,87.0,489.0,1069.4285714285713,190.1428571428571,147.0,659.0,404.0,146.0,102.20000000000005,927.8,1315.6,141.0,113.5,570.625,655.375,195.375,104.0,1013.0,594.0,168.0,131.70000000000005,298.1,1087.5,158.89999999999998,129.40000000000003,413.8,350.2,176.59999999999997,39.0,441.6666666666667,347.3333333333333,42.0
46,126.0,452.6,701.9,185.29999999999995,85.66666666666663,1761.0,850.3333333333334,111.11111111111109,148.0,385.0,445.0,209.0,86.0,485.0,1068.2857142857142,184.42857142857144,145.14285714285717,658.2857142857143,407.2857142857143,146.42857142857133,102.33333333333326,927.6666666666666,1314.6666666666667,140.66666666666663,115.0,568.5,652.5,193.5,105.0,1011.6,589.0,164.80000000000007,135.0,298.0,1083.0,157.0,131.2,404.4,357.6,174.80000000000007,39.0,446.0,356.0,42.0
47,127.0,447.8,701.2,186.40000000000003,85.33333333333337,1759.0,849.6666666666666,106.88888888888891,154.14285714285717,379.2857142857143,444.2857142857143,202.5714285714286,85.0,481.0,1067.142857142857,178.71428571428567,143.28571428571433,657.5714285714286,410.57142857142856,146.8571428571429,102.4666666666667,927.5333333333333,1313.7333333333333,140.33333333333326,116.5,566.375,649.625,191.625,106.0,1010.2,584.0,161.5999999999999,134.8888888888889,298.55555555555554,1072.6666666666667,154.0,133.0,395.0,365.0,173.0,39.0,444.25,356.75,42.0
48,128.0,443.0,700.5,187.5,85.0,1757.0,849.0,102.66666666666674,160.28571428571433,373.57142857142856,443.57142857142856,196.1428571428571,84.0,477.0,1066.0,173.0,141.4285714285715,656.8571428571429,413.85714285714283,147.28571428571422,102.60000000000014,927.4,1312.8,140.0000000000001,118.0,564.25,646.75,189.75,107.0,1008.8,579.0,158.4000000000001,134.77777777777783,299.1111111111111,1062.3333333333333,151.0,134.71428571428572,386.85714285714283,363.42857142857144,171.85714285714283,39.0,442.5,357.5,42.0
49,129.0,438.2,699.8,188.59999999999997,84.66666666666663,1755.0,848.3333333333334,98.44444444444434,166.4285714285715,367.85714285714283,442.85714285714283,189.71428571428572,85.125,474.375,1063.125,171.875,139.5714285714285,656.1428571428571,417.14285714285717,147.71428571428578,102.73333333333335,927.2666666666667,1311.8666666666666,139.66666666666674,119.5,562.125,643.875,187.875,108.0,1007.4,574.0,155.19999999999993,134.66666666666674,299.6666666666667,1052.0,148.0,136.42857142857144,378.7142857142857,361.85714285714283,170.71428571428572,39.0,440.75,358.25,42.0
50,130.0,433.4,699.1,189.70000000000005,84.33333333333337,1753.0,847.6666666666666,94.22222222222217,172.5714285714285,362.14285714285717,442.14285714285717,183.28571428571428,86.25,471.75,1060.25,170.75,137.71428571428567,655.4285714285714,420.42857142857144,148.1428571428571,102.86666666666656,927.1333333333333,1310.9333333333334,139.33333333333337,121.0,560.0,641.0,186.0,109.0,1006.0,569.0,152.0,134.55555555555543,300.22222222222223,1041.6666666666667,145.0,138.14285714285717,370.57142857142856,360.2857142857143,169.57142857142856,39.0,439.0,359.0,42.0
51,131.0,428.6,698.4,190.79999999999995,84.0,1751.0,847.0,90.0,178.71428571428567,356.42857142857144,441.42857142857144,176.8571428571429,87.375,469.125,1057.375,169.625,135.85714285714283,654.7142857142857,423.7142857142857,148.57142857142867,103.0,927.0,1310.0,139.0,122.25,559.75,634.5,185.625,110.0,1004.6,564.0,148.80000000000007,134.44444444444457,300.77777777777777,1031.3333333333333,142.0,139.85714285714283,362.42857142857144,358.7142857142857,168.42857142857144,39.0,430.0,355.25,42.0
52,132.0,423.8,697.7,191.90000000000003,85.88888888888891,1742.888888888889,846.2222222222222,94.44444444444434,184.85714285714283,350.7142857142857,440.7142857142857,170.4285714285714,88.5,466.5,1054.5,168.5,134.0,654.0,427.0,149.0,105.11111111111109,926.8888888888889,1311.2222222222222,138.33333333333326,123.5,559.5,628.0,185.25,111.0,1003.2,559.0,145.5999999999999,134.33333333333326,301.3333333333333,1021.0,139.0,141.57142857142856,354.2857142857143,357.14285714285717,167.28571428571428,39.0,421.0,351.5,42.0
53,133.0,419.0,697.0,193.0,87.77777777777771,1734.7777777777778,845.4444444444445,98.88888888888891,191.0,345.0,440.0,164.0,89.625,463.875,1051.625,167.375,135.77777777777777,656.1111111111111,431.3333333333333,151.33333333333337,107.2222222222224,926.7777777777778,1312.4444444444443,137.66666666666652,124.75,559.25,621.5,184.875,112.0,1001.8,554.0,142.4000000000001,134.22222222222229,301.8888888888889,1010.6666666666666,136.0,143.28571428571428,346.14285714285717,355.57142857142856,166.14285714285717,39.0,412.0,347.75,42.0
54,133.375,415.75,696.375,191.375,89.66666666666674,1726.6666666666667,844.6666666666666,103.33333333333326,194.33333333333337,344.1666666666667,437.5,161.16666666666663,90.75,461.25,1048.75,166.25,137.5555555555555,658.2222222222222,435.6666666666667,153.66666666666674,109.33333333333326,926.6666666666666,1313.6666666666667,137.0000000000001,126.0,559.0,615.0,184.5,113.0,1000.4,549.0,139.19999999999993,134.11111111111097,302.44444444444446,1000.3333333333334,133.0,145.0,338.0,354.0,165.0,39.0,403.0,344.0,42.0
55,133.75,412.5,695.75,189.75,91.55555555555554,1718.5555555555557,843.8888888888889,107.7777777777776,197.66666666666663,343.3333333333333,435.0,158.33333333333337,91.875,458.625,1045.875,165.125,139.33333333333337,660.3333333333334,440.0,156.0,111.44444444444434,926.5555555555555,1314.888888888889,136.33333333333337,127.25,558.75,608.5,184.125,114.0,999.0,544.0,136.0,134.0,303.0,990.0,130.0,140.40000000000003,333.4,357.2,164.20000000000005,39.0,391.6,348.2,42.0
56,134.125,409.25,695.125,188.125,93.44444444444446,1710.4444444444443,843.1111111111111,112.2222222222224,201.0,342.5,432.5,155.5,93.0,456.0,1043.0,164.0,141.11111111111114,662.4444444444445,444.3333333333333,158.33333333333337,113.55555555555566,926.4444444444445,1316.111111111111,135.66666666666663,128.5,558.5,602.0,183.75,118.88888888888891,994.7777777777778,538.2222222222222,138.8888888888889,133.375,302.625,980.625,133.5,135.8,328.8,360.4,163.39999999999998,39.0,380.2,352.4,42.0
57,134.5,406.0,694.5,186.5,95.33333333333326,1702.3333333333333,842.3333333333334,116.66666666666674,204.33333333333337,341.6666666666667,430.0,152.66666666666663,92.59999999999991,452.0,1039.4,164.60000000000002,142.88888888888886,664.5555555555555,448.6666666666667,160.66666666666663,115.66666666666674,926.3333333333334,1317.3333333333333,134.9999999999999,129.75,558.25,595.5,183.375,123.77777777777771,990.5555555555555,532.4444444444445,141.77777777777771,132.75,302.25,971.25,137.0,131.2,324.2,363.6,162.60000000000002,39.0,368.8,356.6,42.0
58,134.875,402.75,693.875,184.875,97.22222222222229,1694.2222222222222,841.5555555555555,121.11111111111109,207.66666666666663,340.8333333333333,427.5,149.83333333333337,92.20000000000005,448.0,1035.8,165.20000000000005,144.66666666666663,666.6666666666666,453.0,163.0,117.7777777777776,926.2222222222222,1318.5555555555557,134.33333333333348,131.0,558.0,589.0,183.0,128.66666666666674,986.3333333333334,526.6666666666666,144.66666666666663,132.125,301.875,961.875,140.5,126.59999999999997,319.6,366.8,161.79999999999995,39.0,357.4,360.8,42.0
59,135.25,399.5,693.25,183.25,99.11111111111109,1686.111111111111,840.7777777777778,125.55555555555566,211.0,340.0,425.0,147.0,91.79999999999995,444.0,1032.2,165.79999999999995,146.4444444444445,668.7777777777778,457.3333333333333,165.33333333333326,119.88888888888891,926.1111111111111,1319.7777777777778,133.66666666666674,124.33333333333337,553.0,586.5,186.16666666666663,133.55555555555554,982.1111111111111,520.8888888888889,147.55555555555566,131.5,301.5,952.5,144.0,122.0,315.0,370.0,161.0,39.0,346.0,365.0,42.0
60,135.625,396.25,692.625,181.625,101.0,1678.0,840.0,130.0,205.00000000000006,334.85714285714283,422.85714285714283,152.28571428571433,91.40000000000009,440.0,1028.6,166.39999999999998,148.22222222222223,670.8888888888889,461.6666666666667,167.66666666666663,122.0,926.0,1321.0,133.0,117.66666666666663,548.0,584.0,189.33333333333337,138.44444444444446,977.8888888888889,515.1111111111111,150.44444444444434,130.875,301.125,943.125,147.5,122.16666666666669,311.0,370.8333333333333,167.5,39.0,331.75,384.5,42.0
61,136.0,393.0,692.0,180.0,98.33333333333337,1675.1666666666667,840.5,122.5,198.99999999999994,329.7142857142857,420.7142857142857,157.57142857142856,91.0,436.0,1025.0,167.0,150.0,673.0,466.0,170.0,122.0,925.9,1323.7,133.0000000000001,111.0,543.0,581.5,192.5,143.33333333333331,973.6666666666666,509.3333333333333,153.33333333333337,130.25,300.75,933.75,151.0,122.33333333333331,307.0,371.6666666666667,174.0,39.0,317.5,404.0,42.0
62,135.75,389.0,694.625,180.125,95.66666666666663,1672.3333333333333,841.0,115.0,193.0,324.57142857142856,418.57142857142856,162.8571428571429,90.60000000000002,432.0,1021.4,167.60000000000002,147.45454545454544,674.0,469.90909090909093,170.36363636363637,122.0,925.8,1326.4,133.0,104.33333333333337,538.0,579.0,195.66666666666663,148.22222222222229,969.4444444444445,503.55555555555554,156.22222222222229,129.625,300.375,924.375,154.5,122.5,303.0,372.5,180.5,39.0,303.25,423.5,42.0
63,135.5,385.0,697.25,180.25,93.0,1669.5,841.5,107.5,187.0,319.42857142857144,416.42857142857144,168.1428571428571,90.20000000000005,428.0,1017.8,168.20000000000005,144.90909090909093,675.0,473.8181818181818,170.72727272727275,122.0,925.7,1329.1,133.0,97.66666666666663,533.0,576.5,198.83333333333337,153.11111111111114,965.2222222222222,497.77777777777777,159.1111111111111,129.0,300.0,915.0,158.0,122.66666666666669,299.0,373.3333333333333,187.0,39.0,289.0,443.0,42.0
64,135.25,381.0,699.875,180.375,90.33333333333337,1666.6666666666667,842.0,100.0,181.00000000000006,314.2857142857143,414.2857142857143,173.42857142857144,89.79999999999995,424.0,1014.2,168.79999999999995,142.36363636363637,676.0,477.72727272727275,171.09090909090912,122.0,925.6,1331.8,132.9999999999999,91.0,528.0,574.0,202.0,158.0,961.0,492.0,162.0,127.33333333333348,302.6666666666667,910.2222222222222,162.0,122.83333333333331,295.0,374.1666666666667,193.5,39.00000000000006,292.0,477.3333333333333,42.0
65,135.0,377.0,702.5,180.5,87.66666666666663,1663.8333333333333,842.5,92.5,174.99999999999994,309.14285714285717,412.14285714285717,178.71428571428567,89.39999999999998,420.0,1010.6,169.39999999999998,139.81818181818187,677.0,481.6363636363636,171.4545454545455,122.0,925.5,1334.5,133.0,91.58333333333326,527.0,572.3333333333334,200.0,155.0,960.625,488.625,164.625,125.66666666666663,305.3333333333333,905.4444444444445,166.0,123.0,291.0,375.0,200.0,39.0,295.0,511.66666666666663,42.0
66,134.75,373.0,705.125,180.625,85.0,1661.0,843.0,85.0,169.0,304.0,410.0,184.0,89.0,416.0,1007.0,170.0,137.2727272727273,678.0,485.54545454545456,171.81818181818187,122.0,925.4,1337.2,133.0000000000001,92.16666666666674,526.0,570.6666666666666,198.0,152.0,960.25,485.25,167.25,124.00000000000011,308.0,900.6666666666666,170.0,121.71428571428572,287.42857142857144,374.42857142857144,189.28571428571428,39.0,298.0,546.0,42.0
67,134.5,369.0,707.75,180.75,84.66666666666663,1652.2222222222222,843.7777777777778,91.33333333333348,166.39999999999998,300.2,405.0,189.8,87.00000000000011,412.8888888888889,1005.5555555555555,169.0,134.7272727272727,679.0,489.45454545454544,172.18181818181813,122.0,925.3,1339.9,133.0,92.75,525.0,569.0,196.0,149.0,959.875,481.875,169.875,122.33333333333326,310.6666666666667,895.8888888888889,174.0,120.42857142857144,283.85714285714283,373.85714285714283,178.5714285714286,39.0,306.3333333333333,579.0,42.0
68,134.25,365.0,710.375,180.875,84.33333333333337,1643.4444444444443,844.5555555555555,97.66666666666674,163.79999999999995,296.4,400.0,195.60000000000002,85.0,409.77777777777777,1004.1111111111111,168.00000000000006,132.18181818181813,680.0,493.3636363636364,172.5454545454545,122.0,925.2,1342.6,133.0,93.33333333333326,524.0,567.3333333333334,194.0,146.0,959.5,478.5,172.5,120.66666666666674,313.3333333333333,891.1111111111111,178.0,119.14285714285717,280.2857142857143,373.2857142857143,167.8571428571429,39.0,314.6666666666667,612.0,42.0
69,134.0,361.0,713.0,181.0,84.0,1634.6666666666667,845.3333333333334,104.0,161.20000000000005,292.6,395.0,201.39999999999998,83.00000000000011,406.6666666666667,1002.6666666666666,166.99999999999994,129.63636363636363,681.0,497.27272727272725,172.90909090909088,122.0,925.1,1345.3,132.9999999999999,93.91666666666674,523.0,565.6666666666666,192.0,143.0,959.125,475.125,175.125,119.0,316.0,886.3333333333334,182.0,117.85714285714283,276.7142857142857,372.7142857142857,157.14285714285717,39.0,323.0,645.0,42.0
70,137.25,353.5,712.375,189.0,83.66666666666674,1625.888888888889,846.1111111111111,110.33333333333326,158.60000000000002,288.8,390.0,207.2,81.0,403.55555555555554,1001.2222222222222,166.0,127.09090909090907,682.0,501.1818181818182,173.27272727272725,122.0,925.0,1348.0,133.0,94.5,522.0,564.0,190.0,140.0,958.75,471.75,177.75,117.33333333333337,318.6666666666667,881.5555555555555,186.0,116.57142857142856,273.14285714285717,372.14285714285717,146.4285714285714,39.0,324.0,669.5,42.0
71,140.5,346.0,711.75,197.0,83.33333333333326,1617.111111111111,846.8888888888889,116.66666666666674,156.0,285.0,385.0,213.0,79.0,400.44444444444446,999.7777777777778,165.0,124.54545454545456,683.0,505.09090909090907,173.63636363636363,120.0,921.9,1352.1,135.89999999999998,95.08333333333326,521.0,562.3333333333334,188.0,137.0,958.375,468.375,180.375,115.66666666666663,321.3333333333333,876.7777777777778,190.0,115.28571428571428,269.57142857142856,371.57142857142856,135.71428571428572,39.0,325.0,694.0,42.0
72,143.75,338.5,711.125,205.0,83.0,1608.3333333333333,847.6666666666666,123.0,155.33333333333337,277.6666666666667,383.5,213.0,76.99999999999989,397.3333333333333,998.3333333333334,164.00000000000006,122.0,684.0,509.0,174.0,118.0,918.8,1356.2,138.79999999999995,95.66666666666674,520.0,560.6666666666666,186.0,134.0,958.0,465.0,183.0,114.0,324.0,872.0,194.0,114.0,266.0,371.0,125.0,39.0,321.6666666666667,705.0,42.0
73,147.0,331.0,710.5,213.0,82.66666666666663,1599.5555555555557,848.4444444444445,129.33333333333326,154.66666666666663,270.3333333333333,382.0,213.0,75.0,394.22222222222223,996.8888888888889,162.99999999999994,123.85714285714289,687.5714285714286,515.1428571428571,172.1428571428571,116.0,915.7,1360.3,141.70000000000005,96.25,519.0,559.0,184.0,131.0,961.5714285714286,463.42857142857144,179.71428571428567,119.28571428571433,318.14285714285717,866.1428571428571,199.71428571428572,115.75,259.25,365.75,133.75,39.0,318.3333333333333,716.0,42.0
74,150.25,323.5,709.875,221.0,82.33333333333337,1590.7777777777778,849.2222222222222,135.66666666666652,154.0,263.0,380.5,213.0,72.99999999999989,391.1111111111111,995.4444444444445,162.0,125.71428571428567,691.1428571428571,521.2857142857143,170.28571428571433,114.0,912.6,1364.4,144.60000000000002,96.83333333333326,518.0,557.3333333333334,182.0,128.00000000000006,965.1428571428571,461.85714285714283,176.42857142857156,124.57142857142856,312.2857142857143,860.2857142857143,205.4285714285714,117.5,252.5,360.5,142.5,39.0,315.0,727.0,42.0
75,153.5,316.0,709.25,229.0,82.0,1582.0,850.0,142.0,153.33333333333337,255.66666666666666,379.0,213.00000000000003,71.0,388.0,994.0,161.0,127.57142857142856,694.7142857142857,527.4285714285714,168.42857142857144,112.0,909.5,1368.5,147.5,97.41666666666674,517.0,555.6666666666666,180.0,125.00000000000006,968.7142857142857,460.2857142857143,173.14285714285722,129.8571428571429,306.42857142857144,854.4285714285714,211.1428571428571,119.25,245.75,355.25,151.25,39.0,311.0,752.5,42.0
76,156.75,308.5,708.625,237.0,82.71428571428578,1578.0,850.1428571428571,134.0,152.66666666666663,248.33333333333331,377.5,213.0,71.00000000000011,384.2,992.4,164.40000000000003,129.42857142857144,698.2857142857143,533.5714285714286,166.57142857142856,110.0,906.4,1372.6,150.39999999999998,98.0,516.0,554.0,178.0,121.99999999999994,972.2857142857143,458.7142857142857,169.85714285714278,135.1428571428571,300.57142857142856,848.5714285714286,216.8571428571429,121.0,239.0,350.0,160.0,39.0,307.0,778.0,42.0
77,160.0,301.0,708.0,245.0,83.42857142857133,1574.0,850.2857142857143,126.0,152.0,241.0,376.0,213.0,71.0,380.4,990.8,167.80000000000007,131.28571428571433,701.8571428571429,539.7142857142857,164.71428571428567,108.0,903.3,1376.7,153.29999999999995,98.375,513.375,554.375,180.125,118.99999999999994,975.8571428571429,457.14285714285717,166.57142857142844,140.42857142857144,294.7142857142857,842.7142857142857,222.5714285714286,118.11111111111109,237.11111111111111,347.6666666666667,163.99999999999997,39.0,305.3333333333333,790.3333333333334,42.0
78,167.25,297.5,711.25,241.75,84.14285714285711,1570.0,850.4285714285714,118.0,154.71428571428572,241.42857142857142,380.14285714285717,209.00000000000003,71.0,376.6,989.2,171.19999999999993,133.1428571428571,705.4285714285714,545.8571428571429,162.8571428571429,106.0,900.2,1380.8,156.20000000000005,98.75,510.75,554.75,182.25,116.0,979.4285714285714,455.57142857142856,163.28571428571433,145.71428571428567,288.8571428571429,836.8571428571429,228.28571428571422,115.22222222222223,235.22222222222223,345.3333333333333,168.0,39.0,303.6666666666667,802.6666666666666,42.0
79,174.5,294.0,714.5,238.5,84.85714285714289,1566.0,850.5714285714286,110.0,157.4285714285714,241.85714285714286,384.2857142857143,204.99999999999997,70.99999999999989,372.8,987.6,174.59999999999997,135.0,709.0,552.0,161.0,104.0,897.1,1384.9,159.10000000000002,99.125,508.125,555.125,184.375,113.0,983.0,454.0,160.0,151.0,283.0,831.0,234.0,112.33333333333331,233.33333333333334,343.0,171.99999999999997,39.0,302.0,815.0,42.0
80,181.75,290.5,717.75,235.25,85.57142857142867,1562.0,850.7142857142857,102.0,160.1428571428571,242.28571428571428,388.42857142857144,201.0,71.0,369.0,986.0,178.0,131.44444444444446,709.3333333333334,558.2222222222222,161.0,102.0,894.0,1389.0,162.0,99.5,505.5,555.5,186.5,111.46153846153845,984.0769230769231,455.38461538461536,159.0,141.8571428571429,277.2857142857143,838.5714285714286,229.28571428571428,109.4444444444444,231.44444444444446,340.6666666666667,176.0,39.0,298.3333333333333,835.6666666666666,42.0
81,189.0,287.0,721.0,232.0,86.28571428571422,1558.0,850.8571428571429,94.0,162.8571428571429,242.71428571428572,392.57142857142856,197.0,71.5,366.5,985.625,179.875,127.88888888888891,709.6666666666666,564.4444444444445,161.0,105.85714285714289,891.1428571428571,1390.0,163.0,99.875,502.875,555.875,188.625,109.92307692307696,985.1538461538462,456.7692307692308,158.0,132.71428571428578,271.57142857142856,846.1428571428571,224.5714285714286,106.5555555555556,229.55555555555554,338.3333333333333,180.0,39.0,294.6666666666667,856.3333333333334,42.0
82,177.75,282.25,727.75,224.25,87.0,1554.0,851.0,86.0,165.5714285714286,243.14285714285714,396.7142857142857,193.00000000000003,72.0,364.0,985.25,181.75,124.33333333333337,710.0,570.6666666666666,161.0,109.71428571428578,888.2857142857143,1391.0,163.9999999999999,100.25,500.25,556.25,190.75,108.38461538461542,986.2307692307693,458.15384615384613,157.0,123.57142857142867,265.85714285714283,853.7142857142857,219.8571428571429,103.66666666666669,227.66666666666666,336.0,184.00000000000003,39.0,291.0,877.0,42.0
83,166.5,277.5,734.5,216.5,89.0,1544.625,851.375,92.625,168.28571428571428,243.57142857142858,400.85714285714283,188.99999999999997,72.5,361.5,984.875,183.625,120.77777777777771,710.3333333333334,576.8888888888889,161.0,113.57142857142867,885.4285714285714,1392.0,164.9999999999999,100.625,497.625,556.625,192.875,106.84615384615381,987.3076923076923,459.53846153846155,156.0000000000001,114.42857142857133,260.14285714285717,861.2857142857143,215.1428571428571,100.77777777777777,225.77777777777777,333.6666666666667,188.0,39.0,321.0,901.0,42.0
84,155.25,272.75,741.25,208.75,91.0,1535.25,851.75,99.25,171.0,244.0,405.0,185.0,73.0,359.0,984.5,185.5,117.22222222222229,710.6666666666666,583.1111111111111,161.0,117.42857142857133,882.5714285714286,1393.0,166.0000000000001,101.0,495.0,557.0,195.0,105.30769230769238,988.3846153846154,460.9230769230769,155.0000000000001,105.28571428571422,254.42857142857142,868.8571428571429,210.42857142857142,97.88888888888891,223.88888888888889,331.3333333333333,192.00000000000003,39.0,316.75,905.5,42.0
85,144.0,268.0,748.0,201.0,93.0,1525.875,852.125,105.875,164.8,244.8,410.8,185.2,73.5,356.5,984.125,187.375,113.66666666666663,711.0,589.3333333333334,161.0,121.28571428571422,879.7142857142857,1394.0,167.0000000000001,101.1111111111112,492.55555555555554,558.6666666666666,194.33333333333337,103.76923076923077,989.4615384615385,462.3076923076923,154.0000000000001,96.14285714285711,248.71428571428572,876.4285714285714,205.71428571428572,95.0,222.0,329.0,196.0,39.0,312.5,910.0,42.0
86,144.0,263.0,756.0,201.0,95.0,1516.5,852.5,112.5,158.60000000000002,245.6,416.6,185.4,74.0,354.0,983.75,189.25,110.11111111111109,711.3333333333334,595.5555555555555,161.0,125.14285714285711,876.8571428571429,1395.0,168.0,101.22222222222217,490.1111111111111,560.3333333333334,193.66666666666674,102.23076923076923,990.5384615384615,463.6923076923077,152.9999999999999,87.0,243.0,884.0,201.0,101.5,225.33333333333334,322.3333333333333,194.83333333333334,39.0,308.25,914.5,42.0
87,144.0,258.0,764.0,201.0,97.0,1507.125,852.875,119.125,152.39999999999998,246.4,422.4,185.6,74.5,351.5,983.375,191.125,106.55555555555554,711.6666666666666,601.7777777777778,161.0,129.0,874.0,1396.0,169.0,101.33333333333337,487.6666666666667,562.0,192.99999999999994,100.69230769230762,991.6153846153846,465.0769230769231,151.9999999999999,93.5,242.83333333333334,885.3333333333334,197.66666666666666,108.0,228.66666666666666,315.6666666666667,193.66666666666666,39.0,304.0,919.0,42.0
88,144.0,253.0,772.0,201.0,99.0,1497.75,853.25,125.75,146.2,247.2,428.2,185.8,75.0,349.0,983.0,193.0,103.0,712.0,608.0,161.0,127.22222222222217,868.3333333333334,1400.5555555555557,169.44444444444446,101.44444444444446,485.22222222222223,563.6666666666666,192.33333333333331,99.15384615384619,992.6923076923077,466.46153846153845,150.9999999999999,100.0,242.66666666666666,886.6666666666666,194.33333333333334,114.5,232.0,309.0,192.5,39.0,293.0,925.0,42.0
89,144.0,248.0,780.0,201.0,101.0,1488.375,853.625,132.375,140.0,248.0,434.0,186.0,75.72727272727263,347.45454545454544,982.3636363636364,192.90909090909093,104.375,713.625,613.125,161.0,125.44444444444457,862.6666666666666,1405.111111111111,169.88888888888903,101.55555555555554,482.77777777777777,565.3333333333334,191.66666666666669,97.61538461538458,993.7692307692307,467.84615384615387,150.0,106.5,242.5,888.0,191.0,121.0,235.33333333333334,302.3333333333333,191.33333333333334,39.0,293.0,924.3333333333334,42.0
90,144.0,243.0,788.0,201.0,103.0,1479.0,854.0,139.0,140.16666666666663,249.5,435.5,184.66666666666669,76.4545454545455,345.90909090909093,981.7272727272727,192.8181818181818,105.75,715.25,618.25,161.0,123.66666666666652,857.0,1409.6666666666667,170.33333333333326,101.66666666666663,480.3333333333333,567.0,191.00000000000006,96.07692307692304,994.8461538461538,469.2307692307692,149.0,113.0,242.33333333333334,889.3333333333334,187.66666666666666,127.5,238.66666666666666,295.6666666666667,190.16666666666666,39.0,293.0,923.6666666666666,42.0
91,144.0,238.0,796.0,201.0,101.375,1476.875,856.5,134.0,140.33333333333337,251.0,437.0,183.33333333333331,77.18181818181813,344.3636363636364,981.0909090909091,192.72727272727275,107.125,716.875,623.375,161.0,121.88888888888891,851.3333333333334,1414.2222222222222,170.77777777777771,101.77777777777783,477.8888888888889,568.6666666666666,190.33333333333326,94.53846153846155,995.9230769230769,470.61538461538464,148.0,119.5,242.16666666666666,890.6666666666666,184.33333333333334,134.0,242.0,289.0,189.0,39.0,293.0,923.0,42.0
92,144.0,233.0,804.0,201.0,99.75,1474.75,859.0,129.0,140.5,252.5,438.5,182.0,77.90909090909076,342.8181818181818,980.4545454545455,192.63636363636368,108.5,718.5,628.5,161.0,120.11111111111109,845.6666666666666,1418.7777777777778,171.22222222222229,101.8888888888888,475.44444444444446,570.3333333333334,189.66666666666663,93.0,997.0,472.0,147.0,126.0,242.0,892.0,181.0,133.91666666666669,243.91666666666666,287.3333333333333,186.41666666666666,39.0,293.0,922.3333333333334,42.0
93,132.60000000000002,232.2,816.8,205.0,98.125,1472.625,861.5,124.0,140.66666666666663,254.0,440.0,180.66666666666669,78.63636363636363,341.27272727272725,979.8181818181819,192.54545454545462,109.875,720.125,633.625,161.0,118.33333333333348,840.0,1423.3333333333333,171.66666666666663,102.0,473.0,572.0,189.0,96.33333333333331,996.9166666666666,474.3333333333333,145.58333333333337,126.0,242.75,894.75,181.0,133.83333333333331,245.83333333333334,285.6666666666667,183.83333333333334,39.0,293.0,921.6666666666666,42.0
94,121.19999999999993,231.4,829.6,208.99999999999997,96.5,1470.5,864.0,119.0,140.83333333333337,255.5,441.5,179.33333333333331,79.36363636363637,339.72727272727275,979.1818181818181,192.45454545454538,111.25,721.75,638.75,161.0,116.55555555555543,834.3333333333334,1427.888888888889,172.1111111111111,100.39999999999998,468.2,572.2,192.40000000000003,99.66666666666669,996.8333333333334,476.6666666666667,144.16666666666663,126.0,243.5,897.5,181.0,133.75,247.75,284.0,181.25,39.0,293.0,921.0,42.0
95,109.80000000000007,230.6,842.4,213.00000000000003,94.875,1468.375,866.5,114.0,141.0,257.0,443.0,178.0,80.09090909090924,338.1818181818182,978.5454545454545,192.36363636363632,112.625,723.375,643.875,161.0,114.77777777777783,828.6666666666666,1432.4444444444443,172.55555555555554,98.80000000000007,463.4,572.4,195.80000000000007,103.0,996.75,479.0,142.75,126.0,244.25,900.25,181.0,133.66666666666669,249.66666666666666,282.3333333333333,178.66666666666666,39.0,297.6666666666667,924.0,42.0
96,98.39999999999998,229.8,855.2,217.0,93.25,1466.25,869.0,109.0,134.25,257.125,449.5,178.0,80.81818181818187,336.6363636363636,977.9090909090909,192.27272727272725,114.0,725.0,649.0,161.0,113.0,823.0,1437.0,173.0,97.19999999999993,458.6,572.6,199.19999999999993,106.33333333333331,996.6666666666666,481.3333333333333,141.33333333333337,126.0,245.0,903.0,181.0,133.58333333333331,251.58333333333334,280.6666666666667,176.08333333333334,39.0,302.3333333333333,927.0,42.0
97,87.0,229.0,868.0,221.0,91.625,1464.125,871.5,104.0,127.5,257.25,456.0,178.0,81.5454545454545,335.09090909090907,977.2727272727273,192.1818181818182,108.66666666666674,726.1666666666666,655.6666666666666,158.5,112.66666666666652,815.6666666666666,1443.6666666666667,173.0,95.60000000000002,453.8,572.8,202.59999999999997,109.66666666666669,996.5833333333334,483.6666666666667,139.91666666666663,122.30000000000007,245.7,907.4,179.3,133.5,253.5,279.0,173.5,39.0,307.0,930.0,42.0
98,92.0,231.6,867.6,220.00000000000003,90.0,1462.0,874.0,99.0,120.75,257.375,462.5,178.0,82.27272727272737,333.54545454545456,976.6363636363636,192.09090909090907,103.33333333333326,727.3333333333334,662.3333333333334,156.0,112.33333333333348,808.3333333333334,1450.3333333333333,173.0,94.0,449.0,573.0,206.0,113.0,996.5,486.0,138.5,118.60000000000014,246.4,911.8,177.6,133.41666666666669,255.41666666666666,277.3333333333333,170.91666666666666,39.0,306.0,935.4,42.0
99,97.0,234.2,867.2,219.0,90.16666666666674,1452.8333333333333,875.1666666666666,106.83333333333348,114.0,257.5,469.0,178.0,83.0,332.0,976.0,192.0,98.0,728.5,669.0,153.5,112.0,801.0,1457.0,173.0,94.0,446.2857142857143,575.1428571428571,206.00000000000006,116.33333333333331,996.4166666666666,488.3333333333333,137.08333333333337,114.89999999999986,247.1,916.2,175.9,133.33333333333331,257.3333333333333,275.6666666666667,168.33333333333337,39.0,305.0,940.8,42.0
100,102.0,236.8,866.8,218.0,90.33333333333326,1443.6666666666667,876.3333333333334,114.66666666666652,107.25,257.625,475.5,178.0,84.39999999999998,330.6,976.4,192.19999999999993,92.66666666666674,729.6666666666666,675.6666666666666,151.0,111.375,794.5,1462.125,170.375,94.0,443.57142857142856,577.2857142857143,206.0,119.66666666666669,996.3333333333334,490.6666666666667,135.66666666666663,111.19999999999993,247.8,920.6,174.2,133.25,259.25,274.0,165.75,39.0,304.0,946.2,42.0
101,107.0,239.4,866.4,216.99999999999997,90.5,1434.5,877.5,122.5,100.5,257.75,482.0,178.0,85.79999999999995,329.2,976.8,192.40000000000003,87.33333333333326,730.8333333333334,682.3333333333334,148.5,110.75,788.0,1467.25,167.75,94.0,440.85714285714283,579.4285714285714,206.00000000000006,123.0,996.25,493.0,134.25,107.5,248.5,925.0,172.5,133.16666666666669,261.1666666666667,272.3333333333333,163.16666666666663,39.0,303.0,951.6,42.0
102,112.0,242.0,866.0,216.0,90.66666666666674,1425.3333333333333,878.6666666666666,130.33333333333348,93.75,257.875,488.5,178.0,87.20000000000005,327.8,977.2,192.59999999999997,82.0,732.0,689.0,146.0,110.125,781.5,1472.375,165.125,94.0,438.14285714285717,581.5714285714286,205.99999999999994,126.33333333333331,996.1666666666666,495.3333333333333,132.83333333333337,103.80000000000007,249.2,929.4,170.8,133.08333333333331,263.0833333333333,270.6666666666667,160.58333333333337,39.0,302.0,957.0,42.0
103,113.19999999999993,238.6,871.6,216.6,90.83333333333326,1416.1666666666667,879.8333333333334,138.16666666666652,87.0,258.0,495.0,178.0,88.60000000000002,326.4,977.6,192.80000000000007,87.0,733.0,692.4285714285714,145.0,109.5,775.0,1477.5,162.5,94.0,435.42857142857144,583.7142857142857,206.0,129.66666666666669,996.0833333333334,497.6666666666667,131.41666666666663,100.10000000000014,249.9,933.8,169.1,133.0,265.0,269.0,158.0,39.0,302.6666666666667,968.3333333333334,42.0
104,114.39999999999998,235.2,877.2,217.2,91.0,1407.0,881.0,146.0,95.14285714285717,259.14285714285717,499.7142857142857,177.4285714285714,90.0,325.0,978.0,193.0,92.0,734.0,695.8571428571429,144.0,108.875,768.5,1482.625,159.875,94.0,432.7142857142857,585.8571428571429,205.99999999999994,133.0,996.0,500.0,130.0,96.39999999999986,250.6,938.2,167.4,133.5,266.1666666666667,270.4166666666667,159.0,39.0,303.3333333333333,979.6666666666666,42.0
105,115.60000000000002,231.8,882.8,217.8,90.85714285714289,1404.0,881.5714285714286,140.28571428571422,103.28571428571422,260.2857142857143,504.42857142857144,176.8571428571429,91.39999999999998,323.6,978.4,193.19999999999993,97.0,735.0,699.2857142857143,143.0,108.25,762.0,1487.75,157.25,94.0,430.0,588.0,206.0,129.3,997.3,504.3,128.79999999999995,92.69999999999993,251.3,942.6,165.7,134.0,267.3333333333333,271.8333333333333,160.0,39.0,304.0,991.0,42.0
106,116.80000000000007,228.4,888.4,218.4,90.71428571428578,1401.0,882.1428571428571,134.57142857142867,111.42857142857139,261.42857142857144,509.14285714285717,176.28571428571428,92.79999999999995,322.2,978.8,193.40000000000003,102.0,736.0,702.7142857142857,142.0,107.625,755.5,1492.875,154.625,95.0,429.7142857142857,589.2857142857143,205.28571428571428,125.60000000000002,998.6,508.6,127.60000000000002,89.0,252.0,947.0,164.0,134.5,268.5,273.25,161.0,38.999999999999886,304.6666666666667,1002.3333333333334,42.0
107,118.0,225.0,894.0,219.0,90.57142857142867,1398.0,882.7142857142857,128.8571428571429,119.57142857142856,262.57142857142856,513.8571428571429,175.71428571428572,94.20000000000005,320.8,979.2,193.59999999999997,107.0,737.0,706.1428571428571,141.0,107.0,749.0,1498.0,152.0,96.0,429.42857142857144,590.5714285714286,204.57142857142856,121.89999999999998,999.9,512.9,126.39999999999998,89.77777777777771,248.88888888888889,953.3333333333334,167.88888888888889,135.0,269.6666666666667,274.6666666666667,162.0,39.000000000000114,305.3333333333333,1013.6666666666666,42.0
108,114.66666666666674,230.16666666666666,900.1666666666666,217.83333333333334,90.42857142857133,1395.0,883.2857142857143,123.14285714285711,127.71428571428578,263.7142857142857,518.5714285714286,175.1428571428571,95.60000000000002,319.4,979.6,193.80000000000007,112.0,738.0,709.5714285714286,140.0,106.11111111111109,745.7777777777778,1501.0,149.0,97.0,429.14285714285717,591.8571428571429,203.85714285714283,118.19999999999993,1001.2,517.2,125.20000000000005,90.55555555555554,245.77777777777777,959.6666666666666,171.77777777777777,135.5,270.8333333333333,276.0833333333333,163.0,39.0,306.0,1025.0,42.0
109,111.33333333333326,235.33333333333334,906.3333333333334,216.66666666666666,90.28571428571422,1392.0,883.8571428571429,117.42857142857133,135.85714285714278,264.85714285714283,523.2857142857143,174.5714285714286,97.0,318.0,980.0,194.0,117.0,739.0,713.0,139.0,105.22222222222217,742.5555555555555,1504.0,146.0,98.0,428.85714285714283,593.1428571428571,203.14285714285717,114.5,1002.5,521.5,124.0,91.33333333333326,242.66666666666666,966.0,175.66666666666666,136.0,272.0,277.5,164.0,39.0,292.0,1040.5,42.0
110,108.0,240.5,912.5,215.5,90.14285714285711,1389.0,884.4285714285714,111.71428571428578,144.0,266.0,528.0,174.0,98.50000000000011,306.0,980.6666666666666,203.83333333333331,112.57142857142856,739.4285714285714,717.4285714285714,140.0,104.33333333333326,739.3333333333334,1507.0,143.0,99.0,428.57142857142856,594.4285714285714,202.42857142857144,110.80000000000007,1003.8,525.8,122.79999999999995,92.11111111111097,239.55555555555554,972.3333333333334,179.55555555555554,136.5,273.1666666666667,278.9166666666667,165.0,39.0,278.0,1056.0,42.0
111,104.66666666666674,245.66666666666666,918.6666666666666,214.33333333333334,90.0,1386.0,885.0,106.0,137.25,265.75,535.25,172.75,99.99999999999989,294.0,981.3333333333334,213.66666666666669,108.14285714285711,739.8571428571429,721.8571428571429,141.0,103.44444444444434,736.1111111111111,1510.0,140.0,100.0,428.2857142857143,595.7142857142857,201.71428571428572,107.10000000000002,1005.1,530.1,121.60000000000002,92.88888888888903,236.44444444444446,978.6666666666666,183.44444444444446,137.0,274.3333333333333,280.3333333333333,166.0,39.0,271.6,1058.6,42.0
112,101.33333333333337,250.83333333333334,924.8333333333334,213.16666666666666,89.5,1377.375,888.125,111.375,130.5,265.5,542.5,171.5,101.5,282.0,982.0,223.5,103.71428571428567,740.2857142857143,726.2857142857143,142.0,102.55555555555566,732.8888888888889,1513.0,137.0,101.0,428.0,597.0,201.0,103.39999999999998,1006.4,534.4,120.39999999999998,93.66666666666674,233.33333333333334,985.0,187.33333333333334,137.5,275.5,281.75,167.0,39.0,265.2,1061.2,42.0
113,98.0,256.0,931.0,212.0,89.0,1368.75,891.25,116.75,123.75,265.25,549.75,170.25,103.00000000000011,270.0,982.6666666666666,233.33333333333331,99.28571428571433,740.7142857142857,730.7142857142857,143.0,101.66666666666674,729.6666666666666,1516.0,134.0,100.69999999999993,429.6,601.6,199.5,99.69999999999993,1007.7,538.7,119.20000000000005,94.44444444444446,230.22222222222223,991.3333333333334,191.22222222222223,138.0,276.6666666666667,283.1666666666667,168.0,39.0,258.8,1063.8,42.0
114,97.5,253.75,933.5,213.5,88.5,1360.125,894.375,122.125,117.0,265.0,557.0,169.0,104.49999999999989,258.0,983.3333333333334,243.16666666666669,94.85714285714289,741.1428571428571,735.1428571428571,144.0,100.77777777777783,726.4444444444445,1519.0,131.0,100.39999999999998,431.2,606.2,198.00000000000006,96.0,1009.0,543.0,118.0,95.22222222222229,227.11111111111111,997.6666666666666,195.11111111111111,138.5,277.8333333333333,284.5833333333333,169.0,39.0,252.4,1066.4,41.99999999999997
115,97.0,251.5,936.0,215.0,88.0,1351.5,897.5,127.5,115.0,265.5,561.8333333333334,171.66666666666669,106.0,246.0,984.0,253.0,90.42857142857144,741.5714285714286,739.5714285714286,145.0,99.88888888888891,723.2222222222222,1522.0,128.0,100.10000000000002,432.8,610.8,196.49999999999994,98.18181818181824,1009.4545454545455,546.2727272727273,117.27272727272725,96.0,224.0,1004.0,199.0,139.0,279.0,286.0,170.0,39.0,246.0,1069.0,42.0
116,96.5,249.25,938.5,216.5,87.5,1342.875,900.625,132.875,113.0,266.0,566.6666666666666,174.33333333333331,105.33333333333326,246.5,988.5,250.5,86.0,742.0,744.0,146.0,99.0,720.0,1525.0,125.0,99.80000000000007,434.4,615.4,195.0,100.36363636363637,1009.9090909090909,549.5454545454545,116.54545454545462,96.0,221.75,1006.0,200.75,137.8125,280.4375,288.5,172.25,39.666666666666515,240.16666666666666,1070.6666666666667,42.66666666666666
117,96.0,247.0,941.0,218.0,87.0,1334.25,903.75,138.25,111.0,266.5,571.5,177.0,104.66666666666674,247.0,993.0,248.0,89.57142857142867,745.4285714285714,748.7142857142857,146.42857142857144,99.44444444444434,717.8888888888889,1526.5555555555557,126.22222222222217,99.5,436.0,620.0,193.5,102.5454545454545,1010.3636363636364,552.8181818181819,115.81818181818187,96.0,219.5,1008.0,202.5,136.625,281.875,291.0,174.5,40.333333333333485,234.33333333333334,1072.3333333333333,43.33333333333334
118,93.83333333333337,247.33333333333334,947.3333333333334,217.66666666666666,86.5,1325.625,906.875,143.625,109.0,267.0,576.3333333333334,179.66666666666669,104.0,247.5,997.5,245.5,93.14285714285711,748.8571428571429,753.4285714285714,146.85714285714278,99.88888888888891,715.7777777777778,1528.111111111111,127.44444444444434,99.19999999999993,437.6,624.6,192.0,104.72727272727275,1010.8181818181819,556.0909090909091,115.09090909090912,96.0,217.25,1010.0,204.25,135.4375,283.3125,293.5,176.75,41.0,228.5,1074.0,44.0
119,91.66666666666663,247.66666666666666,953.6666666666666,217.33333333333334,86.0,1317.0,910.0,149.0,107.0,267.5,581.1666666666666,182.33333333333331,103.33333333333326,248.0,1002.0,243.0,96.71428571428578,752.2857142857143,758.1428571428571,147.28571428571422,100.33333333333326,713.6666666666666,1529.6666666666667,128.66666666666674,98.89999999999998,439.2,629.2,190.50000000000006,106.90909090909088,1011.2727272727273,559.3636363636364,114.36363636363649,96.0,215.0,1012.0,206.0,134.25,284.75,296.0,179.0,41.666666666666515,222.66666666666666,1075.6666666666667,44.66666666666666
120,89.5,248.0,960.0,217.0,85.28571428571433,1313.0,911.7142857142857,143.71428571428578,105.0,268.0,586.0,185.0,102.66666666666674,248.5,1006.5,240.5,100.28571428571422,755.7142857142857,762.8571428571429,147.71428571428578,100.77777777777783,711.5555555555555,1531.2222222222222,129.8888888888889,98.60000000000002,440.8,633.8,188.99999999999994,109.09090909090912,1011.7272727272727,562.6363636363636,113.63636363636351,99.57142857142867,217.28571428571428,1014.1428571428571,209.57142857142856,133.0625,286.1875,298.5,181.25,42.333333333333485,216.83333333333334,1077.3333333333333,45.33333333333334
121,87.33333333333337,248.33333333333334,966.3333333333334,216.66666666666666,84.57142857142856,1309.0,913.4285714285714,138.42857142857133,111.25,270.75,591.75,185.75,102.0,249.0,1011.0,238.0,103.85714285714289,759.1428571428571,767.5714285714286,148.14285714285722,101.22222222222217,709.4444444444445,1532.7777777777778,131.1111111111111,98.30000000000007,442.4,638.4,187.5,111.27272727272725,1012.1818181818181,565.9090909090909,112.90909090909088,103.142857142857,219.57142857142858,1016.2857142857143,213.14285714285714,131.875,287.625,301.0,183.5,43.0,211.0,1079.0,46.0
122,85.16666666666663,248.66666666666666,972.6666666666666,216.33333333333334,83.85714285714289,1305.0,915.1428571428571,133.1428571428571,117.5,273.5,597.5,186.5,98.75,251.75,1013.0,232.25,107.42857142857133,762.5714285714286,772.2857142857143,148.57142857142856,101.66666666666674,707.3333333333334,1534.3333333333333,132.33333333333326,98.0,444.0,643.0,186.0,113.4545454545455,1012.6363636363636,569.1818181818181,112.18181818181813,106.71428571428567,221.85714285714286,1018.4285714285714,216.7142857142857,130.6875,289.0625,303.5,185.75,43.0,205.33333333333334,1068.0,46.0
123,83.0,249.0,979.0,216.0,83.14285714285711,1301.0,916.8571428571429,127.85714285714289,123.75,276.25,603.25,187.25,95.5,254.5,1015.0,226.5,111.0,766.0,777.0,149.0,102.11111111111109,705.2222222222222,1535.888888888889,133.55555555555566,97.77777777777771,442.22222222222223,648.3333333333334,183.88888888888886,115.63636363636363,1013.0909090909091,572.4545454545455,111.45454545454538,110.28571428571433,224.14285714285714,1020.5714285714286,220.2857142857143,129.5,290.5,306.0,188.0,43.0,199.66666666666666,1057.0,46.0
124,83.0,247.4,985.8,215.99999999999997,82.42857142857144,1297.0,918.5714285714286,122.57142857142867,130.0,279.0,609.0,188.0,92.25,257.25,1017.0,220.75,106.20000000000005,766.2,782.4,149.19999999999993,102.55555555555566,703.1111111111111,1537.4444444444443,134.77777777777783,97.55555555555554,440.44444444444446,653.6666666666666,181.77777777777771,117.81818181818176,1013.5454545454545,575.7272727272727,110.72727272727275,113.857142857143,226.42857142857142,1022.7142857142857,223.85714285714286,128.3125,291.9375,308.5,190.25,43.0,194.0,1046.0,46.0
125,82.99999999999989,245.8,992.6,216.0,81.71428571428567,1293.0,920.2857142857143,117.28571428571422,130.0,280.25,611.0,188.0,89.0,260.0,1019.0,215.0,101.40000000000009,766.4,787.8,149.39999999999998,103.0,701.0,1539.0,136.0,97.33333333333337,438.6666666666667,659.0,179.66666666666669,120.0,1014.0,579.0,110.0,117.42857142857133,228.71428571428572,1024.857142857143,227.4285714285714,127.125,293.375,311.0,192.5,43.0,190.33333333333334,1033.0,46.0
126,83.00000000000011,244.2,999.4,216.0,81.0,1289.0,922.0,112.0,130.0,281.5,613.0,188.0,88.50000000000011,263.3333333333333,1019.1666666666666,215.5,96.59999999999991,766.6,793.2,149.60000000000002,103.15625,701.03125,1538.96875,136.46875,97.11111111111109,436.8888888888889,664.3333333333334,177.55555555555554,117.33333333333337,1014.3333333333334,582.6666666666666,110.44444444444446,121.0,231.0,1027.0,231.0,125.9375,294.8125,313.5,194.75,43.0,186.66666666666666,1020.0,46.0
127,83.0,242.6,1006.2,216.00000000000003,82.28571428571422,1284.142857142857,922.8571428571429,116.14285714285711,130.0,282.75,615.0,188.0,87.99999999999989,266.6666666666667,1019.3333333333334,216.0,91.79999999999995,766.8,798.6,149.80000000000007,103.3125,701.0625,1538.9375,136.9375,96.88888888888891,435.1111111111111,669.6666666666666,175.44444444444446,114.66666666666663,1014.6666666666666,586.3333333333334,110.88888888888903,121.5,235.33333333333334,1035.1666666666667,231.16666666666666,124.75,296.25,316.0,197.0,43.0,183.0,1007.0,46.0
128,83.0,241.0,1013.0,216.0,83.57142857142867,1279.2857142857142,923.7142857142857,120.28571428571445,130.0,284.0,617.0,188.0,87.5,270.0,1019.5,216.5,87.0,767.0,804.0,150.0,103.46875,701.09375,1538.90625,137.40625,96.66666666666663,433.3333333333333,675.0,173.33333333333331,112.0,1015.0,590.0,111.33333333333326,122.0,239.66666666666666,1043.3333333333333,231.33333333333334,123.5625,297.6875,318.5,199.25,43.0,183.0,996.2,46.0
129,84.77777777777771,244.44444444444446,1016.5555555555555,211.88888888888886,84.85714285714289,1274.4285714285713,924.5714285714286,124.42857142857156,126.0,286.7142857142857,623.1428571428571,184.57142857142856,87.00000000000011,273.3333333333333,1019.6666666666666,217.0,88.83333333333337,768.5,808.1666666666666,147.83333333333337,103.625,701.125,1538.875,137.875,96.44444444444446,431.55555555555554,680.3333333333334,171.22222222222229,109.33333333333337,1015.3333333333334,593.6666666666666,111.77777777777771,122.5,244.0,1051.5,231.5,122.375,299.125,321.0,201.5,43.000000000000114,183.0,985.4,46.0
130,86.55555555555566,247.88888888888889,1020.1111111111111,207.7777777777778,86.14285714285711,1269.5714285714287,925.4285714285714,128.57142857142844,122.0,289.42857142857144,629.2857142857143,181.1428571428571,86.49999999999989,276.6666666666667,1019.8333333333334,217.5,90.66666666666663,770.0,812.3333333333334,145.66666666666663,103.78125,701.15625,1538.84375,138.34375,96.22222222222229,429.77777777777777,685.6666666666666,169.11111111111114,106.66666666666663,1015.6666666666666,597.3333333333334,112.22222222222229,123.0,248.33333333333334,1059.6666666666667,231.66666666666666,121.1875,300.5625,323.5,203.75,43.0,183.0,974.6,46.0
131,88.33333333333337,251.33333333333334,1023.6666666666666,203.66666666666666,87.42857142857133,1264.7142857142858,926.2857142857143,132.71428571428555,118.0,292.14285714285717,635.4285714285714,177.71428571428567,86.0,280.0,1020.0,218.0,92.5,771.5,816.5,143.5,103.9375,701.1875,1538.8125,138.8125,96.0,428.0,691.0,167.0,104.0,1016.0,601.0,112.66666666666674,123.5,252.66666666666666,1067.8333333333333,231.83333333333334,120.0,302.0,326.0,206.0,43.0,183.0,963.8,46.0
132,90.11111111111109,254.77777777777777,1027.2222222222222,199.55555555555554,88.71428571428578,1259.857142857143,927.1428571428571,136.8571428571429,114.0,294.85714285714283,641.5714285714286,174.28571428571433,87.83333333333326,281.5,1019.5,219.5,94.33333333333337,773.0,820.6666666666666,141.33333333333337,104.09375,701.21875,1538.78125,139.28125,97.70000000000005,416.8,698.3,177.49999999999994,101.33333333333337,1016.3333333333334,604.6666666666666,113.11111111111097,124.0,257.0,1076.0,232.0,119.90909090909088,306.09090909090907,327.54545454545456,203.4545454545455,43.0,183.0,953.0,46.0
133,91.88888888888891,258.22222222222223,1030.7777777777778,195.44444444444446,90.0,1255.0,928.0,141.0,110.0,297.57142857142856,647.7142857142857,170.8571428571429,89.66666666666674,283.0,1019.0,221.0,96.16666666666663,774.5,824.8333333333334,139.16666666666663,104.25,701.25,1538.75,139.75,99.39999999999998,405.6,705.6,188.0,98.66666666666663,1016.6666666666666,608.3333333333334,113.55555555555554,113.0,270.3333333333333,1084.0,221.33333333333337,119.81818181818187,310.1818181818182,329.09090909090907,200.90909090909088,43.0,186.66666666666666,938.3333333333334,46.0
134,93.66666666666674,261.6666666666667,1034.3333333333333,191.33333333333331,90.33333333333337,1246.6666666666667,929.0,136.66666666666652,106.0,300.2857142857143,653.8571428571429,167.42857142857144,91.5,284.5,1018.5,222.5,98.0,776.0,829.0,137.0,104.40625,701.28125,1538.71875,140.21875,101.10000000000002,394.4,712.9,198.5,96.0,1017.0,612.0,114.0,102.0,283.6666666666667,1092.0,210.66666666666663,119.72727272727275,314.27272727272725,330.6363636363636,198.36363636363637,43.0,190.33333333333334,923.6666666666666,46.0
135,95.44444444444434,265.1111111111111,1037.888888888889,187.22222222222223,90.66666666666663,1238.3333333333333,930.0,132.33333333333348,102.0,303.0,660.0,164.0,93.33333333333326,286.0,1018.0,224.0,98.0,777.4,832.0,137.0,104.5625,701.3125,1538.6875,140.6875,102.79999999999995,383.2,720.2,209.00000000000006,98.39999999999998,1017.8,615.9,114.29999999999995,91.0,297.0,1100.0,200.0,119.63636363636363,318.3636363636364,332.1818181818182,195.81818181818176,43.0,194.0,909.0,46.0
136,97.2222222222224,268.55555555555554,1041.4444444444443,183.11111111111114,91.0,1230.0,931.0,128.0,107.5,305.0,664.0,167.66666666666669,95.16666666666674,287.5,1017.5,225.5,98.0,778.8,835.0,137.0,104.71875,701.34375,1538.65625,141.15625,104.5,372.0,727.5,219.5,100.80000000000007,1018.6,619.8,114.60000000000002,92.28571428571445,299.2857142857143,1105.2857142857142,198.0,119.5454545454545,322.45454545454544,333.72727272727275,193.2727272727273,43.0,202.0,897.0,46.0
137,99.0,272.0,1045.0,179.0,91.0,1225.8333333333333,932.3333333333334,124.0,113.0,307.0,668.0,171.33333333333331,97.0,289.0,1017.0,227.0,98.0,780.2,838.0,137.0,104.875,701.375,1538.625,141.625,106.20000000000005,360.8,734.8,229.99999999999994,103.19999999999993,1019.4,623.7,114.89999999999998,93.57142857142844,301.57142857142856,1110.5714285714287,196.0,119.4545454545455,326.54545454545456,335.27272727272725,190.7272727272727,43.0,210.0,885.0,46.0
138,99.0,270.14285714285717,1051.5714285714287,179.28571428571428,91.00000000000011,1221.6666666666667,933.6666666666666,120.0,118.5,309.0,672.0,175.0,101.0,295.0,1016.75,224.25,98.0,781.6,841.0,137.0,105.03125,701.40625,1538.59375,142.09375,107.89999999999998,349.6,742.1,240.5,105.60000000000002,1020.2,627.6,115.20000000000005,94.85714285714289,303.85714285714283,1115.857142857143,194.0,119.36363636363637,330.6363636363636,336.8181818181818,188.18181818181824,43.0,218.0,873.0,46.0
139,99.0,268.2857142857143,1058.142857142857,179.57142857142856,91.0,1217.5,935.0,116.0,124.0,311.0,676.0,178.66666666666669,105.0,301.0,1016.5,221.5,98.0,783.0,844.0,137.0,105.1875,701.4375,1538.5625,142.5625,109.60000000000002,338.4,749.4,251.0,108.0,1021.0,631.5,115.5,96.14285714285711,306.14285714285717,1121.142857142857,192.0,119.27272727272725,334.72727272727275,338.3636363636364,185.63636363636363,43.0,226.0,861.0,46.0
140,99.0,266.42857142857144,1064.7142857142858,179.85714285714283,90.99999999999989,1213.3333333333333,936.3333333333334,112.0,129.5,313.0,680.0,182.33333333333331,109.0,307.0,1016.25,218.75,98.55555555555554,784.7777777777778,847.6666666666666,138.8888888888888,105.34375,701.46875,1538.53125,143.03125,111.29999999999995,327.2,756.7,261.50000000000006,110.39999999999998,1021.8,635.4,115.79999999999995,97.42857142857156,308.42857142857144,1126.4285714285713,190.0,119.18181818181813,338.8181818181818,339.90909090909093,183.09090909090907,43.0,235.66666666666666,851.0,46.00000000000003
141,99.0,264.57142857142856,1071.2857142857142,180.14285714285717,91.00000000000011,1209.1666666666667,937.6666666666666,108.0,135.0,315.0,684.0,186.0,113.0,313.0,1016.0,216.0,99.11111111111109,786.5555555555555,851.3333333333334,140.77777777777783,105.5,701.5,1538.5,143.5,113.0,316.0,764.0,272.0,112.80000000000007,1022.6,639.3,116.10000000000002,98.71428571428555,310.7142857142857,1131.7142857142858,188.0,119.09090909090912,342.9090909090909,341.45454545454544,180.54545454545462,43.0,245.33333333333334,841.0,45.99999999999997
142,99.0,262.7142857142857,1077.857142857143,180.42857142857144,91.0,1205.0,939.0,104.0,139.80000000000007,311.4,686.4,189.60000000000002,112.0,323.2,1017.8,206.40000000000003,99.66666666666663,788.3333333333334,855.0,142.66666666666663,105.65625,701.53125,1538.46875,143.96875,111.75,315.25,768.25,274.25,115.19999999999993,1023.4,643.2,116.39999999999998,100.0,313.0,1137.0,186.0,119.0,347.0,343.0,178.0,43.0,255.0,831.0,46.0
143,99.0,260.85714285714283,1084.4285714285713,180.71428571428572,90.49999999999989,1204.3333333333333,941.8333333333334,104.83333333333348,144.60000000000002,307.8,688.8,193.2,110.99999999999989,333.4,1019.6,196.80000000000007,100.22222222222229,790.1111111111111,858.6666666666666,144.55555555555554,105.8125,701.5625,1538.4375,144.4375,110.5,314.5,772.5,276.5,117.60000000000002,1024.2,647.1,116.70000000000005,106.375,314.75,1137.5,181.875,120.73333333333335,349.4,345.06666666666666,177.9333333333334,43.0,263.25,833.25,46.0
144,99.0,259.0,1091.0,181.0,90.00000000000011,1203.6666666666667,944.6666666666666,105.66666666666652,149.39999999999998,304.2,691.2,196.8,110.00000000000011,343.6,1021.4,187.19999999999993,100.77777777777771,791.8888888888889,862.3333333333334,146.44444444444446,105.96875,701.59375,1538.40625,144.90625,109.25,313.75,776.75,278.75,120.0,1025.0,651.0,117.0,112.75,316.5,1138.0,177.75,122.4666666666667,351.8,347.1333333333333,177.86666666666662,43.0,271.5,835.5,46.0
145,103.0,263.6666666666667,1091.5,180.83333333333331,89.5,1203.0,947.5,106.5,154.19999999999993,300.6,693.6,200.39999999999998,109.0,353.8,1023.2,177.59999999999997,101.33333333333337,793.6666666666666,866.0,148.33333333333337,106.125,701.625,1538.375,145.375,108.0,313.0,781.0,281.0,119.4375,1025.0,654.6875,117.4375,119.125,318.25,1138.5,173.625,124.19999999999999,354.2,349.2,177.8,43.0,279.75,837.75,46.0
146,107.0,268.3333333333333,1092.0,180.66666666666669,88.99999999999989,1202.3333333333333,950.3333333333334,107.33333333333348,159.0,297.0,696.0,204.0,108.0,364.0,1025.0,168.0,101.88888888888891,795.4444444444445,869.6666666666666,150.22222222222217,106.28125,701.65625,1538.34375,145.84375,110.42857142857144,315.2857142857143,784.4285714285714,272.7142857142857,118.875,1025.0,658.375,117.875,125.5,320.0,1139.0,169.5,125.93333333333334,356.6,351.26666666666665,177.73333333333335,43.0,288.0,840.0,46.0
147,111.0,273.0,1092.5,180.5,88.50000000000011,1201.6666666666667,953.1666666666666,108.16666666666652,158.25,290.75,710.25,204.0,104.5,365.3333333333333,1029.5,171.33333333333331,102.44444444444446,797.2222222222222,873.3333333333334,152.1111111111112,106.4375,701.6875,1538.3125,146.3125,112.85714285714278,317.57142857142856,787.8571428571429,264.42857142857144,118.3125,1025.0,662.0625,118.3125,131.875,321.75,1139.5,165.375,127.66666666666669,359.0,353.3333333333333,177.66666666666663,43.0,298.0,858.0,46.0
148,115.0,277.6666666666667,1093.0,180.33333333333331,88.0,1201.0,956.0,109.0,157.5,284.5,724.5,204.0,101.0,366.6666666666667,1034.0,174.66666666666669,103.0,799.0,877.0,154.0,106.59375,701.71875,1538.28125,146.78125,115.28571428571422,319.85714285714283,791.2857142857143,256.14285714285717,117.75,1025.0,665.75,118.75,138.25,323.5,1140.0,161.25,129.40000000000003,361.4,355.4,177.60000000000002,42.25,311.5,871.5,45.75
149,119.0,282.3333333333333,1093.5,180.16666666666669,88.70000000000005,1205.4,956.0,107.89999999999986,156.75,278.25,738.75,204.0,97.5,368.0,1038.5,178.0,103.0,801.2,877.8,154.0,106.75,701.75,1538.25,147.25,117.71428571428578,322.14285714285717,794.7142857142857,247.85714285714283,117.1875,1025.0,669.4375,119.1875,144.625,325.25,1140.5,157.125,131.13333333333338,363.8,357.46666666666664,177.53333333333336,41.5,325.0,885.0,45.5
150,123.0,287.0,1094.0,180.0,89.40000000000009,1209.8,956.0,106.79999999999995,156.0,272.0,753.0,204.0,94.0,369.3333333333333,1043.0,181.33333333333331,103.0,803.4,878.6,154.0,106.90625,701.78125,1538.21875,147.71875,120.14285714285722,324.42857142857144,798.1428571428571,239.57142857142856,116.625,1025.0,673.125,119.625,151.0,327.0,1141.0,153.0,132.86666666666667,366.2,359.5333333333333,177.46666666666664,40.75,338.5,898.5,45.25
151,122.625,290.375,1094.875,180.0,90.09999999999991,1214.2,956.0,105.70000000000005,142.25,266.25,765.25,199.75,90.5,370.6666666666667,1047.5,184.66666666666669,103.0,805.6,879.4,154.0,107.0625,701.8125,1538.1875,148.1875,122.57142857142856,326.7142857142857,801.5714285714286,231.28571428571428,116.0625,1025.0,676.8125,120.0625,144.79999999999995,326.0,1154.0,153.0,134.59999999999997,368.6,361.6,177.39999999999998,40.0,352.0,912.0,45.0
152,122.25,293.75,1095.75,180.0,90.79999999999995,1218.6,956.0,104.60000000000014,128.5,260.5,777.5,195.5,87.0,372.0,1052.0,188.0,103.0,807.8,880.2,154.0,107.21875,701.84375,1538.15625,148.65625,125.0,329.0,805.0,223.0,115.5,1025.0,680.5,120.5,138.5999999999999,325.0,1167.0,153.0,136.33333333333331,371.0,363.6666666666667,177.33333333333337,40.0,365.0,925.0,45.0
153,121.875,297.125,1096.625,180.0,91.5,1223.0,956.0,103.5,114.75,254.75,789.75,191.25,87.5,374.4,1051.0,189.0,103.0,810.0,881.0,154.0,107.375,701.875,1538.125,149.125,121.60000000000002,328.6,807.4,220.0,114.9375,1025.0,684.1875,120.9375,132.4000000000001,324.0,1180.0,153.0,138.06666666666666,373.4,365.73333333333335,177.26666666666665,40.0,378.0,938.0,45.0
154,121.5,300.5,1097.5,180.0,92.20000000000005,1227.4,956.0,102.39999999999986,101.0,249.0,802.0,187.0,88.0,376.8,1050.0,189.99999999999994,99.75,817.75,884.0,150.0,107.53125,701.90625,1538.09375,149.59375,118.20000000000005,328.2,809.8,217.00000000000006,114.375,1025.0,687.875,121.375,126.20000000000005,323.0,1193.0,153.0,139.8,375.8,367.8,177.2,40.0,392.0,951.5,45.0
155,121.125,303.875,1098.375,180.0,92.90000000000009,1231.8,956.0,101.29999999999995,111.75,249.25,804.75,187.0,88.5,379.2,1049.0,191.00000000000006,96.5,825.5,887.0,146.0,107.6875,701.9375,1538.0625,150.0625,114.79999999999995,327.8,812.2,213.99999999999994,113.8125,1025.0,691.5625,121.8125,120.0,322.0,1206.0,153.0,141.5333333333333,378.2,369.8666666666667,177.13333333333338,40.0,406.0,965.0,45.0
156,120.75,307.25,1099.25,180.0,93.59999999999991,1236.2,956.0,100.20000000000005,122.5,249.5,807.5,187.0,89.0,381.6,1048.0,192.0,93.25,833.25,890.0,142.0,107.84375,701.96875,1538.03125,150.53125,111.39999999999998,327.4,814.6,211.0,113.25,1025.0,695.25,122.25,123.42857142857156,321.42857142857144,1210.4285714285713,153.1428571428571,143.2666666666667,380.6,371.93333333333334,177.0666666666666,40.0,422.75,977.5,45.0
157,120.375,310.625,1100.125,180.0,94.29999999999995,1240.6,956.0,99.10000000000014,133.25,249.75,810.25,187.0,89.5,384.0,1047.0,193.0,90.0,841.0,893.0,138.0,108.0,702.0,1538.0,151.0,108.0,327.0,817.0,208.0,112.6875,1025.0,698.9375,122.6875,126.85714285714289,320.85714285714283,1214.857142857143,153.28571428571433,145.0,383.0,374.0,177.0,40.0,439.5,990.0,45.0
158,120.0,314.0,1101.0,180.0,95.0,1245.0,956.0,98.0,144.0,250.0,813.0,187.0,90.0,386.4,1046.0,194.0,89.5,845.5,893.5,138.83333333333337,106.58333333333348,703.0,1537.5833333333333,151.0,107.0,331.2,818.0,202.2,112.125,1025.0,702.625,123.125,130.28571428571445,320.2857142857143,1219.2857142857142,153.42857142857144,141.53846153846155,387.38461538461536,377.38461538461536,177.69230769230774,40.0,456.25,1002.5,45.0
159,116.85714285714289,314.42857142857144,1101.142857142857,178.28571428571428,94.99999999999989,1253.4285714285713,957.2857142857143,96.71428571428578,138.125,249.375,818.875,184.375,90.5,388.8,1045.0,194.99999999999994,89.0,850.0,894.0,139.66666666666663,105.16666666666652,704.0,1537.1666666666667,151.0,106.0,335.4,819.0,196.39999999999998,111.5625,1025.0,706.3125,123.5625,133.71428571428555,319.7142857142857,1223.7142857142858,153.57142857142856,138.07692307692304,391.7692307692308,380.7692307692308,178.38461538461542,40.0,473.0,1015.0,45.0
160,113.71428571428578,314.85714285714283,1101.2857142857142,176.5714285714286,95.00000000000011,1261.857142857143,958.5714285714286,95.42857142857133,132.25,248.75,824.75,181.75,91.0,391.2,1044.0,196.00000000000006,88.5,854.5,894.5,140.5,103.75,705.0,1536.75,151.0,105.0,339.6,820.0,190.60000000000002,111.0,1025.0,710.0,124.0,137.1428571428571,319.14285714285717,1228.142857142857,153.71428571428567,134.61538461538458,396.15384615384613,384.15384615384613,179.07692307692315,40.0,489.0,1026.0,45.0
161,110.57142857142867,315.2857142857143,1101.4285714285713,174.8571428571429,95.0,1270.2857142857142,959.8571428571429,94.14285714285711,126.375,248.125,830.625,179.125,91.5,393.6,1043.0,197.0,88.0,859.0,895.0,141.33333333333337,102.33333333333348,706.0,1536.3333333333333,151.0,104.0,343.8,821.0,184.8,109.5,1024.9285714285713,713.2142857142857,125.07142857142867,140.57142857142844,318.57142857142856,1232.5714285714287,153.8571428571429,131.1538461538462,400.53846153846155,387.53846153846155,179.76923076923072,40.0,488.0,1034.5,45.0
162,107.42857142857133,315.7142857142857,1101.5714285714287,173.1428571428571,95.0,1278.7142857142858,961.1428571428571,92.85714285714289,120.5,247.5,836.5,176.5,92.0,396.0,1042.0,198.0,87.5,863.5,895.5,142.16666666666663,100.91666666666652,707.0,1535.9166666666667,151.0,103.0,348.0,822.0,179.0,108.0,1024.857142857143,716.4285714285714,126.14285714285711,144.0,318.0,1237.0,154.0,127.69230769230774,404.9230769230769,390.9230769230769,180.46153846153845,40.0,487.0,1043.0,45.0
163,104.28571428571422,316.14285714285717,1101.7142857142858,171.4285714285714,94.99999999999989,1287.142857142857,962.4285714285714,91.57142857142867,114.625,246.875,842.375,173.875,95.0,404.75,1041.75,199.75,87.0,868.0,896.0,143.0,99.5,708.0,1535.5,151.0,104.71428571428567,352.42857142857144,821.2857142857143,176.57142857142856,106.5,1024.7857142857142,719.6428571428571,127.21428571428578,144.0,315.875,1244.375,154.0,124.23076923076923,409.3076923076923,394.3076923076923,181.15384615384613,40.0,483.5,1052.5,45.0
164,101.14285714285711,316.57142857142856,1101.857142857143,169.71428571428572,95.00000000000011,1295.5714285714287,963.7142857142857,90.28571428571422,108.75,246.25,848.25,171.25,98.0,413.5,1041.5,201.5,86.66666666666674,873.0,895.1111111111111,142.1111111111111,98.08333333333348,709.0,1535.0833333333333,151.0,106.42857142857144,356.85714285714283,820.5714285714286,174.14285714285717,105.0,1024.7142857142858,722.8571428571429,128.28571428571422,144.0,313.75,1251.75,154.0,120.76923076923077,413.6923076923077,397.6923076923077,181.84615384615387,40.0,480.0,1062.0,45.0
165,98.0,317.0,1102.0,168.0,95.0,1304.0,965.0,89.0,102.875,245.625,854.125,168.625,101.0,422.25,1041.25,203.25,86.33333333333337,878.0,894.2222222222222,141.22222222222217,96.66666666666652,710.0,1534.6666666666667,151.0,108.14285714285711,361.2857142857143,819.8571428571429,171.71428571428572,103.5,1024.642857142857,726.0714285714286,129.3571428571429,144.0,311.625,1259.125,154.0,117.30769230769226,418.0769230769231,401.0769230769231,182.53846153846155,40.0,481.75,1063.25,45.0
166,97.80000000000018,320.9,1100.1,166.20000000000005,96.0,1308.5,964.625,92.125,97.0,245.0,860.0,166.0,104.0,431.0,1041.0,205.0,86.0,883.0,893.3333333333334,140.33333333333337,95.25,711.0,1534.25,151.0,109.85714285714289,365.7142857142857,819.1428571428571,169.28571428571428,102.0,1024.5714285714287,729.2857142857143,130.42857142857133,144.0,309.5,1266.5,154.0,113.84615384615381,422.46153846153845,404.46153846153845,183.23076923076928,40.0,483.5,1064.5,45.0
167,97.59999999999991,324.8,1098.2,164.39999999999998,97.0,1313.0,964.25,95.25,100.57142857142856,251.14285714285714,860.4285714285714,162.57142857142858,105.0,437.2,1041.0,200.00000000000006,85.66666666666663,888.0,892.4444444444445,139.44444444444434,93.83333333333348,712.0,1533.8333333333333,151.0,111.57142857142856,370.14285714285717,818.4285714285714,166.85714285714283,100.5,1024.5,732.5,131.5,144.0,307.375,1273.875,154.0,110.38461538461542,426.84615384615387,407.84615384615387,183.92307692307685,40.0,485.25,1065.75,45.0
168,97.40000000000009,328.7,1096.3,162.60000000000002,98.0,1317.5,963.875,98.375,104.14285714285711,257.2857142857143,860.8571428571429,159.14285714285717,106.0,443.4,1041.0,195.0,85.33333333333337,893.0,891.5555555555555,138.55555555555566,92.41666666666652,713.0,1533.4166666666667,151.0,113.28571428571433,374.57142857142856,817.7142857142857,164.42857142857144,99.0,1024.4285714285713,735.7142857142857,132.57142857142867,144.0,305.25,1281.25,154.0,106.92307692307696,431.2307692307692,411.2307692307692,184.61538461538458,40.0,487.0,1067.0,45.0
169,97.19999999999982,332.6,1094.4,160.79999999999995,99.0,1322.0,963.5,101.5,107.71428571428567,263.42857142857144,861.2857142857143,155.71428571428572,107.0,449.6,1041.0,190.0,85.0,898.0,890.6666666666666,137.66666666666674,91.0,714.0,1533.0,151.0,115.0,379.0,817.0,162.0,97.5,1024.357142857143,738.9285714285714,133.6428571428571,144.0,303.125,1288.625,154.0,103.46153846153845,435.61538461538464,414.61538461538464,185.30769230769226,40.0,500.0,1064.75,45.0
170,97.0,336.5,1092.5,159.0,100.0,1326.5,963.125,104.625,111.28571428571433,269.57142857142856,861.7142857142857,152.28571428571428,108.0,455.8,1041.0,184.99999999999994,84.66666666666663,903.0,889.7777777777778,136.77777777777783,93.5,718.125,1526.875,147.0,113.14285714285722,383.42857142857144,822.7142857142857,157.71428571428567,96.0,1024.2857142857142,742.1428571428571,134.71428571428578,144.0,301.0,1296.0,154.0,100.0,440.0,418.0,186.0,40.0,513.0,1062.5,45.0
171,96.80000000000018,340.4,1090.6,157.20000000000005,101.0,1331.0,962.75,107.75,114.85714285714289,275.7142857142857,862.1428571428571,148.85714285714283,109.0,462.0,1041.0,180.0,84.33333333333326,908.0,888.8888888888889,135.8888888888889,96.0,722.25,1520.75,143.0,111.28571428571422,387.85714285714283,828.4285714285714,153.4285714285715,94.5,1024.2142857142858,745.3571428571429,135.78571428571422,144.0,301.7,1301.7,154.0,101.70588235294116,444.52941176470586,419.70588235294116,184.76470588235293,40.0,526.0,1060.25,45.0
172,96.59999999999991,344.3,1088.7,155.39999999999998,102.0,1335.5,962.375,110.875,118.42857142857144,281.85714285714283,862.5714285714286,145.42857142857144,104.79999999999995,472.6,1043.4,170.19999999999993,84.0,913.0,888.0,135.0,98.5,726.375,1514.625,139.0,109.42857142857144,392.2857142857143,834.1428571428571,149.14285714285717,93.0,1024.142857142857,748.5714285714286,136.8571428571429,144.0,302.4,1307.4,154.0,103.41176470588238,449.05882352941177,421.4117647058824,183.5294117647059,40.0,539.0,1058.0,45.0
173,96.40000000000009,348.2,1086.8,153.60000000000002,103.0,1340.0,962.0,114.0,122.0,288.0,863.0,142.0,100.60000000000014,483.2,1045.8,160.40000000000003,84.0,922.5,888.875,135.0,101.0,730.5,1508.5,135.0,107.57142857142856,396.7142857142857,839.8571428571429,144.85714285714283,91.5,1024.0714285714287,751.7857142857143,137.92857142857133,144.0,303.1,1313.1,154.0,105.11764705882354,453.5882352941176,423.11764705882354,182.29411764705884,40.0,555.3333333333334,1062.0,45.0
174,96.19999999999982,352.1,1084.9,151.79999999999995,103.375,1349.625,962.875,114.0,125.25,292.0,859.25,145.75,96.39999999999986,493.8,1048.2,150.59999999999997,84.0,932.0,889.75,135.0,103.5,734.625,1502.375,131.0,105.71428571428578,401.14285714285717,845.5714285714286,140.5714285714285,90.0,1024.0,755.0,139.0,144.0,303.8,1318.8,154.0,106.8235294117647,458.11764705882354,424.8235294117647,181.0588235294117,40.0,571.6666666666666,1066.0,45.0
175,96.0,356.0,1083.0,150.0,103.75,1359.25,963.75,114.0,128.5,296.0,855.5,149.5,92.20000000000005,504.4,1050.6,140.80000000000007,84.0,941.5,890.625,135.0,106.0,738.75,1496.25,127.0,103.85714285714278,405.57142857142856,851.2857142857143,136.28571428571433,92.0,1025.909090909091,757.0909090909091,139.0,144.0,304.5,1324.5,154.0,108.52941176470586,462.6470588235294,426.52941176470586,179.82352941176475,40.0,588.0,1070.0,45.0
176,97.88888888888891,360.44444444444446,1080.3333333333333,147.1111111111111,104.125,1368.875,964.625,114.0,131.75,300.0,851.75,153.25,88.0,515.0,1053.0,131.0,84.0,951.0,891.5,135.0,108.5,742.875,1490.125,123.0,102.0,410.0,857.0,132.0,94.0,1027.8181818181818,759.1818181818181,139.0,144.0,305.2,1330.2,154.0,110.23529411764707,467.1764705882353,428.2352941176471,178.58823529411762,40.0,600.6666666666666,1071.6666666666667,45.0
177,99.7777777777776,364.8888888888889,1077.6666666666667,144.22222222222217,104.5,1378.5,965.5,114.0,135.0,304.0,848.0,157.0,85.79999999999995,527.8,1053.4,130.20000000000005,84.0,960.5,892.375,135.0,111.0,747.0,1484.0,119.0,103.33333333333337,413.0,859.6666666666666,136.16666666666663,96.0,1029.7272727272727,761.2727272727273,139.0,144.0,305.9,1335.9,154.0,111.94117647058823,471.70588235294116,429.94117647058823,177.35294117647055,40.0,613.3333333333334,1073.3333333333333,45.0
178,101.66666666666674,369.3333333333333,1075.0,141.33333333333337,104.875,1388.125,966.375,114.0,129.83333333333337,306.0,845.0,155.5,83.60000000000014,540.6,1053.8,129.39999999999998,84.0,970.0,893.25,135.0,111.0,748.625,1482.625,119.0,104.66666666666663,416.0,862.3333333333334,140.33333333333337,98.0,1031.6363636363637,763.3636363636364,139.0,144.0,306.6,1341.6,154.0,113.64705882352939,476.2352941176471,431.6470588235294,176.11764705882354,40.0,626.0,1075.0,45.0
179,103.55555555555566,373.77777777777777,1072.3333333333333,138.4444444444444,105.25,1397.75,967.25,114.0,124.66666666666663,308.0,842.0,154.0,81.39999999999986,553.4,1054.2,128.60000000000002,84.0,979.5,894.125,135.0,111.0,750.25,1481.25,119.0,106.0,419.0,865.0,144.5,100.0,1033.5454545454545,765.4545454545455,139.0,144.0,307.3,1347.3,154.0,115.35294117647061,480.7647058823529,433.3529411764706,174.88235294117646,40.0,644.75,1076.5,45.0
180,105.44444444444434,378.22222222222223,1069.6666666666667,135.5555555555556,105.625,1407.375,968.125,114.0,119.5,310.0,839.0,152.5,79.20000000000005,566.2,1054.6,127.79999999999995,84.0,989.0,895.0,135.0,111.0,751.875,1479.875,119.0,107.33333333333337,422.0,867.6666666666666,148.66666666666663,102.0,1035.4545454545455,767.5454545454545,139.0,144.0,308.0,1353.0,154.0,117.05882352941177,485.29411764705884,435.05882352941177,173.64705882352945,40.0,663.5,1078.0,45.0
181,107.33333333333326,382.6666666666667,1067.0,132.66666666666669,106.0,1417.0,969.0,114.0,114.33333333333337,312.0,836.0,151.0,77.0,579.0,1055.0,127.0,85.85714285714289,1001.4285714285714,896.7142857142857,137.42857142857144,111.0,753.5,1478.5,119.0,108.66666666666663,425.0,870.3333333333334,152.83333333333337,104.0,1037.3636363636363,769.6363636363636,139.0,144.66666666666674,311.22222222222223,1354.2222222222222,154.22222222222223,118.76470588235293,489.8235294117647,436.7647058823529,172.41176470588238,40.0,682.25,1079.5,45.0
182,109.2222222222224,387.1111111111111,1064.3333333333333,129.77777777777783,105.625,1429.375,971.0,114.375,109.16666666666663,314.0,833.0,149.5,80.25,586.25,1051.75,134.25,87.71428571428567,1013.8571428571429,898.4285714285714,139.8571428571429,111.0,755.125,1477.125,119.0,110.0,428.0,873.0,157.0,106.0,1039.2727272727273,771.7272727272727,139.0,145.33333333333348,314.44444444444446,1355.4444444444443,154.44444444444446,120.47058823529414,494.3529411764706,438.47058823529414,171.17647058823525,40.0,701.0,1081.0,45.0
183,111.11111111111109,391.55555555555554,1061.6666666666667,126.88888888888891,105.25,1441.75,973.0,114.75,104.0,316.0,830.0,148.0,83.5,593.5,1048.5,141.5,89.57142857142856,1026.2857142857142,900.1428571428571,142.28571428571445,111.0,756.75,1475.75,119.0,107.375,434.875,876.0,153.5,108.0,1041.1818181818182,773.8181818181819,139.0,146.0,317.6666666666667,1356.6666666666667,154.66666666666663,122.1764705882353,498.88235294117646,440.1764705882353,169.9411764705883,40.0,717.5,1083.5,45.0
184,113.0,396.0,1059.0,124.0,104.875,1454.125,975.0,115.125,103.83333333333337,321.3333333333333,826.6666666666666,154.0,86.75,600.75,1045.25,148.75,91.42857142857144,1038.7142857142858,901.8571428571429,144.71428571428555,111.0,758.375,1474.375,119.0,104.75,441.75,879.0,150.0,110.0,1043.090909090909,775.9090909090909,139.0,146.66666666666674,320.8888888888889,1357.888888888889,154.88888888888886,123.88235294117646,503.4117647058823,441.88235294117646,168.70588235294122,40.0,734.0,1086.0,45.0
185,113.33333333333326,402.1111111111111,1056.0,127.11111111111109,104.5,1466.5,977.0,115.5,103.66666666666663,326.6666666666667,823.3333333333334,160.0,90.0,608.0,1042.0,156.0,93.28571428571433,1051.142857142857,903.5714285714286,147.1428571428571,111.0,760.0,1473.0,119.0,102.125,448.625,882.0,146.5,112.0,1045.0,778.0,139.0,147.33333333333326,324.1111111111111,1359.111111111111,155.11111111111114,125.58823529411762,507.94117647058823,443.5882352941176,167.4705882352941,40.0,730.0,1088.6666666666667,45.0
186,113.66666666666674,408.22222222222223,1053.0,130.22222222222223,104.125,1478.875,979.0,115.875,103.5,332.0,820.0,166.0,90.25,628.25,1042.25,145.0,95.14285714285711,1063.5714285714287,905.2857142857143,149.57142857142844,111.58333333333348,761.6666666666666,1468.3333333333333,120.33333333333337,99.5,455.5,885.0,143.0,115.85714285714289,1049.7142857142858,779.7142857142857,136.57142857142844,148.0,327.3333333333333,1360.3333333333333,155.33333333333337,127.29411764705884,512.4705882352941,445.29411764705884,166.23529411764707,40.0,726.0,1091.3333333333333,45.0
187,114.0,414.3333333333333,1050.0,133.33333333333331,103.75,1491.25,981.0,116.25,103.33333333333337,337.3333333333333,816.6666666666666,172.0,90.5,648.5,1042.5,134.0,97.0,1076.0,907.0,152.0,112.16666666666652,763.3333333333334,1463.6666666666667,121.66666666666663,96.875,462.375,888.0,139.5,119.71428571428567,1054.4285714285713,781.4285714285714,134.14285714285734,148.66666666666652,330.55555555555554,1361.5555555555557,155.55555555555554,129.0,517.0,447.0,165.0,40.0,722.0,1094.0,45.0
188,114.33333333333326,420.44444444444446,1047.0,136.44444444444446,103.375,1503.625,983.0,116.625,103.16666666666663,342.6666666666667,813.3333333333334,177.99999999999994,90.75,668.75,1042.75,123.0,103.0,1092.1666666666667,902.8333333333334,147.16666666666652,112.75,765.0,1459.0,123.0,94.25,469.25,891.0,136.0,123.57142857142856,1059.142857142857,783.1428571428571,131.71428571428578,149.33333333333326,333.77777777777777,1362.7777777777778,155.77777777777777,127.83333333333337,520.2222222222222,448.5,165.72222222222229,39.5,729.3333333333334,1093.1666666666667,44.5
189,114.66666666666674,426.55555555555554,1044.0,139.55555555555554,103.0,1516.0,985.0,117.0,103.0,348.0,810.0,184.0,91.0,689.0,1043.0,112.0,109.0,1108.3333333333333,898.6666666666666,142.33333333333348,113.33333333333348,766.6666666666666,1454.3333333333333,124.33333333333337,91.625,476.125,894.0,132.5,127.42857142857144,1063.857142857143,784.8571428571429,129.28571428571422,150.0,337.0,1364.0,156.0,126.66666666666663,523.4444444444445,450.0,166.44444444444446,39.0,736.6666666666666,1092.3333333333333,44.0
190,115.0,432.6666666666667,1041.0,142.66666666666669,102.125,1529.875,987.625,115.625,101.625,352.125,808.0,181.375,88.25,696.0,1043.0,124.75,115.0,1124.5,894.5,137.5,113.91666666666652,768.3333333333334,1449.6666666666667,125.66666666666663,89.0,483.0,897.0,129.0,131.28571428571433,1068.5714285714287,786.5714285714286,126.85714285714266,147.81818181818176,343.27272727272725,1369.0,156.4545454545455,125.5,526.6666666666666,451.5,167.16666666666674,38.5,744.0,1091.5,43.5
191,115.33333333333326,438.77777777777777,1038.0,145.77777777777777,101.25,1543.75,990.25,114.25,100.25,356.25,806.0,178.75,85.5,703.0,1043.0,137.5,121.0,1140.6666666666667,890.3333333333334,132.66666666666652,114.5,770.0,1445.0,127.0,89.875,490.375,898.125,130.0,135.1428571428571,1073.2857142857142,788.2857142857143,124.42857142857156,145.63636363636374,349.54545454545456,1374.0,156.90909090909088,124.33333333333337,529.8888888888889,453.0,167.8888888888889,38.0,751.3333333333334,1090.6666666666667,43.0
192,115.66666666666674,444.8888888888889,1035.0,148.8888888888889,100.375,1557.625,992.875,112.875,98.875,360.375,804.0,176.125,82.75,710.0,1043.0,150.25,127.0,1156.8333333333333,886.1666666666666,127.83333333333348,115.08333333333348,771.6666666666666,1440.3333333333333,128.33333333333337,90.75,497.75,899.25,131.0,139.0,1078.0,790.0,122.0,143.4545454545455,355.8181818181818,1379.0,157.36363636363632,123.16666666666663,533.1111111111111,454.5,168.6111111111111,37.5,758.6666666666666,1089.8333333333333,42.5
193,116.0,451.0,1032.0,152.0,99.5,1571.5,995.5,111.5,97.5,364.5,802.0,173.5,80.0,717.0,1043.0,163.0,133.0,1173.0,882.0,123.0,115.66666666666652,773.3333333333334,1435.6666666666667,129.66666666666663,91.625,505.125,900.375,132.0,135.1428571428571,1084.7142857142858,799.8571428571429,120.85714285714289,141.27272727272725,362.09090909090907,1384.0,157.8181818181818,122.0,536.3333333333334,456.0,169.33333333333326,37.0,766.0,1089.0,42.0
194,112.33333333333326,456.6666666666667,1032.6666666666667,147.83333333333331,98.625,1585.375,998.125,110.125,96.125,368.625,800.0,170.875,85.0,731.0,1038.75,153.0,130.66666666666663,1187.3333333333333,884.3333333333334,128.0,116.25,775.0,1431.0,131.0,92.5,512.5,901.5,133.0,131.28571428571433,1091.4285714285713,809.7142857142857,119.71428571428578,139.090909090909,368.3636363636364,1389.0,158.27272727272725,120.83333333333337,539.5555555555555,457.5,170.05555555555554,38.0,783.25,1088.75,42.0
195,108.66666666666674,462.3333333333333,1033.3333333333333,143.66666666666669,97.75,1599.25,1000.75,108.75,94.75,372.75,798.0,168.25,90.0,745.0,1034.5,143.0,128.33333333333337,1201.6666666666667,886.6666666666666,133.0,116.83333333333348,776.6666666666666,1426.3333333333333,132.33333333333337,93.375,519.875,902.625,134.0,127.42857142857144,1098.142857142857,819.5714285714286,118.57142857142867,136.909090909091,374.6363636363636,1394.0,158.72727272727275,119.66666666666663,542.7777777777778,459.0,170.77777777777771,39.0,800.5,1088.5,42.0
196,105.0,468.0,1034.0,139.5,96.875,1613.125,1003.375,107.375,93.375,376.875,796.0,165.625,95.0,759.0,1030.25,133.0,126.0,1216.0,889.0,138.0,117.41666666666652,778.3333333333334,1421.6666666666667,133.66666666666663,94.25,527.25,903.75,135.0,123.57142857142856,1104.857142857143,829.4285714285714,117.42857142857133,134.72727272727275,380.9090909090909,1399.0,159.18181818181824,118.5,546.0,460.5,171.5,40.0,817.75,1088.25,42.0
197,101.33333333333326,473.6666666666667,1034.6666666666667,135.33333333333331,96.0,1627.0,1006.0,106.0,92.0,381.0,794.0,163.0,100.0,773.0,1026.0,123.0,118.16666666666674,1230.8333333333333,890.1666666666666,141.33333333333348,118.0,780.0,1417.0,135.0,95.125,534.625,904.875,136.0,119.71428571428567,1111.5714285714287,839.2857142857143,116.28571428571422,132.5454545454545,387.1818181818182,1404.0,159.63636363636368,117.33333333333337,549.2222222222222,462.0,172.22222222222229,41.0,835.0,1088.0,42.0
198,97.66666666666674,479.3333333333333,1035.3333333333333,131.16666666666669,96.19999999999993,1637.8,1008.6,111.79999999999995,91.5,384.1666666666667,791.1666666666666,163.83333333333331,98.75,782.25,1028.25,128.25,110.33333333333326,1245.6666666666667,891.3333333333334,144.66666666666652,114.0,782.7142857142857,1415.7142857142858,134.0,96.0,542.0,906.0,137.0,115.85714285714289,1118.2857142857142,849.1428571428571,115.14285714285711,130.36363636363626,393.45454545454544,1409.0,160.09090909090907,116.16666666666663,552.4444444444445,463.5,172.94444444444446,40.0,861.3333333333334,1089.6666666666667,42.0
199,94.0,485.0,1036.0,127.0,96.39999999999986,1648.6,1011.2,117.60000000000014,91.0,387.3333333333333,788.3333333333334,164.66666666666669,97.5,791.5,1030.5,133.5,102.5,1260.5,892.5,148.0,110.0,785.4285714285714,1414.4285714285713,133.0,95.83333333333337,549.8333333333334,908.0,138.83333333333326,112.0,1125.0,859.0,114.0,128.18181818181824,399.72727272727275,1414.0,160.5454545454545,115.0,555.6666666666666,465.0,173.66666666666674,39.0,887.6666666666666,1091.3333333333333,42.0
200,93.0,496.5,1037.0,128.0,96.60000000000014,1659.4,1013.8,123.39999999999986,90.5,390.5,785.5,165.5,96.25,800.75,1032.75,138.75,94.66666666666674,1275.3333333333333,893.6666666666666,151.33333333333348,106.0,788.1428571428571,1413.142857142857,132.0,95.66666666666663,557.6666666666666,910.0,140.66666666666674,117.85714285714289,1126.5714285714287,861.0,123.0,126.0,406.0,1419.0,161.0,113.83333333333337,558.8888888888889,466.5,174.3888888888889,38.0,914.0,1093.0,42.0
201,92.0,508.0,1038.0,129.0,96.80000000000007,1670.2,1016.4,129.20000000000005,90.0,393.6666666666667,782.6666666666666,166.33333333333331,95.0,810.0,1035.0,144.0,86.83333333333326,1290.1666666666667,894.8333333333334,154.66666666666652,102.0,790.8571428571429,1411.857142857143,131.0,95.5,565.5,912.0,142.5,123.71428571428567,1128.142857142857,863.0,132.0,123.875,413.125,1422.0,156.5,112.66666666666663,562.1111111111111,468.0,175.1111111111111,38.0,950.5,1093.0,42.0
202,91.0,519.5,1039.0,130.0,97.0,1681.0,1019.0,135.0,89.5,396.8333333333333,779.8333333333334,167.16666666666669,91.25,822.0,1038.0,148.25,79.0,1305.0,896.0,158.0,98.0,793.5714285714286,1410.5714285714287,130.0,95.33333333333337,573.3333333333334,914.0,144.33333333333326,129.57142857142856,1129.7142857142858,865.0,141.0,121.75,420.25,1425.0,152.0,111.5,565.3333333333334,469.5,175.83333333333326,38.0,987.0,1093.0,42.0
203,90.0,531.0,1040.0,131.0,99.0,1703.0,1020.0,121.33333333333326,89.0,400.0,777.0,168.0,87.5,834.0,1041.0,152.5,79.0,1324.6666666666667,893.0,151.33333333333326,94.0,796.2857142857143,1409.2857142857142,129.0,95.16666666666663,581.1666666666666,916.0,146.16666666666674,135.42857142857144,1131.2857142857142,867.0,150.0,119.625,427.375,1428.0,147.5,110.33333333333337,568.5555555555555,471.0,176.55555555555554,38.0,1023.5,1093.0,42.0
204,89.0,542.5,1041.0,132.0,101.0,1725.0,1021.0,107.66666666666674,90.0,405.2857142857143,774.1428571428571,168.14285714285717,83.75,846.0,1044.0,156.75,79.0,1344.3333333333333,890.0,144.66666666666674,90.0,799.0,1408.0,128.0,95.0,589.0,918.0,148.0,141.28571428571433,1132.857142857143,869.0,159.0,117.5,434.5,1431.0,143.0,109.16666666666663,571.7777777777778,472.5,177.27777777777771,38.0,1060.0,1093.0,42.0
205,88.0,554.0,1042.0,133.0,103.0,1747.0,1022.0,94.0,91.0,410.57142857142856,771.2857142857143,168.28571428571433,80.0,858.0,1047.0,161.0,79.0,1364.0,887.0,138.0,92.55555555555566,803.0,1401.4444444444443,130.1111111111111,94.33333333333337,597.5,919.5,143.5,147.1428571428571,1134.4285714285713,871.0,168.0,115.375,441.625,1434.0,138.5,108.0,575.0,474.0,178.0,38.0,1098.0,1093.6666666666667,42.0
206,87.59999999999991,564.4,1042.4,130.0,103.0,1766.0,1023.8,94.20000000000005,92.0,415.85714285714283,768.4285714285714,168.4285714285715,78.75,872.5,1048.75,154.75,84.0,1382.6,880.6,138.60000000000014,95.11111111111109,807.0,1394.888888888889,132.22222222222217,93.66666666666663,606.0,921.0,139.0,153.0,1136.0,873.0,177.0,113.25,448.75,1437.0,134.0,108.76470588235298,579.8823529411765,474.94117647058823,177.0,38.0,1136.0,1094.3333333333333,42.0
207,87.20000000000005,574.8,1042.8,127.0,103.0,1785.0,1025.6,94.40000000000009,93.0,421.14285714285717,765.5714285714286,168.5714285714285,77.5,887.0,1050.5,148.5,89.0,1401.2,874.2,139.20000000000005,97.66666666666674,811.0,1388.3333333333333,134.33333333333337,93.0,614.5,922.5,134.5,150.16666666666674,1154.1666666666667,885.5,168.5,111.125,455.875,1440.0,129.5,109.52941176470586,584.7647058823529,475.88235294117646,176.0,38.0,1174.0,1095.0,42.0
208,86.79999999999995,585.2,1043.2,124.0,103.0,1804.0,1027.4,94.59999999999991,94.0,426.42857142857144,762.7142857142857,168.71428571428567,76.25,901.5,1052.25,142.25,94.0,1419.8,867.8,139.79999999999995,100.22222222222217,815.0,1381.7777777777778,136.44444444444446,92.33333333333337,623.0,924.0,130.0,147.33333333333326,1172.3333333333333,898.0,160.0,109.0,463.0,1443.0,125.0,110.29411764705884,589.6470588235294,476.8235294117647,175.0,38.0,1215.75,1095.5,42.0
209,86.40000000000009,595.6,1043.6,121.0,103.0,1823.0,1029.2,94.79999999999995,95.0,431.7142857142857,759.8571428571429,168.85714285714283,75.0,916.0,1054.0,136.0,99.0,1438.4,861.4,140.39999999999986,102.77777777777783,819.0,1375.2222222222222,138.55555555555554,91.66666666666663,631.5,925.5,125.5,144.5,1190.5,910.5,151.5,107.66666666666652,472.0,1445.1666666666667,126.66666666666663,111.05882352941182,594.5294117647059,477.7647058823529,174.0,38.0,1257.5,1096.0,42.0
210,86.0,606.0,1044.0,118.0,103.0,1842.0,1031.0,95.0,96.0,437.0,757.0,169.0,76.0,928.0,1053.25,137.75,104.0,1457.0,855.0,141.0,105.33333333333326,823.0,1368.6666666666667,140.66666666666663,91.0,640.0,927.0,121.0,141.66666666666674,1208.6666666666667,923.0,143.0,106.33333333333348,481.0,1447.3333333333333,128.33333333333337,111.8235294117647,599.4117647058823,478.70588235294116,173.0,38.0,1299.25,1096.5,42.0
211,87.375,616.0,1044.875,121.25,104.25,1852.0,1034.0,103.0,96.71428571428567,439.42857142857144,754.2857142857143,169.57142857142856,77.0,940.0,1052.5,139.5,100.0,1472.6666666666667,855.3333333333334,146.0,107.88888888888891,827.0,1362.111111111111,142.77777777777783,91.0,646.5714285714286,927.4285714285714,127.14285714285711,138.83333333333326,1226.8333333333333,935.5,134.5,105.0,490.0,1449.5,130.0,112.58823529411768,604.2941176470588,479.6470588235294,172.0,38.0,1341.0,1097.0,42.0
212,88.75,626.0,1045.75,124.5,105.5,1862.0,1037.0,111.0,97.42857142857144,441.85714285714283,751.5714285714286,170.14285714285717,78.0,952.0,1051.75,141.25,96.0,1488.3333333333333,855.6666666666666,151.0,110.44444444444434,831.0,1355.5555555555557,144.8888888888889,91.0,653.1428571428571,927.8571428571429,133.28571428571433,136.0,1245.0,948.0,126.0,103.66666666666652,499.0,1451.6666666666667,131.66666666666663,113.35294117647067,609.1764705882352,480.5882352941176,171.0,38.0,1383.3333333333333,1098.5,42.0
213,90.125,636.0,1046.625,127.75,106.75,1872.0,1040.0,119.0,98.14285714285711,444.2857142857143,748.8571428571429,170.71428571428572,79.0,964.0,1051.0,143.0,92.0,1504.0,856.0,156.0,113.0,835.0,1349.0,147.0,91.0,659.7142857142857,928.2857142857143,139.42857142857144,133.60000000000002,1254.2,953.4,127.39999999999986,102.33333333333348,508.0,1453.8333333333333,133.33333333333337,114.11764705882354,614.0588235294117,481.52941176470586,170.0,38.0,1425.6666666666667,1100.0,42.0
214,91.5,646.0,1047.5,131.0,108.0,1882.0,1043.0,127.0,98.85714285714289,446.7142857142857,746.1428571428571,171.28571428571428,79.59999999999991,978.6,1052.4,138.9999999999999,90.39999999999998,1525.8,854.4,153.4000000000001,112.26666666666665,839.3333333333334,1346.6,147.0,91.0,666.2857142857143,928.7142857142857,145.57142857142856,131.20000000000005,1263.4,958.8,128.79999999999995,101.0,517.0,1456.0,135.0,114.88235294117646,618.9411764705883,482.47058823529414,169.0,38.0,1468.0,1101.5,42.0
215,92.875,656.0,1048.375,134.25,111.5,1898.75,1042.75,121.25,99.57142857142856,449.14285714285717,743.4285714285714,171.85714285714283,80.20000000000005,993.2,1053.8,135.0,88.80000000000007,1547.6,852.8,150.80000000000018,111.5333333333333,843.6666666666666,1344.2,147.0,91.0,672.8571428571429,929.1428571428571,151.71428571428567,128.79999999999995,1272.6,964.2,130.20000000000005,99.66666666666674,526.0,1458.0,128.0,115.64705882352933,623.8235294117648,483.4117647058824,168.0,38.0,1510.3333333333333,1103.0,42.0
216,94.25,666.0,1049.25,137.5,115.0,1915.5,1042.5,115.5,100.28571428571433,451.57142857142856,740.7142857142857,172.42857142857144,80.79999999999995,1007.8,1055.2,131.0,87.19999999999993,1569.4,851.2,148.19999999999982,110.79999999999995,848.0,1341.8,147.0,91.0,679.4285714285714,929.5714285714286,157.85714285714278,126.39999999999998,1281.8,969.6,131.60000000000014,98.33333333333326,535.0,1460.0,121.0,116.41176470588232,628.7058823529412,484.3529411764706,167.0,38.0,1552.6666666666667,1104.5,42.0
217,95.625,676.0,1050.125,140.75,118.5,1932.25,1042.25,109.75,101.0,454.0,738.0,173.0,81.40000000000009,1022.4,1056.6,127.00000000000011,85.60000000000002,1591.2,849.6,145.5999999999999,110.0666666666666,852.3333333333334,1339.4,147.0,91.0,686.0,930.0,164.0,124.0,1291.0,975.0,133.0,97.0,544.0,1462.0,114.0,117.1764705882353,633.5882352941177,485.29411764705884,166.0,38.0,1595.0,1106.0,42.0
218,97.0,686.0,1051.0,144.0,122.0,1949.0,1042.0,104.0,100.20000000000005,459.4,737.0,175.60000000000002,82.0,1037.0,1058.0,123.0,84.0,1613.0,848.0,143.0,109.33333333333326,856.6666666666666,1337.0,147.0,91.83333333333326,695.6666666666666,931.3333333333334,155.16666666666674,121.57142857142867,1304.142857142857,983.0,133.0,96.375,551.5,1463.625,118.0,117.94117647058818,638.4705882352941,486.2352941176471,165.0,38.0,1636.0,1106.6666666666667,42.0
219,96.66666666666674,700.0,1052.3333333333333,137.16666666666663,120.75,1963.25,1049.5,105.25,99.39999999999998,464.8,736.0,178.2,81.59999999999991,1041.4,1058.4,125.59999999999991,85.0,1630.25,845.0,145.0,108.60000000000014,861.0,1334.6,147.0,92.66666666666663,705.3333333333334,932.6666666666666,146.33333333333326,119.14285714285711,1317.2857142857142,991.0,133.0,95.75,559.0,1465.25,122.0,118.70588235294116,643.3529411764706,487.1764705882353,164.0,38.0,1677.0,1107.3333333333333,42.0
220,96.33333333333326,714.0,1053.6666666666667,130.33333333333337,119.5,1977.5,1057.0,106.5,98.60000000000002,470.2,735.0,180.8,81.20000000000005,1045.8,1058.8,128.20000000000005,86.0,1647.5,842.0,147.0,107.86666666666656,865.3333333333334,1332.2,147.0,93.5,715.0,934.0,137.5,116.71428571428578,1330.4285714285713,999.0,133.0,95.125,566.5,1466.875,126.0,119.47058823529414,648.2352941176471,488.11764705882354,163.0,38.0,1718.0,1108.0,42.0
221,96.0,728.0,1055.0,123.5,118.25,1991.75,1064.5,107.75,97.79999999999995,475.6,734.0,183.39999999999998,80.79999999999995,1050.2,1059.2,130.79999999999995,87.0,1664.75,839.0,149.0,107.13333333333344,869.6666666666666,1329.8,147.0,94.33333333333337,724.6666666666666,935.3333333333334,128.66666666666674,114.28571428571422,1343.5714285714287,1007.0,133.0,94.5,574.0,1468.5,130.0,120.23529411764702,653.1176470588235,489.05882352941177,162.0,38.0,1759.75,1109.5,42.0
222,95.66666666666674,742.0,1056.3333333333333,116.66666666666663,117.0,2006.0,1072.0,109.0,97.0,481.0,733.0,186.0,80.40000000000009,1054.6,1059.6,133.4000000000001,88.0,1682.0,836.0,151.0,106.39999999999986,874.0,1327.4,147.0,95.16666666666663,734.3333333333334,936.6666666666666,119.83333333333326,111.85714285714289,1356.7142857142858,1015.0,133.0,93.875,581.5,1470.125,134.0,121.0,658.0,490.0,161.0,38.0,1801.5,1111.0,42.0
223,95.33333333333326,756.0,1057.6666666666667,109.83333333333337,117.0,2022.75,1078.75,109.0,96.28571428571433,484.42857142857144,733.0,183.28571428571422,80.0,1059.0,1060.0,136.0,90.0,1709.0,832.75,146.25,105.66666666666674,878.3333333333334,1325.0,146.9999999999999,96.0,744.0,938.0,111.0,109.42857142857133,1369.857142857143,1023.0,133.0,93.25,589.0,1471.75,138.0,120.33333333333331,661.5555555555555,490.22222222222223,161.5,38.0,1843.25,1112.5,42.0
224,95.0,770.0,1059.0,103.0,117.0,2039.5,1085.5,109.0,95.57142857142856,487.85714285714283,733.0,180.5714285714286,80.0,1074.0,1059.0,140.0,92.0,1736.0,829.5,141.5,104.9333333333334,882.6666666666666,1322.6,147.0000000000001,96.57142857142856,751.7142857142857,938.4285714285714,113.71428571428578,107.0,1383.0,1031.0,133.0,92.625,596.5,1473.375,142.0,119.66666666666663,665.1111111111111,490.44444444444446,162.0,38.0,1885.0,1114.0,42.0
225,93.75,780.25,1060.0,114.75,117.0,2056.25,1092.25,109.0,94.85714285714289,491.2857142857143,733.0,177.85714285714283,80.0,1089.0,1058.0,144.0,94.0,1763.0,826.25,136.75,104.20000000000005,887.0,1320.2,147.0,97.14285714285711,759.4285714285714,938.8571428571429,116.42857142857144,107.66666666666652,1399.5,1034.1666666666667,129.0,92.0,604.0,1475.0,146.0,118.99999999999994,668.6666666666666,490.6666666666667,162.5,38.0,1924.25,1116.25,42.0
226,92.5,790.5,1061.0,126.5,117.0,2073.0,1099.0,109.0,94.14285714285711,494.7142857142857,733.0,175.14285714285717,80.0,1104.0,1057.0,148.0,96.0,1790.0,823.0,132.0,103.4666666666667,891.3333333333334,1317.8,146.9999999999999,97.71428571428567,767.1428571428571,939.2857142857143,119.14285714285722,108.33333333333348,1416.0,1037.3333333333333,125.0,91.40000000000009,611.4,1475.0,141.39999999999998,118.33333333333326,672.2222222222222,490.8888888888889,163.0,38.0,1963.5,1118.5,42.0
227,91.25,800.75,1062.0,138.25,112.33333333333348,2083.6666666666665,1104.8333333333333,114.33333333333348,93.42857142857144,498.14285714285717,733.0,172.4285714285714,80.0,1119.0,1056.0,152.0,95.66666666666663,1802.0,821.0,143.66666666666674,102.73333333333335,895.6666666666666,1315.4,147.0000000000001,98.28571428571433,774.8571428571429,939.7142857142857,121.85714285714278,109.0,1432.5,1040.5,121.0,90.79999999999995,618.8,1475.0,136.80000000000007,117.66666666666674,675.7777777777778,491.1111111111111,163.5,38.0,2002.75,1120.75,42.0
228,90.0,811.0,1063.0,150.0,107.66666666666652,2094.3333333333335,1110.6666666666667,119.66666666666652,92.71428571428567,501.57142857142856,733.0,169.71428571428578,80.75,1130.75,1056.25,144.25,95.33333333333337,1814.0,819.0,155.33333333333326,102.0,900.0,1313.0,147.0,98.85714285714289,782.5714285714286,940.1428571428571,124.57142857142856,109.66666666666652,1449.0,1043.6666666666667,117.0,90.20000000000005,626.2,1475.0,132.19999999999993,117.00000000000006,679.3333333333334,491.3333333333333,164.0,38.0,2042.0,1123.0,42.0
229,90.14285714285711,823.8571428571429,1063.5714285714287,143.71428571428567,103.0,2105.0,1116.5,125.0,92.0,505.0,733.0,167.0,81.5,1142.5,1056.5,136.5,95.0,1826.0,817.0,167.0,102.0,904.8,1309.8,147.0,99.42857142857144,790.2857142857143,940.5714285714286,127.28571428571422,110.33333333333348,1465.5,1046.8333333333333,113.0,89.59999999999991,633.6,1475.0,127.60000000000002,116.33333333333337,682.8888888888889,491.55555555555554,164.5,38.0,2078.6666666666665,1124.3333333333333,42.0
230,90.28571428571422,836.7142857142857,1064.142857142857,137.42857142857144,98.33333333333348,2115.6666666666665,1122.3333333333333,130.33333333333348,90.60000000000002,510.6,732.0,167.79999999999995,82.25,1154.25,1056.75,128.75,94.80000000000007,1855.4,815.4,161.39999999999986,102.0,909.6,1306.6,146.9999999999999,100.0,798.0,941.0,130.0,111.0,1482.0,1050.0,109.0,89.0,641.0,1475.0,123.0,115.66666666666669,686.4444444444445,491.77777777777777,165.0,38.0,2115.3333333333335,1125.6666666666667,42.0
231,90.42857142857133,849.5714285714286,1064.7142857142858,131.1428571428571,93.66666666666652,2126.3333333333335,1128.1666666666667,135.66666666666652,89.20000000000005,516.2,731.0,168.5999999999999,83.0,1166.0,1057.0,121.0,94.60000000000002,1884.8,813.8,155.79999999999995,102.0,914.4,1303.4,147.0000000000001,98.79999999999995,804.4,940.8,130.60000000000002,110.875,1495.5,1050.5,116.125,89.0,649.375,1474.875,123.0,115.0,690.0,492.0,165.5,38.0,2152.0,1127.0,42.0
232,90.57142857142867,862.4285714285714,1065.2857142857142,124.85714285714289,89.0,2137.0,1134.0,141.0,87.79999999999995,521.8,730.0,169.4000000000001,82.25,1175.0,1057.25,129.75,94.39999999999998,1914.2,812.2,150.20000000000005,102.0,919.2,1300.2,147.0,97.60000000000002,810.8,940.6,131.20000000000005,110.75,1509.0,1051.0,123.25,89.0,657.75,1474.75,123.0,114.33333333333331,693.5555555555555,492.22222222222223,166.0,38.0,2174.0,1128.25,42.0
233,90.71428571428578,875.2857142857143,1065.857142857143,118.57142857142856,89.28571428571445,2158.714285714286,1137.4285714285713,133.85714285714266,86.39999999999998,527.4,729.0,170.20000000000005,81.5,1184.0,1057.5,138.5,94.19999999999993,1943.6,810.6,144.5999999999999,102.0,924.0,1297.0,147.0,96.39999999999998,817.2,940.4,131.79999999999995,110.625,1522.5,1051.5,130.375,89.0,666.125,1474.625,123.0,113.66666666666663,697.1111111111111,492.44444444444446,166.5,38.0,2196.0,1129.5,42.0
234,90.85714285714289,888.1428571428571,1066.4285714285713,112.28571428571433,89.57142857142844,2180.4285714285716,1140.857142857143,126.71428571428578,85.0,533.0,728.0,171.0,80.75,1193.0,1057.75,147.25,94.0,1973.0,809.0,139.0,102.0,928.8,1293.8,147.0,95.20000000000005,823.6,940.2,132.39999999999998,110.5,1536.0,1052.0,137.5,89.0,674.5,1474.5,123.0,112.99999999999994,700.6666666666666,492.6666666666667,167.0,38.0,2218.0,1130.75,42.0
235,91.0,901.0,1067.0,106.0,89.85714285714289,2202.1428571428573,1144.2857142857142,119.57142857142844,84.83333333333326,537.5,726.8333333333334,172.83333333333337,80.0,1202.0,1058.0,156.0,94.0,1988.4,808.2,139.0,102.0,933.6,1290.6,146.9999999999999,94.0,830.0,940.0,133.0,110.375,1549.5,1052.5,144.625,89.0,682.875,1474.375,123.0,112.33333333333326,704.2222222222222,492.8888888888889,167.5,38.0,2240.0,1132.0,42.0
236,91.85714285714289,913.2857142857143,1066.857142857143,107.42857142857133,90.14285714285711,2223.8571428571427,1147.7142857142858,112.42857142857156,84.66666666666674,542.0,725.6666666666666,174.66666666666663,80.42857142857133,1211.2857142857142,1057.5714285714287,151.28571428571445,94.0,2003.8,807.4,139.00000000000023,102.0,938.4,1287.4,147.0000000000001,94.0,838.875,939.625,129.875,110.25,1563.0,1053.0,151.75,89.0,691.25,1474.25,123.0,111.66666666666674,707.7777777777778,493.1111111111111,168.0,38.0,2258.25,1136.25,42.0
237,92.71428571428555,925.5714285714286,1066.7142857142858,108.85714285714278,90.42857142857156,2245.5714285714284,1151.142857142857,105.28571428571422,84.5,546.5,724.5,176.5,80.85714285714289,1220.5714285714287,1057.142857142857,146.57142857142844,94.0,2019.2,806.6,138.99999999999977,102.0,943.2,1284.2,147.0,94.0,847.75,939.25,126.75,110.125,1576.5,1053.5,158.875,89.0,699.625,1474.125,123.0,111.00000000000006,711.3333333333334,493.3333333333333,168.5,38.0,2276.5,1140.5,42.0
238,93.57142857142844,937.8571428571429,1066.5714285714287,110.28571428571422,90.71428571428555,2267.285714285714,1154.5714285714287,98.14285714285734,84.33333333333326,551.0,723.3333333333334,178.33333333333337,81.28571428571422,1229.857142857143,1056.7142857142858,141.8571428571429,94.0,2034.6,805.8,139.0,102.0,948.0,1281.0,147.0,94.0,856.625,938.875,123.625,110.0,1590.0,1054.0,166.0,89.0,708.0,1474.0,123.0,110.33333333333337,714.8888888888889,493.55555555555554,169.0,38.0,2294.75,1144.75,42.0
239,94.42857142857156,950.1428571428571,1066.4285714285713,111.71428571428578,91.0,2289.0,1158.0,91.0,84.16666666666674,555.5,722.1666666666666,180.16666666666663,81.71428571428578,1239.142857142857,1056.2857142857142,137.1428571428571,94.0,2050.0,805.0,139.0,102.0,952.8,1277.8,147.0,94.0,865.5,938.5,120.5,110.0,1608.7777777777778,1053.6666666666667,166.0,89.16666666666652,715.1666666666666,1472.6666666666667,128.33333333333337,109.66666666666669,718.4444444444445,493.77777777777777,169.5,38.0,2313.0,1149.0,42.0
240,95.28571428571445,962.4285714285714,1066.2857142857142,113.14285714285722,89.40000000000009,2297.4,1160.8,100.79999999999973,84.0,560.0,721.0,182.0,82.14285714285711,1248.4285714285713,1055.857142857143,132.42857142857156,94.83333333333326,2071.8333333333335,803.3333333333334,141.33333333333303,102.0,957.6,1274.6,146.9999999999999,94.0,874.375,938.125,117.375,110.0,1627.5555555555557,1053.3333333333333,166.0,89.33333333333348,722.3333333333334,1471.3333333333333,133.66666666666663,109.0,722.0,494.0,170.0,38.0,2330.5,1154.25,42.0
241,96.14285714285711,974.7142857142857,1066.142857142857,114.57142857142856,87.80000000000018,2305.8,1163.6,110.59999999999991,84.90909090909088,563.1818181818181,719.7272727272727,180.54545454545462,82.57142857142867,1257.7142857142858,1055.4285714285713,127.71428571428555,95.66666666666674,2093.6666666666665,801.6666666666666,143.66666666666697,102.0,962.4,1271.4,147.0000000000001,94.0,883.25,937.75,114.25,110.0,1646.3333333333333,1053.0,166.0,89.5,729.5,1470.0,139.0,109.0,726.421052631579,493.8421052631579,170.0,38.0,2348.0,1159.5,42.0
242,97.0,987.0,1066.0,116.0,86.19999999999982,2314.2,1166.4,120.40000000000009,85.81818181818176,566.3636363636364,718.4545454545455,179.09090909090912,83.0,1267.0,1055.0,123.0,96.5,2115.5,800.0,146.0,102.0,967.2,1268.2,147.0,94.0,892.125,937.375,111.125,110.0,1665.111111111111,1052.6666666666667,166.0,89.66666666666652,736.6666666666666,1468.6666666666667,144.33333333333337,109.00000000000006,730.8421052631579,493.6842105263158,170.0,38.0,2365.5,1164.75,42.0
243,94.40000000000009,1000.6,1067.0,116.99999999999989,84.59999999999991,2322.6,1169.2,130.20000000000027,86.72727272727275,569.5454545454545,717.1818181818181,177.63636363636363,83.0,1275.0,1055.0,124.57142857142867,97.33333333333326,2137.3333333333335,798.3333333333334,148.33333333333303,102.0,972.0,1265.0,147.0,94.0,901.0,937.0,108.0,110.0,1683.888888888889,1052.3333333333333,166.0,89.83333333333348,743.8333333333334,1467.3333333333333,149.66666666666663,108.99999999999994,735.2631578947369,493.5263157894737,170.0,38.0,2383.0,1170.0,42.0
244,91.79999999999995,1014.2,1068.0,118.0,83.0,2331.0,1172.0,140.0,87.63636363636363,572.7272727272727,715.9090909090909,176.18181818181813,83.0,1283.0,1055.0,126.14285714285711,98.16666666666674,2159.1666666666665,796.6666666666666,150.66666666666697,102.0,977.5333333333333,1261.5333333333333,147.0,94.0,909.5714285714286,936.8571428571429,112.42857142857144,110.0,1702.6666666666667,1052.0,166.0,90.0,751.0,1466.0,155.0,109.0,739.6842105263158,493.36842105263156,170.0,38.0,2409.0,1177.3333333333333,42.0
245,89.20000000000005,1027.8,1069.0,119.0,87.0,2341.6,1169.2,147.5999999999999,88.5454545454545,575.9090909090909,714.6363636363636,174.72727272727275,83.0,1291.0,1055.0,127.71428571428578,99.0,2181.0,795.0,153.0,102.0,983.0666666666667,1258.0666666666666,146.9999999999999,94.00000000000011,918.1428571428571,936.7142857142857,116.85714285714289,110.0,1721.4444444444443,1051.6666666666667,166.0,90.0,757.6666666666666,1463.9166666666667,155.0,109.0,744.1052631578947,493.2105263157895,170.0,38.0,2435.0,1184.6666666666667,42.0
246,86.59999999999991,1041.4,1070.0,120.0,91.0,2352.2,1166.4,155.20000000000027,89.4545454545455,579.0909090909091,713.3636363636364,173.27272727272725,83.0,1299.0,1055.0,129.28571428571422,99.25,2210.0,796.25,142.25,102.0,988.6,1254.6,146.9999999999999,94.00000000000011,926.7142857142857,936.5714285714286,121.28571428571433,110.0,1740.2222222222222,1051.3333333333333,166.0,90.0,764.3333333333334,1461.8333333333333,155.0,109.00000000000006,748.5263157894736,493.05263157894734,170.0,38.0,2461.0,1192.0,42.0
247,84.0,1055.0,1071.0,121.0,95.0,2362.8,1163.6,162.79999999999973,90.36363636363637,582.2727272727273,712.0909090909091,171.81818181818187,83.0,1307.0,1055.0,130.8571428571429,99.5,2239.0,797.5,131.5,102.0,994.1333333333333,1251.1333333333334,147.0000000000001,93.99999999999989,935.2857142857143,936.4285714285714,125.71428571428567,110.0,1759.0,1051.0,166.0,90.0,771.0,1459.75,155.0,109.00000000000006,752.9473684210526,492.89473684210526,170.0,38.0,2482.75,1194.75,42.0
248,86.25,1065.5,1070.0,133.0,99.0,2373.4,1160.8,170.4000000000001,91.27272727272725,585.4545454545455,710.8181818181819,170.36363636363637,83.0,1315.0,1055.0,132.42857142857133,99.75,2268.0,798.75,120.75,102.0,999.6666666666666,1247.6666666666667,147.0000000000001,93.99999999999989,943.8571428571429,936.2857142857143,130.1428571428571,109.125,1780.875,1048.125,164.375,90.0,777.6666666666666,1457.6666666666667,155.0,108.99999999999994,757.3684210526316,492.7368421052632,170.0,38.0,2504.5,1197.5,42.0
249,88.5,1076.0,1069.0,145.0,103.0,2384.0,1158.0,178.0,92.18181818181824,588.6363636363636,709.5454545454545,168.90909090909088,83.0,1323.0,1055.0,134.0,100.0,2297.0,800.0,110.0,102.0,1005.2,1244.2,147.0,94.0,952.4285714285714,936.1428571428571,134.57142857142856,108.25,1802.75,1045.25,162.75,90.0,784.3333333333334,1455.5833333333333,155.0,109.0,761.7894736842105,492.57894736842104,170.0,38.0,2526.25,1200.25,42.0
250,90.75,1086.5,1068.0,157.0,104.5,2402.75,1155.25,175.25,93.09090909090912,591.8181818181819,708.2727272727273,167.45454545454538,83.0,1327.875,1055.625,134.0,98.5,2313.5,799.5,115.33333333333348,102.0,1010.7333333333333,1240.7333333333333,147.0,94.0,961.0,936.0,139.0,107.375,1824.625,1042.375,161.125,90.0,791.0,1453.5,155.0,109.0,766.2105263157895,492.42105263157896,170.0,38.0,2548.0,1203.0,42.0
251,93.0,1097.0,1067.0,169.0,106.0,2421.5,1152.5,172.5,94.0,595.0,707.0,166.0,83.0,1332.75,1056.25,134.0,97.0,2330.0,799.0,120.66666666666652,102.0,1016.2666666666667,1237.2666666666667,147.0,93.99999999999989,968.1428571428571,935.2857142857143,139.0,106.5,1846.5,1039.5,159.5,90.0,797.6666666666666,1451.4166666666667,155.0,109.00000000000006,770.6315789473684,492.2631578947368,170.0,38.0,2565.8,1205.4,42.0
252,93.66666666666674,1119.0,1067.3333333333333,144.66666666666674,107.5,2440.25,1149.75,169.75,93.42857142857144,600.1428571428571,705.4285714285714,168.28571428571433,83.0,1337.625,1056.875,134.0,95.5,2346.5,798.5,126.0,102.0,1021.8,1233.8,147.0,94.00000000000011,975.2857142857143,934.5714285714286,138.9999999999999,105.625,1868.375,1036.625,157.875,90.0,804.3333333333334,1449.3333333333333,155.0,108.99999999999994,775.0526315789474,492.10526315789474,170.0,38.0,2583.6,1207.8,42.0
253,94.33333333333326,1141.0,1067.6666666666667,120.33333333333326,109.0,2459.0,1147.0,167.0,92.85714285714278,605.2857142857143,703.8571428571429,170.57142857142856,83.0,1342.5,1057.5,134.0,94.0,2363.0,798.0,131.33333333333348,102.0,1027.3333333333333,1230.3333333333333,147.0,94.0,982.4285714285714,933.8571428571429,138.9999999999999,104.75,1890.25,1033.75,156.25,90.0,811.0,1447.25,155.0,108.99999999999994,779.4736842105264,491.94736842105266,170.0,38.0,2601.4,1210.2,42.0
254,95.0,1163.0,1068.0,96.0,110.85714285714289,2481.4285714285716,1145.2857142857142,164.0,92.28571428571422,610.4285714285714,702.2857142857143,172.8571428571429,83.0,1347.375,1058.125,134.0,92.5,2379.5,797.5,136.66666666666652,102.0,1032.8666666666666,1226.8666666666666,147.0,94.0,989.5714285714286,933.1428571428571,139.0000000000001,103.875,1912.125,1030.875,154.625,90.0,817.6666666666666,1445.1666666666667,155.0,109.0,783.8947368421052,491.7894736842105,170.0,38.0,2619.2,1212.6,42.0
255,99.25,1175.0,1066.75,103.25,112.71428571428555,2503.8571428571427,1143.5714285714287,161.0,91.71428571428578,615.5714285714286,700.7142857142857,175.1428571428571,83.0,1352.25,1058.75,134.0,91.0,2396.0,797.0,142.0,102.0,1038.4,1223.4,147.0,93.99999999999989,996.7142857142857,932.4285714285714,139.0000000000001,103.0,1934.0,1028.0,153.0,90.0,824.3333333333334,1443.0833333333333,155.0,109.0,788.3157894736842,491.63157894736844,170.0,38.0,2637.0,1215.0,42.0
256,103.5,1187.0,1065.5,110.5,114.57142857142844,2526.285714285714,1141.857142857143,158.0,91.14285714285722,620.7142857142857,699.1428571428571,177.42857142857144,83.0,1357.125,1059.375,134.0,90.33333333333337,2416.8333333333335,797.5,140.16666666666652,102.0,1043.9333333333334,1219.9333333333334,147.0,94.00000000000011,1003.8571428571429,931.7142857142857,139.0,106.5,1959.6666666666667,1026.0,148.33333333333326,90.0,831.0,1441.0,155.0,109.00000000000006,792.7368421052631,491.4736842105263,170.0,38.0,2651.5,1216.5,42.0
257,107.75,1199.0,1064.25,117.75,116.42857142857156,2548.714285714286,1140.142857142857,155.0,90.57142857142856,625.8571428571429,697.5714285714286,179.71428571428567,83.0,1362.0,1060.0,134.0,89.66666666666663,2437.6666666666665,798.0,138.33333333333348,102.0,1049.4666666666667,1216.4666666666667,147.0,94.0,1011.0,931.0,139.0,110.0,1985.3333333333333,1024.0,143.66666666666674,90.0,838.7692307692307,1440.076923076923,153.69230769230774,108.99999999999994,797.1578947368421,491.3157894736842,170.0,38.0,2666.0,1218.0,42.0
258,112.0,1211.0,1063.0,125.0,118.28571428571445,2571.1428571428573,1138.4285714285713,152.0,90.0,631.0,696.0,182.0,84.25,1366.5,1061.5,132.25,89.0,2458.5,798.5,136.5,102.0,1055.0,1213.0,147.0,93.44444444444446,1019.3333333333334,930.0,136.11111111111097,113.5,2011.0,1022.0,139.0,90.0,846.5384615384615,1439.1538461538462,152.38461538461536,109.0,801.578947368421,491.1578947368421,170.0,38.0,2680.5,1219.5,42.0
259,113.66666666666674,1218.6666666666667,1063.3333333333333,138.66666666666652,120.14285714285711,2593.5714285714284,1136.7142857142858,149.0,89.19999999999993,635.0,695.2,178.20000000000005,85.5,1371.0,1063.0,130.5,88.33333333333337,2479.3333333333335,799.0,134.66666666666652,102.5,1060.142857142857,1209.0714285714287,145.3571428571429,92.88888888888891,1027.6666666666667,929.0,133.22222222222217,117.0,2036.6666666666667,1020.0,134.33333333333326,90.0,854.3076923076923,1438.2307692307693,151.0769230769231,109.0,806.0,491.0,170.0,38.0,2695.0,1221.0,42.0
260,115.33333333333326,1226.3333333333333,1063.6666666666667,152.33333333333348,122.0,2616.0,1135.0,146.0,88.39999999999998,639.0,694.4,174.39999999999998,86.75,1375.5,1064.5,128.75,87.66666666666663,2500.1666666666665,799.5,132.83333333333348,103.0,1065.2857142857142,1205.142857142857,143.71428571428578,92.33333333333337,1036.0,928.0,130.33333333333326,120.5,2062.3333333333335,1018.0,129.66666666666652,90.0,862.0769230769231,1437.3076923076924,149.76923076923072,108.72222222222223,809.2777777777778,490.72222222222223,169.27777777777771,38.0,2710.5,1217.75,42.0
261,117.0,1234.0,1064.0,166.0,120.0,2628.6666666666665,1132.1666666666667,150.83333333333348,87.60000000000002,643.0,693.6,170.60000000000002,88.0,1380.0,1066.0,127.0,87.0,2521.0,800.0,131.0,103.5,1070.4285714285713,1201.2142857142858,142.07142857142867,91.77777777777783,1044.3333333333333,927.0,127.44444444444457,124.0,2088.0,1016.0,125.0,90.0,869.8461538461538,1436.3846153846155,148.46153846153845,108.44444444444446,812.5555555555555,490.44444444444446,168.55555555555554,38.0,2726.0,1214.5,42.0
262,114.0,1252.25,1064.5,152.0,118.0,2641.3333333333335,1129.3333333333333,155.66666666666652,86.80000000000007,647.0,692.8,166.79999999999995,89.25,1384.5,1067.5,125.25,87.80000000000007,2546.6,800.8,124.40000000000009,104.0,1075.5714285714287,1197.2857142857142,140.42857142857133,91.22222222222217,1052.6666666666667,926.0,124.55555555555543,125.16666666666663,2103.0,1012.8333333333334,132.5,90.0,877.6153846153846,1435.4615384615386,147.15384615384608,108.16666666666669,815.8333333333334,490.1666666666667,167.83333333333326,38.0,2741.5,1211.25,42.0
263,111.0,1270.5,1065.0,138.0,116.0,2654.0,1126.5,160.5,86.0,651.0,692.0,163.0,90.5,1389.0,1069.0,123.5,88.60000000000002,2572.2,801.6,117.80000000000018,104.5,1080.7142857142858,1193.357142857143,138.78571428571422,90.66666666666663,1061.0,925.0,121.66666666666674,126.33333333333337,2118.0,1009.6666666666666,140.0,90.0,885.3846153846154,1434.5384615384614,145.84615384615392,107.88888888888891,819.1111111111111,489.8888888888889,167.1111111111111,38.0,2757.0,1208.0,42.0
264,108.0,1288.75,1065.5,124.0,114.0,2666.6666666666665,1123.6666666666667,165.33333333333348,86.5,652.3333333333334,690.5,163.16666666666663,91.75,1393.5,1070.5,121.75,89.39999999999998,2597.8,802.4,111.19999999999982,105.0,1085.857142857143,1189.4285714285713,137.1428571428571,90.11111111111109,1069.3333333333333,924.0,118.77777777777783,127.5,2133.0,1006.5,147.5,90.0,893.1538461538462,1433.6153846153845,144.53846153846143,107.61111111111109,822.3888888888889,489.6111111111111,166.3888888888889,38.0,2779.8,1197.0,41.59999999999991
265,105.0,1307.0,1066.0,110.0,112.0,2679.3333333333335,1120.8333333333333,170.16666666666652,87.0,653.6666666666666,689.0,163.33333333333337,93.0,1398.0,1072.0,120.0,90.19999999999993,2623.4,803.2,104.59999999999991,105.5,1091.0,1185.5,135.5,89.55555555555554,1077.6666666666667,923.0,115.88888888888891,128.66666666666663,2148.0,1003.3333333333334,155.0,90.0,900.9230769230769,1432.6923076923076,143.23076923076928,107.33333333333331,825.6666666666666,489.3333333333333,165.66666666666674,38.0,2802.6,1186.0,41.20000000000027
266,106.0,1313.0,1062.0,110.33333333333326,110.0,2692.0,1118.0,175.0,87.5,655.0,687.5,163.5,92.33333333333326,1402.5,1074.1666666666667,121.83333333333326,91.0,2649.0,804.0,98.0,106.0,1096.142857142857,1181.5714285714287,133.8571428571429,89.0,1086.0,922.0,113.0,129.83333333333337,2163.0,1000.1666666666666,162.5,90.0,908.6923076923077,1431.7692307692307,141.9230769230768,107.05555555555554,828.9444444444445,489.05555555555554,164.94444444444446,38.0,2825.4,1175.0,40.79999999999973
267,107.0,1319.0,1058.0,110.66666666666674,107.83333333333326,2715.8333333333335,1111.1666666666667,168.83333333333303,88.0,656.3333333333334,686.0,163.66666666666663,91.66666666666674,1407.0,1076.3333333333333,123.66666666666674,91.0,2659.5,805.25,106.0,106.5,1101.2857142857142,1177.642857142857,132.21428571428578,93.0,1091.0,922.2857142857143,119.14285714285711,131.0,2178.0,997.0,170.0,90.0,916.4615384615385,1430.8461538461538,140.61538461538464,106.77777777777777,832.2222222222222,488.77777777777777,164.22222222222229,38.0,2848.2,1164.0,40.40000000000009
268,108.0,1325.0,1054.0,111.0,105.66666666666674,2739.6666666666665,1104.3333333333333,162.66666666666697,88.5,657.6666666666666,684.5,163.83333333333337,91.0,1411.5,1078.5,125.5,91.0,2670.0,806.5,114.0,107.0,1106.4285714285713,1173.7142857142858,130.57142857142867,97.0,1096.0,922.5714285714286,125.28571428571422,124.5,2226.5,990.5,152.0,90.0,924.2307692307693,1429.923076923077,139.30769230769215,106.5,835.5,488.5,163.5,38.0,2871.0,1153.0,40.0
269,116.33333333333348,1334.0,1044.3333333333333,119.33333333333326,103.5,2763.5,1097.5,156.5,89.0,659.0,683.0,164.0,90.33333333333326,1416.0,1080.6666666666667,127.33333333333326,91.0,2680.5,807.75,122.0,107.5,1111.5714285714287,1169.7857142857142,128.92857142857133,101.0,1101.0,922.8571428571429,131.42857142857133,118.0,2275.0,984.0,134.0,90.0,932.0,1429.0,138.0,106.22222222222223,838.7777777777778,488.22222222222223,162.77777777777771,38.0,2886.0,1131.6666666666667,40.0
270,124.66666666666652,1343.0,1034.6666666666667,127.66666666666674,101.33333333333326,2787.3333333333335,1090.6666666666667,150.33333333333303,89.30000000000007,661.4,681.9,164.60000000000002,89.66666666666674,1420.5,1082.8333333333333,129.16666666666674,91.0,2691.0,809.0,130.0,108.0,1116.7142857142858,1165.857142857143,127.28571428571422,105.0,1106.0,923.1428571428571,137.57142857142867,114.83333333333326,2289.5,986.5,139.16666666666652,90.81818181818198,936.8181818181819,1426.3636363636363,138.63636363636363,105.94444444444446,842.0555555555555,487.94444444444446,162.05555555555554,38.0,2901.0,1110.3333333333333,40.0
271,133.0,1352.0,1025.0,136.0,99.16666666666674,2811.1666666666665,1083.8333333333333,144.16666666666697,89.60000000000002,663.8,680.8,165.20000000000005,89.0,1425.0,1085.0,131.0,89.71428571428567,2706.285714285714,812.4285714285714,128.71428571428578,108.5,1121.857142857143,1161.9285714285713,125.64285714285711,108.99999999999989,1111.0,923.4285714285714,143.71428571428578,111.66666666666674,2304.0,989.0,144.33333333333348,91.63636363636351,941.6363636363636,1423.7272727272727,139.27272727272737,105.66666666666669,845.3333333333334,487.6666666666667,161.33333333333326,38.0,2916.0,1089.0,40.0
272,126.28571428571422,1365.4285714285713,1022.1428571428571,129.28571428571445,97.0,2835.0,1077.0,138.0,89.89999999999998,666.2,679.7,165.79999999999995,88.875,1428.875,1087.375,128.375,88.42857142857144,2721.5714285714284,815.8571428571429,127.42857142857156,109.0,1127.0,1158.0,124.0,113.00000000000011,1116.0,923.7142857142857,149.8571428571429,108.5,2318.5,991.5,149.5,92.4545454545455,946.4545454545455,1421.090909090909,139.90909090909076,105.38888888888891,848.6111111111111,487.3888888888889,160.6111111111111,38.0,2927.4,1080.8,40.0
273,119.57142857142856,1378.857142857143,1019.2857142857143,122.57142857142844,98.5,2852.0,1070.1666666666667,137.83333333333348,90.19999999999993,668.6,678.6,166.39999999999998,88.75,1432.75,1089.75,125.75,87.14285714285711,2736.8571428571427,819.2857142857143,126.14285714285734,108.46153846153834,1131.2307692307693,1153.3846153846155,124.0,117.0,1121.0,924.0,156.0,105.33333333333326,2333.0,994.0,154.66666666666652,93.27272727272725,951.2727272727273,1418.4545454545455,140.5454545454545,105.11111111111109,851.8888888888889,487.1111111111111,159.8888888888889,38.0,2938.8,1072.6,40.0
274,112.85714285714278,1392.2857142857142,1016.4285714285714,115.85714285714289,100.0,2869.0,1063.3333333333333,137.66666666666652,90.5,671.0,677.5,167.0,88.625,1436.625,1092.125,123.125,85.85714285714289,2752.1428571428573,822.7142857142857,124.85714285714266,107.9230769230769,1135.4615384615386,1148.7692307692307,124.0,118.5,1131.25,923.25,147.25,102.16666666666674,2347.5,996.5,159.83333333333348,94.09090909090924,956.0909090909091,1415.8181818181818,141.18181818181813,104.83333333333331,855.1666666666666,486.8333333333333,159.16666666666674,38.0,2950.2,1064.4,40.0
275,106.14285714285722,1405.7142857142858,1013.5714285714286,109.14285714285711,101.5,2886.0,1056.5,137.5,90.80000000000007,673.4,676.4,167.60000000000002,88.5,1440.5,1094.5,120.5,84.57142857142856,2767.4285714285716,826.1428571428571,123.57142857142844,107.38461538461524,1139.6923076923076,1144.1538461538462,124.0,120.0,1141.5,922.5,138.5,99.0,2362.0,999.0,165.0,94.90909090909076,960.9090909090909,1413.1818181818182,141.81818181818187,104.55555555555554,858.4444444444445,486.55555555555554,158.44444444444446,38.0,2961.6,1056.2,40.0
276,99.42857142857144,1419.142857142857,1010.7142857142857,102.42857142857156,103.0,2903.0,1049.6666666666667,137.33333333333348,91.10000000000002,675.8,675.3,168.20000000000005,88.375,1444.375,1096.875,117.875,83.28571428571433,2782.714285714286,829.5714285714286,122.28571428571422,106.84615384615404,1143.923076923077,1139.5384615384614,124.0,121.5,1151.75,921.75,129.75,101.20000000000005,2389.0,996.8,161.0,95.72727272727275,965.7272727272727,1410.5454545454545,142.4545454545455,104.27777777777777,861.7222222222222,486.27777777777777,157.72222222222229,38.0,2973.0,1048.0,40.0
277,92.71428571428578,1432.5714285714287,1007.8571428571429,95.71428571428555,104.5,2920.0,1042.8333333333333,137.16666666666652,91.39999999999998,678.2,674.2,168.79999999999995,88.25,1448.25,1099.25,115.25,82.0,2798.0,833.0,121.0,106.30769230769238,1148.1538461538462,1134.923076923077,124.0,123.0,1162.0,921.0,121.0,103.39999999999998,2416.0,994.6,157.0,96.5454545454545,970.5454545454545,1407.909090909091,143.09090909090924,104.0,865.0,486.0,157.0,38.0,2994.75,1044.5,40.0
278,86.0,1446.0,1005.0,89.0,106.0,2937.0,1036.0,137.0,91.69999999999993,680.6,673.1,169.39999999999998,88.125,1452.125,1101.625,112.625,83.16666666666674,2814.0,835.1666666666666,118.16666666666652,105.76923076923072,1152.3846153846155,1130.3076923076924,124.0,118.0,1168.4,919.2,121.59999999999991,105.60000000000002,2443.0,992.4,153.0,97.36363636363649,975.3636363636364,1405.2727272727273,143.72727272727263,104.0,868.8,485.0,157.0,38.0,3016.5,1041.0,40.0
279,87.5,1452.8333333333333,1001.0,99.0,99.75,2961.5,1035.75,141.25,92.0,683.0,672.0,170.0,88.0,1456.0,1104.0,110.0,84.33333333333326,2830.0,837.3333333333334,115.33333333333348,105.23076923076928,1156.6153846153845,1125.6923076923076,124.0,113.00000000000011,1174.8,917.4,122.20000000000005,107.79999999999995,2470.0,990.2,149.0,98.18181818181802,980.1818181818181,1402.6363636363637,144.36363636363637,104.0,872.6,484.0,156.9999999999999,38.0,3038.25,1037.5,40.0
280,89.0,1459.6666666666667,997.0,109.0,93.5,2986.0,1035.5,145.5,94.42857142857144,685.4285714285714,669.5714285714286,168.28571428571422,88.0,1456.8,1106.7,110.0,85.5,2846.0,839.5,112.5,104.69230769230762,1160.8461538461538,1121.076923076923,124.0,108.0,1181.2,915.6,122.79999999999995,110.0,2497.0,988.0,145.0,99.0,985.0,1400.0,145.0,104.0,876.4,483.0,157.0000000000001,38.0,3060.0,1034.0,40.0
281,90.5,1466.5,993.0,119.0,87.25,3010.5,1035.25,149.75,96.85714285714289,687.8571428571429,667.1428571428571,166.57142857142856,88.0,1457.6,1109.4,110.0,86.66666666666674,2862.0,841.6666666666666,109.66666666666652,104.15384615384596,1165.076923076923,1116.4615384615386,124.0,103.0,1187.6,913.8,123.40000000000009,113.79999999999995,2520.0,984.8,149.80000000000018,99.10000000000014,990.1,1399.1,142.30000000000007,104.0,880.2,482.0,157.0,38.0,3089.6,1038.6,40.0
282,92.0,1473.3333333333333,989.0,129.0,81.0,3035.0,1035.0,154.0,99.28571428571433,690.2857142857143,664.7142857142857,164.85714285714278,88.0,1458.4,1112.1,110.0,87.83333333333326,2878.0,843.8333333333334,106.83333333333348,103.61538461538476,1169.3076923076924,1111.8461538461538,124.0,98.0,1194.0,912.0,124.0,117.60000000000002,2543.0,981.6,154.5999999999999,99.20000000000005,995.2,1398.2,139.5999999999999,104.0,884.0,481.0,157.0,38.0,3119.2,1043.2,40.0
283,93.5,1480.1666666666667,985.0,139.0,81.0,3043.75,1032.0,158.75,101.71428571428567,692.7142857142857,662.2857142857143,163.14285714285722,88.0,1459.2,1114.8,110.0,89.0,2894.0,846.0,104.0,103.0769230769231,1173.5384615384614,1107.2307692307693,124.0,98.0,1196.0,910.6666666666666,130.16666666666674,121.39999999999998,2566.0,978.4,159.4000000000001,99.29999999999995,1000.3,1397.3,136.9000000000001,104.0,887.8,480.0,157.0,38.0,3148.8,1047.8,40.0
284,95.0,1487.0,981.0,149.0,81.0,3052.5,1029.0,163.5,104.14285714285711,695.1428571428571,659.8571428571429,161.42857142857144,88.0,1460.0,1117.5,110.0,89.0,2906.0,849.3333333333334,104.0,102.53846153846166,1177.7692307692307,1102.6153846153845,124.0,98.0,1198.0,909.3333333333334,136.33333333333326,125.20000000000005,2589.0,975.2,164.19999999999982,99.39999999999986,1005.4,1396.4,134.19999999999993,104.0,891.6,479.0,156.9999999999999,38.0,3178.4,1052.4,40.0
285,94.45454545454561,1497.090909090909,978.1818181818181,146.63636363636374,81.0,3061.25,1026.0,168.25,106.57142857142856,697.5714285714286,657.4285714285714,159.71428571428578,88.0,1460.8,1120.2,110.0,89.0,2918.0,852.6666666666666,104.0,102.0,1182.0,1098.0,124.0,98.0,1200.0,908.0,142.5,129.0,2612.0,972.0,169.0,99.5,1010.5,1395.5,131.5,104.0,895.4,478.0,157.0000000000001,38.0,3208.0,1057.0,40.0
286,93.90909090909088,1507.1818181818182,975.3636363636364,144.27272727272725,81.0,3070.0,1023.0,173.0,109.0,700.0,655.0,158.0,88.0,1461.6,1122.9,110.0,89.0,2930.0,856.0,104.0,102.73333333333335,1184.6,1093.2666666666667,124.0,98.0,1202.0,906.6666666666666,148.66666666666674,132.39999999999998,2636.6,969.6,159.4000000000001,99.60000000000014,1015.6,1394.6,128.80000000000007,104.0,899.2,477.0,157.0,38.0,3225.25,1053.75,40.0
287,93.36363636363649,1517.2727272727273,972.5454545454545,141.909090909091,84.16666666666663,3075.1666666666665,1015.6666666666666,174.5,109.0,701.3636363636364,653.2727272727273,159.18181818181813,88.0,1462.4,1125.6,110.0,89.0,2942.0,859.3333333333334,104.0,103.4666666666667,1187.2,1088.5333333333333,124.0,98.0,1204.0,905.3333333333334,154.83333333333326,135.79999999999995,2661.2,967.2,149.80000000000018,99.70000000000005,1020.7,1393.7,126.09999999999991,104.0,903.0,476.0,157.0,38.0,3242.5,1050.5,40.0
288,92.81818181818176,1527.3636363636363,969.7272727272727,139.54545454545473,87.33333333333337,3080.3333333333335,1008.3333333333334,176.0,109.0,702.7272727272727,651.5454545454545,160.36363636363637,88.0,1463.2,1128.3,110.0,89.0,2954.0,862.6666666666666,104.0,104.20000000000005,1189.8,1083.8,124.0,98.0,1206.0,904.0,161.0,139.20000000000005,2685.8,964.8,140.19999999999982,99.79999999999995,1025.8,1392.8,123.40000000000009,104.0,906.8,475.0,157.0,38.0,3259.75,1047.25,40.0
289,92.27272727272737,1537.4545454545455,966.9090909090909,137.18181818181824,90.5,3085.5,1001.0,177.5,109.0,704.0909090909091,649.8181818181819,161.5454545454545,88.0,1464.0,1131.0,110.0,89.0,2966.0,866.0,104.0,104.9333333333334,1192.4,1079.0666666666666,124.0,98.85714285714289,1212.857142857143,904.4285714285714,154.71428571428578,142.60000000000002,2710.4,962.4,130.5999999999999,99.89999999999986,1030.9,1391.9,120.69999999999982,104.0,910.6,474.0,156.9999999999999,38.0,3277.0,1044.0,40.0
290,91.72727272727263,1547.5454545454545,964.0909090909091,134.81818181818176,93.66666666666663,3090.6666666666665,993.6666666666666,179.0,109.0,705.4545454545455,648.0909090909091,162.72727272727263,88.75,1465.5833333333333,1132.4166666666667,107.91666666666674,89.0,2974.6666666666665,868.6666666666666,104.0,105.66666666666674,1195.0,1074.3333333333333,124.0,99.71428571428567,1219.7142857142858,904.8571428571429,148.42857142857133,146.0,2735.0,960.0,121.0,100.0,1036.0,1391.0,118.0,104.0,914.4,473.0,157.0000000000001,38.0,3291.6,1039.6,40.0
291,91.18181818181824,1557.6363636363637,961.2727272727273,132.45454545454527,96.83333333333337,3095.8333333333335,986.3333333333334,180.5,109.0,706.8181818181819,646.3636363636364,163.90909090909088,89.5,1467.1666666666667,1133.8333333333333,105.83333333333326,89.0,2983.3333333333335,871.3333333333334,104.0,106.40000000000009,1197.6,1069.6,124.0,100.57142857142856,1226.5714285714287,905.2857142857143,142.1428571428571,141.57142857142856,2753.8571428571427,960.5714285714286,119.85714285714312,98.375,1041.5,1391.75,120.0,104.0,918.2,472.0,157.0,38.0,3306.2,1035.2,40.0
292,90.63636363636351,1567.7272727272727,958.4545454545455,130.090909090909,100.0,3101.0,979.0,182.0,109.0,708.1818181818181,644.6363636363636,165.09090909090912,90.25,1468.75,1135.25,103.75,89.0,2992.0,874.0,104.0,107.13333333333344,1200.2,1064.8666666666666,124.0,101.42857142857144,1233.4285714285713,905.7142857142857,135.8571428571429,137.1428571428571,2772.714285714286,961.1428571428571,118.71428571428578,96.75,1047.0,1392.5,122.0,104.0,922.0,471.0,157.0,38.0,3320.8,1030.8,40.0
293,90.09090909090912,1577.8181818181818,955.6363636363636,127.72727272727275,103.99999999999989,3109.6666666666665,975.8333333333334,178.66666666666697,109.0,709.5454545454545,642.9090909090909,166.27272727272737,91.0,1470.3333333333333,1136.6666666666667,101.66666666666674,89.0,3000.6666666666665,876.6666666666666,104.0,107.86666666666656,1202.8,1060.1333333333334,124.0,102.28571428571433,1240.2857142857142,906.1428571428571,129.57142857142867,132.71428571428567,2791.5714285714284,961.7142857142857,117.5714285714289,95.125,1052.5,1393.25,124.0,104.0,925.8,470.0,157.0,38.0,3335.4,1026.4,40.0
294,89.54545454545439,1587.909090909091,952.8181818181819,125.36363636363626,108.00000000000011,3118.3333333333335,972.6666666666666,175.33333333333303,109.0,710.9090909090909,641.1818181818181,167.4545454545455,91.75,1471.9166666666667,1138.0833333333333,99.58333333333326,89.0,3009.3333333333335,879.3333333333334,104.0,108.59999999999991,1205.4,1055.4,124.0,103.14285714285711,1247.142857142857,906.5714285714286,123.28571428571422,128.28571428571433,2810.4285714285716,962.2857142857143,116.4285714285711,93.5,1058.0,1394.0,126.0,104.0,929.6,469.0,156.9999999999999,38.0,3350.0,1022.0,40.0
295,89.0,1598.0,950.0,123.0,112.0,3127.0,969.5,172.0,109.0,712.2727272727273,639.4545454545455,168.63636363636363,92.5,1473.5,1139.5,97.5,89.0,3018.0,882.0,104.0,109.33333333333326,1208.0,1050.6666666666667,124.0,104.0,1254.0,907.0,117.0,123.85714285714289,2829.285714285714,962.8571428571429,115.28571428571422,91.875,1063.5,1394.75,128.0,104.0,933.4,468.0,157.0000000000001,38.0,3355.0,1016.5,40.0
296,90.60000000000002,1605.0,947.4,117.0,115.99999999999989,3135.6666666666665,966.3333333333334,168.66666666666697,109.0,713.6363636363636,637.7272727272727,169.81818181818187,93.25,1475.0833333333333,1140.9166666666667,95.41666666666674,93.0,3029.0,883.3333333333334,101.33333333333348,110.0666666666666,1210.6,1045.9333333333334,124.0,106.80000000000007,1264.2,907.8,119.39999999999986,119.42857142857144,2848.1428571428573,963.4285714285714,114.14285714285688,90.25,1069.0,1395.5,130.0,104.0,937.2,467.0,157.0,38.0,3360.0,1011.0,40.0
297,92.20000000000005,1612.0,944.8,111.0,120.00000000000011,3144.3333333333335,963.1666666666666,165.33333333333303,109.0,715.0,636.0,171.0,94.0,1476.6666666666667,1142.3333333333333,93.33333333333326,97.0,3040.0,884.6666666666666,98.66666666666652,110.79999999999995,1213.2,1041.2,124.0,109.60000000000002,1274.4,908.6,121.79999999999995,115.0,2867.0,964.0,113.0,88.625,1074.5,1396.25,132.0,104.0,941.0,466.0,157.0,38.0,3365.0,1005.5,40.0
298,93.79999999999995,1619.0,942.2,105.0,124.0,3153.0,960.0,162.0,108.875,715.5,634.5,169.875,94.75,1478.25,1143.75,91.25,101.0,3051.0,886.0,96.0,111.5333333333333,1215.8,1036.4666666666667,124.0,112.39999999999998,1284.6,909.4,124.20000000000005,112.59999999999991,2876.2,966.0,115.60000000000036,87.0,1080.0,1397.0,134.0,104.5,944.4375,465.0,156.25,38.0,3370.0,1000.0,40.0
299,95.39999999999998,1626.0,939.6,99.0,122.0,3172.0,954.0,153.0,108.75,716.0,633.0,168.75,95.5,1479.8333333333333,1145.1666666666667,89.16666666666674,105.0,3056.6,889.0,102.80000000000018,112.26666666666665,1218.4,1031.7333333333333,124.0,115.20000000000005,1294.8,910.2,126.60000000000014,110.20000000000005,2885.4,968.0,118.19999999999982,87.0,1084.1,1394.9,134.0,105.0,947.875,464.0,155.5,38.0,3368.090909090909,1001.4545454545455,40.0
300,97.0,1633.0,937.0,93.0,120.0,3191.0,948.0,144.0,108.625,716.5,631.5,167.625,96.25,1481.4166666666667,1146.5833333333333,87.08333333333326,109.0,3062.2,892.0,109.60000000000036,113.0,1221.0,1027.0,124.0,118.0,1305.0,911.0,129.0,107.79999999999995,2894.6,970.0,120.80000000000018,87.0,1088.2,1392.8,134.0,105.5,951.3125,463.0,154.75,38.000000000000114,3366.181818181818,1002.9090909090909,40.0
301,98.44444444444434,1638.3333333333333,934.7777777777778,97.11111111111109,118.0,3210.0,942.0,135.0,108.5,717.0,630.0,166.5,97.0,1483.0,1148.0,85.0,113.0,3067.8,895.0,116.39999999999964,108.57142857142844,1224.142857142857,1024.5714285714287,121.0,118.39999999999998,1309.0,911.4,127.20000000000005,105.40000000000009,2903.8,972.0,123.39999999999964,87.0,1092.3,1390.7,134.0,106.0,954.75,462.0,154.0,37.999999999999886,3364.2727272727275,1004.3636363636364,40.0
302,99.8888888888888,1643.6666666666667,932.5555555555555,101.22222222222217,116.0,3229.0,936.0,126.0,108.375,717.5,628.5,165.375,96.25,1480.75,1148.5,87.0,117.0,3073.4,898.0,123.19999999999982,104.14285714285711,1227.2857142857142,1022.1428571428571,118.0,118.79999999999995,1313.0,911.8,125.40000000000009,103.0,2913.0,974.0,126.0,87.0,1096.4,1388.6,134.0,106.5,958.1875,461.0,153.25,37.999999999999886,3362.3636363636365,1005.8181818181819,40.0
303,101.33333333333337,1649.0,930.3333333333334,105.33333333333326,119.75,3236.0,926.125,137.625,108.25,718.0,627.0,164.25,95.5,1478.5,1149.0,89.0,121.0,3079.0,901.0,130.0,99.71428571428567,1230.4285714285713,1019.7142857142857,115.0,119.20000000000005,1317.0,912.2,123.59999999999991,100.16666666666674,2934.3333333333335,978.0,126.5,87.0,1100.5,1386.5,134.0,107.0,961.625,460.0,152.5,38.0,3360.4545454545455,1007.2727272727273,40.0
304,102.77777777777783,1654.3333333333333,928.1111111111111,109.44444444444457,123.5,3243.0,916.25,149.25,108.125,718.5,625.5,163.125,94.75,1476.25,1149.5,91.0,125.0,3081.0,904.25,138.75,95.28571428571433,1233.5714285714287,1017.2857142857143,112.0,119.60000000000002,1321.0,912.6,121.79999999999995,97.33333333333326,2955.6666666666665,982.0,127.0,87.0,1104.6,1384.4,134.0,107.5,965.0625,459.0,151.75,38.0,3358.5454545454545,1008.7272727272727,40.0
305,104.22222222222217,1659.6666666666667,925.8888888888889,113.55555555555543,127.25,3250.0,906.375,160.875,108.0,719.0,624.0,162.0,94.0,1474.0,1150.0,93.0,129.0,3083.0,907.5,147.5,90.85714285714289,1236.7142857142858,1014.8571428571429,109.0,120.0,1325.0,913.0,120.0,94.5,2977.0,986.0,127.5,87.0,1108.7,1382.3,134.0,108.0,968.5,458.0,151.0,38.000000000000114,3356.6363636363635,1010.1818181818181,40.0
306,105.66666666666663,1665.0,923.6666666666666,117.66666666666674,131.0,3257.0,896.5,172.5,107.38888888888891,719.7222222222222,622.2222222222222,161.16666666666674,93.25,1471.75,1150.5,95.0,133.0,3085.0,910.75,156.25,86.42857142857144,1239.857142857143,1012.4285714285714,106.0,115.75,1330.25,911.25,116.5,91.66666666666674,2998.3333333333335,990.0,128.0,87.0,1112.8,1380.2,134.0,108.5,971.9375,457.0,150.25,38.000000000000114,3354.7272727272725,1011.6363636363636,40.0
307,107.1111111111112,1670.3333333333333,921.4444444444445,121.77777777777783,134.75,3264.0,886.625,184.125,106.77777777777771,720.4444444444445,620.4444444444445,160.33333333333337,92.5,1469.5,1151.0,97.0,137.0,3087.0,914.0,165.0,82.0,1243.0,1010.0,103.0,111.5,1335.5,909.5,113.0,88.83333333333326,3019.6666666666665,994.0,128.5,87.0,1116.9,1378.1,134.0,109.0,975.375,456.0,149.5,37.999999999999886,3352.818181818182,1013.0909090909091,40.0
308,108.55555555555566,1675.6666666666667,919.2222222222222,125.88888888888891,138.5,3271.0,876.75,195.75,106.16666666666674,721.1666666666666,618.6666666666666,159.5,91.75,1467.25,1151.5,99.0,138.75,3088.75,915.25,169.75,88.375,1245.5,1001.0,103.0,107.25,1340.75,907.75,109.5,86.0,3041.0,998.0,129.0,87.0,1121.0,1376.0,134.0,109.5,978.8125,455.0,148.75,38.0,3350.909090909091,1014.5454545454545,40.0
309,110.0,1681.0,917.0,130.0,142.25,3278.0,866.875,207.375,105.55555555555554,721.8888888888889,616.8888888888889,158.66666666666663,91.0,1465.0,1152.0,101.0,140.5,3090.5,916.5,174.5,94.75,1248.0,992.0,103.0,103.0,1346.0,906.0,106.0,86.00000000000011,3044.4285714285716,998.7142857142857,142.0,88.42857142857133,1124.7142857142858,1374.857142857143,133.1428571428571,110.0,982.25,454.0,148.0,38.0,3349.0,1016.0,40.0
310,108.125,1685.25,916.5,129.9375,146.0,3285.0,857.0,219.0,104.94444444444446,722.6111111111111,615.1111111111111,157.83333333333337,90.25,1462.75,1152.5,103.0,142.25,3092.25,917.75,179.25,101.125,1250.5,983.0,103.0,101.79999999999995,1346.8,905.2,112.79999999999995,85.99999999999989,3047.8571428571427,999.4285714285714,155.0,89.85714285714289,1128.4285714285713,1373.7142857142858,132.28571428571445,110.5,985.6875,453.0,147.25,39.0,3338.2,1017.8,40.80000000000018
311,106.25,1689.5,916.0,129.875,142.5,3295.25,848.5,205.5,104.33333333333326,723.3333333333334,613.3333333333334,157.0,89.5,1460.5,1153.0,105.0,144.0,3094.0,919.0,184.0,107.5,1253.0,974.0,103.0,100.60000000000002,1347.6,904.4,119.60000000000014,86.0,3051.285714285714,1000.1428571428571,168.0,91.28571428571422,1132.142857142857,1372.5714285714287,131.42857142857156,111.0,989.125,452.0,146.5,39.999999999999886,3327.4,1019.6,41.59999999999991
312,104.375,1693.75,915.5,129.8125,139.0,3305.5,840.0,192.0,103.72222222222229,724.0555555555555,611.5555555555555,156.16666666666663,88.75,1458.25,1153.5,107.0,143.25,3095.0,921.0,189.75,113.875,1255.5,965.0,103.0,99.39999999999998,1348.4,903.6,126.39999999999986,86.0,3054.714285714286,1000.8571428571429,181.0,92.71428571428578,1135.857142857143,1371.4285714285713,130.57142857142844,111.5,992.5625,451.0,145.75,41.000000000000114,3316.6,1021.4,42.40000000000009
313,102.5,1698.0,915.0,129.75,135.5,3315.75,831.5,178.5,103.11111111111109,724.7777777777778,609.7777777777778,155.33333333333326,88.0,1456.0,1154.0,109.0,142.5,3096.0,923.0,195.5,120.25,1258.0,956.0,103.0,98.20000000000005,1349.2,902.8,133.20000000000005,86.00000000000011,3058.1428571428573,1001.5714285714286,194.0,94.14285714285711,1139.5714285714287,1370.2857142857142,129.71428571428555,112.0,996.0,450.0,145.0,42.0,3305.8,1023.2,43.19999999999982
314,100.625,1702.25,914.5,129.6875,132.0,3326.0,823.0,165.0,102.5,725.5,608.0,154.5,86.5,1452.0,1155.1,110.70000000000005,141.75,3097.0,925.0,201.25,126.625,1260.5,947.0,103.0,97.0,1350.0,902.0,140.0,85.99999999999989,3061.5714285714284,1002.2857142857143,207.0,95.57142857142867,1143.2857142857142,1369.142857142857,128.8571428571429,112.00000000000006,999.0,447.85714285714283,145.0,43.0,3295.0,1025.0,44.0
315,98.75,1706.5,914.0,129.625,139.0,3333.4,811.2,163.19999999999982,101.88888888888891,726.2222222222222,606.2222222222222,153.66666666666674,85.0,1448.0,1156.2,112.40000000000009,141.0,3098.0,927.0,207.0,133.0,1263.0,938.0,103.0,97.25,1352.5,902.25,142.5,86.0,3065.0,1003.0,220.0,97.0,1147.0,1368.0,128.0,111.99999999999994,1002.0,445.7142857142857,145.0,43.0,3281.0,1026.0,44.0
316,96.875,1710.75,913.5,129.5625,146.0,3340.8,799.4,161.39999999999964,101.27777777777771,726.9444444444445,604.4444444444445,152.83333333333337,83.5,1444.0,1157.3,114.09999999999991,131.0,3099.0,941.25,211.75,127.16666666666663,1263.5,934.1666666666666,103.0,97.5,1355.0,902.5,145.0,88.0,3071.0,1008.2,217.5999999999999,97.0,1151.3333333333333,1367.0,128.0,112.0,1005.0,443.57142857142856,145.0,43.0,3286.0,1025.5,44.0
317,95.0,1715.0,913.0,129.5,153.0,3348.2,787.6,159.60000000000036,100.66666666666674,727.6666666666666,602.6666666666666,152.0,82.0,1440.0,1158.4,115.79999999999995,121.0,3100.0,955.5,216.5,121.33333333333337,1264.0,930.3333333333334,103.0,97.75,1357.5,902.75,147.5,90.00000000000011,3077.0,1013.4,215.19999999999982,97.0,1155.6666666666667,1366.0,128.0,112.0,1008.0,441.42857142857144,145.0,43.0,3291.0,1025.0,44.0
318,93.125,1719.25,912.5,129.4375,160.0,3355.6,775.8,157.80000000000018,100.05555555555554,728.3888888888889,600.8888888888889,151.16666666666663,80.5,1436.0,1159.5,117.5,111.0,3101.0,969.75,221.25,115.5,1264.5,926.5,103.0,98.0,1360.0,903.0,150.0,91.99999999999989,3083.0,1018.6,212.80000000000018,97.0,1160.0,1365.0,128.0,112.00000000000006,1011.0,439.2857142857143,145.0,43.0,3308.0,1022.0,44.0
319,91.25,1723.5,912.0,129.375,167.0,3363.0,764.0,156.0,99.44444444444446,729.1111111111111,599.1111111111111,150.33333333333337,79.0,1432.0,1160.6,119.20000000000005,101.0,3102.0,984.0,226.0,109.66666666666663,1265.0,922.6666666666666,103.0,100.0,1371.6666666666667,899.3333333333334,139.0,94.0,3089.0,1023.8,210.4000000000001,97.0,1164.3333333333333,1364.0,128.0,111.99999999999994,1014.0,437.14285714285717,145.0,43.0,3322.5,1018.0,44.0
320,89.375,1727.75,911.5,129.3125,170.75,3370.0,754.75,155.0,98.83333333333326,729.8333333333334,597.3333333333334,149.5,77.5,1428.0,1161.7,120.90000000000009,101.0,3105.0,989.25,226.0,103.83333333333326,1265.5,918.8333333333334,103.0,102.0,1383.3333333333333,895.6666666666666,128.0,96.0,3095.0,1029.0,208.0,97.0,1168.6666666666667,1363.0,128.0,112.0,1017.0,435.0,145.0,43.0,3337.0,1014.0,44.0
321,87.5,1732.0,911.0,129.25,174.5,3377.0,745.5,154.0,98.22222222222229,730.5555555555555,595.5555555555555,148.66666666666663,76.0,1424.0,1162.8,122.59999999999991,101.0,3108.0,994.5,226.0,98.0,1266.0,915.0,103.0,104.0,1395.0,892.0,117.0,100.25,3108.25,1036.0,201.25,97.0,1173.0,1362.0,128.0,112.00000000000006,1020.0,432.85714285714283,145.0,43.0,3351.5,1010.0,44.0
322,85.625,1736.25,910.5,129.1875,178.25,3384.0,736.25,153.0,97.61111111111109,731.2777777777778,593.7777777777778,147.83333333333326,74.5,1420.0,1163.9,124.29999999999995,101.0,3111.0,999.75,226.0,101.875,1269.0,908.0,103.0,104.59999999999991,1402.0,892.2,113.40000000000009,104.5,3121.5,1043.0,194.5,97.0,1177.3333333333333,1361.0,128.0,111.99999999999994,1023.0,430.7142857142857,145.0,43.0,3366.0,1006.0,44.0
323,83.75,1740.5,910.0,129.125,182.0,3391.0,727.0,152.0,97.0,732.0,592.0,147.0,73.0,1416.0,1165.0,126.0,101.0,3114.0,1005.0,226.0,105.75,1272.0,901.0,103.0,105.20000000000005,1409.0,892.4,109.79999999999995,108.75,3134.75,1050.0,187.75,97.0,1181.6666666666667,1360.0,128.0,112.0,1026.0,428.57142857142856,145.0,43.0,3376.4,1002.2,44.0
324,81.875,1744.75,909.5,129.0625,174.5,3395.75,725.75,150.75,98.80000000000007,731.4,589.8,147.80000000000007,74.0,1413.357142857143,1163.642857142857,125.42857142857133,107.16666666666663,3114.3333333333335,1003.3333333333334,221.5,109.625,1275.0,894.0,103.0,105.79999999999995,1416.0,892.6,106.20000000000005,113.0,3148.0,1057.0,181.0,97.0,1186.0,1359.0,128.0,112.0,1029.0,426.42857142857144,145.0,43.000000000000114,3386.8,998.4,44.0
325,80.0,1749.0,909.0,129.0,167.0,3400.5,724.5,149.5,100.60000000000002,730.8,587.6,148.60000000000002,75.0,1410.7142857142858,1162.2857142857142,124.85714285714289,113.33333333333337,3114.6666666666665,1001.6666666666666,217.0,113.5,1278.0,887.0,103.0,106.40000000000009,1423.0,892.8,102.59999999999991,116.0,3151.0,1063.0,176.25,97.0,1190.3333333333333,1358.0,128.0,112.00000000000006,1032.0,424.2857142857143,145.0,42.999999999999886,3397.2,994.6,44.0
326,81.33333333333337,1758.3333333333333,905.6666666666666,123.0,159.5,3405.25,723.25,148.25,102.39999999999998,730.2,585.4,149.39999999999998,76.0,1408.0714285714287,1160.9285714285713,124.28571428571422,119.5,3115.0,1000.0,212.5,117.375,1281.0,880.0,103.0,107.0,1430.0,893.0,99.0,119.0,3154.0,1069.0,171.5,97.0,1194.6666666666667,1357.0,128.0,111.99999999999994,1035.0,422.14285714285717,145.0,43.0,3407.6,990.8,44.0
327,82.66666666666663,1767.6666666666667,902.3333333333334,117.0,152.0,3410.0,722.0,147.0,104.19999999999993,729.6,583.2,150.19999999999993,77.0,1405.4285714285713,1159.5714285714287,123.71428571428578,125.66666666666663,3115.3333333333335,998.3333333333334,208.0,121.25,1284.0,873.0,103.0,107.33333333333337,1433.0,893.6666666666666,106.0,122.0,3157.0,1075.0,166.75,97.0,1199.0,1356.0,128.0,112.0,1038.0,420.0,145.0,43.0,3418.0,987.0,44.0
328,84.0,1777.0,899.0,111.0,148.75,3413.25,714.5,151.5,106.0,729.0,581.0,151.0,78.0,1402.7857142857142,1158.2142857142858,123.14285714285711,131.83333333333337,3115.6666666666665,996.6666666666666,203.5,125.125,1287.0,866.0,103.0,107.66666666666663,1436.0,894.3333333333334,113.0,125.0,3160.0,1081.0,162.0,96.71428571428578,1202.142857142857,1354.9285714285713,128.0,112.00000000000006,1041.0,417.85714285714283,145.0,43.0,3429.0,983.0,44.0
329,84.84615384615392,1781.2307692307693,897.3846153846154,111.61538461538453,145.5,3416.5,707.0,156.0,107.80000000000007,728.4,578.8,151.80000000000007,79.0,1400.142857142857,1156.857142857143,122.57142857142867,138.0,3116.0,995.0,199.0,129.0,1290.0,859.0,103.0,108.0,1439.0,895.0,120.0,119.39999999999986,3163.0,1085.4,160.19999999999982,96.42857142857133,1205.2857142857142,1353.857142857143,128.0,111.99999999999994,1044.0,415.7142857142857,145.0,43.0,3440.0,979.0,44.0
330,85.69230769230774,1785.4615384615386,895.7692307692307,112.23076923076906,142.25,3419.75,699.5,160.5,109.60000000000002,727.8,576.6,152.60000000000002,80.0,1397.5,1155.5,122.0,133.80000000000007,3118.0,997.4,193.4000000000001,124.625,1291.375,853.875,103.0,108.33333333333337,1442.0,895.6666666666666,127.0,113.79999999999995,3166.0,1089.8,158.4000000000001,96.14285714285711,1208.4285714285713,1352.7857142857142,128.0,112.0,1047.0,413.57142857142856,145.0,43.0,3451.0,975.0,44.0
331,86.53846153846155,1789.6923076923076,894.1538461538462,112.84615384615381,139.0,3423.0,692.0,165.0,111.39999999999998,727.2,574.4,153.39999999999998,81.0,1394.857142857143,1154.142857142857,121.42857142857133,129.60000000000014,3120.0,999.8,187.80000000000018,120.25,1292.75,848.75,103.0,108.66666666666663,1445.0,896.3333333333334,134.0,108.20000000000005,3169.0,1094.2,156.5999999999999,95.85714285714289,1211.5714285714287,1351.7142857142858,128.0,112.0,1050.0,411.42857142857144,145.0,43.0,3456.4,969.8,44.0
332,87.38461538461536,1793.923076923077,892.5384615384615,113.46153846153857,141.66666666666663,3424.6666666666665,684.0,164.66666666666697,113.19999999999993,726.6,572.2,154.19999999999993,82.0,1392.2142857142858,1152.7857142857142,120.85714285714289,125.39999999999986,3122.0,1002.2,182.19999999999982,115.875,1294.125,843.625,103.0,109.0,1448.0,897.0,141.0,102.60000000000014,3172.0,1098.6,154.80000000000018,95.57142857142867,1214.7142857142858,1350.642857142857,128.0,112.00000000000006,1053.0,409.2857142857143,145.0,43.0,3461.8,964.6,44.0
333,88.23076923076928,1798.1538461538462,890.9230769230769,114.0769230769231,144.33333333333337,3426.3333333333335,676.0,164.33333333333303,115.0,726.0,570.0,155.0,83.0,1389.5714285714287,1151.4285714285713,120.28571428571422,121.19999999999993,3124.0,1004.6,176.5999999999999,111.5,1295.5,838.5,103.0,109.20000000000005,1455.4,896.4,133.39999999999986,97.0,3175.0,1103.0,153.0,95.28571428571422,1217.857142857143,1349.5714285714287,128.0,111.99999999999994,1056.0,407.14285714285717,145.0,43.0,3467.2,959.4,44.0
334,89.0769230769231,1802.3846153846155,889.3076923076923,114.69230769230762,147.0,3428.0,668.0,164.0,115.0,727.0,565.0,155.0,84.0,1386.9285714285713,1150.0714285714287,119.71428571428578,117.0,3126.0,1007.0,171.0,107.125,1296.875,833.375,103.0,109.40000000000009,1462.8,895.8,125.79999999999995,96.0,3179.3333333333335,1106.888888888889,155.77777777777783,95.0,1221.0,1348.5,128.0,112.0,1059.0,405.0,145.0,43.0,3472.6,954.2,44.0
335,89.9230769230769,1806.6153846153845,887.6923076923077,115.30769230769238,143.66666666666663,3432.6666666666665,659.8333333333334,160.66666666666697,115.0,727.5,563.6666666666666,155.0,85.0,1384.2857142857142,1148.7142857142858,119.14285714285711,118.0,3131.4,1005.2,163.19999999999982,102.75,1298.25,828.25,103.0,109.59999999999991,1470.2,895.2,118.20000000000005,95.0,3183.6666666666665,1110.7777777777778,158.55555555555566,94.71428571428578,1224.142857142857,1347.4285714285713,128.0,110.625,1063.125,404.875,141.125,43.0,3478.0,949.0,44.0
336,90.76923076923072,1810.8461538461538,886.0769230769231,115.9230769230769,140.33333333333337,3437.3333333333335,651.6666666666666,157.33333333333303,115.0,728.0,562.3333333333334,155.0,86.0,1381.642857142857,1147.357142857143,118.57142857142867,119.00000000000011,3136.8,1003.4,155.39999999999964,98.375,1299.625,823.125,103.0,109.79999999999995,1477.6,894.6,110.60000000000014,94.0,3188.0,1114.6666666666667,161.33333333333348,94.42857142857133,1227.2857142857142,1346.357142857143,128.0,109.25,1067.25,404.75,137.25,43.0,3477.7,946.4,44.0
337,91.61538461538464,1815.076923076923,884.4615384615385,116.53846153846143,137.0,3442.0,643.5,154.0,115.0,728.5,561.0,155.0,87.0,1379.0,1146.0,118.0,119.99999999999989,3142.2,1001.6,147.60000000000036,94.0,1301.0,818.0,103.0,110.0,1485.0,894.0,103.0,93.0,3192.3333333333335,1118.5555555555557,164.11111111111086,94.14285714285711,1230.4285714285713,1345.2857142857142,128.0,107.875,1071.375,404.625,133.375,43.0,3477.4,943.8,44.0
338,92.46153846153845,1819.3076923076924,882.8461538461538,117.15384615384619,133.66666666666663,3446.6666666666665,635.3333333333334,150.66666666666697,115.0,729.0,559.6666666666666,155.0,87.0,1374.4444444444443,1142.888888888889,116.66666666666674,121.0,3147.6,999.8,139.80000000000018,96.55555555555554,1304.5555555555557,811.3333333333334,103.11111111111109,108.72727272727275,1486.7272727272727,892.6363636363636,106.36363636363626,92.0,3196.6666666666665,1122.4444444444443,166.88888888888914,93.85714285714289,1233.5714285714287,1344.2142857142858,128.0,106.5,1075.5,404.5,129.5,43.0,3477.1,941.2,44.0
339,93.30769230769226,1823.5384615384614,881.2307692307693,117.76923076923094,130.33333333333337,3451.3333333333335,627.1666666666666,147.33333333333303,115.0,729.5,558.3333333333334,155.0,87.0,1369.888888888889,1139.7777777777778,115.33333333333326,122.0,3153.0,998.0,132.0,99.1111111111112,1308.111111111111,804.6666666666666,103.22222222222217,107.4545454545455,1488.4545454545455,891.2727272727273,109.72727272727275,91.0,3201.0,1126.3333333333333,169.66666666666652,93.57142857142867,1236.7142857142858,1343.142857142857,128.0,105.125,1079.625,404.375,125.625,43.0,3476.8,938.6,44.0
340,94.15384615384608,1827.7692307692307,879.6153846153846,118.38461538461547,127.0,3456.0,619.0,144.0,115.0,730.0,557.0,155.0,87.0,1365.3333333333333,1136.6666666666667,114.0,124.00000000000011,3151.6666666666665,993.4166666666666,133.33333333333348,101.66666666666663,1311.6666666666667,798.0,103.33333333333326,106.18181818181824,1490.1818181818182,889.9090909090909,113.09090909090901,90.0,3205.3333333333335,1130.2222222222222,172.44444444444434,93.28571428571422,1239.857142857143,1342.0714285714287,128.0,103.75,1083.75,404.25,121.75,43.0,3476.5,936.0,44.0
341,95.0,1832.0,878.0,119.0,129.28571428571422,3456.0,611.4285714285714,142.85714285714266,113.79999999999995,732.8,557.1,154.9000000000001,87.0,1360.7777777777778,1133.5555555555557,112.66666666666652,125.99999999999989,3150.3333333333335,988.8333333333334,134.66666666666652,104.22222222222217,1315.2222222222222,791.3333333333334,103.44444444444457,104.90909090909099,1491.909090909091,888.5454545454545,116.45454545454527,89.0,3209.6666666666665,1134.111111111111,175.22222222222217,93.0,1243.0,1341.0,128.0,102.375,1087.875,404.125,117.875,43.0,3476.2,933.4,44.0
342,94.16666666666674,1838.25,877.4166666666666,116.08333333333326,131.57142857142856,3456.0,603.8571428571429,141.71428571428578,112.59999999999991,735.6,557.2,154.79999999999995,87.0,1356.2222222222222,1130.4444444444443,111.33333333333348,128.0,3149.0,984.25,136.0,106.77777777777783,1318.7777777777778,784.6666666666666,103.55555555555543,103.63636363636374,1493.6363636363637,887.1818181818181,119.81818181818176,88.0,3214.0,1138.0,178.0,93.0,1243.3333333333333,1340.851851851852,128.0,101.0,1092.0,404.0,114.0,43.0,3475.9,930.8,44.0
343,93.33333333333326,1844.5,876.8333333333334,113.16666666666674,133.85714285714278,3456.0,596.2857142857143,140.57142857142844,111.40000000000009,738.4,557.3,154.70000000000005,87.0,1351.6666666666667,1127.3333333333333,110.0,130.0000000000001,3147.6666666666665,979.6666666666666,137.33333333333348,109.33333333333337,1322.3333333333333,778.0,103.66666666666674,102.36363636363626,1495.3636363636363,885.8181818181819,123.18181818181824,86.42857142857133,3220.285714285714,1140.7142857142858,175.85714285714312,93.0,1243.6666666666667,1340.7037037037037,128.0,102.30000000000001,1093.6,401.9,116.0,43.0,3475.6,928.2,44.0
344,92.5,1850.75,876.25,110.25,136.14285714285722,3456.0,588.7142857142857,139.42857142857156,110.20000000000005,741.2,557.4,154.5999999999999,87.0,1347.111111111111,1124.2222222222222,108.66666666666674,131.9999999999999,3146.3333333333335,975.0833333333334,138.66666666666652,111.8888888888888,1325.888888888889,771.3333333333334,103.77777777777783,101.09090909090901,1497.090909090909,884.4545454545455,126.54545454545473,84.85714285714289,3226.5714285714284,1143.4285714285713,173.71428571428578,93.0,1244.0,1340.5555555555557,128.0,103.59999999999997,1095.2,399.8,118.0,43.0,3475.3,925.6,44.0
345,91.66666666666674,1857.0,875.6666666666666,107.33333333333326,138.42857142857144,3456.0,581.1428571428571,138.28571428571422,109.0,744.0,557.5,154.5,87.0,1342.5555555555557,1121.111111111111,107.33333333333326,134.0,3145.0,970.5,140.0,114.44444444444446,1329.4444444444443,764.6666666666666,103.88888888888891,99.81818181818176,1498.8181818181818,883.0909090909091,129.909090909091,83.28571428571422,3232.8571428571427,1146.142857142857,171.5714285714289,93.0,1244.3333333333333,1340.4074074074074,128.0,104.90000000000003,1096.8,397.7,120.0,43.0,3475.0,923.0,44.0
346,90.83333333333326,1863.25,875.0833333333334,104.41666666666674,140.71428571428578,3456.0,573.5714285714286,137.14285714285734,107.79999999999995,746.8,557.6,154.4000000000001,87.0,1338.0,1118.0,106.0,136.0000000000001,3143.6666666666665,965.9166666666666,141.33333333333348,117.0,1333.0,758.0,104.0,98.5454545454545,1500.5454545454545,881.7272727272727,133.27272727272725,81.71428571428578,3239.1428571428573,1148.857142857143,169.4285714285711,93.0,1244.6666666666667,1340.2592592592594,128.0,106.19999999999999,1098.4,395.6,122.0,43.0,3490.2,918.6,44.0
347,90.0,1869.5,874.5,101.5,143.0,3456.0,566.0,136.0,106.59999999999991,749.6,557.7,154.29999999999995,87.4545454545455,1333.6363636363637,1117.0,109.36363636363626,137.9999999999999,3142.3333333333335,961.3333333333334,142.66666666666652,116.33333333333337,1337.6666666666667,752.1666666666666,104.0,97.27272727272725,1502.2727272727273,880.3636363636364,136.63636363636374,80.14285714285711,3245.4285714285716,1151.5714285714287,167.28571428571422,93.0,1245.0,1340.111111111111,128.0,107.5,1100.0,393.5,124.0,43.0,3505.4,914.2,44.0
348,89.16666666666674,1875.75,873.9166666666666,98.58333333333326,139.0,3457.4,556.2,133.0,105.40000000000009,752.4,557.8,154.20000000000005,87.90909090909099,1329.2727272727273,1116.0,112.72727272727275,140.0,3141.0,956.75,144.0,115.66666666666663,1342.3333333333333,746.3333333333334,104.0,96.0,1504.0,879.0,140.0,78.57142857142867,3251.714285714286,1154.2857142857142,165.14285714285688,93.0,1245.3333333333333,1339.962962962963,128.0,108.80000000000001,1101.6,391.4,126.0,43.0,3520.6,909.8,44.0
349,88.33333333333326,1882.0,873.3333333333334,95.66666666666674,135.0,3458.8,546.4,130.0,104.20000000000005,755.2,557.9,154.0999999999999,88.36363636363626,1324.909090909091,1115.0,116.09090909090901,142.0000000000001,3139.6666666666665,952.1666666666666,145.33333333333348,115.0,1347.0,740.5,104.0,96.0,1514.3333333333333,877.0,132.0,77.0,3258.0,1157.0,163.0,93.0,1245.6666666666667,1339.8148148148148,128.0,110.09999999999997,1103.2,389.3,128.0,43.0,3535.8,905.4,44.0
350,87.5,1888.25,872.75,92.75,131.0,3460.2,536.6,127.0,103.0,758.0,558.0,154.0,88.81818181818176,1320.5454545454545,1114.0,119.4545454545455,143.9999999999999,3138.3333333333335,947.5833333333334,146.66666666666652,114.33333333333337,1351.6666666666667,734.6666666666666,104.0,96.0,1524.6666666666667,875.0,124.0,81.625,3260.125,1157.0,165.625,93.0,1246.0,1339.6666666666667,128.0,111.40000000000003,1104.8,387.2,130.0,43.0,3551.0,901.0,44.0
351,86.66666666666674,1894.5,872.1666666666666,89.83333333333326,127.0,3461.6,526.8,124.0,102.0,760.625,559.0,151.625,89.27272727272725,1316.1818181818182,1113.0,122.81818181818176,146.0,3137.0,943.0,148.0,113.66666666666663,1356.3333333333333,728.8333333333334,104.0,96.0,1535.0,873.0,116.0,86.25,3262.25,1157.0,168.25,93.0,1246.3333333333333,1339.5185185185185,128.0,112.69999999999999,1106.4,385.1,132.0,43.0,3563.0,896.8,44.0
352,85.83333333333326,1900.75,871.5833333333334,86.91666666666674,123.0,3463.0,517.0,121.0,101.0,763.25,560.0,149.25,89.72727272727275,1311.8181818181818,1112.0,126.18181818181824,144.6875,3131.0625,940.625,149.1875,113.0,1361.0,723.0,104.0,96.0,1545.3333333333333,871.0,108.0,90.875,3264.375,1157.0,170.875,93.0,1246.6666666666667,1339.3703703703704,128.0,114.0,1108.0,383.0,134.0,43.0,3575.0,892.6,44.0
353,85.0,1907.0,871.0,84.0,125.71428571428572,3459.8571428571427,509.2857142857143,121.28571428571468,100.0,765.875,561.0,146.875,90.18181818181824,1307.4545454545455,1111.0,129.5454545454545,143.375,3125.125,938.25,150.375,111.22222222222217,1364.4444444444443,720.0,104.0,96.0,1555.6666666666667,869.0,100.0,95.5,3266.5,1157.0,173.5,93.0,1247.0,1339.2222222222222,128.0,114.25,1109.5,380.9166666666667,134.16666666666674,43.0,3587.0,888.4,44.0
354,85.0,1909.7777777777778,869.3333333333334,86.22222222222217,128.42857142857144,3456.714285714286,501.57142857142856,121.57142857142844,99.0,768.5,562.0,144.5,90.63636363636374,1303.090909090909,1110.0,132.909090909091,142.0625,3119.1875,935.875,151.5625,109.44444444444446,1367.888888888889,717.0,104.0,96.0,1566.0,867.0,92.0,100.125,3268.625,1157.0,176.125,93.0,1247.3333333333333,1339.0740740740741,128.0,114.5,1111.0,378.8333333333333,134.33333333333326,43.0,3599.0,884.2,44.0
355,85.0,1912.5555555555557,867.6666666666666,88.44444444444434,131.14285714285717,3453.5714285714284,493.85714285714283,121.85714285714312,98.0,771.125,563.0,142.125,91.09090909090901,1298.7272727272727,1109.0,136.27272727272725,140.75,3113.25,933.5,152.75,107.66666666666663,1371.3333333333333,714.0,104.0,97.625,1569.375,866.375,95.25,104.75,3270.75,1157.0,178.75,93.0,1247.6666666666667,1338.9259259259259,128.0,114.75,1112.5,376.75,134.5,43.0,3611.0,880.0,44.0
356,85.0,1915.3333333333333,866.0,90.66666666666674,133.85714285714283,3450.4285714285716,486.14285714285717,122.14285714285688,97.0,773.75,564.0,139.75,91.5454545454545,1294.3636363636363,1108.0,139.63636363636374,139.4375,3107.3125,931.125,153.9375,105.88888888888891,1374.7777777777778,711.0,104.0,99.25,1572.75,865.75,98.5,109.375,3272.875,1157.0,181.375,93.0,1248.0,1338.7777777777778,128.0,115.0,1114.0,374.6666666666667,134.66666666666674,43.0,3617.2,875.8,44.0
357,85.0,1918.111111111111,864.3333333333334,92.88888888888891,136.57142857142856,3447.285714285714,478.42857142857144,122.42857142857156,96.0,776.375,565.0,137.375,92.0,1290.0,1107.0,143.0,138.125,3101.375,928.75,155.125,104.11111111111109,1378.2222222222222,708.0,104.0,100.875,1576.125,865.125,101.75,114.0,3275.0,1157.0,184.0,93.0,1248.3333333333333,1338.6296296296296,128.0,115.25,1115.5,372.5833333333333,134.83333333333326,43.0,3623.4,871.6,44.0
358,85.0,1920.888888888889,862.6666666666666,95.11111111111109,139.28571428571428,3444.1428571428573,470.7142857142857,122.71428571428532,95.0,779.0,566.0,135.0,91.13333333333321,1285.8,1106.1333333333334,143.20000000000005,136.8125,3095.4375,926.375,156.3125,102.33333333333337,1381.6666666666667,705.0,104.0,102.5,1579.5,864.5,105.0,111.16666666666674,3284.0,1156.8333333333333,179.5,93.0,1248.6666666666667,1338.4814814814815,128.0,115.5,1117.0,370.5,135.0,43.0,3629.6,867.4,44.0
359,85.0,1923.6666666666667,861.0,97.33333333333326,142.0,3441.0,463.0,123.0,94.63636363636363,782.9090909090909,566.0,137.72727272727275,90.26666666666665,1281.6,1105.2666666666667,143.4000000000001,135.5,3089.5,924.0,157.5,100.55555555555554,1385.111111111111,702.0,104.0,104.125,1582.875,863.875,108.25,108.33333333333326,3293.0,1156.6666666666667,175.0,93.0,1249.0,1338.3333333333333,128.0,115.75,1118.5,368.4166666666667,135.16666666666674,43.0,3635.8,863.2,44.0
360,85.0,1926.4444444444443,859.3333333333334,99.55555555555566,139.42857142857144,3434.8571428571427,455.57142857142856,125.5714285714289,94.27272727272725,786.8181818181819,566.0,140.45454545454538,89.39999999999986,1277.4,1104.4,143.5999999999999,134.1875,3083.5625,921.625,158.6875,98.77777777777783,1388.5555555555557,699.0,104.0,105.75,1586.25,863.25,111.5,105.5,3302.0,1156.5,170.5,93.0,1249.3333333333333,1338.1851851851852,128.0,116.0,1120.0,366.3333333333333,135.33333333333326,43.0,3642.0,859.0,44.0
361,85.0,1929.2222222222222,857.6666666666666,101.77777777777783,136.85714285714283,3428.714285714286,448.14285714285717,128.14285714285688,93.90909090909088,790.7272727272727,566.0,143.18181818181813,88.5333333333333,1273.2,1103.5333333333333,143.79999999999995,132.875,3077.625,919.25,159.875,97.0,1392.0,696.0,104.0,107.375,1589.625,862.625,114.75,102.66666666666674,3311.0,1156.3333333333333,166.0,93.0,1249.6666666666667,1338.037037037037,128.0,116.25,1121.5,364.25,135.5,43.0,3638.3333333333335,856.1666666666666,44.0
362,85.0,1932.0,856.0,104.0,134.28571428571428,3422.5714285714284,440.7142857142857,130.71428571428578,93.5454545454545,794.6363636363636,566.0,145.90909090909088,87.66666666666652,1269.0,1102.6666666666667,144.0,131.5625,3071.6875,916.875,161.0625,98.63636363636363,1395.8181818181818,691.0,105.72727272727275,109.0,1593.0,862.0,118.0,99.83333333333326,3320.0,1156.1666666666667,161.5,93.0,1250.0,1337.888888888889,128.0,116.5,1123.0,362.1666666666667,135.66666666666674,43.0,3634.6666666666665,853.3333333333334,44.0
363,85.83333333333326,1935.6666666666667,854.0833333333334,104.5,131.71428571428572,3416.4285714285716,433.2857142857143,133.28571428571422,93.18181818181813,798.5454545454545,566.0,148.63636363636363,86.79999999999995,1264.8,1101.8,144.20000000000005,130.25,3065.75,914.5,162.25,100.27272727272725,1399.6363636363637,686.0,107.45454545454527,108.44444444444446,1596.2222222222222,861.0,115.88888888888891,97.0,3329.0,1156.0,157.0,93.0,1250.3333333333333,1337.7407407407406,128.0,116.75,1124.5,360.0833333333333,135.83333333333326,43.0,3631.0,850.5,44.0
364,86.66666666666674,1939.3333333333333,852.1666666666666,105.0,129.14285714285717,3410.285714285714,425.85714285714283,135.85714285714312,92.81818181818187,802.4545454545455,566.0,151.36363636363626,85.93333333333317,1260.6,1100.9333333333334,144.4000000000001,128.9375,3059.8125,912.125,163.4375,101.90909090909088,1403.4545454545455,681.0,109.18181818181824,107.88888888888891,1599.4444444444443,860.0,113.77777777777783,98.63636363636351,3330.5454545454545,1153.7272727272727,157.0,93.0,1250.6666666666667,1337.5925925925926,128.0,117.0,1126.0,358.0,136.0,43.0,3627.3333333333335,847.6666666666666,44.0
365,87.5,1943.0,850.25,105.5,126.57142857142856,3404.1428571428573,418.42857142857144,138.4285714285711,92.4545454545455,806.3636363636364,566.0,154.09090909090912,85.06666666666683,1256.4,1100.0666666666666,144.5999999999999,127.625,3053.875,909.75,164.625,103.5454545454545,1407.2727272727273,676.0,110.90909090909099,107.33333333333337,1602.6666666666667,859.0,111.66666666666652,100.27272727272725,3332.090909090909,1151.4545454545455,157.0,93.0,1251.0,1337.4444444444443,128.0,117.0,1131.375,356.0,136.0,43.0,3623.6666666666665,844.8333333333334,44.0
366,88.33333333333326,1946.6666666666667,848.3333333333334,105.99999999999977,124.0,3398.0,411.0,141.0,92.09090909090912,810.2727272727273,566.0,156.81818181818187,84.20000000000005,1252.2,1099.2,144.79999999999995,126.3125,3047.9375,907.375,165.8125,105.18181818181813,1411.090909090909,671.0,112.63636363636374,106.77777777777783,1605.888888888889,858.0,109.55555555555543,101.90909090909076,3333.6363636363635,1149.1818181818182,157.0,93.0,1251.3333333333333,1337.2962962962963,128.0,117.0,1136.75,354.0,136.0,43.0,3620.0,842.0,44.0
367,89.16666666666674,1950.3333333333333,846.4166666666666,106.50000000000023,120.83333333333337,3394.1666666666665,409.5,138.16666666666697,91.72727272727275,814.1818181818182,566.0,159.5454545454545,83.33333333333348,1248.0,1098.3333333333333,145.0,125.0,3042.0,905.0,167.0,106.81818181818187,1414.909090909091,666.0,114.36363636363626,106.22222222222217,1609.111111111111,857.0,107.44444444444457,103.5454545454545,3335.181818181818,1146.909090909091,157.0,93.0,1251.6666666666667,1337.148148148148,128.0,117.0,1142.125,352.0,136.0,43.0,3613.285714285714,840.4285714285714,44.0
368,90.0,1954.0,844.5,107.0,117.66666666666663,3390.3333333333335,408.0,135.33333333333303,91.36363636363637,818.0909090909091,566.0,162.27272727272725,82.4666666666667,1243.8,1097.4666666666667,145.20000000000005,119.20000000000005,3041.8,904.4,162.79999999999973,108.4545454545455,1418.7272727272727,661.0,116.09090909090901,105.66666666666663,1612.3333333333333,856.0,105.33333333333348,105.18181818181802,3336.7272727272725,1144.6363636363637,157.0,93.0,1252.0,1337.0,128.0,117.0,1147.5,350.0,136.0,43.0,3606.5714285714284,838.8571428571429,44.0
369,90.83333333333326,1957.6666666666667,842.5833333333334,107.49999999999977,114.5,3386.5,406.5,132.5,91.0,822.0,566.0,165.0,81.60000000000014,1239.6,1096.6,145.4000000000001,113.40000000000009,3041.6,903.8,158.5999999999999,110.09090909090912,1422.5454545454545,656.0,117.81818181818176,105.11111111111109,1615.5555555555557,855.0,103.22222222222217,106.81818181818198,3338.2727272727275,1142.3636363636363,157.0,93.0,1253.5555555555557,1336.7777777777778,128.0,117.0,1152.875,348.0,136.0,43.0,3599.8571428571427,837.2857142857143,44.0
370,91.66666666666674,1961.3333333333333,840.6666666666666,108.00000000000023,111.33333333333337,3382.6666666666665,405.0,129.66666666666697,92.125,826.875,564.375,161.0,80.73333333333335,1235.4,1095.7333333333333,145.5999999999999,107.59999999999991,3041.4,903.2,154.4000000000001,111.72727272727275,1426.3636363636363,651.0,119.54545454545473,104.55555555555554,1618.7777777777778,854.0,101.11111111111109,108.4545454545455,3339.818181818182,1140.090909090909,157.0,93.0,1255.111111111111,1336.5555555555557,128.0,117.0,1158.25,346.0,136.0,43.0,3593.1428571428573,835.7142857142857,44.0
371,92.5,1965.0,838.75,108.5,108.16666666666669,3378.8333333333335,403.5,126.83333333333303,93.25,831.75,562.75,157.0,79.86666666666679,1231.2,1094.8666666666666,145.79999999999995,101.79999999999995,3041.2,902.6,150.20000000000027,113.36363636363637,1430.1818181818182,646.0,121.27272727272725,104.0,1622.0,853.0,99.0,110.09090909090924,3341.3636363636365,1137.8181818181818,157.0,93.0,1256.6666666666667,1336.3333333333333,128.0,117.0,1163.625,344.0,136.0,43.0,3586.4285714285716,834.1428571428571,44.0
372,93.33333333333326,1968.6666666666667,836.8333333333334,108.99999999999977,105.0,3375.0,402.0,124.0,94.375,836.625,561.125,153.0,79.0,1227.0,1094.0,146.0,96.0,3041.0,902.0,146.0,115.0,1434.0,641.0,123.0,103.83333333333326,1622.5,849.8333333333334,104.5,111.72727272727275,3342.909090909091,1135.5454545454545,157.0,93.0,1258.2222222222222,1336.111111111111,128.0,117.0,1169.0,342.0,136.0,43.0,3579.714285714286,832.5714285714286,44.0
373,94.16666666666674,1972.3333333333333,834.9166666666666,109.50000000000023,105.0,3371.5,398.75,124.0,95.5,841.5,559.5,149.0,80.25,1223.0833333333333,1091.9166666666667,145.41666666666674,99.5,3036.6,896.9,147.5999999999999,114.30769230769238,1439.4615384615386,637.9230769230769,122.46153846153834,103.66666666666674,1623.0,846.6666666666666,110.0,113.36363636363649,3344.4545454545455,1133.2727272727273,157.0,93.0,1259.7777777777778,1335.888888888889,128.0,115.42857142857144,1171.0,341.57142857142856,135.57142857142867,43.0,3573.0,831.0,44.0
374,95.0,1976.0,833.0,110.0,105.0,3368.0,395.5,124.0,96.625,846.375,557.875,145.0,81.5,1219.1666666666667,1089.8333333333333,144.83333333333326,103.0,3032.2,891.8,149.20000000000027,113.61538461538464,1444.923076923077,634.8461538461538,121.9230769230769,103.5,1623.5,843.5,115.5,115.0,3346.0,1131.0,157.0,93.0,1261.3333333333333,1335.6666666666667,128.0,113.85714285714283,1173.0,341.14285714285717,135.1428571428571,43.0,3556.0,828.6666666666666,44.0
375,94.79999999999995,1980.2,830.2,107.20000000000005,105.0,3364.5,392.25,124.0,97.75,851.25,556.25,141.0,82.75,1215.25,1087.75,144.25,106.5,3027.8,886.7,150.79999999999973,112.92307692307702,1450.3846153846155,631.7692307692307,121.38461538461524,103.33333333333326,1624.0,840.3333333333334,121.0,115.0,3347.818181818182,1127.0,157.0,93.0,1262.888888888889,1335.4444444444443,128.0,112.28571428571428,1175.0,340.7142857142857,134.71428571428578,43.0,3539.0,826.3333333333334,44.0
376,94.60000000000002,1984.4,827.4,104.40000000000009,105.0,3361.0,389.0,124.0,98.875,856.125,554.625,137.0,84.0,1211.3333333333333,1085.6666666666667,143.66666666666674,110.0,3023.4,881.6,152.4000000000001,112.23076923076917,1455.8461538461538,628.6923076923077,120.84615384615381,103.16666666666674,1624.5,837.1666666666666,126.5,115.0,3349.6363636363635,1123.0,157.0,93.0,1264.4444444444443,1335.2222222222222,128.0,110.71428571428572,1177.0,340.2857142857143,134.28571428571422,43.0,3522.0,824.0,44.0
377,94.39999999999998,1988.6,824.6,101.59999999999991,105.0,3355.125,385.75,124.0,100.0,861.0,553.0,133.0,85.25,1207.4166666666667,1083.5833333333333,143.08333333333326,113.5,3019.0,876.5,154.0,111.53846153846155,1461.3076923076924,625.6153846153846,120.30769230769215,103.0,1625.0,834.0,132.0,115.0,3351.4545454545455,1119.0,157.0,93.0,1266.0,1335.0,128.0,109.14285714285717,1179.0,339.85714285714283,133.8571428571429,43.0,3524.5,821.75,44.0
378,94.20000000000005,1992.8,821.8,98.79999999999995,105.0,3349.25,382.5,124.0,100.0,865.3,553.1,136.0,86.5,1203.5,1081.5,142.5,117.0,3014.6,871.4,155.5999999999999,110.84615384615381,1466.7692307692307,622.5384615384615,119.76923076923072,102.75,1629.75,832.125,128.625,115.0,3353.2727272727275,1115.0,157.0,93.0,1267.5555555555557,1334.7777777777778,128.0,107.57142857142856,1181.0,339.42857142857144,133.42857142857133,43.0,3527.0,819.5,44.0
379,94.0,1997.0,819.0,96.0,105.0,3343.375,379.25,124.0,100.0,869.6,553.2,139.0,87.75,1199.5833333333333,1079.4166666666667,141.91666666666674,120.5,3010.2,866.3,157.20000000000027,110.15384615384619,1472.2307692307693,619.4615384615385,119.23076923076928,102.5,1634.5,830.25,125.25,115.0,3355.090909090909,1111.0,157.0,93.0,1269.111111111111,1334.5555555555557,128.0,106.0,1183.0,339.0,133.0,43.0,3529.5,817.25,44.0
380,96.45454545454538,1998.909090909091,815.7272727272727,100.5454545454545,105.0,3337.5,376.0,124.0,100.0,873.9,553.3,142.0,89.0,1195.6666666666667,1077.3333333333333,141.33333333333326,124.0,3005.8,861.2,158.79999999999973,109.46153846153845,1477.6923076923076,616.3846153846154,118.69230769230785,102.25,1639.25,828.375,121.875,115.0,3356.909090909091,1107.0,157.0,93.0,1270.6666666666667,1334.3333333333333,128.0,107.9230769230769,1186.3846153846155,336.46153846153845,132.0769230769231,43.0,3532.0,815.0,44.0
381,98.90909090909088,2000.8181818181818,812.4545454545455,105.09090909090924,105.0,3331.625,372.75,124.0,100.0,878.2,553.4,145.0,90.25,1191.75,1075.25,140.75,127.5,3001.4,856.1,160.4000000000001,108.76923076923083,1483.1538461538462,613.3076923076923,118.15384615384619,102.0,1644.0,826.5,118.5,115.0,3358.7272727272725,1103.0,157.0,93.0,1272.2222222222222,1334.111111111111,128.0,109.84615384615387,1189.7692307692307,333.9230769230769,131.1538461538462,43.0,3539.6,811.6,44.0
382,101.36363636363637,2002.7272727272727,809.1818181818181,109.63636363636374,105.0,3325.75,369.5,124.0,100.0,882.5,553.5,148.0,91.5,1187.8333333333333,1073.1666666666667,140.16666666666674,131.0,2997.0,851.0,162.0,108.07692307692298,1488.6153846153845,610.2307692307693,117.61538461538476,101.75,1648.75,824.625,115.125,115.0,3360.5454545454545,1099.0,157.0,93.0,1273.7777777777778,1333.888888888889,128.0,111.76923076923077,1193.1538461538462,331.38461538461536,130.23076923076928,43.0,3547.2,808.2,44.0
383,103.81818181818187,2004.6363636363637,805.9090909090909,114.18181818181824,105.0,3319.875,366.25,124.0,100.0,886.8,553.6,151.0,92.75,1183.9166666666667,1071.0833333333333,139.58333333333326,125.60000000000002,2996.8,848.0,162.0,107.38461538461536,1494.076923076923,607.1538461538462,117.0769230769231,101.5,1653.5,822.75,111.75,115.0,3362.3636363636365,1095.0,157.0,93.0,1275.3333333333333,1333.6666666666667,128.0,113.69230769230768,1196.5384615384614,328.84615384615387,129.30769230769238,43.0,3554.8,804.8,44.0
384,106.27272727272725,2006.5454545454545,802.6363636363636,118.72727272727298,105.0,3314.0,363.0,124.0,100.0,891.1,553.7,153.9999999999999,94.0,1180.0,1069.0,139.0,120.20000000000005,2996.6,845.0,162.0,106.69230769230762,1499.5384615384614,604.0769230769231,116.53846153846166,101.25,1658.25,820.875,108.375,115.0,3364.181818181818,1091.0,157.0,93.0,1276.888888888889,1333.4444444444443,128.0,115.61538461538458,1199.923076923077,326.3076923076923,128.38461538461547,43.0,3562.4,801.4,44.0
385,108.72727272727275,2008.4545454545455,799.3636363636364,123.27272727272702,105.66666666666669,3305.8333333333335,358.3333333333333,125.33333333333303,100.0,895.4,553.8,157.0000000000001,93.0,1174.4666666666667,1068.4,139.0666666666666,114.79999999999995,2996.4,842.0,162.0,106.0,1505.0,601.0,116.0,101.0,1663.0,819.0,105.0,115.0,3366.0,1087.0,157.0,93.0,1278.4444444444443,1333.2222222222222,128.0,117.53846153846155,1203.3076923076924,323.7692307692308,127.46153846153834,43.0,3570.0,798.0,44.0
386,111.18181818181813,2010.3636363636363,796.0909090909091,127.81818181818176,106.33333333333331,3297.6666666666665,353.6666666666667,126.66666666666697,100.0,899.7,553.9,160.0,92.0,1168.9333333333334,1067.8,139.1333333333332,109.39999999999998,2996.2,839.0,162.0,106.0,1511.2142857142858,597.0714285714286,116.0,102.625,1667.5,815.625,106.0,114.40000000000009,3367.8,1081.6,157.0,93.0,1280.0,1333.0,128.0,119.46153846153845,1206.6923076923076,321.2307692307692,126.53846153846166,43.0,3577.0,792.3333333333334,44.0
387,113.63636363636363,2012.2727272727273,792.8181818181819,132.36363636363626,107.0,3289.5,349.0,128.0,100.0,904.0,554.0,163.0,91.0,1163.4,1067.2,139.19999999999982,104.0,2996.0,836.0,162.0,106.0,1517.4285714285713,593.1428571428571,116.0,104.25,1672.0,812.25,107.0,113.79999999999995,3369.6,1076.2,157.0,93.0,1284.4,1332.2,126.09999999999991,121.38461538461542,1210.076923076923,318.6923076923077,125.61538461538453,43.0,3584.0,786.6666666666666,44.0
388,116.09090909090912,2014.1818181818182,789.5454545454545,136.90909090909076,107.66666666666669,3281.3333333333335,344.3333333333333,129.33333333333303,99.5,909.7857142857143,553.9285714285714,162.9999999999999,90.0,1157.8666666666666,1066.6,139.26666666666688,110.22222222222217,2995.4444444444443,826.7777777777778,162.0,106.0,1523.642857142857,589.2142857142857,116.0,105.875,1676.5,808.875,108.0,113.20000000000005,3371.4,1070.8,157.0,93.0,1288.8,1331.4,124.20000000000005,123.30769230769232,1213.4615384615386,316.15384615384613,124.69230769230762,43.0,3591.0,781.0,44.0
389,118.54545454545462,2016.090909090909,786.2727272727273,141.4545454545455,108.33333333333331,3273.1666666666665,339.6666666666667,130.66666666666697,99.0,915.5714285714286,553.8571428571429,163.0000000000001,89.0,1152.3333333333333,1066.0,139.33333333333348,116.44444444444446,2994.8888888888887,817.5555555555555,162.0,106.0,1529.857142857143,585.2857142857143,116.0,107.5,1681.0,805.5,109.0,112.59999999999991,3373.2,1065.4,157.0,93.0,1293.2,1330.6,122.29999999999995,125.23076923076923,1216.8461538461538,313.61538461538464,123.76923076923072,43.0,3593.0,779.1666666666666,44.0
390,121.0,2018.0,783.0,146.0,109.0,3265.0,335.0,132.0,98.5,921.3571428571429,553.7857142857143,163.0,88.0,1146.8,1065.4,139.4000000000001,122.66666666666663,2994.3333333333335,808.3333333333334,162.0,106.0,1536.0714285714287,581.3571428571429,116.0,109.125,1685.5,802.125,110.0,112.0,3375.0,1060.0,157.0,93.0,1297.6,1329.8,120.40000000000009,127.15384615384613,1220.2307692307693,311.0769230769231,122.84615384615381,43.0,3595.0,777.3333333333334,44.0
391,119.69230769230774,2020.5384615384614,778.8461538461538,141.07692307692332,108.0,3262.0,334.22222222222223,130.1111111111113,98.0,927.1428571428571,553.7142857142857,163.0,87.0,1141.2666666666667,1064.8,139.4666666666667,128.8888888888889,2993.777777777778,799.1111111111111,162.0,106.0,1542.2857142857142,577.4285714285714,116.0,110.75,1690.0,798.75,111.0,112.0,3375.7272727272725,1054.5454545454545,157.0,93.0,1302.0,1329.0,118.5,129.0769230769231,1223.6153846153845,308.53846153846155,121.9230769230769,43.0,3597.0,775.5,44.0
392,118.38461538461536,2023.076923076923,774.6923076923077,136.15384615384596,107.0,3259.0,333.44444444444446,128.22222222222217,97.5,932.9285714285714,553.6428571428571,162.9999999999999,86.0,1135.7333333333333,1064.2,139.5333333333333,135.1111111111111,2993.222222222222,789.8888888888889,162.0,106.0,1548.5,573.5,116.0,112.375,1694.5,795.375,112.0,112.0,3376.4545454545455,1049.090909090909,157.0,93.0,1306.4,1328.2,116.59999999999991,131.0,1227.0,306.0,121.0,43.0,3599.0,773.6666666666666,44.0
393,117.0769230769231,2025.6153846153845,770.5384615384615,131.23076923076928,106.0,3256.0,332.6666666666667,126.33333333333348,97.0,938.7142857142857,553.5714285714286,163.0000000000001,85.0,1130.2,1063.6,139.5999999999999,141.33333333333337,2992.6666666666665,780.6666666666666,162.0,106.0,1554.7142857142858,569.5714285714286,116.0,114.0,1699.0,792.0,113.0,112.0,3377.181818181818,1043.6363636363637,157.0,93.0,1310.8,1327.4,114.70000000000005,130.4705882352941,1229.5294117647059,304.05882352941177,121.70588235294122,43.0,3601.0,771.8333333333334,44.0
394,115.76923076923083,2028.1538461538462,766.3846153846154,126.30769230769238,105.0,3253.0,331.8888888888889,124.44444444444434,96.5,944.5,553.5,163.0,84.0,1124.6666666666667,1063.0,139.66666666666652,147.55555555555554,2992.1111111111113,771.4444444444445,162.0,106.0,1560.9285714285713,565.6428571428571,116.0,114.25,1702.625,791.5,110.375,112.0,3377.909090909091,1038.1818181818182,157.0,93.0,1315.2,1326.6,112.79999999999995,129.94117647058823,1232.0588235294117,302.11764705882354,122.41176470588243,43.0,3603.0,770.0,44.0
395,114.46153846153845,2030.6923076923076,762.2307692307693,121.38461538461524,104.0,3250.0,331.1111111111111,122.55555555555566,96.0,950.2857142857143,553.4285714285714,162.9999999999999,83.0,1119.1333333333334,1062.4,139.73333333333335,153.77777777777783,2991.5555555555557,762.2222222222222,162.0,106.0,1567.142857142857,561.7142857142857,116.0,114.5,1706.25,791.0,107.75,112.0,3378.6363636363635,1032.7272727272727,157.0,93.0,1319.6,1325.8,110.90000000000009,129.41176470588232,1234.5882352941176,300.1764705882353,123.11764705882365,43.0,3598.714285714286,768.8571428571429,44.0
396,113.15384615384619,2033.2307692307693,758.0769230769231,116.46153846153834,103.0,3247.0,330.3333333333333,120.66666666666652,95.5,956.0714285714286,553.3571428571429,163.0000000000001,82.0,1113.6,1061.8,139.80000000000018,160.0,2991.0,753.0,162.0,106.0,1573.357142857143,557.7857142857143,116.0,114.75,1709.875,790.5,105.125,112.0,3379.3636363636365,1027.2727272727273,157.0,93.0,1324.0,1325.0,109.0,128.88235294117646,1237.1176470588234,298.2352941176471,123.82352941176487,43.0,3594.4285714285716,767.7142857142857,44.0
397,111.84615384615381,2035.7692307692307,753.9230769230769,111.53846153846166,102.0,3244.0,329.55555555555554,118.77777777777783,95.0,961.8571428571429,553.2857142857143,163.0,81.0,1108.0666666666666,1061.2,139.8666666666668,160.0,2992.0,744.2,162.0,106.0,1579.5714285714287,553.8571428571429,116.0,115.0,1713.5,790.0,102.5,111.99999999999989,3380.090909090909,1021.8181818181819,157.0,93.0,1328.2857142857142,1322.357142857143,109.0,128.35294117647055,1239.6470588235295,296.29411764705884,124.52941176470586,43.0,3590.1428571428573,766.5714285714286,44.0
398,110.53846153846155,2038.3076923076924,749.7692307692307,106.61538461538476,101.0,3241.0,328.77777777777777,116.88888888888869,94.5,967.6428571428571,553.2142857142857,163.0,80.0,1102.5333333333333,1060.6,139.9333333333334,160.0,2993.0,735.4,162.0,106.0,1585.7857142857142,549.9285714285714,116.0,115.25,1717.125,789.5,99.875,111.99999999999989,3380.818181818182,1016.3636363636364,157.0,93.0,1332.5714285714287,1319.7142857142858,109.0,127.8235294117647,1242.1764705882354,294.3529411764706,125.23529411764707,43.0,3585.8571428571427,765.4285714285714,44.0
399,109.23076923076917,2040.8461538461538,745.6153846153846,101.69230769230762,100.0,3238.0,328.0,115.0,94.0,973.4285714285714,553.1428571428571,162.9999999999999,79.0,1097.0,1060.0,140.0,160.0,2994.0,726.6,162.0,106.0,1592.0,546.0,116.0,115.5,1720.75,789.0,97.25,112.00000000000011,3381.5454545454545,1010.9090909090909,157.0,93.0,1336.857142857143,1317.0714285714287,109.0,127.29411764705878,1244.7058823529412,292.4117647058824,125.94117647058829,43.0,3581.5714285714284,764.2857142857143,44.0
400,107.9230769230769,2043.3846153846155,741.4615384615385,96.76923076923072,100.14285714285717,3226.5714285714284,328.57142857142856,121.85714285714312,93.5,979.2142857142858,553.0714285714286,163.0,80.70588235294122,1092.4705882352941,1057.5882352941176,141.11764705882342,160.0,2995.0,717.8,162.0,104.0,1597.1666666666667,544.0,112.0,115.75,1724.375,788.5,94.625,112.0,3382.2727272727275,1005.4545454545455,157.0,93.0,1341.142857142857,1314.4285714285713,109.0,126.76470588235293,1247.235294117647,290.47058823529414,126.6470588235295,43.0,3577.285714285714,763.1428571428571,44.0
401,106.61538461538464,2045.923076923077,737.3076923076923,91.84615384615404,100.28571428571428,3215.1428571428573,329.14285714285717,128.71428571428532,93.0,985.0,553.0,163.0,82.4117647058822,1087.9411764705883,1055.1764705882354,142.23529411764707,160.0,2996.0,709.0,162.0,102.0,1602.3333333333333,542.0,108.0,116.0,1728.0,788.0,92.0,112.0,3383.0,1000.0,157.0,93.0,1345.4285714285713,1311.7857142857142,109.0,126.23529411764707,1249.764705882353,288.52941176470586,127.3529411764705,43.0,3573.0,762.0,44.0
402,105.30769230769226,2048.4615384615386,733.1538461538462,86.92307692307668,100.42857142857144,3203.714285714286,329.7142857142857,135.57142857142844,95.11764705882354,990.4705882352941,551.8823529411765,163.17647058823536,84.11764705882365,1083.4117647058824,1052.764705882353,143.3529411764705,160.79999999999995,2996.7,703.7,162.0,100.0,1607.5,540.0,104.0,114.25,1730.9166666666667,787.25,95.25,112.0,3382.4666666666667,995.2,157.0,93.0,1349.7142857142858,1309.142857142857,109.0,125.70588235294122,1252.2941176470588,286.5882352941176,128.0588235294117,43.0,3561.6,761.2,44.0
403,104.0,2051.0,729.0,82.0,100.57142857142856,3192.285714285714,330.2857142857143,142.42857142857156,97.23529411764707,995.9411764705883,550.7647058823529,163.3529411764705,85.82352941176487,1078.8823529411766,1050.3529411764705,144.47058823529392,161.60000000000002,2997.4,698.4,162.0,98.0,1612.6666666666667,538.0,100.0,112.5,1733.8333333333333,786.5,98.5,112.00000000000011,3381.9333333333334,990.4,157.0,93.0,1354.0,1306.5,109.0,125.1764705882353,1254.8235294117646,284.6470588235294,128.76470588235293,43.0,3550.2,760.4,44.0
404,106.0,2052.4444444444443,724.4444444444445,82.0,100.71428571428572,3180.8571428571427,330.85714285714283,149.28571428571468,99.35294117647061,1001.4117647058823,549.6470588235294,163.52941176470597,87.52941176470586,1074.3529411764705,1047.9411764705883,145.5882352941178,162.39999999999998,2998.1,693.1,162.0,96.0,1617.8333333333333,536.0,96.0,110.75,1736.75,785.75,101.75,111.99999999999989,3381.4,985.6,157.0,93.0,1358.2857142857142,1303.857142857143,109.0,124.64705882352945,1257.3529411764705,282.70588235294116,129.47058823529414,43.0,3538.8,759.6,44.0
405,108.0,2053.8888888888887,719.8888888888889,82.0,100.85714285714283,3169.4285714285716,331.42857142857144,156.14285714285688,101.47058823529414,1006.8823529411765,548.5294117647059,163.7058823529411,89.23529411764707,1069.8235294117646,1045.5294117647059,146.70588235294122,163.20000000000005,2998.8,687.8,162.0,94.0,1623.0,534.0,92.0,109.0,1739.6666666666667,785.0,105.0,112.0,3380.866666666667,980.8,157.0,93.0,1362.5714285714287,1301.2142857142858,109.0,124.11764705882354,1259.8823529411766,280.7647058823529,130.17647058823513,43.0,3527.4,758.8,44.0
406,110.0,2055.3333333333335,715.3333333333334,82.0,101.0,3158.0,332.0,163.0,103.58823529411768,1012.3529411764706,547.4117647058823,163.88235294117646,90.94117647058829,1065.2941176470588,1043.1176470588234,147.82352941176464,164.0,2999.5,682.5,162.0,94.875,1627.75,531.375,95.125,107.25,1742.5833333333333,784.25,108.25,112.0,3380.3333333333335,976.0,157.0,93.0,1366.857142857143,1298.5714285714287,109.0,123.58823529411768,1262.4117647058824,278.8235294117647,130.88235294117635,43.0,3516.0,758.0,44.0
407,112.0,2056.777777777778,710.7777777777778,82.0,100.42857142857139,3158.0,333.42857142857144,162.85714285714266,105.70588235294122,1017.8235294117648,546.2941176470588,164.05882352941182,92.64705882352928,1060.764705882353,1040.7058823529412,148.9411764705883,164.79999999999995,3000.2,677.2,162.0,95.75,1632.5,528.75,98.25,105.5,1745.5,783.5,111.5,112.0,3379.8,971.2,157.0,93.0,1371.142857142857,1295.9285714285713,109.0,123.05882352941177,1264.9411764705883,276.88235294117646,131.58823529411757,43.0,3511.6666666666665,756.6666666666666,44.0
408,114.0,2058.222222222222,706.2222222222222,82.0,99.85714285714289,3158.0,334.85714285714283,162.71428571428578,107.82352941176475,1023.2941176470588,545.1764705882352,164.23529411764707,94.35294117647072,1056.235294117647,1038.2941176470588,150.0588235294117,165.60000000000002,3000.9,671.9,162.0,96.625,1637.25,526.125,101.375,103.75,1748.4166666666667,782.75,114.75,112.00000000000011,3379.266666666667,966.4,157.0,93.0,1375.4285714285713,1293.2857142857142,109.0,122.52941176470591,1267.4705882352941,274.94117647058823,132.29411764705878,43.0,3507.3333333333335,755.3333333333334,44.0
409,116.0,2059.6666666666665,701.6666666666666,82.0,99.28571428571428,3158.0,336.2857142857143,162.57142857142844,109.94117647058829,1028.764705882353,544.0588235294117,164.41176470588243,96.05882352941171,1051.7058823529412,1035.8823529411766,151.17647058823536,166.39999999999998,3001.6,666.6,162.0,97.5,1642.0,523.5,104.5,102.0,1751.3333333333333,782.0,118.0,111.99999999999989,3378.733333333333,961.6,157.0,93.0,1379.7142857142858,1290.642857142857,109.0,122.0,1270.0,273.0,133.0,43.0,3503.0,754.0,44.0
410,118.0,2061.1111111111113,697.1111111111111,82.0,98.71428571428572,3158.0,337.7142857142857,162.42857142857156,112.05882352941171,1034.235294117647,542.9411764705883,164.58823529411757,97.76470588235293,1047.1764705882354,1033.4705882352941,152.29411764705878,167.20000000000005,3002.3,661.3,162.0,98.375,1646.75,520.875,107.625,100.25,1754.25,781.25,121.25,112.0,3378.2,956.8,157.0,93.0,1384.0,1288.0,109.0,122.5,1270.5,272.0,132.6875,43.0,3503.5,753.0,44.0
411,120.0,2062.5555555555557,692.5555555555555,82.0,98.14285714285711,3158.0,339.14285714285717,162.28571428571422,114.17647058823525,1039.7058823529412,541.8235294117648,164.76470588235293,99.47058823529414,1042.6470588235295,1031.0588235294117,153.4117647058822,168.0,3003.0,656.0,162.0,99.25,1651.5,518.25,110.75,98.5,1757.1666666666667,780.5,124.5,112.0,3377.6666666666665,952.0,157.0,93.0,1388.0,1286.4117647058824,109.0,123.0,1271.0,271.0,132.375,43.0,3504.0,752.0,44.0
412,122.0,2064.0,688.0,82.0,97.57142857142861,3158.0,340.57142857142856,162.14285714285734,116.29411764705878,1045.1764705882354,540.7058823529412,164.94117647058806,101.17647058823513,1038.1176470588234,1028.6470588235295,154.52941176470608,165.71428571428578,3004.1428571428573,650.7142857142857,162.0,100.125,1656.25,515.625,113.875,96.75,1760.0833333333333,779.75,127.75,112.0,3377.133333333333,947.2,157.0,93.0,1392.0,1284.8235294117646,109.0,123.5,1271.5,270.0,132.0625,43.0,3504.25,748.25,44.0
413,121.08333333333337,2065.25,684.5,84.33333333333348,97.0,3158.0,342.0,162.0,118.41176470588232,1050.6470588235295,539.5882352941177,165.11764705882342,102.88235294117635,1033.5882352941176,1026.235294117647,155.6470588235295,163.42857142857144,3005.285714285714,645.4285714285714,162.0,101.0,1661.0,513.0,117.0,95.0,1763.0,779.0,131.0,112.00000000000011,3376.6,942.4,157.0,93.0,1396.0,1283.235294117647,109.0,124.0,1272.0,269.0,131.75,43.0,3504.5,744.5,44.0
414,120.16666666666663,2066.5,681.0,86.66666666666652,95.85714285714289,3158.5714285714284,343.57142857142856,165.28571428571422,120.52941176470586,1056.1176470588234,538.4705882352941,165.294117647059,104.58823529411768,1029.0588235294117,1023.8235294117648,156.76470588235293,161.14285714285722,3006.4285714285716,640.1428571428571,162.0,101.92307692307696,1666.5384615384614,510.2307692307692,118.15384615384619,96.78571428571433,1768.357142857143,778.6428571428571,131.0,111.99999999999989,3376.0666666666666,937.6,157.0,93.0,1400.0,1281.6470588235295,109.0,124.5,1272.5,268.0,131.4375,43.0,3504.75,740.75,44.0
415,119.25,2067.75,677.5,89.0,94.71428571428567,3159.1428571428573,345.14285714285717,168.57142857142844,122.64705882352939,1061.5882352941176,537.3529411764706,165.47058823529414,106.2941176470589,1024.5294117647059,1021.4117647058823,157.88235294117658,158.85714285714278,3007.5714285714284,634.8571428571429,162.0,102.84615384615381,1672.076923076923,507.46153846153845,119.30769230769238,98.57142857142856,1773.7142857142858,778.2857142857143,131.0,112.0,3375.5333333333333,932.8,157.0,93.0,1404.0,1280.0588235294117,109.0,125.0,1273.0,267.0,131.125,43.0,3505.0,737.0,44.0
416,118.33333333333337,2069.0,674.0,91.33333333333348,93.57142857142856,3159.714285714286,346.7142857142857,171.85714285714266,124.76470588235293,1067.0588235294117,536.2352941176471,165.6470588235295,108.0,1020.0,1019.0,159.0,156.57142857142856,3008.714285714286,629.5714285714286,162.0,103.76923076923077,1677.6153846153845,504.6923076923077,120.46153846153857,100.35714285714289,1779.0714285714287,777.9285714285714,131.0,112.0,3375.0,928.0,157.0,93.0,1408.0,1278.4705882352941,109.0,125.5,1273.5,266.0,130.8125,43.0,3501.8333333333335,735.5,44.0
417,117.41666666666663,2070.25,670.5,93.66666666666652,92.42857142857144,3160.285714285714,348.2857142857143,175.14285714285734,126.88235294117646,1072.5294117647059,535.1176470588235,165.82352941176464,106.64705882352939,1016.5294117647059,1019.6470588235294,158.29411764705878,154.28571428571422,3009.8571428571427,624.2857142857143,162.0,104.69230769230774,1683.1538461538462,501.9230769230769,121.61538461538453,102.14285714285711,1784.4285714285713,777.5714285714286,131.0,110.69230769230774,3373.5384615384614,923.4615384615385,158.2307692307695,93.0,1412.0,1276.8823529411766,109.0,126.0,1274.0,265.0,130.5,43.0,3498.6666666666665,734.0,44.0
418,116.5,2071.5,667.0,96.0,91.28571428571433,3160.8571428571427,349.85714285714283,178.42857142857156,129.0,1078.0,534.0,166.0,105.29411764705878,1013.0588235294117,1020.2941176470588,157.5882352941178,152.0,3011.0,619.0,162.0,105.61538461538458,1688.6923076923076,499.15384615384613,122.76923076923094,103.92857142857144,1789.7857142857142,777.2142857142857,131.0,109.38461538461547,3372.076923076923,918.9230769230769,159.46153846153857,93.0,1416.0,1275.2941176470588,109.0,126.5,1274.5,264.0,130.1875,43.0,3495.5,732.5,44.0
419,115.58333333333337,2072.75,663.5,98.33333333333348,90.14285714285711,3161.4285714285716,351.42857142857144,181.71428571428578,126.86666666666656,1083.0,536.0666666666667,166.0,103.94117647058829,1009.5882352941177,1020.9411764705883,156.88235294117646,152.0,3010.5714285714284,615.7142857142857,162.0,106.53846153846155,1694.2307692307693,496.38461538461536,123.9230769230769,105.71428571428567,1795.142857142857,776.8571428571429,131.0,108.0769230769231,3370.6153846153848,914.3846153846154,160.69230769230762,93.0,1420.0,1273.7058823529412,109.0,127.0,1275.0,263.0,129.875,43.0,3492.3333333333335,731.0,44.0
420,114.66666666666663,2074.0,660.0,100.66666666666652,89.0,3162.0,353.0,185.0,124.73333333333335,1088.0,538.1333333333333,166.0,102.58823529411768,1006.1176470588235,1021.5882352941177,156.17647058823525,152.0,3010.1428571428573,612.4285714285714,162.0,107.46153846153845,1699.7692307692307,493.61538461538464,125.0769230769231,107.5,1800.5,776.5,131.0,106.76923076923083,3369.153846153846,909.8461538461538,161.92307692307668,93.0,1424.0,1272.1176470588234,109.0,127.5,1275.5,262.0,129.5625,43.0,3489.1666666666665,729.5,44.0
421,113.75,2075.25,656.5,103.0,90.80000000000001,3158.4,355.8,185.0,122.59999999999991,1093.0,540.2,166.0,101.23529411764707,1002.6470588235294,1022.2352941176471,155.47058823529403,152.0,3009.714285714286,609.1428571428571,162.0,108.38461538461542,1705.3076923076924,490.84615384615387,126.23076923076906,109.28571428571433,1805.857142857143,776.1428571428571,131.0,105.46153846153845,3367.6923076923076,905.3076923076923,163.1538461538462,93.0,1428.0,1270.5294117647059,109.0,128.0,1276.0,261.0,129.25,43.0,3486.0,728.0,44.0
422,112.83333333333337,2076.5,653.0,105.33333333333348,92.59999999999997,3154.8,358.6,185.0,120.4666666666667,1098.0,542.2666666666667,166.0,99.88235294117646,999.1764705882352,1022.8823529411765,154.76470588235304,152.0,3009.285714285714,605.8571428571429,162.0,109.30769230769226,1710.8461538461538,488.0769230769231,127.38461538461547,111.07142857142856,1811.2142857142858,775.7857142857143,131.0,104.15384615384619,3366.230769230769,900.7692307692307,164.3846153846157,93.0,1432.0,1268.9411764705883,109.0,128.5,1276.5,260.0,128.9375,42.0,3478.0,727.6,44.19999999999982
423,111.91666666666663,2077.75,649.5,107.66666666666652,94.40000000000003,3151.2,361.4,185.0,118.33333333333326,1103.0,544.3333333333334,166.0,98.52941176470586,995.7058823529412,1023.5294117647059,154.0588235294117,152.0,3008.8571428571427,602.5714285714286,162.0,110.23076923076923,1716.3846153846155,485.3076923076923,128.53846153846143,112.85714285714289,1816.5714285714287,775.4285714285714,131.0,102.84615384615381,3364.769230769231,896.2307692307693,165.6153846153843,93.0,1436.0,1267.3529411764705,109.0,129.0,1277.0,259.0,128.625,41.0,3470.0,727.2,44.40000000000009
424,111.0,2079.0,646.0,110.0,96.19999999999999,3147.6,364.2,185.0,116.20000000000005,1108.0,546.4,166.0,97.17647058823513,992.2352941176471,1024.1764705882354,153.3529411764705,152.0,3008.4285714285716,599.2857142857143,162.0,111.15384615384619,1721.923076923077,482.53846153846155,129.69230769230762,114.64285714285711,1821.9285714285713,775.0714285714286,131.0,101.53846153846155,3363.3076923076924,891.6923076923077,166.8461538461538,93.0,1440.0,1265.764705882353,109.0,129.5,1277.5,258.0,128.3125,40.0,3462.0,726.8,44.59999999999991
425,109.625,2082.25,641.875,109.0,98.0,3144.0,367.0,185.0,114.0666666666666,1113.0,548.4666666666667,166.0,95.82352941176487,988.7647058823529,1024.8235294117646,152.6470588235295,152.0,3008.0,596.0,162.0,112.07692307692304,1727.4615384615386,479.7692307692308,130.8461538461538,116.42857142857144,1827.2857142857142,774.7142857142857,131.0,100.23076923076917,3361.846153846154,887.1538461538462,168.07692307692332,93.0,1444.0,1264.1764705882354,109.0,130.0,1278.0,257.0,128.0,39.0,3454.0,726.4,44.80000000000018
426,108.25,2085.5,637.75,108.0,106.0,3139.0,368.0,176.5,111.9333333333334,1118.0,550.5333333333333,166.0,94.47058823529414,985.2941176470588,1025.4705882352941,151.9411764705883,145.125,3009.625,595.5,159.5,113.0,1733.0,477.0,132.0,118.21428571428567,1832.642857142857,774.3571428571429,131.0,98.9230769230769,3360.3846153846152,882.6153846153846,169.30769230769238,93.0,1448.0,1262.5882352941176,109.0,128.66666666666666,1276.25,255.33333333333334,128.33333333333326,38.0,3446.0,726.0,45.0
427,106.875,2088.75,633.625,107.0,114.0,3134.0,369.0,168.0,109.79999999999995,1123.0,552.6,166.0,93.11764705882365,981.8235294117648,1026.1176470588234,151.23529411764696,138.25,3011.25,595.0,157.0,111.0,1740.875,476.375,126.625,120.0,1838.0,774.0,131.0,97.61538461538464,3358.923076923077,878.0769230769231,170.53846153846143,93.0,1452.0,1261.0,109.0,127.33333333333334,1274.5,253.66666666666666,128.66666666666674,39.33333333333337,3440.6666666666665,724.6666666666666,45.0
428,105.5,2092.0,629.5,106.0,111.80000000000001,3133.6,372.0,163.4000000000001,107.66666666666674,1128.0,554.6666666666666,166.0,91.76470588235293,978.3529411764706,1026.764705882353,150.52941176470597,131.375,3012.875,594.5,154.5,109.0,1748.75,475.75,121.25,118.73333333333335,1843.2,774.2666666666667,131.0,96.30769230769226,3357.4615384615386,873.5384615384615,171.7692307692305,93.23076923076928,1456.6923076923076,1259.6923076923076,109.84615384615381,126.0,1272.75,252.0,129.0,40.66666666666663,3435.3333333333335,723.3333333333334,45.0
429,104.125,2095.25,625.375,105.0,109.60000000000002,3133.2,375.0,158.80000000000018,105.5333333333333,1133.0,556.7333333333333,166.0,90.4117647058822,974.8823529411765,1027.4117647058824,149.82352941176475,124.5,3014.5,594.0,152.0,107.0,1756.625,475.125,115.875,117.4666666666667,1848.4,774.5333333333333,131.0,95.0,3356.0,869.0,173.0,93.46153846153834,1461.3846153846155,1258.3846153846155,110.69230769230762,124.66666666666666,1271.0,250.33333333333334,129.33333333333326,42.0,3430.0,722.0,45.0
430,102.75,2098.5,621.25,104.0,107.39999999999998,3132.8,378.0,154.19999999999982,103.40000000000009,1138.0,558.8,166.0,89.05882352941171,971.4117647058823,1028.0588235294117,149.11764705882354,117.625,3016.125,593.5,149.5,105.0,1764.5,474.5,110.5,116.20000000000005,1853.6,774.8,131.0,97.22222222222217,3356.3333333333335,865.4444444444445,171.44444444444434,93.69230769230762,1466.076923076923,1257.076923076923,111.53846153846143,123.33333333333334,1269.25,248.66666666666666,129.66666666666674,40.0,3432.0,718.5,45.0
431,101.375,2101.75,617.125,103.0,105.19999999999999,3132.4,381.0,149.5999999999999,101.26666666666665,1143.0,560.8666666666667,166.0,87.70588235294122,967.9411764705883,1028.7058823529412,148.4117647058822,110.75,3017.75,593.0,147.0,103.0,1772.375,473.875,105.125,114.93333333333328,1858.8,775.0666666666667,131.0,99.44444444444446,3356.6666666666665,861.8888888888889,169.88888888888914,93.9230769230769,1470.7692307692307,1255.7692307692307,112.38461538461547,122.0,1267.5,247.0,130.0,38.0,3434.0,715.0,45.0
432,100.0,2105.0,613.0,102.0,103.0,3132.0,384.0,145.0,99.13333333333344,1148.0,562.9333333333333,166.0,86.35294117647072,964.4705882352941,1029.3529411764705,147.70588235294122,103.875,3019.375,592.5,144.5,101.0,1780.25,473.25,99.75,113.66666666666663,1864.0,775.3333333333334,131.0,101.66666666666663,3357.0,858.3333333333334,168.33333333333348,94.15384615384596,1475.4615384615386,1254.4615384615386,113.23076923076906,120.66666666666666,1265.75,245.33333333333334,130.33333333333326,38.0,3434.2,712.8,45.0
433,103.75,2107.375,607.875,103.25,101.66666666666669,3131.1666666666665,385.8333333333333,142.33333333333348,97.0,1153.0,565.0,166.0,85.0,961.0,1030.0,147.0,97.0,3021.0,592.0,142.0,99.0,1788.125,472.625,94.375,112.39999999999998,1869.2,775.6,131.0,103.8888888888888,3357.3333333333335,854.7777777777778,166.77777777777783,94.38461538461524,1480.1538461538462,1253.1538461538462,114.0769230769231,119.33333333333334,1264.0,243.66666666666666,130.66666666666674,38.0,3434.4,710.6,45.0
434,107.5,2109.75,602.75,104.5,100.33333333333331,3130.3333333333335,387.6666666666667,139.66666666666652,98.61538461538464,1159.2307692307693,565.8461538461538,165.0,85.61538461538476,956.7692307692307,1027.5384615384614,147.0769230769231,104.16666666666663,3021.8333333333335,582.5,140.5,97.0,1796.0,472.0,89.0,111.13333333333333,1874.4,775.8666666666667,131.0,106.1111111111112,3357.6666666666665,851.2222222222222,165.22222222222217,94.61538461538476,1484.8461538461538,1251.8461538461538,114.9230769230769,118.0,1262.25,242.0,131.0,38.0,3434.6,708.4,45.0
435,111.25,2112.125,597.625,105.75,99.0,3129.5,389.5,137.0,100.23076923076917,1165.4615384615386,566.6923076923077,164.0,86.23076923076928,952.5384615384615,1025.076923076923,147.15384615384608,111.33333333333337,3022.6666666666665,573.0,139.0,96.375,1798.625,472.125,95.375,109.86666666666667,1879.6,776.1333333333333,131.0,108.33333333333337,3358.0,847.6666666666666,163.66666666666652,94.84615384615404,1489.5384615384614,1250.5384615384614,115.76923076923094,116.66666666666666,1260.5,240.33333333333334,131.33333333333326,38.0,3434.8,706.2,45.0
436,115.0,2114.5,592.5,107.0,97.66666666666669,3128.6666666666665,391.3333333333333,134.33333333333348,101.84615384615381,1171.6923076923076,567.5384615384615,163.0,86.84615384615392,948.3076923076923,1022.6153846153846,147.23076923076917,118.5,3023.5,563.5,137.5,95.75,1801.25,472.25,101.75,108.60000000000002,1884.8,776.4,131.0,110.55555555555554,3358.3333333333335,844.1111111111111,162.11111111111086,95.0769230769231,1494.2307692307693,1249.2307692307693,116.61538461538453,115.33333333333334,1258.75,238.66666666666666,131.66666666666674,38.0,3435.0,704.0,45.0
437,118.75,2116.875,587.375,108.25,96.33333333333331,3127.8333333333335,393.1666666666667,131.66666666666652,103.46153846153845,1177.923076923077,568.3846153846154,162.0,87.46153846153834,944.0769230769231,1020.1538461538462,147.30769230769238,125.66666666666663,3024.3333333333335,554.0,136.0,95.125,1803.875,472.375,108.125,107.33333333333337,1890.0,776.6666666666666,131.0,112.77777777777783,3358.6666666666665,840.5555555555555,160.55555555555566,95.30769230769238,1498.923076923077,1247.923076923077,117.46153846153857,114.0,1257.0,237.0,132.0,38.0,3430.5714285714284,702.8571428571429,45.0
438,122.5,2119.25,582.25,109.5,95.0,3127.0,395.0,129.0,105.07692307692298,1184.1538461538462,569.2307692307693,161.0,88.07692307692298,939.8461538461538,1017.6923076923077,147.38461538461547,132.83333333333337,3025.1666666666665,544.5,134.5,94.5,1806.5,472.5,114.5,106.06666666666672,1895.2,776.9333333333333,131.0,115.0,3359.0,837.0,159.0,95.53846153846166,1503.6153846153845,1246.6153846153845,118.30769230769238,114.11111111111111,1256.3333333333333,235.11111111111111,129.55555555555566,38.0,3426.1428571428573,701.7142857142857,45.0
439,126.25,2121.625,577.125,110.75,98.83333333333331,3125.1666666666665,396.0,127.0,106.69230769230762,1190.3846153846155,570.0769230769231,160.0,88.69230769230762,935.6153846153846,1015.2307692307693,147.46153846153845,140.0,3026.0,535.0,133.0,93.875,1809.125,472.625,120.875,104.79999999999995,1900.4,777.2,131.0,113.66666666666663,3358.9166666666665,833.5833333333334,159.0,95.76923076923072,1508.3076923076924,1245.3076923076924,119.15384615384619,114.22222222222223,1255.6666666666667,233.22222222222223,127.11111111111109,38.0,3421.714285714286,700.5714285714286,45.0
440,130.0,2124.0,572.0,112.0,102.66666666666669,3123.3333333333335,397.0,125.0,108.30769230769238,1196.6153846153845,570.9230769230769,159.0,89.30769230769238,931.3846153846154,1012.7692307692307,147.53846153846155,133.60000000000002,3025.4,529.6,133.0,93.25,1811.75,472.75,127.25,103.5333333333333,1905.6,777.4666666666667,131.0,112.33333333333337,3358.8333333333335,830.1666666666666,159.0,96.0,1513.0,1244.0,120.0,114.33333333333334,1255.0,231.33333333333334,124.66666666666674,38.0,3417.285714285714,699.4285714285714,45.0
441,127.0,2128.5,571.75,110.5,106.5,3121.5,398.0,123.0,109.92307692307702,1202.8461538461538,571.7692307692307,158.0,89.92307692307702,927.1538461538462,1010.3076923076923,147.61538461538453,127.19999999999993,3024.8,524.2,133.0,92.625,1814.375,472.875,133.625,102.26666666666665,1910.8,777.7333333333333,131.0,111.0,3358.75,826.75,159.0,96.0,1517.6875,1242.0625,120.0,114.44444444444446,1254.3333333333333,229.44444444444446,122.2222222222224,38.0,3412.8571428571427,698.2857142857143,45.0
442,124.0,2133.0,571.5,109.0,110.33333333333331,3119.6666666666665,399.0,121.0,111.53846153846155,1209.076923076923,572.6153846153846,157.0,90.53846153846166,922.9230769230769,1007.8461538461538,147.69230769230762,120.80000000000007,3024.2,518.8,133.0,92.0,1817.0,473.0,140.0,101.0,1916.0,778.0,131.0,109.66666666666663,3358.6666666666665,823.3333333333334,159.0,96.0,1522.375,1240.125,120.0,114.55555555555554,1253.6666666666667,227.55555555555554,119.7777777777776,38.0,3408.4285714285716,697.1428571428571,45.0
443,121.0,2137.5,571.25,107.5,114.16666666666663,3117.8333333333335,400.0,119.0,113.15384615384619,1215.3076923076924,573.4615384615385,156.0,91.15384615384608,918.6923076923077,1005.3846153846154,147.76923076923083,114.39999999999998,3023.6,513.4,133.0,91.99999999999994,1823.7692307692307,473.3076923076923,140.0,102.16666666666663,1922.6666666666667,778.25,130.33333333333326,108.33333333333337,3358.5833333333335,819.9166666666666,159.0,96.0,1527.0625,1238.1875,120.0,114.66666666666666,1253.0,225.66666666666666,117.33333333333326,38.0,3404.0,696.0,45.0
444,118.0,2142.0,571.0,106.0,118.0,3116.0,401.0,117.0,114.76923076923083,1221.5384615384614,574.3076923076923,155.0,91.76923076923072,914.4615384615385,1002.9230769230769,147.84615384615392,108.0,3023.0,508.0,133.0,92.0,1830.5384615384614,473.61538461538464,140.0,103.33333333333337,1929.3333333333333,778.5,129.66666666666674,107.0,3358.5,816.5,159.0,96.0,1531.75,1236.25,120.0,114.77777777777777,1252.3333333333333,223.77777777777777,114.88888888888891,38.59999999999991,3401.8,694.2,44.79999999999973
445,115.0,2146.5,570.75,104.5,111.75,3107.5,405.75,120.75,116.38461538461536,1227.7692307692307,575.1538461538462,154.0,92.38461538461536,910.2307692307693,1000.4615384615385,147.9230769230769,110.85714285714289,3020.5714285714284,504.57142857142856,134.71428571428578,92.0,1837.3076923076924,473.9230769230769,140.0,104.5,1936.0,778.75,129.0,105.66666666666663,3358.4166666666665,813.0833333333334,159.0,96.0,1536.4375,1234.3125,120.0,114.88888888888889,1251.6666666666667,221.88888888888889,112.44444444444434,39.200000000000045,3399.6,692.4,44.59999999999991
446,112.0,2151.0,570.5,103.0,105.5,3099.0,410.5,124.5,118.0,1234.0,576.0,153.0,93.0,906.0,998.0,148.0,113.71428571428572,3018.1428571428573,501.14285714285717,136.4285714285711,92.00000000000006,1844.076923076923,474.2307692307692,140.0,105.66666666666663,1942.6666666666667,779.0,128.33333333333326,104.33333333333337,3358.3333333333335,809.6666666666666,159.0,96.0,1541.125,1232.375,120.0,115.0,1251.0,220.0,110.0,39.799999999999955,3397.4,690.6,44.40000000000009
447,109.0,2155.5,570.25,101.5,99.25,3090.5,415.25,128.25,117.20000000000005,1240.7333333333333,576.8666666666667,151.86666666666656,91.55555555555566,902.1111111111111,1000.2222222222222,149.77777777777783,116.57142857142861,3015.714285714286,497.7142857142857,138.14285714285688,92.0,1850.8461538461538,474.53846153846155,140.0,106.83333333333337,1949.3333333333333,779.25,127.66666666666674,103.0,3358.25,806.25,159.0,96.0,1545.8125,1230.4375,120.0,117.81818181818178,1249.1818181818182,216.27272727272728,110.72727272727275,40.40000000000009,3395.2,688.8,44.20000000000027
448,106.0,2160.0,570.0,100.0,93.0,3082.0,420.0,132.0,116.39999999999998,1247.4666666666667,577.7333333333333,150.73333333333335,90.1111111111112,898.2222222222222,1002.4444444444445,151.55555555555566,119.42857142857139,3013.285714285714,494.2857142857143,139.85714285714312,91.99999999999994,1857.6153846153845,474.84615384615387,140.0,108.0,1956.0,779.5,127.0,101.66666666666663,3358.1666666666665,802.8333333333334,159.0,96.0,1550.5,1228.5,120.0,120.63636363636365,1247.3636363636363,212.54545454545453,111.4545454545455,41.0,3393.0,687.0,44.0
449,105.75,2163.5833333333335,568.9166666666666,103.08333333333303,93.0,3082.25,420.75,126.75,115.60000000000002,1254.2,578.6,149.5999999999999,88.66666666666663,894.3333333333334,1004.6666666666666,153.33333333333337,122.28571428571428,3010.8571428571427,490.85714285714283,141.5714285714289,92.00000000000006,1864.3846153846155,475.15384615384613,140.0,109.16666666666663,1962.6666666666667,779.75,126.33333333333326,100.33333333333337,3358.0833333333335,799.4166666666666,159.0,96.0,1555.1875,1226.5625,120.0,123.45454545454544,1245.5454545454545,208.8181818181818,112.18181818181824,41.571428571428555,3391.285714285714,684.1428571428571,44.0
450,105.5,2167.1666666666665,567.8333333333334,106.16666666666697,93.0,3082.5,421.5,121.5,114.79999999999995,1260.9333333333334,579.4666666666667,148.4666666666667,87.22222222222217,890.4444444444445,1006.8888888888889,155.1111111111112,125.14285714285711,3008.4285714285716,487.42857142857144,143.28571428571422,92.0,1871.1538461538462,475.46153846153845,140.0,110.33333333333337,1969.3333333333333,780.0,125.66666666666674,99.0,3358.0,796.0,159.0,96.0,1559.875,1224.625,120.0,126.27272727272728,1243.7272727272727,205.0909090909091,112.90909090909099,42.14285714285711,3389.5714285714284,681.2857142857143,44.0
451,105.25,2170.75,566.75,109.25,93.0,3082.75,422.25,116.25,114.0,1267.6666666666667,580.3333333333334,147.33333333333326,85.77777777777783,886.5555555555555,1009.1111111111111,156.8888888888888,128.0,3006.0,484.0,145.0,91.99999999999994,1877.923076923077,475.7692307692308,140.0,111.5,1976.0,780.25,125.0,98.0,3352.5555555555557,794.3333333333334,162.11111111111086,96.0,1564.5625,1222.6875,120.0,129.09090909090907,1241.909090909091,201.36363636363637,113.63636363636351,42.714285714285666,3387.8571428571427,678.4285714285714,44.0
452,105.0,2174.3333333333335,565.6666666666666,112.33333333333303,93.0,3083.0,423.0,111.0,113.19999999999993,1274.4,581.2,146.19999999999982,84.33333333333337,882.6666666666666,1011.3333333333334,158.66666666666663,127.25,3004.75,478.75,145.0,92.0,1884.6923076923076,476.0769230769231,140.0,112.66666666666663,1982.6666666666667,780.5,124.33333333333326,97.0,3347.1111111111113,792.6666666666666,165.22222222222217,96.0,1569.25,1220.75,120.0,131.90909090909093,1240.090909090909,197.63636363636363,114.36363636363649,43.285714285714334,3386.1428571428573,675.5714285714286,44.0
453,104.75,2177.9166666666665,564.5833333333334,115.41666666666697,93.99999999999994,3081.3333333333335,423.6666666666667,111.33333333333303,112.39999999999998,1281.1333333333334,582.0666666666667,145.0666666666666,82.8888888888888,878.7777777777778,1013.5555555555555,160.44444444444434,126.5,3003.5,473.5,145.0,92.0,1891.4615384615386,476.38461538461536,140.0,113.83333333333337,1989.3333333333333,780.75,123.66666666666674,96.0,3341.6666666666665,791.0,168.33333333333348,96.0,1573.9375,1218.8125,120.0,134.72727272727272,1238.2727272727273,193.9090909090909,115.09090909090901,43.85714285714289,3384.4285714285716,672.7142857142857,44.0
454,104.5,2181.5,563.5,118.5,95.00000000000006,3079.6666666666665,424.3333333333333,111.66666666666697,111.60000000000002,1287.8666666666666,582.9333333333333,143.9333333333334,81.44444444444434,874.8888888888889,1015.7777777777778,162.22222222222217,125.75,3002.25,468.25,145.0,92.00000000000006,1898.2307692307693,476.6923076923077,140.0,115.0,1996.0,781.0,123.0,95.0,3336.222222222222,789.3333333333334,171.44444444444434,96.0,1578.625,1216.875,120.0,137.54545454545456,1236.4545454545455,190.1818181818182,115.81818181818176,44.428571428571445,3382.714285714286,669.8571428571429,44.0
455,104.25,2185.0833333333335,562.4166666666666,121.58333333333303,96.0,3078.0,425.0,112.0,110.80000000000007,1294.6,583.8,142.80000000000018,80.0,871.0,1018.0,164.0,125.0,3001.0,463.0,145.0,92.0,1905.0,477.0,140.0,115.0,1999.1666666666667,782.3333333333334,122.99999999999977,94.0,3330.777777777778,787.6666666666666,174.55555555555566,96.0,1583.3125,1214.9375,120.0,140.36363636363637,1234.6363636363637,186.45454545454544,116.5454545454545,45.0,3381.0,667.0,44.0
456,104.0,2188.6666666666665,561.3333333333334,124.66666666666697,96.99999999999994,3076.3333333333335,425.6666666666667,112.33333333333303,110.0,1301.3333333333333,584.6666666666666,141.66666666666674,81.1111111111112,868.2222222222222,1018.6666666666666,160.77777777777783,125.0,3001.2,458.0,145.0,92.00000000000006,1911.5,477.7857142857143,140.0,115.0,2002.3333333333333,783.6666666666666,123.00000000000023,93.0,3325.3333333333335,786.0,177.66666666666652,96.0,1588.0,1213.0,120.0,143.18181818181822,1232.8181818181818,182.72727272727272,117.27272727272725,45.0,3376.6,665.6,44.0
457,103.75,2192.25,560.25,127.75,98.00000000000006,3074.6666666666665,426.3333333333333,112.66666666666697,109.20000000000005,1308.0666666666666,585.5333333333333,140.5333333333333,82.22222222222229,865.4444444444445,1019.3333333333334,157.55555555555554,125.0,3001.4,453.0,145.0,92.0,1918.0,478.57142857142856,140.0,115.0,2005.5,785.0,123.0,92.0,3319.8888888888887,784.3333333333334,180.77777777777783,96.0,1592.5333333333333,1211.6,120.0,146.0,1231.0,179.0,118.0,45.0,3372.2,664.2,44.0
458,103.5,2195.8333333333335,559.1666666666666,130.83333333333303,99.0,3073.0,427.0,113.0,108.39999999999998,1314.8,586.4,139.4000000000001,83.33333333333326,862.6666666666666,1020.0,154.33333333333337,125.0,3001.6,448.0,145.0,92.00000000000006,1924.5,479.35714285714283,140.0,115.0,2008.6666666666667,786.3333333333334,122.99999999999977,91.0,3314.4444444444443,782.6666666666666,183.88888888888914,96.0,1597.0666666666666,1210.2,120.0,144.5,1230.25,176.875,116.5,45.0,3367.8,662.8,44.0
459,103.25,2199.4166666666665,558.0833333333334,133.91666666666697,105.20000000000005,3073.4,429.0,110.59999999999991,107.60000000000002,1321.5333333333333,587.2666666666667,138.26666666666665,84.44444444444446,859.8888888888889,1020.6666666666666,151.1111111111111,125.0,3001.8,443.0,145.0,91.99999999999994,1931.0,480.14285714285717,140.0,115.0,2011.8333333333333,787.6666666666666,123.00000000000023,90.0,3309.0,781.0,187.0,96.0,1601.6,1208.8,120.0,143.0,1229.5,174.75,115.0,45.0,3363.4,661.4,44.0
460,103.0,2203.0,557.0,137.0,111.39999999999998,3073.8,431.0,108.19999999999982,106.79999999999995,1328.2666666666667,588.1333333333333,137.13333333333344,85.55555555555554,857.1111111111111,1021.3333333333334,147.8888888888889,125.0,3002.0,438.0,145.0,92.0,1937.5,480.92857142857144,140.0,115.0,2015.0,789.0,123.0,91.70000000000005,3308.6,778.8,184.5999999999999,96.0,1606.1333333333334,1207.4,120.0,141.5,1228.75,172.625,113.5,45.0,3359.0,660.0,44.0
461,102.93333333333328,2208.2,556.2,137.33333333333348,117.60000000000002,3074.2,433.0,105.80000000000018,106.0,1335.0,589.0,136.0,86.66666666666674,854.3333333333334,1022.0,144.66666666666663,121.0,2997.0,440.5,152.75,91.99999999999994,1944.0,481.7142857142857,140.0,113.625,2022.625,789.875,121.75,93.39999999999998,3308.2,776.6,182.20000000000027,96.0,1610.6666666666667,1206.0,120.0,140.0,1228.0,170.5,112.0,45.0,3358.5714285714284,657.8571428571429,44.0
462,102.86666666666667,2213.4,555.4,137.66666666666652,123.79999999999995,3074.6,435.0,103.40000000000009,106.58333333333337,1341.0833333333333,588.6666666666666,133.91666666666674,87.77777777777771,851.5555555555555,1022.6666666666666,141.44444444444446,117.0,2992.0,443.0,160.5,92.0,1950.5,482.5,140.0,112.25,2030.25,790.75,120.5,95.10000000000002,3307.8,774.4,179.79999999999973,96.0,1615.2,1204.6,120.0,138.5,1227.25,168.375,110.5,45.0,3358.1428571428573,655.7142857142857,44.0
463,102.79999999999995,2218.6,554.6,138.0,130.0,3075.0,437.0,101.0,107.16666666666663,1347.1666666666667,588.3333333333334,131.83333333333326,88.8888888888888,848.7777777777778,1023.3333333333334,138.22222222222217,113.0,2987.0,445.5,168.25,92.00000000000006,1957.0,483.2857142857143,140.0,110.875,2037.875,791.625,119.25,96.79999999999995,3307.4,772.2,177.4000000000001,96.0,1619.7333333333333,1203.2,120.0,137.0,1226.5,166.25,109.0,45.0,3357.714285714286,653.5714285714286,44.0
464,102.73333333333335,2223.8,553.8,138.33333333333303,129.4285714285715,3074.4285714285716,439.85714285714283,100.4285714285711,107.75,1353.25,588.0,129.75,90.0,846.0,1024.0,135.0,109.0,2982.0,448.0,176.0,92.0,1963.5,484.07142857142856,140.0,109.5,2045.5,792.5,118.0,98.5,3307.0,770.0,175.0,96.0,1624.2666666666667,1201.8,120.0,135.5,1225.75,164.125,107.5,45.0,3357.285714285714,651.4285714285714,44.0
465,102.66666666666663,2229.0,553.0,138.66666666666652,128.85714285714283,3073.8571428571427,442.7142857142857,99.85714285714312,108.33333333333337,1359.3333333333333,587.6666666666666,127.66666666666674,91.79999999999995,842.6,1025.0,136.60000000000002,107.60000000000002,2977.2,447.0,175.4000000000001,92.00000000000006,1970.0,484.85714285714283,140.0,108.125,2053.125,793.375,116.75,100.20000000000005,3306.6,767.8,172.5999999999999,96.0,1628.8,1200.4,120.0,134.0,1225.0,162.0,106.0,45.0,3356.8571428571427,649.2857142857143,44.0
466,102.59999999999991,2234.2,552.2,139.0,128.28571428571433,3073.285714285714,445.57142857142856,99.28571428571422,108.91666666666663,1365.4166666666667,587.3333333333334,125.58333333333326,93.59999999999991,839.2,1026.0,138.19999999999993,106.20000000000005,2972.4,446.0,174.79999999999973,91.99999999999994,1976.5,485.64285714285717,140.0,106.75,2060.75,794.25,115.5,101.89999999999998,3306.2,765.6,170.20000000000027,96.0,1633.3333333333333,1199.0,120.0,133.36363636363637,1223.2727272727273,160.63636363636363,107.36363636363649,45.0,3356.4285714285716,647.1428571428571,44.0
467,102.5333333333333,2239.4,551.4,139.33333333333303,127.71428571428567,3072.714285714286,448.42857142857144,98.71428571428578,109.5,1371.5,587.0,123.5,95.40000000000009,835.8,1027.0,139.80000000000007,104.79999999999995,2967.6,445.0,174.20000000000027,92.0,1983.0,486.42857142857144,140.0,105.375,2068.375,795.125,114.25,103.60000000000002,3305.8,763.4,167.79999999999973,96.0,1637.8666666666666,1197.6,120.0,132.72727272727272,1221.5454545454545,159.27272727272728,108.72727272727275,45.0,3356.0,645.0,44.0
468,102.4666666666667,2244.6,550.6,139.66666666666697,127.14285714285717,3072.1428571428573,451.2857142857143,98.14285714285688,110.08333333333337,1377.5833333333333,586.6666666666666,121.41666666666674,97.20000000000005,832.4,1028.0,141.39999999999998,103.39999999999998,2962.8,444.0,173.5999999999999,91.99999999999994,1989.5,487.2142857142857,140.0,104.0,2076.0,796.0,113.0,105.29999999999995,3305.4,761.2,165.4000000000001,96.0,1642.4,1196.2,120.0,132.0909090909091,1219.8181818181818,157.9090909090909,110.09090909090924,45.0,3353.0,642.6666666666666,44.0
469,102.40000000000009,2249.8,549.8,140.0,126.5714285714285,3071.5714285714284,454.14285714285717,97.5714285714289,110.66666666666663,1383.6666666666667,586.3333333333334,119.33333333333326,99.0,829.0,1029.0,143.0,102.0,2958.0,443.0,173.0,92.0,1996.0,488.0,140.0,103.71428571428578,2076.714285714286,796.7142857142857,117.14285714285688,107.0,3305.0,759.0,163.0,96.0,1646.9333333333334,1194.8,120.0,131.45454545454547,1218.090909090909,156.54545454545453,111.4545454545455,45.0,3350.0,640.3333333333334,44.0
470,102.33333333333337,2255.0,549.0,140.33333333333348,126.0,3071.0,457.0,97.0,111.25,1389.75,586.0,117.25,97.90909090909076,826.7272727272727,1031.1818181818182,141.5454545454545,102.63636363636368,2953.7272727272725,442.1818181818182,173.0,92.5333333333333,2002.1333333333334,489.4,140.06666666666638,103.42857142857144,2077.4285714285716,797.4285714285714,121.28571428571422,104.59999999999991,3298.6,762.2,165.30000000000018,96.0,1651.4666666666667,1193.4,120.0,130.8181818181818,1216.3636363636363,155.1818181818182,112.81818181818198,45.0,3347.0,638.0,44.0
471,102.26666666666665,2260.2,548.2,140.66666666666697,120.20000000000005,3071.6,463.4,97.0,111.83333333333337,1395.8333333333333,585.6666666666666,115.16666666666674,96.81818181818198,824.4545454545455,1033.3636363636363,140.090909090909,103.27272727272725,2949.4545454545455,441.3636363636364,173.0,93.06666666666666,2008.2666666666667,490.8,140.13333333333344,103.14285714285722,2078.1428571428573,798.1428571428571,125.4285714285711,102.20000000000005,3292.2,765.4,167.60000000000036,96.0,1656.0,1192.0,120.0,130.1818181818182,1214.6363636363637,153.8181818181818,114.18181818181802,45.0,3344.0,635.6666666666666,44.0
472,102.20000000000005,2265.4,547.4,141.0,114.40000000000003,3072.2,469.8,97.0,112.41666666666663,1401.9166666666667,585.3333333333334,113.08333333333326,95.72727272727275,822.1818181818181,1035.5454545454545,138.63636363636374,103.90909090909093,2945.181818181818,440.54545454545456,173.0,93.59999999999997,2014.4,492.2,140.19999999999982,102.85714285714278,2078.8571428571427,798.8571428571429,129.5714285714289,99.79999999999995,3285.8,768.6,169.89999999999964,95.5882352941178,1661.1764705882354,1190.2941176470588,119.05882352941171,129.54545454545453,1212.909090909091,152.45454545454547,115.5454545454545,45.0,3341.0,633.3333333333334,44.0
473,102.13333333333333,2270.6,546.6,141.33333333333348,108.59999999999997,3072.8,476.2,97.0,113.0,1408.0,585.0,111.0,94.63636363636351,819.9090909090909,1037.7272727272727,137.18181818181824,104.5454545454545,2940.909090909091,439.72727272727275,173.0,94.13333333333333,2020.5333333333333,493.6,140.26666666666688,102.57142857142856,2079.5714285714284,799.5714285714286,133.71428571428578,97.40000000000009,3279.4,771.8,172.19999999999982,95.17647058823536,1666.3529411764705,1188.5882352941176,118.11764705882365,128.9090909090909,1211.1818181818182,151.0909090909091,116.90909090909076,45.0,3338.0,631.0,44.0
474,102.06666666666672,2275.8,545.8,141.66666666666652,102.79999999999995,3073.4,482.6,97.0,112.88888888888891,1409.6666666666667,584.5555555555555,115.0,93.5454545454545,817.6363636363636,1039.909090909091,135.72727272727275,105.18181818181819,2936.6363636363635,438.90909090909093,173.0,94.66666666666663,2026.6666666666667,495.0,140.33333333333326,102.28571428571422,2080.285714285714,800.2857142857143,137.85714285714312,95.0,3273.0,775.0,174.5,94.76470588235293,1671.5294117647059,1186.8823529411766,117.17647058823536,128.27272727272728,1209.4545454545455,149.72727272727272,118.27272727272725,45.0,3336.75,628.0,44.0
475,102.0,2281.0,545.0,142.0,97.0,3074.0,489.0,97.0,112.77777777777783,1411.3333333333333,584.1111111111111,119.0,92.4545454545455,815.3636363636364,1042.090909090909,134.27272727272725,105.81818181818181,2932.3636363636365,438.09090909090907,173.0,95.20000000000005,2032.8,496.4,140.39999999999986,102.0,2081.0,801.0,142.0,92.59999999999991,3266.6,778.2,176.80000000000018,94.3529411764705,1676.7058823529412,1185.1764705882354,116.23529411764707,127.63636363636363,1207.7272727272727,148.36363636363637,119.63636363636351,45.0,3335.5,625.0,44.0
476,101.5,2286.3125,545.6875,142.0625,102.00000000000006,3072.6666666666665,492.8333333333333,98.16666666666697,112.66666666666674,1413.0,583.6666666666666,123.0,91.36363636363649,813.0909090909091,1044.2727272727273,132.81818181818176,106.4545454545455,2928.090909090909,437.27272727272725,173.0,95.73333333333329,2038.9333333333334,497.8,140.4666666666667,102.60000000000002,2095.4,803.6,135.4000000000001,90.20000000000005,3260.2,781.4,179.10000000000036,93.94117647058829,1681.8823529411766,1183.4705882352941,115.29411764705878,127.0,1206.0,147.0,121.0,45.0,3334.25,622.0,44.0
477,101.0,2291.625,546.375,142.125,106.99999999999994,3071.3333333333335,496.6666666666667,99.33333333333303,112.55555555555566,1414.6666666666667,583.2222222222222,127.0,90.27272727272725,810.8181818181819,1046.4545454545455,131.36363636363626,107.09090909090907,2923.818181818182,436.45454545454544,173.0,96.26666666666671,2045.0666666666666,499.2,140.5333333333333,103.19999999999993,2109.8,806.2,128.79999999999973,87.79999999999995,3253.8,784.6,181.39999999999964,93.52941176470586,1687.0588235294117,1181.764705882353,114.35294117647072,127.28571428571428,1206.5,146.5,122.5,45.0,3333.0,619.0,44.0
478,100.5,2296.9375,547.0625,142.1875,112.0,3070.0,500.5,100.5,112.44444444444434,1416.3333333333333,582.7777777777778,131.0,89.18181818181802,808.5454545454545,1048.6363636363637,129.909090909091,107.72727272727275,2919.5454545454545,435.6363636363636,173.0,96.79999999999995,2051.2,500.6,140.60000000000036,103.80000000000007,2124.2,808.8,122.20000000000027,85.40000000000009,3247.4,787.8,183.69999999999982,93.11764705882365,1692.235294117647,1180.0588235294117,113.41176470588243,127.57142857142856,1207.0,146.0,124.0,45.0,3329.4,616.0,44.0
479,100.0,2302.25,547.75,142.25,117.00000000000006,3068.6666666666665,504.3333333333333,101.66666666666697,112.33333333333326,1418.0,582.3333333333334,135.0,88.09090909090924,806.2727272727273,1050.8181818181818,128.4545454545455,108.36363636363632,2915.2727272727275,434.8181818181818,173.0,97.33333333333337,2057.3333333333335,502.0,140.66666666666652,104.39999999999998,2138.6,811.4,115.59999999999991,83.0,3241.0,791.0,186.0,92.70588235294122,1697.4117647058824,1178.3529411764705,112.47058823529414,127.85714285714283,1207.5,145.5,125.5,45.0,3325.8,613.0,44.0
480,99.5,2307.5625,548.4375,142.3125,121.99999999999994,3067.3333333333335,508.1666666666667,102.83333333333303,112.22222222222217,1419.6666666666667,581.8888888888889,139.0,87.0,804.0,1053.0,127.0,109.0,2911.0,434.0,173.0,97.86666666666667,2063.4666666666667,503.4,140.73333333333312,105.0,2153.0,814.0,109.0,83.0,3240.0,791.5,183.625,92.29411764705878,1702.5882352941176,1176.6470588235295,111.52941176470586,128.14285714285717,1208.0,145.0,127.0,45.0,3322.2,610.0,44.0
481,99.0,2312.875,549.125,142.375,127.0,3066.0,512.0,104.0,112.11111111111109,1421.3333333333333,581.4444444444445,143.0,87.0,802.9090909090909,1054.3636363636363,127.0,110.10000000000002,2909.8,430.5,171.89999999999964,98.40000000000003,2069.6,504.8,140.80000000000018,105.0,2153.6666666666665,815.1666666666666,113.66666666666697,83.0,3239.0,792.0,181.25,91.88235294117635,1707.764705882353,1174.9411764705883,110.58823529411757,128.42857142857144,1208.5,144.5,128.5,45.0,3318.6,607.0,44.0
482,98.5,2318.1875,549.8125,142.4375,123.14285714285722,3064.714285714286,517.1428571428571,106.57142857142844,112.0,1423.0,581.0,147.0,87.0,801.8181818181819,1055.7272727272727,127.0,111.20000000000005,2908.6,427.0,170.80000000000018,98.93333333333334,2075.733333333333,506.2,140.8666666666668,105.0,2154.3333333333335,816.3333333333334,118.33333333333303,83.0,3238.0,792.5,178.875,91.47058823529414,1712.9411764705883,1173.235294117647,109.64705882352928,128.71428571428572,1209.0,144.0,130.0,45.0,3315.0,604.0,44.0
483,98.0,2323.5,550.5,142.5,119.28571428571422,3063.4285714285716,522.2857142857143,109.14285714285688,111.91666666666663,1431.3333333333333,579.75,145.41666666666674,87.0,800.7272727272727,1057.090909090909,127.0,112.29999999999995,2907.4,423.5,169.69999999999982,99.4666666666667,2081.866666666667,507.6,140.9333333333334,105.0,2155.0,817.5,123.0,83.0,3237.0,793.0,176.5,91.05882352941171,1718.1176470588234,1171.5294117647059,108.70588235294122,129.0,1209.5,143.5,131.5,45.0,3313.25,602.0,44.0
484,97.5,2328.8125,551.1875,142.5625,115.42857142857144,3062.1428571428573,527.4285714285714,111.71428571428532,111.83333333333337,1439.6666666666667,578.5,143.83333333333326,87.0,799.6363636363636,1058.4545454545455,127.0,113.39999999999998,2906.2,420.0,168.60000000000036,100.0,2088.0,509.0,141.0,105.0,2155.6666666666665,818.6666666666666,127.66666666666697,83.0,3236.0,793.5,174.125,90.6470588235295,1723.2941176470588,1169.8235294117646,107.76470588235293,129.28571428571428,1210.0,143.0,133.0,45.0,3311.5,600.0,44.0
485,97.0,2334.125,551.875,142.625,111.57142857142856,3060.8571428571427,532.5714285714286,114.28571428571468,111.75,1448.0,577.25,142.25,87.0,798.5454545454545,1059.8181818181818,127.0,114.5,2905.0,416.5,167.5,100.0,2094.5,509.57142857142856,141.0,105.0,2156.3333333333335,819.8333333333334,132.33333333333303,83.0,3235.0,794.0,171.75,90.23529411764707,1728.4705882352941,1168.1176470588234,106.82352941176464,129.57142857142856,1210.5,142.5,134.5,45.0,3309.75,598.0,44.0
486,96.5,2339.4375,552.5625,142.6875,107.71428571428578,3059.5714285714284,537.7142857142857,116.85714285714312,111.66666666666663,1456.3333333333333,576.0,140.66666666666674,87.0,797.4545454545455,1061.1818181818182,127.0,115.60000000000002,2903.8,413.0,166.39999999999964,99.99999999999994,2101.0,510.14285714285717,141.0,105.0,2157.0,821.0,137.0,83.0,3234.0,794.5,169.375,89.82352941176464,1733.6470588235295,1166.4117647058824,105.88235294117635,129.85714285714283,1211.0,142.0,136.0,45.0,3308.0,596.0,44.0
487,96.0,2344.75,553.25,142.75,103.85714285714278,3058.285714285714,542.8571428571429,119.42857142857156,111.58333333333337,1464.6666666666667,574.75,139.08333333333326,87.0,796.3636363636364,1062.5454545454545,127.0,116.70000000000005,2902.6,409.5,165.30000000000018,99.99999999999994,2107.5,510.7142857142857,141.0,104.39999999999998,2165.7,822.6,133.10000000000036,83.0,3233.0,795.0,167.0,89.4117647058822,1738.8235294117646,1164.7058823529412,104.94117647058829,130.14285714285717,1211.5,141.5,137.5,45.0,3306.25,594.0,44.0
488,95.5,2350.0625,553.9375,142.8125,100.0,3057.0,548.0,122.0,111.5,1473.0,573.5,137.5,87.0,795.2727272727273,1063.909090909091,127.0,117.79999999999995,2901.4,406.0,164.19999999999982,100.00000000000006,2114.0,511.2857142857143,141.0,103.79999999999995,2174.4,824.2,129.19999999999982,86.875,3228.5,797.125,167.0,89.0,1744.0,1163.0,104.0,130.42857142857144,1212.0,141.0,139.0,45.0,3304.5,592.0,44.0
489,95.0,2355.375,554.625,142.875,99.16666666666663,3049.8333333333335,549.8333333333334,129.83333333333303,111.41666666666663,1481.3333333333333,572.25,135.91666666666674,87.0,794.1818181818181,1065.2727272727273,127.0,118.89999999999998,2900.2,402.5,163.10000000000036,100.00000000000006,2120.5,511.85714285714283,141.0,103.20000000000005,2183.1,825.8,125.30000000000018,90.75,3224.0,799.25,167.0,89.69230769230785,1748.923076923077,1161.5384615384614,104.84615384615381,130.71428571428572,1212.5,140.5,140.5,45.0,3302.75,590.0,44.0
490,94.5,2360.6875,555.3125,142.9375,98.33333333333337,3042.6666666666665,551.6666666666666,137.66666666666697,111.33333333333337,1489.6666666666667,571.0,134.33333333333326,87.0,793.0909090909091,1066.6363636363637,127.0,120.0,2899.0,399.0,162.0,100.0,2127.0,512.4285714285714,141.0,102.60000000000002,2191.8,827.4,121.39999999999964,94.625,3219.5,801.375,167.0,90.38461538461547,1753.8461538461538,1160.076923076923,105.69230769230762,131.0,1213.0,140.0,142.0,45.0,3301.0,588.0,44.0
491,94.0,2366.0,556.0,143.0,97.5,3035.5,553.5,145.5,111.25,1498.0,569.75,132.75,87.0,792.0,1068.0,127.0,120.0,2899.4444444444443,396.8888888888889,162.0,100.0,2133.5,513.0,141.0,102.0,2200.5,829.0,117.5,98.5,3215.0,803.5,167.0,91.0769230769231,1758.7692307692307,1158.6153846153845,106.53846153846166,131.0,1215.1818181818182,140.36363636363637,142.0,43.66666666666674,3299.8333333333335,586.6666666666666,44.0
492,94.78571428571433,2371.785714285714,556.5714285714286,143.64285714285734,96.66666666666663,3028.3333333333335,555.3333333333334,153.33333333333303,111.16666666666663,1506.3333333333333,568.5,131.16666666666674,88.14285714285711,791.5,1069.0714285714287,127.0,120.00000000000006,2899.8888888888887,394.77777777777777,162.0,100.0,2140.0,513.5714285714286,141.0,101.39999999999998,2209.2,830.6,113.60000000000036,102.375,3210.5,805.625,167.0,91.76923076923072,1763.6923076923076,1157.1538461538462,107.38461538461547,131.00000000000003,1217.3636363636363,140.72727272727272,142.0,42.33333333333326,3298.6666666666665,585.3333333333334,44.0
493,95.57142857142856,2377.5714285714284,557.1428571428571,144.28571428571422,95.83333333333337,3021.1666666666665,557.1666666666666,161.16666666666697,111.08333333333337,1514.6666666666667,567.25,129.58333333333326,89.28571428571422,791.0,1070.142857142857,127.0,119.99999999999994,2900.3333333333335,392.6666666666667,162.0,100.0,2146.5,514.1428571428571,141.0,100.79999999999995,2217.9,832.2,109.69999999999982,106.25,3206.0,807.75,167.0,92.46153846153857,1768.6153846153845,1155.6923076923076,108.23076923076928,130.99999999999997,1219.5454545454545,141.0909090909091,142.0,41.0,3297.5,584.0,44.0
494,96.35714285714289,2383.3571428571427,557.7142857142857,144.92857142857156,95.0,3014.0,559.0,169.0,111.0,1523.0,566.0,128.0,90.42857142857133,790.5,1071.2142857142858,127.0,120.0,2900.777777777778,390.55555555555554,162.0,100.0,2153.0,514.7142857142857,141.0,100.20000000000005,2226.6,833.8,105.80000000000018,110.125,3201.5,809.875,167.0,93.15384615384619,1773.5384615384614,1154.2307692307693,109.0769230769231,130.99999999999997,1221.7272727272727,141.45454545454547,142.0,39.66666666666674,3296.3333333333335,582.6666666666666,44.0
495,97.14285714285711,2389.1428571428573,558.2857142857143,145.57142857142844,92.66666666666663,3014.3333333333335,561.0,175.0,111.0,1527.5333333333333,564.6666666666666,128.0,91.57142857142867,790.0,1072.2857142857142,127.0,120.0,2901.222222222222,388.44444444444446,162.0,100.0,2159.5,515.2857142857143,141.0,99.60000000000002,2235.3,835.4,101.89999999999964,114.0,3197.0,812.0,167.0,93.84615384615381,1778.4615384615386,1152.7692307692307,109.9230769230769,131.0,1223.909090909091,141.8181818181818,142.0,38.33333333333326,3295.1666666666665,581.3333333333334,44.0
496,97.92857142857144,2394.9285714285716,558.8571428571429,146.21428571428578,90.33333333333337,3014.6666666666665,563.0,181.0,111.0,1532.0666666666666,563.3333333333334,128.0,92.71428571428578,789.5,1073.357142857143,127.0,120.0,2901.6666666666665,386.3333333333333,162.0,100.0,2166.0,515.8571428571429,141.0,99.0,2244.0,837.0,98.0,112.22222222222217,3195.8888888888887,814.3333333333334,166.0,94.53846153846143,1783.3846153846155,1151.3076923076924,110.76923076923072,131.0,1226.090909090909,142.1818181818182,142.0,37.0,3294.0,580.0,44.0
497,98.71428571428567,2400.714285714286,559.4285714285714,146.85714285714266,88.0,3015.0,565.0,187.0,111.0,1536.6,562.0,128.0,93.85714285714289,789.0,1074.4285714285713,127.0,120.0,2902.1111111111113,384.22222222222223,162.0,100.0,2172.5,516.4285714285714,141.0,100.0,2244.5,836.0,102.75,110.44444444444446,3194.777777777778,816.6666666666666,165.0,95.23076923076928,1788.3076923076924,1149.8461538461538,111.61538461538453,131.00000000000003,1228.2727272727273,142.54545454545453,142.0,37.0,3291.6,577.6,44.0
498,99.5,2406.5,560.0,147.5,92.66666666666663,3019.6666666666665,564.0,187.0,111.0,1541.1333333333334,560.6666666666666,128.0,95.0,788.5,1075.5,127.0,120.0,2902.5555555555557,382.1111111111111,162.0,100.0,2179.0,517.0,141.0,101.0,2245.0,835.0,107.5,108.66666666666663,3193.6666666666665,819.0,164.0,95.9230769230769,1793.2307692307693,1148.3846153846155,112.46153846153834,131.00000000000003,1230.4545454545455,142.9090909090909,142.0,37.0,3289.2,575.2,44.0
499,100.28571428571433,2412.285714285714,560.5714285714286,148.14285714285734,97.33333333333337,3024.3333333333335,563.0,187.0,111.0,1545.6666666666667,559.3333333333334,128.0,96.14285714285711,788.0,1076.5714285714287,127.0,120.0,2903.0,380.0,162.0,100.78571428571433,2185.3571428571427,517.5714285714286,142.0714285714289,102.0,2245.5,834.0,112.25,106.8888888888888,3192.5555555555557,821.3333333333334,163.0,96.61538461538453,1798.1538461538462,1146.923076923077,113.30769230769238,130.99999999999997,1232.6363636363637,143.27272727272728,142.0,37.0,3286.8,572.8,44.0
500,101.07142857142856,2418.0714285714284,561.1428571428571,148.78571428571422,102.0,3029.0,562.0,187.0,111.0,1550.2,558.0,128.0,97.28571428571422,787.5,1077.642857142857,127.0,120.0,2904.3,376.5,162.0,101.57142857142856,2191.714285714286,518.1428571428571,143.14285714285688,103.0,2246.0,833.0,117.0,105.1111111111112,3191.4444444444443,823.6666666666666,162.0,97.30769230769215,1803.076923076923,1145.4615384615386,114.15384615384619,131.0,1234.8181818181818,143.63636363636363,142.0,37.0,3284.4,570.4,44.0
501,101.85714285714289,2423.8571428571427,561.7142857142857,149.42857142857156,106.66666666666663,3033.6666666666665,561.0,187.0,111.0,1554.7333333333333,556.6666666666666,128.0,98.42857142857133,787.0,1078.7142857142858,127.0,120.0,2905.6,373.0,162.0,102.35714285714289,2198.0714285714284,518.7142857142857,144.21428571428578,104.0,2246.5,832.0,121.75,103.33333333333337,3190.3333333333335,826.0,161.0,98.0,1808.0,1144.0,115.0,131.0,1237.0,144.0,142.0,37.0,3282.0,568.0,44.0
502,102.64285714285711,2429.6428571428573,562.2857142857143,150.07142857142844,111.33333333333337,3038.3333333333335,560.0,187.0,111.0,1559.2666666666667,555.3333333333334,128.0,99.57142857142867,786.5,1079.7857142857142,127.0,120.0,2906.9,369.5,162.0,103.14285714285711,2204.4285714285716,519.2857142857143,145.28571428571422,105.0,2247.0,831.0,126.5,101.55555555555554,3189.222222222222,828.3333333333334,160.0,98.0,1812.8,1143.2,115.0,129.79999999999998,1241.9333333333334,144.26666666666668,141.79999999999995,37.0,3286.3333333333335,567.5555555555555,44.0
503,103.42857142857144,2435.4285714285716,562.8571428571429,150.71428571428578,116.0,3043.0,559.0,187.0,111.0,1563.8,554.0,128.0,100.71428571428578,786.0,1080.857142857143,127.0,120.0,2908.2,366.0,162.0,103.92857142857144,2210.785714285714,519.8571428571429,146.35714285714312,106.0,2247.5,830.0,131.25,99.77777777777783,3188.1111111111113,830.6666666666666,159.0,98.0,1817.6,1142.4,115.0,128.6,1246.8666666666666,144.53333333333333,141.60000000000014,37.0,3290.6666666666665,567.1111111111111,44.0
504,104.21428571428567,2441.214285714286,563.4285714285714,151.35714285714266,113.0,3047.0,560.6,188.5999999999999,111.0,1568.3333333333333,552.6666666666666,128.0,101.85714285714289,785.5,1081.9285714285713,127.0,120.0,2909.5,362.5,162.0,104.71428571428567,2217.1428571428573,520.4285714285714,147.4285714285711,107.0,2248.0,829.0,136.0,98.0,3187.0,833.0,158.0,98.0,1822.4,1141.6,115.0,127.39999999999998,1251.8,144.8,141.4000000000001,37.0,3295.0,566.6666666666666,44.0
505,105.0,2447.0,564.0,152.0,110.0,3051.0,562.2,190.19999999999982,111.0,1572.8666666666666,551.3333333333334,128.0,103.0,785.0,1083.0,127.0,120.0,2910.8,359.0,162.0,105.5,2223.5,521.0,148.5,107.0,2258.8333333333335,830.1666666666666,130.0,96.29999999999995,3181.8,835.5,159.89999999999964,98.0,1827.2,1140.8,115.0,126.19999999999999,1256.7333333333333,145.06666666666666,141.20000000000005,37.0,3299.3333333333335,566.2222222222222,44.0
506,104.375,2456.75,564.625,147.5,107.0,3055.0,563.8,191.80000000000018,111.0,1577.4,550.0,128.0,102.69230769230785,785.6923076923077,1086.7692307692307,129.15384615384608,120.0,2912.1,355.5,162.0,106.28571428571433,2229.8571428571427,521.5714285714286,149.5714285714289,107.0,2269.6666666666665,831.3333333333334,124.0,94.60000000000002,3176.6,838.0,161.80000000000018,98.0,1832.0,1140.0,115.0,124.99999999999997,1261.6666666666667,145.33333333333334,141.0,37.0,3303.6666666666665,565.7777777777778,44.0
507,103.75,2466.5,565.25,143.0,104.0,3059.0,565.4,193.4000000000001,111.0,1581.9333333333334,548.6666666666666,128.0,102.38461538461547,786.3846153846154,1090.5384615384614,131.30769230769238,120.0,2913.4,352.0,162.0,107.07142857142856,2236.214285714286,522.1428571428571,150.64285714285688,107.0,2280.5,832.5,118.0,92.89999999999998,3171.4,840.5,163.69999999999982,98.0,1836.8,1139.2,115.0,123.79999999999998,1266.6,145.6,140.80000000000018,37.0,3308.0,565.3333333333334,44.0
508,103.125,2476.25,565.875,138.5,101.0,3063.0,567.0,195.0,111.0,1586.4666666666667,547.3333333333334,128.0,102.0769230769231,787.0769230769231,1094.3076923076924,133.46153846153845,120.0,2914.7,348.5,162.0,107.85714285714289,2242.5714285714284,522.7142857142857,151.71428571428578,107.0,2291.3333333333335,833.6666666666666,112.0,91.20000000000005,3166.2,843.0,165.60000000000036,98.0,1841.6,1138.4,115.0,122.59999999999997,1271.5333333333333,145.86666666666667,140.60000000000014,37.0,3312.3333333333335,564.8888888888889,44.0
509,102.5,2486.0,566.5,134.0,99.71428571428578,3068.0,567.5714285714286,195.71428571428578,111.0,1591.0,546.0,128.0,101.76923076923072,787.7692307692307,1098.076923076923,135.61538461538464,120.0,2916.0,345.0,162.0,108.64285714285711,2248.9285714285716,523.2857142857143,152.78571428571422,107.0,2302.1666666666665,834.8333333333334,106.0,89.5,3161.0,845.5,167.5,98.0,1846.4,1137.6,115.0,121.40000000000003,1276.4666666666667,146.13333333333333,140.39999999999986,37.0,3316.6666666666665,564.4444444444445,44.0
510,101.875,2495.75,567.125,129.5,98.42857142857144,3073.0,568.1428571428571,196.42857142857156,111.0,1597.5384615384614,545.1538461538462,126.23076923076928,101.46153846153857,788.4615384615385,1101.8461538461538,137.76923076923083,120.38461538461542,2918.0,340.9230769230769,161.61538461538476,109.42857142857144,2255.285714285714,523.8571428571429,153.85714285714312,107.0,2313.0,836.0,100.0,87.79999999999995,3155.8,848.0,169.39999999999964,98.0,1851.2,1136.8,115.0,120.20000000000002,1281.4,146.4,140.19999999999982,37.0,3321.0,564.0,44.0
511,101.25,2505.5,567.75,125.0,97.14285714285722,3078.0,568.7142857142857,197.14285714285734,111.0,1604.076923076923,544.3076923076923,124.46153846153834,101.15384615384619,789.1538461538462,1105.6153846153845,139.9230769230769,120.76923076923077,2920.0,336.84615384615387,161.23076923076906,110.21428571428567,2261.6428571428573,524.4285714285714,154.9285714285711,107.14285714285722,2314.285714285714,838.1428571428571,106.42857142857156,86.10000000000002,3150.6,850.5,171.30000000000018,98.0,1856.0,1136.0,115.0,119.00000000000003,1286.3333333333333,146.66666666666666,140.0,37.0,3327.1428571428573,565.0,44.0
512,100.625,2515.25,568.375,120.5,95.85714285714278,3083.0,569.2857142857143,197.85714285714266,111.0,1610.6153846153845,543.4615384615385,122.69230769230785,100.84615384615381,789.8461538461538,1109.3846153846155,142.0769230769231,121.15384615384613,2922.0,332.7692307692308,160.8461538461538,111.0,2268.0,525.0,156.0,107.28571428571422,2315.5714285714284,840.2857142857143,112.85714285714312,84.39999999999998,3145.4,853.0,173.19999999999982,98.0,1860.8,1135.2,115.0,117.80000000000001,1291.2666666666667,146.93333333333334,139.79999999999995,37.0,3333.285714285714,566.0,44.0
513,100.0,2525.0,569.0,116.0,94.57142857142856,3088.0,569.8571428571429,198.57142857142844,111.0,1617.1538461538462,542.6153846153846,120.9230769230769,100.53846153846143,790.5384615384615,1113.1538461538462,144.23076923076917,121.53846153846155,2924.0,328.6923076923077,160.46153846153857,110.73333333333335,2273.8,524.9333333333333,155.4666666666667,107.42857142857144,2316.8571428571427,842.4285714285714,119.28571428571468,82.70000000000005,3140.2,855.5,175.10000000000036,98.0,1865.6,1134.4,115.0,116.60000000000002,1296.2,147.2,139.5999999999999,37.0,3339.4285714285716,567.0,44.0
514,100.55555555555554,2527.777777777778,569.1111111111111,121.0,93.28571428571422,3093.0,570.4285714285714,199.28571428571422,111.0,1623.6923076923076,541.7692307692307,119.15384615384619,100.23076923076928,791.2307692307693,1116.923076923077,146.38461538461536,121.9230769230769,2926.0,324.61538461538464,160.07692307692287,110.4666666666667,2279.6,524.8666666666667,154.9333333333334,107.57142857142856,2318.1428571428573,844.5714285714286,125.71428571428532,81.0,3135.0,858.0,177.0,98.0,1870.4,1133.6,115.0,115.4,1301.1333333333334,147.46666666666667,139.39999999999986,37.0,3345.5714285714284,568.0,44.0
515,101.1111111111112,2530.5555555555557,569.2222222222222,126.0,92.0,3098.0,571.0,200.0,111.0,1630.2307692307693,540.9230769230769,117.38461538461524,99.9230769230769,791.9230769230769,1120.6923076923076,148.53846153846155,122.30769230769232,2928.0,320.53846153846155,159.69230769230762,110.20000000000005,2285.4,524.8,154.4000000000001,107.71428571428578,2319.4285714285716,846.7142857142857,132.14285714285688,81.0,3132.7272727272725,859.0909090909091,177.0,98.0,1875.2,1132.8,115.0,114.20000000000002,1306.0666666666666,147.73333333333332,139.20000000000005,37.0,3351.714285714286,569.0,44.0
516,101.66666666666663,2533.3333333333335,569.3333333333334,131.0,93.375,3105.25,570.5,199.25,111.0,1636.7692307692307,540.0769230769231,115.61538461538476,99.61538461538453,792.6153846153846,1124.4615384615386,150.69230769230762,122.69230769230768,2930.0,316.46153846153845,159.30769230769238,109.93333333333328,2291.2,524.7333333333333,153.8666666666668,107.85714285714278,2320.714285714286,848.8571428571429,138.57142857142844,81.0,3130.4545454545455,860.1818181818181,177.0,98.0,1880.0,1132.0,115.0,113.0,1311.0,148.0,139.0,37.0,3357.8571428571427,570.0,44.0
517,102.22222222222217,2536.1111111111113,569.4444444444445,136.0,94.75,3112.5,570.0,198.5,111.0,1643.3076923076924,539.2307692307693,113.84615384615381,99.30769230769215,793.3076923076923,1128.2307692307693,152.84615384615392,123.0769230769231,2932.0,312.38461538461536,158.92307692307713,109.66666666666674,2297.0,524.6666666666666,153.33333333333348,108.0,2322.0,851.0,145.0,81.0,3128.181818181818,861.2727272727273,177.0,97.13333333333321,1885.1333333333334,1131.6666666666667,115.0,114.25,1315.75,149.0625,138.75,37.0,3364.0,571.0,44.0
518,102.77777777777783,2538.8888888888887,569.5555555555555,141.0,96.125,3119.75,569.5,197.75,111.0,1649.8461538461538,538.3846153846154,112.0769230769231,99.0,794.0,1132.0,155.0,123.46153846153845,2934.0,308.3076923076923,158.53846153846143,109.39999999999998,2302.8,524.6,152.79999999999973,107.92857142857144,2328.0,850.9285714285714,144.71428571428578,81.0,3125.909090909091,862.3636363636364,177.0,96.26666666666665,1890.2666666666667,1131.3333333333333,115.0,115.5,1320.5,150.125,138.5,37.0,3369.3333333333335,572.8333333333334,44.0
519,103.33333333333337,2541.6666666666665,569.6666666666666,146.0,97.5,3127.0,569.0,197.0,111.0,1656.3846153846155,537.5384615384615,110.30769230769215,97.71428571428578,795.6428571428571,1134.357142857143,153.5,123.84615384615387,2936.0,304.2307692307692,158.1538461538462,109.13333333333333,2308.6,524.5333333333333,152.26666666666688,107.85714285714278,2334.0,850.8571428571429,144.42857142857156,81.0,3123.6363636363635,863.4545454545455,177.0,95.40000000000009,1895.4,1131.0,115.0,116.75,1325.25,151.1875,138.25,37.0,3374.6666666666665,574.6666666666666,44.0
520,103.8888888888888,2544.4444444444443,569.7777777777778,151.0,98.875,3134.25,568.5,196.25,111.0,1662.923076923077,536.6923076923077,108.53846153846166,96.42857142857133,797.2857142857143,1136.7142857142858,152.0,124.23076923076923,2938.0,300.15384615384613,157.76923076923094,108.86666666666667,2314.4,524.4666666666667,151.73333333333312,107.78571428571422,2340.0,850.7857142857143,144.14285714285734,81.0,3121.3636363636365,864.5454545454545,177.0,94.5333333333333,1900.5333333333333,1130.6666666666667,115.0,118.0,1330.0,152.25,138.0,37.0,3380.0,576.5,44.0
521,104.44444444444446,2547.222222222222,569.8888888888889,156.0,100.25,3141.5,568.0,195.5,111.0,1669.4615384615386,535.8461538461538,106.76923076923072,95.14285714285711,798.9285714285714,1139.0714285714287,150.5,124.61538461538458,2940.0,296.0769230769231,157.38461538461524,108.60000000000002,2320.2,524.4,151.20000000000027,107.71428571428578,2346.0,850.7142857142857,143.85714285714266,81.0,3119.090909090909,865.6363636363636,177.0,93.66666666666674,1905.6666666666667,1130.3333333333333,115.0,119.25,1334.75,153.3125,137.75,37.0,3385.3333333333335,578.3333333333334,44.0
522,105.0,2550.0,570.0,161.0,101.625,3148.75,567.5,194.75,111.0,1676.0,535.0,105.0,93.85714285714289,800.5714285714286,1141.4285714285713,149.0,125.0,2942.0,292.0,157.0,108.33333333333326,2326.0,524.3333333333334,150.66666666666652,107.64285714285722,2352.0,850.6428571428571,143.57142857142844,81.0,3116.818181818182,866.7272727272727,177.0,92.79999999999995,1910.8,1130.0,115.0,120.5,1339.5,154.375,137.5,37.0,3390.6666666666665,580.1666666666666,44.0
523,104.875,2560.5,569.875,157.125,103.0,3156.0,567.0,194.0,111.0,1678.857142857143,533.8571428571429,108.42857142857133,92.57142857142867,802.2142857142857,1143.7857142857142,147.5,123.54545454545456,2945.5454545454545,288.45454545454544,157.0,108.06666666666672,2331.8,524.2666666666667,150.1333333333332,107.57142857142856,2358.0,850.5714285714286,143.28571428571422,81.0,3114.5454545454545,867.8181818181819,177.0,91.93333333333317,1915.9333333333334,1129.6666666666667,115.0,121.75,1344.25,155.4375,137.25,37.0,3396.0,582.0,44.0
524,104.75,2571.0,569.75,153.25,101.80000000000007,3162.9,567.9,192.5,111.0,1681.7142857142858,532.7142857142857,111.85714285714289,91.28571428571422,803.8571428571429,1146.142857142857,146.0,122.09090909090907,2949.090909090909,284.90909090909093,157.0,107.79999999999995,2337.6,524.2,149.5999999999999,107.5,2364.0,850.5,143.0,81.0,3112.2727272727275,868.9090909090909,177.0,91.06666666666683,1921.0666666666666,1129.3333333333333,115.0,123.0,1349.0,156.5,137.0,37.0,3400.8,581.8,44.0
525,104.625,2581.5,569.625,149.375,100.60000000000002,3169.8,568.8,191.0,111.0,1684.5714285714287,531.5714285714286,115.28571428571422,90.0,805.5,1148.5,144.5,120.63636363636363,2952.6363636363635,281.3636363636364,157.0,107.5333333333333,2343.4,524.1333333333333,149.0666666666666,107.42857142857144,2370.0,850.4285714285714,142.71428571428578,81.0,3110.0,870.0,177.0,90.20000000000005,1926.2,1129.0,115.0,124.25,1353.75,157.5625,136.75,37.0,3405.6,581.6,44.0
526,104.5,2592.0,569.5,145.5,99.39999999999998,3176.7,569.7,189.5,111.0,1687.4285714285713,530.4285714285714,118.71428571428578,88.71428571428578,807.1428571428571,1150.857142857143,143.0,119.18181818181819,2956.181818181818,277.8181818181818,157.0,107.26666666666665,2349.2,524.0666666666667,148.5333333333333,107.35714285714278,2376.0,850.3571428571429,142.42857142857156,83.125,3107.625,871.5,176.0,89.33333333333326,1931.3333333333333,1128.6666666666667,115.0,125.5,1358.5,158.625,136.5,37.0,3410.4,581.4,44.0
527,104.375,2602.5,569.375,141.625,98.19999999999993,3183.6,570.6,188.0,111.0,1690.2857142857142,529.2857142857143,122.14285714285711,87.42857142857133,808.7857142857143,1153.2142857142858,141.5,117.72727272727275,2959.7272727272725,274.27272727272725,157.0,107.0,2355.0,524.0,148.0,107.28571428571422,2382.0,850.2857142857143,142.14285714285734,85.25,3105.25,873.0,175.0,88.4666666666667,1936.4666666666667,1128.3333333333333,115.0,126.75,1363.25,159.6875,136.25,37.0,3415.2,581.2,44.0
528,104.25,2613.0,569.25,137.75,97.0,3190.5,571.5,186.5,111.0,1693.142857142857,528.1428571428571,125.57142857142867,86.14285714285711,810.4285714285714,1155.5714285714287,140.0,116.27272727272725,2963.2727272727275,270.72727272727275,157.0,107.0,2361.3846153846152,523.3076923076923,148.0,107.21428571428578,2388.0,850.2142857142857,141.85714285714266,87.375,3102.875,874.5,174.0,87.59999999999991,1941.6,1128.0,115.0,128.0,1368.0,160.75,136.0,37.0,3420.0,581.0,44.0
529,104.125,2623.5,569.125,133.875,95.80000000000007,3197.4,572.4,185.0,111.0,1696.0,527.0,129.0,84.85714285714289,812.0714285714286,1157.9285714285713,138.5,114.81818181818181,2966.818181818182,267.1818181818182,157.0,107.0,2367.769230769231,522.6153846153846,148.0,107.14285714285722,2394.0,850.1428571428571,141.57142857142844,89.5,3100.5,876.0,173.0,86.73333333333335,1946.7333333333333,1127.6666666666667,114.99999999999977,129.25,1372.75,161.8125,135.75,37.0,3422.0,579.2857142857143,43.28571428571422
530,104.0,2634.0,569.0,130.0,94.60000000000002,3204.3,573.3,183.5,113.85714285714289,1705.5714285714287,525.7142857142857,121.0,83.57142857142867,813.7142857142857,1160.2857142857142,137.0,113.36363636363637,2970.3636363636365,263.6363636363636,157.0,107.0,2374.153846153846,521.9230769230769,148.0,107.07142857142856,2400.0,850.0714285714286,141.28571428571422,91.625,3098.125,877.5,172.0,85.86666666666679,1951.8666666666668,1127.3333333333333,115.0,130.5,1377.5,162.875,135.5,37.0,3424.0,577.5714285714286,42.57142857142844
531,103.125,2637.75,569.0,133.0,93.39999999999998,3211.2,574.2,182.0,116.71428571428567,1715.142857142857,524.4285714285714,113.0,82.28571428571422,815.3571428571429,1162.642857142857,135.5,111.90909090909093,2973.909090909091,260.09090909090907,157.0,107.0,2380.5384615384614,521.2307692307693,148.0,107.0,2406.0,850.0,141.0,93.75,3095.75,879.0,171.0,85.0,1957.0,1127.0,115.0,131.75,1382.25,163.9375,135.25,37.0,3426.0,575.8571428571429,41.85714285714266
532,102.25,2641.5,569.0,136.0,92.19999999999993,3218.1,575.1,180.5,119.57142857142856,1724.7142857142858,523.1428571428571,105.0,81.0,817.0,1165.0,134.0,110.45454545454544,2977.4545454545455,256.54545454545456,157.0,107.0,2386.923076923077,520.5384615384615,148.0,107.4375,2411.3125,851.1875,141.75,95.875,3093.375,880.5,170.0,85.0,1961.25,1127.1875,115.0,133.0,1387.0,165.0,135.0,37.0,3428.0,574.1428571428571,41.14285714285734
533,101.375,2645.25,569.0,139.0,91.0,3225.0,576.0,179.0,122.42857142857144,1734.2857142857142,521.8571428571429,97.0,85.33333333333326,820.8888888888889,1166.888888888889,133.44444444444446,109.0,2981.0,253.0,157.0,107.0,2393.3076923076924,519.8461538461538,148.0,107.875,2416.625,852.375,142.5,98.0,3091.0,882.0,169.0,85.0,1965.5,1127.375,115.0,130.125,1394.875,167.375,129.5,37.0,3430.0,572.4285714285714,40.42857142857156
534,100.5,2649.0,569.0,142.0,92.0,3231.3636363636365,575.8181818181819,177.18181818181802,125.28571428571433,1743.857142857143,520.5714285714286,89.0,89.66666666666652,824.7777777777778,1168.7777777777778,132.8888888888888,111.6363636363636,2984.2727272727275,249.45454545454547,156.90909090909054,107.0,2399.6923076923076,519.1538461538462,148.0,108.3125,2421.9375,853.5625,143.25,96.89999999999998,3090.1,883.6,167.9000000000001,85.0,1969.75,1127.5625,115.0,127.25,1402.75,169.75,124.0,37.0,3432.0,570.7142857142857,39.71428571428578
535,99.625,2652.75,569.0,145.0,93.0,3237.7272727272725,575.6363636363636,175.3636363636365,128.1428571428571,1753.4285714285713,519.2857142857143,81.0,94.0,828.6666666666666,1170.6666666666667,132.33333333333337,114.27272727272728,2987.5454545454545,245.9090909090909,156.81818181818198,107.0,2406.076923076923,518.4615384615385,148.0,108.75,2427.25,854.75,144.0,95.79999999999995,3089.2,885.2,166.80000000000018,85.0,1974.0,1127.75,115.0,124.375,1410.625,172.125,118.5,37.0,3434.0,569.0,39.0
536,98.75,2656.5,569.0,148.0,94.0,3244.090909090909,575.4545454545455,173.5454545454545,131.0,1763.0,518.0,73.0,98.33333333333326,832.5555555555555,1172.5555555555557,131.77777777777783,116.90909090909088,2990.818181818182,242.36363636363637,156.72727272727252,107.0,2412.4615384615386,517.7692307692307,148.0,109.1875,2432.5625,855.9375,144.75,94.70000000000005,3088.3,886.8,165.69999999999982,85.0,1978.25,1127.9375,115.0,121.5,1418.5,174.5,113.0,37.0,3433.3333333333335,564.6666666666666,39.0
537,97.875,2660.25,569.0,151.0,95.0,3250.4545454545455,575.2727272727273,171.72727272727252,128.1428571428571,1762.0,519.0,84.0,102.66666666666674,836.4444444444445,1174.4444444444443,131.22222222222217,119.54545454545456,2994.090909090909,238.8181818181818,156.6363636363635,107.0,2418.846153846154,517.0769230769231,148.0,109.625,2437.875,857.125,145.5,93.60000000000002,3087.4,888.4,164.5999999999999,85.0,1982.5,1128.125,115.0,118.625,1426.375,176.875,107.5,37.0,3432.6666666666665,560.3333333333334,39.0
538,97.0,2664.0,569.0,154.0,96.0,3256.818181818182,575.0909090909091,169.90909090909054,125.28571428571433,1761.0,520.0,95.0,107.0,840.3333333333334,1176.3333333333333,130.66666666666663,122.18181818181816,2997.3636363636365,235.27272727272728,156.5454545454545,107.0,2425.230769230769,516.3846153846154,148.0,110.0625,2443.1875,858.3125,146.25,92.5,3086.5,890.0,163.5,85.0,1986.75,1128.3125,115.0,115.75,1434.25,179.25,102.0,37.0,3432.0,556.0,39.0
539,97.5,2671.875,569.25,153.875,97.0,3263.181818181818,574.9090909090909,168.09090909090946,122.42857142857144,1760.0,521.0,106.0,111.33333333333348,844.2222222222222,1178.2222222222222,130.1111111111112,124.81818181818184,3000.6363636363635,231.72727272727272,156.4545454545455,107.0,2431.6153846153848,515.6923076923077,148.0,110.5,2448.5,859.5,147.0,91.39999999999998,3085.6,891.6,162.4000000000001,85.0,1991.0,1128.5,115.0,112.875,1442.125,181.625,96.5,37.0,3431.3333333333335,551.6666666666666,39.0
540,98.0,2679.75,569.5,153.75,98.0,3269.5454545454545,574.7272727272727,166.27272727272748,119.57142857142856,1759.0,522.0,117.0,115.66666666666674,848.1111111111111,1180.111111111111,129.55555555555554,127.45454545454544,3003.909090909091,228.1818181818182,156.3636363636365,107.0,2438.0,515.0,148.0,110.9375,2453.8125,860.6875,147.75,90.29999999999995,3084.7,893.2,161.30000000000018,85.0,1995.25,1128.6875,115.0,110.0,1450.0,184.0,91.0,37.0,3430.6666666666665,547.3333333333334,39.0
541,98.5,2687.625,569.75,153.625,99.0,3275.909090909091,574.5454545454545,164.4545454545455,116.71428571428567,1758.0,523.0,128.0,120.0,852.0,1182.0,129.0,130.09090909090912,3007.181818181818,224.63636363636363,156.27272727272748,107.60000000000002,2444.3333333333335,513.1333333333333,149.1333333333332,111.375,2459.125,861.875,148.5,89.20000000000005,3083.8,894.8,160.19999999999982,85.0,1999.5,1128.875,115.0,109.55555555555557,1452.2222222222222,185.33333333333334,97.66666666666674,37.0,3430.0,543.0,39.0
542,99.0,2695.5,570.0,153.5,100.0,3282.2727272727275,574.3636363636364,162.6363636363635,113.85714285714289,1757.0,524.0,139.0,116.70000000000005,856.2,1188.3,127.09999999999991,132.72727272727272,3010.4545454545455,221.0909090909091,156.18181818181802,108.20000000000005,2450.6666666666665,511.26666666666665,150.26666666666688,111.8125,2464.4375,863.0625,149.25,88.10000000000002,3082.9,896.4,159.0999999999999,85.0,2003.75,1129.0625,115.0,109.11111111111111,1454.4444444444443,186.66666666666666,104.33333333333348,37.0,3426.2,539.4,39.0
543,99.5,2703.375,570.25,153.375,101.0,3288.6363636363635,574.1818181818181,160.81818181818198,111.0,1756.0,525.0,150.0,113.40000000000009,860.4,1194.6,125.20000000000005,135.36363636363637,3013.7272727272725,217.54545454545456,156.09090909090946,108.80000000000007,2457.0,509.4,151.4000000000001,112.25,2469.75,864.25,150.0,87.0,3082.0,898.0,158.0,85.0,2008.0,1129.25,115.0,108.66666666666669,1456.6666666666667,188.0,111.0,37.0,3422.4,535.8,39.0
544,100.0,2711.25,570.5,153.25,102.0,3295.0,574.0,159.0,110.15384615384608,1764.076923076923,526.1538461538462,148.76923076923072,110.09999999999991,864.6,1200.9,123.29999999999995,138.0,3017.0,214.0,156.0,109.39999999999992,2463.3333333333335,507.53333333333336,152.5333333333333,112.6875,2475.0625,865.4375,150.75,88.69999999999993,3081.9,900.1,158.0,85.0,2012.25,1129.4375,115.0,108.2222222222222,1458.888888888889,189.33333333333334,117.66666666666674,37.0,3418.6,532.2,39.0
545,100.5,2719.125,570.75,153.125,105.0,3299.5,570.5,161.75,109.30769230769238,1772.1538461538462,527.3076923076923,147.53846153846143,106.79999999999995,868.8,1207.2,121.40000000000009,134.00000000000003,3021.0,210.42857142857142,156.0,109.99999999999994,2469.6666666666665,505.6666666666667,153.66666666666697,113.125,2480.375,866.625,151.5,90.39999999999998,3081.8,902.2,158.0,85.0,2016.5,1129.625,115.0,107.7777777777778,1461.111111111111,190.66666666666666,124.33333333333326,37.0,3414.8,528.6,39.0
546,101.0,2727.0,571.0,153.0,108.0,3304.0,567.0,164.5,108.46153846153845,1780.2307692307693,528.4615384615385,146.30769230769215,103.5,873.0,1213.5,119.5,129.99999999999997,3025.0,206.85714285714286,156.0,110.59999999999997,2476.0,503.8,154.80000000000018,113.5625,2485.6875,867.8125,152.25,92.10000000000002,3081.7,904.3,158.0,85.0,2020.75,1129.8125,115.0,107.33333333333331,1463.3333333333333,192.0,131.0,37.0,3411.0,525.0,39.0
547,100.625,2734.75,570.75,153.0,111.0,3308.5,563.5,167.25,107.61538461538464,1788.3076923076924,529.6153846153846,145.0769230769231,100.20000000000005,877.2,1219.8,117.59999999999991,126.0,3029.0,203.28571428571428,156.0,111.19999999999999,2482.3333333333335,501.93333333333334,155.9333333333334,114.0,2491.0,869.0,153.0,93.80000000000007,3081.6,906.4,158.0,85.0,2025.0,1130.0,115.0,106.88888888888889,1465.5555555555557,193.33333333333334,137.66666666666652,37.0,3410.6666666666665,524.0,39.0
548,100.25,2742.5,570.5,153.0,114.0,3313.0,560.0,170.0,106.76923076923083,1796.3846153846155,530.7692307692307,143.8461538461538,96.90000000000009,881.4,1226.1,115.70000000000005,122.0,3033.0,199.71428571428572,156.0,111.80000000000001,2488.6666666666665,500.06666666666666,157.0666666666666,113.64285714285711,2496.8571428571427,868.4285714285714,152.64285714285734,95.5,3081.5,908.5,158.0,85.61538461538476,2030.8461538461538,1130.6153846153845,115.07692307692332,106.44444444444443,1467.7777777777778,194.66666666666666,144.33333333333326,37.0,3410.3333333333335,523.0,39.0
549,99.875,2750.25,570.25,153.0,114.0,3317.4,560.4,167.4000000000001,105.9230769230769,1804.4615384615386,531.9230769230769,142.61538461538453,93.59999999999991,885.6,1232.4,113.79999999999995,117.99999999999997,3037.0,196.14285714285714,156.0,112.40000000000003,2495.0,498.2,158.19999999999982,113.28571428571422,2502.714285714286,867.8571428571429,152.28571428571422,97.19999999999993,3081.4,910.6,158.0,86.23076923076928,2036.6923076923076,1131.2307692307693,115.15384615384619,106.0,1470.0,196.0,151.0,37.0,3410.0,522.0,39.0
550,99.5,2758.0,570.0,153.0,114.0,3321.8,560.8,164.79999999999973,105.0769230769231,1812.5384615384614,533.0769230769231,141.38461538461547,90.29999999999995,889.8,1238.7,111.90000000000009,113.99999999999997,3041.0,192.57142857142858,156.0,113.00000000000006,2501.3333333333335,496.3333333333333,159.33333333333303,112.92857142857133,2508.5714285714284,867.2857142857143,151.92857142857156,98.89999999999998,3081.3,912.7,158.0,86.84615384615381,2042.5384615384614,1131.8461538461538,115.23076923076951,106.0,1479.4615384615386,199.30769230769232,151.0,37.0,3409.6666666666665,521.0,39.0
551,99.125,2765.75,569.75,153.0,114.0,3326.2,561.2,162.20000000000027,104.23076923076917,1820.6153846153845,534.2307692307693,140.1538461538462,87.0,894.0,1245.0,110.0,110.0,3045.0,189.0,156.0,113.60000000000002,2507.6666666666665,494.4666666666667,160.4666666666667,112.57142857142867,2514.4285714285716,866.7142857142857,151.57142857142844,100.60000000000002,3081.2,914.8,158.0,87.46153846153834,2048.3846153846152,1132.4615384615386,115.30769230769238,106.00000000000003,1488.923076923077,202.6153846153846,151.0,37.0,3409.3333333333335,520.0,39.0
552,98.75,2773.5,569.5,153.0,114.0,3330.6,561.6,159.5999999999999,103.38461538461536,1828.6923076923076,535.3846153846154,138.9230769230769,91.5,900.1666666666666,1245.3333333333333,112.83333333333337,110.0,3048.5,186.7,156.0,114.19999999999993,2514.0,492.6,161.5999999999999,112.21428571428578,2520.285714285714,866.1428571428571,151.21428571428578,102.30000000000007,3081.1,916.9,158.0,88.0769230769231,2054.230769230769,1133.076923076923,115.3846153846157,105.99999999999997,1498.3846153846155,205.92307692307693,151.0,37.0,3409.0,519.0,39.0
553,98.375,2781.25,569.25,153.0,114.0,3335.0,562.0,157.0,102.53846153846155,1836.7692307692307,536.5384615384615,137.69230769230785,96.0,906.3333333333334,1245.6666666666667,115.66666666666663,109.99999999999997,3052.0,184.4,156.0,114.79999999999995,2520.3333333333335,490.73333333333335,162.73333333333312,111.85714285714289,2526.1428571428573,865.5714285714286,150.85714285714266,104.0,3081.0,919.0,158.0,88.69230769230785,2060.076923076923,1133.6923076923076,115.46153846153857,106.0,1507.8461538461538,209.23076923076923,151.0,37.0,3408.6666666666665,518.0,39.0
554,98.0,2789.0,569.0,153.0,114.0,3340.25,563.0,157.0,101.69230769230762,1844.8461538461538,537.6923076923077,136.46153846153857,100.5,912.5,1246.0,118.5,110.00000000000003,3055.5,182.1,156.0,115.39999999999998,2526.6666666666665,488.8666666666667,163.8666666666668,111.5,2532.0,865.0,150.5,104.0,3079.230769230769,919.3076923076923,158.0,89.30769230769215,2065.923076923077,1134.3076923076924,115.53846153846143,106.0,1517.3076923076924,212.53846153846155,151.0,37.0,3408.3333333333335,517.0,39.0
555,97.5,2793.5,569.5,154.25,114.0,3345.5,564.0,157.0,100.84615384615392,1852.923076923077,538.8461538461538,135.23076923076928,105.0,918.6666666666666,1246.3333333333333,121.33333333333337,110.0,3059.0,179.8,156.0,116.0,2533.0,487.0,165.0,111.14285714285711,2537.8571428571427,864.4285714285714,150.14285714285734,104.0,3077.4615384615386,919.6153846153846,158.0,89.9230769230769,2071.769230769231,1134.923076923077,115.6153846153843,106.00000000000003,1526.7692307692307,215.84615384615384,151.0,37.0,3408.0,516.0,39.0
556,97.0,2798.0,570.0,155.5,114.0,3350.75,565.0,157.0,100.0,1861.0,540.0,134.0,109.5,924.8333333333334,1246.6666666666667,124.16666666666663,110.0,3062.5,177.5,156.0,114.58333333333337,2538.3333333333335,485.75,165.0,110.78571428571422,2543.714285714286,863.8571428571429,149.78571428571422,104.0,3075.6923076923076,919.9230769230769,158.0,90.53846153846166,2077.6153846153848,1135.5384615384614,115.69230769230762,105.99999999999997,1536.2307692307693,219.15384615384616,151.0,37.55555555555554,3408.4444444444443,515.8888888888889,39.11111111111131
557,96.5,2802.5,570.5,156.75,114.0,3356.0,566.0,157.0,99.57142857142867,1875.2857142857142,542.7142857142857,131.0,114.0,931.0,1247.0,127.0,110.0,3066.0,175.2,156.0,113.16666666666663,2543.6666666666665,484.5,165.0,110.42857142857133,2549.5714285714284,863.2857142857143,149.42857142857156,104.0,3073.923076923077,920.2307692307693,158.0,91.15384615384619,2083.4615384615386,1136.1538461538462,115.76923076923049,106.0,1545.6923076923076,222.46153846153845,151.0,38.111111111111086,3408.8888888888887,515.7777777777778,39.222222222222626
558,96.0,2807.0,571.0,158.0,111.59999999999991,3355.2,569.2,160.20000000000027,99.14285714285711,1889.5714285714287,545.4285714285714,128.0,111.0,939.4444444444445,1253.111111111111,124.33333333333337,109.99999999999997,3069.5,172.9,156.0,111.75,2549.0,483.25,165.0,110.07142857142867,2555.4285714285716,862.7142857142857,149.07142857142844,103.99999999999989,3072.153846153846,920.5384615384615,158.0,91.76923076923072,2089.3076923076924,1136.7692307692307,115.84615384615381,106.0,1555.1538461538462,225.76923076923077,151.0,38.66666666666674,3409.3333333333335,515.6666666666666,39.33333333333303
559,95.5,2811.5,571.5,159.25,109.20000000000005,3354.4,572.4,163.4000000000001,98.71428571428578,1903.857142857143,548.1428571428571,125.0,108.0,947.8888888888889,1259.2222222222222,121.66666666666674,110.00000000000003,3073.0,170.6,156.0,110.33333333333337,2554.3333333333335,482.0,165.0,109.71428571428578,2561.285714285714,862.1428571428571,148.71428571428578,104.0,3070.3846153846152,920.8461538461538,158.0,92.38461538461524,2095.153846153846,1137.3846153846155,115.92307692307668,106.0,1564.6153846153845,229.0769230769231,151.0,39.222222222222285,3409.777777777778,515.5555555555555,39.44444444444434
560,95.0,2816.0,572.0,160.5,106.79999999999995,3353.6,575.6,166.5999999999999,98.28571428571422,1918.142857142857,550.8571428571429,122.0,105.0,956.3333333333334,1265.3333333333333,118.99999999999989,110.0,3076.5,168.3,156.0,108.91666666666663,2559.6666666666665,480.75,165.0,109.35714285714289,2567.1428571428573,861.5714285714286,148.35714285714266,104.0,3068.6153846153848,921.1538461538462,158.0,93.0,2101.0,1138.0,116.0,105.99999999999997,1574.076923076923,232.3846153846154,151.0,39.777777777777715,3410.222222222222,515.4444444444445,39.55555555555566
561,94.5,2820.5,572.5,161.75,104.40000000000009,3352.8,578.8,169.79999999999973,97.85714285714289,1932.4285714285713,553.5714285714286,119.00000000000023,102.0,964.7777777777778,1271.4444444444443,116.33333333333326,110.0,3080.0,166.0,156.0,107.5,2565.0,479.5,165.0,109.0,2573.0,861.0,148.0,104.00000000000011,3066.846153846154,921.4615384615385,158.0,93.08333333333348,2105.5833333333335,1138.8333333333333,114.25,106.0,1583.5384615384614,235.69230769230768,151.0,40.33333333333326,3410.6666666666665,515.3333333333334,39.66666666666697
562,94.0,2825.0,573.0,163.0,102.0,3352.0,582.0,173.0,97.42857142857133,1946.7142857142858,556.2857142857143,116.0,99.0,973.2222222222222,1277.5555555555557,113.66666666666674,113.83333333333331,3081.1666666666665,164.0,156.0,106.08333333333337,2570.3333333333335,478.25,165.0,109.5333333333333,2578.0,862.1333333333333,148.66666666666652,104.0,3065.076923076923,921.7692307692307,158.0,93.16666666666652,2110.1666666666665,1139.6666666666667,112.5,106.0,1593.0,239.0,151.0,40.888888888888914,3411.1111111111113,515.2222222222222,39.777777777777374
563,93.71428571428567,2833.4285714285716,574.0,161.28571428571422,102.0,3353.4285714285716,583.5714285714286,174.71428571428578,97.0,1961.0,559.0,113.0,96.0,981.6666666666666,1283.6666666666667,111.00000000000011,117.66666666666669,3082.3333333333335,162.0,156.0,104.66666666666663,2575.6666666666665,477.0,165.0,110.06666666666672,2583.0,863.2666666666667,149.33333333333348,104.0,3063.3076923076924,922.0769230769231,158.0,93.25,2114.75,1140.5,110.75,106.0,1605.5,241.7,151.79999999999995,41.44444444444446,3411.5555555555557,515.1111111111111,39.88888888888869
564,93.42857142857144,2841.8571428571427,575.0,159.5714285714289,102.0,3354.8571428571427,585.1428571428571,176.42857142857156,97.83333333333326,1967.6666666666667,562.3333333333334,118.33333333333326,93.0,990.1111111111111,1289.7777777777778,108.33333333333326,121.5,3083.5,160.0,156.0,103.25,2581.0,475.75,165.0,110.60000000000002,2588.0,864.4,150.0,104.00000000000011,3061.5384615384614,922.3846153846154,158.0,93.33333333333348,2119.3333333333335,1141.3333333333333,109.0,105.99999999999997,1618.0,244.4,152.5999999999999,42.0,3412.0,515.0,40.0
565,93.14285714285711,2850.285714285714,576.0,157.85714285714312,102.0,3356.285714285714,586.7142857142857,178.14285714285734,98.66666666666674,1974.3333333333333,565.6666666666666,123.66666666666674,90.0,998.5555555555555,1295.888888888889,105.66666666666663,125.33333333333331,3084.6666666666665,158.0,156.0,101.83333333333337,2586.3333333333335,474.5,165.0,111.13333333333333,2593.0,865.5333333333333,150.66666666666652,103.99999999999989,3059.769230769231,922.6923076923077,158.0,93.41666666666652,2123.9166666666665,1142.1666666666667,107.25,106.00000000000003,1630.5,247.1,153.4000000000001,42.0,3413.1428571428573,515.2857142857143,40.428571428571104
566,92.85714285714289,2858.714285714286,577.0,156.14285714285688,102.0,3357.714285714286,588.2857142857143,179.85714285714266,99.5,1981.0,569.0,129.0,87.0,1007.0,1302.0,103.0,129.16666666666669,3085.8333333333335,156.0,156.0,100.41666666666663,2591.6666666666665,473.25,165.0,111.66666666666674,2598.0,866.6666666666666,151.33333333333348,104.0,3058.0,923.0,158.0,93.5,2128.5,1143.0,105.5,106.0,1643.0,249.8,154.20000000000005,42.0,3414.285714285714,515.5714285714286,40.85714285714312
567,92.57142857142856,2867.1428571428573,578.0,154.4285714285711,102.0,3359.1428571428573,589.8571428571429,181.57142857142844,100.33333333333326,1987.6666666666667,572.3333333333334,134.33333333333326,92.0,1009.25,1304.0,112.0,133.0,3087.0,154.0,156.0,99.0,2597.0,472.0,165.0,112.20000000000005,2603.0,867.8,152.0,103.00000000000011,3052.8888888888887,922.6666666666666,159.66666666666697,93.58333333333348,2133.0833333333335,1143.8333333333333,103.75,106.0,1655.5,252.5,155.0,42.0,3415.4285714285716,515.8571428571429,41.28571428571422
568,92.28571428571433,2875.5714285714284,579.0,152.71428571428578,102.0,3360.5714285714284,591.4285714285714,183.28571428571422,101.16666666666674,1994.3333333333333,575.6666666666666,139.66666666666674,97.0,1011.5,1306.0,121.0,132.66666666666666,3091.0,150.66666666666666,156.0,98.93333333333334,2603.5333333333333,470.8,163.66666666666652,112.73333333333335,2608.0,868.9333333333333,152.66666666666652,101.99999999999989,3047.777777777778,922.3333333333334,161.33333333333348,93.66666666666652,2137.6666666666665,1144.6666666666667,102.0,106.0,1668.0,255.2,155.79999999999995,42.0,3416.5714285714284,516.1428571428571,41.71428571428578
569,92.0,2884.0,580.0,151.0,102.0,3362.0,593.0,185.0,102.0,2001.0,579.0,145.0,102.0,1013.75,1308.0,130.0,132.33333333333334,3095.0,147.33333333333334,156.0,98.86666666666667,2610.0666666666666,469.6,162.33333333333348,113.26666666666665,2613.0,870.0666666666667,153.33333333333348,101.0,3042.6666666666665,922.0,163.0,93.75,2142.25,1145.5,100.25,106.0,1680.5,257.9,156.5999999999999,42.0,3417.714285714286,516.4285714285714,42.14285714285688
570,92.33333333333337,2887.8888888888887,580.4444444444445,153.55555555555566,103.5,3365.875,594.75,181.75,103.14285714285722,2014.5714285714287,579.1428571428571,145.1428571428571,107.0,1016.0,1310.0,139.0,132.0,3099.0,144.0,156.0,98.80000000000007,2616.6,468.4,161.0,113.79999999999995,2618.0,871.2,154.0,100.0,3037.5555555555557,921.6666666666666,164.66666666666652,93.83333333333348,2146.8333333333335,1146.3333333333333,98.5,106.0,1693.0,260.6,157.4000000000001,42.0,3418.8571428571427,516.7142857142857,42.571428571428896
571,92.66666666666663,2891.777777777778,580.8888888888889,156.11111111111086,105.0,3369.75,596.5,178.5,104.28571428571422,2028.142857142857,579.2857142857143,145.28571428571445,106.0,1030.857142857143,1315.7142857142858,136.57142857142844,110.0,3092.0,146.0,156.0,98.73333333333329,2623.133333333333,467.2,159.66666666666697,114.33333333333326,2623.0,872.3333333333334,154.66666666666652,99.0,3032.4444444444443,921.3333333333334,166.33333333333348,93.91666666666652,2151.4166666666665,1147.1666666666667,96.75,106.0,1705.5,263.3,158.20000000000005,42.0,3420.0,517.0,43.0
572,93.0,2895.6666666666665,581.3333333333334,158.66666666666697,106.5,3373.625,598.25,175.25,105.42857142857144,2041.7142857142858,579.4285714285714,145.42857142857156,105.0,1045.7142857142858,1321.4285714285713,134.1428571428571,112.14285714285711,3090.8571428571427,144.71428571428572,158.71428571428578,98.66666666666663,2629.6666666666665,466.0,158.33333333333348,114.86666666666667,2628.0,873.4666666666667,155.33333333333348,98.0,3027.3333333333335,921.0,168.0,94.0,2156.0,1148.0,95.0,106.0,1718.0,266.0,159.0,42.0,3421.625,517.625,43.0
573,93.33333333333326,2899.5555555555557,581.7777777777778,161.22222222222217,108.0,3377.5,600.0,172.0,106.57142857142856,2055.285714285714,579.5714285714286,145.57142857142844,104.0,1060.5714285714287,1327.142857142857,131.71428571428555,114.2857142857143,3089.714285714286,143.42857142857142,161.42857142857156,98.59999999999997,2636.2,464.8,157.0,115.39999999999998,2633.0,874.6,156.0,97.0,3022.222222222222,920.6666666666666,169.66666666666652,94.0,2161.0,1147.6666666666667,95.0,107.375,1735.5,273.5,158.875,42.0,3423.25,518.25,43.0
574,93.66666666666674,2903.4444444444443,582.2222222222222,163.77777777777783,109.5,3381.375,601.75,168.75,107.71428571428578,2068.8571428571427,579.7142857142857,145.71428571428578,103.0,1075.4285714285713,1332.857142857143,129.28571428571445,116.42857142857142,3088.5714285714284,142.14285714285714,164.14285714285734,98.5333333333333,2642.733333333333,463.6,155.66666666666697,115.93333333333328,2638.0,875.7333333333333,156.66666666666652,96.0,3017.1111111111113,920.3333333333334,171.33333333333303,94.0,2166.0,1147.3333333333333,95.0,108.75,1753.0,281.0,158.75,42.0,3424.875,518.875,43.0
575,94.0,2907.3333333333335,582.6666666666666,166.33333333333303,111.0,3385.25,603.5,165.5,108.85714285714278,2082.4285714285716,579.8571428571429,145.85714285714266,102.0,1090.2857142857142,1338.5714285714287,126.85714285714289,118.57142857142858,3087.4285714285716,140.85714285714286,166.85714285714266,98.4666666666667,2649.266666666667,462.4,154.33333333333303,116.4666666666667,2643.0,876.8666666666667,157.33333333333348,95.0,3012.0,920.0,173.0,94.0,2171.0,1147.0,95.0,110.125,1770.5,288.5,158.625,42.0,3426.5,519.5,43.0
576,94.33333333333337,2911.222222222222,583.1111111111111,168.88888888888914,112.5,3389.125,605.25,162.25,110.0,2096.0,580.0,146.0,101.0,1105.142857142857,1344.2857142857142,124.42857142857156,120.7142857142857,3086.285714285714,139.57142857142858,169.57142857142844,98.40000000000003,2655.8,461.2,153.0,117.0,2648.0,878.0,158.0,95.08333333333326,3012.4166666666665,919.3333333333334,170.0,94.0,2176.0,1146.6666666666667,95.0,111.5,1788.0,296.0,158.5,42.0,3428.125,520.125,43.0
577,94.66666666666663,2915.1111111111113,583.5555555555555,171.44444444444434,114.0,3393.0,607.0,159.0,110.16666666666674,2116.1666666666665,584.1666666666666,140.83333333333348,100.0,1120.0,1350.0,122.0,122.85714285714289,3085.1428571428573,138.28571428571428,172.28571428571422,98.33333333333337,2662.3333333333335,460.0,151.66666666666652,116.28571428571422,2653.714285714286,876.9285714285714,157.42857142857156,95.16666666666674,3012.8333333333335,918.6666666666666,167.0,94.0,2181.0,1146.3333333333333,95.0,112.875,1805.5,303.5,158.375,42.0,3429.75,520.75,43.0
578,95.0,2919.0,584.0,174.0,113.75,3394.5,610.25,158.75,110.33333333333326,2136.3333333333335,588.3333333333334,135.66666666666652,100.0,1129.8333333333333,1354.8333333333333,124.16666666666674,125.0,3084.0,137.0,175.0,98.26666666666671,2668.866666666667,458.8,150.33333333333303,115.57142857142856,2659.4285714285716,875.8571428571429,156.85714285714266,95.25,3013.25,918.0,164.0,94.0,2186.0,1146.0,95.0,114.25,1823.0,311.0,158.25,42.0,3431.375,521.375,43.0
579,95.90909090909088,2927.090909090909,584.0,171.4545454545455,113.5,3396.0,613.5,158.5,110.5,2156.5,592.5,130.5,100.0,1139.6666666666667,1359.6666666666667,126.33333333333326,122.9,3083.4,138.1,172.9000000000001,98.19999999999993,2675.4,457.6,149.0,114.85714285714278,2665.1428571428573,874.7857142857143,156.28571428571422,95.33333333333326,3013.6666666666665,917.3333333333334,161.0,94.0,2191.0,1145.6666666666667,95.0,115.625,1840.5,318.5,158.125,42.0,3433.0,522.0,43.0
580,96.81818181818187,2935.181818181818,584.0,168.909090909091,113.25,3397.5,616.75,158.25,110.66666666666674,2176.6666666666665,596.6666666666666,125.33333333333348,100.0,1149.5,1364.5,128.5,120.80000000000001,3082.8,139.2,170.79999999999973,98.13333333333333,2681.9333333333334,456.4,147.66666666666652,114.14285714285722,2670.8571428571427,873.7142857142857,155.71428571428578,95.41666666666674,3014.0833333333335,916.6666666666666,158.0,94.0,2196.0,1145.3333333333333,95.0,117.0,1858.0,326.0,158.0,41.875,3433.375,522.5,43.0
581,97.72727272727275,2943.2727272727275,584.0,166.36363636363603,113.0,3399.0,620.0,158.0,110.83333333333326,2196.8333333333335,600.8333333333334,120.16666666666652,100.0,1159.3333333333333,1369.3333333333333,130.66666666666674,118.69999999999999,3082.2,140.3,168.70000000000027,98.06666666666666,2688.4666666666667,455.2,146.33333333333348,113.42857142857144,2676.5714285714284,872.6428571428571,155.14285714285734,95.5,3014.5,916.0,155.0,94.0,2201.0,1145.0,95.0,114.85714285714283,1876.142857142857,331.0,155.57142857142867,41.75,3433.75,523.0,43.0
582,98.63636363636363,2951.3636363636365,584.0,163.81818181818153,110.77777777777771,3399.6666666666665,622.4444444444445,158.0,111.0,2217.0,605.0,115.0,100.0,1169.1666666666667,1374.1666666666667,132.83333333333326,116.6,3081.6,141.4,166.5999999999999,98.0,2695.0,454.0,145.0,112.71428571428578,2682.285714285714,871.5714285714286,154.57142857142844,95.58333333333326,3014.9166666666665,915.3333333333334,152.0,94.0,2203.5,1146.5833333333333,97.0,112.71428571428572,1894.2857142857142,336.0,153.1428571428571,41.625,3434.125,523.5,43.0
583,99.5454545454545,2959.4545454545455,584.0,161.27272727272702,108.55555555555554,3400.3333333333335,624.8888888888889,158.0,111.83333333333326,2225.0,607.8333333333334,125.5,100.0,1179.0,1379.0,135.0,114.5,3081.0,142.5,164.5,97.99999999999994,2700.9166666666665,453.4166666666667,145.0,112.0,2688.0,870.5,154.0,95.66666666666674,3015.3333333333335,914.6666666666666,149.0,94.0,2206.0,1148.1666666666667,99.0,110.57142857142856,1912.4285714285713,341.0,150.714285714286,41.5,3434.5,524.0,43.0
584,100.4545454545455,2967.5454545454545,584.0,158.72727272727298,106.33333333333326,3401.0,627.3333333333334,158.0,112.66666666666674,2233.0,610.6666666666666,136.0,98.40000000000009,1197.2,1384.8,130.79999999999995,112.4,3080.4,143.6,162.4000000000001,98.00000000000006,2706.8333333333335,452.8333333333333,145.0,111.28571428571422,2693.714285714286,869.4285714285714,153.42857142857156,95.75,3015.75,914.0,146.0,94.0,2208.5,1149.75,101.0,108.42857142857144,1930.5714285714287,346.0,148.285714285714,41.375,3434.875,524.5,43.0
585,101.36363636363637,2975.6363636363635,584.0,156.18181818181847,104.11111111111109,3401.6666666666665,629.7777777777778,158.0,113.5,2241.0,613.5,146.5,96.80000000000018,1215.4,1390.6,126.59999999999991,110.30000000000001,3079.8,144.7,160.29999999999973,98.0,2712.75,452.25,145.0,110.57142857142856,2699.4285714285716,868.3571428571429,152.85714285714266,95.83333333333326,3016.1666666666665,913.3333333333334,143.0,94.0,2211.0,1151.3333333333333,103.0,106.28571428571428,1948.7142857142858,351.0,145.85714285714266,41.25,3435.25,525.0,43.0
586,102.27272727272725,2983.7272727272725,584.0,153.63636363636397,101.88888888888891,3402.3333333333335,632.2222222222222,158.0,114.33333333333326,2249.0,616.3333333333334,157.0,95.19999999999982,1233.6,1396.4,122.40000000000009,108.19999999999999,3079.2,145.8,158.20000000000027,97.99999999999994,2718.6666666666665,451.6666666666667,145.0,109.85714285714278,2705.1428571428573,867.2857142857143,152.28571428571422,95.91666666666674,3016.5833333333335,912.6666666666666,140.0,94.0,2213.5,1152.9166666666667,105.0,104.14285714285717,1966.857142857143,356.0,143.42857142857133,41.125,3435.625,525.5,43.0
587,103.18181818181813,2991.818181818182,584.0,151.090909090909,99.66666666666674,3403.0,634.6666666666666,158.0,115.16666666666674,2257.0,619.1666666666666,167.5,93.59999999999991,1251.8,1402.2,118.20000000000005,106.1,3078.6,146.9,156.0999999999999,98.00000000000006,2724.5833333333335,451.0833333333333,145.0,109.14285714285722,2710.8571428571427,866.2142857142857,151.71428571428578,96.0,3017.0,912.0,137.0,94.0,2216.0,1154.5,107.0,102.0,1985.0,361.0,141.0,41.0,3436.0,526.0,43.0
588,104.09090909090912,2999.909090909091,584.0,148.5454545454545,97.44444444444446,3403.6666666666665,637.1111111111111,158.0,116.0,2265.0,622.0,178.0,92.0,1270.0,1408.0,114.0,104.0,3078.0,148.0,154.0,98.0,2730.5,450.5,145.0,108.42857142857144,2716.5714285714284,865.1428571428571,151.14285714285734,96.0,3015.625,914.5,137.0,94.0,2218.5,1156.0833333333333,109.0,102.66666666666669,1996.0,369.0,146.66666666666652,40.875,3436.375,526.5,43.0
589,105.0,3008.0,584.0,146.0,95.22222222222229,3404.3333333333335,639.5555555555555,158.0,114.23076923076928,2280.769230769231,622.3846153846154,170.8461538461538,94.0,1280.25,1412.75,125.75,105.0,3078.133333333333,149.0,153.4000000000001,97.99999999999994,2736.4166666666665,449.9166666666667,145.0,107.71428571428578,2722.285714285714,864.0714285714286,150.57142857142844,96.0,3014.25,917.0,137.0,94.0,2221.0,1157.6666666666667,111.0,103.33333333333331,2007.0,377.0,152.33333333333348,40.75,3436.75,527.0,43.0
590,104.20000000000005,3011.4,585.5,148.0,93.0,3405.0,642.0,158.0,112.46153846153857,2296.5384615384614,622.7692307692307,163.69230769230762,96.0,1290.5,1417.5,137.5,106.0,3078.266666666667,150.0,152.79999999999973,98.00000000000006,2742.3333333333335,449.3333333333333,145.0,107.0,2728.0,863.0,150.0,96.0,3012.875,919.5,137.0,94.0,2223.5,1159.25,113.0,104.0,2018.0,385.0,158.0,40.625,3437.125,527.5,43.0
591,103.39999999999998,3014.8,587.0,150.0,93.0,3405.1666666666665,643.0,158.0,110.69230769230762,2312.3076923076924,623.1538461538462,156.53846153846143,98.0,1300.75,1422.25,149.25,107.0,3078.4,151.0,152.19999999999982,98.0,2748.25,448.75,145.0,107.28571428571433,2733.4285714285716,862.5714285714286,150.57142857142844,96.0,3011.5,922.0,137.0,94.0,2226.0,1160.8333333333333,115.0,101.75,2043.75,393.25,146.5,40.5,3437.5,528.0,43.0
592,102.60000000000002,3018.2,588.5,152.0,93.0,3405.3333333333335,644.0,158.0,108.9230769230769,2328.076923076923,623.5384615384615,149.3846153846157,100.0,1311.0,1427.0,161.0,108.0,3078.5333333333333,152.0,151.5999999999999,97.99999999999994,2754.1666666666665,448.1666666666667,145.0,107.57142857142856,2738.8571428571427,862.1428571428571,151.14285714285734,96.0,3010.125,924.5,137.0,94.0,2228.5,1162.4166666666667,117.0,99.5,2069.5,401.5,135.0,40.375,3437.875,528.5,43.0
593,101.79999999999995,3021.6,590.0,154.0,93.0,3405.5,645.0,158.0,107.15384615384619,2343.846153846154,623.9230769230769,142.23076923076906,98.25,1339.25,1432.25,149.0,109.0,3078.6666666666665,153.0,151.0,98.00000000000006,2760.0833333333335,447.5833333333333,145.0,107.85714285714289,2744.285714285714,861.7142857142857,151.71428571428578,96.0,3008.75,927.0,137.0,94.0,2231.0,1164.0,119.0,97.25,2095.25,409.75,123.5,40.25,3438.25,529.0,43.0
594,101.0,3025.0,591.5,156.0,93.0,3405.6666666666665,646.0,158.0,105.38461538461547,2359.6153846153848,624.3076923076923,135.07692307692287,96.5,1367.5,1437.5,137.0,110.0,3078.8,154.0,150.39999999999964,98.0,2766.0,447.0,145.0,108.14285714285711,2749.714285714286,861.2857142857143,152.28571428571422,96.0,3007.375,929.5,137.0,93.55555555555566,2236.6666666666665,1166.3333333333333,116.66666666666697,95.0,2121.0,418.0,112.0,40.125,3438.625,529.5,43.0
595,100.20000000000005,3028.4,593.0,158.0,93.0,3405.8333333333335,647.0,158.0,103.61538461538453,2375.3846153846152,624.6923076923077,127.92307692307713,94.75,1395.75,1442.75,125.0,111.0,3078.9333333333334,155.0,149.79999999999973,98.92857142857144,2772.5714285714284,446.5,144.5,108.42857142857144,2755.1428571428573,860.8571428571429,152.85714285714266,96.0,3006.0,932.0,137.0,93.11111111111109,2242.3333333333335,1168.6666666666667,114.33333333333303,103.16666666666669,2134.5,425.6666666666667,119.33333333333348,40.0,3439.0,530.0,43.0
596,99.39999999999998,3031.8,594.5,160.0,93.0,3406.0,648.0,158.0,101.84615384615381,2391.153846153846,625.0769230769231,120.76923076923094,93.0,1424.0,1448.0,113.0,112.0,3079.0666666666666,156.0,149.20000000000027,99.85714285714289,2779.1428571428573,446.0,144.0,108.71428571428567,2760.5714285714284,860.4285714285714,153.42857142857156,95.99999999999989,3004.4444444444443,933.3333333333334,137.0,92.66666666666674,2248.0,1171.0,112.0,111.33333333333331,2148.0,433.3333333333333,126.66666666666652,40.0,3439.6666666666665,531.0,43.0
597,98.60000000000002,3035.2,596.0,162.0,95.875,3405.625,644.25,159.125,100.0769230769231,2406.923076923077,625.4615384615385,113.6153846153843,93.0,1433.3333333333333,1452.0,122.5,113.0,3079.2,157.0,148.60000000000036,100.78571428571433,2785.714285714286,445.5,143.5,109.0,2766.0,860.0,154.0,96.00000000000011,3002.8888888888887,934.6666666666666,137.0,92.2222222222224,2253.6666666666665,1173.3333333333333,109.66666666666697,119.5,2161.5,441.0,134.0,40.0,3440.3333333333335,532.0,43.0
598,97.79999999999995,3038.6,597.5,164.0,98.75,3405.25,640.5,160.25,98.30769230769238,2422.6923076923076,625.8461538461538,106.46153846153857,93.0,1442.6666666666667,1456.0,132.0,114.0,3079.3333333333335,158.0,148.0,101.71428571428567,2792.285714285714,445.0,143.0,107.66666666666663,2781.6666666666665,860.0,141.66666666666697,96.0,3001.3333333333335,936.0,137.0,91.7777777777776,2259.3333333333335,1175.6666666666667,107.33333333333303,127.66666666666669,2175.0,448.6666666666667,141.33333333333348,40.0,3441.0,533.0,43.0
599,97.0,3042.0,599.0,166.0,101.625,3404.875,636.75,161.375,96.53846153846143,2438.4615384615386,626.2307692307693,99.30769230769238,93.0,1452.0,1460.0,141.5,115.0,3079.4666666666667,159.0,147.4000000000001,102.64285714285711,2798.8571428571427,444.5,142.5,106.33333333333337,2797.3333333333335,860.0,129.33333333333303,95.99999999999989,2999.777777777778,937.3333333333334,137.0,91.33333333333326,2265.0,1178.0,105.0,135.83333333333331,2188.5,456.3333333333333,148.66666666666652,40.0,3441.6666666666665,534.0,43.0
600,97.60000000000002,3046.0,598.4666666666667,166.5333333333333,104.5,3404.5,633.0,162.5,94.76923076923072,2454.230769230769,626.6153846153846,92.15384615384619,93.0,1461.3333333333333,1464.0,151.0,116.0,3079.6,160.0,146.80000000000018,103.57142857142856,2805.4285714285716,444.0,142.0,105.0,2813.0,860.0,117.0,96.00000000000011,2998.222222222222,938.6666666666666,137.0,90.88888888888891,2270.6666666666665,1180.3333333333333,102.66666666666697,144.0,2202.0,464.0,156.0,40.0,3442.3333333333335,535.0,43.0
601,98.20000000000005,3050.0,597.9333333333333,167.0666666666666,107.375,3404.125,629.25,163.625,93.0,2470.0,627.0,85.0,93.0,1470.6666666666667,1468.0,160.5,117.0,3079.733333333333,161.0,146.20000000000027,104.5,2812.0,443.5,141.5,105.875,2813.0,860.625,123.875,96.0,2996.6666666666665,940.0,137.0,90.44444444444434,2276.3333333333335,1182.6666666666667,100.33333333333303,140.71428571428572,2221.285714285714,469.7142857142857,155.42857142857156,40.0,3443.0,536.0,43.0
602,98.80000000000007,3054.0,597.4,167.5999999999999,110.25,3403.75,625.5,164.75,94.625,2471.625,625.625,87.125,93.0,1480.0,1472.0,170.0,118.0,3079.866666666667,162.0,145.5999999999999,105.42857142857144,2818.5714285714284,443.0,141.0,106.75,2813.0,861.25,130.75,95.99999999999989,2995.1111111111113,941.3333333333334,137.0,90.0,2282.0,1185.0,98.0,137.42857142857144,2240.5714285714284,475.42857142857144,154.85714285714312,40.0,3443.6666666666665,537.0,43.0
603,99.39999999999998,3058.0,596.8666666666667,168.1333333333332,113.125,3403.375,621.75,165.875,96.25,2473.25,624.25,89.25,93.0,1510.0,1476.75,153.0,119.0,3080.0,163.0,145.0,106.35714285714289,2825.1428571428573,442.5,140.5,107.625,2813.0,861.875,137.625,96.00000000000011,2993.5555555555557,942.6666666666666,137.0,90.0,2283.5454545454545,1186.8181818181818,98.0,134.14285714285717,2259.8571428571427,481.14285714285717,154.28571428571468,40.0,3444.3333333333335,538.0,43.0
604,100.0,3062.0,596.3333333333334,168.66666666666652,116.0,3403.0,618.0,167.0,97.875,2474.875,622.875,91.375,93.0,1540.0,1481.5,136.0,118.75000000000003,3078.5833333333335,163.66666666666666,146.41666666666652,107.28571428571433,2831.714285714286,442.0,140.0,108.5,2813.0,862.5,144.5,96.0,2992.0,944.0,137.0,90.0,2285.090909090909,1188.6363636363637,98.0,130.85714285714283,2279.1428571428573,486.85714285714283,153.71428571428532,40.0,3445.0,539.0,43.0
605,100.60000000000002,3066.0,595.8,169.19999999999982,120.0,3403.125,614.25,166.875,99.5,2476.5,621.5,93.5,93.0,1570.0,1486.25,119.0,118.49999999999997,3077.1666666666665,164.33333333333334,147.83333333333348,108.21428571428567,2838.285714285714,441.5,139.5,109.375,2813.0,863.125,151.375,95.27272727272737,2988.4545454545455,946.3636363636364,139.909090909091,90.0,2286.6363636363635,1190.4545454545455,98.0,127.57142857142856,2298.4285714285716,492.57142857142856,153.14285714285688,40.0,3446.5,540.875,43.0
606,101.20000000000005,3070.0,595.2666666666667,169.73333333333312,124.0,3403.25,610.5,166.75,101.125,2478.125,620.125,95.625,93.0,1600.0,1491.0,102.0,118.25,3075.75,165.0,149.25,109.14285714285711,2844.8571428571427,441.0,139.0,110.25,2813.0,863.75,158.25,94.5454545454545,2984.909090909091,948.7272727272727,142.81818181818153,90.0,2288.181818181818,1192.2727272727273,98.0,124.28571428571428,2317.714285714286,498.2857142857143,152.57142857142844,40.0,3448.0,542.75,43.0
607,101.79999999999995,3074.0,594.7333333333333,170.26666666666688,128.0,3403.375,606.75,166.625,102.75,2479.75,618.75,97.75,95.39999999999986,1610.2,1493.4,112.79999999999995,118.00000000000003,3074.3333333333335,165.66666666666666,150.66666666666652,110.07142857142856,2851.4285714285716,440.5,138.5,111.125,2813.0,864.375,165.125,93.81818181818187,2981.3636363636365,951.0909090909091,145.72727272727252,90.0,2289.7272727272725,1194.090909090909,98.0,121.0,2337.0,504.0,152.0,40.0,3449.5,544.625,43.0
608,102.39999999999998,3078.0,594.2,170.80000000000018,132.0,3403.5,603.0,166.5,104.375,2481.375,617.375,99.875,97.79999999999995,1620.4,1495.8,123.59999999999991,117.74999999999997,3072.9166666666665,166.33333333333334,152.08333333333348,111.0,2858.0,440.0,138.0,112.0,2813.0,865.0,172.0,93.09090909090901,2977.818181818182,953.4545454545455,148.6363636363635,90.0,2291.2727272727275,1195.909090909091,98.0,117.77777777777777,2355.1111111111113,509.6666666666667,149.8888888888887,40.0,3451.0,546.5,43.0
609,103.0,3082.0,593.6666666666666,171.33333333333348,136.0,3403.625,599.25,166.375,106.0,2483.0,616.0,102.0,100.20000000000005,1630.6,1498.2,134.4000000000001,117.5,3071.5,167.0,153.5,111.0,2862.5555555555557,439.0,138.0,111.15384615384608,2819.153846153846,863.2307692307693,171.61538461538476,92.36363636363637,2974.2727272727275,955.8181818181819,151.5454545454545,90.0,2292.818181818182,1197.7272727272727,98.0,114.55555555555554,2373.222222222222,515.3333333333334,147.77777777777783,40.0,3452.5,548.375,43.0
610,103.60000000000002,3086.0,593.1333333333333,171.8666666666668,140.0,3403.75,595.5,166.25,109.0,2483.0,613.1428571428571,103.57142857142844,102.60000000000014,1640.8,1500.6,145.20000000000005,117.25000000000003,3070.0833333333335,167.66666666666666,154.91666666666652,111.0,2867.1111111111113,438.0,138.0,110.30769230769226,2825.3076923076924,861.4615384615385,171.23076923076906,91.63636363636363,2970.7272727272725,958.1818181818181,154.4545454545455,90.0,2294.3636363636365,1199.5454545454545,98.0,111.33333333333337,2391.3333333333335,521.0,145.66666666666652,40.0,3454.0,550.25,43.0
611,104.19999999999993,3090.0,592.6,172.4000000000001,144.0,3403.875,591.75,166.125,112.0,2483.0,610.2857142857143,105.14285714285734,105.0,1651.0,1503.0,156.0,116.99999999999997,3068.6666666666665,168.33333333333334,156.33333333333348,111.0,2871.6666666666665,437.0,138.0,109.46153846153845,2831.4615384615386,859.6923076923077,170.8461538461538,90.90909090909099,2967.181818181818,960.5454545454545,157.3636363636365,90.0,2295.909090909091,1201.3636363636363,98.0,108.1111111111112,2409.4444444444443,526.6666666666666,143.55555555555566,40.0,3455.5,552.125,43.0
612,104.79999999999995,3094.0,592.0666666666667,172.9333333333334,148.0,3404.0,588.0,166.0,115.0,2483.0,607.4285714285714,106.71428571428578,101.0,1677.0,1507.0,147.25,116.75,3067.25,169.0,157.75,111.0,2876.222222222222,436.0,138.0,108.61538461538464,2837.6153846153848,857.9230769230769,170.4615384615381,90.18181818181813,2963.6363636363635,962.9090909090909,160.27272727272748,90.0,2297.4545454545455,1203.1818181818182,98.0,104.8888888888888,2427.5555555555557,532.3333333333334,141.44444444444434,40.0,3457.0,554.0,43.0
613,105.39999999999998,3098.0,591.5333333333333,173.4666666666667,148.88235294117646,3404.0,586.8823529411765,166.0,118.0,2483.0,604.5714285714286,108.28571428571422,97.0,1703.0,1511.0,138.5,116.50000000000003,3065.8333333333335,169.66666666666666,159.16666666666652,111.0,2880.777777777778,435.0,138.0,107.76923076923072,2843.769230769231,856.1538461538462,170.07692307692287,89.4545454545455,2960.090909090909,965.2727272727273,163.18181818181847,90.0,2299.0,1205.0,98.0,101.66666666666663,2445.6666666666665,538.0,139.33333333333348,40.0,3457.75,554.375,43.0
614,106.0,3102.0,591.0,174.0,149.76470588235293,3404.0,585.7647058823529,166.0,121.0,2483.0,601.7142857142857,109.85714285714266,93.0,1729.0,1515.0,129.75,116.24999999999997,3064.4166666666665,170.33333333333334,160.58333333333348,111.0,2885.3333333333335,434.0,138.0,106.9230769230769,2849.923076923077,854.3846153846154,169.69230769230762,88.72727272727263,2956.5454545454545,967.6363636363636,166.090909090909,90.0,2298.785714285714,1206.2142857142858,98.0,98.44444444444446,2463.777777777778,543.6666666666666,137.22222222222217,40.0,3458.5,554.75,43.0
615,105.38461538461536,3106.6153846153848,591.1538461538462,173.07692307692287,150.6470588235294,3404.0,584.6470588235294,166.0,124.0,2483.0,598.8571428571429,111.42857142857156,89.0,1755.0,1519.0,121.0,116.0,3063.0,171.0,162.0,111.0,2889.8888888888887,433.0,138.0,106.0769230769231,2856.076923076923,852.6153846153846,169.30769230769238,88.0,2953.0,970.0,169.0,90.0,2298.5714285714284,1207.4285714285713,98.0,95.22222222222217,2481.8888888888887,549.3333333333334,135.1111111111113,40.0,3459.25,555.125,43.0
616,104.76923076923083,3111.230769230769,591.3076923076923,172.1538461538462,151.52941176470586,3404.0,583.5294117647059,166.0,127.0,2483.0,596.0,113.0,91.83333333333348,1769.8333333333333,1520.3333333333333,128.33333333333348,116.0,3061.5238095238096,172.1904761904762,162.0,111.0,2894.4444444444443,432.0,138.0,105.23076923076928,2862.230769230769,850.8461538461538,168.92307692307713,86.77777777777771,2951.6666666666665,972.3333333333334,166.4444444444448,90.0,2298.3571428571427,1208.642857142857,98.0,92.0,2500.0,555.0,133.0,40.0,3460.0,555.5,43.0
617,104.15384615384619,3115.846153846154,591.4615384615385,171.23076923076906,152.41176470588243,3404.0,582.4117647058823,166.0,127.5,2483.0,594.0,115.0,94.66666666666652,1784.6666666666667,1521.6666666666667,135.66666666666652,116.00000000000003,3060.0476190476193,173.38095238095238,162.0,111.0,2899.0,431.0,138.0,104.38461538461536,2868.3846153846152,849.0769230769231,168.5384615384619,85.55555555555554,2950.3333333333335,974.6666666666666,163.8888888888887,90.0,2298.1428571428573,1209.857142857143,98.0,97.79999999999995,2518.6,558.0,128.4000000000001,40.0,3460.75,555.875,43.0
618,103.53846153846155,3120.4615384615386,591.6153846153846,170.30769230769238,153.2941176470589,3404.0,581.2941176470588,166.0,128.0,2483.0,592.0,117.0,97.5,1799.5,1523.0,143.0,115.99999999999997,3058.5714285714284,174.57142857142858,162.0,109.99999999999994,2903.0,430.54545454545456,139.0,103.53846153846155,2874.5384615384614,847.3076923076923,168.1538461538462,84.33333333333326,2949.0,977.0,161.33333333333348,90.0,2297.9285714285716,1211.0714285714287,98.0,103.60000000000002,2537.2,561.0,123.80000000000018,40.0,3461.5,556.25,43.0
619,102.92307692307702,3125.076923076923,591.7692307692307,169.3846153846157,154.17647058823536,3404.0,580.1764705882352,166.0,128.5,2483.0,590.0,119.0,100.33333333333348,1814.3333333333333,1524.3333333333333,150.33333333333348,116.0,3057.095238095238,175.76190476190476,162.0,109.00000000000006,2907.0,430.09090909090907,140.0,102.69230769230774,2880.6923076923076,845.5384615384615,167.76923076923094,83.11111111111097,2947.6666666666665,979.3333333333334,158.77777777777783,90.0,2297.714285714286,1212.2857142857142,98.0,109.39999999999998,2555.8,564.0,119.19999999999982,40.0,3462.25,556.625,43.0
620,102.30769230769238,3129.6923076923076,591.9230769230769,168.46153846153857,155.05882352941182,3404.0,579.0588235294117,166.0,129.0,2483.0,588.0,121.0,103.16666666666652,1829.1666666666667,1525.6666666666667,157.66666666666652,116.0,3055.6190476190477,176.95238095238096,162.0,108.0,2911.0,429.6363636363636,141.0,101.84615384615392,2886.846153846154,843.7692307692307,167.38461538461524,81.88888888888903,2946.3333333333335,981.6666666666666,156.22222222222217,90.0,2297.5,1213.5,98.0,115.20000000000005,2574.4,567.0,114.59999999999991,40.0,3463.0,557.0,43.0
621,101.69230769230762,3134.3076923076924,592.0769230769231,167.53846153846143,155.94117647058818,3404.0,577.9411764705883,166.0,129.5,2483.0,586.0,123.0,106.0,1844.0,1527.0,165.0,116.00000000000003,3054.1428571428573,178.14285714285714,162.0,106.99999999999994,2915.0,429.1818181818182,142.0,101.0,2893.0,842.0,167.0,80.66666666666674,2945.0,984.0,153.66666666666652,90.0,2297.285714285714,1214.7142857142858,98.0,121.0,2593.0,570.0,110.0,40.0,3464.6153846153848,556.9230769230769,43.0
622,101.07692307692298,3138.923076923077,592.2307692307693,166.6153846153843,156.82352941176464,3404.0,576.8235294117648,166.0,130.0,2483.0,584.0,125.0,103.125,1865.375,1530.125,162.625,115.99999999999997,3052.6666666666665,179.33333333333334,162.0,106.0,2919.0,428.72727272727275,143.0,100.29999999999995,2900.1,840.0,164.4000000000001,79.44444444444446,2943.6666666666665,986.3333333333334,151.1111111111113,90.0,2297.0714285714284,1215.9285714285713,98.0,119.625,2601.25,573.625,113.25,40.0,3466.230769230769,556.8461538461538,43.0
623,100.46153846153845,3143.5384615384614,592.3846153846154,165.69230769230762,157.7058823529411,3404.0,575.7058823529412,166.0,130.5,2483.0,582.0,127.0,100.25,1886.75,1533.25,160.25,116.0,3051.190476190476,180.52380952380952,162.0,105.0,2923.0,428.27272727272725,144.0,99.60000000000002,2907.2,838.0,161.80000000000018,78.22222222222229,2942.3333333333335,988.6666666666666,148.5555555555552,90.0,2296.8571428571427,1217.142857142857,98.0,118.25,2609.5,577.25,116.5,40.0,3467.846153846154,556.7692307692307,43.0
624,99.84615384615381,3148.153846153846,592.5384615384615,164.76923076923094,158.58823529411757,3404.0,574.5882352941177,166.0,131.0,2483.0,580.0,129.0,97.375,1908.125,1536.375,157.875,116.0,3049.714285714286,181.71428571428572,162.0,104.00000000000006,2927.0,427.8181818181818,145.0,98.89999999999998,2914.3,836.0,159.19999999999982,77.0,2941.0,991.0,146.0,90.0,2296.6428571428573,1218.357142857143,98.0,116.875,2617.75,580.875,119.75,40.0,3469.4615384615386,556.6923076923077,43.0
625,99.23076923076917,3152.769230769231,592.6923076923077,163.8461538461538,159.47058823529414,3404.0,573.4705882352941,166.0,129.89999999999998,2483.5,580.9,129.80000000000018,94.5,1929.5,1539.5,155.5,116.00000000000003,3048.2380952380954,182.9047619047619,162.0,103.0,2931.0,427.3636363636364,146.0,98.20000000000005,2921.4,834.0,156.5999999999999,81.29999999999995,2940.9,991.8,144.5,90.0,2296.4285714285716,1219.5714285714287,98.0,115.5,2626.0,584.5,123.0,40.0,3471.076923076923,556.6153846153846,43.0
626,98.61538461538464,3157.3846153846152,592.8461538461538,162.92307692307713,160.3529411764706,3404.0,572.3529411764706,166.0,128.80000000000007,2484.0,581.8,130.5999999999999,91.625,1950.875,1542.625,153.125,115.99999999999997,3046.7619047619046,184.0952380952381,162.0,101.99999999999994,2935.0,426.90909090909093,147.0,97.5,2928.5,832.0,154.0,85.60000000000002,2940.8,992.6,143.0,90.0,2296.214285714286,1220.7857142857142,98.0,114.125,2634.25,588.125,126.25,40.0,3472.6923076923076,556.5384615384615,43.0
627,98.0,3162.0,593.0,162.0,161.23529411764707,3404.0,571.2352941176471,166.0,127.69999999999993,2484.5,582.7,131.4000000000001,88.75,1972.25,1545.75,150.75,116.0,3045.285714285714,185.28571428571428,162.0,101.00000000000006,2939.0,426.45454545454544,148.0,96.79999999999995,2935.6,830.0,151.4000000000001,89.89999999999998,2940.7,993.4,141.5,90.0,2296.0,1222.0,98.0,112.75,2642.5,591.75,129.5,40.0,3474.3076923076924,556.4615384615385,43.0
628,98.0,3163.3636363636365,592.3636363636364,162.0,162.11764705882354,3404.0,570.1176470588235,166.0,126.60000000000002,2485.0,583.6,132.19999999999982,85.875,1993.625,1548.875,148.375,116.0,3043.809523809524,186.47619047619048,162.0,100.0,2943.0,426.0,149.0,96.10000000000002,2942.7,828.0,148.80000000000018,94.20000000000005,2940.6,994.2,140.0,90.73333333333335,2295.4,1220.9333333333334,99.9333333333334,111.375,2650.75,595.375,132.75,40.0,3475.923076923077,556.3846153846154,43.0
629,98.0,3164.7272727272725,591.7272727272727,162.0,163.0,3404.0,569.0,166.0,125.5,2485.5,584.5,133.0,83.0,2015.0,1552.0,146.0,116.00000000000003,3042.3333333333335,187.66666666666666,162.0,101.58333333333337,2948.75,425.0,146.33333333333348,95.39999999999998,2949.8,826.0,146.19999999999982,98.5,2940.5,995.0,138.5,91.4666666666667,2294.8,1219.8666666666666,101.86666666666633,110.0,2659.0,599.0,136.0,40.0,3477.5384615384614,556.3076923076923,43.0
630,98.0,3166.090909090909,591.0909090909091,162.0,159.0,3403.6666666666665,571.5,166.0,124.39999999999998,2486.0,585.4,133.80000000000018,83.0,2042.3333333333333,1555.3333333333333,137.66666666666674,115.99999999999997,3040.8571428571427,188.85714285714286,162.0,103.16666666666663,2954.5,424.0,143.66666666666652,94.70000000000005,2956.9,824.0,143.5999999999999,102.79999999999995,2940.4,995.8,137.0,92.20000000000005,2294.2,1218.8,103.80000000000018,111.60000000000002,2671.6,602.4,129.80000000000018,40.0,3479.153846153846,556.2307692307693,43.0
631,98.0,3167.4545454545455,590.4545454545455,162.0,155.0,3403.3333333333335,574.0,166.0,123.30000000000007,2486.5,586.3,134.5999999999999,83.0,2069.6666666666665,1558.6666666666667,129.33333333333348,116.0,3039.3809523809523,190.04761904761904,162.0,104.75,2960.25,423.0,141.0,94.0,2964.0,822.0,141.0,107.10000000000002,2940.3,996.6,135.5,92.9333333333334,2293.6,1217.7333333333333,105.73333333333358,113.20000000000005,2684.2,605.8,123.60000000000036,40.0,3480.769230769231,556.1538461538462,43.0
632,98.0,3168.818181818182,589.8181818181819,162.0,151.0,3403.0,576.5,166.0,122.19999999999993,2487.0,587.2,135.4000000000001,83.0,2097.0,1562.0,121.0,116.0,3037.904761904762,191.23809523809524,162.0,106.33333333333337,2966.0,422.0,138.33333333333348,96.22222222222229,2966.1111111111113,820.2222222222222,143.77777777777737,111.39999999999998,2940.2,997.4,134.0,93.66666666666652,2293.0,1216.6666666666667,107.66666666666652,114.79999999999995,2696.8,609.2,117.39999999999964,40.0,3482.3846153846152,556.0769230769231,43.0
633,98.0,3170.181818181818,589.1818181818181,162.0,147.0,3402.6666666666665,579.0,166.0,121.10000000000002,2487.5,588.1,136.19999999999982,87.16666666666652,2114.5,1560.6666666666667,133.66666666666652,116.00000000000003,3036.4285714285716,192.42857142857142,162.0,107.91666666666663,2971.75,421.0,135.66666666666652,98.44444444444446,2968.222222222222,818.4444444444445,146.55555555555566,115.70000000000005,2940.1,998.2,132.5,94.40000000000009,2292.4,1215.6,109.59999999999991,116.39999999999998,2709.4,612.6,111.19999999999982,40.0,3484.0,556.0,43.0
634,98.0,3171.5454545454545,588.5454545454545,162.0,143.0,3402.3333333333335,581.5,166.0,120.0,2488.0,589.0,137.0,91.33333333333348,2132.0,1559.3333333333333,146.33333333333348,115.99999999999997,3034.9523809523807,193.61904761904762,162.0,109.5,2977.5,420.0,133.0,100.66666666666674,2970.3333333333335,816.6666666666666,149.33333333333303,120.0,2940.0,999.0,131.0,95.13333333333344,2291.8,1214.5333333333333,111.5333333333333,118.0,2722.0,616.0,105.0,40.0,3488.0,558.6666666666666,43.0
635,98.0,3172.909090909091,587.9090909090909,162.0,139.0,3402.0,584.0,166.0,123.66666666666674,2488.0,590.6666666666666,139.22222222222217,95.5,2149.5,1558.0,159.0,116.0,3033.4761904761904,194.8095238095238,162.0,111.08333333333337,2983.25,419.0,130.33333333333348,102.88888888888891,2972.4444444444443,814.8888888888889,152.1111111111113,118.19999999999993,2939.1,1002.6,131.5999999999999,95.86666666666656,2291.2,1213.4666666666667,113.4666666666667,120.39999999999998,2725.1,619.9,105.0,40.0,3492.0,561.3333333333334,43.0
636,98.0,3174.2727272727275,587.2727272727273,162.0,135.0,3401.6666666666665,586.5,166.0,127.33333333333326,2488.0,592.3333333333334,141.44444444444434,99.66666666666652,2167.0,1556.6666666666667,171.66666666666652,116.0,3032.0,196.0,162.0,112.66666666666663,2989.0,418.0,127.66666666666652,105.11111111111109,2974.5555555555557,813.1111111111111,154.8888888888887,116.39999999999986,2938.2,1006.2,132.20000000000027,96.59999999999991,2290.6,1212.4,115.40000000000009,122.80000000000007,2728.2,623.8,105.0,40.0,3496.0,564.0,43.0
637,98.0,3175.6363636363635,586.6363636363636,162.0,131.0,3401.3333333333335,589.0,166.0,131.0,2488.0,594.0,143.66666666666652,103.83333333333348,2184.5,1555.3333333333333,184.33333333333348,114.375,3028.25,198.625,158.875,114.25,2994.75,417.0,125.0,107.33333333333326,2976.6666666666665,811.3333333333334,157.66666666666697,114.60000000000014,2937.3,1009.8,132.79999999999973,97.33333333333348,2290.0,1211.3333333333333,117.33333333333348,125.19999999999993,2731.3,627.7,105.0,40.0,3500.0,566.6666666666666,43.0
638,98.0,3177.0,586.0,162.0,127.0,3401.0,591.5,166.0,134.66666666666674,2488.0,595.6666666666666,145.8888888888887,108.0,2202.0,1554.0,197.0,112.75,3024.5,201.25,155.75,115.83333333333337,3000.5,416.0,122.33333333333348,109.55555555555554,2978.777777777778,809.5555555555555,160.44444444444434,112.80000000000007,2936.4,1013.4,133.4000000000001,98.0666666666666,2289.4,1210.2666666666667,119.26666666666642,127.60000000000002,2734.4,631.6,105.0,40.0,3504.0,569.3333333333334,43.0
639,100.16666666666663,3176.3333333333335,585.0,162.0,123.0,3400.6666666666665,594.0,166.0,138.33333333333326,2488.0,597.3333333333334,148.1111111111113,108.0,2226.6,1553.2,197.0,111.125,3020.75,203.875,152.625,117.41666666666663,3006.25,415.0,119.66666666666652,111.77777777777771,2980.8888888888887,807.7777777777778,163.22222222222263,111.0,2935.5,1017.0,134.0,98.79999999999995,2288.8,1209.2,121.19999999999982,130.0,2737.5,635.5,105.0,40.0,3508.0,572.0,43.0
640,102.33333333333337,3175.6666666666665,584.0,162.0,119.0,3400.3333333333335,596.5,166.0,142.0,2488.0,599.0,150.33333333333348,108.0,2251.2,1552.4,197.0,109.5,3017.0,206.5,149.5,119.0,3012.0,414.0,117.0,114.0,2983.0,806.0,166.0,109.19999999999993,2934.6,1020.6,134.5999999999999,99.5333333333333,2288.2,1208.1333333333334,123.13333333333367,132.39999999999998,2740.6,639.4,105.0,40.0,3512.5,577.3333333333334,43.0
641,104.5,3175.0,583.0,162.0,115.0,3400.0,599.0,166.0,145.66666666666674,2488.0,600.6666666666666,152.55555555555566,108.0,2275.8,1551.6,197.0,107.875,3013.25,209.125,146.375,122.22222222222217,3012.0,415.8888888888889,119.33333333333348,114.0,2988.1666666666665,802.5,166.0,107.39999999999986,2933.7,1024.2,135.20000000000027,100.26666666666665,2287.6,1207.0666666666666,125.0666666666666,134.80000000000007,2743.7,643.3,105.0,40.0,3517.0,582.6666666666666,43.0
642,106.66666666666663,3174.3333333333335,582.0,162.0,114.57142857142867,3398.714285714286,599.7142857142857,167.57142857142844,149.33333333333326,2488.0,602.3333333333334,154.77777777777783,108.0,2300.4,1550.8,197.0,106.25,3009.5,211.75,143.25,125.4444444444444,3012.0,417.77777777777777,121.66666666666652,114.0,2993.3333333333335,799.0,166.0,105.60000000000014,2932.8,1027.8,135.79999999999973,101.0,2287.0,1206.0,127.0,137.19999999999993,2746.8,647.2,105.0,40.0,3521.5,588.0,43.0
643,108.83333333333337,3173.6666666666665,581.0,162.0,114.14285714285711,3397.4285714285716,600.4285714285714,169.14285714285688,153.0,2488.0,604.0,157.0,108.0,2325.0,1550.0,197.0,104.625,3005.75,214.375,140.125,128.66666666666669,3012.0,419.6666666666667,124.0,114.0,2998.5,795.5,166.0,103.79999999999995,2931.9,1031.4,136.4000000000001,101.38461538461524,2289.5384615384614,1204.4615384615386,130.61538461538476,139.60000000000002,2749.9,651.1,105.0,40.0,3526.0,593.3333333333334,43.0
644,111.0,3173.0,580.0,162.0,113.71428571428578,3396.1428571428573,601.1428571428571,170.71428571428532,145.79999999999995,2494.6,618.2,157.0,108.0,2351.0,1548.25,191.0,103.0,3002.0,217.0,137.0,131.8888888888889,3012.0,421.55555555555554,126.33333333333348,114.0,3003.6666666666665,792.0,166.0,102.0,2931.0,1035.0,137.0,101.76923076923072,2292.076923076923,1202.923076923077,134.2307692307695,142.0,2753.0,655.0,105.0,40.0,3530.5,598.6666666666666,43.0
645,110.625,3169.375,580.125,167.375,113.28571428571422,3394.8571428571427,601.8571428571429,172.28571428571468,138.60000000000002,2501.2,632.4,157.0,108.0,2377.0,1546.5,185.0,103.00000000000003,2996.8333333333335,218.16666666666666,137.0,135.1111111111111,3012.0,423.44444444444446,128.66666666666652,114.0,3008.8333333333335,788.5,166.0,101.375,2927.625,1040.5,139.5,102.15384615384596,2294.6153846153848,1201.3846153846155,137.8461538461538,137.28571428571422,2752.4285714285716,660.2857142857143,105.85714285714266,40.0,3535.0,604.0,43.0
646,110.25,3165.75,580.25,172.75,112.85714285714289,3393.5714285714284,602.5714285714286,173.85714285714312,131.39999999999998,2507.8,646.6,157.0,108.0,2403.0,1544.75,179.0,102.99999999999997,2991.6666666666665,219.33333333333334,137.0,138.33333333333331,3012.0,425.3333333333333,131.0,114.0,3014.0,785.0,166.0,100.75,2924.25,1046.0,142.0,102.53846153846166,2297.153846153846,1199.8461538461538,141.46153846153857,132.57142857142856,2751.8571428571427,665.5714285714286,106.71428571428578,40.285714285714334,3536.4285714285716,606.7142857142857,43.85714285714266
647,109.875,3162.125,580.375,178.125,112.42857142857133,3392.285714285714,603.2857142857143,175.42857142857156,124.20000000000005,2514.4,660.8,157.0,108.0,2429.0,1543.0,173.0,103.0,2986.5,220.5,137.0,141.5555555555556,3012.0,427.22222222222223,133.33333333333348,114.0,3019.1666666666665,781.5,166.0,100.125,2920.875,1051.5,144.5,102.9230769230769,2299.6923076923076,1198.3076923076924,145.07692307692332,127.85714285714278,2751.285714285714,670.8571428571429,107.57142857142844,40.571428571428555,3537.8571428571427,609.4285714285714,44.71428571428578
648,109.5,3158.5,580.5,183.5,112.0,3391.0,604.0,177.0,117.0,2521.0,675.0,157.0,105.19999999999982,2449.6,1541.4,175.4000000000001,103.00000000000003,2981.3333333333335,221.66666666666666,137.0,144.77777777777783,3012.0,429.1111111111111,135.66666666666652,114.0,3024.3333333333335,778.0,166.0,99.5,2917.5,1057.0,147.0,103.30769230769238,2302.230769230769,1196.7692307692307,148.69230769230808,123.14285714285722,2750.714285714286,676.1428571428571,108.42857142857156,40.85714285714289,3539.285714285714,612.1428571428571,45.57142857142844
649,109.125,3154.875,580.625,188.875,112.27272727272725,3389.181818181818,604.0,179.4545454545455,113.79999999999995,2525.6,685.0,164.0,102.40000000000009,2470.2,1539.8,177.80000000000018,102.99999999999997,2976.1666666666665,222.83333333333334,137.0,148.0,3012.0,431.0,138.0,114.0,3029.5,774.5,166.0,98.875,2914.125,1062.5,149.5,103.69230769230762,2304.769230769231,1195.2307692307693,152.30769230769192,118.42857142857144,2750.1428571428573,681.4285714285714,109.28571428571422,41.14285714285711,3540.714285714286,614.8571428571429,46.42857142857156
650,108.75,3151.25,580.75,194.25,112.5454545454545,3387.3636363636365,604.0,181.909090909091,110.60000000000002,2530.2,695.0,171.0,99.59999999999991,2490.8,1538.2,180.19999999999982,103.0,2971.0,224.0,137.0,146.67741935483866,3010.0967741935483,431.2258064516129,138.25806451612925,114.0,3034.6666666666665,771.0,166.0,98.25,2910.75,1068.0,152.0,104.0769230769231,2307.3076923076924,1193.6923076923076,155.92307692307668,113.71428571428578,2749.5714285714284,686.7142857142857,110.14285714285734,41.428571428571445,3542.1428571428573,617.5714285714286,47.28571428571422
651,108.375,3147.625,580.875,199.625,112.81818181818187,3385.5454545454545,604.0,184.3636363636365,107.39999999999998,2534.8,705.0,178.0,96.80000000000018,2511.4,1536.6,182.5999999999999,104.375,2960.0,226.0,139.125,145.35483870967738,3008.1935483870966,431.4516129032258,138.51612903225805,114.0,3039.8333333333335,767.5,166.0,97.625,2907.375,1073.5,154.5,104.46153846153834,2309.846153846154,1192.1538461538462,159.53846153846143,109.0,2749.0,692.0,111.0,41.714285714285666,3543.5714285714284,620.2857142857143,48.14285714285734
652,108.0,3144.0,581.0,205.0,113.09090909090912,3383.7272727272725,604.0,186.81818181818198,104.20000000000005,2539.4,715.0,185.0,94.0,2532.0,1535.0,185.0,105.75,2949.0,228.0,141.25,144.03225806451616,3006.2903225806454,431.6774193548387,138.77419354838685,114.0,3045.0,764.0,166.0,97.0,2904.0,1079.0,157.0,104.84615384615404,2312.3846153846152,1190.6153846153845,163.1538461538462,112.55555555555554,2744.4444444444443,699.0,117.33333333333348,42.0,3545.0,623.0,49.0
653,108.0,3144.3571428571427,580.7142857142857,205.0,113.36363636363637,3381.909090909091,604.0,189.27272727272702,101.0,2544.0,725.0,192.0,94.59999999999991,2562.6,1531.0,168.20000000000027,107.125,2938.0,230.0,143.375,142.70967741935488,3004.3870967741937,431.9032258064516,139.0322580645161,112.53846153846155,3047.6153846153848,760.7692307692307,165.53846153846143,98.71428571428555,2901.285714285714,1084.7142857142858,161.42857142857156,105.23076923076928,2314.923076923077,1189.076923076923,166.7692307692305,116.11111111111109,2739.8888888888887,706.0,123.66666666666697,42.428571428571445,3545.0,624.1428571428571,48.14285714285734
654,108.0,3144.714285714286,580.4285714285714,205.0,113.63636363636363,3380.090909090909,604.0,191.72727272727298,100.25,2560.25,740.0,196.25,95.20000000000005,2593.2,1527.0,151.4000000000001,108.5,2927.0,232.0,145.5,141.38709677419354,3002.483870967742,432.1290322580645,139.29032258064535,111.0769230769231,3050.230769230769,757.5384615384615,165.07692307692332,100.42857142857156,2898.5714285714284,1090.4285714285713,165.85714285714312,105.61538461538476,2317.4615384615386,1187.5384615384614,170.38461538461524,119.66666666666663,2735.3333333333335,713.0,130.0,42.857142857142776,3545.0,625.2857142857143,47.28571428571422
655,108.0,3145.0714285714284,580.1428571428571,205.0,113.90909090909088,3378.2727272727275,604.0,194.18181818181802,99.5,2576.5,755.0,200.5,95.79999999999995,2623.8,1523.0,134.5999999999999,109.875,2916.0,234.0,147.625,140.0645161290322,3000.5806451612902,432.35483870967744,139.54838709677415,109.61538461538464,3052.846153846154,754.3076923076923,164.61538461538476,102.14285714285711,2895.8571428571427,1096.142857142857,170.28571428571468,106.0,2320.0,1186.0,174.0,123.22222222222217,2730.777777777778,720.0,136.33333333333348,43.28571428571422,3545.0,626.4285714285714,46.42857142857156
656,108.0,3145.4285714285716,579.8571428571429,205.0,114.18181818181813,3376.4545454545455,604.0,196.6363636363635,98.75,2592.75,770.0,204.75,96.40000000000009,2654.4,1519.0,117.79999999999973,111.25,2905.0,236.0,149.75,138.74193548387103,2998.6774193548385,432.5806451612903,139.8064516129034,108.15384615384619,3055.4615384615386,751.0769230769231,164.1538461538462,103.85714285714289,2893.1428571428573,1101.857142857143,174.71428571428532,106.0,2330.0,1182.0,174.0,126.77777777777783,2726.222222222222,727.0,142.66666666666652,43.71428571428578,3545.0,627.5714285714286,45.57142857142844
657,108.0,3145.785714285714,579.5714285714286,205.0,114.4545454545455,3374.6363636363635,604.0,199.090909090909,98.0,2609.0,785.0,209.0,97.0,2685.0,1515.0,101.0,112.625,2894.0,238.0,151.875,137.4193548387097,2996.7741935483873,432.80645161290323,140.0645161290322,106.69230769230774,3058.076923076923,747.8461538461538,163.69230769230808,105.57142857142844,2890.4285714285716,1107.5714285714287,179.14285714285688,106.0,2340.0,1178.0,174.0,130.33333333333337,2721.6666666666665,734.0,149.0,44.142857142857224,3545.0,628.7142857142857,44.71428571428578
658,108.0,3146.1428571428573,579.2857142857143,205.0,114.72727272727275,3372.818181818182,604.0,201.5454545454545,109.25,2616.0,789.25,214.75,96.25,2699.25,1509.75,110.0,114.0,2883.0,240.0,154.0,136.09677419354836,2994.8709677419356,433.03225806451616,140.322580645161,105.23076923076917,3060.6923076923076,744.6153846153846,163.2307692307695,107.28571428571445,2887.714285714286,1113.2857142857142,183.57142857142844,106.0,2350.0,1174.0,174.0,133.8888888888889,2717.1111111111113,741.0,155.33333333333303,44.571428571428555,3545.0,629.8571428571429,43.85714285714266
659,108.0,3146.5,579.0,205.0,115.0,3371.0,604.0,204.0,120.5,2623.0,793.5,220.5,95.5,2713.5,1504.5,119.0,114.0,2877.75,240.25,154.0,134.77419354838707,2992.967741935484,433.258064516129,140.58064516129025,103.76923076923083,3063.3076923076924,741.3846153846154,162.7692307692305,109.0,2885.0,1119.0,188.0,106.0,2360.0,1170.0,174.0,137.44444444444446,2712.5555555555557,748.0,161.66666666666652,45.0,3545.0,631.0,43.0
660,108.0,3146.8571428571427,578.7142857142857,205.0,117.39999999999998,3370.8,601.5,201.79999999999973,131.75,2630.0,797.75,226.25,94.75,2727.75,1499.25,128.0,114.0,2872.5,240.5,154.0,133.45161290322574,2991.064516129032,433.48387096774195,140.8387096774195,102.30769230769226,3065.923076923077,738.1538461538462,162.30769230769192,113.14285714285711,2888.285714285714,1122.0,186.85714285714312,106.0,2370.0,1166.0,174.0,141.0,2708.0,755.0,168.0,45.0,3542.0,627.4285714285714,43.0
661,108.0,3147.214285714286,578.4285714285714,205.0,119.79999999999995,3370.6,599.0,199.5999999999999,143.0,2637.0,802.0,232.0,94.0,2742.0,1494.0,137.0,114.0,2867.25,240.75,154.0,132.12903225806457,2989.1612903225805,433.7096774193548,141.09677419354875,100.84615384615381,3068.5384615384614,734.9230769230769,161.8461538461538,117.28571428571422,2891.5714285714284,1125.0,185.71428571428578,106.0,2380.0,1162.0,174.0,136.16666666666674,2714.5,761.6666666666666,168.0,45.0,3539.0,623.8571428571429,43.0
662,108.0,3147.5714285714284,578.1428571428571,205.0,122.20000000000005,3370.4,596.5,197.4000000000001,136.25,2657.5,818.0,213.25,97.20000000000005,2764.4,1486.6,136.4000000000001,114.0,2862.0,241.0,154.0,130.80645161290323,2987.2580645161293,433.93548387096774,141.3548387096771,99.38461538461536,3071.153846153846,731.6923076923077,161.38461538461524,121.42857142857133,2894.8571428571427,1128.0,184.5714285714289,106.0,2390.0,1158.0,174.0,131.33333333333326,2721.0,768.3333333333334,168.0,45.0,3536.0,620.2857142857143,43.0
663,108.0,3147.9285714285716,577.8571428571429,205.0,124.60000000000002,3370.2,594.0,195.20000000000027,129.5,2678.0,834.0,194.5,100.39999999999986,2786.8,1479.2,135.79999999999973,114.57142857142856,2848.8571428571427,242.71428571428572,157.28571428571468,129.4838709677419,2985.3548387096776,434.16129032258067,141.61290322580635,97.9230769230769,3073.769230769231,728.4615384615385,160.92307692307668,125.57142857142867,2898.1428571428573,1131.0,183.4285714285711,106.0,2400.0,1154.0,174.0,126.5,2727.5,775.0,168.0,45.0,3533.0,616.7142857142857,43.0
664,108.0,3148.285714285714,577.5714285714286,205.0,127.0,3370.0,591.5,193.0,122.75,2698.5,850.0,175.75,103.60000000000014,2809.2,1471.8,135.20000000000027,115.14285714285714,2835.714285714286,244.42857142857142,160.57142857142844,128.1612903225806,2983.451612903226,434.38709677419354,141.8709677419356,96.46153846153845,3076.3846153846152,725.2307692307693,160.46153846153857,129.71428571428578,2901.4285714285716,1134.0,182.28571428571422,106.0,2410.0,1150.0,174.0,121.66666666666674,2734.0,781.6666666666666,168.0,45.0,3530.0,613.1428571428571,43.0
665,108.0,3148.6428571428573,577.2857142857143,205.0,129.39999999999998,3369.8,589.0,190.79999999999973,116.0,2719.0,866.0,157.0,106.79999999999995,2831.6,1464.4,134.5999999999999,115.7142857142857,2822.5714285714284,246.14285714285714,163.85714285714312,126.83870967741939,2981.548387096774,434.61290322580646,142.1290322580644,95.0,3079.0,722.0,160.0,133.8571428571429,2904.714285714286,1137.0,181.14285714285688,105.5,2421.75,1146.75,175.875,116.83333333333326,2740.5,788.3333333333334,168.0,45.0,3527.0,609.5714285714286,43.0
666,108.0,3149.0,577.0,205.0,131.79999999999995,3369.6,586.5,188.5999999999999,122.33333333333326,2723.3333333333335,862.3333333333334,175.33333333333303,110.0,2854.0,1457.0,134.0,116.2857142857143,2809.4285714285716,247.85714285714286,167.14285714285688,125.5161290322581,2979.6451612903224,434.83870967741933,142.38709677419365,102.0,3081.0,714.8571428571429,163.85714285714266,138.0,2908.0,1140.0,180.0,105.0,2433.5,1143.5,177.75,112.0,2747.0,795.0,168.0,45.0,3524.0,606.0,43.0
667,108.78571428571422,3149.8571428571427,577.9285714285714,201.71428571428578,134.20000000000005,3369.4,584.0,186.4000000000001,128.66666666666674,2727.6666666666665,858.6666666666666,193.66666666666697,108.0,2876.75,1449.25,127.25,116.85714285714286,2796.285714285714,249.57142857142858,170.42857142857156,124.19354838709677,2977.7419354838707,435.06451612903226,142.6451612903229,109.0,3083.0,707.7142857142857,167.71428571428578,135.16666666666674,2911.8333333333335,1147.3333333333333,180.5,104.5,2445.25,1140.25,179.625,115.66666666666663,2755.3333333333335,795.0,164.0,45.0,3498.0,585.0,43.0
668,109.57142857142856,3150.714285714286,578.8571428571429,198.42857142857156,136.60000000000002,3369.2,581.5,184.20000000000027,135.0,2732.0,855.0,212.0,106.0,2899.5,1441.5,120.5,117.42857142857144,2783.1428571428573,251.28571428571428,173.71428571428532,122.87096774193543,2975.8387096774195,435.2903225806452,142.90322580645125,116.0,3085.0,700.5714285714286,171.57142857142844,132.33333333333326,2915.6666666666665,1154.6666666666667,181.0,104.0,2457.0,1137.0,181.5,119.33333333333337,2763.6666666666665,795.0,160.0,45.0,3472.0,564.0,43.0
669,110.35714285714278,3151.5714285714284,579.7857142857143,195.14285714285734,139.0,3369.0,579.0,182.0,146.0,2749.0,858.75,205.25,104.0,2922.25,1433.75,113.75,118.0,2770.0,253.0,177.0,121.54838709677426,2973.935483870968,435.51612903225805,143.1612903225805,123.0,3087.0,693.4285714285714,175.42857142857156,129.5,2919.5,1162.0,181.5,103.5,2468.75,1133.75,183.375,123.0,2772.0,795.0,156.0,45.0,3449.0,552.75,43.0
670,111.14285714285722,3152.4285714285716,580.7142857142857,191.85714285714266,138.0588235294117,3369.0,580.2352941176471,182.0,157.0,2766.0,862.5,198.5,102.0,2945.0,1426.0,107.0,117.00000000000003,2766.5714285714284,254.14285714285714,172.5714285714289,120.22580645161293,2972.032258064516,435.741935483871,143.41935483870975,130.0,3089.0,686.2857142857143,179.28571428571422,126.66666666666674,2923.3333333333335,1169.3333333333333,182.0,103.0,2480.5,1130.5,185.25,127.5,2773.5,791.5,155.83333333333348,45.0,3426.0,541.5,43.0
671,111.92857142857144,3153.285714285714,581.6428571428571,188.57142857142844,137.11764705882354,3369.0,581.4705882352941,182.0,168.0,2783.0,866.25,191.75,97.75,2958.0,1416.75,110.75,116.0,2763.1428571428573,255.28571428571428,168.14285714285688,118.90322580645164,2970.1290322580644,435.96774193548384,143.677419354839,137.0,3091.0,679.1428571428571,183.14285714285734,123.83333333333326,2927.1666666666665,1176.6666666666667,182.5,102.5,2492.25,1127.25,187.125,132.0,2775.0,788.0,155.66666666666652,45.0,3403.0,530.25,43.0
672,112.71428571428578,3154.1428571428573,582.5714285714286,185.28571428571422,136.17647058823525,3369.0,582.7058823529412,182.0,179.0,2800.0,870.0,185.0,93.5,2971.0,1407.5,114.5,115.0,2759.714285714286,256.42857142857144,163.71428571428578,117.5806451612903,2968.2258064516127,436.19354838709677,143.9354838709678,144.0,3093.0,672.0,187.0,121.0,2931.0,1184.0,183.0,102.0,2504.0,1124.0,189.0,136.5,2776.5,784.5,155.5,45.0,3380.0,519.0,43.0
673,113.5,3155.0,583.5,182.0,135.23529411764696,3369.0,583.9411764705883,182.0,177.0,2821.25,880.0,176.75,89.25,2984.0,1398.25,118.25,114.0,2756.285714285714,257.57142857142856,159.28571428571422,116.25806451612897,2966.3225806451615,436.4193548387097,144.1935483870966,138.5,3097.875,672.25,184.25,124.25,2934.5,1188.5,182.75,101.125,2522.375,1121.625,183.5,141.0,2778.0,781.0,155.33333333333348,44.99999999999994,3354.2,508.8,43.0
674,114.28571428571422,3155.8571428571427,584.4285714285714,178.71428571428578,134.2941176470589,3369.0,585.1764705882352,182.0,175.0,2842.5,890.0,168.5,85.0,2997.0,1389.0,122.0,113.0,2752.8571428571427,258.7142857142857,154.85714285714312,114.9354838709678,2964.4193548387098,436.64516129032256,144.45161290322585,133.0,3102.75,672.5,181.5,127.5,2938.0,1193.0,182.5,100.25,2540.75,1119.25,178.0,145.5,2779.5,777.5,155.16666666666652,45.0,3328.4,498.6,43.0
675,115.07142857142856,3156.714285714286,585.3571428571429,175.42857142857156,133.3529411764706,3369.0,586.4117647058823,182.0,173.0,2863.75,900.0,160.25,87.60000000000014,3015.6,1376.8,117.0,112.0,2749.4285714285716,259.85714285714283,150.4285714285711,113.61290322580646,2962.516129032258,436.8709677419355,144.70967741935465,127.5,3107.625,672.75,178.75,130.75,2941.5,1197.5,182.25,99.375,2559.125,1116.875,172.5,150.0,2781.0,774.0,155.0,45.0,3302.6,488.4,43.0
676,115.85714285714278,3157.5714285714284,586.2857142857143,172.14285714285734,132.41176470588232,3369.0,587.6470588235294,182.0,171.0,2885.0,910.0,152.0,90.20000000000005,3034.2,1364.6,112.0,111.0,2746.0,261.0,146.0,112.29032258064512,2960.6129032258063,437.0967741935484,144.9677419354839,122.0,3112.5,673.0,176.0,134.0,2945.0,1202.0,182.0,98.5,2577.5,1114.5,167.0,144.5999999999999,2785.0,781.2,153.4000000000001,45.00000000000006,3276.8,478.2,43.0
677,116.64285714285722,3158.4285714285716,587.2142857142857,168.85714285714266,131.47058823529414,3369.0,588.8823529411765,182.0,156.75,2889.25,924.0,158.25,92.79999999999995,3052.8,1352.4,107.0,112.44444444444446,2733.3333333333335,263.77777777777777,156.5555555555552,110.96774193548384,2958.7096774193546,437.3225806451613,145.22580645161315,116.5,3117.375,673.25,173.25,130.0,2944.6666666666665,1211.6666666666667,182.0,97.625,2595.875,1112.125,161.5,139.20000000000005,2789.0,788.4,151.80000000000018,45.0,3251.0,468.0,43.0
678,117.42857142857144,3159.285714285714,588.1428571428571,165.57142857142844,130.52941176470586,3369.0,590.1176470588235,182.0,142.5,2893.5,938.0,164.5,95.39999999999986,3071.4,1340.2,102.0,113.88888888888891,2720.6666666666665,266.55555555555554,167.1111111111113,109.64516129032262,2956.8064516129034,437.5483870967742,145.48387096774195,111.0,3122.25,673.5,170.5,126.0,2944.3333333333335,1221.3333333333333,182.0,96.75,2614.25,1109.75,156.0,133.79999999999995,2793.0,795.6,150.19999999999982,45.0,3221.4,458.8,43.0
679,118.21428571428578,3160.1428571428573,589.0714285714286,162.28571428571422,129.58823529411768,3369.0,591.3529411764706,182.0,128.25,2897.75,952.0,170.75,98.0,3090.0,1328.0,97.0,115.33333333333337,2708.0,269.3333333333333,177.66666666666652,108.32258064516134,2954.9032258064517,437.7741935483871,145.74193548387075,105.5,3127.125,673.75,167.75,122.0,2944.0,1231.0,182.0,95.875,2632.625,1107.375,150.5,128.4000000000001,2797.0,802.8,148.5999999999999,45.0,3191.8,449.6,43.0
680,119.0,3161.0,590.0,159.0,128.6470588235294,3369.0,592.5882352941177,182.0,114.0,2902.0,966.0,177.0,104.75,3101.5,1313.25,96.75,116.77777777777783,2695.3333333333335,272.1111111111111,188.22222222222217,107.0,2953.0,438.0,146.0,100.0,3132.0,674.0,165.0,119.79999999999995,2949.2,1232.0,182.0,95.0,2651.0,1105.0,145.0,123.0,2801.0,810.0,147.0,45.0,3162.2,440.4,43.0
681,117.76923076923072,3161.3846153846152,591.2307692307693,159.07692307692332,127.7058823529411,3369.0,593.8235294117648,182.0,113.85714285714289,2920.714285714286,974.0,170.14285714285688,111.5,3113.0,1298.5,96.5,118.22222222222217,2682.6666666666665,274.8888888888889,198.77777777777783,105.16666666666669,2951.6666666666665,439.1666666666667,138.83333333333348,98.77777777777771,3132.0,673.3333333333334,165.0,117.59999999999991,2954.4,1233.0,182.0,96.66666666666674,2662.777777777778,1099.111111111111,144.11111111111086,125.625,2804.875,807.5,146.125,45.0,3132.6,431.2,43.0
682,116.53846153846155,3161.769230769231,592.4615384615385,159.1538461538462,126.76470588235304,3369.0,595.0588235294117,182.0,113.71428571428578,2939.4285714285716,982.0,163.28571428571422,118.25,3124.5,1283.75,96.25,119.66666666666663,2670.0,277.6666666666667,209.33333333333348,103.33333333333331,2950.3333333333335,440.3333333333333,131.66666666666652,97.55555555555554,3132.0,672.6666666666666,165.0,115.40000000000009,2959.6,1234.0,182.0,98.33333333333348,2674.5555555555557,1093.2222222222222,143.22222222222217,128.25,2808.75,805.0,145.25,45.0,3103.0,422.0,43.0
683,115.30769230769226,3162.153846153846,593.6923076923077,159.23076923076906,125.82352941176475,3369.0,596.2941176470588,182.0,113.57142857142867,2958.1428571428573,990.0,156.4285714285711,125.0,3136.0,1269.0,96.0,121.11111111111109,2657.3333333333335,280.44444444444446,219.8888888888887,101.5,2949.0,441.5,124.5,96.33333333333337,3132.0,672.0,165.0,113.20000000000005,2964.8,1235.0,182.0,100.0,2686.3333333333335,1087.3333333333333,142.33333333333303,130.875,2812.625,802.5,144.375,45.0,3072.0,414.75,43.0
684,114.0769230769231,3162.5384615384614,594.9230769230769,159.30769230769238,124.88235294117646,3369.0,597.5294117647059,182.0,113.42857142857133,2976.8571428571427,998.0,149.5714285714289,119.39999999999986,3146.4,1258.2,96.0,122.55555555555554,2644.6666666666665,283.22222222222223,230.4444444444448,99.66666666666669,2947.6666666666665,442.6666666666667,117.33333333333348,95.11111111111109,3132.0,671.3333333333334,165.0,111.0,2970.0,1236.0,182.0,101.66666666666674,2698.1111111111113,1081.4444444444443,141.44444444444434,133.5,2816.5,800.0,143.5,45.0,3041.0,407.5,43.0
685,112.84615384615381,3162.923076923077,596.1538461538462,159.38461538461524,123.94117647058829,3369.0,598.7647058823529,182.0,113.28571428571422,2995.5714285714284,1006.0,142.71428571428578,113.79999999999995,3156.8,1247.4,96.0,124.0,2632.0,286.0,241.0,97.83333333333331,2946.3333333333335,443.8333333333333,110.16666666666652,93.88888888888891,3132.0,670.6666666666666,165.0,109.20000000000005,2984.4,1233.0,175.79999999999973,103.33333333333326,2709.8888888888887,1075.5555555555557,140.55555555555566,136.125,2820.375,797.5,142.625,45.0,3010.0,400.25,43.0
686,111.61538461538464,3163.3076923076924,597.3846153846154,159.46153846153857,123.0,3369.0,600.0,182.0,113.14285714285711,3014.285714285714,1014.0,135.85714285714312,108.20000000000005,3167.2,1236.6,96.0,119.33333333333331,2627.8333333333335,288.1666666666667,239.16666666666652,96.0,2945.0,445.0,103.0,92.66666666666663,3132.0,670.0,165.0,107.40000000000009,2998.8,1230.0,169.5999999999999,105.0,2721.6666666666665,1069.6666666666667,139.66666666666697,138.75,2824.25,795.0,141.75,45.0,2979.0,393.0,43.0
687,110.38461538461536,3163.6923076923076,598.6153846153846,159.53846153846143,118.85714285714278,3366.4285714285716,604.2857142857143,182.0,113.0,3033.0,1022.0,129.0,102.60000000000014,3177.6,1225.8,96.0,114.66666666666669,2623.6666666666665,290.3333333333333,237.33333333333348,101.71428571428567,2930.714285714286,445.42857142857144,108.14285714285688,91.44444444444446,3132.0,669.3333333333334,165.0,105.59999999999991,3013.2,1227.0,163.4000000000001,106.66666666666652,2733.4444444444443,1063.7777777777778,138.77777777777783,141.375,2828.125,792.5,140.875,45.0,2947.0,387.6,43.0
688,109.15384615384619,3164.076923076923,599.8461538461538,159.61538461538476,114.71428571428578,3363.8571428571427,608.5714285714286,182.0,108.0,3042.0,1031.0,128.66666666666652,97.0,3188.0,1215.0,96.0,110.0,2619.5,292.5,235.5,107.4285714285715,2916.4285714285716,445.85714285714283,113.28571428571422,90.22222222222229,3132.0,668.6666666666666,165.0,103.79999999999995,3027.6,1224.0,157.20000000000027,108.33333333333326,2745.222222222222,1057.888888888889,137.88888888888914,144.0,2832.0,790.0,140.0,45.0,2915.0,382.2,43.0
689,107.9230769230769,3164.4615384615386,601.0769230769231,159.69230769230762,110.57142857142856,3361.285714285714,612.8571428571429,182.0,103.0,3051.0,1040.0,128.33333333333348,93.0,3194.8,1203.6,96.59999999999991,105.33333333333331,2615.3333333333335,294.6666666666667,233.66666666666652,113.14285714285717,2902.1428571428573,446.2857142857143,118.4285714285711,89.0,3132.0,668.0,165.0,102.0,3042.0,1221.0,151.0,110.0,2757.0,1052.0,137.0,140.25,2832.75,788.5833333333334,140.0,45.0,2883.0,376.8,43.0
690,106.69230769230774,3164.846153846154,602.3076923076923,159.76923076923094,106.42857142857144,3358.714285714286,617.1428571428571,182.0,98.0,3060.0,1049.0,128.0,89.0,3201.6,1192.2,97.20000000000027,100.66666666666669,2611.1666666666665,296.8333333333333,231.83333333333348,118.85714285714283,2887.8571428571427,446.7142857142857,123.5714285714289,94.5454545454545,3132.6363636363635,664.8181818181819,164.72727272727298,99.28571428571422,3047.0,1218.5714285714287,148.14285714285734,110.0,2768.2,1047.0,137.0,136.5,2833.5,787.1666666666666,140.0,45.0,2851.0,371.4,43.0
691,105.46153846153845,3165.230769230769,603.5384615384615,159.8461538461538,102.28571428571422,3356.1428571428573,621.4285714285714,182.0,97.25,3058.75,1050.5,131.5,85.0,3208.4,1180.8,97.79999999999973,96.0,2607.0,299.0,230.0,124.5714285714285,2873.5714285714284,447.14285714285717,128.71428571428578,100.09090909090912,3133.2727272727275,661.6363636363636,164.45454545454504,96.57142857142867,3052.0,1216.142857142857,145.28571428571422,110.0,2779.4,1042.0,137.0,132.75,2834.25,785.75,140.0,45.0,2819.0,366.0,43.0
692,104.23076923076928,3165.6153846153848,604.7692307692307,159.92307692307668,98.14285714285722,3353.5714285714284,625.7142857142857,182.0,96.5,3057.5,1052.0,135.0,81.0,3215.2,1169.4,98.40000000000009,93.60000000000002,2600.8,308.4,218.79999999999973,130.28571428571433,2859.285714285714,447.57142857142856,133.85714285714312,105.63636363636363,3133.909090909091,658.4545454545455,164.18181818181802,93.85714285714289,3057.0,1213.7142857142858,142.42857142857156,110.0,2790.6,1037.0,137.0,129.0,2835.0,784.3333333333334,140.0,45.0,2798.4,367.6,43.0
693,103.0,3166.0,606.0,160.0,94.0,3351.0,630.0,182.0,95.75,3056.25,1053.5,138.5,77.0,3222.0,1158.0,99.0,91.19999999999999,2594.6,317.8,207.5999999999999,136.0,2845.0,448.0,139.0,111.18181818181824,3134.5454545454545,655.2727272727273,163.909090909091,91.14285714285711,3062.0,1211.2857142857142,139.57142857142844,110.0,2801.8,1032.0,137.0,125.25,2835.75,782.9166666666666,140.0,45.0,2777.8,369.2,43.0
694,104.23076923076917,3166.4615384615386,602.6153846153846,160.0,94.0,3350.25,630.75,182.0,95.0,3055.0,1055.0,142.0,90.28571428571422,3225.5714285714284,1139.5714285714287,100.71428571428578,88.80000000000001,2588.4,327.2,196.4000000000001,133.8571428571429,2839.8571428571427,451.57142857142856,139.0,116.72727272727275,3135.181818181818,652.0909090909091,163.63636363636397,88.42857142857133,3067.0,1208.857142857143,136.71428571428578,110.0,2813.0,1027.0,137.0,121.5,2836.5,781.5,140.0,45.0,2757.2,370.8,43.0
695,105.46153846153845,3166.923076923077,599.2307692307693,160.0,94.0,3349.5,631.5,182.0,93.25,3058.5,1061.25,149.25,103.57142857142867,3229.1428571428573,1121.142857142857,102.4285714285711,86.39999999999998,2582.2,336.6,185.20000000000027,131.71428571428572,2834.714285714286,455.14285714285717,139.0,122.27272727272725,3135.818181818182,648.9090909090909,163.36363636363603,85.71428571428578,3072.0,1206.4285714285713,133.85714285714266,110.0,2822.1666666666665,1020.5,137.0,117.75,2837.25,780.0833333333334,140.0,45.0,2736.6,372.4,43.0
696,106.69230769230774,3167.3846153846152,595.8461538461538,160.0,94.0,3348.75,632.25,182.0,91.5,3062.0,1067.5,156.5,116.85714285714289,3232.714285714286,1102.7142857142858,104.14285714285688,84.0,2576.0,346.0,174.0,129.5714285714286,2829.5714285714284,458.7142857142857,139.0,127.81818181818176,3136.4545454545455,645.7272727272727,163.090909090909,83.0,3077.0,1204.0,131.0,110.0,2831.3333333333335,1014.0,137.0,114.0,2838.0,778.6666666666666,140.0,45.0,2716.0,374.0,43.0
697,107.9230769230769,3167.846153846154,592.4615384615385,160.0,94.0,3348.0,633.0,182.0,89.75,3065.5,1073.75,163.75,130.1428571428571,3236.285714285714,1084.2857142857142,105.85714285714312,87.66666666666669,2564.6666666666665,352.3333333333333,171.66666666666697,127.42857142857139,2824.4285714285716,462.2857142857143,139.0,133.36363636363637,3137.090909090909,642.5454545454545,162.81818181818198,83.57142857142844,3079.1428571428573,1203.5714285714287,131.4285714285711,110.0,2840.5,1007.5,137.0,110.25,2838.75,777.25,140.0,44.333333333333314,2703.3333333333335,381.6666666666667,41.0
698,109.15384615384619,3168.3076923076924,589.0769230769231,160.0,94.0,3347.25,633.75,182.0,88.0,3069.0,1080.0,171.0,143.42857142857133,3239.8571428571427,1065.857142857143,107.5714285714289,91.33333333333331,2553.3333333333335,358.6666666666667,169.33333333333303,125.28571428571428,2819.285714285714,465.85714285714283,139.0,138.90909090909088,3137.7272727272725,639.3636363636364,162.54545454545496,84.14285714285711,3081.285714285714,1203.142857142857,131.85714285714312,110.0,2849.6666666666665,1001.0,137.0,106.5,2839.5,775.8333333333334,140.0,43.666666666666686,2690.6666666666665,389.3333333333333,39.0
699,110.38461538461536,3168.769230769231,585.6923076923077,160.0,94.0,3346.5,634.5,182.0,94.0,3081.5,1082.25,165.75,156.71428571428578,3243.4285714285716,1047.4285714285713,109.28571428571422,95.0,2542.0,365.0,167.0,123.14285714285711,2814.1428571428573,469.42857142857144,139.0,144.4545454545455,3138.3636363636365,636.1818181818181,162.27272727272702,84.71428571428555,3083.4285714285716,1202.7142857142858,132.28571428571422,110.0,2858.8333333333335,994.5,137.0,102.75,2840.25,774.4166666666666,140.0,43.0,2678.0,397.0,37.0
700,111.61538461538464,3169.230769230769,582.3076923076923,160.0,94.0,3345.75,635.25,182.0,100.0,3094.0,1084.5,160.5,170.0,3247.0,1029.0,111.0,106.80000000000001,2534.4,368.2,168.79999999999973,121.0,2809.0,473.0,139.0,150.0,3139.0,633.0,162.0,85.28571428571445,3085.5714285714284,1202.2857142857142,132.71428571428578,110.0,2868.0,988.0,137.0,99.0,2841.0,773.0,140.0,43.0,2663.2,411.4,37.0
701,112.84615384615381,3169.6923076923076,578.9230769230769,160.0,94.0,3345.0,636.0,182.0,106.0,3106.5,1086.75,155.25,159.39999999999986,3248.6,1020.2,111.80000000000018,118.60000000000002,2526.8,371.4,170.5999999999999,117.16666666666669,2797.0,481.6666666666667,139.0,150.0,3139.625,634.625,162.0,85.85714285714289,3087.714285714286,1201.857142857143,133.14285714285688,106.0,2878.285714285714,985.8571428571429,133.14285714285734,98.61538461538464,2841.6923076923076,773.8461538461538,140.92307692307713,43.0,2648.4,425.8,37.0
702,114.0769230769231,3170.153846153846,575.5384615384615,160.0,94.0,3344.7,636.5,180.5,112.0,3119.0,1089.0,150.0,148.80000000000007,3250.2,1011.4,112.60000000000036,130.39999999999998,2519.2,374.6,172.4000000000001,113.33333333333331,2785.0,490.3333333333333,139.0,150.0,3140.25,636.25,162.0,86.42857142857156,3089.8571428571427,1201.4285714285713,133.5714285714289,102.00000000000011,2888.5714285714284,983.7142857142857,129.28571428571422,98.23076923076917,2842.3846153846152,774.6923076923077,141.8461538461538,43.0,2633.6,440.2,37.0
703,115.30769230769226,3170.6153846153848,572.1538461538462,160.0,94.0,3344.4,637.0,179.0,115.79999999999995,3124.2,1088.8,145.0,138.19999999999993,3251.8,1002.6,113.39999999999964,142.2,2511.6,377.8,174.20000000000027,109.5,2773.0,499.0,139.0,150.0,3140.875,637.875,162.0,87.0,3092.0,1201.0,134.0,98.00000000000011,2898.8571428571427,981.5714285714286,125.42857142857156,97.84615384615381,2843.076923076923,775.5384615384615,142.76923076923094,43.0,2618.8,454.6,37.0
704,116.53846153846155,3171.076923076923,568.7692307692307,160.0,94.0,3344.1,637.5,177.5,119.60000000000014,3129.4,1088.6,140.0,127.60000000000014,3253.4,993.8,114.19999999999982,154.0,2504.0,381.0,176.0,105.66666666666669,2761.0,507.6666666666667,139.0,150.0,3141.5,639.5,162.0,89.5454545454545,3090.7272727272725,1198.909090909091,134.909090909091,93.99999999999989,2909.1428571428573,979.4285714285714,121.57142857142844,97.46153846153845,2843.769230769231,776.3846153846154,143.69230769230762,43.0,2604.0,469.0,37.0
705,117.76923076923083,3171.5384615384614,565.3846153846154,160.0,94.0,3343.8,638.0,176.0,123.39999999999986,3134.6,1088.4,135.0,117.0,3255.0,985.0,115.0,153.00000000000006,2502.2,393.2,168.0,101.83333333333326,2749.0,516.3333333333334,139.0,150.0,3142.125,641.125,162.0,92.09090909090924,3089.4545454545455,1196.8181818181818,135.81818181818198,89.99999999999989,2919.4285714285716,977.2857142857143,117.71428571428578,97.07692307692298,2844.4615384615386,777.2307692307693,144.6153846153843,41.33333333333337,2595.6666666666665,489.0,37.66666666666697
706,119.0,3172.0,562.0,160.0,94.0,3343.5,638.5,174.5,127.20000000000005,3139.8,1088.2,130.0,124.40000000000009,3257.2,966.8,116.40000000000009,152.0,2500.4,405.4,160.0,98.0,2737.0,525.0,139.0,150.0,3142.75,642.75,162.0,94.63636363636351,3088.181818181818,1194.7272727272727,136.72727272727298,86.0,2929.714285714286,975.1428571428571,113.85714285714266,96.69230769230762,2845.153846153846,778.0769230769231,145.53846153846143,39.66666666666663,2587.3333333333335,509.0,38.33333333333303
707,118.38461538461536,3173.846153846154,563.4615384615385,159.07692307692332,94.0,3343.2,639.0,173.0,131.0,3145.0,1088.0,125.0,131.80000000000007,3259.4,948.6,117.79999999999973,151.0,2498.6,417.6,152.0,106.75,2731.75,532.25,134.25,150.0,3143.375,644.375,162.0,97.18181818181802,3086.909090909091,1192.6363636363637,137.6363636363635,82.0,2940.0,973.0,110.0,96.30769230769238,2845.846153846154,778.9230769230769,146.46153846153857,38.0,2579.0,529.0,39.0
708,117.76923076923083,3175.6923076923076,564.9230769230769,158.1538461538462,94.0,3342.9,639.5,171.5,127.0,3144.75,1096.0,123.25,139.19999999999993,3261.6,930.4,119.20000000000027,149.99999999999994,2496.8,429.8,144.0,115.5,2726.5,539.5,129.5,150.0,3144.0,646.0,162.0,99.72727272727275,3085.6363636363635,1190.5454545454545,138.5454545454545,82.5,2942.5,971.0,115.33333333333348,95.92307692307702,2846.5384615384614,779.7692307692307,147.3846153846157,38.0,2571.0,552.0,39.0
709,117.15384615384619,3177.5384615384614,566.3846153846154,157.2307692307695,94.0,3342.6,640.0,170.0,123.0,3144.5,1104.0,121.5,146.5999999999999,3263.8,912.2,120.59999999999991,149.0,2495.0,442.0,136.0,124.25,2721.25,546.75,124.75,148.5,3143.7,649.0,160.10000000000036,102.27272727272725,3084.3636363636365,1188.4545454545455,139.4545454545455,83.0,2945.0,969.0,120.66666666666652,95.53846153846155,2847.230769230769,780.6153846153846,148.30769230769238,38.0,2563.0,575.0,39.0
710,116.53846153846155,3179.3846153846152,567.8461538461538,156.30769230769238,94.0,3342.3,640.5,168.5,119.0,3144.25,1112.0,119.75,154.0,3266.0,894.0,122.0,149.0,2494.0,459.0,136.0,133.0,2716.0,554.0,120.0,147.0,3143.4,652.0,158.19999999999982,104.81818181818198,3083.090909090909,1186.3636363636363,140.3636363636365,83.5,2947.5,967.0,126.0,95.15384615384619,2847.923076923077,781.4615384615385,149.23076923076906,38.0,2555.0,598.0,39.0
711,115.92307692307702,3181.230769230769,569.3076923076923,155.3846153846157,94.0,3342.0,641.0,167.0,115.0,3144.0,1120.0,118.0,159.28571428571433,3263.8571428571427,871.7142857142857,124.85714285714312,149.0,2493.0,476.0,136.0,138.39999999999998,2708.2,561.2,121.80000000000018,145.5,3143.1,655.0,156.30000000000018,107.36363636363649,3081.818181818182,1184.2727272727273,141.27272727272702,84.0,2950.0,965.0,131.33333333333348,94.76923076923083,2848.6153846153848,782.3076923076923,150.1538461538462,38.0,2547.0,621.0,39.0
712,115.30769230769238,3183.076923076923,570.7692307692307,154.46153846153857,96.1111111111112,3338.4444444444443,642.2222222222222,169.1111111111113,115.66666666666674,3144.5,1122.5,120.16666666666652,164.57142857142856,3261.714285714286,849.4285714285714,127.71428571428578,149.0,2492.0,493.0,136.0,143.80000000000007,2700.4,568.4,123.59999999999991,144.0,3142.8,658.0,154.39999999999964,109.90909090909076,3080.5454545454545,1182.1818181818182,142.18181818181802,84.5,2952.5,963.0,136.66666666666652,94.38461538461536,2849.3076923076924,783.1538461538462,151.07692307692287,38.0,2543.25,632.25,39.0
713,114.69230769230762,3184.923076923077,572.2307692307693,153.53846153846143,98.22222222222217,3334.8888888888887,643.4444444444445,171.22222222222263,116.33333333333326,3145.0,1125.0,122.33333333333348,169.8571428571429,3259.5714285714284,827.1428571428571,130.5714285714289,149.0,2491.0,510.0,136.0,149.19999999999993,2692.6,575.6,125.40000000000009,142.5,3142.5,661.0,152.5,112.4545454545455,3079.2727272727275,1180.090909090909,143.090909090909,85.0,2955.0,961.0,142.0,94.0,2850.0,784.0,152.0,38.0,2539.5,643.5,39.0
714,114.07692307692298,3186.769230769231,573.6923076923077,152.6153846153843,100.33333333333337,3331.3333333333335,644.6666666666666,173.33333333333303,117.0,3145.5,1127.5,124.5,175.1428571428571,3257.4285714285716,804.8571428571429,133.4285714285711,143.60000000000002,2491.2,528.0,138.20000000000027,154.60000000000002,2684.8,582.8,127.19999999999982,141.0,3142.2,664.0,150.60000000000036,115.0,3078.0,1178.0,144.0,85.83333333333326,2954.6666666666665,961.0,144.5,99.875,2855.875,783.625,149.375,38.0,2535.75,654.75,39.0
715,113.46153846153845,3188.6153846153848,575.1538461538462,151.69230769230762,102.44444444444446,3327.777777777778,645.8888888888889,175.44444444444434,117.66666666666674,3146.0,1130.0,126.66666666666652,180.42857142857144,3255.285714285714,782.5714285714286,136.28571428571422,138.20000000000005,2491.4,546.0,140.4000000000001,160.0,2677.0,590.0,129.0,139.5,3141.9,667.0,148.69999999999982,113.66666666666674,3077.3333333333335,1179.3333333333333,142.16666666666652,86.66666666666674,2954.3333333333335,961.0,147.0,105.75,2861.75,783.25,146.75,38.0,2532.0,666.0,39.0
716,112.84615384615381,3190.4615384615386,576.6153846153846,150.7692307692305,104.55555555555554,3324.222222222222,647.1111111111111,177.55555555555566,118.33333333333326,3146.5,1132.5,128.83333333333348,185.71428571428567,3253.1428571428573,760.2857142857143,139.14285714285688,132.79999999999995,2491.6,564.0,142.5999999999999,158.0,2676.25,596.25,129.25,138.0,3141.6,670.0,146.80000000000018,112.33333333333326,3076.6666666666665,1180.6666666666667,140.33333333333348,87.5,2954.0,961.0,149.5,111.625,2867.625,782.875,144.125,38.0,2533.0,676.0,39.0
717,112.23076923076917,3192.3076923076924,578.0769230769231,149.8461538461538,106.66666666666663,3320.6666666666665,648.3333333333334,179.66666666666697,119.0,3147.0,1135.0,131.0,191.0,3251.0,738.0,142.0,127.39999999999998,2491.8,582.0,144.79999999999973,156.0,2675.5,602.5,129.5,136.5,3141.3,673.0,144.89999999999964,111.0,3076.0,1182.0,138.5,88.33333333333326,2953.6666666666665,961.0,152.0,117.5,2873.5,782.5,141.5,38.0,2534.0,686.0,39.0
718,111.61538461538464,3194.153846153846,579.5384615384615,148.92307692307668,108.77777777777783,3317.1111111111113,649.5555555555555,181.77777777777737,119.88888888888869,3147.3888888888887,1135.0555555555557,131.1111111111113,185.0,3254.75,718.75,138.25,122.0,2492.0,600.0,147.0,154.0,2674.75,608.75,129.75,135.0,3141.0,676.0,143.0,109.66666666666674,3075.3333333333335,1183.3333333333333,136.66666666666652,89.16666666666674,2953.3333333333335,961.0,154.5,123.375,2879.375,782.125,138.875,38.0,2535.0,696.0,39.0
719,111.0,3196.0,581.0,148.0,110.8888888888888,3313.5555555555557,650.7777777777778,183.8888888888887,120.77777777777783,3147.777777777778,1135.111111111111,131.22222222222217,179.0,3258.5,699.5,134.5,132.0,2494.0,613.75,146.0,152.0,2674.0,615.0,130.0,133.42857142857144,3139.0,679.7142857142857,142.57142857142844,108.33333333333326,3074.6666666666665,1184.6666666666667,134.83333333333348,90.0,2953.0,961.0,157.0,129.25,2885.25,781.75,136.25,38.0,2536.0,706.0,39.0
720,109.25,3194.25,582.8333333333334,148.16666666666652,113.0,3310.0,652.0,186.0,121.66666666666652,3148.1666666666665,1135.1666666666667,131.33333333333348,173.0,3262.25,680.25,130.75,142.0,2496.0,627.5,145.0,146.66666666666674,2666.6666666666665,637.6666666666666,130.0,131.8571428571429,3137.0,683.4285714285714,142.14285714285734,107.0,3074.0,1186.0,133.0,94.5,2958.0,961.5,152.375,135.125,2891.125,781.375,133.625,38.0,2542.0,721.0,39.0
721,107.5,3192.5,584.6666666666666,148.33333333333348,110.75,3309.625,654.375,184.375,122.55555555555566,3148.5555555555557,1135.2222222222222,131.44444444444434,167.0,3266.0,661.0,127.0,152.0,2498.0,641.25,144.0,141.33333333333326,2659.3333333333335,660.3333333333334,130.0,130.28571428571433,3135.0,687.1428571428571,141.71428571428578,113.33333333333326,3072.777777777778,1178.111111111111,133.0,99.0,2963.0,962.0,147.75,141.0,2897.0,781.0,131.0,38.0,2548.0,736.0,39.0
722,105.75,3190.75,586.5,148.5,108.5,3309.25,656.75,182.75,123.44444444444434,3148.9444444444443,1135.2777777777778,131.55555555555566,158.79999999999995,3266.6,653.0,126.0,162.0,2500.0,655.0,143.0,136.0,2652.0,683.0,130.0,128.71428571428567,3133.0,690.8571428571429,141.28571428571422,119.66666666666674,3071.5555555555557,1170.2222222222222,133.0,103.5,2968.0,962.5,143.125,139.1111111111112,2897.4444444444443,784.2222222222222,132.1111111111113,38.0,2554.0,751.0,39.0
723,104.0,3189.0,588.3333333333334,148.66666666666652,106.25,3308.875,659.125,181.125,124.33333333333348,3149.3333333333335,1135.3333333333333,131.66666666666652,150.60000000000002,3267.2,645.0,125.0,156.75,2510.75,675.25,136.75,130.66666666666674,2644.6666666666665,705.6666666666666,130.0,127.14285714285711,3131.0,694.5714285714286,140.85714285714266,126.0,3070.3333333333335,1162.3333333333333,133.0,108.0,2973.0,963.0,138.5,137.22222222222217,2897.8888888888887,787.4444444444445,133.22222222222263,38.0,2560.0,766.0,39.0
724,102.25,3187.25,590.1666666666666,148.83333333333348,104.0,3308.5,661.5,179.5,125.22222222222217,3149.722222222222,1135.388888888889,131.77777777777783,142.39999999999998,3267.8,637.0,124.0,151.5,2521.5,695.5,130.5,125.33333333333326,2637.3333333333335,728.3333333333334,130.0,125.57142857142856,3129.0,698.2857142857143,140.42857142857156,132.33333333333348,3069.1111111111113,1154.4444444444443,133.0,112.5,2978.0,963.5,133.875,135.33333333333337,2898.3333333333335,790.6666666666666,134.33333333333303,38.0,2566.3333333333335,782.6666666666666,39.0
725,100.5,3185.5,592.0,149.0,101.75,3308.125,663.875,177.875,126.11111111111131,3150.1111111111113,1135.4444444444443,131.8888888888887,134.20000000000005,3268.4,629.0,123.0,146.25,2532.25,715.75,124.25,120.0,2630.0,751.0,130.0,124.0,3127.0,702.0,140.0,138.66666666666652,3067.8888888888887,1146.5555555555557,133.0,117.0,2983.0,964.0,129.25,133.44444444444446,2898.777777777778,793.8888888888889,135.44444444444434,38.0,2572.6666666666665,799.3333333333334,39.0
726,98.75,3183.75,593.8333333333334,149.16666666666652,99.5,3307.75,666.25,176.25,127.0,3150.5,1135.5,132.0,126.0,3269.0,621.0,122.0,141.0,2543.0,736.0,118.0,134.0,2629.25,759.5,127.75,122.60000000000002,3124.4,703.5,140.9000000000001,145.0,3066.6666666666665,1138.6666666666667,133.0,121.5,2988.0,964.5,124.625,131.55555555555554,2899.222222222222,797.1111111111111,136.55555555555566,38.0,2579.0,816.0,39.0
727,97.0,3182.0,595.6666666666666,149.33333333333348,97.25,3307.375,668.625,174.625,127.88888888888869,3150.8888888888887,1135.5555555555557,132.1111111111113,115.75,3269.0,610.25,118.5,138.75,2543.25,751.25,122.0,148.0,2628.5,768.0,125.5,121.20000000000005,3121.8,705.0,141.79999999999973,151.33333333333326,3065.4444444444443,1130.7777777777778,133.0,126.0,2993.0,965.0,120.0,129.66666666666663,2899.6666666666665,800.3333333333334,137.66666666666697,38.0,2585.0,837.0,39.0
728,95.25,3180.25,597.5,149.5,95.0,3307.0,671.0,173.0,128.77777777777783,3151.277777777778,1135.611111111111,132.22222222222217,105.5,3269.0,599.5,115.0,136.5,2543.5,766.5,126.0,162.0,2627.75,776.5,123.25,119.79999999999995,3119.2,706.5,142.70000000000027,157.66666666666674,3064.222222222222,1122.888888888889,133.0,125.99999999999989,2993.6666666666665,967.8333333333334,120.0,127.77777777777783,2900.1111111111113,803.5555555555555,138.77777777777737,38.0,2591.0,858.0,39.0
729,93.5,3178.5,599.3333333333334,149.66666666666652,96.25,3304.125,672.25,174.625,129.66666666666652,3151.6666666666665,1135.6666666666667,132.33333333333348,95.25,3269.0,588.75,111.5,134.25,2543.75,781.75,130.0,176.0,2627.0,785.0,121.0,118.39999999999998,3116.6,708.0,143.5999999999999,164.0,3063.0,1115.0,133.0,126.00000000000011,2994.3333333333335,970.6666666666666,120.0,125.8888888888888,2900.5555555555557,806.7777777777778,139.8888888888887,38.0,2597.0,879.0,39.0
730,91.75,3176.75,601.1666666666666,149.83333333333348,97.5,3301.25,673.5,176.25,130.55555555555566,3152.0555555555557,1135.7222222222222,132.44444444444434,85.0,3269.0,578.0,108.0,132.0,2544.0,797.0,134.0,168.80000000000007,2629.8,795.8,121.0,117.0,3114.0,709.5,144.5,158.71428571428578,3061.8571428571427,1115.4285714285713,133.0,126.0,2995.0,973.5,120.0,124.0,2901.0,810.0,141.0,38.0,2595.4,889.6,39.0
731,90.0,3175.0,603.0,150.0,98.75,3298.375,674.75,177.875,131.44444444444434,3152.4444444444443,1135.7777777777778,132.55555555555566,96.5,3263.5,557.75,106.0,132.0,2545.6666666666665,794.6666666666666,134.0,161.60000000000002,2632.6,806.6,121.0,115.60000000000002,3111.4,711.0,145.4000000000001,153.42857142857133,3060.714285714286,1115.857142857143,133.0,125.99999999999989,2995.6666666666665,976.3333333333334,120.0,121.0,2901.777777777778,815.6666666666666,141.77777777777783,38.0,2593.8,900.2,39.0
732,89.11111111111109,3166.8888888888887,604.4444444444445,153.22222222222263,100.0,3295.5,676.0,179.5,132.33333333333348,3152.8333333333335,1135.8333333333333,132.66666666666652,108.0,3258.0,537.5,104.0,132.0,2547.3333333333335,792.3333333333334,134.0,154.39999999999998,2635.4,817.4,121.0,114.20000000000005,3108.8,712.5,146.29999999999973,148.1428571428571,3059.5714285714284,1116.2857142857142,133.0,126.00000000000011,2996.3333333333335,979.1666666666666,120.0,118.0,2902.5555555555557,821.3333333333334,142.55555555555566,38.0,2592.2,910.8,39.0
733,88.22222222222217,3158.777777777778,605.8888888888889,156.44444444444434,101.25,3292.625,677.25,181.125,133.22222222222217,3153.222222222222,1135.888888888889,132.77777777777783,119.5,3252.5,517.25,102.0,132.0,2549.0,790.0,134.0,147.19999999999993,2638.2,828.2,121.0,112.79999999999995,3106.2,714.0,147.20000000000027,142.8571428571429,3058.4285714285716,1116.7142857142858,133.0,126.0,2997.0,982.0,120.0,115.0,2903.3333333333335,827.0,143.33333333333303,38.0,2590.6,921.4,39.0
734,87.33333333333326,3150.6666666666665,607.3333333333334,159.66666666666697,102.5,3289.75,678.5,182.75,134.1111111111113,3153.6111111111113,1135.9444444444443,132.8888888888887,131.0,3247.0,497.0,100.0,135.33333333333326,2558.5,802.8333333333334,135.16666666666652,140.0,2641.0,839.0,121.0,111.39999999999998,3103.6,715.5,148.0999999999999,137.57142857142867,3057.285714285714,1117.142857142857,133.0,123.50000000000011,2997.5,988.1666666666666,120.83333333333348,112.0,2904.1111111111113,832.6666666666666,144.11111111111086,38.0,2589.0,932.0,39.0
735,86.44444444444434,3142.5555555555557,608.7777777777778,162.8888888888887,103.75,3286.875,679.75,184.375,135.0,3154.0,1136.0,133.0,118.33333333333337,3246.0,491.0,98.33333333333348,138.66666666666674,2568.0,815.6666666666666,136.33333333333348,137.1428571428571,2647.714285714286,852.2857142857143,119.14285714285688,110.0,3101.0,717.0,149.0,132.28571428571422,3056.1428571428573,1117.5714285714287,133.0,120.99999999999989,2998.0,994.3333333333334,121.66666666666652,109.0,2904.8888888888887,838.3333333333334,144.88888888888914,38.0,2594.0,934.0,39.0
736,85.55555555555566,3134.4444444444443,610.2222222222222,166.1111111111113,105.0,3284.0,681.0,186.0,138.625,3156.0,1140.875,132.125,105.66666666666663,3245.0,485.0,96.66666666666652,142.0,2577.5,828.5,137.5,134.28571428571433,2654.4285714285716,865.5714285714286,117.28571428571422,110.0,3097.8571428571427,718.4285714285714,149.0,127.0,3055.0,1118.0,133.0,118.5,2998.5,1000.5,122.5,106.0,2905.6666666666665,844.0,145.66666666666697,38.0,2599.0,936.0,39.0
737,84.66666666666674,3126.3333333333335,611.6666666666666,169.33333333333303,105.0,3282.0,684.1428571428571,186.0,142.25,3158.0,1145.75,131.25,93.0,3244.0,479.0,95.0,145.33333333333326,2587.0,841.3333333333334,138.66666666666652,131.42857142857144,2661.1428571428573,878.8571428571429,115.4285714285711,110.0,3094.714285714286,719.8571428571429,149.0,127.0,3055.3636363636365,1120.4545454545455,133.0,116.00000000000011,2999.0,1006.6666666666666,123.33333333333348,103.0,2906.4444444444443,849.6666666666666,146.44444444444434,38.0,2604.0,938.0,39.0
738,83.77777777777783,3118.222222222222,613.1111111111111,172.55555555555566,105.0,3280.0,687.2857142857143,186.0,145.875,3160.0,1150.625,130.375,99.5,3236.25,461.5,95.0,148.66666666666674,2596.5,854.1666666666666,139.83333333333348,128.57142857142856,2667.8571428571427,892.1428571428571,113.5714285714289,110.0,3091.5714285714284,721.2857142857143,149.0,127.0,3055.7272727272725,1122.909090909091,133.0,113.49999999999989,2999.5,1012.8333333333334,124.16666666666652,100.0,2907.222222222222,855.3333333333334,147.22222222222217,38.0,2610.8,936.8,39.0
739,82.88888888888891,3110.1111111111113,614.5555555555555,175.77777777777737,105.0,3278.0,690.4285714285714,186.0,149.5,3162.0,1155.5,129.5,106.0,3228.5,444.0,95.0,152.0,2606.0,867.0,141.0,125.71428571428567,2674.5714285714284,905.4285714285714,111.71428571428578,110.0,3088.4285714285716,722.7142857142857,149.0,127.0,3056.090909090909,1125.3636363636363,133.0,111.0,3000.0,1019.0,125.0,97.0,2908.0,861.0,148.0,38.0,2617.6,935.6,39.0
740,82.0,3102.0,616.0,179.0,105.0,3276.0,693.5714285714286,186.0,153.125,3164.0,1160.375,128.625,112.5,3220.75,426.5,95.0,155.5,2615.5,877.5,143.5,122.857142857143,2681.285714285714,918.7142857142857,109.85714285714312,110.0,3085.285714285714,724.1428571428571,149.0,127.0,3056.4545454545455,1127.8181818181818,133.0,111.19999999999993,3004.8,1020.6,122.39999999999964,96.83333333333337,2908.4166666666665,863.1666666666666,147.0,38.0,2624.4,934.4,39.0
741,82.71428571428567,3101.4285714285716,619.2857142857143,174.71428571428578,105.0,3274.0,696.7142857142857,186.0,156.75,3166.0,1165.25,127.75,119.0,3213.0,409.0,95.0,159.0,2625.0,888.0,146.0,120.0,2688.0,932.0,108.0,110.0,3082.1428571428573,725.5714285714286,149.0,127.0,3056.818181818182,1130.2727272727273,133.0,111.39999999999986,3009.6,1022.2,119.80000000000018,96.66666666666663,2908.8333333333335,865.3333333333334,146.0,38.0,2631.2,933.2,39.0
742,83.42857142857144,3100.8571428571427,622.5714285714286,170.42857142857156,105.0,3272.0,699.8571428571429,186.0,160.375,3168.0,1170.125,126.875,133.5,3192.0,386.5,105.0,149.0,2634.5,899.0,149.0,121.71428571428567,2695.285714285714,937.5714285714286,104.57142857142844,110.0,3079.0,727.0,149.0,127.0,3057.181818181818,1132.7272727272727,133.0,111.60000000000014,3014.4,1023.8,117.19999999999982,96.5,2909.25,867.5,145.0,38.0,2638.0,932.0,39.0
743,84.14285714285711,3100.285714285714,625.8571428571429,166.14285714285734,105.0,3270.0,703.0,186.0,164.0,3170.0,1175.0,126.0,148.0,3171.0,364.0,115.0,139.0,2644.0,910.0,152.0,123.42857142857156,2702.5714285714284,943.1428571428571,101.14285714285734,110.0,3076.7,727.5,149.0,127.0,3057.5454545454545,1135.1818181818182,133.0,111.79999999999995,3019.2,1025.4,114.60000000000036,96.33333333333337,2909.6666666666665,869.6666666666666,144.0,38.0,2651.0,932.2,39.0
744,84.85714285714289,3099.714285714286,629.1428571428571,161.85714285714266,102.16666666666663,3270.6666666666665,706.0,182.5,160.33333333333326,3169.0,1185.6666666666667,124.33333333333348,142.66666666666669,3161.0,354.0,115.0,136.83333333333337,2644.6666666666665,914.6666666666666,154.66666666666697,125.14285714285722,2709.8571428571427,948.7142857142857,97.71428571428578,110.0,3074.4,728.0,149.0,127.0,3057.909090909091,1137.6363636363637,133.0,112.0,3024.0,1027.0,112.0,96.16666666666663,2910.0833333333335,871.8333333333334,143.0,38.0,2664.0,932.4,39.0
745,85.57142857142856,3099.1428571428573,632.4285714285714,157.57142857142844,99.33333333333337,3271.3333333333335,709.0,179.0,156.66666666666674,3168.0,1196.3333333333333,122.66666666666652,137.33333333333331,3151.0,344.0,115.0,134.66666666666663,2645.3333333333335,919.3333333333334,157.33333333333303,126.85714285714278,2717.1428571428573,954.2857142857143,94.28571428571422,110.0,3072.1,728.5,149.0,127.0,3058.2727272727275,1140.090909090909,133.0,115.57142857142844,3024.4285714285716,1024.7142857142858,112.14285714285688,96.0,2910.5,874.0,142.0,38.0,2677.0,932.6,39.0
746,86.28571428571433,3098.5714285714284,635.7142857142857,153.28571428571422,96.5,3272.0,712.0,175.5,153.0,3167.0,1207.0,121.0,132.0,3141.0,334.0,115.0,132.5,2646.0,924.0,160.0,128.57142857142844,2724.4285714285716,959.8571428571429,90.85714285714266,110.0,3069.8,729.0,149.0,127.0,3058.6363636363635,1142.5454545454545,133.0,119.14285714285722,3024.8571428571427,1022.4285714285714,112.28571428571468,95.83333333333337,2910.9166666666665,876.1666666666666,141.0,38.0,2690.0,932.8,39.0
747,87.0,3098.0,639.0,149.0,93.66666666666663,3272.6666666666665,715.0,172.0,143.0,3161.25,1221.0,120.0,116.5,3128.0,337.0,115.0,130.33333333333337,2646.6666666666665,928.6666666666666,162.66666666666697,130.28571428571433,2731.714285714286,965.4285714285714,87.42857142857156,110.0,3067.5,729.5,149.0,127.0,3059.0,1145.0,133.0,122.71428571428578,3025.285714285714,1020.1428571428571,112.42857142857156,95.66666666666663,2911.3333333333335,878.3333333333334,140.0,38.0,2703.0,933.0,39.0
748,90.66666666666663,3095.3333333333335,641.3333333333334,148.33333333333303,90.83333333333337,3273.3333333333335,718.0,168.5,133.0,3155.5,1235.0,119.0,101.0,3115.0,340.0,115.0,128.16666666666663,2647.3333333333335,933.3333333333334,165.33333333333303,132.0,2739.0,971.0,84.0,110.0,3065.2,730.0,149.0,124.72727272727275,3059.6363636363635,1148.7272727272727,134.090909090909,126.28571428571422,3025.714285714286,1017.8571428571429,112.57142857142844,95.5,2911.75,880.5,139.0,38.0,2717.6666666666665,937.6666666666666,39.0
749,94.33333333333337,3092.6666666666665,643.6666666666666,147.66666666666697,88.0,3274.0,721.0,165.0,123.0,3149.75,1249.0,118.0,98.83333333333331,3095.8333333333335,332.5,123.83333333333303,126.0,2648.0,938.0,168.0,131.9999999999999,2743.5714285714284,968.2857142857143,84.0,110.0,3062.9,730.5,149.0,122.4545454545455,3060.2727272727275,1152.4545454545455,135.18181818181802,129.85714285714278,3026.1428571428573,1015.5714285714286,112.71428571428532,95.33333333333337,2912.1666666666665,882.6666666666666,138.0,38.0,2732.3333333333335,942.3333333333334,39.0
750,98.0,3090.0,646.0,147.0,91.33333333333326,3274.0,723.7777777777778,163.22222222222217,113.0,3144.0,1263.0,117.0,96.66666666666669,3076.6666666666665,325.0,132.66666666666697,122.57142857142856,2654.4285714285716,938.7142857142857,164.14285714285688,132.0000000000001,2748.1428571428573,965.5714285714286,84.0,110.0,3060.6,731.0,149.0,120.18181818181802,3060.909090909091,1156.1818181818182,136.27272727272702,133.42857142857144,3026.5714285714284,1013.2857142857143,112.85714285714312,95.16666666666663,2912.5833333333335,884.8333333333334,137.0,38.0,2747.0,947.0,39.0
751,101.66666666666663,3087.3333333333335,648.3333333333334,146.33333333333303,94.66666666666663,3274.0,726.5555555555555,161.44444444444434,119.0,3141.2,1266.6,116.80000000000018,94.5,3057.5,317.5,141.5,119.14285714285722,2660.8571428571427,939.4285714285714,160.28571428571468,132.0,2752.714285714286,962.8571428571429,84.0,110.0,3058.3,731.5,149.0,117.90909090909076,3061.5454545454545,1159.909090909091,137.3636363636365,137.0,3027.0,1011.0,113.0,95.0,2913.0,887.0,136.0,38.0,2750.0,953.0,39.0
752,105.33333333333337,3084.6666666666665,650.6666666666666,145.66666666666697,98.0,3274.0,729.3333333333334,159.66666666666652,125.0,3138.4,1270.2,116.59999999999991,92.33333333333331,3038.3333333333335,310.0,150.33333333333303,115.71428571428578,2667.285714285714,940.1428571428571,156.42857142857156,132.0,2757.285714285714,960.1428571428571,84.0,110.0,3056.0,732.0,149.0,115.63636363636351,3062.181818181818,1163.6363636363637,138.4545454545455,134.44444444444457,3027.8888888888887,1006.1111111111111,115.11111111111131,94.59999999999991,2909.7,888.2,137.30000000000018,38.0,2753.0,959.0,39.0
753,109.0,3082.0,653.0,145.0,101.33333333333337,3274.0,732.1111111111111,157.8888888888887,131.0,3135.6,1273.8,116.40000000000009,90.16666666666669,3019.1666666666665,302.5,159.16666666666697,112.28571428571422,2673.714285714286,940.8571428571429,152.57142857142844,131.9999999999999,2761.8571428571427,957.4285714285714,84.0,108.71428571428578,3054.4285714285716,732.7142857142857,147.4285714285711,113.36363636363649,3062.818181818182,1167.3636363636363,139.5454545454545,131.8888888888889,3028.777777777778,1001.2222222222222,117.22222222222217,94.20000000000005,2906.4,889.4,138.5999999999999,38.0,2756.0,965.0,39.0
754,106.33333333333326,3071.777777777778,657.7777777777778,151.33333333333348,104.66666666666663,3274.0,734.8888888888889,156.1111111111113,137.0,3132.8,1277.4,116.19999999999982,88.0,3000.0,295.0,168.0,108.85714285714278,2680.1428571428573,941.5714285714286,148.71428571428532,132.0000000000001,2766.4285714285716,954.7142857142857,84.0,107.42857142857144,3052.8571428571427,733.4285714285714,145.85714285714312,111.09090909090924,3063.4545454545455,1171.090909090909,140.6363636363635,129.33333333333337,3029.6666666666665,996.3333333333334,119.33333333333348,93.79999999999995,2903.1,890.6,139.9000000000001,38.0,2757.0,957.8,39.0
755,103.66666666666663,3061.5555555555557,662.5555555555555,157.66666666666652,108.0,3274.0,737.6666666666666,154.33333333333348,143.0,3130.0,1281.0,116.0,88.80000000000001,2996.2,289.4,160.20000000000027,105.42857142857144,2686.5714285714284,942.2857142857143,144.85714285714312,132.0,2771.0,952.0,84.0,106.14285714285722,3051.285714285714,734.1428571428571,144.28571428571422,108.81818181818198,3064.090909090909,1174.8181818181818,141.72727272727298,126.77777777777771,3030.5555555555557,991.4444444444445,121.44444444444434,93.40000000000009,2899.8,891.8,141.19999999999982,38.0,2758.0,950.6,39.0
756,101.0,3051.3333333333335,667.3333333333334,164.0,111.33333333333337,3274.0,740.4444444444445,152.55555555555566,133.33333333333348,3123.6666666666665,1291.3333333333333,110.66666666666697,89.59999999999997,2992.4,283.8,152.4000000000001,102.0,2693.0,943.0,141.0,133.28571428571433,2776.8571428571427,945.2857142857143,85.28571428571468,104.85714285714278,3049.714285714286,734.8571428571429,142.71428571428578,106.5454545454545,3064.7272727272725,1178.5454545454545,142.81818181818198,124.22222222222229,3031.4444444444443,986.5555555555555,123.55555555555566,93.0,2896.5,893.0,142.5,38.0,2759.0,943.4,39.0
757,98.33333333333337,3041.1111111111113,672.1111111111111,170.33333333333303,114.66666666666674,3274.0,743.2222222222222,150.77777777777783,123.66666666666652,3117.3333333333335,1301.6666666666667,105.33333333333303,90.40000000000003,2988.6,278.2,144.5999999999999,109.44444444444434,2693.777777777778,935.0,142.0,134.57142857142856,2782.714285714286,938.5714285714286,86.57142857142844,103.57142857142856,3048.1428571428573,735.5714285714286,141.14285714285688,104.27272727272725,3065.3636363636365,1182.2727272727273,143.909090909091,121.66666666666663,3032.3333333333335,981.6666666666666,125.66666666666652,92.59999999999991,2893.2,894.2,143.80000000000018,38.0,2760.0,936.2,39.0
758,95.66666666666663,3030.8888888888887,676.8888888888889,176.66666666666697,118.0,3274.0,746.0,149.0,114.0,3111.0,1312.0,100.0,91.19999999999999,2984.8,272.6,136.79999999999973,116.88888888888891,2694.5555555555557,927.0,143.0,135.8571428571429,2788.5714285714284,931.8571428571429,87.85714285714312,102.28571428571422,3046.5714285714284,736.2857142857143,139.5714285714289,102.0,3066.0,1186.0,145.0,119.11111111111109,3033.222222222222,976.7777777777778,127.77777777777783,92.20000000000005,2889.9,895.4,145.0999999999999,38.0,2761.0,929.0,39.0
759,93.0,3020.6666666666665,681.6666666666666,183.0,116.69999999999993,3273.3,748.1,149.0999999999999,112.0,3100.75,1320.25,104.75,92.0,2981.0,267.0,129.0,124.33333333333326,2695.3333333333335,919.0,144.0,137.1428571428571,2794.4285714285716,925.1428571428571,89.14285714285688,101.0,3045.0,737.0,138.0,101.54999999999995,3064.55,1186.55,146.0,116.55555555555543,3034.1111111111113,971.8888888888889,129.8888888888887,91.79999999999995,2886.6,896.6,146.4000000000001,38.0,2768.5,911.6666666666666,39.0
760,90.33333333333337,3010.4444444444443,686.4444444444445,189.33333333333348,115.39999999999998,3272.6,750.2,149.20000000000027,110.0,3090.5,1328.5,109.5,92.0,2967.4,264.8,130.79999999999973,131.77777777777783,2696.1111111111113,911.0,145.0,138.42857142857144,2800.285714285714,918.4285714285714,90.42857142857156,101.0,3036.285714285714,736.8571428571429,142.14285714285734,101.10000000000014,3063.1,1187.1,147.0,114.0,3035.0,967.0,132.0,91.40000000000009,2883.3,897.8,147.69999999999982,38.0,2776.0,894.3333333333334,39.0
761,87.66666666666674,3000.222222222222,691.2222222222222,195.66666666666652,114.10000000000002,3271.9,752.3,149.29999999999973,108.0,3080.25,1336.75,114.25,92.0,2953.8,262.6,132.5999999999999,139.22222222222217,2696.8888888888887,903.0,146.0,139.71428571428567,2806.1428571428573,911.7142857142857,91.71428571428532,101.0,3027.5714285714284,736.7142857142857,146.28571428571422,100.64999999999986,3061.65,1187.65,148.0,113.99999999999989,3035.6666666666665,960.3333333333334,132.0,91.0,2880.0,899.0,149.0,38.0,2783.5,877.0,39.0
762,85.0,2990.0,696.0,202.0,112.80000000000007,3271.2,754.4,149.4000000000001,106.0,3070.0,1345.0,119.0,92.0,2940.2,260.4,134.4000000000001,146.66666666666674,2697.6666666666665,895.0,147.0,141.0,2812.0,905.0,93.0,101.0,3018.8571428571427,736.5714285714286,150.42857142857156,100.20000000000005,3060.2,1188.2,149.0,114.00000000000011,3036.3333333333335,953.6666666666666,132.0,91.0,2879.5555555555557,897.2222222222222,149.0,38.0,2791.0,859.6666666666666,39.0
763,85.0,2988.875,696.375,198.0,111.5,3270.5,756.5,149.5,104.25,3056.75,1349.0,123.25,92.0,2926.6,258.2,136.20000000000027,154.1111111111111,2698.4444444444443,887.0,148.0,142.5,2805.0,903.5,94.5,101.0,3010.1428571428573,736.4285714285714,154.57142857142844,99.75,3058.75,1188.75,150.0,114.0,3037.0,947.0,132.0,91.0,2879.1111111111113,895.4444444444445,149.0,38.0,2798.5,842.3333333333334,39.0
764,85.0,2987.75,696.75,194.0,110.19999999999993,3269.8,758.6,149.5999999999999,102.5,3043.5,1353.0,127.5,92.0,2913.0,256.0,138.0,161.55555555555566,2699.222222222222,879.0,149.0,144.0,2798.0,902.0,96.0,101.0,3001.4285714285716,736.2857142857143,158.71428571428578,99.29999999999995,3057.3,1189.3,151.0,113.99999999999989,3037.6666666666665,940.3333333333334,132.0,91.0,2878.6666666666665,893.6666666666666,149.0,38.0,2806.0,825.0,39.0
765,85.0,2986.625,697.125,190.0,108.89999999999998,3269.1,760.7,149.70000000000027,100.75,3030.25,1357.0,131.75,94.66666666666669,2892.0,257.0,148.66666666666652,169.0,2700.0,871.0,150.0,154.33333333333337,2801.6666666666665,888.6666666666666,98.33333333333348,101.0,2992.714285714286,736.1428571428571,162.85714285714266,98.85000000000014,3055.85,1189.85,152.0,114.00000000000011,3038.3333333333335,933.6666666666666,132.0,91.0,2878.222222222222,891.8888888888889,149.0,38.0,2811.4,797.8,39.0
766,85.0,2985.5,697.5,186.0,107.60000000000002,3268.4,762.8,149.79999999999973,99.0,3017.0,1361.0,136.0,97.33333333333331,2871.0,258.0,159.33333333333348,166.39999999999998,2704.6,876.6,143.0,164.66666666666663,2805.3333333333335,875.3333333333334,100.66666666666652,101.0,2984.0,736.0,167.0,98.39999999999986,3054.4,1190.4,153.0,114.0,3039.0,927.0,132.0,91.0,2877.777777777778,890.1111111111111,149.0,38.0,2816.8,770.6,39.0
767,85.0,2984.375,697.875,182.0,106.30000000000007,3267.7,764.9,149.9000000000001,98.0,3016.0,1362.25,128.75,100.0,2850.0,259.0,170.0,163.79999999999995,2709.2,882.2,136.0,175.0,2809.0,862.0,103.0,104.42857142857144,2981.4285714285716,736.4285714285714,165.0,97.95000000000005,3052.95,1190.95,154.0,114.0,3039.625,920.125,132.0,91.0,2877.3333333333335,888.3333333333334,149.0,38.0,2822.2,743.4,39.0
768,85.0,2983.25,698.25,178.0,105.0,3267.0,767.0,150.0,97.0,3015.0,1363.5,121.5,100.75,2845.75,258.75,165.25,161.20000000000005,2713.8,887.8,129.0,167.33333333333337,2803.0,869.6666666666666,107.66666666666652,107.85714285714278,2978.8571428571427,736.8571428571429,163.0,97.5,3051.5,1191.5,155.0,114.0,3040.25,913.25,132.0,91.0,2876.8888888888887,886.5555555555555,149.0,38.0,2827.6,716.2,39.0
769,85.0,2982.125,698.625,174.0,104.625,3263.0,769.75,152.875,96.0,3014.0,1364.75,114.25,101.5,2841.5,258.5,160.5,158.60000000000002,2718.4,893.4,122.0,159.66666666666663,2797.0,877.3333333333334,112.33333333333348,111.28571428571422,2976.285714285714,737.2857142857143,161.0,97.04999999999995,3050.05,1192.05,156.0,114.0,3040.875,906.375,132.0,91.0,2876.4444444444443,884.7777777777778,149.0,38.0,2833.0,689.0,39.0
770,85.0,2981.0,699.0,170.0,104.25,3259.0,772.5,155.75,95.0,3013.0,1366.0,107.0,102.25,2837.25,258.25,155.75,156.0,2723.0,899.0,115.0,152.0,2791.0,885.0,117.0,114.71428571428578,2973.714285714286,737.7142857142857,159.0,96.60000000000014,3048.6,1192.6,157.0,114.0,3041.5,899.5,132.0,91.0,2876.0,883.0,149.0,38.0,2836.6666666666665,661.6666666666666,39.0
771,88.59999999999991,2977.1,695.2,170.70000000000027,103.875,3255.0,775.25,158.625,95.66666666666674,2995.0,1367.8333333333333,117.33333333333348,103.0,2833.0,258.0,151.0,156.0,2722.2,898.8,115.0,148.33333333333337,2787.6666666666665,885.6666666666666,119.0,118.14285714285722,2971.1428571428573,738.1428571428571,157.0,96.14999999999986,3047.15,1193.15,158.0,114.0,3042.125,892.625,132.0,90.79999999999995,2878.2,883.3333333333334,148.5333333333333,38.0,2840.3333333333335,634.3333333333334,39.0
772,92.20000000000005,2973.2,691.4,171.4000000000001,103.5,3251.0,778.0,161.5,96.33333333333326,2977.0,1369.6666666666667,127.66666666666652,106.0,2824.5,254.125,153.375,155.9999999999999,2721.4,898.6,115.0,144.66666666666663,2784.3333333333335,886.3333333333334,121.0,121.57142857142856,2968.5714285714284,738.5714285714286,155.0,95.70000000000005,3045.7,1193.7,159.0,114.0,3042.75,885.75,132.0,90.60000000000002,2880.4,883.6666666666666,148.0666666666666,38.0,2844.0,607.0,39.0
773,95.79999999999995,2969.3,687.6,172.0999999999999,103.125,3247.0,780.75,164.375,97.0,2959.0,1371.5,138.0,109.0,2816.0,250.25,155.75,156.0000000000001,2720.6,898.4,115.0,141.0,2781.0,887.0,123.0,125.0,2966.0,739.0,153.0,95.25,3044.25,1194.25,160.0,114.0,3043.375,878.875,132.0,90.39999999999998,2882.6,884.0,147.5999999999999,38.0,2847.6666666666665,579.6666666666666,39.0
774,99.40000000000009,2965.4,683.8,172.79999999999973,102.75,3243.0,783.5,167.25,97.66666666666674,2941.0,1373.3333333333333,148.33333333333348,112.0,2807.5,246.375,158.125,156.0,2719.8,898.2,115.0,142.0,2781.3333333333335,879.5555555555555,123.33333333333303,123.22222222222217,2966.222222222222,741.0,153.1111111111113,94.79999999999995,3042.8,1194.8,161.0,114.0,3044.0,872.0,132.0,90.19999999999993,2884.8,884.3333333333334,147.1333333333332,38.0,2851.3333333333335,552.3333333333333,39.0
775,103.0,2961.5,680.0,173.5,102.375,3239.0,786.25,170.125,98.33333333333326,2923.0,1375.1666666666667,158.66666666666652,115.0,2799.0,242.5,160.5,156.0,2719.0,898.0,115.0,143.0,2781.6666666666665,872.1111111111111,123.66666666666697,121.44444444444446,2966.4444444444443,743.0,153.22222222222217,94.35000000000014,3041.35,1195.35,162.0,117.625,3043.875,866.625,132.375,90.0,2887.0,884.6666666666666,146.66666666666652,38.0,2855.0,525.0,39.0
776,106.59999999999991,2957.6,676.2,174.20000000000027,102.0,3235.0,789.0,173.0,99.0,2905.0,1377.0,169.0,118.0,2790.5,238.625,162.875,152.71428571428567,2718.285714285714,899.5714285714286,112.71428571428578,144.0,2782.0,864.6666666666666,124.0,119.66666666666663,2966.6666666666665,745.0,153.33333333333348,93.89999999999986,3039.9,1195.9,163.0,121.25,3043.75,861.25,132.75,89.79999999999995,2889.2,885.0,146.20000000000027,38.0,2855.6666666666665,500.5,39.0
777,110.20000000000005,2953.7,672.4,174.9000000000001,100.77777777777771,3234.5555555555557,790.7777777777778,171.8888888888887,97.28571428571422,2903.285714285714,1377.5714285714287,163.71428571428578,121.0,2782.0,234.75,165.25,149.42857142857156,2717.5714285714284,901.1428571428571,110.42857142857156,145.0,2782.3333333333335,857.2222222222222,124.33333333333303,117.88888888888891,2966.8888888888887,747.0,153.4444444444448,93.45000000000005,3038.45,1196.45,164.0,124.875,3043.625,855.875,133.125,89.59999999999991,2891.4,885.3333333333334,145.73333333333312,38.0,2856.3333333333335,476.0,39.0
778,113.79999999999995,2949.8,668.6,175.5999999999999,99.55555555555554,3234.1111111111113,792.5555555555555,170.77777777777737,95.57142857142867,2901.5714285714284,1378.142857142857,158.42857142857156,124.0,2773.5,230.875,167.625,146.14285714285722,2716.8571428571427,902.7142857142857,108.14285714285734,146.0,2782.6666666666665,849.7777777777778,124.66666666666697,116.11111111111109,2967.1111111111113,749.0,153.5555555555552,93.0,3037.0,1197.0,165.0,128.5,3043.5,850.5,133.5,89.40000000000009,2893.6,885.6666666666666,145.26666666666688,38.0,2857.0,451.5,39.0
779,117.40000000000009,2945.9,664.8,176.29999999999973,98.33333333333326,3233.6666666666665,794.3333333333334,169.66666666666697,93.85714285714289,2899.8571428571427,1378.7142857142858,153.14285714285734,127.0,2765.0,227.0,170.0,142.85714285714278,2716.1428571428573,904.2857142857143,105.85714285714266,147.0,2783.0,842.3333333333334,125.0,114.33333333333337,2967.3333333333335,751.0,153.66666666666652,93.0,3035.8,1194.9,163.89999999999964,132.125,3043.375,845.125,133.875,89.20000000000005,2895.8,886.0,144.79999999999973,38.0,2857.6666666666665,427.0,39.0
780,121.0,2942.0,661.0,177.0,97.11111111111109,3233.222222222222,796.1111111111111,168.55555555555566,92.14285714285711,2898.1428571428573,1379.2857142857142,147.85714285714266,123.5,2761.1666666666665,223.5,169.16666666666697,139.57142857142844,2715.4285714285716,905.8571428571429,103.57142857142844,148.0,2783.3333333333335,834.8888888888889,125.33333333333303,112.55555555555554,2967.5555555555557,753.0,153.77777777777783,93.0,3034.6,1192.8,162.80000000000018,135.75,3043.25,839.75,134.25,89.0,2898.0,886.3333333333334,144.33333333333348,38.0,2858.3333333333335,402.5,39.0
781,121.66666666666663,2941.6666666666665,659.3333333333334,175.77777777777783,95.88888888888891,3232.777777777778,797.8888888888889,167.44444444444434,90.42857142857133,2896.4285714285716,1379.857142857143,142.57142857142844,120.0,2757.3333333333335,220.0,168.33333333333303,136.28571428571433,2714.714285714286,907.4285714285714,101.28571428571422,149.0,2783.6666666666665,827.4444444444445,125.66666666666697,110.77777777777783,2967.777777777778,755.0,153.8888888888887,93.0,3033.4,1190.7,161.69999999999982,139.375,3043.125,834.375,134.625,88.80000000000007,2900.2,886.6666666666666,143.8666666666668,38.0,2859.0,378.0,39.0
782,122.33333333333337,2941.3333333333335,657.6666666666666,174.5555555555552,94.66666666666674,3232.3333333333335,799.6666666666666,166.33333333333303,88.71428571428578,2894.714285714286,1380.4285714285713,137.28571428571422,116.5,2753.5,216.5,167.5,133.0,2714.0,909.0,99.0,150.0,2784.0,820.0,126.0,109.0,2968.0,757.0,154.0,93.0,3032.2,1188.6,160.60000000000036,143.0,3043.0,829.0,135.0,88.60000000000002,2902.4,887.0,143.4000000000001,38.0,2857.3333333333335,356.6666666666667,39.0
783,123.0,2941.0,656.0,173.33333333333348,93.44444444444446,3231.8888888888887,801.4444444444445,165.22222222222263,87.0,2893.0,1381.0,132.0,113.0,2749.6666666666665,213.0,166.66666666666697,128.60000000000002,2713.2,915.4,99.0,147.375,2781.875,819.5,126.0,111.72727272727275,2968.5454545454545,754.2727272727273,154.090909090909,93.0,3031.0,1186.5,159.5,138.33333333333337,3043.0,823.0,134.5,88.39999999999998,2904.6,887.3333333333334,142.9333333333334,38.0,2855.6666666666665,335.3333333333333,39.0
784,123.66666666666663,2940.6666666666665,654.3333333333334,172.1111111111113,92.22222222222229,3231.4444444444443,803.2222222222222,164.1111111111113,87.77777777777783,2884.6666666666665,1378.4444444444443,133.22222222222217,109.5,2745.8333333333335,209.5,165.83333333333303,124.20000000000005,2712.4,921.8,99.0,144.75,2779.75,819.0,126.0,114.4545454545455,2969.090909090909,751.5454545454545,154.18181818181847,93.0,3029.8,1184.4,158.39999999999964,133.66666666666663,3043.0,817.0,134.0,88.20000000000005,2906.8,887.6666666666666,142.4666666666667,38.0,2854.0,314.0,39.0
785,124.33333333333337,2940.3333333333335,652.6666666666666,170.8888888888887,91.0,3231.0,805.0,163.0,88.55555555555543,2876.3333333333335,1375.888888888889,134.44444444444434,106.0,2742.0,206.0,165.0,119.79999999999995,2711.6,928.2,99.0,142.125,2777.625,818.5,126.0,117.18181818181813,2969.6363636363635,748.8181818181819,154.27272727272748,93.0,3028.6,1182.3,157.30000000000018,129.0,3043.0,811.0,133.5,88.0,2909.0,888.0,142.0,38.0,2852.5,301.25,39.0
786,125.0,2940.0,651.0,169.66666666666652,94.0,3231.285714285714,806.4285714285714,162.0,89.33333333333348,2868.0,1373.3333333333333,135.66666666666652,106.0,2740.777777777778,205.44444444444446,165.0,115.39999999999998,2710.8,934.6,99.0,139.5,2775.5,818.0,126.0,119.90909090909088,2970.181818181818,746.0909090909091,154.3636363636365,93.0,3027.4,1180.2,156.19999999999982,124.33333333333337,3043.0,805.0,133.0,88.38888888888891,2910.3333333333335,888.2222222222222,143.11111111111086,38.0,2851.0,288.5,39.0
787,125.66666666666663,2939.6666666666665,649.3333333333334,168.4444444444448,97.0,3231.5714285714284,807.8571428571429,161.0,90.11111111111109,2859.6666666666665,1370.7777777777778,136.88888888888914,106.00000000000003,2739.5555555555557,204.88888888888889,165.0,111.0,2710.0,941.0,99.0,136.875,2773.375,817.5,126.0,122.63636363636363,2970.7272727272725,743.3636363636364,154.4545454545455,93.0,3026.2,1178.1,155.10000000000036,119.66666666666663,3043.0,799.0,132.5,88.77777777777771,2911.6666666666665,888.4444444444445,144.22222222222217,38.0,2849.5,275.75,39.0
788,126.33333333333337,2939.3333333333335,647.6666666666666,167.22222222222217,100.0,3231.8571428571427,809.2857142857143,160.0,90.88888888888891,2851.3333333333335,1368.2222222222222,138.11111111111086,105.99999999999997,2738.3333333333335,204.33333333333334,165.0,106.60000000000002,2709.2,947.4,99.0,134.25,2771.25,817.0,126.0,125.36363636363637,2971.2727272727275,740.6363636363636,154.5454545454545,93.0,3025.0,1176.0,154.0,115.0,3043.0,793.0,132.0,89.16666666666674,2913.0,888.6666666666666,145.33333333333348,38.0,2848.0,263.0,39.0
789,127.0,2939.0,646.0,166.0,103.0,3232.1428571428573,810.7142857142857,159.0,91.66666666666652,2843.0,1365.6666666666667,139.33333333333348,106.0,2737.1111111111113,203.77777777777777,165.0,102.20000000000005,2708.4,953.8,99.0,131.625,2769.125,816.5,126.0,128.09090909090912,2971.818181818182,737.9090909090909,154.6363636363635,93.40000000000009,3023.1,1173.5,152.9000000000001,116.0,3042.818181818182,789.3636363636364,133.18181818181802,89.55555555555554,2914.3333333333335,888.8888888888889,146.44444444444434,38.0,2847.6666666666665,261.3333333333333,39.0
790,125.45454545454538,2940.6363636363635,645.4545454545455,166.909090909091,106.0,3232.4285714285716,812.1428571428571,158.0,92.44444444444457,2834.6666666666665,1363.111111111111,140.55555555555566,106.0,2735.8888888888887,203.22222222222223,165.0,97.79999999999995,2707.6,960.2,99.0,129.0,2767.0,816.0,126.0,130.81818181818187,2972.3636363636365,735.1818181818181,154.72727272727252,93.79999999999995,3021.2,1171.0,151.80000000000018,117.0,3042.6363636363635,785.7272727272727,134.3636363636365,89.94444444444446,2915.6666666666665,889.1111111111111,147.55555555555566,38.0,2847.3333333333335,259.6666666666667,39.0
791,123.90909090909099,2942.2727272727275,644.9090909090909,167.81818181818153,109.0,3232.714285714286,813.5714285714286,157.0,93.22222222222217,2826.3333333333335,1360.5555555555557,141.77777777777783,106.00000000000003,2734.6666666666665,202.66666666666666,165.0,93.39999999999998,2706.8,966.6,99.0,125.39999999999998,2761.8,817.0,127.69999999999982,133.5454545454545,2972.909090909091,732.4545454545455,154.81818181818153,94.20000000000005,3019.3,1168.5,150.69999999999982,118.0,3042.4545454545455,782.0909090909091,135.5454545454545,90.33333333333326,2917.0,889.3333333333334,148.66666666666652,38.0,2847.0,258.0,39.0
792,122.36363636363637,2943.909090909091,644.3636363636364,168.72727272727252,112.0,3233.0,815.0,156.0,94.0,2818.0,1358.0,143.0,105.99999999999997,2733.4444444444443,202.11111111111111,165.0,89.0,2706.0,973.0,99.0,121.79999999999995,2756.6,818.0,129.4000000000001,136.27272727272725,2973.4545454545455,729.7272727272727,154.909090909091,94.59999999999991,3017.4,1166.0,149.5999999999999,119.0,3042.2727272727275,778.4545454545455,136.72727272727252,90.72222222222229,2918.3333333333335,889.5555555555555,149.77777777777783,38.0,2846.6666666666665,256.3333333333333,39.0
793,120.81818181818176,2945.5454545454545,643.8181818181819,169.6363636363635,109.79999999999995,3233.4,818.0,156.0,95.44444444444434,2810.777777777778,1354.5555555555557,145.66666666666652,106.0,2732.222222222222,201.55555555555554,165.0,94.11111111111109,2701.1111111111113,976.8888888888889,100.33333333333303,118.20000000000005,2751.4,819.0,131.0999999999999,139.0,2974.0,727.0,155.0,95.0,3015.5,1163.5,148.5,120.0,3042.090909090909,774.8181818181819,137.909090909091,91.11111111111109,2919.6666666666665,889.7777777777778,150.88888888888914,38.00000000000003,2846.3333333333335,254.66666666666666,39.0
794,119.27272727272725,2947.181818181818,643.2727272727273,170.5454545454545,107.60000000000002,3233.8,821.0,156.0,96.88888888888891,2803.5555555555557,1351.111111111111,148.33333333333303,106.0,2731.0,201.0,165.0,99.22222222222217,2696.222222222222,980.7777777777778,101.66666666666652,114.60000000000002,2746.2,820.0,132.80000000000018,136.75,2974.75,724.75,155.0,95.40000000000009,3013.6,1161.0,147.4000000000001,121.0,3041.909090909091,771.1818181818181,139.090909090909,91.5,2921.0,890.0,152.0,38.0,2846.0,253.0,39.0
795,117.72727272727275,2948.818181818182,642.7272727272727,171.4545454545455,105.39999999999998,3234.2,824.0,156.0,98.33333333333326,2796.3333333333335,1347.6666666666667,151.0,107.2142857142857,2733.9285714285716,199.57142857142858,164.64285714285688,104.33333333333337,2691.3333333333335,984.6666666666666,103.0,111.0,2741.0,821.0,134.5,134.5,2975.5,722.5,155.0,95.79999999999995,3011.7,1158.5,146.30000000000018,122.0,3041.7272727272725,767.5454545454545,140.27272727272748,91.88888888888891,2922.3333333333335,890.2222222222222,153.11111111111086,38.0,2847.8571428571427,251.71428571428572,39.0
796,116.18181818181824,2950.4545454545455,642.1818181818181,172.3636363636365,103.20000000000005,3234.6,827.0,156.0,99.77777777777783,2789.1111111111113,1344.2222222222222,153.66666666666652,108.42857142857142,2736.8571428571427,198.14285714285714,164.28571428571468,109.44444444444446,2686.4444444444443,988.5555555555555,104.33333333333348,107.39999999999998,2735.8,822.0,136.19999999999982,132.25,2976.25,720.25,155.0,96.20000000000005,3009.8,1156.0,145.19999999999982,123.0,3041.5454545454545,763.9090909090909,141.4545454545455,92.27777777777771,2923.6666666666665,890.4444444444445,154.22222222222217,38.00000000000003,2849.714285714286,250.42857142857142,39.0
797,114.63636363636363,2952.090909090909,641.6363636363636,173.27272727272748,101.0,3235.0,830.0,156.0,101.22222222222217,2781.8888888888887,1340.7777777777778,156.33333333333348,109.64285714285711,2739.785714285714,196.71428571428572,163.92857142857156,114.55555555555554,2681.5555555555557,992.4444444444445,105.66666666666652,103.79999999999995,2730.6,823.0,137.9000000000001,130.0,2977.0,718.0,155.0,96.59999999999991,3007.9,1153.5,144.0999999999999,124.0,3041.3636363636365,760.2727272727273,142.6363636363635,92.66666666666674,2925.0,890.6666666666666,155.33333333333348,38.00000000000003,2851.5714285714284,249.14285714285714,39.0
798,113.09090909090901,2953.7272727272725,641.0909090909091,174.18181818181847,98.79999999999995,3235.4,833.0,156.0,102.66666666666674,2774.6666666666665,1337.3333333333333,159.0,110.85714285714289,2742.714285714286,195.28571428571428,163.57142857142844,119.66666666666663,2676.6666666666665,996.3333333333334,107.0,100.20000000000005,2725.4,824.0,139.5999999999999,127.75,2977.75,715.75,155.0,97.0,3006.0,1151.0,143.0,125.0,3041.181818181818,756.6363636363636,143.81818181818198,93.05555555555554,2926.3333333333335,890.8888888888889,156.44444444444434,37.99999999999997,2853.4285714285716,247.85714285714286,39.0
799,111.54545454545462,2955.3636363636365,640.5454545454545,175.090909090909,96.60000000000002,3235.8,836.0,156.0,104.11111111111109,2767.4444444444443,1333.888888888889,161.66666666666697,112.07142857142858,2745.6428571428573,193.85714285714286,163.21428571428532,124.77777777777783,2671.777777777778,1000.2222222222222,108.33333333333348,96.60000000000002,2720.2,825.0,141.30000000000018,125.5,2978.5,713.5,155.0,98.0,3004.285714285714,1148.857142857143,143.0,126.0,3041.0,753.0,145.0,93.44444444444446,2927.6666666666665,891.1111111111111,157.55555555555566,37.99999999999997,2855.285714285714,246.57142857142858,39.0
800,110.0,2957.0,640.0,176.0,94.39999999999998,3236.2,839.0,156.0,105.55555555555566,2760.222222222222,1330.4444444444443,164.33333333333348,113.2857142857143,2748.5714285714284,192.42857142857142,162.85714285714312,129.8888888888889,2666.8888888888887,1004.1111111111111,109.66666666666697,93.0,2715.0,826.0,143.0,123.25,2979.25,711.25,155.0,99.0,3002.5714285714284,1146.7142857142858,143.0,124.83333333333326,3045.6666666666665,748.8333333333334,143.5,93.83333333333326,2929.0,891.3333333333334,158.66666666666652,38.0,2857.1428571428573,245.28571428571428,39.0
801,107.89999999999998,2957.7,640.5,176.20000000000027,92.20000000000005,3236.6,842.0,156.0,107.0,2753.0,1327.0,167.0,114.5,2751.5,191.0,162.5,135.0,2662.0,1008.0,111.0,95.09090909090912,2714.5454545454545,824.0,141.0,121.0,2980.0,709.0,155.0,100.0,3000.8571428571427,1144.5714285714287,143.0,123.66666666666674,3050.3333333333335,744.6666666666666,142.0,94.22222222222229,2930.3333333333335,891.5555555555555,159.77777777777783,38.0,2859.0,244.0,39.0
802,105.79999999999995,2958.4,641.0,176.4000000000001,90.0,3237.0,845.0,156.0,107.29411764705878,2752.823529411765,1325.0588235294117,168.0,115.7142857142857,2754.4285714285716,189.57142857142858,162.14285714285688,135.0000000000001,2657.0,1017.6666666666666,111.0,97.18181818181813,2714.090909090909,822.0,139.0,122.0,2980.0,706.5,155.0,101.0,2999.1428571428573,1142.4285714285713,143.0,122.5,3055.0,740.5,140.5,94.61111111111109,2931.6666666666665,891.7777777777778,160.88888888888914,38.00000000000003,2863.0,244.16666666666666,39.0
803,103.70000000000005,2959.1,641.5,176.5999999999999,89.39999999999998,3238.7,846.4,156.10000000000036,107.5882352941178,2752.6470588235293,1323.1176470588234,169.0,116.92857142857142,2757.3571428571427,188.14285714285714,161.78571428571468,135.0,2652.0,1027.3333333333333,111.0,99.27272727272725,2713.6363636363635,820.0,137.0,123.0,2980.0,704.0,155.0,102.0,2997.4285714285716,1140.2857142857142,143.0,121.33333333333326,3059.6666666666665,736.3333333333334,139.0,95.0,2933.0,892.0,162.0,37.99999999999997,2867.0,244.33333333333334,39.0
804,101.60000000000002,2959.8,642.0,176.79999999999973,88.80000000000007,3240.4,847.8,156.19999999999982,107.88235294117635,2752.470588235294,1321.1764705882354,170.0,118.14285714285711,2760.285714285714,186.71428571428572,161.42857142857156,135.0,2647.0,1037.0,111.0,101.36363636363637,2713.181818181818,818.0,135.0,124.0,2980.0,701.5,155.0,103.0,2995.714285714286,1138.142857142857,143.0,120.16666666666674,3064.3333333333335,732.1666666666666,137.5,96.90909090909088,2936.3636363636365,893.8181818181819,159.72727272727252,38.0,2871.0,244.5,39.0
805,99.5,2960.5,642.5,177.0,88.19999999999993,3242.1,849.2,156.30000000000018,108.17647058823536,2752.294117647059,1319.235294117647,171.0,119.35714285714289,2763.214285714286,185.28571428571428,161.07142857142844,134.61538461538453,2642.3846153846152,1040.4615384615386,112.15384615384619,103.4545454545455,2712.7272727272725,816.0,133.0,125.0,2980.0,699.0,155.0,104.0,2994.0,1136.0,143.0,119.0,3069.0,728.0,136.0,98.81818181818187,2939.7272727272725,895.6363636363636,157.4545454545455,38.00000000000003,2875.0,244.66666666666666,39.0
806,97.39999999999998,2961.2,643.0,177.20000000000027,87.60000000000002,3243.8,850.6,156.39999999999964,108.47058823529414,2752.1176470588234,1317.2941176470588,172.0,120.57142857142858,2766.1428571428573,183.85714285714286,160.71428571428532,134.23076923076928,2637.769230769231,1043.923076923077,113.30769230769192,105.5454545454545,2712.2727272727275,814.0,131.0,126.0,2980.0,696.5,155.0,103.0,2991.3636363636365,1134.909090909091,143.36363636363603,119.0,3069.0,725.3,136.0,100.72727272727263,2943.090909090909,897.4545454545455,155.18181818181847,37.99999999999997,2879.0,244.83333333333334,39.0
807,95.29999999999995,2961.9,643.5,177.4000000000001,87.0,3245.5,852.0,156.5,108.76470588235293,2751.9411764705883,1315.3529411764705,173.0,121.7857142857143,2769.0714285714284,182.42857142857142,160.35714285714312,133.8461538461538,2633.153846153846,1047.3846153846155,114.46153846153857,107.63636363636363,2711.818181818182,812.0,129.0,127.0,2980.0,694.0,155.0,102.0,2988.7272727272725,1133.8181818181818,143.72727272727298,119.0,3069.0,722.6,136.0,102.63636363636363,2946.4545454545455,899.2727272727273,152.909090909091,38.0,2883.0,245.0,39.0
808,93.20000000000005,2962.6,644.0,177.5999999999999,86.39999999999998,3247.2,853.4,156.60000000000036,109.05882352941171,2751.764705882353,1313.4117647058824,174.0,123.0,2772.0,181.0,160.0,133.46153846153857,2628.5384615384614,1050.8461538461538,115.61538461538476,109.72727272727275,2711.3636363636365,810.0,127.0,128.0,2980.0,691.5,155.0,101.0,2986.090909090909,1132.7272727272727,144.090909090909,119.0,3069.0,719.9,136.0,104.5454545454545,2949.818181818182,901.0909090909091,150.6363636363635,37.99999999999997,2884.0,236.57142857142858,39.0
809,91.10000000000002,2963.3,644.5,177.79999999999973,85.80000000000007,3248.9,854.8,156.69999999999982,109.3529411764705,2751.5882352941176,1311.4705882352941,175.0,126.19999999999999,2771.8,179.2,160.0,133.0769230769231,2623.923076923077,1054.3076923076924,116.76923076923049,111.81818181818187,2710.909090909091,808.0,125.0,129.0,2980.0,689.0,155.0,100.0,2983.4545454545455,1131.6363636363637,144.4545454545455,119.0,3069.0,717.2,136.0,106.4545454545455,2953.181818181818,902.9090909090909,148.3636363636365,38.00000000000003,2885.0,228.14285714285714,39.0
810,89.0,2964.0,645.0,178.0,85.19999999999993,3250.6,856.2,156.80000000000018,109.6470588235295,2751.4117647058824,1309.5294117647059,176.0,129.4,2771.6,177.4,160.0,132.69230769230785,2619.3076923076924,1057.7692307692307,117.92307692307668,113.90909090909088,2710.4545454545455,806.0,123.0,125.55555555555554,2980.8888888888887,688.7777777777778,154.0,99.0,2980.818181818182,1130.5454545454545,144.81818181818153,119.0,3069.0,714.5,136.0,108.36363636363637,2956.5454545454545,904.7272727272727,146.090909090909,38.0,2886.0,219.71428571428572,39.0
811,90.0666666666666,2965.4,644.8666666666667,177.79999999999973,84.60000000000002,3252.3,857.6,156.89999999999964,109.94117647058829,2751.235294117647,1307.5882352941176,177.0,132.6,2771.4,175.6,160.0,132.30769230769215,2614.6923076923076,1061.2307692307693,119.07692307692332,116.0,2710.0,804.0,121.0,122.11111111111109,2981.777777777778,688.5555555555555,153.0,98.0,2978.181818181818,1129.4545454545455,145.18181818181847,119.0,3069.0,711.8,136.0,110.27272727272737,2959.909090909091,906.5454545454545,143.81818181818153,38.0,2887.0,211.28571428571428,39.0
812,91.13333333333333,2966.8,644.7333333333333,177.5999999999999,84.0,3254.0,859.0,157.0,110.23529411764707,2751.0588235294117,1305.6470588235295,178.0,135.8,2771.2,173.8,160.0,131.9230769230769,2610.076923076923,1064.6923076923076,120.23076923076951,114.71428571428567,2704.285714285714,806.4285714285714,121.14285714285734,118.66666666666663,2982.6666666666665,688.3333333333334,152.0,97.0,2975.5454545454545,1128.3636363636363,145.5454545454545,119.0,3069.0,709.1,136.0,112.18181818181813,2963.2727272727275,908.3636363636364,141.5454545454545,38.0,2888.0,202.85714285714286,39.0
813,92.19999999999993,2968.2,644.6,177.4000000000001,82.69999999999993,3254.0,860.6,158.30000000000018,110.52941176470586,2750.8823529411766,1303.7058823529412,179.0,139.0,2771.0,172.0,160.0,131.53846153846143,2605.4615384615386,1068.1538461538462,121.38461538461524,113.42857142857144,2698.5714285714284,808.8571428571429,121.28571428571422,115.22222222222229,2983.5555555555557,688.1111111111111,151.0,96.0,2972.909090909091,1127.2727272727273,145.909090909091,119.0,3069.0,706.4,136.0,114.09090909090912,2966.6363636363635,910.1818181818181,139.27272727272748,38.0,2889.0,194.42857142857144,39.0
814,93.26666666666665,2969.6,644.4666666666667,177.20000000000027,81.39999999999998,3254.0,862.2,159.5999999999999,110.82352941176464,2750.705882352941,1301.764705882353,180.0,139.81818181818178,2774.2727272727275,170.27272727272728,161.090909090909,131.1538461538462,2600.846153846154,1071.6153846153845,122.53846153846143,112.14285714285711,2692.8571428571427,811.2857142857143,121.42857142857156,111.77777777777771,2984.4444444444443,687.8888888888889,150.0,95.0,2970.2727272727275,1126.1818181818182,146.27272727272702,119.0,3069.0,703.7,136.0,116.0,2970.0,912.0,137.0,38.0,2890.0,186.0,39.0
815,94.33333333333326,2971.0,644.3333333333334,177.0,80.10000000000002,3254.0,863.8,160.9000000000001,111.11764705882365,2750.529411764706,1299.8235294117646,181.0,140.63636363636365,2777.5454545454545,168.54545454545453,162.18181818181802,130.76923076923072,2596.230769230769,1075.076923076923,123.69230769230808,110.85714285714289,2687.1428571428573,813.7142857142857,121.57142857142844,108.33333333333337,2985.3333333333335,687.6666666666666,149.0,94.0,2967.6363636363635,1125.090909090909,146.63636363636397,119.0,3069.0,701.0,136.0,113.69230769230774,2971.230769230769,915.4615384615385,137.0,38.0,2902.1428571428573,189.57142857142858,39.0
816,95.39999999999998,2972.4,644.2,176.79999999999973,78.80000000000007,3254.0,865.4,162.19999999999982,111.4117647058822,2750.3529411764707,1297.8823529411766,182.0,141.45454545454544,2780.818181818182,166.8181818181818,163.27272727272702,130.38461538461547,2591.6153846153848,1078.5384615384614,124.84615384615381,109.57142857142856,2681.4285714285716,816.1428571428571,121.71428571428578,104.88888888888891,2986.222222222222,687.4444444444445,148.0,93.0,2965.0,1124.0,147.0,119.0,3070.2631578947367,701.0526315789474,136.0,111.38461538461547,2972.4615384615386,918.9230769230769,137.0,38.0,2914.285714285714,193.14285714285714,39.0
817,96.46666666666658,2973.8,644.0666666666667,176.5999999999999,77.5,3254.0,867.0,163.5,111.70588235294122,2750.176470588235,1295.9411764705883,183.0,142.27272727272728,2784.090909090909,165.0909090909091,164.3636363636365,130.0,2587.0,1082.0,126.0,108.28571428571433,2675.714285714286,818.5714285714286,121.85714285714266,101.44444444444446,2987.1111111111113,687.2222222222222,147.0,94.21428571428555,2964.785714285714,1122.0714285714287,147.57142857142844,119.0,3071.5263157894738,701.1052631578947,136.0,109.07692307692321,2973.6923076923076,922.3846153846154,137.0,38.0,2926.4285714285716,196.71428571428572,39.0
818,97.53333333333342,2975.2,643.9333333333333,176.4000000000001,76.19999999999993,3254.0,868.6,164.80000000000018,112.0,2750.0,1294.0,184.0,143.09090909090907,2787.3636363636365,163.36363636363637,165.4545454545455,128.27272727272725,2585.818181818182,1086.0,124.81818181818153,107.0,2670.0,821.0,122.0,98.0,2988.0,687.0,146.0,95.42857142857156,2964.5714285714284,1120.142857142857,148.14285714285734,119.0,3072.7894736842104,701.1578947368421,136.0,106.76923076923072,2974.923076923077,925.8461538461538,137.0,38.0,2938.5714285714284,200.28571428571428,39.0
819,98.60000000000002,2976.6,643.8,176.20000000000027,74.89999999999998,3254.0,870.2,166.0999999999999,109.90909090909076,2758.818181818182,1293.4545454545455,181.81818181818153,143.90909090909093,2790.6363636363635,161.63636363636363,166.5454545454545,126.5454545454545,2584.6363636363635,1090.0,123.63636363636397,106.08333333333337,2664.6666666666665,823.0,123.41666666666697,97.45454545454538,2985.818181818182,686.7272727272727,147.0,96.64285714285711,2964.3571428571427,1118.2142857142858,148.71428571428578,119.0,3074.0526315789475,701.2105263157895,136.0,104.46153846153845,2976.153846153846,929.3076923076923,137.0,38.0,2950.714285714286,203.85714285714286,39.0
820,99.66666666666674,2978.0,643.6666666666666,176.0,73.60000000000002,3254.0,871.8,167.4000000000001,107.81818181818176,2767.6363636363635,1292.909090909091,179.63636363636397,144.72727272727272,2793.909090909091,159.9090909090909,167.6363636363635,124.81818181818176,2583.4545454545455,1094.0,122.4545454545455,105.16666666666663,2659.3333333333335,825.0,124.83333333333303,96.90909090909088,2983.6363636363635,686.4545454545455,148.0,97.85714285714289,2964.1428571428573,1116.2857142857142,149.28571428571422,119.0,3075.315789473684,701.2631578947369,136.0,102.15384615384619,2977.3846153846152,932.7692307692307,137.0,38.0,2962.8571428571427,207.42857142857142,39.0
821,100.73333333333335,2979.4,643.5333333333333,175.79999999999973,72.30000000000007,3254.0,873.4,168.69999999999982,105.72727272727275,2776.4545454545455,1292.3636363636363,177.4545454545455,145.54545454545456,2797.181818181818,158.1818181818182,168.72727272727298,123.09090909090901,2582.2727272727275,1098.0,121.27272727272702,104.25,2654.0,827.0,126.25,96.36363636363637,2981.4545454545455,686.1818181818181,149.0,99.07142857142844,2963.9285714285716,1114.357142857143,149.85714285714266,119.0,3076.5789473684213,701.3157894736842,136.0,99.84615384615381,2978.6153846153848,936.2307692307693,137.0,38.0,2975.0,211.0,39.0
822,101.80000000000007,2980.8,643.4,175.5999999999999,71.0,3254.0,875.0,170.0,103.63636363636374,2785.2727272727275,1291.8181818181818,175.27272727272702,146.36363636363637,2800.4545454545455,156.45454545454544,169.81818181818198,121.36363636363626,2581.090909090909,1102.0,120.09090909090901,103.33333333333337,2648.6666666666665,829.0,127.66666666666697,95.81818181818187,2979.2727272727275,685.9090909090909,150.0,100.28571428571445,2963.714285714286,1112.4285714285713,150.42857142857156,119.0,3077.842105263158,701.3684210526316,136.0,97.53846153846155,2979.846153846154,939.6923076923077,137.0,39.0,2994.6666666666665,225.5,40.0
823,102.86666666666667,2982.2,643.2666666666667,175.4000000000001,73.84615384615381,3255.769230769231,875.4615384615385,168.4615384615381,101.5454545454545,2794.090909090909,1291.2727272727273,173.090909090909,147.18181818181822,2803.7272727272725,154.72727272727272,170.909090909091,119.63636363636374,2579.909090909091,1106.0,118.90909090909099,102.41666666666663,2643.3333333333335,831.0,129.08333333333303,95.27272727272725,2977.090909090909,685.6363636363636,151.0,101.5,2963.5,1110.5,151.0,119.0,3079.1052631578946,701.421052631579,136.0,95.23076923076928,2981.076923076923,943.1538461538462,137.0,40.0,3014.3333333333335,240.0,41.0
824,103.9333333333334,2983.6,643.1333333333333,175.20000000000027,76.69230769230774,3257.5384615384614,875.9230769230769,166.92307692307713,99.4545454545455,2802.909090909091,1290.7272727272727,170.909090909091,148.0,2807.0,153.0,172.0,117.90909090909099,2578.7272727272725,1110.0,117.72727272727298,101.5,2638.0,833.0,130.5,94.72727272727275,2974.909090909091,685.3636363636364,152.0,102.71428571428555,2963.285714285714,1108.5714285714287,151.57142857142844,119.0,3080.3684210526317,701.4736842105264,136.0,92.92307692307679,2982.3076923076924,946.6153846153846,137.0,41.0,3034.0,254.5,42.0
825,105.0,2985.0,643.0,175.0,79.53846153846155,3259.3076923076924,876.3846153846154,165.38461538461524,97.36363636363626,2811.7272727272725,1290.1818181818182,168.72727272727298,147.16666666666669,2805.5,155.5,169.33333333333348,116.18181818181824,2577.5454545454545,1114.0,116.5454545454545,100.58333333333337,2632.6666666666665,835.0,131.91666666666697,94.18181818181813,2972.7272727272725,685.0909090909091,153.0,103.92857142857156,2963.0714285714284,1106.642857142857,152.14285714285734,119.0,3081.6315789473683,701.5263157894736,136.0,90.61538461538453,2983.5384615384614,950.0769230769231,137.0,42.0,3053.6666666666665,269.0,43.0
826,104.85714285714278,2991.0,646.8571428571429,168.0,82.38461538461547,3261.076923076923,876.8461538461538,163.84615384615427,95.27272727272725,2820.5454545454545,1289.6363636363637,166.5454545454545,146.33333333333331,2804.0,158.0,166.66666666666652,114.4545454545455,2576.3636363636365,1118.0,115.36363636363603,99.66666666666663,2627.3333333333335,837.0,133.33333333333303,93.63636363636363,2970.5454545454545,684.8181818181819,154.0,105.14285714285711,2962.8571428571427,1104.7142857142858,152.71428571428578,119.0,3082.8947368421054,701.578947368421,136.0,88.30769230769226,2984.769230769231,953.5384615384615,137.0,43.0,3073.3333333333335,283.5,44.0
827,104.71428571428578,2997.0,650.7142857142857,161.0,85.23076923076928,3262.846153846154,877.3076923076923,162.30769230769238,93.18181818181824,2829.3636363636365,1289.090909090909,164.36363636363603,145.5,2802.5,160.5,164.0,112.72727272727275,2575.181818181818,1122.0,114.18181818181847,98.75,2622.0,839.0,134.75,93.09090909090912,2968.3636363636365,684.5454545454545,155.0,106.35714285714289,2962.6428571428573,1102.7857142857142,153.28571428571422,119.0,3084.157894736842,701.6315789473684,136.0,86.0,2986.0,957.0,137.0,44.0,3093.0,298.0,45.0
828,104.57142857142856,3003.0,654.5714285714286,154.0,88.0769230769231,3264.6153846153848,877.7692307692307,160.7692307692305,91.09090909090924,2838.181818181818,1288.5454545454545,162.18181818181847,144.66666666666669,2801.0,163.0,161.33333333333348,111.0,2574.0,1126.0,113.0,97.83333333333337,2616.6666666666665,841.0,136.16666666666697,92.54545454545462,2966.181818181818,684.2727272727273,156.0,107.57142857142844,2962.4285714285716,1100.857142857143,153.85714285714266,119.0,3085.4210526315787,701.6842105263158,136.0,87.22222222222217,2986.4444444444443,959.1111111111111,139.66666666666697,44.0,3110.4,315.6,45.0
829,104.42857142857144,3009.0,658.4285714285714,147.0,90.9230769230769,3266.3846153846152,878.2307692307693,159.2307692307695,89.0,2847.0,1288.0,160.0,143.83333333333331,2799.5,165.5,158.66666666666652,108.09999999999991,2572.1,1130.5,113.30000000000018,96.91666666666663,2611.3333333333335,843.0,137.58333333333303,92.0,2964.0,684.0,157.0,108.78571428571445,2962.214285714286,1098.9285714285713,154.42857142857156,119.0,3086.684210526316,701.7368421052631,136.0,88.44444444444457,2986.8888888888887,961.2222222222222,142.33333333333348,44.0,3127.8,333.2,45.0
830,104.28571428571422,3015.0,662.2857142857143,140.0,93.76923076923072,3268.153846153846,878.6923076923077,157.69230769230762,90.0,2846.777777777778,1284.888888888889,164.11111111111086,143.0,2798.0,168.0,156.0,105.20000000000005,2570.2,1135.0,113.60000000000036,96.0,2606.0,845.0,139.0,94.60000000000002,2961.5,684.9,156.80000000000018,110.0,2962.0,1097.0,155.0,119.0,3087.9473684210525,701.7894736842105,136.0,89.66666666666663,2987.3333333333335,963.3333333333334,145.0,44.0,3145.2,350.8,45.0
831,104.14285714285722,3021.0,666.1428571428571,133.0,96.61538461538453,3269.923076923077,879.1538461538462,156.15384615384573,91.0,2846.5555555555557,1281.7777777777778,168.22222222222217,141.33333333333334,2796.5,166.41666666666666,155.41666666666652,102.29999999999995,2568.3,1139.5,113.89999999999964,96.0,2601.75,845.0833333333334,139.0,97.20000000000005,2959.0,685.8,156.5999999999999,108.5,2962.1,1098.9,155.4000000000001,119.0,3089.2105263157896,701.8421052631579,136.0,90.8888888888888,2987.777777777778,965.4444444444445,147.66666666666652,44.0,3162.6,368.4,45.0
832,104.0,3027.0,670.0,126.0,99.46153846153845,3271.6923076923076,879.6153846153846,154.61538461538476,92.0,2846.3333333333335,1278.6666666666667,172.33333333333303,139.66666666666666,2795.0,164.83333333333334,154.83333333333348,99.40000000000009,2566.4,1144.0,114.19999999999982,96.0,2597.5,845.1666666666666,139.0,99.79999999999995,2956.5,686.7,156.4000000000001,107.0,2962.2,1100.8,155.80000000000018,119.0,3090.4736842105262,701.8947368421053,136.0,92.1111111111112,2988.222222222222,967.5555555555555,150.33333333333348,44.0,3180.0,386.0,45.0
833,105.40000000000009,3026.7,678.3,134.10000000000036,102.30769230769226,3273.4615384615386,880.0769230769231,153.07692307692287,93.0,2846.1111111111113,1275.5555555555557,176.44444444444434,138.0,2793.5,163.25,154.25,96.5,2564.5,1148.5,114.5,96.0,2593.25,845.25,139.0,102.39999999999998,2954.0,687.6,156.19999999999982,105.5,2962.3,1102.7,156.19999999999982,119.0,3091.7368421052633,701.9473684210526,136.0,93.33333333333337,2988.6666666666665,969.6666666666666,153.0,44.0,3194.285714285714,407.7142857142857,45.0
834,106.79999999999995,3026.4,686.6,142.19999999999982,105.15384615384619,3275.230769230769,880.5384615384615,151.5384615384619,94.0,2845.8888888888887,1272.4444444444443,180.55555555555566,136.33333333333334,2792.0,161.66666666666666,153.66666666666652,93.59999999999991,2562.6,1153.0,114.80000000000018,96.0,2589.0,845.3333333333334,139.0,105.0,2951.5,688.5,156.0,104.0,2962.4,1104.6,156.5999999999999,119.0,3093.0,702.0,136.0,94.55555555555543,2989.1111111111113,971.7777777777778,155.66666666666652,44.0,3208.5714285714284,429.42857142857144,45.0
835,108.20000000000005,3026.1,694.9,150.30000000000018,108.0,3277.0,881.0,150.0,95.0,2845.6666666666665,1269.3333333333333,184.66666666666697,134.66666666666666,2790.5,160.08333333333334,153.08333333333348,90.70000000000005,2560.7,1157.5,115.10000000000036,96.0,2584.75,845.4166666666666,139.0,107.60000000000002,2949.0,689.4,155.80000000000018,102.5,2962.5,1106.5,157.0,117.89999999999998,3094.5,702.4,138.5999999999999,95.77777777777783,2989.5555555555557,973.8888888888889,158.33333333333303,44.0,3222.8571428571427,451.1428571428571,45.0
836,109.59999999999991,3025.8,703.2,158.39999999999964,106.79999999999995,3275.9,882.7,150.79999999999973,96.0,2845.4444444444443,1266.2222222222222,188.77777777777783,133.0,2789.0,158.5,152.5,87.79999999999995,2558.8,1162.0,115.39999999999964,96.0,2580.5,845.5,139.0,110.20000000000005,2946.5,690.3,155.5999999999999,101.0,2962.6,1108.4,157.4000000000001,116.80000000000007,3096.0,702.8,141.19999999999982,97.0,2990.0,976.0,161.0,44.00000000000006,3237.1428571428573,472.85714285714283,45.0
837,111.0,3025.5,711.5,166.5,105.60000000000002,3274.8,884.4,151.5999999999999,97.0,2845.222222222222,1263.111111111111,192.88888888888914,131.33333333333334,2787.5,156.91666666666666,151.91666666666652,84.90000000000009,2556.9,1166.5,115.69999999999982,96.0,2576.25,845.5833333333334,139.0,112.79999999999995,2944.0,691.2,155.4000000000001,99.5,2962.7,1110.3,157.80000000000018,115.69999999999993,3097.5,703.2,143.80000000000018,98.28571428571422,2994.1428571428573,980.1428571428571,158.57142857142844,44.0,3251.4285714285716,494.57142857142856,45.0
838,112.40000000000009,3025.2,719.8,174.60000000000036,104.39999999999998,3273.7,886.1,152.4000000000001,98.0,2845.0,1260.0,197.0,129.66666666666666,2786.0,155.33333333333334,151.33333333333348,82.0,2555.0,1171.0,116.0,96.0,2572.0,845.6666666666666,139.0,115.39999999999998,2941.5,692.1,155.19999999999982,98.0,2962.8,1112.2,158.19999999999982,114.60000000000002,3099.0,703.6,146.4000000000001,99.57142857142856,2998.285714285714,984.2857142857143,156.14285714285734,44.0,3265.714285714286,516.2857142857142,45.0
839,113.79999999999995,3024.9,728.1,182.69999999999982,103.20000000000005,3272.6,887.8,153.20000000000027,95.83333333333326,2860.5,1256.5,190.16666666666652,128.0,2784.5,153.75,150.75,84.63636363636374,2552.7272727272725,1173.090909090909,115.0,96.0,2567.75,845.75,139.0,118.0,2939.0,693.0,155.0,96.5,2962.9,1114.1,158.5999999999999,113.5,3100.5,704.0,149.0,100.85714285714278,3002.4285714285716,988.4285714285714,153.71428571428578,44.0,3280.0,538.0,45.0
840,115.20000000000005,3024.6,736.4,190.80000000000018,102.0,3271.5,889.5,154.0,93.66666666666674,2876.0,1253.0,183.33333333333348,126.33333333333334,2783.0,152.16666666666666,150.16666666666652,87.27272727272725,2550.4545454545455,1175.1818181818182,114.0,96.0,2563.5,845.8333333333334,139.0,116.70000000000005,2936.2,695.5,155.0,95.0,2963.0,1116.0,159.0,112.39999999999998,3102.0,704.4,151.5999999999999,102.14285714285722,3006.5714285714284,992.5714285714286,151.28571428571422,45.39999999999998,3288.2,561.0,46.40000000000009
841,116.59999999999991,3024.3,744.7,198.89999999999964,100.79999999999995,3270.4,891.2,154.79999999999973,91.5,2891.5,1249.5,176.5,124.66666666666666,2781.5,150.58333333333334,149.58333333333348,89.90909090909099,2548.181818181818,1177.2727272727273,113.0,96.0,2559.25,845.9166666666666,139.0,115.39999999999998,2933.4,698.0,155.0,93.15384615384619,2962.6923076923076,1118.1538461538462,157.2307692307695,111.30000000000007,3103.5,704.8,154.19999999999982,103.42857142857144,3010.714285714286,996.7142857142857,148.85714285714266,46.799999999999955,3296.4,584.0,47.79999999999973
842,118.0,3024.0,753.0,207.0,99.60000000000002,3269.3,892.9,155.5999999999999,89.33333333333326,2907.0,1246.0,169.66666666666652,123.0,2780.0,149.0,149.0,92.54545454545473,2545.909090909091,1179.3636363636363,112.0,96.0,2555.0,846.0,139.0,114.10000000000002,2930.6,700.5,155.0,91.30769230769215,2962.3846153846152,1120.3076923076924,155.46153846153857,110.19999999999993,3105.0,705.2,156.80000000000018,104.71428571428578,3014.8571428571427,1000.8571428571429,146.42857142857156,48.200000000000045,3304.6,607.0,49.20000000000027
843,122.85714285714289,3026.285714285714,758.1428571428571,204.28571428571422,98.39999999999998,3268.2,894.6,156.4000000000001,87.16666666666674,2922.5,1242.5,162.83333333333348,124.19999999999999,2780.1,145.0,145.80000000000018,95.18181818181824,2543.6363636363635,1181.4545454545455,111.0,95.46153846153845,2553.3846153846152,846.6923076923077,136.5384615384619,112.79999999999995,2927.8,703.0,155.0,89.46153846153834,2962.076923076923,1122.4615384615386,153.69230769230808,109.10000000000002,3106.5,705.6,159.4000000000001,106.0,3019.0,1005.0,144.0,49.60000000000002,3312.8,630.0,50.59999999999991
844,127.71428571428567,3028.5714285714284,763.2857142857143,201.5714285714289,97.20000000000005,3267.1,896.3,157.20000000000027,85.0,2938.0,1239.0,156.0,125.39999999999998,2780.2,141.0,142.60000000000036,97.81818181818176,2541.3636363636365,1183.5454545454545,110.0,94.9230769230769,2551.769230769231,847.3846153846154,134.07692307692287,111.5,2925.0,705.5,155.0,87.61538461538476,2961.769230769231,1124.6153846153845,151.92307692307668,108.0,3108.0,706.0,162.0,105.20000000000005,3020.2,1007.5,142.30000000000018,51.0,3321.0,653.0,52.0
845,132.57142857142856,3030.8571428571427,768.4285714285714,198.85714285714312,96.0,3266.0,898.0,158.0,86.33333333333326,2942.3333333333335,1233.0,160.83333333333303,126.60000000000002,2780.3,137.0,139.39999999999964,100.45454545454527,2539.090909090909,1185.6363636363637,109.0,94.38461538461536,2550.153846153846,848.0769230769231,131.61538461538476,110.20000000000005,2922.2,708.0,155.0,85.76923076923072,2961.4615384615386,1126.7692307692307,150.1538461538462,108.0,3107.5416666666665,705.9583333333334,162.0,104.40000000000009,3021.4,1010.0,140.5999999999999,51.0,3325.4,677.0,52.0
846,137.42857142857144,3033.1428571428573,773.5714285714286,196.14285714285688,96.0,3263.714285714286,899.4285714285714,158.0,87.66666666666674,2946.6666666666665,1227.0,165.66666666666697,127.80000000000001,2780.4,133.0,136.19999999999982,103.09090909090901,2536.818181818182,1187.7272727272727,108.0,93.84615384615392,2548.5384615384614,848.7692307692307,129.1538461538462,108.89999999999998,2919.4,710.5,155.0,83.9230769230769,2961.153846153846,1128.923076923077,148.38461538461524,108.0,3107.0833333333335,705.9166666666666,162.0,103.59999999999991,3022.6,1012.5,138.9000000000001,51.0,3329.8,701.0,52.0
847,142.28571428571433,3035.4285714285716,778.7142857142857,193.4285714285711,96.0,3261.4285714285716,900.8571428571429,158.0,89.0,2951.0,1221.0,170.5,129.0,2780.5,129.0,133.0,105.72727272727275,2534.5454545454545,1189.8181818181818,107.0,93.30769230769226,2546.923076923077,849.4615384615385,126.69230769230762,107.60000000000002,2916.6,713.0,155.0,82.0769230769231,2960.846153846154,1131.076923076923,146.61538461538476,108.0,3106.625,705.875,162.0,102.79999999999995,3023.8,1015.0,137.19999999999982,51.0,3334.2,725.0,52.0
848,147.1428571428571,3037.714285714286,783.8571428571429,190.71428571428578,96.0,3259.1428571428573,902.2857142857143,158.0,90.33333333333326,2955.3333333333335,1215.0,175.33333333333303,130.2,2780.6,125.0,129.80000000000018,108.36363636363626,2532.2727272727275,1191.909090909091,106.0,92.76923076923072,2545.3076923076924,850.1538461538462,124.23076923076906,106.29999999999995,2913.8,715.5,155.0,80.23076923076928,2960.5384615384614,1133.2307692307693,144.8461538461538,108.0,3106.1666666666665,705.8333333333334,162.0,102.0,3025.0,1017.5,135.5,51.0,3338.6,749.0,52.0
849,152.0,3040.0,789.0,188.0,96.0,3256.8571428571427,903.7142857142857,158.0,91.66666666666674,2959.6666666666665,1209.0,180.16666666666697,131.4,2780.7,121.0,126.60000000000036,111.0,2530.0,1194.0,105.0,92.23076923076928,2543.6923076923076,850.8461538461538,121.76923076923094,105.0,2911.0,718.0,155.0,78.38461538461524,2960.230769230769,1135.3846153846155,143.07692307692332,108.0,3105.7083333333335,705.7916666666666,162.0,101.20000000000005,3026.2,1020.0,133.80000000000018,51.0,3343.0,773.0,52.0
850,146.8571428571429,3042.5714285714284,794.4285714285714,180.14285714285734,96.0,3254.5714285714284,905.1428571428571,158.0,93.0,2964.0,1203.0,185.0,132.6,2780.8,117.0,123.39999999999964,109.75,2527.0,1195.25,106.5,91.69230769230774,2542.076923076923,851.5384615384615,119.30769230769238,103.79999999999995,2911.1,720.1,152.9000000000001,76.53846153846166,2959.923076923077,1137.5384615384614,141.30769230769192,108.0,3105.25,705.75,162.0,100.40000000000009,3027.4,1022.5,132.0999999999999,50.5,3343.75,796.75,52.0
851,141.71428571428567,3045.1428571428573,799.8571428571429,172.28571428571422,96.0,3252.285714285714,906.5714285714286,158.0,91.16666666666652,2975.8333333333335,1198.1666666666667,179.66666666666652,133.8,2780.9,113.0,120.19999999999982,108.5,2524.0,1196.5,108.0,91.15384615384608,2540.4615384615386,852.2307692307693,116.84615384615381,102.59999999999991,2911.2,722.2,150.80000000000018,74.69230769230785,2959.6153846153848,1139.6923076923076,139.53846153846143,108.0,3104.7916666666665,705.7083333333334,162.0,99.59999999999991,3028.6,1025.0,130.4000000000001,50.0,3344.5,820.5,52.0
852,136.57142857142856,3047.714285714286,805.2857142857143,164.42857142857156,96.0,3250.0,908.0,158.0,89.33333333333348,2987.6666666666665,1193.3333333333333,174.33333333333348,135.0,2781.0,109.0,117.0,107.25,2521.0,1197.75,109.5,90.61538461538464,2538.846153846154,852.9230769230769,114.38461538461524,101.40000000000009,2911.3,724.3,148.69999999999982,72.84615384615381,2959.3076923076924,1141.8461538461538,137.7692307692305,108.0,3104.3333333333335,705.6666666666666,162.0,98.79999999999995,3029.8,1027.5,128.69999999999982,49.5,3345.25,844.25,52.0
853,131.42857142857144,3050.285714285714,810.7142857142857,156.57142857142844,95.5,3249.1666666666665,909.0,157.0,87.5,2999.5,1188.5,169.0,131.44444444444446,2772.222222222222,105.55555555555556,120.22222222222217,106.0,2518.0,1199.0,111.0,90.0769230769231,2537.230769230769,853.6153846153846,111.92307692307713,100.20000000000005,2911.4,726.4,146.5999999999999,71.0,2959.0,1144.0,136.0,108.0,3103.875,705.625,162.0,98.0,3031.0,1030.0,127.0,49.0,3346.0,868.0,52.0
854,126.28571428571433,3052.8571428571427,816.1428571428571,148.71428571428578,95.0,3248.3333333333335,910.0,156.0,85.66666666666652,3011.3333333333335,1183.6666666666667,163.66666666666652,127.88888888888889,2763.4444444444443,102.11111111111111,123.44444444444434,104.75,2515.0,1200.25,112.5,89.53846153846155,2535.6153846153848,854.3076923076923,109.46153846153811,99.0,2911.5,728.5,144.5,73.11111111111109,2958.8888888888887,1145.2222222222222,135.0,108.0,3103.4166666666665,705.5833333333334,162.0,97.5454545454545,3031.3636363636365,1033.0,129.4545454545455,47.5,3344.0,891.75,51.75
855,121.14285714285711,3055.4285714285716,821.5714285714286,140.85714285714266,94.5,3247.5,911.0,155.0,83.83333333333348,3023.1666666666665,1178.8333333333333,158.33333333333348,124.33333333333333,2754.6666666666665,98.66666666666667,126.66666666666697,103.5,2512.0,1201.5,114.0,89.0,2534.0,855.0,107.0,97.79999999999995,2911.6,730.6,142.4000000000001,75.2222222222224,2958.777777777778,1146.4444444444443,134.0,108.0,3102.9583333333335,705.5416666666666,162.0,97.09090909090901,3031.7272727272725,1036.0,131.909090909091,46.0,3342.0,915.5,51.5
856,116.0,3058.0,827.0,133.0,94.0,3246.6666666666665,912.0,154.0,82.0,3035.0,1174.0,153.0,120.77777777777777,2745.8888888888887,95.22222222222223,129.88888888888914,102.25,2509.0,1202.75,115.5,90.30000000000007,2528.5,854.3,109.5,96.59999999999991,2911.7,732.7,140.30000000000018,77.33333333333326,2958.6666666666665,1147.6666666666667,133.0,108.0,3102.5,705.5,162.0,96.63636363636374,3032.090909090909,1039.0,134.3636363636365,44.5,3340.0,939.25,51.25
857,115.28571428571433,3058.4285714285716,829.0,136.0,93.5,3245.8333333333335,913.0,153.0,85.33333333333326,3044.1666666666665,1167.5,153.16666666666697,117.22222222222223,2737.1111111111113,91.77777777777777,133.11111111111086,101.0,2506.0,1204.0,117.0,91.60000000000002,2523.0,853.6,112.0,95.40000000000009,2911.8,734.8,138.19999999999982,79.44444444444434,2958.5555555555557,1148.888888888889,132.0,108.0,3102.0416666666665,705.4583333333334,162.0,96.18181818181824,3032.4545454545455,1042.0,136.81818181818198,43.0,3338.0,963.0,51.0
858,114.57142857142856,3058.8571428571427,831.0,139.0,93.0,3245.0,914.0,152.0,88.66666666666674,3053.3333333333335,1161.0,153.33333333333303,113.66666666666666,2728.3333333333335,88.33333333333334,136.33333333333303,100.55555555555543,2500.6666666666665,1206.6666666666667,118.0,92.89999999999998,2517.5,852.9,114.5,94.20000000000005,2911.9,736.9,136.0999999999999,81.55555555555566,2958.4444444444443,1150.111111111111,131.0,108.0,3101.5833333333335,705.4166666666666,162.0,95.72727272727275,3032.818181818182,1045.0,139.27272727272702,43.0,3347.222222222222,970.8888888888889,51.0
859,113.85714285714289,3059.285714285714,833.0,142.0,92.375,3240.625,916.5,154.375,92.0,3062.5,1154.5,153.5,110.11111111111111,2719.5555555555557,84.88888888888889,139.55555555555566,100.11111111111109,2495.3333333333335,1209.3333333333333,119.0,94.19999999999993,2512.0,852.2,117.0,93.0,2912.0,739.0,134.0,83.66666666666674,2958.3333333333335,1151.3333333333333,130.0,108.0,3101.125,705.375,162.0,95.27272727272725,3033.181818181818,1048.0,141.72727272727298,43.0,3356.4444444444443,978.7777777777778,51.0
860,113.14285714285711,3059.714285714286,835.0,145.0,91.75,3236.25,919.0,156.75,95.33333333333326,3071.6666666666665,1148.0,153.66666666666697,106.55555555555556,2710.777777777778,81.44444444444444,142.77777777777783,99.66666666666674,2490.0,1212.0,120.0,95.5,2506.5,851.5,119.5,94.15384615384619,2912.5384615384614,741.0769230769231,134.0,85.7777777777776,2958.222222222222,1152.5555555555557,129.0,108.0,3100.6666666666665,705.3333333333334,162.0,94.81818181818176,3033.5454545454545,1051.0,144.18181818181802,43.000000000000114,3365.6666666666665,986.6666666666666,51.0
861,112.42857142857144,3060.1428571428573,837.0,148.0,91.125,3231.875,921.5,159.125,98.66666666666674,3080.8333333333335,1141.5,153.83333333333303,103.0,2702.0,78.0,146.0,99.22222222222217,2484.6666666666665,1214.6666666666667,121.0,96.80000000000007,2501.0,850.8,122.0,95.30769230769226,2913.076923076923,743.1538461538462,134.0,87.88888888888891,2958.1111111111113,1153.7777777777778,128.0,108.0,3100.2083333333335,705.2916666666666,162.0,94.36363636363626,3033.909090909091,1054.0,146.6363636363635,43.000000000000114,3374.8888888888887,994.5555555555555,51.0
862,111.71428571428567,3060.5714285714284,839.0,151.0,90.5,3227.5,924.0,161.5,102.0,3090.0,1135.0,154.0,104.00000000000001,2699.714285714286,75.71428571428571,141.0,98.77777777777783,2479.3333333333335,1217.3333333333333,122.0,98.10000000000002,2495.5,850.1,124.5,96.46153846153845,2913.6153846153848,745.2307692307693,134.0,90.0,2958.0,1155.0,127.0,108.0,3099.75,705.25,162.0,93.90909090909099,3034.2727272727275,1057.0,149.090909090909,42.999999999999886,3384.1111111111113,1002.4444444444445,51.0
863,111.0,3061.0,841.0,154.0,89.875,3223.125,926.5,163.875,106.59999999999991,3091.8,1127.0,154.0,104.99999999999999,2697.4285714285716,73.42857142857143,136.0,98.33333333333326,2474.0,1220.0,123.0,99.39999999999998,2490.0,849.4,127.0,97.61538461538464,2914.153846153846,747.3076923076923,134.0,93.5454545454545,2955.818181818182,1154.7272727272727,127.4545454545455,108.0,3099.2916666666665,705.2083333333334,162.0,93.4545454545455,3034.6363636363635,1060.0,151.5454545454545,42.999999999999886,3393.3333333333335,1010.3333333333334,51.0
864,114.42857142857144,3060.5714285714284,842.8571428571429,154.71428571428578,89.25,3218.75,929.0,166.25,111.20000000000005,3093.6,1119.0,154.0,106.0,2695.1428571428573,71.14285714285714,131.0,97.88888888888891,2468.6666666666665,1222.6666666666667,124.0,100.69999999999993,2484.5,848.7,129.5,98.76923076923083,2914.6923076923076,749.3846153846154,134.0,97.09090909090901,2953.6363636363635,1154.4545454545455,127.90909090909099,108.0,3098.8333333333335,705.1666666666666,162.0,93.0,3035.0,1063.0,154.0,43.0,3402.5555555555557,1018.2222222222222,51.0
865,117.85714285714289,3060.1428571428573,844.7142857142857,155.4285714285711,88.625,3214.375,931.5,168.625,115.79999999999995,3095.4,1111.0,154.0,107.0,2692.8571428571427,68.85714285714286,126.0,97.44444444444457,2463.3333333333335,1225.3333333333333,125.0,102.0,2479.0,848.0,132.0,99.9230769230769,2915.230769230769,751.4615384615385,134.0,100.63636363636351,2951.4545454545455,1154.1818181818182,128.3636363636365,108.0,3098.375,705.125,162.0,95.42857142857156,3035.1428571428573,1063.142857142857,156.28571428571422,43.0,3411.777777777778,1026.111111111111,51.0
866,121.28571428571433,3059.714285714286,846.5714285714286,156.14285714285688,88.0,3210.0,934.0,171.0,120.40000000000009,3097.2,1103.0,154.0,108.00000000000001,2690.5714285714284,66.57142857142857,121.0,97.0,2458.0,1228.0,126.0,101.0,2477.875,847.0,130.125,101.0769230769231,2915.769230769231,753.5384615384615,134.0,104.18181818181802,2949.2727272727275,1153.909090909091,128.81818181818153,108.0,3097.9166666666665,705.0833333333334,162.0,97.85714285714289,3035.285714285714,1063.2857142857142,158.57142857142844,43.0,3421.0,1034.0,51.0
867,124.71428571428567,3059.285714285714,848.4285714285714,156.85714285714312,87.88888888888891,3210.3333333333335,935.6666666666666,168.77777777777783,125.0,3099.0,1095.0,154.0,108.99999999999999,2688.285714285714,64.28571428571429,116.0,97.30769230769238,2453.923076923077,1230.1538461538462,125.30769230769192,100.0,2476.75,846.0,128.25,102.23076923076917,2916.3076923076924,755.6153846153846,134.0,107.72727272727252,2947.090909090909,1153.6363636363637,129.27272727272748,108.0,3097.4583333333335,705.0416666666666,162.0,100.28571428571445,3035.4285714285716,1063.4285714285713,160.85714285714266,43.0,3420.5,1037.25,51.0
868,128.1428571428571,3058.8571428571427,850.2857142857143,157.5714285714289,87.77777777777771,3210.6666666666665,937.3333333333334,166.55555555555566,127.22222222222217,3100.3333333333335,1092.6666666666667,155.8888888888887,110.0,2686.0,62.0,111.0,97.61538461538453,2449.846153846154,1232.3076923076924,124.61538461538476,99.0,2475.625,845.0,126.375,103.38461538461536,2916.846153846154,757.6923076923077,134.0,111.27272727272748,2944.909090909091,1153.3636363636363,129.72727272727252,108.0,3097.0,705.0,162.0,102.71428571428555,3035.5714285714284,1063.5714285714287,163.14285714285734,43.0,3420.0,1040.5,51.0
869,131.57142857142856,3058.4285714285716,852.1428571428571,158.28571428571422,87.66666666666674,3211.0,939.0,164.33333333333348,129.44444444444457,3101.6666666666665,1090.3333333333333,157.77777777777783,111.5,2674.75,60.5,115.125,97.9230769230769,2445.769230769231,1234.4615384615386,123.92307692307668,98.0,2474.5,844.0,124.5,104.53846153846155,2917.3846153846152,759.7692307692307,134.0,114.81818181818198,2942.7272727272725,1153.090909090909,130.18181818181847,108.0,3096.75,703.5833333333334,160.25,105.14285714285711,3035.714285714286,1063.7142857142858,165.42857142857156,43.0,3419.5,1043.75,51.0
870,135.0,3058.0,854.0,159.0,87.55555555555554,3211.3333333333335,940.6666666666666,162.11111111111086,131.66666666666674,3103.0,1088.0,159.66666666666652,113.0,2663.5,59.0,119.25,98.23076923076928,2441.6923076923076,1236.6153846153845,123.23076923076951,97.0,2473.375,843.0,122.625,105.69230769230774,2917.923076923077,761.8461538461538,134.0,118.36363636363649,2940.5454545454545,1152.8181818181818,130.6363636363635,108.0,3096.5,702.1666666666666,158.5,107.57142857142844,3035.8571428571427,1063.857142857143,167.71428571428578,43.0,3419.0,1047.0,51.0
871,134.25,3056.75,856.5,157.25,87.44444444444446,3211.6666666666665,942.3333333333334,159.88888888888914,133.8888888888889,3104.3333333333335,1085.6666666666667,161.5555555555552,114.5,2652.25,57.5,123.375,98.53846153846166,2437.6153846153848,1238.7692307692307,122.53846153846143,96.0,2472.25,842.0,120.75,106.84615384615381,2918.4615384615386,763.9230769230769,134.0,121.90909090909099,2938.3636363636365,1152.5454545454545,131.090909090909,108.0,3096.25,700.75,156.75,110.0,3036.0,1064.0,170.0,43.0,3413.75,1055.25,51.0
872,133.5,3055.5,859.0,155.5,87.33333333333326,3212.0,944.0,157.66666666666652,136.1111111111111,3105.6666666666665,1083.3333333333333,163.4444444444448,116.0,2641.0,56.0,127.5,98.84615384615381,2433.5384615384614,1240.923076923077,121.84615384615381,95.0,2471.125,841.0,118.875,108.0,2919.0,766.0,134.0,125.4545454545455,2936.181818181818,1152.2727272727273,131.5454545454545,108.0,3096.0,699.3333333333334,155.0,106.55555555555566,3035.8888888888887,1065.4444444444443,165.66666666666697,43.0,3408.5,1063.5,51.0
873,132.75,3054.25,861.5,153.75,87.22222222222229,3212.3333333333335,945.6666666666666,155.44444444444434,138.33333333333326,3107.0,1081.0,165.33333333333348,117.5,2629.75,54.5,131.625,99.15384615384619,2429.4615384615386,1243.076923076923,121.15384615384619,94.0,2470.0,840.0,117.0,105.71428571428578,2920.285714285714,768.7142857142857,134.0,129.0,2934.0,1152.0,132.0,108.0,3095.75,697.9166666666666,153.25,103.11111111111109,3035.777777777778,1066.888888888889,161.33333333333348,43.0,3403.25,1071.75,51.0
874,132.0,3053.0,864.0,152.0,87.11111111111097,3212.6666666666665,947.3333333333334,153.22222222222217,140.55555555555543,3108.3333333333335,1078.6666666666667,167.22222222222217,119.0,2618.5,53.0,135.75,99.46153846153834,2425.3846153846152,1245.2307692307693,120.46153846153857,93.66666666666663,2465.8333333333335,841.25,119.08333333333303,103.42857142857144,2921.5714285714284,771.4285714285714,134.0,126.53846153846166,2931.6153846153848,1157.7692307692307,133.30769230769238,108.0,3095.5,696.5,151.5,99.66666666666674,3035.6666666666665,1068.3333333333333,157.0,43.0,3398.0,1080.0,51.0
875,129.58333333333337,3053.25,866.5,151.91666666666652,87.0,3213.0,949.0,151.0,142.77777777777783,3109.6666666666665,1076.3333333333333,169.1111111111113,120.5,2607.25,51.5,139.875,99.76923076923072,2421.3076923076924,1247.3846153846155,119.76923076923049,93.33333333333337,2461.6666666666665,842.5,121.16666666666697,101.14285714285722,2922.8571428571427,774.1428571428571,134.0,124.0769230769231,2929.230769230769,1163.5384615384614,134.61538461538476,108.0,3095.25,695.0833333333334,149.75,96.22222222222217,3035.5555555555557,1069.7777777777778,152.66666666666652,43.0,3388.5714285714284,1085.7142857142858,51.0
876,127.16666666666663,3053.5,869.0,151.83333333333348,86.28571428571422,3206.8571428571427,951.1428571428571,154.28571428571468,145.0,3111.0,1074.0,171.0,122.0,2596.0,50.0,144.0,100.0769230769231,2417.230769230769,1249.5384615384614,119.07692307692332,93.0,2457.5,843.75,123.25,98.85714285714278,2924.1428571428573,776.8571428571429,134.0,121.61538461538453,2926.846153846154,1169.3076923076924,135.92307692307713,108.0,3095.0,693.6666666666666,148.0,92.77777777777783,3035.4444444444443,1071.2222222222222,148.33333333333348,43.0,3379.1428571428573,1091.4285714285713,51.0
877,124.75,3053.75,871.5,151.75,85.57142857142856,3200.714285714286,953.2857142857143,157.57142857142844,136.20000000000005,3112.8,1082.8,168.79999999999973,119.83333333333331,2588.5,53.333333333333336,144.0,100.38461538461547,2413.153846153846,1251.6923076923076,118.38461538461524,92.66666666666663,2453.3333333333335,845.0,125.33333333333303,96.57142857142856,2925.4285714285716,779.5714285714286,134.0,119.15384615384619,2924.4615384615386,1175.076923076923,137.23076923076906,108.0,3094.75,692.25,146.25,89.33333333333326,3035.3333333333335,1072.6666666666667,144.0,43.0,3369.714285714286,1097.142857142857,51.0
878,122.33333333333337,3054.0,874.0,151.66666666666652,84.85714285714278,3194.5714285714284,955.4285714285714,160.85714285714312,127.40000000000009,3114.6,1091.6,166.5999999999999,117.66666666666669,2581.0,56.666666666666664,144.0,100.69230769230762,2409.076923076923,1253.8461538461538,117.69230769230808,92.33333333333337,2449.1666666666665,846.25,127.41666666666697,94.28571428571422,2926.714285714286,782.2857142857143,134.0,116.69230769230762,2922.076923076923,1180.8461538461538,138.5384615384619,108.0,3094.5,690.8333333333334,144.5,85.88888888888891,3035.222222222222,1074.111111111111,139.66666666666652,43.0,3360.285714285714,1102.857142857143,51.0
879,119.91666666666663,3054.25,876.5,151.58333333333348,84.14285714285722,3188.4285714285716,957.5714285714286,164.14285714285688,118.59999999999991,3116.4,1100.4,164.4000000000001,115.5,2573.5,60.0,144.0,101.0,2405.0,1256.0,117.0,92.0,2445.0,847.5,129.5,92.0,2928.0,785.0,134.0,114.23076923076928,2919.6923076923076,1186.6153846153845,139.8461538461538,108.0,3094.25,689.4166666666666,142.75,82.44444444444434,3035.1111111111113,1075.5555555555557,135.33333333333303,43.0,3350.8571428571427,1108.5714285714287,51.0
880,117.5,3054.5,879.0,151.5,83.42857142857144,3182.285714285714,959.7142857142857,167.42857142857156,109.79999999999995,3118.2,1109.2,162.20000000000027,113.33333333333333,2566.0,63.33333333333333,144.0,101.0,2403.9166666666665,1258.0833333333333,117.0,91.66666666666663,2440.8333333333335,848.75,131.58333333333303,93.27272727272725,2925.818181818182,788.0909090909091,135.90909090909054,111.76923076923072,2917.3076923076924,1192.3846153846155,141.1538461538462,108.0,3094.0,688.0,141.0,79.0,3035.0,1077.0,131.0,43.0,3341.4285714285716,1114.2857142857142,51.0
881,115.08333333333337,3054.75,881.5,151.41666666666652,82.71428571428578,3176.1428571428573,961.8571428571429,170.71428571428532,101.0,3120.0,1118.0,160.0,111.16666666666667,2558.5,66.66666666666667,144.0,101.0,2402.8333333333335,1260.1666666666667,117.0,91.33333333333337,2436.6666666666665,850.0,133.66666666666697,94.54545454545462,2923.6363636363635,791.1818181818181,137.81818181818198,109.30769230769238,2914.923076923077,1198.1538461538462,142.4615384615381,108.0,3093.3636363636365,685.3636363636364,141.0,78.90000000000009,3033.5,1078.3,132.5999999999999,43.0,3332.0,1120.0,51.0
882,112.66666666666663,3055.0,884.0,151.33333333333348,82.0,3170.0,964.0,174.0,101.0,3118.285714285714,1116.4285714285713,162.28571428571422,109.0,2551.0,70.0,144.0,101.0,2401.75,1262.25,117.0,91.0,2432.5,851.25,135.75,95.81818181818187,2921.4545454545455,794.2727272727273,139.72727272727252,106.84615384615381,2912.5384615384614,1203.923076923077,143.76923076923094,108.0,3092.7272727272725,682.7272727272727,141.0,78.80000000000018,3032.0,1079.6,134.19999999999982,43.799999999999955,3318.8,1125.0,49.79999999999973
883,110.25,3055.25,886.5,151.25,81.49999999999989,3170.3333333333335,967.3333333333334,171.5,101.0,3116.5714285714284,1114.857142857143,164.5714285714289,111.5,2546.625,70.625,142.875,101.0,2400.6666666666665,1264.3333333333333,117.0,90.66666666666663,2428.3333333333335,852.5,137.83333333333303,97.09090909090912,2919.2727272727275,797.3636363636364,141.6363636363635,104.38461538461547,2910.153846153846,1209.6923076923076,145.07692307692287,108.0,3092.090909090909,680.0909090909091,141.0,78.69999999999982,3030.5,1080.9,135.80000000000018,44.59999999999991,3305.6,1130.0,48.59999999999991
884,107.83333333333337,3055.5,889.0,151.16666666666652,81.00000000000011,3170.6666666666665,970.6666666666666,169.0,101.0,3114.8571428571427,1113.2857142857142,166.85714285714312,114.0,2542.25,71.25,141.75,101.0,2399.5833333333335,1266.4166666666667,117.0,90.33333333333337,2424.1666666666665,853.75,139.91666666666697,98.36363636363637,2917.090909090909,800.4545454545455,143.5454545454545,101.9230769230769,2907.769230769231,1215.4615384615386,146.38461538461524,108.0,3091.4545454545455,677.4545454545455,141.0,78.59999999999991,3029.0,1082.2,137.4000000000001,45.40000000000009,3292.4,1135.0,47.40000000000009
885,105.41666666666663,3055.75,891.5,151.08333333333348,80.5,3171.0,974.0,166.5,101.0,3113.1428571428573,1111.7142857142858,169.14285714285688,116.5,2537.875,71.875,140.625,101.0,2398.5,1268.5,117.0,90.0,2420.0,855.0,142.0,99.63636363636363,2914.909090909091,803.5454545454545,145.4545454545455,99.46153846153834,2905.3846153846152,1221.2307692307693,147.69230769230762,108.0,3090.818181818182,674.8181818181819,141.0,78.5,3027.5,1083.5,139.0,46.200000000000045,3279.2,1140.0,46.20000000000027
886,103.0,3056.0,894.0,151.0,79.99999999999989,3171.3333333333335,977.3333333333334,164.0,101.0,3111.4285714285716,1110.142857142857,171.4285714285711,119.0,2533.5,72.5,139.5,101.0,2397.4166666666665,1270.5833333333333,117.0,89.20000000000005,2419.2,857.8,138.5,100.90909090909088,2912.7272727272725,806.6363636363636,147.3636363636365,97.0,2903.0,1227.0,149.0,108.0,3090.181818181818,672.1818181818181,141.0,78.40000000000009,3026.0,1084.8,140.5999999999999,47.0,3266.0,1145.0,45.0
887,100.77777777777783,3053.777777777778,893.6666666666666,154.33333333333348,79.50000000000011,3171.6666666666665,980.6666666666666,161.5,101.0,3109.714285714286,1108.5714285714287,173.71428571428578,121.5,2529.125,73.125,138.375,101.0,2396.3333333333335,1272.6666666666667,117.0,88.39999999999998,2418.4,860.6,135.0,102.18181818181813,2910.5454545454545,809.7272727272727,149.27272727272748,96.0,2902.909090909091,1228.4545454545455,148.3636363636365,108.0,3089.5454545454545,669.5454545454545,141.0,78.30000000000018,3024.5,1086.1,142.19999999999982,47.0,3262.2,1145.2,45.0
888,98.55555555555554,3051.5555555555557,893.3333333333334,157.66666666666652,79.0,3172.0,984.0,159.0,101.0,3108.0,1107.0,176.0,124.0,2524.75,73.75,137.25,101.0,2395.25,1274.75,117.0,87.60000000000002,2417.6,863.4,131.5,103.45454545454538,2908.3636363636365,812.8181818181819,151.18181818181802,95.0,2902.818181818182,1229.909090909091,147.72727272727252,108.0,3088.909090909091,666.9090909090909,141.0,78.19999999999982,3023.0,1087.4,143.80000000000018,47.0,3258.4,1145.4,45.0
889,96.33333333333337,3049.3333333333335,893.0,161.0,80.10000000000002,3167.4,984.6,161.4000000000001,104.20000000000005,3107.8,1102.0,174.79999999999973,126.5,2520.375,74.375,136.125,101.0,2394.1666666666665,1276.8333333333333,117.0,86.79999999999995,2416.8,866.2,128.0,104.72727272727275,2906.181818181818,815.9090909090909,153.09090909090946,94.0,2902.7272727272725,1231.3636363636363,147.09090909090946,108.0,3088.2727272727275,664.2727272727273,141.0,78.09999999999991,3021.5,1088.7,145.4000000000001,47.0,3254.6,1145.6,45.0
890,94.1111111111112,3047.1111111111113,892.6666666666666,164.33333333333303,81.20000000000005,3162.8,985.2,163.79999999999973,107.40000000000009,3107.6,1097.0,173.5999999999999,129.0,2516.0,75.0,135.0,101.0,2393.0833333333335,1278.9166666666667,117.0,86.0,2416.0,869.0,124.5,106.0,2904.0,819.0,155.0,93.0,2902.6363636363635,1232.8181818181818,146.4545454545455,108.0,3087.6363636363635,661.6363636363636,141.0,78.0,3020.0,1090.0,147.0,47.0,3250.8,1145.8,45.0
891,91.8888888888888,3044.8888888888887,892.3333333333334,167.66666666666697,82.29999999999995,3158.2,985.8,166.20000000000027,110.59999999999991,3107.4,1092.0,172.4000000000001,126.28571428571428,2513.1428571428573,83.14285714285714,132.85714285714266,101.0,2392.0,1281.0,117.0,85.20000000000005,2415.2,871.8,121.0,103.85714285714278,2902.714285714286,823.8571428571429,155.0,92.0,2902.5454545454545,1234.2727272727273,145.81818181818198,108.0,3087.0,659.0,141.0,86.625,3018.0,1089.375,149.875,47.0,3247.0,1146.0,45.0
892,89.66666666666663,3042.6666666666665,892.0,171.0,83.39999999999998,3153.6,986.4,168.5999999999999,113.79999999999995,3107.2,1087.0,171.20000000000027,123.57142857142858,2510.285714285714,91.28571428571428,130.71428571428578,101.70000000000005,2393.6,1284.3,117.90000000000009,84.39999999999998,2414.4,874.6,117.5,101.71428571428578,2901.4285714285716,828.7142857142857,155.0,91.0,2902.4545454545455,1235.7272727272727,145.18181818181802,108.0,3087.0,659.0,141.0,95.25,3016.0,1088.75,152.75,47.0,3242.1666666666665,1144.6666666666667,45.0
893,87.44444444444446,3040.4444444444443,891.6666666666666,174.33333333333348,84.5,3149.0,987.0,171.0,117.0,3107.0,1082.0,170.0,120.85714285714285,2507.4285714285716,99.42857142857143,128.57142857142844,102.40000000000009,2395.2,1287.6,118.80000000000018,83.60000000000002,2413.6,877.4,114.0,99.57142857142856,2900.1428571428573,833.5714285714286,155.0,90.0,2902.3636363636365,1237.1818181818182,144.5454545454545,108.0,3087.0,659.0,141.0,103.875,3014.0,1088.125,155.625,47.0,3237.3333333333335,1143.3333333333333,45.0
894,85.22222222222217,3038.222222222222,891.3333333333334,177.66666666666652,85.60000000000002,3144.4,987.6,173.4000000000001,118.40000000000009,3106.8,1080.6,161.39999999999964,118.14285714285715,2504.5714285714284,107.57142857142857,126.42857142857156,103.09999999999991,2396.8,1290.9,119.69999999999982,82.79999999999995,2412.8,880.2,110.5,97.42857142857144,2898.8571428571427,838.4285714285714,155.0,89.0,2902.2727272727275,1238.6363636363637,143.90909090909054,108.0,3087.0,659.0,141.0,112.5,3012.0,1087.5,158.5,47.0,3232.5,1142.0,45.0
895,83.0,3036.0,891.0,181.0,86.70000000000005,3139.8,988.2,175.79999999999973,119.79999999999995,3106.6,1079.2,152.80000000000018,115.42857142857142,2501.714285714286,115.71428571428572,124.28571428571422,103.79999999999995,2398.4,1294.2,120.59999999999991,82.0,2412.0,883.0,107.0,95.28571428571422,2897.5714285714284,843.2857142857143,155.0,88.0,2902.181818181818,1240.090909090909,143.27272727272748,108.0,3087.0,659.0,141.0,121.125,3010.0,1086.875,161.375,47.0,3227.6666666666665,1140.6666666666667,45.0
896,86.33333333333337,3037.3333333333335,892.1666666666666,185.5,87.79999999999995,3135.2,988.8,178.20000000000027,121.20000000000005,3106.4,1077.8,144.19999999999982,112.7142857142857,2498.8571428571427,123.85714285714286,122.14285714285734,104.5,2400.0,1297.5,121.5,88.5,2408.1666666666665,883.5,106.33333333333348,93.14285714285722,2896.285714285714,848.1428571428571,155.0,87.0,2902.090909090909,1241.5454545454545,142.6363636363635,108.0,3087.0,659.0,141.0,129.75,3008.0,1086.25,164.25,47.0,3222.8333333333335,1139.3333333333333,45.0
897,89.66666666666663,3038.6666666666665,893.3333333333334,190.0,88.89999999999998,3130.6,989.4,180.5999999999999,122.59999999999991,3106.2,1076.4,135.60000000000036,110.0,2496.0,132.0,120.0,105.20000000000005,2401.6,1300.8,122.40000000000009,95.0,2404.3333333333335,884.0,105.66666666666652,91.0,2895.0,853.0,155.0,86.0,2902.0,1243.0,142.0,108.0,3087.0,659.0,141.0,138.375,3006.0,1085.625,167.125,47.0,3218.0,1138.0,45.0
898,93.0,3040.0,894.5,194.5,90.0,3126.0,990.0,183.0,124.0,3106.0,1075.0,127.0,110.0,2493.75,138.75,120.0,105.90000000000009,2403.2,1304.1,123.30000000000018,101.5,2400.5,884.5,105.0,91.0,2896.5,856.5,155.0,85.75,2902.75,1246.75,143.0,108.0,3087.0,659.0,141.0,147.0,3004.0,1085.0,170.0,44.25,3210.5,1136.5,43.25
899,96.33333333333337,3041.3333333333335,895.6666666666666,199.0,90.0,3126.0,990.0,183.0,123.33333333333348,3102.0,1077.3333333333333,131.0,110.0,2491.5,145.5,120.0,106.59999999999991,2404.8,1307.4,124.19999999999982,108.0,2396.6666666666665,885.0,104.33333333333348,91.0,2898.0,860.0,155.0,85.5,2903.5,1250.5,144.0,108.0,3087.0,659.0,141.0,144.33333333333348,3008.6666666666665,1086.3333333333333,170.0,41.5,3203.0,1135.0,41.5
900,99.66666666666663,3042.6666666666665,896.8333333333334,203.5,90.0,3126.0,990.0,183.0,122.66666666666652,3098.0,1079.6666666666667,135.0,110.0,2489.25,152.25,120.0,107.29999999999995,2406.4,1310.7,125.09999999999991,114.5,2392.8333333333335,885.5,103.66666666666652,91.0,2899.5,863.5,155.0,85.25,2904.25,1254.25,145.0,108.0,3087.0,659.0,141.0,141.66666666666652,3013.3333333333335,1087.6666666666667,170.0,38.75,3195.5,1133.5,39.75
901,103.0,3044.0,898.0,208.0,90.0,3126.0,990.0,183.0,122.0,3094.0,1082.0,139.0,110.0,2487.0,159.0,120.0,108.0,2408.0,1314.0,126.0,121.0,2389.0,886.0,103.0,91.0,2901.0,867.0,155.0,85.0,2905.0,1258.0,146.0,108.0,3087.0,659.0,141.0,139.0,3018.0,1089.0,170.0,36.0,3188.0,1132.0,38.0
