TeamID,0,0,0,0,0,0,0,0,0,0,0,0,0,0,0,0,0,0,0,0,1,1,1,1,1,1,1,1,1,1,1,1,1,1,1,1,1,1,1,1,BALL,BALL,BALL,BALL
PlayerID,1,1,1,1,2,2,2,2,3,3,3,3,4,4,4,4,5,5,5,5,0,0,0,0,1,1,1,1,2,2,2,2,3,3,3,3,4,4,4,4,BALL,BALL,BALL,BALL
Attributes,bb_height,bb_left,bb_top,bb_width,bb_height,bb_left,bb_top,bb_width,bb_height,bb_left,bb_top,bb_width,bb_height,bb_left,bb_top,bb_width,bb_height,bb_left,bb_top,bb_width,bb_height,bb_left,bb_top,bb_width,bb_height,bb_left,bb_top,bb_width,bb_height,bb_left,bb_top,bb_width,bb_height,bb_left,bb_top,bb_width,bb_height,bb_left,bb_top,bb_width,bb_height,bb_left,bb_top,bb_width
frame,,,,,,,,,,,,,,,,,,,,,,,,,,,,,,,,,,,,,,,,,,,,
1,85.0,2350.0,785.0,140.0,91.0,2561.0,1578.0,150.0,96.0,3070.0,641.0,160.0,84.0,3260.0,1452.0,156.0,94.0,2469.0,1176.0,120.0,112.0,2598.0,1225.0,154.0,106.0,3091.0,797.0,144.0,95.0,3090.0,1358.0,128.0,89.0,3206.0,1147.0,123.0,81.0,2807.0,1021.0,123.0,28.0,2538.0,1189.0,27.0
2,86.5,2357.0,783.8333333333334,143.66666666666652,92.66666666666674,2561.4444444444443,1578.3333333333333,147.1111111111113,96.0,3058.0,639.5,165.5,90.39999999999986,3261.8,1444.4,156.0,94.0,2468.4166666666665,1176.0,120.58333333333348,114.0,2598.0,1223.0,152.75,107.125,3091.375,793.875,146.875,95.0,3087.25,1357.8333333333333,130.33333333333348,89.0,3206.5555555555557,1146.7777777777778,123.0,81.0,2807.25,1019.55,124.30000000000018,28.0,2538.0,1190.0,27.0
3,88.0,2364.0,782.6666666666666,147.33333333333348,94.33333333333326,2561.8888888888887,1578.6666666666667,144.22222222222263,96.0,3046.0,638.0,171.0,96.79999999999995,3263.6,1436.8,156.0,94.0,2467.8333333333335,1176.0,121.16666666666652,116.0,2598.0,1221.0,151.5,108.25,3091.75,790.75,149.75,95.0,3084.5,1357.6666666666667,132.66666666666652,89.0,3207.1111111111113,1146.5555555555557,123.0,80.99999999999989,2807.5,1018.1,125.59999999999991,28.0,2538.0,1191.0,27.0
4,89.5,2371.0,781.5,151.0,96.0,2562.3333333333335,1579.0,141.33333333333303,96.0,3034.0,636.5,176.5,103.20000000000005,3265.4,1429.2,156.0,94.0,2467.25,1176.0,121.75,118.0,2598.0,1219.0,150.25,109.375,3092.125,787.625,152.625,95.0,3081.75,1357.5,135.0,89.0,3207.6666666666665,1146.3333333333333,123.0,81.00000000000011,2807.75,1016.65,126.90000000000009,28.0,2538.0,1192.0,27.0
5,91.0,2378.0,780.3333333333334,154.66666666666652,97.66666666666674,2562.777777777778,1579.3333333333333,138.44444444444434,96.0,3022.0,635.0,182.0,109.60000000000014,3267.2,1421.6,156.0,94.0,2466.6666666666665,1176.0,122.33333333333348,120.0,2598.0,1217.0,149.0,110.5,3092.5,784.5,155.5,95.0,3079.0,1357.3333333333333,137.33333333333348,89.0,3208.222222222222,1146.111111111111,123.0,81.0,2808.0,1015.2,128.19999999999982,28.0,2540.0,1195.3333333333333,27.0
6,92.5,2385.0,779.1666666666666,158.33333333333348,99.33333333333326,2563.222222222222,1579.6666666666667,135.55555555555566,96.0,3010.0,633.5,187.5,116.0,3269.0,1414.0,156.0,94.0,2466.0833333333335,1176.0,122.91666666666652,122.0,2598.0,1215.0,147.75,111.625,3092.875,781.375,158.375,95.0,3076.25,1357.1666666666667,139.66666666666652,89.0,3208.777777777778,1145.888888888889,123.0,81.0,2808.25,1013.75,129.5,28.0,2542.0,1198.6666666666667,27.0
7,94.0,2392.0,778.0,162.0,101.0,2563.6666666666665,1580.0,132.66666666666697,96.0,2998.0,632.0,193.0,116.75,3270.75,1412.0,156.0,94.0,2465.5,1176.0,123.5,124.0,2598.0,1213.0,146.5,112.75,3093.25,778.25,161.25,95.0,3073.5,1357.0,142.0,89.0,3209.3333333333335,1145.6666666666667,123.0,81.0,2808.5,1012.3,130.80000000000018,28.0,2544.0,1202.0,27.0
8,100.0,2396.6666666666665,774.0,168.33333333333348,102.66666666666674,2564.1111111111113,1580.3333333333333,129.77777777777737,96.0,2994.3333333333335,630.3333333333334,191.5555555555552,117.5,3272.5,1410.0,156.0,94.0,2464.9166666666665,1176.0,124.08333333333348,126.0,2598.0,1211.0,145.25,113.875,3093.625,775.125,164.125,95.0,3070.75,1356.8333333333333,144.33333333333348,89.0,3209.8888888888887,1145.4444444444443,123.0,80.99999999999989,2808.75,1010.85,132.0999999999999,28.0,2542.0,1205.6666666666667,27.0
9,106.0,2401.3333333333335,770.0,174.66666666666652,104.33333333333326,2564.5555555555557,1580.6666666666667,126.88888888888869,96.0,2990.6666666666665,628.6666666666666,190.1111111111113,118.25,3274.25,1408.0,156.0,94.0,2464.3333333333335,1176.0,124.66666666666652,128.0,2598.0,1209.0,144.0,115.0,3094.0,772.0,167.0,95.0,3068.0,1356.6666666666667,146.66666666666652,89.0,3210.4444444444443,1145.2222222222222,123.0,81.00000000000011,2809.0,1009.4,133.4000000000001,28.0,2540.0,1209.3333333333333,27.0
10,112.0,2406.0,766.0,181.0,106.0,2565.0,1581.0,124.0,96.0,2987.0,627.0,188.66666666666652,119.0,3276.0,1406.0,156.0,94.0,2463.75,1176.0,125.25,131.0,2597.8,1210.2,141.5999999999999,117.28571428571433,3093.8571428571427,768.7142857142857,167.0,95.0,3065.25,1356.5,149.0,89.0,3211.0,1145.0,123.0,81.0,2809.25,1007.95,134.69999999999982,28.0,2538.0,1213.0,27.0
11,113.0,2419.5,766.5,178.0,107.0,2565.375,1581.25,127.25,96.0,2983.3333333333335,625.3333333333334,187.22222222222217,115.88888888888869,3278.6666666666665,1405.5555555555557,156.0,94.0,2463.1666666666665,1176.0,125.83333333333348,134.0,2597.6,1211.4,139.20000000000027,119.57142857142856,3093.714285714286,765.4285714285714,167.0,95.0,3062.5,1356.3333333333333,151.33333333333348,90.27777777777783,3211.0,1143.7222222222222,123.0,81.0,2809.5,1006.5,136.0,28.0,2537.0,1214.6666666666667,27.0
12,114.0,2433.0,767.0,175.0,108.0,2565.75,1581.5,130.5,96.0,2979.6666666666665,623.6666666666666,185.77777777777783,112.77777777777783,3281.3333333333335,1405.111111111111,156.0,94.0,2462.5833333333335,1176.0,126.41666666666652,137.0,2597.4,1212.6,136.79999999999973,121.85714285714289,3093.5714285714284,762.1428571428571,167.0,95.0,3059.75,1356.1666666666667,153.66666666666652,91.55555555555566,3211.0,1142.4444444444443,123.0,81.0,2809.75,1005.05,137.30000000000018,28.0,2536.0,1216.3333333333333,27.0
13,115.0,2446.5,767.5,172.0,109.0,2566.125,1581.75,133.75,96.0,2976.0,622.0,184.33333333333348,109.66666666666652,3284.0,1404.6666666666667,156.0,94.0,2462.0,1176.0,127.0,140.0,2597.2,1213.8,134.4000000000001,124.14285714285711,3093.4285714285716,758.8571428571429,167.0,95.0,3057.0,1356.0,156.0,92.83333333333326,3211.0,1141.1666666666667,123.0,80.99999999999989,2810.0,1003.6,138.5999999999999,28.0,2535.0,1218.0,27.0
14,116.0,2460.0,768.0,169.0,110.0,2566.5,1582.0,137.0,96.0,2972.3333333333335,620.3333333333334,182.8888888888887,106.55555555555566,3286.6666666666665,1404.2222222222222,156.0,94.0,2452.0,1176.0,137.0,143.0,2597.0,1215.0,132.0,126.42857142857144,3093.285714285714,755.5714285714286,167.0,95.0,3055.5,1357.5,156.0,94.11111111111109,3211.0,1139.888888888889,123.0,81.00000000000011,2810.25,1002.15,139.9000000000001,28.0,2530.0,1220.0,27.0
15,113.0,2468.5,767.25,172.75,111.0,2566.875,1582.25,140.25,96.0,2968.6666666666665,618.6666666666666,181.4444444444448,103.44444444444434,3289.3333333333335,1403.7777777777778,156.0,94.0,2442.0,1176.0,147.0,139.25,2596.75,1221.5,130.5,128.71428571428567,3093.1428571428573,752.2857142857143,167.0,95.0,3054.0,1359.0,156.0,95.38888888888891,3211.0,1138.611111111111,123.0,81.0,2810.5,1000.7,141.19999999999982,28.0,2525.0,1222.0,27.0
16,110.0,2477.0,766.5,176.5,112.0,2567.25,1582.5,143.5,96.0,2965.0,617.0,180.0,100.33333333333348,3292.0,1403.3333333333333,156.0,94.0,2432.0,1176.0,157.0,135.5,2596.5,1228.0,129.0,131.0,3093.0,749.0,167.0,95.0,3052.5,1360.5,156.0,96.66666666666674,3211.0,1137.3333333333333,123.0,81.0,2810.75,999.25,142.5,28.0,2520.0,1224.0,27.0
17,107.0,2485.5,765.75,180.25,113.0,2567.625,1582.75,146.75,96.0,2957.3333333333335,615.6666666666666,178.83333333333303,97.22222222222217,3294.6666666666665,1402.888888888889,156.0,94.0,2422.0,1176.0,167.0,131.75,2596.25,1234.5,127.5,129.4666666666667,3093.0,750.5333333333333,166.4666666666667,95.0,3051.0,1362.0,156.0,97.94444444444434,3211.0,1136.0555555555557,123.0,81.0,2811.0,997.8,143.80000000000018,28.0,2507.3333333333335,1229.0,27.0
18,104.0,2494.0,765.0,184.0,114.0,2568.0,1583.0,150.0,96.0,2949.6666666666665,614.3333333333334,177.66666666666697,94.11111111111131,3297.3333333333335,1402.4444444444443,156.0,95.0,2416.6666666666665,1176.1666666666667,167.0,128.0,2596.0,1241.0,126.0,127.93333333333328,3093.0,752.0666666666667,165.9333333333334,95.0,3049.5,1363.5,156.0,99.22222222222217,3211.0,1134.7777777777778,123.0,80.99999999999989,2811.25,996.35,145.0999999999999,28.0,2494.6666666666665,1234.0,27.0
19,101.0,2505.3333333333335,764.6666666666666,185.0,114.0,2570.5,1589.5,150.0,96.0,2942.0,613.0,176.5,91.0,3300.0,1402.0,156.0,96.0,2411.3333333333335,1176.3333333333333,167.0,128.0,2593.5,1244.25,126.0,126.39999999999998,3093.0,753.6,165.4000000000001,95.0,3048.0,1365.0,156.0,100.5,3211.0,1133.5,123.0,81.00000000000011,2811.5,994.9,146.4000000000001,28.0,2482.0,1239.0,27.0
20,98.0,2516.6666666666665,764.3333333333334,186.0,114.0,2573.0,1596.0,150.0,96.0,2934.3333333333335,611.6666666666666,175.33333333333303,94.66666666666652,3301.0,1396.6666666666667,156.0,97.0,2406.0,1176.5,167.0,128.0,2591.0,1247.5,126.0,124.86666666666667,3093.0,755.1333333333333,164.8666666666668,95.0,3046.5,1366.5,156.0,101.77777777777783,3211.0,1132.2222222222222,123.0,81.0,2811.75,993.45,147.69999999999982,28.0,2476.0,1244.3333333333333,27.0
21,95.0,2528.0,764.0,187.0,112.75,2577.875,1599.75,147.125,96.0,2926.6666666666665,610.3333333333334,174.16666666666697,98.33333333333348,3302.0,1391.3333333333333,156.0,98.0,2400.6666666666665,1176.6666666666667,167.0,128.0,2588.5,1250.75,126.0,123.33333333333337,3093.0,756.6666666666666,164.33333333333348,95.0,3045.0,1368.0,156.0,103.05555555555566,3211.0,1130.9444444444443,123.0,81.0,2812.0,992.0,149.0,28.0,2470.0,1249.6666666666667,27.0
22,91.66666666666663,2550.0,762.0,171.33333333333348,111.5,2582.75,1603.5,144.25,96.0,2919.0,609.0,173.0,102.0,3303.0,1386.0,156.0,99.0,2395.3333333333335,1176.8333333333333,167.0,128.0,2586.0,1254.0,126.0,121.79999999999995,3093.0,758.2,163.80000000000018,95.0,3043.5,1369.5,156.0,104.33333333333326,3211.0,1129.6666666666667,123.0,81.0,2811.25,988.25,148.25,28.0,2464.0,1255.0,27.0
23,88.33333333333337,2572.0,760.0,155.66666666666652,110.25,2587.625,1607.25,141.375,96.65714285714284,2914.114285714286,607.9142857142857,172.85714285714266,99.80000000000018,3304.0,1386.6,156.0,100.0,2390.0,1177.0,167.0,128.0,2583.5,1257.25,126.0,120.26666666666665,3093.0,759.7333333333333,163.26666666666688,95.0,3042.0,1371.0,156.0,105.61111111111109,3211.0,1128.388888888889,123.0,81.0,2810.5,984.5,147.5,28.0,2460.3333333333335,1259.3333333333333,27.0
24,85.0,2594.0,758.0,140.0,109.0,2592.5,1611.0,138.5,97.31428571428569,2909.2285714285713,606.8285714285714,172.71428571428578,97.59999999999991,3305.0,1387.2,156.0,105.25,2390.0,1177.0,163.5,128.0,2581.0,1260.5,126.0,118.73333333333335,3093.0,761.2666666666667,162.73333333333312,95.0,3040.1,1372.3,156.0,106.88888888888891,3211.0,1127.111111111111,123.0,81.0,2809.75,980.75,146.75,28.0,2456.6666666666665,1263.6666666666667,27.0
25,85.0,2613.0,763.0,140.0,107.75,2597.375,1614.75,135.625,97.97142857142853,2904.342857142857,605.7428571428571,172.57142857142844,95.40000000000009,3306.0,1387.8,156.0,110.5,2390.0,1177.0,160.0,128.0,2578.5,1263.75,126.0,117.20000000000005,3093.0,762.8,162.19999999999982,95.0,3038.2,1373.6,156.0,108.16666666666674,3211.0,1125.8333333333333,123.0,81.0,2809.0,977.0,146.0,28.0,2453.0,1268.0,27.0
26,85.75,2617.75,760.25,146.5,106.5,2602.25,1618.5,132.75,98.62857142857149,2899.457142857143,604.6571428571428,172.4285714285711,93.19999999999982,3307.0,1388.4,156.0,115.75,2390.0,1177.0,156.5,128.0,2576.0,1267.0,126.0,115.66666666666663,3093.0,764.3333333333334,161.66666666666652,95.0,3036.3,1374.9,156.0,109.44444444444434,3211.0,1124.5555555555557,123.0,81.00000000000011,2810.6666666666665,974.6666666666666,145.16666666666697,28.0,2451.0,1271.0,27.0
27,86.5,2622.5,757.5,153.0,105.25,2607.125,1622.25,129.875,99.28571428571433,2894.5714285714284,603.5714285714286,172.28571428571422,91.0,3308.0,1389.0,156.0,121.0,2390.0,1177.0,153.0,128.0,2575.3333333333335,1267.4444444444443,126.0,114.13333333333333,3093.0,765.8666666666667,161.1333333333332,95.0,3034.4,1376.2,156.0,110.72222222222217,3211.0,1123.2777777777778,123.0,80.99999999999989,2812.3333333333335,972.3333333333334,144.33333333333303,28.0,2449.0,1274.0,27.0
28,87.25,2627.25,754.75,159.5,104.0,2612.0,1626.0,127.0,99.94285714285718,2889.6857142857143,602.4857142857143,172.14285714285734,91.0,3308.9375,1388.75,156.0,121.0,2385.6666666666665,1179.5,153.0,128.0,2574.6666666666665,1267.888888888889,126.0,112.60000000000002,3093.0,767.4,160.5999999999999,95.0,3032.5,1377.5,156.0,112.0,3211.0,1122.0,123.0,81.0,2814.0,970.0,143.5,28.0,2447.0,1277.0,27.0
29,88.0,2632.0,752.0,166.0,104.0,2613.722222222222,1628.7222222222222,127.0,100.60000000000002,2884.8,601.4,172.0,91.0,3309.875,1388.5,156.0,121.0,2381.3333333333335,1182.0,153.0,128.0,2574.0,1268.3333333333333,126.0,111.06666666666672,3093.0,768.9333333333333,160.0666666666666,95.0,3030.6,1378.8,156.0,112.0,3213.6666666666665,1120.0,123.0,81.00000000000011,2815.6666666666665,967.6666666666666,142.66666666666697,28.0,2446.6666666666665,1279.0,27.0
30,88.66666666666663,2641.6666666666665,753.0,174.0,104.0,2615.4444444444443,1631.4444444444443,127.0,101.25714285714287,2879.9142857142856,600.3142857142857,171.85714285714312,91.0,3310.8125,1388.25,156.0,121.0,2377.0,1184.5,153.0,128.0,2573.3333333333335,1268.7777777777778,126.0,109.5333333333333,3093.0,770.4666666666667,159.5333333333333,95.0,3028.7,1380.1,156.0,112.0,3216.3333333333335,1118.0,123.0,80.99999999999989,2817.3333333333335,965.3333333333334,141.83333333333303,28.0,2446.3333333333335,1281.0,27.0
31,89.33333333333337,2651.3333333333335,754.0,182.0,104.0,2617.1666666666665,1634.1666666666667,127.0,101.91428571428571,2875.0285714285715,599.2285714285714,171.71428571428578,91.0,3311.75,1388.0,156.0,121.0,2372.6666666666665,1187.0,153.0,128.0,2572.6666666666665,1269.2222222222222,126.0,108.0,3093.0,772.0,159.0,95.0,3026.8,1381.4,156.0,112.0,3219.0,1116.0,123.0,81.0,2819.0,963.0,141.0,28.0,2446.0,1283.0,27.0
32,90.0,2661.0,755.0,190.0,104.0,2618.8888888888887,1636.888888888889,127.0,102.57142857142856,2870.1428571428573,598.1428571428571,171.57142857142844,91.0,3312.6875,1387.75,156.0,121.0,2368.3333333333335,1189.5,153.0,128.0,2572.0,1269.6666666666667,126.0,108.0,3091.714285714286,773.2857142857143,159.0,95.0,3024.9,1382.7,156.0,112.0,3219.8333333333335,1111.8333333333333,123.0,82.36363636363637,2819.909090909091,961.3636363636364,139.5454545454545,28.0,2447.6666666666665,1284.0,27.0
33,90.75,2678.5,756.25,187.75,104.0,2620.6111111111113,1639.611111111111,127.0,103.22857142857151,2865.2571428571428,597.0571428571428,171.42857142857156,91.0,3313.625,1387.5,156.0,121.0,2364.0,1192.0,153.0,128.0,2571.3333333333335,1270.111111111111,126.0,108.0,3090.4285714285716,774.5714285714286,159.0,95.0,3023.0,1384.0,156.0,112.0,3220.6666666666665,1107.6666666666667,123.0,83.72727272727275,2820.818181818182,959.7272727272727,138.090909090909,28.0,2449.3333333333335,1285.0,27.0
34,91.5,2696.0,757.5,185.5,104.0,2622.3333333333335,1642.3333333333333,127.0,103.88571428571436,2860.3714285714286,595.9714285714285,171.28571428571422,91.0,3314.5625,1387.25,156.0,120.33333333333326,2364.0,1192.0,151.66666666666652,128.0,2570.6666666666665,1270.5555555555557,126.0,108.0,3089.1428571428573,775.8571428571429,159.0,95.0,3022.0,1384.9,156.0,112.0,3221.5,1103.5,123.0,85.09090909090912,2821.7272727272725,958.0909090909091,136.63636363636397,28.0,2451.0,1286.0,27.0
35,92.25,2713.5,758.75,183.25,104.0,2624.0555555555557,1645.0555555555557,127.0,104.5428571428572,2855.4857142857145,594.8857142857142,171.14285714285688,91.0,3315.5,1387.0,156.0,119.66666666666674,2364.0,1192.0,150.33333333333348,128.0,2570.0,1271.0,126.0,108.0,3087.8571428571427,777.1428571428571,159.0,95.0,3021.0,1385.8,156.0,112.0,3222.3333333333335,1099.3333333333333,123.0,86.4545454545455,2822.6363636363635,956.4545454545455,135.18181818181847,28.0,2452.6666666666665,1283.6666666666667,27.0
36,93.0,2731.0,760.0,181.0,104.0,2625.777777777778,1647.7777777777778,127.0,105.20000000000005,2850.6,593.8,171.0,91.0,3316.4375,1386.75,156.0,119.0,2364.0,1192.0,149.0,126.90909090909099,2569.3636363636365,1270.7272727272727,124.72727272727252,108.0,3086.5714285714284,778.4285714285714,159.0,95.0,3020.0,1386.7,156.0,112.0,3223.1666666666665,1095.1666666666667,123.0,87.81818181818187,2823.5454545454545,954.8181818181819,133.72727272727298,28.0,2454.3333333333335,1281.3333333333333,27.0
37,93.80000000000007,2740.6,763.4,178.80000000000018,104.0,2627.5,1650.5,127.0,105.85714285714289,2845.714285714286,592.7142857142857,170.85714285714266,91.0,3317.375,1386.5,156.0,118.33333333333326,2364.0,1192.0,147.66666666666652,125.81818181818176,2568.7272727272725,1270.4545454545455,123.4545454545455,108.0,3085.285714285714,779.7142857142857,159.0,95.0,3019.0,1387.6,156.0,112.0,3224.0,1091.0,123.0,89.18181818181813,2824.4545454545455,953.1818181818181,132.27272727272702,28.0,2456.0,1279.0,27.0
38,94.60000000000002,2750.2,766.8,176.60000000000036,104.0,2629.222222222222,1653.2222222222222,127.0,106.51428571428573,2840.8285714285716,591.6285714285714,170.71428571428532,91.0,3318.3125,1386.25,156.0,117.66666666666674,2364.0,1192.0,146.33333333333348,124.72727272727275,2568.090909090909,1270.1818181818182,122.18181818181847,108.0,3084.0,781.0,159.0,95.0,3018.0,1388.5,156.0,112.0,3223.7,1089.5,124.40000000000009,90.5454545454545,2825.3636363636365,951.5454545454545,130.81818181818153,28.0,2456.5,1276.5,27.0
39,95.39999999999998,2759.8,770.2,174.39999999999964,104.0,2630.9444444444443,1655.9444444444443,127.0,107.17142857142846,2835.942857142857,590.5428571428572,170.57142857142844,91.0,3319.25,1386.0,156.0,117.0,2364.0,1192.0,145.0,123.63636363636351,2567.4545454545455,1269.909090909091,120.90909090909099,111.0,3084.3333333333335,784.3333333333334,159.0,95.0,3017.0,1389.4,156.0,112.0,3223.4,1088.0,125.79999999999973,91.90909090909088,2826.2727272727275,949.9090909090909,129.36363636363603,28.0,2457.0,1274.0,27.0
40,96.19999999999993,2769.4,773.6,172.19999999999982,104.0,2632.6666666666665,1658.6666666666667,127.0,107.82857142857142,2831.057142857143,589.4571428571429,170.42857142857156,91.0,3320.1875,1385.75,156.0,117.0,2361.0,1186.4,145.0,122.5454545454545,2566.818181818182,1269.6363636363637,119.63636363636351,114.0,3084.6666666666665,787.6666666666666,159.0,95.0,3016.0,1390.3,156.0,112.0,3223.1,1086.5,127.20000000000027,93.27272727272725,2827.181818181818,948.2727272727273,127.90909090909099,28.0,2457.0,1267.0,27.0
41,97.0,2779.0,777.0,170.0,104.0,2634.3888888888887,1661.388888888889,127.0,108.48571428571427,2826.171428571429,588.3714285714286,170.28571428571422,91.0,3321.125,1385.5,156.0,117.0,2358.0,1180.8,145.0,121.4545454545455,2566.181818181818,1269.3636363636363,118.36363636363649,117.0,3085.0,791.0,159.0,95.0,3015.0,1391.2,156.0,112.0,3222.8,1085.0,128.5999999999999,94.63636363636363,2828.090909090909,946.6363636363636,126.4545454545455,28.0,2458.0,1259.0,27.0
42,97.75,2794.25,779.25,161.25,104.0,2636.1111111111113,1664.111111111111,127.0,109.14285714285711,2821.285714285714,587.2857142857143,170.14285714285734,91.0,3322.0625,1385.25,156.0,117.0,2355.0,1175.2,145.0,120.36363636363649,2565.5454545454545,1269.090909090909,117.09090909090901,120.0,3085.3333333333335,794.3333333333334,159.0,95.0,3014.0,1392.1,156.0,112.0,3222.5,1083.5,130.0,96.0,2829.0,945.0,125.0,28.0,2454.3333333333335,1248.0,27.0
43,98.5,2809.5,781.5,152.5,104.0,2637.8333333333335,1666.8333333333333,127.0,109.79999999999995,2816.4,586.2,170.0,91.0,3323.0,1385.0,156.0,117.0,2352.0,1169.6,145.0,119.27272727272725,2564.909090909091,1268.8181818181818,115.81818181818153,123.0,3085.6666666666665,797.6666666666666,159.0,95.0,3013.0,1393.0,156.0,112.0,3222.2,1082.0,131.4000000000001,96.00000000000011,2828.6428571428573,944.2142857142857,125.0,28.0,2450.6666666666665,1237.0,27.0
44,99.25,2824.75,783.75,143.75,104.0,2639.5555555555557,1669.5555555555557,127.0,110.4571428571428,2811.5142857142855,585.1142857142858,169.85714285714312,91.26315789473688,3322.4210526315787,1384.842105263158,154.89473684210543,117.0,2349.0,1164.0,145.0,118.18181818181824,2564.2727272727275,1268.5454545454545,114.5454545454545,126.0,3086.0,801.0,159.0,95.0,3012.5555555555557,1395.7777777777778,156.0,112.0,3221.9,1080.5,132.79999999999973,95.99999999999989,2828.285714285714,943.4285714285714,125.0,28.0,2447.0,1226.0,27.0
45,100.0,2840.0,786.0,135.0,104.0,2641.277777777778,1672.2777777777778,127.0,111.11428571428564,2806.6285714285714,584.0285714285715,169.71428571428578,91.52631578947353,3321.842105263158,1384.6842105263158,153.7894736842104,117.0,2346.285714285714,1162.142857142857,145.0,117.09090909090901,2563.6363636363635,1268.2727272727273,113.27272727272748,121.5,3086.5,804.25,159.0,95.0,3012.1111111111113,1398.5555555555557,156.0,112.0,3221.6,1079.0,134.20000000000027,96.0,2827.9285714285716,942.6428571428571,125.0,28.0,2440.3333333333335,1215.0,27.0
46,100.75,2846.0,785.75,135.5,104.0,2643.0,1675.0,127.0,111.77142857142849,2801.7428571428572,582.9428571428572,169.57142857142844,91.7894736842104,3321.2631578947367,1384.5263157894738,152.68421052631584,117.0,2343.5714285714284,1160.2857142857142,145.0,116.0,2563.0,1268.0,112.0,117.0,3087.0,807.5,159.0,95.0,3011.6666666666665,1401.3333333333333,156.0,112.0,3221.3,1077.5,135.5999999999999,96.0,2827.5714285714284,941.8571428571429,125.0,28.0,2433.6666666666665,1204.0,27.0
47,101.5,2852.0,785.5,136.0,104.0,2644.8571428571427,1675.4285714285713,128.14285714285734,112.42857142857144,2796.8571428571427,581.8571428571429,169.42857142857156,92.05263157894728,3320.684210526316,1384.3684210526317,151.5789473684208,117.0,2340.8571428571427,1158.4285714285713,145.0,120.0,2563.0,1264.0,109.375,112.5,3087.5,810.75,159.0,95.0,3011.222222222222,1404.111111111111,156.0,112.0,3221.0,1076.0,137.0,96.00000000000011,2827.214285714286,941.0714285714286,125.0,28.0,2427.0,1193.0,27.0
48,102.25,2858.0,785.25,136.5,104.0,2646.714285714286,1675.857142857143,129.28571428571422,113.08571428571429,2791.9714285714285,580.7714285714286,169.28571428571422,92.31578947368439,3320.1052631578946,1384.2105263157894,150.4736842105267,117.0,2338.1428571428573,1156.5714285714287,145.0,124.0,2563.0,1260.0,106.75,108.0,3088.0,814.0,159.0,95.0,3010.777777777778,1406.888888888889,156.0,112.0,3221.6363636363635,1074.8181818181818,137.0,95.99999999999989,2826.8571428571427,940.2857142857143,125.0,28.0,2423.3333333333335,1183.6666666666667,27.0
49,103.0,2864.0,785.0,137.0,104.0,2648.5714285714284,1676.2857142857142,130.42857142857156,113.74285714285713,2787.0857142857144,579.6857142857143,169.14285714285688,92.57894736842104,3319.5263157894738,1384.0526315789473,149.36842105263167,117.0,2335.4285714285716,1154.7142857142858,145.0,128.0,2563.0,1256.0,104.125,108.0,3086.285714285714,817.1428571428571,159.0,95.0,3010.3333333333335,1409.6666666666667,156.0,112.0,3222.2727272727275,1073.6363636363637,137.0,96.0,2826.5,939.5,125.0,28.0,2419.6666666666665,1174.3333333333333,27.0
50,103.83333333333326,2867.0,783.8333333333334,137.5,104.0,2650.4285714285716,1676.7142857142858,131.57142857142844,114.39999999999998,2782.2,578.6,169.0,92.84210526315792,3318.9473684210525,1383.8947368421052,148.2631578947371,117.0,2332.714285714286,1152.857142857143,145.0,132.0,2563.0,1252.0,101.5,108.0,3084.5714285714284,820.2857142857143,159.0,95.0,3009.8888888888887,1412.4444444444443,156.0,112.0,3222.909090909091,1072.4545454545455,137.0,96.00000000000011,2826.1428571428573,938.7142857142857,125.0,28.0,2416.0,1165.0,27.0
51,104.66666666666674,2870.0,782.6666666666666,138.0,104.0,2652.285714285714,1677.142857142857,132.71428571428578,115.05714285714282,2777.3142857142857,577.5142857142857,168.85714285714266,93.1052631578948,3318.3684210526317,1383.7368421052631,147.15789473684208,117.0,2330.0,1151.0,145.0,136.0,2563.0,1248.0,98.875,108.0,3082.8571428571427,823.4285714285714,159.0,95.0,3009.4444444444443,1415.2222222222222,156.0,112.0,3223.5454545454545,1071.2727272727273,137.0,95.99999999999989,2825.785714285714,937.9285714285714,125.0,28.0,2414.6666666666665,1158.0,27.0
52,105.5,2873.0,781.5,138.5,104.0,2654.1428571428573,1677.5714285714287,133.85714285714266,115.71428571428567,2772.4285714285716,576.4285714285714,168.71428571428578,93.36842105263167,3317.7894736842104,1383.578947368421,146.0526315789475,118.71428571428578,2330.6428571428573,1144.142857142857,146.4285714285711,140.0,2563.0,1244.0,96.25,108.0,3081.1428571428573,826.5714285714286,159.0,95.0,3009.0,1418.0,156.0,112.0,3224.181818181818,1070.090909090909,137.0,96.0,2825.4285714285716,937.1428571428571,125.0,28.0,2413.3333333333335,1151.0,27.0
53,106.33333333333326,2876.0,780.3333333333334,139.0,104.0,2656.0,1678.0,135.0,116.37142857142851,2767.542857142857,575.3428571428572,168.5714285714289,93.63157894736833,3317.2105263157896,1383.421052631579,144.9473684210525,120.42857142857156,2331.285714285714,1137.2857142857142,147.85714285714312,144.0,2563.0,1240.0,93.625,108.0,3079.4285714285716,829.7142857142857,159.0,98.08333333333326,3010.0,1419.0,154.16666666666652,112.0,3224.818181818182,1068.909090909091,137.0,96.0,2825.0714285714284,936.3571428571429,125.0,28.0,2412.0,1144.0,27.0
54,107.16666666666674,2879.0,779.1666666666666,139.5,104.0,2656.4166666666665,1678.8333333333333,136.25,117.02857142857147,2762.657142857143,574.2571428571429,168.42857142857156,93.8947368421052,3316.6315789473683,1383.2631578947369,143.84210526315792,122.14285714285734,2331.9285714285716,1130.4285714285713,149.28571428571422,148.0,2563.0,1236.0,91.0,108.0,3077.714285714286,832.8571428571429,159.0,101.16666666666674,3011.0,1420.0,152.33333333333348,112.0,3225.4545454545455,1067.7272727272727,137.0,96.00000000000011,2824.714285714286,935.5714285714286,125.0,28.0,2411.0,1138.3333333333333,27.0
55,108.0,2882.0,778.0,140.0,104.0,2656.8333333333335,1679.6666666666667,137.5,117.68571428571431,2757.7714285714287,573.1714285714286,168.28571428571422,94.15789473684208,3316.0526315789475,1383.1052631578948,142.7368421052629,123.85714285714266,2332.5714285714284,1123.5714285714287,150.71428571428578,142.0,2563.0,1236.0,91.0,108.0,3076.0,836.0,159.0,104.25,3012.0,1421.0,150.5,112.0,3226.090909090909,1066.5454545454545,137.0,95.99999999999989,2824.3571428571427,934.7857142857143,125.0,28.0,2410.0,1132.6666666666667,27.0
56,103.0,2889.6666666666665,774.6666666666666,139.33333333333348,104.0,2657.25,1680.5,138.75,118.34285714285716,2752.885714285714,572.0857142857143,168.14285714285734,94.42105263157896,3315.4736842105262,1382.9473684210527,141.63157894736833,125.57142857142844,2333.214285714286,1116.7142857142858,152.14285714285688,136.0,2563.0,1236.0,91.0,108.77777777777783,3074.1111111111113,836.2222222222222,159.0,107.33333333333326,3013.0,1422.0,148.66666666666652,112.0,3226.7272727272725,1065.3636363636363,137.0,96.0,2824.0,934.0,125.0,28.0,2409.0,1127.0,27.0
57,98.0,2897.3333333333335,771.3333333333334,138.66666666666652,104.0,2657.6666666666665,1681.3333333333333,140.0,119.0,2748.0,571.0,168.0,94.68421052631561,3314.8947368421054,1382.7894736842106,140.5263157894733,127.28571428571422,2333.8571428571427,1109.857142857143,153.5714285714289,130.0,2563.0,1236.0,91.0,109.55555555555554,3072.222222222222,836.4444444444445,159.0,110.41666666666674,3014.0,1423.0,146.83333333333348,112.0,3227.3636363636365,1064.1818181818182,137.0,96.0,2824.153846153846,935.1538461538462,125.0,28.0,2409.0,1124.0,27.0
58,93.0,2905.0,768.0,138.0,104.0,2658.0833333333335,1682.1666666666667,141.25,114.39999999999998,2747.0,570.0,164.0,94.94736842105272,3314.315789473684,1382.6315789473683,139.4210526315792,129.0,2334.5,1103.0,155.0,124.0,2563.0,1236.0,91.0,110.33333333333337,3070.3333333333335,836.6666666666666,159.0,113.5,3015.0,1424.0,145.0,112.0,3228.0,1063.0,137.0,96.00000000000011,2824.3076923076924,936.3076923076923,125.0,28.0,2409.0,1121.0,27.0
59,96.75,2912.0,764.0,132.5,104.0,2658.5,1683.0,142.5,109.79999999999995,2746.0,569.0,160.0,95.2105263157896,3313.7368421052633,1382.4736842105262,138.31578947368416,130.71428571428578,2335.1428571428573,1096.142857142857,156.4285714285711,118.0,2563.0,1236.0,91.0,111.11111111111109,3068.4444444444443,836.8888888888889,159.0,116.58333333333326,3016.0,1425.0,143.16666666666652,112.0,3228.4545454545455,1062.409090909091,137.0,96.00000000000011,2824.4615384615386,937.4615384615385,125.0,28.0,2409.0,1118.0,27.0
60,100.5,2919.0,760.0,127.0,104.0,2658.9166666666665,1683.8333333333333,143.75,105.20000000000005,2745.0,568.0,156.0,95.47368421052647,3313.157894736842,1382.3157894736842,137.2105263157896,132.42857142857156,2335.785714285714,1089.2857142857142,157.85714285714312,112.0,2563.0,1236.0,91.0,111.88888888888891,3066.5555555555557,837.1111111111111,159.0,119.66666666666674,3017.0,1426.0,141.33333333333348,112.0,3228.909090909091,1061.8181818181818,137.0,95.99999999999989,2824.6153846153848,938.6153846153846,125.0,28.0,2411.0,1118.0,27.0
61,104.25,2926.0,756.0,121.5,104.0,2659.3333333333335,1684.6666666666667,145.0,100.60000000000002,2744.0,567.0,152.0,95.73684210526312,3312.5789473684213,1382.157894736842,136.10526315789457,134.14285714285734,2336.4285714285716,1082.4285714285713,159.28571428571422,110.55555555555566,2560.6666666666665,1233.111111111111,91.77777777777783,112.66666666666663,3064.6666666666665,837.3333333333334,159.0,122.75,3018.0,1427.0,139.5,112.0,3229.3636363636365,1061.2272727272727,137.0,96.0,2824.769230769231,939.7692307692307,125.0,28.0,2416.0,1113.0,27.0
62,108.0,2933.0,752.0,116.0,104.0,2659.75,1685.5,146.25,96.0,2743.0,566.0,148.0,96.0,3312.0,1382.0,135.0,135.85714285714266,2337.0714285714284,1075.5714285714287,160.71428571428578,109.11111111111109,2558.3333333333335,1230.2222222222222,92.5555555555552,113.44444444444446,3062.777777777778,837.5555555555555,159.0,125.83333333333326,3019.0,1428.0,137.66666666666652,112.0,3229.818181818182,1060.6363636363637,137.0,96.0,2824.923076923077,940.9230769230769,125.0,28.0,2427.0,1102.0,27.0
63,115.0,2941.3333333333335,744.0,116.33333333333303,104.0,2660.1666666666665,1686.3333333333333,147.5,98.07142857142856,2743.214285714286,562.8571428571429,147.5,96.0,3301.0,1379.5,138.5,137.57142857142844,2337.714285714286,1068.7142857142858,162.14285714285688,107.66666666666674,2556.0,1227.3333333333333,93.33333333333348,114.22222222222217,3060.8888888888887,837.7777777777778,159.0,128.91666666666674,3020.0,1429.0,135.83333333333348,112.0,3230.2727272727275,1060.0454545454545,137.0,96.0,2825.076923076923,942.0769230769231,125.0,28.0,2440.0,1087.0,27.0
64,122.0,2949.6666666666665,736.0,116.66666666666697,104.0,2660.5833333333335,1687.1666666666667,148.75,100.14285714285722,2743.4285714285716,559.7142857142857,147.0,96.0,3290.0,1377.0,142.0,139.28571428571422,2338.3571428571427,1061.857142857143,163.5714285714289,106.2222222222224,2553.6666666666665,1224.4444444444443,94.11111111111131,115.0,3059.0,838.0,159.0,132.0,3021.0,1430.0,134.0,112.0,3230.7272727272725,1059.4545454545455,137.0,96.0,2825.230769230769,943.2307692307693,125.0,28.0,2457.0,1065.0,27.0
65,129.0,2958.0,728.0,117.0,104.0,2661.0,1688.0,150.0,102.21428571428578,2743.6428571428573,556.5714285714286,146.5,96.0,3279.0,1374.5,145.5,141.0,2339.0,1055.0,165.0,104.7777777777776,2551.3333333333335,1221.5555555555557,94.88888888888869,115.0,3058.2,838.8,159.0,132.0,3023.2,1430.4,134.0,112.0,3231.181818181818,1058.8636363636363,137.0,96.00000000000011,2825.3846153846152,944.3846153846154,125.0,28.0,2476.0,1038.0,27.0
66,135.0,2958.0,721.25,117.5,103.30769230769238,2660.923076923077,1687.6923076923076,149.30769230769192,104.28571428571422,2743.8571428571427,553.4285714285714,146.0,96.0,3268.0,1372.0,149.0,139.79999999999995,2343.8,1052.9,160.69999999999982,103.33333333333326,2549.0,1218.6666666666667,95.66666666666652,115.0,3057.4,839.6,159.0,132.0,3025.4,1430.8,134.0,112.0,3231.6363636363635,1058.2727272727273,137.0,95.99999999999989,2825.5384615384614,945.5384615384615,125.0,30.0,2491.0,1010.0,30.0
67,141.0,2958.0,714.5,118.0,102.61538461538453,2660.846153846154,1687.3846153846155,148.61538461538476,106.35714285714278,2744.0714285714284,550.2857142857143,145.5,96.0,3257.0,1369.5,152.5,138.60000000000014,2348.6,1050.8,156.4000000000001,101.88888888888891,2546.6666666666665,1215.7777777777778,96.4444444444448,115.0,3056.6,840.4,159.0,132.0,3027.6,1431.2,134.0,112.0,3232.090909090909,1057.6818181818182,137.0,95.99999999999989,2825.6923076923076,946.6923076923077,125.0,30.0,2508.6666666666665,984.3333333333334,30.0
68,147.0,2958.0,707.75,118.5,101.9230769230769,2660.769230769231,1687.076923076923,147.92307692307668,108.42857142857144,2744.285714285714,547.1428571428571,145.0,96.0,3246.0,1367.0,156.0,137.39999999999986,2353.4,1048.7,152.0999999999999,100.44444444444434,2544.3333333333335,1212.888888888889,97.22222222222217,115.0,3055.8,841.2,159.0,132.0,3029.8,1431.6,134.0,112.0,3232.5454545454545,1057.090909090909,137.0,96.0,2825.846153846154,947.8461538461538,125.0,30.0,2526.3333333333335,958.6666666666666,30.0
69,153.0,2958.0,701.0,119.0,101.23076923076928,2660.6923076923076,1686.7692307692307,147.2307692307695,110.5,2744.5,544.0,144.5,96.0,3238.5,1362.625,156.0,136.20000000000005,2358.2,1046.6,147.80000000000018,99.0,2542.0,1210.0,98.0,115.0,3055.0,842.0,159.0,132.0,3032.0,1432.0,134.0,112.0,3233.0,1056.5,137.0,96.0,2826.0,949.0,125.0,30.0,2544.0,933.0,30.0
70,150.79999999999995,2958.2,698.2,120.0,100.53846153846143,2660.6153846153848,1686.4615384615386,146.53846153846143,112.57142857142856,2744.714285714286,540.8571428571429,144.0,96.0,3231.0,1358.25,156.0,135.0,2363.0,1044.5,143.5,105.33333333333348,2541.6666666666665,1201.3333333333333,98.0,115.0,3054.2,842.8,159.0,132.0,3034.2,1432.4,134.0,112.0,3233.4545454545455,1055.909090909091,137.0,99.36363636363649,2827.5454545454545,945.5454545454545,123.4545454545455,30.0,2561.3333333333335,906.3333333333334,30.0
71,148.60000000000002,2958.4,695.4,121.0,99.84615384615381,2660.5384615384614,1686.1538461538462,145.8461538461538,114.64285714285722,2744.9285714285716,537.7142857142857,143.5,96.0,3223.5,1353.875,156.0,133.79999999999995,2367.8,1042.4,139.19999999999982,111.66666666666652,2541.3333333333335,1192.6666666666667,98.0,115.0,3053.4,843.6,159.0,132.0,3036.4,1432.8,134.0,112.0,3233.909090909091,1055.3181818181818,137.0,102.72727272727263,2829.090909090909,942.0909090909091,121.90909090909099,30.0,2578.6666666666665,879.6666666666666,30.0
72,146.39999999999998,2958.6,692.6,122.0,99.15384615384619,2660.4615384615386,1685.8461538461538,145.1538461538462,116.71428571428578,2745.1428571428573,534.5714285714286,143.0,96.0,3216.0,1349.5,156.0,132.60000000000014,2372.6,1040.3,134.9000000000001,118.0,2541.0,1184.0,98.0,115.0,3052.6,844.4,159.0,132.0,3038.6,1433.2,134.0,112.0,3234.3636363636365,1054.7272727272727,137.0,106.09090909090912,2830.6363636363635,938.6363636363636,120.36363636363649,30.0,2596.0,853.0,30.0
73,144.20000000000005,2958.8,689.8,123.0,98.46153846153857,2660.3846153846152,1685.5384615384614,144.46153846153857,118.78571428571422,2745.3571428571427,531.4285714285714,142.5,96.0,3208.5,1345.125,156.0,131.39999999999986,2377.4,1038.2,130.5999999999999,116.25,2540.75,1183.25,98.0,115.0,3051.8,845.2,159.0,132.0,3040.8,1433.6,134.0,112.0,3234.818181818182,1054.1363636363637,137.0,109.45454545454561,2832.181818181818,935.1818181818181,118.81818181818198,30.0,2612.3333333333335,826.3333333333334,30.0
74,142.0,2959.0,687.0,124.0,97.76923076923072,2660.3076923076924,1685.2307692307693,143.7692307692305,120.85714285714278,2745.5714285714284,528.2857142857143,142.0,96.0,3201.0,1340.75,156.0,130.20000000000005,2382.2,1036.1,126.30000000000018,114.5,2540.5,1182.5,98.0,115.0,3051.0,846.0,159.0,132.0,3043.0,1434.0,134.0,112.0,3235.2727272727275,1053.5454545454545,137.0,112.81818181818176,2833.7272727272725,931.7272727272727,117.27272727272748,30.0,2628.6666666666665,799.6666666666666,30.0
75,131.5,2959.0,684.0,129.0,97.0769230769231,2660.230769230769,1684.923076923077,143.07692307692332,122.92857142857144,2745.785714285714,525.1428571428571,141.5,96.0,3193.5,1336.375,156.0,129.0,2387.0,1034.0,122.0,112.75,2540.25,1181.75,98.0,116.5454545454545,3051.4545454545455,846.7272727272727,159.0,127.09999999999991,3043.0,1434.0,137.4000000000001,112.0,3235.7272727272725,1052.9545454545455,137.0,116.18181818181824,2835.2727272727275,928.2727272727273,115.72727272727252,30.0,2645.0,773.0,30.0
76,121.0,2959.0,681.0,134.0,96.38461538461547,2660.153846153846,1684.6153846153845,142.38461538461524,125.0,2746.0,522.0,141.0,96.0,3186.0,1332.0,156.0,119.0,2391.75,1044.0,117.75,111.0,2540.0,1181.0,98.0,118.09090909090901,3051.909090909091,847.4545454545455,159.0,122.20000000000005,3043.0,1434.0,140.80000000000018,112.0,3236.181818181818,1052.3636363636363,137.0,119.54545454545439,2836.818181818182,924.8181818181819,114.18181818181802,30.333333333333258,2659.6666666666665,748.3333333333334,30.66666666666697
77,120.33333333333326,2960.0,674.3333333333334,133.33333333333348,95.69230769230762,2660.076923076923,1684.3076923076924,141.69230769230808,122.36363636363626,2746.181818181818,518.8181818181819,141.63636363636397,99.0,3173.8,1326.8,165.0,109.0,2396.5,1054.0,113.5,106.57142857142844,2536.714285714286,1176.7142857142858,100.71428571428578,119.63636363636374,3052.3636363636365,848.1818181818181,159.0,117.29999999999995,3043.0,1434.0,144.19999999999982,112.0,3236.6363636363635,1051.7727272727273,137.0,122.90909090909088,2838.3636363636365,921.3636363636364,112.63636363636351,30.666666666666742,2674.3333333333335,723.6666666666666,31.33333333333303
78,119.66666666666674,2961.0,667.6666666666666,132.66666666666652,95.0,2660.0,1684.0,141.0,119.72727272727275,2746.3636363636365,515.6363636363636,142.27272727272702,102.0,3161.6,1321.6,174.0,99.0,2401.25,1064.0,109.25,102.14285714285734,2533.4285714285716,1172.4285714285713,103.4285714285711,121.18181818181824,3052.818181818182,848.9090909090909,159.0,112.40000000000009,3043.0,1434.0,147.5999999999999,112.0,3237.090909090909,1051.1818181818182,137.0,126.27272727272737,2839.909090909091,917.9090909090909,111.09090909090901,31.0,2689.0,699.0,32.0
79,119.0,2962.0,661.0,132.0,96.41176470588243,2660.0,1680.4705882352941,139.9411764705883,117.09090909090901,2746.5454545454545,512.4545454545455,142.909090909091,105.0,3149.4,1316.4,183.0,89.0,2406.0,1074.0,105.0,97.71428571428578,2530.1428571428573,1168.142857142857,106.14285714285688,122.72727272727275,3053.2727272727275,849.6363636363636,159.0,107.5,3043.0,1434.0,151.0,112.0,3237.5454545454545,1050.590909090909,137.0,129.6363636363635,2841.4545454545455,914.4545454545455,109.5454545454545,31.0,2702.6666666666665,674.0,32.0
80,118.22222222222217,2962.0,659.3333333333334,131.44444444444434,97.82352941176464,2660.0,1676.9411764705883,138.88235294117658,114.4545454545455,2746.7272727272725,509.27272727272725,143.54545454545496,108.0,3137.2,1311.2,192.0,89.0,2406.24,1074.92,105.0,93.28571428571422,2526.8571428571427,1163.857142857143,108.85714285714312,124.27272727272725,3053.7272727272725,850.3636363636364,159.0,102.59999999999991,3043.0,1434.0,154.4000000000001,112.0,3238.0,1050.0,137.0,133.0,2843.0,911.0,108.0,31.0,2716.3333333333335,649.0,32.0
81,117.44444444444446,2962.0,657.6666666666666,130.8888888888887,99.23529411764707,2660.0,1673.4117647058824,137.82352941176487,111.81818181818181,2746.909090909091,506.09090909090907,144.18181818181802,111.0,3125.0,1306.0,201.0,89.0,2406.48,1075.84,105.0,88.85714285714266,2523.5714285714284,1159.5714285714287,111.5714285714289,125.81818181818176,3054.181818181818,851.0909090909091,159.0,97.70000000000005,3043.0,1434.0,157.80000000000018,115.0,3239.4444444444443,1046.111111111111,137.0,133.0,2842.8888888888887,907.7777777777778,109.88888888888914,31.0,2730.0,624.0,32.0
82,116.66666666666663,2962.0,656.0,130.33333333333348,100.64705882352928,2660.0,1669.8823529411766,136.76470588235316,109.18181818181819,2747.090909090909,502.90909090909093,144.81818181818198,108.5,3124.6666666666665,1306.3333333333333,198.0,89.0,2406.72,1076.76,105.0,84.42857142857156,2520.285714285714,1155.2857142857142,114.28571428571422,127.36363636363626,3054.6363636363635,851.8181818181819,159.0,92.79999999999995,3043.0,1434.0,161.19999999999982,118.0,3240.8888888888887,1042.2222222222222,137.0,133.0000000000001,2842.777777777778,904.5555555555555,111.77777777777783,31.0,2741.0,601.6666666666666,32.0
83,115.8888888888888,2962.0,654.3333333333334,129.77777777777783,102.05882352941194,2660.0,1666.3529411764705,135.705882352941,106.5454545454545,2747.2727272727275,499.72727272727275,145.45454545454504,106.0,3124.3333333333335,1306.6666666666667,195.0,89.0,2406.96,1077.68,105.0,80.0,2517.0,1151.0,117.0,128.909090909091,3055.090909090909,852.5454545454545,159.0,87.90000000000009,3043.0,1434.0,164.5999999999999,121.0,3242.3333333333335,1038.3333333333333,137.0,132.9999999999999,2842.6666666666665,901.3333333333334,113.66666666666697,31.0,2752.0,579.3333333333334,32.0
84,115.1111111111112,2962.0,652.6666666666666,129.22222222222217,103.47058823529414,2660.0,1662.8235294117646,134.64705882352928,103.90909090909093,2747.4545454545455,496.54545454545456,146.090909090909,103.5,3124.0,1307.0,192.0,89.0,2407.2,1078.6,105.0,82.11111111111109,2516.222222222222,1145.888888888889,117.0,130.4545454545455,3055.5454545454545,853.2727272727273,159.0,83.0,3043.0,1434.0,168.0,124.0,3243.777777777778,1034.4444444444443,137.0,133.0,2842.5555555555557,898.1111111111111,115.55555555555566,31.0,2763.0,557.0,32.0
85,114.33333333333337,2962.0,651.0,128.66666666666652,104.88235294117658,2660.0,1659.2941176470588,133.58823529411757,101.27272727272725,2747.6363636363635,493.3636363636364,146.72727272727298,101.0,3123.6666666666665,1307.3333333333333,189.0,89.0,2407.44,1079.52,105.0,84.22222222222217,2515.4444444444443,1140.7777777777778,117.0,132.0,3056.0,854.0,159.0,84.18181818181824,3047.818181818182,1431.090909090909,166.0,127.0,3245.222222222222,1030.5555555555557,137.0,133.0,2842.4444444444443,894.8888888888889,117.44444444444434,31.0,2768.5,548.5,32.0
86,113.55555555555554,2962.0,649.3333333333334,128.1111111111113,106.29411764705878,2660.0,1655.764705882353,132.52941176470586,98.63636363636368,2747.818181818182,490.1818181818182,147.36363636363603,98.5,3123.3333333333335,1307.6666666666667,186.0,89.0,2407.68,1080.44,105.0,86.33333333333326,2514.6666666666665,1135.6666666666667,117.0,132.0,3057.6,852.0,159.0,85.36363636363626,3052.6363636363635,1428.1818181818182,164.0,130.0,3246.6666666666665,1026.6666666666667,137.0,133.0000000000001,2842.3333333333335,891.6666666666666,119.33333333333303,31.0,2774.0,540.0,32.0
87,112.77777777777783,2962.0,647.6666666666666,127.55555555555566,107.70588235294122,2660.0,1652.235294117647,131.47058823529414,96.0,2748.0,487.0,148.0,96.0,3123.0,1308.0,183.0,89.0,2407.92,1081.36,105.0,88.44444444444434,2513.8888888888887,1130.5555555555557,117.0,132.0,3059.2,850.0,159.0,86.5454545454545,3057.4545454545455,1425.2727272727273,162.0,133.0,3248.1111111111113,1022.7777777777778,137.0,133.0,2842.222222222222,888.4444444444445,121.22222222222217,31.0,2777.5,536.0,32.0
88,112.0,2962.0,646.0,127.0,109.11764705882342,2660.0,1648.7058823529412,130.41176470588243,93.66666666666663,2748.0,487.0,149.66666666666652,96.0,3123.733333333333,1308.4666666666667,183.0,89.0,2408.16,1082.28,105.0,90.55555555555566,2513.1111111111113,1125.4444444444443,117.0,132.0,3060.8,848.0,159.0,87.72727272727275,3062.2727272727275,1422.3636363636363,160.0,136.0,3249.5555555555557,1018.8888888888889,137.0,133.0,2842.1111111111113,885.2222222222222,123.11111111111086,31.0,2781.0,532.0,32.0
89,110.19999999999993,2966.4,647.2,122.0,110.52941176470586,2660.0,1645.1764705882354,129.35294117647072,91.33333333333337,2748.0,487.0,151.33333333333348,96.0,3124.4666666666667,1308.9333333333334,183.0,89.0,2408.4,1083.2,105.0,92.66666666666674,2512.3333333333335,1120.3333333333333,117.0,132.0,3062.4,846.0,159.0,88.90909090909076,3067.090909090909,1419.4545454545455,158.0,139.0,3251.0,1015.0,137.0,133.0,2842.0,882.0,125.0,31.0,2785.5,531.5,32.0
90,108.39999999999998,2970.8,648.4,117.0,111.94117647058806,2660.0,1641.6470588235295,128.294117647059,89.0,2748.0,487.0,153.0,96.0,3125.2,1309.4,183.0,89.0,2408.64,1084.12,105.0,94.77777777777783,2511.5555555555557,1115.2222222222222,117.0,132.0,3064.0,844.0,159.0,90.09090909090924,3071.909090909091,1416.5454545454545,156.0,135.5,3247.375,1008.375,138.75,124.66666666666663,2841.0,875.0,126.0,31.0,2790.0,531.0,32.0
91,106.60000000000002,2975.2,649.6,112.0,113.35294117647072,2660.0,1638.1176470588234,127.23529411764684,86.66666666666663,2748.0,487.0,154.66666666666652,96.0,3125.9333333333334,1309.8666666666666,183.0,89.0,2408.88,1085.04,105.0,96.88888888888891,2510.777777777778,1110.111111111111,117.0,132.0,3065.6,842.0,159.0,91.27272727272725,3076.7272727272725,1413.6363636363637,154.0,132.0,3243.75,1001.75,140.5,116.33333333333337,2840.0,868.0,127.0,31.0,2796.5,531.0,32.0
92,104.80000000000007,2979.6,650.8,107.0,114.76470588235293,2660.0,1634.5882352941176,126.17647058823513,84.33333333333337,2748.0,487.0,156.33333333333348,96.0,3126.6666666666665,1310.3333333333333,183.0,89.0,2409.12,1085.96,105.0,99.0,2510.0,1105.0,117.0,132.0,3067.2,840.0,159.0,92.4545454545455,3081.5454545454545,1410.7272727272727,152.0,128.5,3240.125,995.125,142.25,108.0,2839.0,861.0,128.0,31.0,2803.0,531.0,32.0
93,103.0,2984.0,652.0,102.0,116.17647058823536,2660.0,1631.0588235294117,125.11764705882342,82.0,2748.0,487.0,158.0,96.0,3127.4,1310.8,183.0,89.0,2409.36,1086.88,105.0,100.0,2510.0,1100.5555555555557,117.33333333333348,132.0,3068.8,838.0,159.0,93.63636363636374,3086.3636363636365,1407.8181818181818,150.0,125.0,3236.5,988.5,144.0,113.0,2838.2,854.2,128.80000000000018,31.0,2812.5,532.0,32.0
94,101.39999999999998,2983.8,653.0,103.79999999999973,117.58823529411757,2660.0,1627.5294117647059,124.05882352941171,79.66666666666663,2748.0,487.0,159.66666666666652,96.0,3128.133333333333,1311.2666666666667,183.0,89.0,2409.6,1087.8,105.0,101.0,2510.0,1096.111111111111,117.66666666666652,132.0,3070.4,836.0,159.0,94.81818181818176,3091.181818181818,1404.909090909091,148.0,121.5,3232.875,981.875,145.75,118.0,2837.4,847.4,129.5999999999999,31.0,2822.0,533.0,32.0
95,99.79999999999995,2983.6,654.0,105.59999999999991,119.0,2660.0,1624.0,123.0,77.33333333333337,2748.0,487.0,161.33333333333348,96.0,3128.866666666667,1311.7333333333333,183.0,89.0,2409.84,1088.72,105.0,102.0,2510.0,1091.6666666666667,118.0,132.0,3072.0,834.0,159.0,96.0,3096.0,1402.0,146.0,118.0,3229.25,975.25,147.5,123.0,2836.6,840.6,130.4000000000001,31.0,2831.0,533.5,32.0
96,98.20000000000005,2983.4,655.0,107.40000000000009,117.0769230769231,2658.769230769231,1623.6923076923076,125.6153846153843,75.0,2748.0,487.0,163.0,96.0,3129.6,1312.2,183.0,89.0,2410.08,1089.64,105.0,103.0,2510.0,1087.2222222222222,118.33333333333348,132.0,3072.777777777778,832.3333333333334,159.0,96.0,3097.7,1400.9,146.0,114.5,3225.625,968.625,149.25,128.0,2835.8,833.8,131.19999999999982,31.0,2840.0,534.0,32.0
97,96.60000000000002,2983.2,656.0,109.20000000000027,115.15384615384596,2657.5384615384614,1623.3846153846155,128.2307692307695,78.5,2749.6,487.0,161.4000000000001,96.0,3130.3333333333335,1312.6666666666667,183.0,89.0,2410.32,1090.56,105.0,104.0,2510.0,1082.7777777777778,118.66666666666652,132.0,3073.5555555555557,830.6666666666666,159.0,96.0,3099.4,1399.8,146.0,111.0,3222.0,962.0,151.0,133.0,2835.0,827.0,132.0,31.0,2846.0,533.5,32.0
98,95.0,2983.0,657.0,111.0,113.23076923076928,2656.3076923076924,1623.076923076923,130.8461538461538,82.0,2751.2,487.0,159.80000000000018,96.0,3131.0666666666666,1313.1333333333334,183.0,89.0,2410.56,1091.48,105.0,105.0,2510.0,1078.3333333333333,119.0,132.0,3074.3333333333335,829.0,159.0,96.0,3101.1,1398.7,146.0,111.00000000000011,3220.7,955.9,151.0,136.5,2835.5,821.0,134.0,31.0,2852.0,533.0,32.0
99,93.66666666666663,2976.6666666666665,658.0,115.66666666666697,111.30769230769238,2655.076923076923,1622.7692307692307,133.46153846153857,85.5,2752.8,487.0,158.19999999999982,96.0,3131.8,1313.6,183.0,89.0,2410.8,1092.4,105.0,106.0,2510.0,1073.888888888889,119.33333333333348,132.0,3075.1111111111113,827.3333333333334,159.0,96.0,3102.8,1397.6,146.0,111.0,3219.4,949.8,151.0,140.0,2836.0,815.0,136.0,31.0,2852.5,534.5,32.0
100,92.33333333333337,2970.3333333333335,659.0,120.33333333333303,109.38461538461524,2653.846153846154,1622.4615384615386,136.07692307692332,89.0,2754.4,487.0,156.5999999999999,96.0,3132.5333333333333,1314.0666666666666,183.0,89.0,2411.04,1093.32,105.0,107.0,2510.0,1069.4444444444443,119.66666666666652,132.0,3075.8888888888887,825.6666666666666,159.0,96.0,3104.5,1396.5,146.0,111.0,3218.1,943.7,151.0,137.80000000000007,2836.3,808.8,138.39999999999964,31.0,2853.0,536.0,32.0
101,91.0,2964.0,660.0,125.0,107.46153846153834,2652.6153846153848,1622.1538461538462,138.69230769230762,92.5,2756.0,487.0,155.0,96.0,3133.266666666667,1314.5333333333333,183.0,89.0,2411.28,1094.24,105.0,108.0,2510.0,1065.0,120.0,132.0,3076.6666666666665,824.0,159.0,96.0,3106.2,1395.4,146.0,110.99999999999989,3216.8,937.6,151.0,135.60000000000002,2836.6,802.6,140.80000000000018,31.0,2850.5,536.0,32.0
102,89.59999999999991,2950.6,661.2,136.5999999999999,105.53846153846166,2651.3846153846152,1621.8461538461538,141.30769230769238,96.0,2757.6,487.0,153.4000000000001,96.0,3134.0,1315.0,183.0,89.0,2411.52,1095.16,105.0,106.22222222222217,2510.4444444444443,1062.888888888889,120.66666666666697,132.0,3077.4444444444443,822.3333333333334,159.0,96.0,3107.9,1394.3,146.0,111.0,3215.5,931.5,151.0,133.39999999999998,2836.9,796.4,143.19999999999982,31.0,2848.0,536.0,32.0
103,88.20000000000005,2937.2,662.4,148.20000000000027,103.61538461538476,2650.153846153846,1621.5384615384614,143.92307692307668,99.5,2759.2,487.0,151.80000000000018,96.0,3135.0666666666666,1314.8,183.0,89.0,2411.76,1096.08,105.0,104.44444444444434,2510.8888888888887,1060.7777777777778,121.33333333333348,132.0,3078.222222222222,820.6666666666666,159.0,96.0,3109.6,1393.2,146.0,111.00000000000011,3214.2,925.4,151.0,131.19999999999993,2837.2,790.2,145.60000000000036,31.0,2841.0,539.5,32.0
104,86.79999999999995,2923.8,663.6,159.79999999999973,101.69230769230762,2648.923076923077,1621.2307692307693,146.53846153846143,103.0,2760.8,487.0,150.19999999999982,96.0,3136.133333333333,1314.6,183.0,89.0,2412.0,1097.0,105.0,102.66666666666652,2511.3333333333335,1058.6666666666667,122.0,132.0,3079.0,819.0,159.0,96.0,3111.3,1392.1,146.0,111.0,3212.9,919.3,151.0,129.0,2837.5,784.0,148.0,31.0,2834.0,543.0,32.0
105,85.40000000000009,2910.4,664.8,171.4000000000001,99.76923076923072,2647.6923076923076,1620.923076923077,149.1538461538462,106.5,2762.4,487.0,148.5999999999999,96.0,3137.2,1314.4,183.0,89.0,2411.470588235294,1098.0,105.82352941176487,100.88888888888869,2511.777777777778,1056.5555555555557,122.66666666666652,132.0,3077.7,816.1,159.0,96.0,3113.0,1391.0,146.0,111.0,3211.6,913.2,151.0,126.80000000000007,2837.8,777.8,150.39999999999964,31.0,2827.0,546.0,32.0
106,84.0,2897.0,666.0,183.0,97.84615384615404,2646.4615384615386,1620.6153846153845,151.7692307692305,110.0,2764.0,487.0,147.0,96.0,3138.266666666667,1314.2,183.0,89.0,2410.9411764705883,1099.0,106.64705882352928,99.11111111111131,2512.222222222222,1054.4444444444443,123.33333333333348,132.0,3076.4,813.2,159.0,96.0,3113.0,1391.0,151.1111111111113,111.0,3210.3,907.1,151.0,124.60000000000002,2838.1,771.6,152.80000000000018,31.0,2820.0,549.0,32.0
107,84.0,2891.5,668.0,182.0,95.9230769230769,2645.230769230769,1620.3076923076924,154.3846153846157,116.00000000000006,2760.0,489.3333333333333,152.66666666666652,96.0,3139.3333333333335,1314.0,183.0,89.0,2410.4117647058824,1100.0,107.47058823529414,97.33333333333348,2512.6666666666665,1052.3333333333333,124.0,132.0,3075.1,810.3,159.0,96.0,3113.0,1391.0,156.22222222222217,111.0,3209.0,901.0,151.0,122.39999999999998,2838.4,765.4,155.19999999999982,31.0,2809.3333333333335,558.0,32.0
108,84.0,2886.0,670.0,181.0,94.0,2644.0,1620.0,157.0,121.99999999999994,2756.0,491.6666666666667,158.33333333333348,96.0,3140.4,1313.8,183.0,89.0,2409.8823529411766,1101.0,108.29411764705856,95.55555555555566,2513.1111111111113,1050.2222222222222,124.66666666666652,132.0,3073.8,807.4,159.0,96.0,3113.0,1391.0,161.33333333333348,112.875,3209.25,893.625,151.0,120.19999999999993,2838.7,759.2,157.60000000000036,31.0,2798.6666666666665,567.0,32.0
109,84.0,2880.5,672.0,180.0,97.57142857142867,2646.8571428571427,1614.2857142857142,155.42857142857156,128.0,2752.0,494.0,164.0,96.0,3141.4666666666667,1313.6,183.0,89.0,2409.3529411764707,1102.0,109.11764705882342,93.77777777777783,2513.5555555555557,1048.111111111111,125.33333333333303,132.0,3072.5,804.5,159.0,96.0,3113.0,1391.0,166.44444444444434,114.75,3209.5,886.25,151.0,118.0,2839.0,753.0,160.0,31.0,2788.0,576.0,32.0
110,84.0,2875.0,674.0,179.0,101.14285714285711,2649.714285714286,1608.5714285714287,153.85714285714266,123.5,2748.0,507.0,169.75,96.0,3142.5333333333333,1313.4,183.0,89.0,2408.823529411765,1103.0,109.94117647058829,92.0,2514.0,1046.0,126.0,132.0,3071.2,801.6,159.0,96.0,3113.0,1391.0,171.55555555555566,116.625,3209.75,878.875,151.0,118.0,2839.5555555555557,750.8888888888889,160.0,31.0,2779.0,594.0,32.0
111,84.0,2873.75,673.625,178.0,104.71428571428578,2652.5714285714284,1602.857142857143,152.28571428571422,119.0,2744.0,520.0,175.5,96.0,3143.6,1313.2,183.0,89.0,2408.294117647059,1104.0,110.7647058823527,94.0,2516.285714285714,1039.5714285714287,123.42857142857156,132.0,3069.9,798.7,159.0,96.0,3113.0,1391.0,176.66666666666652,118.5,3210.0,871.5,151.0,118.0,2840.1111111111113,748.7777777777778,160.0,31.0,2764.0,610.0,32.0
112,84.0,2872.5,673.25,177.0,108.28571428571422,2655.4285714285716,1597.142857142857,150.71428571428578,114.5,2740.0,533.0,181.25,96.0,3144.6666666666665,1313.0,183.0,89.0,2407.764705882353,1105.0,111.58823529411757,96.0,2518.5714285714284,1033.142857142857,120.85714285714312,132.0,3068.6,795.8,159.0,96.0,3113.0,1391.0,181.77777777777783,120.375,3210.25,864.125,151.0,118.0,2840.6666666666665,746.6666666666666,160.0,31.0,2748.0,627.0,32.0
113,84.0,2871.25,672.875,176.0,111.85714285714289,2658.285714285714,1591.4285714285713,149.14285714285734,110.0,2736.0,546.0,187.0,96.0,3145.733333333333,1312.8,183.0,89.0,2407.235294117647,1106.0,112.41176470588243,98.0,2520.8571428571427,1026.7142857142858,118.28571428571468,132.0,3067.3,792.9,159.0,96.0,3113.0,1391.0,186.8888888888887,122.25,3210.5,856.75,151.0,118.0,2841.222222222222,744.5555555555555,160.0,31.0,2728.0,644.0,32.0
114,84.0,2870.0,672.5,175.0,115.42857142857133,2661.1428571428573,1585.7142857142858,147.57142857142844,110.0,2733.5,545.0,185.0,96.0,3146.8,1312.6,183.0,89.0,2406.705882352941,1107.0,113.2352941176473,99.99999999999989,2523.1428571428573,1020.2857142857143,115.71428571428532,132.0,3066.0,790.0,159.0,96.0,3113.0,1391.0,192.0,124.125,3210.75,849.375,151.0,118.0,2841.777777777778,742.4444444444445,160.0,31.0,2728.0,647.0,32.0
115,84.0,2868.75,672.125,174.0,119.0,2664.0,1580.0,146.0,110.0,2731.0,544.0,183.0,96.0,3147.866666666667,1312.4,183.0,89.0,2406.176470588235,1108.0,114.05882352941171,102.0,2525.4285714285716,1013.8571428571429,113.14285714285688,132.0,3064.3,793.3,159.0,99.0,3110.0,1388.0,202.0,126.0,3211.0,842.0,151.0,118.0,2842.3333333333335,740.3333333333334,160.0,31.0,2727.0,646.0,32.0
116,84.0,2867.5,671.75,173.0,118.09999999999991,2664.4,1578.7,146.0,133.0,2726.0,554.0,195.0,96.0,3148.9333333333334,1312.2,183.0,89.0,2405.6470588235293,1109.0,114.88235294117658,103.99999999999989,2527.714285714286,1007.4285714285714,110.57142857142844,132.0,3062.6,796.6,159.0,101.75,3117.0,1384.75,201.75,123.125,3210.5,838.0,151.0,118.0,2842.8888888888887,738.2222222222222,160.0,31.0,2729.5,649.0,32.0
117,84.0,2866.25,671.375,172.0,117.19999999999982,2664.8,1577.4,146.0,133.0,2721.0,563.5,188.5,96.0,3150.0,1312.0,183.0,89.0,2405.1176470588234,1110.0,115.70588235294144,106.0,2530.0,1001.0,108.0,132.0,3060.9,799.9,159.0,104.5,3124.0,1381.5,201.5,120.25,3210.0,834.0,151.0,118.0,2843.4444444444443,736.1111111111111,160.0,31.0,2732.0,652.0,32.0
118,84.0,2865.0,671.0,171.0,116.30000000000018,2665.2,1576.1,146.0,133.0,2716.0,573.0,182.0,97.06666666666683,3153.266666666667,1309.3333333333333,183.0,89.0,2404.5882352941176,1111.0,116.52941176470586,107.5,2532.0,1000.0,105.5,132.0,3059.2,803.2,159.0,107.25,3131.0,1378.25,201.25,117.375,3209.5,830.0,151.0,118.0,2844.0,734.0,160.0,31.0,2736.6666666666665,660.3333333333334,32.0
119,84.0,2864.5,671.5,171.80000000000018,115.40000000000009,2665.6,1574.8,146.0,125.33333333333326,2713.6666666666665,593.3333333333334,171.66666666666697,98.13333333333321,3156.5333333333333,1306.6666666666667,183.0,89.0,2404.0588235294117,1112.0,117.35294117647072,109.0,2534.0,999.0,103.0,132.0,3057.5,806.5,159.0,110.0,3138.0,1375.0,201.0,114.5,3209.0,826.0,151.0,118.0,2836.0,747.0,160.0,31.0,2741.3333333333335,668.6666666666666,32.0
120,84.0,2864.0,672.0,172.5999999999999,114.5,2666.0,1573.5,146.0,117.66666666666674,2711.3333333333335,613.6666666666666,161.33333333333303,99.20000000000005,3159.8,1304.0,183.0,89.0,2403.529411764706,1113.0,118.17647058823513,105.75,2535.4166666666665,998.75,104.08333333333348,132.0,3055.8,809.8,159.0,112.79999999999995,3152.4,1372.0,193.19999999999982,111.625,3208.5,822.0,151.0,116.5,2843.5,751.5,156.0,31.0,2746.0,677.0,32.0
121,84.0,2863.5,672.5,173.4000000000001,113.59999999999991,2666.4,1572.2,146.0,110.0,2709.0,634.0,151.0,100.26666666666665,3163.0666666666666,1301.3333333333333,183.0,89.0,2403.0,1114.0,119.0,102.5,2536.8333333333335,998.5,105.16666666666652,132.0,3054.1,813.1,159.0,115.59999999999991,3166.8,1369.0,185.39999999999964,108.75,3208.0,818.0,151.0,115.0,2851.0,756.0,152.0,31.0,2747.0,696.3333333333334,32.0
122,84.0,2863.0,673.0,174.19999999999982,112.69999999999982,2666.8,1570.9,146.0,120.5,2709.3333333333335,645.1666666666666,157.16666666666652,101.33333333333326,3166.3333333333335,1298.6666666666667,183.0,88.88888888888891,2402.5555555555557,1114.2777777777778,118.77777777777783,99.25,2538.25,998.25,106.25,132.0,3052.4,816.4,159.0,118.40000000000009,3181.2,1366.0,177.60000000000036,105.875,3207.5,814.0,151.0,113.0,2850.3333333333335,765.3333333333334,148.0,31.0,2748.0,715.6666666666666,32.0
123,84.0,2862.5,673.5,175.0,111.80000000000018,2667.2,1569.6,146.0,131.0,2709.6666666666665,656.3333333333334,163.33333333333348,102.40000000000009,3169.6,1296.0,183.0,88.7777777777776,2402.1111111111113,1114.5555555555557,118.5555555555552,96.0,2539.6666666666665,998.0,107.33333333333348,132.0,3050.7,819.7,159.0,121.20000000000005,3195.6,1363.0,169.80000000000018,103.0,3207.0,810.0,151.0,111.0,2849.6666666666665,774.6666666666666,144.0,31.0,2749.0,735.0,32.0
124,84.0,2862.0,674.0,175.80000000000018,110.90000000000009,2667.6,1568.3,146.0,141.5,2710.0,667.5,169.5,103.4666666666667,3172.866666666667,1293.3333333333333,183.0,88.66666666666674,2401.6666666666665,1114.8333333333333,118.33333333333348,92.75,2541.0833333333335,997.75,108.41666666666652,132.0,3049.0,823.0,159.0,124.0,3210.0,1360.0,162.0,104.66666666666674,3205.3333333333335,807.1111111111111,151.0,109.0,2849.0,784.0,140.0,31.0,2755.3333333333335,759.6666666666666,32.0
125,84.0,2861.5,674.5,176.5999999999999,110.0,2668.0,1567.0,146.0,152.0,2710.3333333333335,678.6666666666666,175.66666666666652,104.5333333333333,3176.133333333333,1290.6666666666667,183.0,88.55555555555566,2401.222222222222,1115.111111111111,118.11111111111131,89.5,2542.5,997.5,109.5,132.0,3048.1111111111113,824.8888888888889,159.0,128.0,3214.0,1355.0,163.0,106.33333333333337,3203.6666666666665,804.2222222222222,151.0,107.33333333333337,2849.0,794.0,136.33333333333348,31.0,2761.6666666666665,784.3333333333334,32.0
126,84.0,2861.0,675.0,177.4000000000001,109.16666666666674,2668.0,1567.0,146.0,162.5,2710.6666666666665,689.8333333333334,181.83333333333348,105.59999999999991,3179.4,1288.0,183.0,88.44444444444434,2400.777777777778,1115.388888888889,117.88888888888869,86.25,2543.9166666666665,997.25,110.58333333333348,132.0,3047.222222222222,826.7777777777778,159.0,132.0,3218.0,1350.0,164.0,108.0,3202.0,801.3333333333334,151.0,105.66666666666663,2849.0,804.0,132.66666666666652,31.0,2768.0,809.0,32.0
127,84.0,2860.5,675.5,178.19999999999982,108.33333333333326,2668.0,1567.0,146.0,173.0,2711.0,701.0,188.0,106.66666666666674,3182.6666666666665,1285.3333333333333,183.0,88.33333333333326,2400.3333333333335,1115.6666666666667,117.66666666666652,83.0,2545.3333333333335,997.0,111.66666666666652,132.0,3046.3333333333335,828.6666666666666,159.0,136.0,3222.0,1345.0,165.0,109.66666666666663,3200.3333333333335,798.4444444444445,151.0,104.0,2849.0,814.0,129.0,31.0,2772.3333333333335,835.0,32.0
128,84.0,2860.0,676.0,179.0,107.5,2668.0,1567.0,146.0,164.0,2711.3333333333335,731.6666666666666,194.0,107.73333333333335,3185.9333333333334,1282.6666666666667,183.0,88.2222222222224,2399.8888888888887,1115.9444444444443,117.4444444444448,79.75,2546.75,996.75,112.75,132.0,3045.4444444444443,830.5555555555555,159.0,140.0,3226.0,1340.0,166.0,111.33333333333337,3198.6666666666665,795.5555555555555,151.0,115.0,2847.3333333333335,823.3333333333334,131.0,31.0,2776.6666666666665,861.0,32.0
129,84.0,2861.8888888888887,675.3333333333334,179.77777777777783,106.66666666666674,2668.0,1567.0,146.0,155.0,2711.6666666666665,762.3333333333334,200.0,108.79999999999995,3189.2,1280.0,183.0,88.11111111111109,2399.4444444444443,1116.2222222222222,117.22222222222217,76.5,2548.1666666666665,996.5,113.83333333333348,132.0,3044.5555555555557,832.4444444444445,159.0,140.0,3237.0,1333.8333333333333,163.0,113.0,3197.0,792.6666666666666,151.0,126.0,2845.6666666666665,832.6666666666666,133.0,31.0,2781.0,887.0,32.0
130,84.0,2863.777777777778,674.6666666666666,180.55555555555566,105.83333333333326,2668.0,1567.0,146.0,146.0,2712.0,793.0,206.0,109.86666666666679,3192.4666666666667,1277.3333333333333,183.0,88.0,2399.0,1116.5,117.0,73.25,2549.5833333333335,996.25,114.91666666666652,132.0,3043.6666666666665,834.3333333333334,159.0,140.0,3248.0,1327.6666666666667,160.0,114.66666666666663,3195.3333333333335,789.7777777777778,151.0,137.0,2844.0,842.0,135.0,31.0,2777.5,910.0,32.0
131,84.0,2865.6666666666665,674.0,181.33333333333348,105.0,2668.0,1567.0,146.0,143.33333333333337,2713.0,807.0,210.66666666666652,110.93333333333317,3195.733333333333,1274.6666666666667,183.0,87.88888888888891,2398.5555555555557,1116.7777777777778,116.77777777777783,70.0,2551.0,996.0,116.0,132.0,3042.777777777778,836.2222222222222,159.0,140.0,3259.0,1321.5,157.0,116.33333333333326,3193.6666666666665,786.8888888888889,151.0,140.5,2846.25,846.0,136.75,31.0,2774.0,933.0,32.0
132,84.0,2867.5555555555557,673.3333333333334,182.11111111111086,104.16666666666674,2668.0,1567.0,146.0,140.66666666666663,2714.0,821.0,215.33333333333348,112.0,3199.0,1272.0,183.0,87.7777777777776,2398.1111111111113,1117.0555555555557,116.5555555555552,70.0,2553.4545454545455,994.7272727272727,116.0,132.0,3041.8888888888887,838.1111111111111,159.0,140.0,3270.0,1315.3333333333333,154.0,118.0,3192.0,784.0,151.0,144.0,2848.5,850.0,138.5,31.0,2780.0,942.0,32.0
133,84.0,2869.4444444444443,672.6666666666666,182.88888888888914,103.33333333333326,2668.0,1567.0,146.0,138.0,2715.0,835.0,220.0,113.58333333333326,3200.3333333333335,1268.75,183.0,87.66666666666674,2397.6666666666665,1117.3333333333333,116.33333333333348,70.0,2555.909090909091,993.4545454545455,116.0,132.0,3041.0,840.0,159.0,140.0,3281.0,1309.1666666666667,151.0,118.0,3190.375,781.125,151.0,147.5,2850.75,854.0,140.25,31.0,2790.0,947.6666666666666,32.0
134,84.0,2871.3333333333335,672.0,183.66666666666652,102.5,2668.0,1567.0,146.0,129.79999999999995,2723.6,854.6,217.20000000000027,115.16666666666674,3201.6666666666665,1265.5,183.0,87.55555555555566,2397.222222222222,1117.611111111111,116.11111111111131,70.00000000000011,2558.3636363636365,992.1818181818181,116.0,132.0,3042.0,839.8888888888889,159.0,140.0,3292.0,1303.0,148.0,118.0,3188.75,778.25,151.0,151.0,2853.0,858.0,142.0,31.0,2800.0,953.3333333333334,32.0
135,84.0,2873.222222222222,671.3333333333334,184.44444444444434,101.66666666666674,2668.0,1567.0,146.0,121.59999999999991,2732.2,874.2,214.4000000000001,116.75,3203.0,1262.25,183.0,87.44444444444434,2396.777777777778,1117.888888888889,115.88888888888869,70.00000000000011,2560.818181818182,990.9090909090909,116.0,132.0,3043.0,839.7777777777778,159.0,137.44444444444434,3294.3333333333335,1296.888888888889,145.5555555555552,118.0,3187.125,775.375,151.0,135.33333333333326,2862.6666666666665,874.3333333333334,137.66666666666697,31.0,2810.0,959.0,32.0
136,84.0,2875.1111111111113,670.6666666666666,185.22222222222217,100.83333333333326,2668.0,1567.0,146.0,113.40000000000009,2740.8,893.8,211.5999999999999,118.33333333333326,3204.3333333333335,1259.0,183.0,87.33333333333326,2396.3333333333335,1118.1666666666667,115.66666666666652,70.00000000000011,2563.2727272727275,989.6363636363636,116.0,132.0,3044.0,839.6666666666666,159.0,134.8888888888889,3296.6666666666665,1290.7777777777778,143.1111111111113,118.0,3185.5,772.5,151.0,119.66666666666674,2872.3333333333335,890.6666666666666,133.33333333333303,31.0,2822.3333333333335,966.3333333333334,32.0
137,84.0,2877.0,670.0,186.0,100.0,2668.0,1567.0,146.0,105.20000000000005,2749.4,913.4,208.79999999999973,119.91666666666674,3205.6666666666665,1255.75,183.0,87.2222222222224,2395.8888888888887,1118.4444444444443,115.4444444444448,69.99999999999989,2565.7272727272725,988.3636363636364,116.0,132.0,3045.0,839.5555555555555,159.0,132.33333333333326,3299.0,1284.6666666666667,140.66666666666652,118.0,3183.875,769.625,151.0,104.0,2882.0,907.0,129.0,31.0,2834.6666666666665,973.6666666666666,32.0
138,87.28571428571422,2886.1428571428573,671.2857142857143,181.57142857142844,99.57142857142867,2668.0,1567.0,144.95238095238074,97.0,2758.0,933.0,206.0,121.5,3207.0,1252.5,183.0,87.11111111111109,2395.4444444444443,1118.7222222222222,115.22222222222217,69.99999999999989,2568.181818181818,987.0909090909091,116.0,132.0,3046.0,839.4444444444445,159.0,129.7777777777776,3301.3333333333335,1278.5555555555557,138.22222222222217,118.0,3182.25,766.75,151.0,102.14285714285711,2886.8571428571427,916.0,132.85714285714312,31.0,2847.0,981.0,32.0
139,90.57142857142856,2895.285714285714,672.5714285714286,177.14285714285734,99.14285714285711,2668.0,1567.0,143.90476190476193,104.39999999999998,2768.2,946.4,208.60000000000036,123.08333333333326,3208.3333333333335,1249.25,183.0,87.0,2395.0,1119.0,115.0,69.99999999999989,2570.6363636363635,985.8181818181819,116.0,132.0,3047.0,839.3333333333334,159.0,127.2222222222224,3303.6666666666665,1272.4444444444443,135.77777777777783,118.0,3180.625,763.875,151.0,100.28571428571422,2891.714285714286,925.0,136.71428571428578,30.999999999999886,2861.6666666666665,995.3333333333334,32.0
140,93.85714285714278,2904.4285714285716,673.8571428571429,172.71428571428578,98.71428571428578,2668.0,1567.0,142.85714285714266,111.79999999999995,2778.4,959.8,211.19999999999982,124.66666666666674,3209.6666666666665,1246.0,183.0,87.85714285714289,2395.4761904761904,1119.1904761904761,114.76190476190504,70.0,2573.090909090909,984.5454545454545,116.0,132.0,3048.0,839.2222222222222,159.0,124.66666666666674,3306.0,1266.3333333333333,133.33333333333348,118.0,3179.0,761.0,151.0,98.42857142857133,2896.5714285714284,934.0,140.5714285714289,31.000000000000114,2876.3333333333335,1009.6666666666666,32.0
141,97.14285714285722,2913.5714285714284,675.1428571428571,168.28571428571422,98.28571428571422,2668.0,1567.0,141.80952380952385,119.20000000000005,2788.6,973.2,213.80000000000018,126.25,3211.0,1242.75,183.0,88.71428571428578,2395.9523809523807,1119.3809523809523,114.52380952380963,70.0,2575.5454545454545,983.2727272727273,116.0,132.0,3049.0,839.1111111111111,159.0,122.11111111111109,3308.3333333333335,1260.2222222222222,130.8888888888887,118.0,3180.0,761.0,151.0,96.57142857142867,2901.4285714285716,943.0,144.4285714285711,31.0,2891.0,1024.0,32.0
142,100.42857142857144,2922.714285714286,676.4285714285714,163.85714285714266,97.85714285714289,2668.0,1567.0,140.7619047619046,126.60000000000002,2798.8,986.6,216.39999999999964,127.83333333333326,3212.3333333333335,1239.5,183.0,89.57142857142844,2396.4285714285716,1119.5714285714287,114.28571428571422,70.0,2578.0,982.0,116.0,132.0,3050.0,839.0,159.0,119.55555555555566,3310.6666666666665,1254.111111111111,128.4444444444448,118.0,3181.0,761.0,151.0,94.71428571428578,2906.285714285714,952.0,148.28571428571422,31.0,2907.0,1040.6666666666667,32.0
143,103.71428571428578,2931.8571428571427,677.7142857142857,159.42857142857156,97.42857142857133,2668.0,1567.0,139.71428571428578,134.0,2809.0,1000.0,219.0,129.41666666666674,3213.6666666666665,1236.25,183.0,90.42857142857133,2396.904761904762,1119.7619047619048,114.04761904761881,72.09999999999991,2579.3,980.0,114.89999999999964,132.0,3051.25,839.4166666666666,159.0,117.0,3313.0,1248.0,126.0,118.0,3182.0,761.0,151.0,92.85714285714289,2911.1428571428573,961.0,152.14285714285688,31.0,2923.0,1057.3333333333333,32.0
144,107.0,2941.0,679.0,155.0,97.0,2668.0,1567.0,138.66666666666652,141.5,2831.5,1013.5,209.5,131.0,3215.0,1233.0,183.0,91.28571428571422,2397.3809523809523,1119.952380952381,113.80952380952385,74.20000000000005,2580.6,978.0,113.80000000000018,132.0,3052.5,839.8333333333334,159.0,117.0,3312.8333333333335,1240.6666666666667,126.0,118.0,3183.0,761.0,151.0,91.0,2916.0,970.0,156.0,31.0,2939.0,1074.0,32.0
145,106.10000000000002,2942.1,680.3,156.30000000000018,96.57142857142867,2668.0,1567.0,137.6190476190477,149.0,2854.0,1027.0,200.0,137.0,3213.0,1222.0,185.0,92.14285714285711,2397.8571428571427,1120.142857142857,113.5714285714289,76.29999999999995,2581.9,976.0,112.69999999999982,132.0,3053.75,840.25,159.0,117.0,3312.6666666666665,1233.3333333333333,126.0,118.0,3184.0,761.0,151.0,93.5,2918.1666666666665,974.0,164.0,31.0,2955.0,1088.5,32.0
146,105.19999999999993,2943.2,681.6,157.60000000000036,96.14285714285711,2668.0,1567.0,136.57142857142844,144.5,2868.0,1040.5,199.0,134.75,3211.25,1219.0,187.25,93.0,2398.3333333333335,1120.3333333333333,113.33333333333303,78.40000000000009,2583.2,974.0,111.60000000000036,132.0,3055.0,840.6666666666666,159.0,117.0,3312.5,1226.0,126.0,118.0,3185.0,761.0,151.0,96.0,2920.3333333333335,978.0,172.0,31.0,2971.0,1103.0,32.0
147,104.30000000000007,2944.3,682.9,158.89999999999964,95.71428571428578,2668.0,1567.0,135.52380952380963,140.0,2882.0,1054.0,198.0,132.5,3209.5,1216.0,189.5,93.85714285714266,2398.809523809524,1120.5238095238096,113.09523809523807,80.5,2584.5,972.0,110.5,132.0,3056.25,841.0833333333334,159.0,117.0,3312.3333333333335,1218.6666666666667,126.0,118.0,3186.0,761.0,151.0,98.5,2922.5,982.0,180.0,31.0,2989.0,1100.0,32.0
148,103.39999999999998,2945.4,684.2,160.19999999999982,95.28571428571422,2668.0,1567.0,134.47619047619037,137.0,2892.4285714285716,1061.142857142857,201.0,130.25,3207.75,1213.0,191.75,94.71428571428555,2399.285714285714,1120.7142857142858,112.85714285714312,82.59999999999991,2585.8,970.0,109.39999999999964,132.0,3057.5,841.5,159.0,117.0,3312.1666666666665,1211.3333333333333,126.0,118.0,3187.0,761.0,151.0,101.0,2924.6666666666665,986.0,188.0,31.0,2988.0,1119.0,32.0
149,102.5,2946.5,685.5,161.5,94.85714285714289,2668.0,1567.0,133.42857142857156,134.0,2902.8571428571427,1068.2857142857142,204.0,128.0,3206.0,1210.0,194.0,95.57142857142844,2399.7619047619046,1120.904761904762,112.6190476190477,84.70000000000005,2587.1,968.0,108.30000000000018,132.0,3058.75,841.9166666666666,159.0,117.0,3312.0,1204.0,126.0,118.0,3188.0,761.0,151.0,103.5,2926.8333333333335,990.0,196.0,31.0,3005.0,1115.0,32.0
150,101.60000000000002,2947.6,686.8,162.80000000000018,94.42857142857133,2668.0,1567.0,132.3809523809523,131.0,2913.285714285714,1075.4285714285713,207.0,125.71428571428555,3209.0,1209.7142857142858,192.42857142857156,96.42857142857156,2400.2380952380954,1121.095238095238,112.3809523809523,86.79999999999995,2588.4,966.0,107.19999999999982,132.0,3060.0,842.3333333333334,159.0,117.0,3312.3333333333335,1204.3333333333333,126.0,118.0,3189.0,761.0,151.0,106.0,2929.0,994.0,204.0,31.0,3022.0,1111.0,32.0
151,100.69999999999993,2948.7,688.1,164.10000000000036,94.0,2668.0,1567.0,131.33333333333348,128.0,2923.714285714286,1082.5714285714287,210.0,123.42857142857156,3212.0,1209.4285714285713,190.85714285714266,97.28571428571445,2400.714285714286,1121.2857142857142,112.14285714285688,88.90000000000009,2589.7,964.0,106.10000000000036,132.0,3061.25,842.75,159.0,117.0,3312.6666666666665,1204.6666666666667,126.0,118.0,3190.222222222222,761.4444444444445,151.0,101.00000000000011,2948.3333333333335,999.6666666666666,198.0,31.0,3042.3333333333335,1118.6666666666667,32.0
152,99.80000000000007,2949.8,689.4,165.39999999999964,93.57142857142867,2668.0,1567.0,130.28571428571422,125.0,2934.1428571428573,1089.7142857142858,213.0,121.14285714285711,3215.0,1209.142857142857,189.28571428571422,98.14285714285734,2401.190476190476,1121.4761904761904,111.90476190476193,91.0,2591.0,962.0,105.0,132.0,3062.5,843.1666666666666,159.0,117.0,3313.0,1205.0,126.0,118.0,3191.4444444444443,761.8888888888889,151.0,95.99999999999989,2967.6666666666665,1005.3333333333334,192.0,31.0,3062.6666666666665,1126.3333333333333,32.0
153,98.89999999999998,2950.9,690.7,166.69999999999982,93.14285714285711,2668.0,1567.0,129.2380952380954,122.0,2944.5714285714284,1096.857142857143,216.0,118.85714285714289,3218.0,1208.857142857143,187.71428571428578,99.0,2401.6666666666665,1121.6666666666667,111.66666666666697,90.99999999999989,2588.8888888888887,959.3333333333334,106.66666666666697,132.0,3063.75,843.5833333333334,159.0,117.0,3313.4444444444443,1202.3333333333333,127.55555555555566,118.0,3192.6666666666665,762.3333333333334,151.0,91.0,2987.0,1011.0,186.0,31.0,3083.0,1134.0,32.0
154,98.0,2952.0,692.0,168.0,92.71428571428578,2668.0,1567.0,128.19047619047615,119.0,2955.0,1104.0,219.0,116.57142857142844,3221.0,1208.5714285714287,186.14285714285734,99.85714285714289,2402.1428571428573,1121.857142857143,111.4285714285711,91.00000000000011,2586.777777777778,956.6666666666666,108.33333333333348,132.0,3065.0,844.0,159.0,117.0,3313.8888888888887,1199.6666666666667,129.1111111111113,118.0,3193.8888888888887,762.7777777777778,151.0,91.0,3006.0,1016.0,186.0,31.0,3100.6666666666665,1141.0,32.0
155,98.0,2958.0,693.5,166.5,92.28571428571422,2668.0,1567.0,127.14285714285734,116.0,2973.0,1111.0,214.33333333333348,114.28571428571445,3224.0,1208.2857142857142,184.57142857142844,100.71428571428578,2402.6190476190477,1122.047619047619,111.19047619047615,91.0,2584.6666666666665,954.0,110.0,129.44444444444446,3066.777777777778,847.4444444444445,160.66666666666652,117.0,3314.3333333333335,1197.0,130.66666666666652,118.0,3195.1111111111113,763.2222222222222,151.0,91.0,3025.0,1021.0,186.0,31.0,3118.3333333333335,1148.0,32.0
156,98.0,2964.0,695.0,165.0,91.85714285714289,2668.0,1567.0,126.09523809523807,113.0,2991.0,1118.0,209.66666666666652,112.0,3227.0,1208.0,183.0,101.57142857142867,2403.095238095238,1122.2380952380952,110.95238095238119,90.99999999999989,2582.5555555555557,951.3333333333334,111.66666666666652,126.88888888888891,3068.5555555555557,850.8888888888889,162.33333333333303,117.0,3314.777777777778,1194.3333333333333,132.22222222222217,118.0,3196.3333333333335,763.6666666666666,151.0,91.0,3044.0,1026.0,186.0,31.0,3136.0,1155.0,32.0
157,98.0,2970.0,696.5,163.5,91.42857142857133,2668.0,1567.0,125.04761904761926,110.0,3009.0,1125.0,205.0,111.41666666666652,3227.75,1208.4166666666667,182.25,102.42857142857156,2403.5714285714284,1122.4285714285713,110.71428571428578,91.00000000000011,2580.4444444444443,948.6666666666666,113.33333333333348,124.33333333333326,3070.3333333333335,854.3333333333334,164.0,117.0,3315.222222222222,1191.6666666666667,133.77777777777783,118.0,3197.5555555555557,764.1111111111111,151.0,98.0,3051.0,1029.0,199.0,31.0,3169.5,1161.0,32.0
158,98.0,2976.0,698.0,162.0,91.0,2668.0,1567.0,124.0,107.5,3032.0,1129.5,205.5,110.83333333333348,3228.5,1208.8333333333333,181.5,103.28571428571422,2404.0476190476193,1122.6190476190477,110.47619047619037,91.0,2578.3333333333335,946.0,115.0,121.77777777777771,3072.1111111111113,857.7777777777778,165.66666666666652,117.0,3315.6666666666665,1189.0,135.33333333333348,118.0,3198.777777777778,764.5555555555555,151.0,105.0,3058.0,1032.0,212.0,31.0,3203.0,1167.0,32.0
159,98.0,2982.0,699.5,160.5,91.0,2668.1190476190477,1567.047619047619,124.0,105.0,3055.0,1134.0,206.0,110.25,3229.25,1209.25,180.75,104.14285714285711,2404.5238095238096,1122.8095238095239,110.23809523809496,90.99999999999989,2576.222222222222,943.3333333333334,116.66666666666652,119.22222222222229,3073.8888888888887,861.2222222222222,167.33333333333348,117.0,3316.1111111111113,1186.3333333333333,136.8888888888887,118.0,3200.0,765.0,151.0,112.0,3065.0,1035.0,225.0,31.0,3230.0,1170.0,32.0
160,98.0,2988.0,701.0,159.0,91.0,2668.2380952380954,1567.095238095238,124.0,106.5,3077.0,1134.5,210.5,109.66666666666652,3230.0,1209.6666666666667,180.0,105.0,2405.0,1123.0,110.0,91.00000000000011,2574.1111111111113,940.6666666666666,118.33333333333303,116.66666666666674,3075.6666666666665,864.6666666666666,169.0,117.0,3316.5555555555557,1183.6666666666667,138.44444444444434,118.0,3201.0,766.4444444444445,152.22222222222217,112.33333333333348,3072.0,1038.3333333333333,229.0,31.0,3251.0,1176.0,32.0
161,98.0,2994.0,702.5,157.5,91.0,2668.3571428571427,1567.142857142857,124.0,108.0,3099.0,1135.0,215.0,109.08333333333348,3230.75,1210.0833333333333,179.25,105.0,2405.9285714285716,1122.0714285714287,110.0,91.0,2572.0,938.0,120.0,114.11111111111109,3077.4444444444443,868.1111111111111,170.66666666666697,117.0,3317.0,1181.0,140.0,118.0,3202.0,767.8888888888889,153.44444444444434,112.66666666666652,3079.0,1041.6666666666667,233.0,31.0,3273.5,1179.5,32.0
162,98.0,3000.0,704.0,156.0,91.0,2668.4761904761904,1567.1904761904761,124.0,110.0,3122.0,1136.0,220.0,108.5,3231.5,1210.5,178.5,105.0,2406.8571428571427,1121.142857142857,110.0,90.99999999999989,2570.090909090909,935.8181818181819,120.0,111.55555555555554,3079.222222222222,871.5555555555555,172.33333333333348,117.0,3317.777777777778,1181.5555555555557,140.0,118.0,3203.0,769.3333333333334,154.66666666666652,113.0,3086.0,1045.0,237.0,31.0,3296.0,1183.0,32.0
163,98.0,3006.0,705.5,154.5,91.0,2668.595238095238,1567.2380952380952,124.0,111.66666666666674,3132.6666666666665,1132.5,224.83333333333348,107.91666666666652,3232.25,1210.9166666666667,177.75,105.0,2407.785714285714,1120.2142857142858,110.0,91.00000000000011,2568.181818181818,933.6363636363636,120.0,109.0,3081.0,875.0,174.0,117.0,3318.5555555555557,1182.111111111111,140.0,118.0,3204.0,770.7777777777778,155.8888888888887,113.0,3094.0,1044.0,222.0,31.0,3319.0,1187.5,32.0
164,98.0,3012.0,707.0,153.0,91.0,2668.714285714286,1567.2857142857142,124.0,113.33333333333326,3143.3333333333335,1129.0,229.66666666666652,107.33333333333348,3233.0,1211.3333333333333,177.0,105.0,2408.714285714286,1119.2857142857142,110.0,91.0,2566.2727272727275,931.4545454545455,120.0,109.0,3084.375,879.5,174.0,117.0,3319.3333333333335,1182.6666666666667,140.0,118.0,3205.0,772.2222222222222,157.1111111111113,113.0,3107.2,1045.8,210.0,31.0,3342.0,1192.0,32.0
165,98.0,3013.818181818182,708.7272727272727,154.6363636363635,91.0,2668.8333333333335,1567.3333333333333,124.0,115.0,3154.0,1125.5,234.5,106.75,3233.75,1211.75,176.25,105.0,2409.6428571428573,1118.357142857143,110.0,91.0,2564.3636363636365,929.2727272727273,120.0,109.0,3087.75,884.0,174.0,117.0,3320.1111111111113,1183.2222222222222,140.0,118.0,3206.0,773.6666666666666,158.33333333333348,113.0,3120.4,1047.6,198.0,31.5,3364.5,1189.0,33.5
166,98.0,3015.6363636363635,710.4545454545455,156.27272727272748,91.0,2668.9523809523807,1567.3809523809523,124.0,116.66666666666674,3164.6666666666665,1122.0,239.33333333333348,106.16666666666652,3234.5,1212.1666666666667,175.5,105.0,2410.5714285714284,1117.4285714285713,110.0,91.0,2562.4545454545455,927.0909090909091,120.0,109.0,3091.125,888.5,174.0,117.0,3320.8888888888887,1183.7777777777778,140.0,118.0,3207.0,775.1111111111111,159.55555555555566,113.0,3133.6,1049.4,186.0,32.0,3387.0,1186.0,35.0
167,98.0,3017.4545454545455,712.1818181818181,157.909090909091,91.0,2669.0714285714284,1567.4285714285713,124.0,118.33333333333326,3175.3333333333335,1118.5,244.16666666666652,105.58333333333348,3235.25,1212.5833333333333,174.75,105.0,2411.5,1116.5,110.0,91.0,2560.5454545454545,924.9090909090909,120.0,109.0,3094.5,893.0,174.0,117.0,3321.6666666666665,1184.3333333333333,140.0,118.0,3208.0,776.5555555555555,160.77777777777783,113.0,3146.8,1051.2,174.0,32.0,3404.5,1180.0,35.0
168,98.0,3019.2727272727275,713.9090909090909,159.5454545454545,91.0,2669.190476190476,1567.4761904761904,124.0,120.0,3186.0,1115.0,249.0,105.0,3236.0,1213.0,174.0,105.0,2412.4285714285716,1115.5714285714287,110.0,91.0,2558.6363636363635,922.7272727272727,120.0,109.0,3097.875,897.5,174.0,117.0,3322.4444444444443,1184.888888888889,140.0,118.0,3209.0,778.0,162.0,113.0,3160.0,1053.0,162.0,32.0,3422.0,1174.0,35.0
169,98.0,3021.090909090909,715.6363636363636,161.18181818181847,91.0,2669.309523809524,1567.5238095238096,124.0,117.0,3191.875,1121.375,245.625,104.20000000000005,3235.0,1219.2,173.19999999999982,105.0,2413.3571428571427,1114.642857142857,110.0,91.0,2556.7272727272725,920.5454545454545,120.0,109.0,3101.25,902.0,174.0,117.0,3323.222222222222,1185.4444444444443,140.0,118.0,3209.7,782.0,162.0,113.0,3161.6666666666665,1053.1666666666667,164.83333333333348,33.5,3437.0,1167.5,37.0
170,98.0,3022.909090909091,717.3636363636364,162.81818181818153,91.0,2669.4285714285716,1567.5714285714287,124.0,114.0,3197.75,1127.75,242.25,103.39999999999986,3234.0,1225.4,172.4000000000001,105.0,2414.285714285714,1113.7142857142858,110.0,91.0,2554.818181818182,918.3636363636364,120.0,109.0,3104.625,906.5,174.0,117.0,3324.0,1186.0,140.0,118.0,3210.4,786.0,162.0,113.0,3163.3333333333335,1053.3333333333333,167.66666666666652,35.0,3452.0,1161.0,39.0
171,98.0,3024.7272727272725,719.0909090909091,164.4545454545455,91.0,2669.5476190476193,1567.6190476190477,124.0,111.0,3203.625,1134.125,238.875,102.60000000000014,3233.0,1231.6,171.5999999999999,105.0,2415.214285714286,1112.7857142857142,110.0,91.0,2552.909090909091,916.1818181818181,120.0,109.0,3108.0,911.0,174.0,117.0,3324.777777777778,1188.2222222222222,140.0,118.0,3211.1,790.0,162.0,113.0,3165.0,1053.5,170.5,35.0,3467.5,1152.0,39.0
172,98.0,3026.5454545454545,720.8181818181819,166.090909090909,91.0,2669.6666666666665,1567.6666666666667,124.0,108.0,3209.5,1140.5,235.5,101.79999999999995,3232.0,1237.8,170.80000000000018,105.0,2416.1428571428573,1111.857142857143,110.0,91.0,2551.0,914.0,120.0,109.0,3109.0,912.6666666666666,174.0,117.0,3325.5555555555557,1190.4444444444443,140.0,118.0,3211.8,794.0,162.0,113.0,3166.6666666666665,1053.6666666666667,173.33333333333348,35.0,3483.0,1143.0,39.0
173,98.0,3028.3636363636365,722.5454545454545,167.72727272727252,91.0,2669.785714285714,1567.7142857142858,124.0,105.0,3215.375,1146.875,232.125,101.0,3231.0,1244.0,170.0,105.0,2417.0714285714284,1110.9285714285713,110.0,91.0,2550.0,912.4545454545455,120.0,109.0,3110.0,914.3333333333334,174.0,117.0,3326.3333333333335,1192.6666666666667,140.0,118.0,3212.5,798.0,162.0,113.0,3168.3333333333335,1053.8333333333333,176.16666666666652,35.0,3496.5,1136.0,39.0
174,98.0,3030.181818181818,724.2727272727273,169.3636363636365,91.0,2669.904761904762,1567.7619047619048,124.0,102.0,3221.25,1153.25,228.75,101.0,3231.0,1246.090909090909,168.27272727272748,105.0,2418.0,1110.0,110.0,91.0,2549.0,910.9090909090909,120.0,109.0,3111.0,916.0,174.0,117.0,3327.1111111111113,1194.888888888889,140.0,118.0,3213.2,802.0,162.0,113.0,3170.0,1054.0,179.0,35.0,3510.0,1129.0,39.0
175,98.0,3032.0,726.0,171.0,91.0,2670.0238095238096,1567.8095238095239,124.0,99.0,3227.125,1159.625,225.375,101.0,3231.0,1248.1818181818182,166.5454545454545,104.0,2418.6,1110.2,109.0,91.0,2548.0,909.3636363636364,120.0,109.00000000000011,3112.0,917.6666666666666,174.0,117.0,3327.8888888888887,1197.111111111111,140.0,118.0,3213.9,806.0,162.0,113.0,3170.8,1053.8,182.5999999999999,36.5,3521.5,1119.0,39.0
176,99.4545454545455,3037.3636363636365,728.9090909090909,168.5454545454545,91.0,2670.1428571428573,1567.857142857143,124.0,96.0,3233.0,1166.0,222.0,101.0,3231.0,1250.2727272727273,164.81818181818198,103.0,2419.2,1110.4,108.0,91.0,2547.0,907.8181818181819,120.0,108.99999999999989,3113.0,919.3333333333334,174.0,117.0,3328.6666666666665,1199.3333333333333,140.0,118.0,3214.6,810.0,162.0,113.0,3171.6,1053.6,186.20000000000027,38.0,3533.0,1109.0,39.0
177,100.90909090909088,3042.7272727272725,731.8181818181819,166.09090909090946,91.0,2670.2619047619046,1567.904761904762,124.0,96.0,3242.1,1169.2,216.9000000000001,101.0,3231.0,1252.3636363636363,163.090909090909,102.0,2419.8,1110.6,107.0,91.0,2546.0,906.2727272727273,120.0,109.0,3114.0,921.0,174.0,117.0,3329.4444444444443,1201.5555555555557,140.0,118.0,3215.3,814.0,162.0,113.0,3172.4,1053.4,189.79999999999973,38.0,3542.5,1102.0,39.0
178,102.36363636363637,3048.090909090909,734.7272727272727,163.6363636363635,91.0,2670.3809523809523,1567.952380952381,124.0,96.0,3251.2,1172.4,211.80000000000018,101.0,3231.0,1254.4545454545455,161.3636363636365,101.0,2420.4,1110.8,106.0,91.0,2545.0,904.7272727272727,120.0,109.00000000000011,3115.0,922.6666666666666,174.0,117.0,3330.222222222222,1203.7777777777778,140.0,118.0,3216.0,818.0,162.0,113.0,3173.2,1053.2,193.4000000000001,38.0,3552.0,1095.0,39.0
179,103.81818181818187,3053.4545454545455,737.6363636363636,161.18181818181802,91.0,2670.5,1568.0,124.0,96.0,3260.3,1175.6,206.69999999999982,101.0,3231.0,1256.5454545454545,159.6363636363635,100.0,2421.0,1111.0,105.0,91.0,2544.0,903.1818181818181,120.0,108.99999999999989,3116.0,924.3333333333334,174.0,117.0,3331.0,1206.0,140.0,118.0,3218.125,820.75,161.25,113.0,3174.0,1053.0,197.0,38.0,3560.5,1086.5,39.0
180,105.27272727272737,3058.818181818182,740.5454545454545,158.72727272727252,91.0,2670.6190476190477,1568.047619047619,124.0,96.0,3269.4,1178.8,201.5999999999999,101.0,3231.0,1258.6363636363637,157.909090909091,99.0,2421.6,1111.2,104.0,91.0,2543.0,901.6363636363636,120.0,109.0,3117.0,926.0,174.0,117.0,3331.625,1210.875,140.0,118.0,3220.25,823.5,160.5,113.0,3178.5,1051.25,198.75,38.0,3569.0,1078.0,39.0
181,106.72727272727263,3064.181818181818,743.4545454545455,156.27272727272748,91.0,2670.7380952380954,1568.095238095238,124.0,96.0,3278.5,1182.0,196.5,101.0,3231.0,1260.7272727272727,156.18181818181802,98.0,2422.2,1111.4,103.0,91.0,2542.0,900.0909090909091,120.0,109.00000000000011,3119.1111111111113,926.5555555555555,177.22222222222217,117.0,3332.25,1215.75,140.0,118.0,3222.375,826.25,159.75,113.0,3183.0,1049.5,200.5,38.0,3575.0,1070.0,39.0
182,108.18181818181813,3069.5454545454545,746.3636363636364,153.81818181818198,91.0,2670.8571428571427,1568.142857142857,124.0,96.0,3287.6,1185.2,191.4000000000001,101.0,3231.0,1262.8181818181818,154.4545454545455,97.0,2422.8,1111.6,102.0,91.0,2541.0,898.5454545454545,120.0,109.0,3121.222222222222,927.1111111111111,180.44444444444434,117.0,3332.875,1220.625,140.0,118.0,3224.5,829.0,159.0,113.0,3187.5,1047.75,202.25,38.0,3581.0,1062.0,39.0
183,109.63636363636363,3074.909090909091,749.2727272727273,151.3636363636365,91.0,2670.9761904761904,1568.1904761904761,124.0,96.0,3296.7,1188.4,186.30000000000018,101.0,3231.0,1264.909090909091,152.72727272727252,96.0,2423.4,1111.8,101.0,91.0,2540.0,897.0,120.0,109.00000000000011,3123.3333333333335,927.6666666666666,183.66666666666652,117.0,3333.5,1225.5,140.0,118.0,3226.625,831.75,158.25,113.0,3192.0,1046.0,204.0,38.0,3582.0,1056.0,39.0
184,111.09090909090912,3080.2727272727275,752.1818181818181,148.90909090909054,91.0,2671.095238095238,1568.2380952380952,124.0,96.0,3305.8,1191.6,181.19999999999982,101.0,3231.0,1267.0,151.0,95.0,2424.0,1112.0,100.0,93.77777777777771,2539.222222222222,893.3333333333334,120.0,109.0,3125.4444444444443,928.2222222222222,186.88888888888914,117.0,3334.125,1230.375,140.0,118.0,3228.75,834.5,157.5,109.875,3195.875,1044.875,203.875,38.0,3583.0,1050.0,39.0
185,112.5454545454545,3085.6363636363635,755.0909090909091,146.4545454545455,91.0,2671.214285714286,1568.2857142857142,124.0,96.0,3314.9,1194.8,176.0999999999999,102.07142857142867,3228.1428571428573,1270.9285714285713,151.0,94.0,2424.6,1112.2,99.0,96.55555555555554,2538.4444444444443,889.6666666666666,120.0,109.0,3127.5555555555557,928.7777777777778,190.11111111111086,117.0,3334.75,1235.25,140.0,118.0,3230.875,837.25,156.75,106.75,3199.75,1043.75,203.75,38.0,3576.0,1045.5,39.0
186,114.0,3091.0,758.0,144.0,91.0,2671.3333333333335,1568.3333333333333,124.0,96.0,3324.0,1198.0,171.0,103.14285714285711,3225.285714285714,1274.857142857143,151.0,93.0,2425.2,1112.4,98.0,99.33333333333337,2537.6666666666665,886.0,120.0,108.99999999999989,3129.6666666666665,929.3333333333334,193.33333333333348,117.0,3335.375,1240.125,140.0,118.0,3233.0,840.0,156.0,103.625,3203.625,1042.625,203.625,38.0,3569.0,1041.0,39.0
187,114.0,3093.2727272727275,758.2727272727273,144.0,91.0,2671.4523809523807,1568.3809523809523,124.0,96.0,3328.5,1203.6,171.0,104.21428571428578,3222.4285714285716,1278.7857142857142,151.0,92.0,2425.8,1112.6,97.0,102.11111111111109,2536.8888888888887,882.3333333333334,120.0,109.0,3131.777777777778,929.8888888888889,196.55555555555566,117.0,3336.0,1245.0,140.0,114.42857142857144,3233.8571428571427,844.5714285714286,156.0,100.5,3207.5,1041.5,203.5,38.0,3560.5,1036.5,39.0
188,114.0,3095.5454545454545,758.5454545454545,144.0,91.0,2671.5714285714284,1568.4285714285713,124.0,96.0,3333.0,1209.2,171.0,105.28571428571422,3219.5714285714284,1282.7142857142858,151.0,91.0,2426.4,1112.8,96.0,104.88888888888891,2536.1111111111113,878.6666666666666,120.0,108.99999999999989,3133.8888888888887,930.4444444444445,199.77777777777783,116.60000000000014,3332.7,1249.3,143.70000000000027,110.85714285714289,3234.714285714286,849.1428571428571,156.0,97.375,3211.375,1040.375,203.375,38.0,3552.0,1032.0,39.0
189,114.0,3097.818181818182,758.8181818181819,144.0,91.0,2671.690476190476,1568.4761904761904,124.0,96.0,3337.5,1214.8,171.0,106.35714285714289,3216.714285714286,1286.642857142857,151.0,90.0,2427.0,1113.0,95.0,107.66666666666663,2535.3333333333335,875.0,120.0,109.0,3136.0,931.0,203.0,116.20000000000005,3329.4,1253.6,147.4000000000001,107.28571428571433,3235.5714285714284,853.7142857142857,156.0,94.25,3215.25,1039.25,203.25,38.0,3542.5,1026.0,39.0
190,114.0,3100.090909090909,759.0909090909091,144.0,91.0,2671.809523809524,1568.5238095238096,124.0,96.0,3342.0,1220.4,171.0,107.42857142857133,3213.8571428571427,1290.5714285714287,151.0,89.66666666666674,2425.6666666666665,1113.0666666666666,95.0,110.44444444444446,2534.5555555555557,871.3333333333334,120.0,109.0,3143.1,932.0,198.70000000000027,115.79999999999995,3326.1,1257.9,151.0999999999999,103.71428571428567,3236.4285714285716,858.2857142857143,156.0,91.125,3219.125,1038.125,203.125,38.0,3533.0,1020.0,39.0
191,114.0,3102.3636363636365,759.3636363636364,144.0,91.0,2671.9285714285716,1568.5714285714287,124.0,96.0,3346.5,1226.0,171.0,108.5,3211.0,1294.5,151.0,89.33333333333326,2424.3333333333335,1113.1333333333334,95.0,113.22222222222229,2533.777777777778,867.6666666666666,120.0,109.0,3150.2,933.0,194.4000000000001,115.39999999999986,3322.8,1262.2,154.79999999999973,100.14285714285711,3237.285714285714,862.8571428571429,156.0,88.0,3223.0,1037.0,203.0,38.0,3521.5,1017.5,39.0
192,114.0,3104.6363636363635,759.6363636363636,144.0,91.0,2672.0476190476193,1568.6190476190477,124.0,96.0,3351.0,1231.6,171.0,109.57142857142867,3208.1428571428573,1298.4285714285713,151.0,89.0,2423.0,1113.2,95.0,116.0,2533.0,864.0,120.0,109.0,3157.3,934.0,190.0999999999999,115.0,3319.5,1266.5,158.5,96.57142857142856,3238.1428571428573,867.4285714285714,156.0,88.0,3223.5,1038.25,204.375,38.0,3510.0,1015.0,39.0
193,114.0,3106.909090909091,759.9090909090909,144.0,91.0,2672.1666666666665,1568.6666666666667,124.0,96.0,3355.5,1237.2,171.0,110.64285714285711,3205.285714285714,1302.357142857143,151.0,88.66666666666674,2421.6666666666665,1113.2666666666667,95.0,116.0,2533.2,860.6,120.0,109.0,3164.4,935.0,185.79999999999973,114.60000000000014,3316.2,1270.8,162.20000000000027,93.0,3239.0,872.0,156.0,88.0,3224.0,1039.5,205.75,38.0,3511.5,1020.0,39.0
194,114.0,3109.181818181818,760.1818181818181,144.0,91.0,2672.285714285714,1568.7142857142858,124.0,96.0,3360.0,1242.8,171.0,111.71428571428578,3202.4285714285716,1306.2857142857142,151.0,88.33333333333348,2420.3333333333335,1113.3333333333333,95.0,116.0,2533.4,857.2,120.0,109.0,3171.5,936.0,181.5,114.20000000000005,3312.9,1275.1,165.9000000000001,93.0,3239.5555555555557,871.6666666666666,156.0,88.0,3224.5,1040.75,207.125,38.0,3513.0,1025.0,39.0
195,114.0,3111.4545454545455,760.4545454545455,144.0,91.0,2672.404761904762,1568.7619047619048,124.0,96.0,3364.5,1248.4,171.0,112.78571428571422,3199.5714285714284,1310.2142857142858,151.0,88.0,2419.0,1113.4,95.0,116.0,2533.6,853.8,120.0,109.0,3178.6,937.0,177.20000000000027,113.79999999999995,3309.6,1279.4,169.5999999999999,93.0,3240.1111111111113,871.3333333333334,156.0,88.0,3225.0,1042.0,208.5,38.0,3516.5,1032.0,39.0
196,114.0,3113.7272727272725,760.7272727272727,144.0,91.0,2672.5238095238096,1568.8095238095239,124.0,96.0,3369.0,1254.0,171.0,113.85714285714289,3196.714285714286,1314.142857142857,151.0,87.66666666666674,2417.6666666666665,1113.4666666666667,95.0,116.0,2533.8,850.4,120.0,109.0,3185.7,938.0,172.9000000000001,113.39999999999986,3306.3,1283.7,173.29999999999973,93.0,3240.6666666666665,871.0,156.0,88.0,3225.5,1043.25,209.875,38.0,3520.0,1039.0,39.0
197,114.0,3116.0,761.0,144.0,91.0,2672.6428571428573,1568.857142857143,124.0,99.88888888888891,3372.222222222222,1261.0,167.44444444444434,114.92857142857133,3193.8571428571427,1318.0714285714287,151.0,87.33333333333326,2416.3333333333335,1113.5333333333333,95.0,116.0,2534.0,847.0,120.0,109.0,3192.8,939.0,168.5999999999999,113.0,3303.0,1288.0,177.0,93.0,3241.222222222222,870.6666666666666,156.0,88.0,3226.0,1044.5,211.25,38.0,3518.75,1038.75,39.0
198,112.85714285714289,3113.785714285714,760.7142857142857,146.0,91.0,2672.7619047619046,1568.904761904762,124.0,103.77777777777783,3375.4444444444443,1268.0,163.88888888888914,116.0,3191.0,1322.0,151.0,87.0,2415.0,1113.6,95.0,116.0,2534.2,843.6,120.0,109.0,3199.9,940.0,164.29999999999973,113.0,3302.625,1289.75,177.0,93.0,3241.777777777778,870.3333333333334,156.0,88.0,3226.5,1045.75,212.625,38.0,3517.5,1038.5,39.0
199,111.71428571428567,3111.5714285714284,760.4285714285714,148.0,91.0,2672.8809523809523,1568.952380952381,124.0,107.66666666666674,3378.6666666666665,1275.0,160.33333333333348,116.0,3186.6153846153848,1326.8461538461538,151.0,86.66666666666652,2413.6666666666665,1113.6666666666667,95.0,116.0,2534.4,840.2,120.0,109.0,3207.0,941.0,160.0,113.0,3302.25,1291.5,177.0,93.0,3242.3333333333335,870.0,156.0,88.0,3227.0,1047.0,214.0,38.0,3516.25,1038.25,39.0
200,110.57142857142856,3109.3571428571427,760.1428571428571,150.0,91.0,2673.0,1569.0,124.0,111.55555555555566,3381.8888888888887,1282.0,156.77777777777783,116.0,3182.230769230769,1331.6923076923076,151.0,86.33333333333326,2412.3333333333335,1113.7333333333333,95.0,116.0,2534.6,836.8,120.0,108.99999999999989,3207.0,940.3529411764706,160.0,113.0,3301.875,1293.25,177.0,93.0,3242.8888888888887,869.6666666666666,156.0,90.81818181818198,3227.909090909091,1044.090909090909,214.0,38.0,3515.0,1038.0,39.0
201,109.42857142857144,3107.1428571428573,759.8571428571429,152.0,91.0,2671.7,1567.5,124.0,115.44444444444434,3385.1111111111113,1289.0,153.22222222222217,116.0,3177.846153846154,1336.5384615384614,151.0,86.0,2411.0,1113.8,95.0,116.0,2534.8,833.4,120.0,109.0,3207.0,939.7058823529412,160.0,113.0,3301.5,1295.0,177.0,93.0,3243.4444444444443,869.3333333333334,156.0,93.63636363636351,3228.818181818182,1041.1818181818182,214.0,38.0,3512.5,1035.5,39.0
202,108.28571428571433,3104.9285714285716,759.5714285714286,154.0,91.0,2670.4,1566.0,124.0,119.33333333333326,3388.3333333333335,1296.0,149.66666666666652,116.0,3173.4615384615386,1341.3846153846155,151.0,85.66666666666674,2409.6666666666665,1113.8666666666666,95.0,116.0,2535.0,830.0,120.0,109.0,3207.0,939.0588235294117,160.0,113.0,3301.125,1296.75,177.0,93.0,3244.0,869.0,156.0,96.4545454545455,3229.7272727272725,1038.2727272727273,214.0,38.0,3510.0,1033.0,39.0
203,107.14285714285711,3102.714285714286,759.2857142857143,156.0,91.0,2669.1,1564.5,124.0,123.22222222222217,3391.5555555555557,1303.0,146.11111111111086,116.0,3169.076923076923,1346.2307692307693,151.0,85.33333333333326,2408.3333333333335,1113.9333333333334,95.0,116.0,2537.25,826.25,120.0,109.00000000000011,3207.0,938.4117647058823,160.0,113.0,3300.75,1298.5,177.0,94.39999999999998,3244.1,867.2,157.9000000000001,99.27272727272748,3230.6363636363635,1035.3636363636363,214.0,36.5,3505.5,1031.5,36.0
204,106.0,3100.5,759.0,158.0,91.0,2667.8,1563.0,124.0,127.11111111111109,3394.777777777778,1310.0,142.55555555555566,116.0,3164.6923076923076,1351.076923076923,151.0,85.0,2407.0,1114.0,95.0,116.0,2539.5,822.5,120.0,109.0,3207.0,937.7647058823529,160.0,113.0,3300.375,1300.25,177.0,95.80000000000007,3244.2,865.4,159.80000000000018,102.09090909090901,3231.5454545454545,1032.4545454545455,214.0,35.0,3501.0,1030.0,33.0
205,104.85714285714289,3098.285714285714,758.7142857142857,160.0,91.0,2666.5,1561.5,124.0,131.0,3398.0,1317.0,139.0,116.0,3160.3076923076924,1355.923076923077,151.0,84.59999999999991,2400.6,1114.4,98.0,116.0,2541.75,818.75,120.0,108.99999999999989,3207.0,937.1176470588235,160.0,113.0,3300.0,1302.0,177.0,97.19999999999993,3244.3,863.6,161.69999999999982,104.90909090909099,3232.4545454545455,1029.5454545454545,214.0,35.0,3489.5,1026.5,33.0
206,103.71428571428567,3096.0714285714284,758.4285714285714,162.0,91.0,2665.2,1560.0,124.0,134.5,3397.5,1315.0,136.0,116.0,3155.923076923077,1360.7692307692307,151.0,84.20000000000005,2394.2,1114.8,101.0,116.0,2544.0,815.0,120.0,109.0,3207.0,936.4705882352941,160.0,113.0,3300.4615384615386,1302.0,177.0,98.60000000000002,3244.4,861.8,163.5999999999999,107.72727272727252,3233.3636363636365,1026.6363636363637,214.0,35.0,3478.0,1023.0,33.0
207,102.57142857142856,3093.8571428571427,758.1428571428571,164.0,91.0,2663.9,1558.5,124.0,138.0,3397.0,1313.0,133.0,116.0,3151.5384615384614,1365.6153846153845,151.0,83.79999999999995,2387.8,1115.2,104.0,116.0,2546.25,811.25,120.0,108.99999999999989,3207.0,935.8235294117648,160.0,113.0,3300.923076923077,1302.0,177.0,100.0,3244.5,860.0,165.5,110.5454545454545,3234.2727272727275,1023.7272727272727,214.0,35.5,3469.5,1021.0,34.5
208,101.42857142857144,3091.6428571428573,757.8571428571429,166.0,91.0,2662.6,1557.0,124.0,141.5,3396.5,1311.0,130.0,116.0,3147.153846153846,1370.4615384615386,151.0,83.40000000000009,2381.4,1115.6,107.0,116.0,2548.5,807.5,120.0,109.00000000000011,3207.0,935.1764705882352,160.0,113.0,3301.3846153846152,1302.0,177.0,101.39999999999998,3244.6,858.2,167.4000000000001,113.36363636363637,3235.181818181818,1020.8181818181819,214.0,36.0,3461.0,1019.0,36.0
209,100.28571428571433,3089.4285714285716,757.5714285714286,168.0,91.0,2661.3,1555.5,124.0,145.0,3396.0,1309.0,127.0,116.0,3142.769230769231,1375.3076923076924,151.0,83.0,2375.0,1116.0,110.0,116.0,2550.75,803.75,120.0,109.0,3207.0,934.5294117647059,160.0,113.0,3301.846153846154,1302.0,177.0,102.80000000000007,3244.7,856.4,169.30000000000018,116.18181818181813,3236.090909090909,1017.9090909090909,214.0,35.999999999999886,3450.6666666666665,1017.3333333333334,36.0
210,99.14285714285711,3087.214285714286,757.2857142857143,170.0,91.0,2660.0,1554.0,124.0,135.79999999999995,3390.8,1324.0,123.79999999999973,116.0,3138.3846153846152,1380.1538461538462,151.0,82.59999999999991,2374.6,1116.4,107.0,116.0,2553.0,800.0,120.0,109.00000000000011,3207.0,933.8823529411765,160.0,113.0,3302.3076923076924,1302.0,177.0,104.19999999999993,3244.8,854.6,171.19999999999982,119.0,3237.0,1015.0,214.0,36.000000000000114,3440.3333333333335,1015.6666666666666,36.0
211,98.0,3085.0,757.0,172.0,91.0,2658.0,1552.875,124.0,126.59999999999991,3385.6,1339.0,120.59999999999991,116.0,3134.0,1385.0,151.0,82.20000000000005,2374.2,1116.8,104.0,116.0,2555.25,796.25,120.0,109.0,3207.0,933.2352941176471,160.0,113.0,3302.769230769231,1302.0,177.0,105.60000000000002,3244.9,852.8,173.0999999999999,118.99999999999989,3241.5,1017.8333333333334,214.0,36.0,3430.0,1014.0,36.0
212,98.0,3083.0,757.0,172.0,91.0,2656.0,1551.75,124.0,117.40000000000009,3380.4,1354.0,117.40000000000009,116.0,3132.0625,1389.3125,148.9375,81.79999999999995,2373.8,1117.2,101.0,116.0,2557.5,792.5,120.0,108.99999999999989,3207.0,932.5882352941177,160.0,113.0,3303.230769230769,1302.0,177.0,107.0,3245.0,851.0,175.0,119.00000000000011,3246.0,1020.6666666666666,214.0,36.0,3415.0,1010.0,36.0
213,98.0,3081.0,757.0,172.0,91.0,2654.0,1550.625,124.0,108.20000000000005,3375.2,1369.0,114.20000000000027,116.0,3130.125,1393.625,146.875,81.40000000000009,2373.4,1117.6,98.0,116.0,2559.75,788.75,120.0,109.0,3207.0,931.9411764705883,160.0,113.0,3303.6923076923076,1302.0,177.0,107.0,3247.1111111111113,846.3333333333334,175.0,119.0,3250.5,1023.5,214.0,36.0,3417.5,1012.5,36.0
214,98.0,3079.0,757.0,172.0,91.0,2652.0,1549.5,124.0,99.0,3370.0,1384.0,111.0,116.0,3128.1875,1397.9375,144.8125,81.0,2373.0,1118.0,95.0,116.0,2562.0,785.0,120.0,109.0,3207.0,931.2941176470588,160.0,113.0,3304.153846153846,1302.0,177.0,107.0,3249.222222222222,841.6666666666666,175.0,119.0,3255.0,1026.3333333333333,214.0,36.0,3420.0,1015.0,36.0
215,98.0,3077.0,757.0,172.0,91.0,2650.0,1548.375,124.0,98.57142857142867,3359.4285714285716,1391.0,114.4285714285711,116.0,3126.25,1402.25,142.75,81.0,2363.4285714285716,1117.4285714285713,99.4285714285711,117.29999999999995,2563.8,780.2,121.69999999999982,109.00000000000011,3207.0,930.6470588235294,160.0,113.0,3304.6153846153848,1302.0,177.0,107.0,3251.3333333333335,837.0,175.0,119.0,3259.5,1029.1666666666667,214.0,35.999999999999886,3423.3333333333335,1021.3333333333334,36.0
216,98.0,3075.0,757.0,172.0,91.0,2648.0,1547.25,124.0,98.14285714285711,3348.8571428571427,1398.0,117.85714285714312,116.0,3124.3125,1406.5625,140.6875,81.0,2353.8571428571427,1116.857142857143,103.85714285714312,118.60000000000002,2565.6,775.4,123.40000000000009,109.0,3207.0,930.0,160.0,113.0,3305.076923076923,1302.0,177.0,107.0,3253.4444444444443,832.3333333333334,175.0,119.0,3264.0,1032.0,214.0,36.0,3426.6666666666665,1027.6666666666667,36.0
217,98.0,3073.0,757.0,172.0,91.0,2646.0,1546.125,124.0,97.71428571428578,3338.285714285714,1405.0,121.28571428571422,116.0,3122.375,1410.875,138.625,81.0,2344.285714285714,1116.2857142857142,108.28571428571422,119.89999999999998,2567.4,770.6,125.09999999999991,109.00000000000011,3206.0,929.5714285714286,160.0,113.0,3305.5384615384614,1302.0,177.0,107.0,3255.5555555555557,827.6666666666666,175.0,116.42857142857156,3265.285714285714,1033.4285714285713,212.14285714285734,36.0,3430.0,1034.0,36.0
218,98.0,3071.0,757.0,172.0,91.0,2644.0,1545.0,124.0,97.28571428571422,3327.714285714286,1412.0,124.71428571428578,116.0,3120.4375,1415.1875,136.5625,81.0,2334.714285714286,1115.7142857142858,112.71428571428578,121.20000000000005,2569.2,765.8,126.80000000000018,109.0,3205.0,929.1428571428571,160.0,113.0,3306.0,1302.0,177.0,107.0,3257.6666666666665,823.0,175.0,113.85714285714289,3266.5714285714284,1034.857142857143,210.28571428571422,36.0,3432.3333333333335,1040.0,36.0
219,98.0,3069.0,757.0,172.0,93.69999999999982,2639.3,1540.4,124.5,96.85714285714289,3317.1428571428573,1419.0,128.14285714285688,116.0,3118.5,1419.5,134.5,81.0,2325.1428571428573,1115.142857142857,117.14285714285688,122.5,2571.0,761.0,128.5,109.00000000000011,3204.0,928.7142857142857,160.0,113.0,3306.9166666666665,1298.6666666666667,177.0,107.0,3259.777777777778,818.3333333333334,175.0,111.28571428571445,3267.8571428571427,1036.2857142857142,208.42857142857156,36.0,3434.6666666666665,1046.0,36.0
220,98.0,3067.0,757.0,172.0,96.40000000000009,2634.6,1535.8,125.0,96.42857142857133,3306.5714285714284,1426.0,131.5714285714289,116.0,3116.5625,1423.8125,132.4375,81.0,2315.5714285714284,1114.5714285714287,121.5714285714289,123.79999999999995,2572.8,756.2,130.19999999999982,108.99999999999989,3203.0,928.2857142857143,160.0,113.0,3307.8333333333335,1295.3333333333333,177.0,107.0,3261.8888888888887,813.6666666666666,175.0,108.71428571428555,3269.1428571428573,1037.7142857142858,206.57142857142844,36.0,3437.0,1052.0,36.0
221,98.0,3065.0,757.0,172.0,99.09999999999991,2629.9,1531.2,125.5,96.0,3296.0,1433.0,135.0,116.0,3114.625,1428.125,130.375,81.0,2306.0,1114.0,126.0,125.10000000000002,2574.6,751.4,131.9000000000001,109.0,3202.0,927.8571428571429,160.0,113.0,3308.75,1292.0,177.0,107.0,3264.0,809.0,175.0,106.14285714285711,3270.4285714285716,1039.142857142857,204.71428571428578,36.0,3433.3333333333335,1052.3333333333333,36.0
222,98.0,3063.0,757.0,172.0,101.80000000000018,2625.2,1526.6,126.0,95.44444444444434,3283.6666666666665,1433.5555555555557,136.4444444444448,116.0,3112.6875,1432.4375,128.3125,81.0,2303.4,1113.4,123.59999999999991,126.39999999999998,2576.4,746.6,133.5999999999999,108.99999999999989,3201.0,927.4285714285714,160.0,113.0,3309.6666666666665,1288.6666666666667,177.0,105.5,3264.4,804.5,175.0,103.57142857142844,3271.714285714286,1040.5714285714287,202.85714285714266,36.0,3429.6666666666665,1052.6666666666667,36.0
223,98.0,3061.0,757.0,172.0,104.5,2620.5,1522.0,126.5,94.88888888888891,3271.3333333333335,1434.111111111111,137.8888888888887,116.0,3110.75,1436.75,126.25,81.0,2300.8,1112.8,121.19999999999982,127.70000000000005,2578.2,741.8,135.30000000000018,109.0,3200.0,927.0,160.0,113.0,3310.5833333333335,1285.3333333333333,177.0,104.0,3264.8,800.0,175.0,101.0,3273.0,1042.0,201.0,36.0,3426.0,1053.0,36.0
224,98.0,3061.6,757.2,165.5999999999999,107.19999999999982,2615.8,1517.4,127.0,94.33333333333326,3259.0,1434.6666666666667,139.33333333333348,116.0,3108.8125,1441.0625,124.1875,81.0,2298.2,1112.2,118.80000000000018,129.0,2580.0,737.0,137.0,109.0,3197.875,923.625,160.0,113.0,3311.5,1282.0,177.0,102.5,3265.2,795.5,175.0,101.0,3278.3333333333335,1042.8333333333333,201.0,36.0,3427.6666666666665,1056.0,36.0
225,98.0,3062.2,757.4,159.20000000000027,109.90000000000009,2611.1,1512.8,127.5,93.77777777777783,3246.6666666666665,1435.2222222222222,140.77777777777783,116.0,3106.875,1445.375,122.125,81.0,2295.6,1111.6,116.40000000000009,129.0,2582.3125,731.4375,135.4375,109.0,3195.75,920.25,160.0,113.0,3312.4166666666665,1278.6666666666667,177.0,101.0,3265.6,791.0,175.0,101.0,3283.6666666666665,1043.6666666666667,201.0,36.0,3429.3333333333335,1059.0,36.0
226,98.0,3062.8,757.6,152.79999999999973,112.59999999999991,2606.4,1508.2,128.0,93.22222222222217,3234.3333333333335,1435.7777777777778,142.22222222222217,116.0,3104.9375,1449.6875,120.0625,81.0,2293.0,1111.0,114.0,129.0,2584.625,725.875,133.875,109.0,3193.625,916.875,160.0,113.0,3313.3333333333335,1275.3333333333333,177.0,99.5,3266.0,786.5,175.0,101.0,3289.0,1044.5,201.0,36.0,3431.0,1062.0,36.0
227,98.0,3063.4,757.8,146.4000000000001,115.30000000000018,2601.7,1503.6,128.5,92.66666666666674,3222.0,1436.3333333333333,143.66666666666652,116.0,3103.0,1454.0,118.0,82.0769230769231,2287.846153846154,1109.3846153846155,114.0,129.0,2586.9375,720.3125,132.3125,109.0,3191.5,913.5,160.0,113.0,3314.25,1272.0,177.0,98.0,3266.4,782.0,175.0,101.0,3294.3333333333335,1045.3333333333333,201.0,36.0,3435.6666666666665,1064.6666666666667,36.0
228,98.0,3064.0,758.0,140.0,118.0,2597.0,1499.0,129.0,92.11111111111109,3209.6666666666665,1436.888888888889,145.1111111111113,116.0,3092.8,1458.2,121.79999999999973,83.15384615384619,2282.6923076923076,1107.7692307692307,114.0,129.0,2589.25,714.75,130.75,109.0,3189.375,910.125,160.0,113.0,3315.1666666666665,1268.6666666666667,177.0,96.5,3266.8,777.5,175.0,101.0,3299.6666666666665,1046.1666666666667,201.0,36.0,3440.3333333333335,1067.3333333333333,36.0
229,98.0,3055.1666666666665,758.1666666666666,143.0,116.33333333333326,2595.222222222222,1498.6666666666667,126.22222222222217,91.55555555555566,3197.3333333333335,1437.4444444444443,146.5555555555552,116.0,3082.6,1462.4,125.59999999999991,84.23076923076928,2277.5384615384614,1106.1538461538462,114.0,129.0,2591.5625,709.1875,129.1875,109.0,3187.25,906.75,160.0,113.0,3316.0833333333335,1265.3333333333333,177.0,95.0,3267.2,773.0,175.0,101.0,3305.0,1047.0,201.0,36.0,3445.0,1070.0,36.0
230,98.0,3046.3333333333335,758.3333333333334,146.0,114.66666666666674,2593.4444444444443,1498.3333333333333,123.44444444444434,91.0,3185.0,1438.0,148.0,116.0,3072.4,1466.6,129.4000000000001,85.30769230769238,2272.3846153846152,1104.5384615384614,114.0,129.0,2593.875,703.625,127.625,109.0,3185.125,903.375,160.0,113.0,3317.0,1262.0,177.0,93.5,3267.6,768.5,175.0,101.0,3312.8,1047.2,201.0,36.0,3445.3333333333335,1073.3333333333333,36.0
231,98.0,3037.5,758.5,149.0,113.0,2591.6666666666665,1498.0,120.66666666666697,90.0,3173.0,1439.0,131.0,116.0,3062.2,1470.8,133.20000000000027,86.38461538461547,2267.230769230769,1102.923076923077,114.0,129.0,2596.1875,698.0625,126.0625,109.0,3183.0,900.0,160.0,110.9230769230769,3318.3076923076924,1261.076923076923,176.69230769230762,92.0,3268.0,764.0,175.0,101.0,3320.6,1047.4,201.0,36.0,3445.6666666666665,1076.6666666666667,36.0
232,98.0,3028.6666666666665,758.6666666666666,152.0,111.33333333333326,2589.8888888888887,1497.6666666666667,117.88888888888914,90.0,3162.6666666666665,1436.6666666666667,131.83333333333348,116.0,3052.0,1475.0,137.0,87.46153846153834,2262.076923076923,1101.3076923076924,114.0,129.0,2598.5,692.5,124.5,111.85714285714278,3180.4285714285716,895.8571428571429,158.71428571428578,108.84615384615381,3319.6153846153848,1260.1538461538462,176.38461538461524,95.44444444444446,3268.3333333333335,759.3333333333334,173.33333333333303,101.0,3328.4,1047.6,201.0,36.0,3446.0,1080.0,36.0
233,98.0,3019.8333333333335,758.8333333333334,155.0,109.66666666666674,2588.1111111111113,1497.3333333333333,115.11111111111086,90.0,3152.3333333333335,1434.3333333333333,132.66666666666652,116.0,3047.076923076923,1479.1538461538462,135.5384615384619,88.53846153846166,2256.923076923077,1099.6923076923076,114.0,129.0,2600.8125,686.9375,122.9375,114.71428571428578,3177.8571428571427,891.7142857142857,157.42857142857156,106.76923076923072,3320.923076923077,1259.2307692307693,176.07692307692287,98.88888888888891,3268.6666666666665,754.6666666666666,171.66666666666697,101.0,3336.2,1047.8,201.0,36.0,3451.6666666666665,1081.0,36.0
234,98.0,3011.0,759.0,158.0,108.0,2586.3333333333335,1497.0,112.33333333333303,90.0,3142.0,1432.0,133.5,116.0,3042.153846153846,1483.3076923076924,134.07692307692287,89.61538461538453,2251.769230769231,1098.076923076923,114.0,129.0,2603.125,681.375,121.375,117.57142857142856,3175.285714285714,887.5714285714286,156.14285714285734,104.69230769230762,3322.230769230769,1258.3076923076924,175.76923076923094,102.33333333333337,3269.0,750.0,170.0,101.0,3344.0,1048.0,201.0,36.0,3457.3333333333335,1082.0,36.0
235,98.0,3007.5,759.9285714285714,156.35714285714266,106.33333333333326,2584.5555555555557,1496.6666666666667,109.55555555555566,90.0,3131.6666666666665,1429.6666666666667,134.33333333333348,116.0,3037.230769230769,1487.4615384615386,132.61538461538476,90.69230769230762,2246.6153846153848,1096.4615384615386,114.0,129.0,2605.4375,675.8125,119.8125,120.42857142857144,3172.714285714286,883.4285714285714,154.85714285714266,102.61538461538453,3323.5384615384614,1257.3846153846155,175.46153846153857,105.77777777777771,3269.3333333333335,745.3333333333334,168.33333333333303,98.79999999999995,3347.6,1049.4,201.5999999999999,36.0,3463.0,1083.0,36.0
236,98.0,3004.0,760.8571428571429,154.71428571428578,104.66666666666674,2582.777777777778,1496.3333333333333,106.77777777777783,90.0,3121.3333333333335,1427.3333333333333,135.16666666666652,116.0,3032.3076923076924,1491.6153846153845,131.1538461538462,91.76923076923072,2241.4615384615386,1094.8461538461538,114.0,129.0,2607.75,670.25,118.25,123.28571428571422,3170.1428571428573,879.2857142857143,153.57142857142844,100.53846153846143,3324.846153846154,1256.4615384615386,175.1538461538462,109.22222222222229,3269.6666666666665,740.6666666666666,166.66666666666697,96.60000000000014,3351.2,1050.8,202.20000000000027,36.0,3469.0,1083.3333333333333,36.0
237,98.0,3000.5,761.7857142857143,153.07142857142844,103.0,2581.0,1496.0,104.0,90.0,3111.0,1425.0,136.0,116.0,3027.3846153846152,1495.7692307692307,129.69230769230762,92.84615384615381,2236.3076923076924,1093.2307692307693,114.0,129.0,2610.0625,664.6875,116.6875,126.14285714285722,3167.5714285714284,875.1428571428571,152.28571428571422,98.46153846153857,3326.153846153846,1255.5384615384614,174.8461538461538,112.66666666666663,3270.0,736.0,165.0,94.39999999999986,3354.8,1052.2,202.79999999999973,36.0,3475.0,1083.6666666666667,36.0
238,98.0,2997.0,762.7142857142857,151.42857142857156,103.0,2573.25,1494.75,106.625,90.0,3100.375,1422.375,135.5,116.0,3022.4615384615386,1499.923076923077,128.23076923076906,93.9230769230769,2231.153846153846,1091.6153846153845,114.0,129.0,2612.375,659.125,115.125,129.0,3165.0,871.0,151.0,96.38461538461547,3327.4615384615386,1254.6153846153845,174.53846153846143,116.11111111111109,3270.3333333333335,731.3333333333334,163.33333333333303,92.20000000000005,3358.4,1053.6,203.4000000000001,36.0,3481.0,1084.0,36.0
239,98.0,2993.5,763.6428571428571,149.78571428571422,103.0,2565.5,1493.5,109.25,90.0,3089.75,1419.75,135.0,116.0,3017.5384615384614,1504.076923076923,126.76923076923094,95.0,2226.0,1090.0,114.0,129.0,2614.6875,653.5625,113.5625,126.0,3160.5714285714284,867.4285714285714,151.0,94.30769230769238,3328.769230769231,1253.6923076923076,174.23076923076906,119.55555555555554,3270.6666666666665,726.6666666666666,161.66666666666697,90.0,3362.0,1055.0,204.0,36.0,3487.1666666666665,1085.8333333333333,36.0
240,98.0,2990.0,764.5714285714286,148.14285714285734,103.0,2557.75,1492.25,111.875,90.0,3079.125,1417.125,134.5,116.0,3012.6153846153848,1508.2307692307693,125.30769230769238,92.0,2221.0,1088.5,114.0,129.0,2617.0,648.0,112.0,123.0,3156.1428571428573,863.8571428571429,151.0,92.23076923076928,3330.076923076923,1252.7692307692307,173.92307692307713,123.0,3271.0,722.0,160.0,90.0,3367.285714285714,1056.5714285714287,204.0,36.0,3493.3333333333335,1087.6666666666667,36.0
241,98.0,2986.5,765.5,146.5,103.0,2550.0,1491.0,114.5,90.0,3068.5,1414.5,134.0,116.0,3007.6923076923076,1512.3846153846155,123.84615384615381,89.0,2216.0,1087.0,114.0,129.15384615384608,2618.153846153846,642.2307692307693,113.46153846153857,120.0,3151.714285714286,860.2857142857143,151.0,90.15384615384619,3331.3846153846152,1251.8461538461538,173.61538461538476,123.0,3269.9,717.0,160.0,90.0,3372.5714285714284,1058.142857142857,204.0,36.0,3499.5,1089.5,36.0
242,98.0,2983.0,766.4285714285714,144.85714285714266,103.0,2542.25,1489.75,117.125,90.0,3057.875,1411.875,133.5,116.0,3002.769230769231,1516.5384615384614,122.38461538461524,90.36363636363626,2209.090909090909,1083.909090909091,115.4545454545455,129.30769230769226,2619.3076923076924,636.4615384615385,114.92307692307668,117.0,3147.285714285714,856.7142857142857,151.0,88.0769230769231,3332.6923076923076,1250.923076923077,173.30769230769238,123.0,3268.8,712.0,160.0,90.0,3377.8571428571427,1059.7142857142858,204.0,36.0,3505.6666666666665,1091.3333333333333,36.0
243,98.0,2979.5,767.3571428571429,143.21428571428578,103.0,2534.5,1488.5,119.75,90.0,3047.25,1409.25,133.0,116.0,2997.846153846154,1520.6923076923076,120.92307692307713,91.72727272727275,2202.181818181818,1080.8181818181818,116.90909090909099,129.46153846153845,2620.4615384615386,630.6923076923077,116.38461538461524,114.0,3142.8571428571427,853.1428571428571,151.0,86.0,3334.0,1250.0,173.0,123.0,3267.7,707.0,160.0,90.0,3383.1428571428573,1061.2857142857142,204.0,36.0,3511.8333333333335,1093.1666666666667,36.0
244,98.0,2976.0,768.2857142857143,141.57142857142844,103.0,2526.75,1487.25,122.375,90.0,3036.625,1406.625,132.5,116.0,2992.923076923077,1524.8461538461538,119.46153846153811,93.09090909090901,2195.2727272727275,1077.7272727272727,118.36363636363603,129.61538461538464,2621.6153846153848,624.9230769230769,117.84615384615381,111.0,3138.4285714285716,849.5714285714286,151.0,86.0,3334.076923076923,1247.6923076923076,173.84615384615427,123.0,3266.6,702.0,160.0,90.0,3388.4285714285716,1062.857142857143,204.0,36.0,3518.0,1095.0,36.0
245,98.0,2972.5,769.2142857142857,139.92857142857156,103.0,2519.0,1486.0,125.0,90.0,3026.0,1404.0,132.0,116.0,2988.0,1529.0,118.0,94.45454545454527,2188.3636363636365,1074.6363636363637,119.81818181818153,129.76923076923072,2622.769230769231,619.1538461538462,119.30769230769192,108.0,3134.0,846.0,151.0,86.0,3334.153846153846,1245.3846153846155,174.69230769230762,123.0,3265.5,697.0,160.0,90.0,3393.714285714286,1064.4285714285713,204.0,35.799999999999955,3514.8,1098.4,36.0
246,98.0,2969.0,770.1428571428571,138.28571428571422,103.0,2517.25,1484.75,123.5,90.0,3004.0,1402.3333333333333,131.66666666666652,116.0,2977.125,1535.125,120.5,95.81818181818176,2181.4545454545455,1071.5454545454545,121.27272727272702,129.9230769230769,2623.923076923077,613.3846153846154,120.76923076923049,108.0,3126.714285714286,844.1428571428571,151.0,86.0,3334.230769230769,1243.076923076923,175.5384615384619,123.0,3264.4,692.0,160.0,90.0,3399.0,1066.0,204.0,35.600000000000136,3511.6,1101.8,36.0
247,98.0,2965.5,771.0714285714286,136.64285714285734,103.0,2515.5,1483.5,122.0,90.0,2982.0,1400.6666666666667,131.33333333333348,116.0,2966.25,1541.25,123.0,97.18181818181824,2174.5454545454545,1068.4545454545455,122.72727272727298,130.0769230769231,2625.076923076923,607.6153846153846,122.23076923076951,108.0,3119.4285714285716,842.2857142857143,151.0,86.0,3334.3076923076924,1240.7692307692307,176.38461538461524,123.0,3263.3,687.0,160.0,92.46153846153834,3402.769230769231,1064.2307692307693,205.53846153846143,35.399999999999864,3508.4,1105.2,36.0
248,98.0,2962.0,772.0,135.0,103.0,2513.75,1482.25,120.5,90.0,2960.0,1399.0,131.0,116.0,2955.375,1547.375,125.5,98.54545454545473,2167.6363636363635,1065.3636363636363,124.18181818181847,130.23076923076928,2626.230769230769,601.8461538461538,123.69230769230808,108.0,3112.1428571428573,840.4285714285714,151.0,86.0,3334.3846153846152,1238.4615384615386,177.2307692307695,123.0,3262.2,682.0,160.0,94.9230769230769,3406.5384615384614,1062.4615384615386,207.07692307692332,35.200000000000045,3505.2,1108.6,36.0
249,98.0,2952.8333333333335,771.8333333333334,138.0,103.0,2512.0,1481.0,119.0,93.0,2946.25,1394.25,134.25,116.0,2944.5,1553.5,128.0,99.90909090909099,2160.7272727272725,1062.2727272727273,125.63636363636397,130.38461538461536,2627.3846153846152,596.0769230769231,125.15384615384619,108.0,3104.8571428571427,838.5714285714286,151.0,86.0,3334.4615384615386,1236.1538461538462,178.07692307692287,123.0,3261.1,677.0,160.0,97.38461538461547,3410.3076923076924,1060.6923076923076,208.61538461538476,35.0,3502.0,1112.0,36.0
250,98.0,2943.6666666666665,771.6666666666666,141.0,103.0,2506.8888888888887,1479.888888888889,119.0,96.0,2932.5,1389.5,137.5,116.0,2933.625,1559.625,130.5,101.27272727272725,2153.818181818182,1059.1818181818182,127.09090909090901,130.53846153846155,2628.5384615384614,590.3076923076923,126.61538461538476,108.0,3097.5714285714284,836.7142857142857,151.0,86.0,3334.5384615384614,1233.8461538461538,178.92307692307713,123.0,3260.0,672.0,160.0,99.84615384615381,3414.076923076923,1058.923076923077,210.1538461538462,32.5,3503.0,1117.0,34.0
251,98.0,2934.5,771.5,144.0,103.0,2501.777777777778,1478.7777777777778,119.0,99.0,2918.75,1384.75,140.75,116.0,2922.75,1565.75,133.0,102.63636363636374,2146.909090909091,1056.090909090909,128.5454545454545,130.69230769230774,2629.6923076923076,584.5384615384615,128.07692307692332,108.0,3090.285714285714,834.8571428571429,151.0,86.0,3334.6153846153848,1231.5384615384614,179.7692307692305,120.88888888888891,3260.0,667.2222222222222,160.0,102.30769230769238,3417.846153846154,1057.1538461538462,211.69230769230762,30.0,3504.0,1122.0,32.0
252,98.0,2925.3333333333335,771.3333333333334,147.0,103.0,2496.6666666666665,1477.6666666666667,119.0,102.0,2905.0,1380.0,144.0,116.0,2911.875,1571.875,135.5,104.0,2140.0,1053.0,130.0,130.84615384615392,2630.846153846154,578.7692307692307,129.53846153846143,108.0,3083.0,833.0,151.0,86.0,3334.6923076923076,1229.2307692307693,180.61538461538476,118.77777777777771,3260.0,662.4444444444445,160.0,104.76923076923072,3421.6153846153848,1055.3846153846155,213.23076923076906,31.0,3516.0,1121.0,33.0
253,98.0,2916.1666666666665,771.1666666666666,150.0,103.0,2491.5555555555557,1476.5555555555557,119.0,101.14285714285734,2892.5714285714284,1376.4285714285713,145.28571428571422,116.0,2901.0,1578.0,138.0,101.0,2135.2,1051.0,126.80000000000018,131.0,2632.0,573.0,131.0,108.0,3080.1428571428573,829.5714285714286,151.0,86.0,3334.769230769231,1226.923076923077,181.4615384615381,116.66666666666674,3260.0,657.6666666666666,160.0,107.23076923076928,3425.3846153846152,1053.6153846153845,214.76923076923094,32.5,3527.0,1121.5,34.0
254,98.0,2907.0,771.0,153.0,103.0,2486.4444444444443,1475.4444444444443,119.0,100.28571428571422,2880.1428571428573,1372.857142857143,146.57142857142844,116.0,2897.4285714285716,1581.2857142857142,135.14285714285688,98.0,2130.4,1049.0,123.59999999999991,131.0,2634.0,566.3,127.90000000000009,108.0,3077.285714285714,826.1428571428571,151.0,86.0,3334.846153846154,1224.6153846153845,182.30769230769238,114.55555555555554,3260.0,652.8888888888889,160.0,109.69230769230762,3429.153846153846,1051.8461538461538,216.30769230769238,34.0,3538.0,1122.0,35.0
255,98.0,2904.8571428571427,770.8571428571429,149.0,103.0,2481.3333333333335,1474.3333333333333,119.0,99.42857142857156,2867.714285714286,1369.2857142857142,147.85714285714266,116.0,2893.8571428571427,1584.5714285714287,132.28571428571468,95.0,2125.6,1047.0,120.40000000000009,131.0,2636.0,559.6,124.80000000000018,108.0,3074.4285714285716,822.7142857142857,151.0,86.0,3334.923076923077,1222.3076923076924,183.15384615384573,112.44444444444446,3260.0,648.1111111111111,160.0,112.15384615384619,3432.923076923077,1050.076923076923,217.8461538461538,33.799999999999955,3547.8,1121.2,34.79999999999973
256,98.0,2902.714285714286,770.7142857142857,145.0,103.0,2476.222222222222,1473.2222222222222,119.0,98.57142857142844,2855.285714285714,1365.7142857142858,149.14285714285734,116.0,2890.285714285714,1587.857142857143,129.42857142857156,92.0,2120.8,1045.0,117.19999999999982,131.0,2638.0,552.9,121.69999999999982,108.0,3071.5714285714284,819.2857142857143,151.0,86.0,3335.0,1220.0,184.0,110.33333333333326,3260.0,643.3333333333334,160.0,114.61538461538453,3436.6923076923076,1048.3076923076924,219.38461538461524,33.59999999999991,3557.6,1120.4,34.59999999999991
257,98.0,2900.5714285714284,770.5714285714286,141.0,103.0,2471.1111111111113,1472.111111111111,119.0,97.71428571428578,2842.8571428571427,1362.142857142857,150.42857142857156,116.0,2886.714285714286,1591.142857142857,126.57142857142844,89.0,2116.0,1043.0,114.0,131.0,2640.0,546.2,118.59999999999991,108.0,3068.714285714286,815.8571428571429,151.0,87.46153846153834,3334.6153846153848,1216.3846153846155,183.07692307692287,108.22222222222229,3260.0,638.5555555555555,160.0,117.0769230769231,3440.4615384615386,1046.5384615384614,220.92307692307668,33.40000000000009,3567.4,1119.6,34.40000000000009
258,98.0,2898.4285714285716,770.4285714285714,137.0,103.0,2466.0,1471.0,119.0,96.85714285714266,2830.4285714285716,1358.5714285714287,151.71428571428578,116.0,2883.1428571428573,1594.4285714285713,123.71428571428532,89.0,2108.090909090909,1040.909090909091,115.5454545454545,131.0,2642.0,539.5,115.5,108.0,3065.8571428571427,812.4285714285714,151.0,88.9230769230769,3334.230769230769,1212.7692307692307,182.1538461538462,106.11111111111109,3260.0,633.7777777777778,160.0,119.53846153846166,3444.230769230769,1044.7692307692307,222.46153846153857,33.200000000000045,3577.2,1118.8,34.20000000000027
259,98.0,2896.285714285714,770.2857142857143,133.0,102.25,2459.0,1470.25,121.25,96.0,2818.0,1355.0,153.0,116.0,2879.5714285714284,1597.7142857142858,120.85714285714312,89.0,2100.181818181818,1038.8181818181818,117.09090909090946,131.0,2644.0,532.8,112.40000000000009,108.0,3063.0,809.0,151.0,90.38461538461524,3333.846153846154,1209.1538461538462,181.23076923076906,104.0,3260.0,629.0,160.0,122.0,3448.0,1043.0,224.0,33.0,3587.0,1118.0,34.0
260,98.0,2894.1428571428573,770.1428571428571,129.0,101.5,2452.0,1469.5,123.5,95.0,2805.5,1351.5,149.33333333333348,116.0,2876.0,1601.0,118.0,89.0,2092.2727272727275,1036.7272727272727,118.63636363636351,131.0,2646.0,526.1,109.30000000000018,108.0,3057.125,806.625,151.0,91.84615384615404,3333.4615384615386,1205.5384615384614,180.30769230769238,106.28571428571422,3257.8571428571427,624.2857142857143,160.0,117.83333333333326,3456.1666666666665,1048.0,219.0,32.66666666666674,3593.3333333333335,1117.0,34.0
261,98.0,2892.0,770.0,125.0,100.75,2445.0,1468.75,125.75,94.0,2793.0,1348.0,145.66666666666652,116.0,2861.4,1603.2,121.19999999999982,89.0,2084.3636363636365,1034.6363636363637,120.18181818181802,131.0,2648.0,519.4,106.19999999999982,108.0,3051.25,804.25,151.0,93.30769230769238,3333.076923076923,1201.923076923077,179.3846153846157,108.57142857142856,3255.714285714286,619.5714285714286,160.0,113.66666666666674,3464.3333333333335,1053.0,214.0,32.33333333333326,3599.6666666666665,1116.0,34.0
262,98.0,2881.5,769.8333333333334,129.33333333333348,100.0,2438.0,1468.0,128.0,93.0,2780.5,1344.5,142.0,116.0,2846.8,1605.4,124.39999999999964,89.0,2076.4545454545455,1032.5454545454545,121.72727272727252,131.0,2650.0,512.7,103.09999999999991,108.0,3045.375,801.875,151.0,94.76923076923072,3332.6923076923076,1198.3076923076924,178.46153846153857,110.85714285714278,3253.5714285714284,614.8571428571429,160.0,109.5,3472.5,1058.0,209.0,32.0,3606.0,1115.0,34.0
263,98.0,2871.0,769.6666666666666,133.66666666666652,99.20000000000005,2437.8,1467.6,121.59999999999991,92.0,2768.0,1341.0,138.33333333333348,116.0,2832.2,1607.6,127.60000000000036,89.0,2068.5454545454545,1030.4545454545455,123.27272727272748,131.0,2652.0,506.0,100.0,108.0,3039.5,799.5,151.0,96.23076923076928,3332.3076923076924,1194.6923076923076,177.53846153846143,113.14285714285722,3251.4285714285716,610.1428571428571,160.0,105.33333333333326,3480.6666666666665,1063.0,204.0,32.0,3613.6666666666665,1114.0,34.0
264,98.0,2860.5,769.5,138.0,98.39999999999986,2437.6,1467.2,115.20000000000027,91.0,2755.5,1337.5,134.66666666666652,116.0,2817.6,1609.8,130.80000000000018,89.0,2060.6363636363635,1028.3636363636363,124.81818181818198,131.76470588235298,2647.1176470588234,499.5882352941176,101.47058823529414,108.0,3033.625,797.125,151.0,97.69230769230762,3331.923076923077,1191.076923076923,176.6153846153843,115.42857142857144,3249.285714285714,605.4285714285714,160.0,101.16666666666674,3488.8333333333335,1068.0,199.0,32.0,3621.3333333333335,1113.0,34.0
265,98.0,2850.0,769.3333333333334,142.33333333333348,97.60000000000014,2437.4,1466.8,108.79999999999973,90.0,2743.0,1334.0,131.0,116.0,2803.0,1612.0,134.0,89.0,2052.7272727272725,1026.2727272727273,126.36363636363649,132.5294117647059,2642.235294117647,493.1764705882353,102.94117647058829,108.0,3027.75,794.75,151.0,99.15384615384596,3331.5384615384614,1187.4615384615386,175.69230769230762,117.71428571428578,3247.1428571428573,600.7142857142857,160.0,97.0,3497.0,1073.0,194.0,32.0,3629.0,1112.0,34.0
266,98.0,2839.5,769.1666666666666,146.66666666666652,96.79999999999995,2437.2,1466.4,102.40000000000009,90.0,2725.1666666666665,1330.8333333333333,134.16666666666697,116.0,2791.5,1614.7,135.4000000000001,89.0,2044.8181818181818,1024.1818181818182,127.90909090909076,133.29411764705878,2637.3529411764707,486.7647058823529,104.41176470588243,108.0,3021.875,792.375,151.0,100.61538461538476,3331.153846153846,1183.8461538461538,174.76923076923094,120.0,3245.0,596.0,160.0,97.0,3498.6,1073.8,194.0,32.0,3633.3333333333335,1107.6666666666667,34.0
267,98.0,2829.0,769.0,151.0,96.0,2437.0,1466.0,96.0,90.0,2707.3333333333335,1327.6666666666667,137.33333333333303,116.0,2780.0,1617.4,136.80000000000018,88.99999999999989,2036.909090909091,1022.0909090909091,129.4545454545455,134.0588235294117,2632.470588235294,480.3529411764706,105.88235294117658,108.0,3016.0,790.0,151.0,102.0769230769231,3330.769230769231,1180.2307692307693,173.8461538461538,114.66666666666663,3243.0,591.3333333333334,160.0,97.0,3500.2,1074.6,194.0,32.0,3637.6666666666665,1103.3333333333333,34.0
268,98.0,2822.5,768.75,151.375,96.0,2426.75,1465.25,99.875,90.0,2689.5,1324.5,140.5,116.0,2768.5,1620.1,138.19999999999982,89.0,2029.0,1020.0,131.0,134.8235294117647,2627.5882352941176,473.94117647058823,107.35294117647072,108.0,3009.0,786.2222222222222,151.0,103.53846153846166,3330.3846153846152,1176.6153846153845,172.92307692307713,109.33333333333337,3241.0,586.6666666666666,160.0,97.0,3501.8,1075.4,194.0,32.0,3642.0,1099.0,34.0
269,98.0,2816.0,768.5,151.75,96.0,2416.5,1464.5,103.75,90.0,2671.6666666666665,1321.3333333333333,143.66666666666697,116.0,2757.0,1622.8,139.5999999999999,88.99999999999989,2019.904761904762,1018.2857142857143,131.0,135.58823529411768,2622.705882352941,467.52941176470586,108.82352941176487,108.0,3002.0,782.4444444444445,151.0,105.0,3330.0,1173.0,172.0,104.0,3239.0,582.0,160.0,97.0,3503.4,1076.2,194.0,31.666666666666742,3641.6666666666665,1097.3333333333333,34.0
270,98.0,2809.5,768.25,152.125,96.0,2406.25,1463.75,107.625,90.0,2653.8333333333335,1318.1666666666667,146.83333333333303,116.0,2745.5,1625.5,141.0,89.00000000000011,2010.8095238095239,1016.5714285714286,131.0,136.3529411764706,2617.823529411765,461.11764705882354,110.29411764705856,108.0,2995.0,778.6666666666666,151.0,105.0,3329.4166666666665,1169.4166666666667,172.0,104.0,3233.75,577.625,160.0,97.0,3505.0,1077.0,194.0,31.333333333333258,3641.3333333333335,1095.6666666666667,34.0
271,98.0,2803.0,768.0,152.5,96.0,2396.0,1463.0,111.5,90.0,2636.0,1315.0,150.0,116.0,2734.0,1628.2,142.4000000000001,89.0,2001.7142857142858,1014.8571428571429,131.0,137.1176470588236,2612.9411764705883,454.70588235294116,111.7647058823527,108.0,2988.0,774.8888888888889,151.0,105.0,3328.8333333333335,1165.8333333333333,172.0,104.0,3228.5,573.25,160.0,97.0,3506.6,1077.8,194.0,31.0,3641.0,1094.0,34.0
272,98.0,2796.5,767.75,152.875,96.0,2385.75,1462.25,115.375,90.0,2622.5,1310.9166666666667,150.08333333333348,116.0,2722.5,1630.9,143.80000000000018,89.0,1992.6190476190477,1013.1428571428571,131.0,137.8823529411764,2608.0588235294117,448.29411764705884,113.2352941176473,108.0,2981.0,771.1111111111111,151.0,105.0,3328.25,1162.25,172.0,104.0,3223.25,568.875,160.0,97.0,3508.2,1078.6,194.0,31.0,3643.6666666666665,1090.0,33.66666666666697
273,98.0,2790.0,767.5,153.25,96.0,2375.5,1461.5,119.25,90.0,2609.0,1306.8333333333333,150.16666666666652,116.0,2711.0,1633.6,145.19999999999982,88.99999999999989,1983.5238095238096,1011.4285714285714,131.0,138.6470588235294,2603.176470588235,441.88235294117646,114.70588235294144,108.0,2974.0,767.3333333333334,151.0,105.0,3327.6666666666665,1158.6666666666667,172.0,104.0,3218.0,564.5,160.0,97.0,3509.8,1079.4,194.0,31.0,3646.3333333333335,1086.0,33.33333333333303
274,98.0,2783.5,767.25,153.625,96.0,2365.25,1460.75,123.125,90.0,2595.5,1302.75,150.25,116.0,2699.5,1636.3,146.5999999999999,89.00000000000011,1974.4285714285713,1009.7142857142857,131.00000000000023,139.41176470588232,2598.294117647059,435.47058823529414,116.17647058823513,108.0,2967.0,763.5555555555555,151.0,105.0,3327.0833333333335,1155.0833333333333,172.0,104.0,3212.75,560.125,160.0,97.0,3511.4,1080.2,194.0,31.0,3649.0,1082.0,33.0
275,98.0,2777.0,767.0,154.0,96.0,2355.0,1460.0,127.0,90.0,2582.0,1298.6666666666667,150.33333333333348,116.0,2688.0,1639.0,148.0,89.0,1965.3333333333333,1008.0,131.00000000000023,140.1764705882353,2593.4117647058824,429.05882352941177,117.64705882352928,108.0,2960.0,759.7777777777778,151.0,105.0,3326.5,1151.5,172.0,104.0,3207.5,555.75,160.0,97.0,3513.0,1081.0,194.0,30.75,3651.75,1080.0,33.0
276,98.0,2770.5,766.75,154.375,96.0,2349.9285714285716,1459.642857142857,127.0,90.0,2568.5,1294.5833333333333,150.41666666666652,116.0,2681.25,1640.25,140.5,88.99999999999989,1956.2380952380952,1006.2857142857143,131.00000000000023,140.9411764705883,2588.529411764706,422.6470588235294,119.11764705882342,108.0,2953.0,756.0,151.0,105.0,3325.9166666666665,1147.9166666666667,172.0,104.0,3202.25,551.375,160.0,97.0,3513.5714285714284,1081.0,194.0,30.5,3654.5,1078.0,33.0
277,98.0,2764.0,766.5,154.75,96.0,2344.8571428571427,1459.2857142857142,127.0,90.0,2555.0,1290.5,150.5,116.0,2674.5,1641.5,133.0,89.00000000000011,1947.142857142857,1004.5714285714286,131.00000000000023,141.70588235294122,2583.6470588235293,416.2352941176471,120.58823529411757,108.0,2948.1111111111113,753.8888888888889,151.0,105.0,3325.3333333333335,1144.3333333333333,172.0,104.0,3197.0,547.0,160.0,97.0,3514.1428571428573,1081.0,194.0,30.25,3657.25,1076.0,33.0
278,98.0,2757.5,766.25,155.125,96.0,2339.785714285714,1458.9285714285713,127.0,90.0,2541.5,1286.4166666666667,150.58333333333348,116.0,2667.75,1642.75,125.5,89.0,1938.047619047619,1002.8571428571429,131.00000000000023,142.4705882352941,2578.764705882353,409.8235294117647,122.05882352941171,108.0,2943.222222222222,751.7777777777778,151.0,105.0,3324.75,1140.75,172.0,112.0,3196.6666666666665,539.6666666666666,154.66666666666697,97.0,3514.714285714286,1081.0,194.0,30.0,3660.0,1074.0,33.0
279,98.0,2751.0,766.0,155.5,96.0,2334.714285714286,1458.5714285714287,127.0,90.0,2528.0,1282.3333333333333,150.66666666666652,116.0,2661.0,1644.0,118.0,89.0,1928.952380952381,1001.1428571428571,130.99999999999977,143.23529411764707,2573.8823529411766,403.4117647058823,123.52941176470586,108.0,2938.3333333333335,749.6666666666666,151.0,105.0,3324.1666666666665,1137.1666666666667,172.0,120.0,3196.3333333333335,532.3333333333334,149.33333333333303,97.0,3515.285714285714,1081.0,194.0,30.0,3660.0,1072.0,33.0
280,98.0,2744.5,765.75,155.875,96.0,2329.6428571428573,1458.2142857142858,127.0,90.0,2514.5,1278.25,150.75,116.0,2646.714285714286,1646.4285714285713,121.71428571428578,88.99999999999989,1919.857142857143,999.4285714285714,130.99999999999977,144.0,2569.0,397.0,125.0,108.0,2933.4444444444443,747.5555555555555,151.0,105.0,3323.5833333333335,1133.5833333333333,172.0,128.0,3196.0,525.0,144.0,97.0,3515.8571428571427,1081.0,194.0,30.0,3660.0,1070.0,33.0
281,98.0,2738.0,765.5,156.25,96.0,2324.5714285714284,1457.857142857143,127.0,90.0,2501.0,1274.1666666666667,150.83333333333348,116.0,2632.4285714285716,1648.857142857143,125.4285714285711,89.00000000000011,1910.7619047619048,997.7142857142857,131.0,142.93333333333328,2564.4,393.8666666666667,124.40000000000009,108.0,2928.5555555555557,745.4444444444445,151.0,105.0,3323.0,1130.0,172.0,123.75,3195.75,517.75,138.75,97.0,3516.4285714285716,1081.0,194.0,30.0,3660.0,1068.0,33.0
282,98.0,2731.5,765.25,156.625,96.0,2319.5,1457.5,127.0,90.0,2487.5,1270.0833333333333,150.91666666666652,116.0,2618.1428571428573,1651.2857142857142,129.14285714285688,89.0,1901.6666666666667,996.0,131.0,141.86666666666667,2559.8,390.73333333333335,123.79999999999973,108.0,2923.6666666666665,743.3333333333334,151.0,105.0,3320.214285714286,1127.4285714285713,173.42857142857156,119.5,3195.5,510.5,133.5,97.0,3517.0,1081.0,194.0,30.0,3655.0,1068.3333333333333,33.0
283,98.0,2725.0,765.0,157.0,96.0,2314.4285714285716,1457.142857142857,127.0,90.0,2474.0,1266.0,151.0,116.0,2603.8571428571427,1653.7142857142858,132.85714285714312,88.99999999999989,1892.5714285714284,994.2857142857143,131.0,140.79999999999995,2555.2,387.6,123.20000000000027,108.0,2918.777777777778,741.2222222222222,151.0,105.0,3317.4285714285716,1124.857142857143,174.85714285714266,115.25,3195.25,503.25,128.25,97.0,3516.6,1081.9,194.0,30.0,3650.0,1068.6666666666667,33.0
284,98.0,2719.8333333333335,764.0,156.75,96.0,2309.3571428571427,1456.7857142857142,127.0,90.0,2460.086956521739,1262.5217391304348,151.0,116.0,2589.5714285714284,1656.142857142857,136.5714285714289,89.00000000000011,1883.4761904761904,992.5714285714286,131.0,139.7333333333334,2550.6,384.46666666666664,122.59999999999991,108.0,2913.8888888888887,739.1111111111111,151.0,105.0,3314.6428571428573,1122.2857142857142,176.28571428571422,111.0,3195.0,496.0,123.0,97.0,3516.2,1082.8,194.0,30.0,3645.0,1069.0,33.0
285,98.0,2714.6666666666665,763.0,156.5,96.0,2304.285714285714,1456.4285714285713,127.0,90.0,2446.1739130434785,1259.0434782608695,151.0,116.0,2575.285714285714,1658.5714285714287,140.28571428571422,89.0,1874.3809523809523,990.8571428571429,131.0,138.66666666666669,2546.0,381.3333333333333,122.0,108.0,2909.0,737.0,151.0,105.0,3311.8571428571427,1119.7142857142858,177.71428571428578,110.99999999999994,3182.4285714285716,488.14285714285717,127.0,97.0,3515.8,1083.7,194.0,30.0,3629.3333333333335,1070.3333333333333,33.0
286,98.0,2709.5,762.0,156.25,96.0,2299.214285714286,1456.0714285714287,127.0,90.0,2432.2608695652175,1255.5652173913043,151.0,116.0,2561.0,1661.0,144.0,89.0,1865.2857142857142,989.1428571428571,131.0,137.59999999999997,2541.4,378.2,121.40000000000009,108.0,2901.266666666667,734.8,151.0,105.0,3309.0714285714284,1117.142857142857,179.14285714285734,111.00000000000006,3169.8571428571427,480.2857142857143,131.0,97.0,3515.4,1084.6,194.0,30.0,3613.6666666666665,1071.6666666666667,33.0
287,98.0,2704.3333333333335,761.0,156.0,96.0,2294.1428571428573,1455.7142857142858,127.0,90.0,2418.3478260869565,1252.0869565217392,151.0,116.0,2548.4545454545455,1662.1363636363637,144.1363636363635,88.99999999999989,1856.1904761904761,987.4285714285714,131.0,136.53333333333336,2536.8,375.06666666666666,120.79999999999973,108.0,2893.5333333333333,732.6,151.0,105.0,3306.285714285714,1114.5714285714287,180.57142857142844,111.0,3157.285714285714,472.42857142857144,135.0,97.0,3515.0,1085.5,194.0,30.0,3598.0,1073.0,33.0
288,98.0,2699.1666666666665,760.0,155.75,96.0,2289.0714285714284,1455.357142857143,127.0,90.0,2404.4347826086955,1248.608695652174,151.0,116.0,2535.909090909091,1663.2727272727273,144.27272727272702,89.00000000000011,1847.095238095238,985.7142857142857,131.0,135.46666666666664,2532.2,371.93333333333334,120.20000000000027,108.0,2885.8,730.4,151.0,105.0,3303.5,1112.0,182.0,111.0,3144.714285714286,464.57142857142856,139.0,97.0,3514.6,1086.4,194.0,30.0,3570.0,1073.0,33.0
289,98.0,2694.0,759.0,155.5,96.0,2284.0,1455.0,127.0,90.0,2390.521739130435,1245.1304347826087,151.0,116.0,2523.3636363636365,1664.409090909091,144.409090909091,89.0,1838.0,984.0,131.0,134.39999999999998,2527.6,368.8,119.59999999999991,108.0,2878.0666666666666,728.2,151.0,105.0,3300.714285714286,1109.4285714285713,183.42857142857156,110.99999999999994,3132.1428571428573,456.7142857142857,143.0,97.0,3514.2,1087.3,194.0,30.0,3542.0,1073.0,33.0
290,98.0,2688.8333333333335,758.0,155.25,96.0,2277.6875,1454.25,127.0,90.0,2376.608695652174,1241.6521739130435,151.0,116.0,2510.818181818182,1665.5454545454545,144.5454545454545,88.62068965517255,1827.8275862068965,982.8620689655172,131.1724137931035,133.33333333333331,2523.0,365.6666666666667,119.0,108.0,2870.3333333333335,726.0,151.0,105.0,3297.9285714285716,1106.857142857143,184.85714285714266,111.0,3119.5714285714284,448.8571428571429,147.0,97.0,3513.8,1088.2,194.0,30.0,3516.5,1074.5,33.0
291,98.0,2683.6666666666665,757.0,155.0,96.0,2271.375,1453.5,127.0,90.0,2362.695652173913,1238.1739130434783,151.0,116.0,2498.2727272727275,1666.6818181818182,144.68181818181802,88.24137931034477,1817.655172413793,981.7241379310345,131.34482758620697,132.26666666666665,2518.4,362.53333333333336,118.40000000000009,108.0,2862.6,723.8,151.0,105.0,3295.1428571428573,1104.2857142857142,186.28571428571422,111.0,3107.0,441.0,151.0,97.0,3513.4,1089.1,194.0,30.0,3491.0,1076.0,33.0
292,98.0,2678.5,756.0,154.75,96.0,2265.0625,1452.75,127.0,90.0,2348.782608695652,1234.695652173913,151.0,116.0,2485.7272727272725,1667.8181818181818,144.81818181818198,87.86206896551732,1807.4827586206898,980.5862068965517,131.51724137931024,131.20000000000005,2513.8,359.4,117.79999999999973,108.0,2854.866666666667,721.6,151.0,105.0,3292.3571428571427,1101.7142857142858,187.71428571428578,111.0,3098.3333333333335,436.0,151.0,97.0,3513.0,1090.0,194.0,30.0,3463.5,1078.0,33.0
293,98.0,2673.3333333333335,755.0,154.5,96.0,2258.75,1452.0,127.0,90.0,2334.8695652173915,1231.2173913043478,151.0,116.0,2473.181818181818,1668.9545454545455,144.9545454545455,87.48275862068965,1797.3103448275863,979.448275862069,131.68965517241372,130.13333333333333,2509.2,356.26666666666665,117.20000000000027,108.0,2847.133333333333,719.4,151.0,105.0,3289.5714285714284,1099.142857142857,189.14285714285734,111.0,3089.6666666666665,431.0,151.0,97.0,3506.25,1092.125,194.0,30.0,3436.0,1080.0,33.0
294,98.0,2668.1666666666665,754.0,154.25,96.0,2252.4375,1451.25,127.0,90.0,2320.9565217391305,1227.7391304347825,151.0,116.0,2460.6363636363635,1670.090909090909,145.090909090909,87.1034482758622,1787.1379310344828,978.3103448275862,131.8620689655172,129.06666666666666,2504.6,353.1333333333333,116.59999999999991,108.0,2839.4,717.2,151.0,105.0,3286.785714285714,1096.5714285714287,190.57142857142844,111.0,3081.0,426.0,151.0,97.0,3499.5,1094.25,194.0,30.0,3412.0,1081.5,33.0
295,98.0,2663.0,753.0,154.0,96.0,2246.125,1450.5,127.0,90.0,2307.0434782608695,1224.2608695652175,151.0,116.0,2448.090909090909,1671.2272727272727,145.22727272727298,86.72413793103442,1776.9655172413793,977.1724137931035,132.0344827586207,128.0,2500.0,350.0,116.0,108.0,2831.6666666666665,715.0,151.0,105.0,3284.0,1094.0,192.0,111.0,3072.3333333333335,421.0,151.0,97.0,3492.75,1096.375,194.0,30.0,3388.0,1083.0,33.0
296,98.0,2656.1944444444443,753.25,153.77777777777783,96.0,2239.8125,1449.75,127.0,90.0,2293.1304347826085,1220.7826086956522,151.0,116.0,2435.5454545454545,1672.3636363636363,145.3636363636365,86.34482758620697,1766.7931034482758,976.0344827586207,132.20689655172418,126.53846153846155,2492.6153846153848,348.0,117.92307692307668,108.0,2823.9333333333334,712.8,151.0,105.0,3281.0,1092.25,192.0,111.0,3063.6666666666665,416.0,151.0,97.0,3486.0,1098.5,194.0,30.0,3389.0,1085.5,33.0
297,98.0,2649.3888888888887,753.5,153.55555555555566,96.0,2233.5,1449.0,127.0,90.0,2279.217391304348,1217.304347826087,151.0,116.0,2423.0,1673.5,145.5,85.9655172413793,1756.6206896551723,974.8965517241379,132.37931034482767,125.0769230769231,2485.230769230769,346.0,119.84615384615381,108.0,2816.2,710.6,151.0,105.0,3278.0,1090.5,192.0,111.0,3055.0,411.0,151.0,97.0,3479.25,1100.625,194.0,30.0,3390.0,1088.0,33.0
298,98.0,2642.5833333333335,753.75,153.33333333333303,96.0,2227.1875,1448.25,127.0,90.0,2265.304347826087,1213.8260869565217,151.0,116.0,2410.4545454545455,1674.6363636363637,145.6363636363635,85.58620689655186,1746.448275862069,973.7586206896551,132.55172413793093,123.61538461538464,2477.846153846154,344.0,121.76923076923094,108.0,2808.4666666666667,708.4,151.0,105.0,3275.0,1088.75,192.0,111.0,3050.0,405.25,143.875,97.0,3472.5,1102.75,194.0,30.0,3391.5,1089.5,33.0
299,98.0,2635.777777777778,754.0,153.11111111111086,96.0,2220.875,1447.5,127.0,90.0,2251.391304347826,1210.3478260869565,151.0,116.0,2397.909090909091,1675.7727272727273,145.77272727272702,85.20689655172407,1736.2758620689656,972.6206896551724,132.72413793103442,122.15384615384613,2470.4615384615386,342.0,123.69230769230762,108.0,2800.733333333333,706.2,151.0,105.0,3272.0,1087.0,192.0,111.0,3045.0,399.5,136.75,97.0,3465.75,1104.875,194.0,30.0,3393.0,1091.0,33.0
300,98.0,2628.972222222222,754.25,152.88888888888914,96.0,2214.5625,1446.75,127.0,90.0,2237.478260869565,1206.8695652173913,151.0,116.0,2385.3636363636365,1676.909090909091,145.909090909091,84.82758620689663,1726.103448275862,971.4827586206897,132.8965517241379,120.69230769230768,2463.076923076923,340.0,125.61538461538476,108.0,2793.0,704.0,151.0,105.0,3269.0,1085.25,192.0,111.0,3040.0,393.75,129.625,97.0,3459.0,1107.0,194.0,30.0,3391.5,1092.5,33.0
301,98.0,2622.1666666666665,754.5,152.66666666666697,96.0,2208.25,1446.0,127.0,90.0,2223.5652173913045,1203.391304347826,151.0,116.0,2372.818181818182,1678.0454545454545,146.0454545454545,84.44827586206895,1715.9310344827586,970.3448275862069,133.0689655172414,119.23076923076923,2455.6923076923076,338.0,127.53846153846143,108.0,2785.0,702.5,151.0,105.0,3266.0,1083.5,192.0,111.0,3035.0,388.0,122.5,97.0,3455.6666666666665,1108.4444444444443,191.77777777777783,30.0,3390.0,1094.0,33.0
302,98.0,2615.3611111111113,754.75,152.44444444444434,96.0,2201.9375,1445.25,127.0,90.0,2209.6521739130435,1199.913043478261,151.0,116.0,2360.2727272727275,1679.1818181818182,146.18181818181802,84.0689655172414,1705.7586206896551,969.2068965517242,133.24137931034488,117.76923076923077,2448.3076923076924,336.0,129.46153846153857,108.0,2777.0,701.0,151.0,105.0,3263.0,1081.75,192.0,111.0,3030.0,382.25,115.375,97.0,3452.3333333333335,1109.888888888889,189.5555555555552,30.0,3387.5,1095.5,33.0
303,98.0,2608.5555555555557,755.0,152.22222222222217,96.0,2195.625,1444.5,127.0,90.0,2195.7391304347825,1196.4347826086957,151.0,116.0,2347.7272727272725,1680.3181818181818,146.31818181818198,83.68965517241372,1695.5862068965516,968.0689655172414,133.41379310344837,116.30769230769232,2440.923076923077,334.0,131.38461538461524,108.0,2769.0,699.5,151.0,105.0,3260.0,1080.0,192.0,111.0,3025.0,376.5,108.25,97.0,3449.0,1111.3333333333333,187.33333333333348,30.0,3385.0,1097.0,33.0
304,98.0,2601.75,755.25,152.0,96.0,2189.3125,1443.75,127.0,90.0,2181.826086956522,1192.9565217391305,151.0,116.0,2335.181818181818,1681.4545454545455,146.4545454545455,83.31034482758628,1685.4137931034484,966.9310344827586,133.58620689655163,114.84615384615387,2433.5384615384614,332.0,133.30769230769238,108.0,2761.0,698.0,151.0,107.5,3254.9,1077.1,190.19999999999982,111.0,3020.0,370.75,101.125,97.0,3445.6666666666665,1112.7777777777778,185.1111111111113,30.0,3380.0,1095.5,33.0
305,98.0,2594.9444444444443,755.5,151.77777777777783,96.0,2183.0,1443.0,127.0,90.0,2167.913043478261,1189.4782608695652,151.0,116.0,2322.6363636363635,1682.590909090909,146.590909090909,82.9310344827586,1675.2413793103449,965.7931034482758,133.75862068965512,113.38461538461536,2426.153846153846,330.0,135.23076923076906,108.0,2753.0,696.5,151.0,110.0,3249.8,1074.2,188.39999999999964,111.0,3015.0,365.0,94.0,97.0,3442.3333333333335,1114.2222222222222,182.8888888888887,30.0,3375.0,1094.0,33.0
306,98.0,2588.1388888888887,755.75,151.55555555555566,96.0,2179.3333333333335,1442.6666666666667,127.0,90.0,2154.0,1186.0,151.0,116.0,2310.090909090909,1683.7272727272727,146.72727272727298,82.55172413793105,1665.0689655172414,964.6551724137931,133.9310344827586,111.9230769230769,2418.769230769231,328.0,137.1538461538462,108.0,2745.0,695.0,151.0,112.5,3244.7,1071.3,186.60000000000036,109.0,2987.5,361.5,111.0,97.0,3439.0,1115.6666666666667,180.66666666666652,30.0,3368.0,1090.5,33.0
307,98.0,2581.3333333333335,756.0,151.33333333333303,96.0,2175.6666666666665,1442.3333333333333,127.0,90.0,2138.6666666666665,1183.5,151.0,116.0,2297.5454545454545,1684.8636363636363,146.8636363636365,82.17241379310337,1654.896551724138,963.5172413793103,134.1034482758621,110.46153846153845,2411.3846153846152,326.0,139.07692307692332,108.0,2737.0,693.5,151.0,115.0,3239.6,1068.4,184.80000000000018,107.0,2960.0,358.0,128.0,97.0,3435.6666666666665,1117.111111111111,178.4444444444448,30.0,3361.0,1087.0,33.0
308,98.0,2574.527777777778,756.25,151.11111111111086,96.0,2172.0,1442.0,127.0,90.0,2123.3333333333335,1181.0,151.0,116.0,2285.0,1686.0,147.0,81.79310344827593,1644.7241379310344,962.3793103448276,134.27586206896558,109.0,2404.0,324.0,141.0,108.0,2729.0,692.0,151.0,117.5,3234.5,1065.5,183.0,105.25,2949.5,354.25,127.75,97.0,3432.3333333333335,1118.5555555555557,176.22222222222217,30.0,3347.5,1082.5,33.0
309,98.0,2567.722222222222,756.5,150.88888888888914,96.0,2165.0,1441.2,127.0,90.0,2108.0,1178.5,151.0,116.0,2271.878787878788,1686.3939393939395,147.0,81.41379310344814,1634.551724137931,961.2413793103449,134.44827586206907,109.0,2398.133333333333,322.1333333333333,141.0,108.0,2721.0,690.5,151.0,120.0,3229.4,1062.6,181.19999999999982,103.5,2939.0,350.5,127.5,97.0,3429.0,1120.0,174.0,30.0,3334.0,1078.0,33.0
310,98.0,2560.9166666666665,756.75,150.66666666666697,96.0,2158.0,1440.4,127.0,90.0,2092.6666666666665,1176.0,151.0,116.0,2258.757575757576,1686.7878787878788,147.0,81.0344827586207,1624.3793103448277,960.1034482758621,134.62068965517233,109.0,2392.266666666667,320.26666666666665,141.0,108.0,2713.0,689.0,151.0,122.5,3224.3,1059.7,179.39999999999964,101.75,2928.5,346.75,127.25,97.0,3426.0,1123.2222222222222,174.0,30.0,3322.5,1074.5,33.0
311,98.0,2554.1111111111113,757.0,150.44444444444434,96.0,2151.0,1439.6,127.0,90.0,2077.3333333333335,1173.5,151.0,116.0,2245.6363636363635,1687.1818181818182,147.0,80.65517241379303,1614.2068965517242,958.9655172413793,134.79310344827582,109.0,2386.4,318.4,141.0,108.0,2705.0,687.5,151.0,125.0,3219.2,1056.8,177.60000000000036,100.0,2918.0,343.0,127.0,97.0,3423.0,1126.4444444444443,174.0,30.0,3311.0,1071.0,33.0
312,98.0,2547.3055555555557,757.25,150.22222222222217,96.0,2144.0,1438.8,127.0,90.0,2062.0,1171.0,151.0,116.0,2232.5151515151515,1687.5757575757575,147.0,80.27586206896558,1604.0344827586207,957.8275862068965,134.9655172413793,109.0,2380.5333333333333,316.53333333333336,141.0,108.0,2697.0,686.0,151.0,127.5,3214.1,1053.9,175.80000000000018,101.5,2904.5,339.75,129.0,97.0,3420.0,1129.6666666666667,174.0,30.0,3304.0,1067.6666666666667,33.0
313,98.0,2540.5,757.5,150.0,96.0,2137.0,1438.0,127.0,90.0,2048.25,1168.0,150.5,116.0,2219.3939393939395,1687.969696969697,147.0,79.8965517241378,1593.8620689655172,956.6896551724138,135.1379310344828,109.0,2374.6666666666665,314.6666666666667,141.0,108.0,2689.0,684.5,151.0,130.0,3209.0,1051.0,174.0,103.0,2891.0,336.5,131.0,97.0,3417.0,1132.888888888889,174.0,30.0,3297.0,1064.3333333333333,33.0
314,98.0,2533.6944444444443,757.75,149.77777777777783,96.0,2130.0,1437.2,127.0,90.0,2034.5,1165.0,150.0,116.0,2206.2727272727275,1688.3636363636363,147.0,79.51724137931035,1583.6896551724137,955.551724137931,135.31034482758628,109.0,2368.8,312.8,141.0,108.0,2681.0,683.0,151.0,128.91666666666652,3204.9166666666665,1046.4166666666667,170.91666666666697,104.5,2877.5,333.25,133.0,97.0,3414.0,1136.111111111111,174.0,30.0,3290.0,1061.0,33.0
315,98.0,2526.8888888888887,758.0,149.55555555555566,96.0,2123.0,1436.4,127.0,90.0,2020.75,1162.0,149.5,116.0,2193.151515151515,1688.7575757575758,147.0,79.13793103448268,1573.5172413793102,954.4137931034483,135.48275862068976,109.0,2362.9333333333334,310.93333333333334,141.0,108.0,2673.0,681.5,151.0,127.83333333333348,3200.8333333333335,1041.8333333333333,167.83333333333303,106.0,2864.0,330.0,135.0,97.0,3411.0,1139.3333333333333,174.0,30.0,3286.0,1056.3333333333333,33.0
316,98.0,2520.0833333333335,758.25,149.33333333333303,96.0,2116.0,1435.6,127.0,90.0,2007.0,1159.0,149.0,116.0,2180.030303030303,1689.1515151515152,147.0,78.75862068965523,1563.344827586207,953.2758620689655,135.65517241379303,109.0,2357.0666666666666,309.06666666666666,141.0,108.0,2665.0,680.0,151.0,126.75,3196.75,1037.25,164.75,107.5,2850.5,326.75,137.0,97.0,3408.0,1142.5555555555557,174.0,30.0,3282.0,1051.6666666666667,33.0
317,98.0,2513.277777777778,758.5,149.11111111111086,96.0,2109.0,1434.8,127.0,90.0,1994.5,1156.0,148.25,116.0,2166.909090909091,1689.5454545454545,147.0,78.37931034482745,1553.1724137931035,952.1379310344828,135.8275862068965,109.0,2351.2,307.2,141.0,108.0,2657.0,678.5,151.0,125.66666666666652,3192.6666666666665,1032.6666666666667,161.66666666666697,109.0,2837.0,323.5,139.0,97.0,3405.0,1145.7777777777778,174.0,30.0,3278.0,1047.0,33.0
318,98.0,2506.472222222222,758.75,148.88888888888914,96.0,2102.0,1434.0,127.0,90.0,1982.0,1153.0,147.5,116.0,2153.787878787879,1689.939393939394,147.0,78.0,1543.0,951.0,136.0,109.0,2345.3333333333335,305.3333333333333,141.0,108.0,2649.0,677.0,151.0,124.58333333333348,3188.5833333333335,1028.0833333333333,158.58333333333303,110.5,2823.5,320.25,141.0,97.0,3402.0,1149.0,174.0,30.0,3274.3333333333335,1042.6666666666667,33.0
319,98.0,2499.6666666666665,759.0,148.66666666666697,96.0,2097.0,1433.0,127.0,90.0,1969.5,1150.0,146.75,116.0,2140.6666666666665,1690.3333333333333,147.0,79.28571428571433,1535.0,950.2857142857143,133.42857142857133,109.0,2339.4666666666667,303.4666666666667,141.0,108.0,2641.0,675.5,151.0,123.5,3184.5,1023.5,155.5,112.0,2810.0,317.0,143.0,97.0,3394.5,1151.5,175.16666666666652,30.0,3270.6666666666665,1038.3333333333333,33.0
320,98.0,2492.8611111111113,759.25,148.44444444444434,96.0,2092.0,1432.0,127.0,90.0,1957.0,1147.0,146.0,116.0,2127.5454545454545,1690.7272727272727,147.0,80.57142857142856,1527.0,949.5714285714286,130.8571428571429,109.0,2333.6,301.6,141.0,108.0,2633.0,674.0,151.0,122.41666666666663,3180.4166666666665,1018.9166666666666,152.41666666666697,112.0,2798.125,314.375,143.0,97.0,3387.0,1154.0,176.33333333333348,30.0,3267.0,1034.0,33.0
321,98.0,2486.0555555555557,759.5,148.22222222222217,96.0,2087.0,1431.0,127.0,90.0,1943.2173913043478,1144.695652173913,145.43478260869574,116.0,2114.4242424242425,1691.121212121212,147.0,81.85714285714289,1519.0,948.8571428571429,128.28571428571422,109.0,2327.733333333333,299.73333333333335,141.0,108.0,2625.0,672.5,151.0,121.33333333333337,3176.3333333333335,1014.3333333333334,149.33333333333303,112.0,2786.25,311.75,143.0,97.0,3379.5,1156.5,177.5,30.0,3260.6666666666665,1028.6666666666667,33.0
322,98.0,2479.25,759.75,148.0,96.0,2082.0,1430.0,127.0,90.0,1929.4347826086957,1142.391304347826,144.86956521739125,116.0,2101.3030303030305,1691.5151515151515,147.0,83.14285714285711,1511.0,948.1428571428571,125.71428571428578,109.0,2321.866666666667,297.8666666666667,141.0,108.0,2617.0,671.0,151.0,120.25,3172.25,1009.75,146.25,112.0,2774.375,309.125,143.0,97.0,3372.0,1159.0,178.66666666666652,29.999999999999886,3254.3333333333335,1023.3333333333334,33.0
323,98.0,2472.4444444444443,760.0,147.77777777777783,96.0,2075.48,1428.48,127.0,90.0,1915.6521739130435,1140.0869565217392,144.304347826087,116.0,2088.181818181818,1691.909090909091,147.0,84.42857142857144,1503.0,947.4285714285714,123.14285714285711,109.0,2316.0,296.0,141.0,108.0,2609.0,669.5,151.0,119.16666666666663,3168.1666666666665,1005.1666666666666,143.16666666666697,112.0,2762.5,306.5,143.0,97.0,3364.5,1161.5,179.83333333333348,30.0,3248.0,1018.0,33.0
324,98.0,2465.6388888888887,760.25,147.55555555555566,96.0,2068.96,1426.96,127.0,90.0,1901.8695652173913,1137.7826086956522,143.73913043478274,116.0,2075.060606060606,1692.3030303030303,147.0,85.71428571428567,1495.0,946.7142857142857,120.57142857142867,109.22222222222223,2309.3703703703704,295.0740740740741,141.0,108.0,2601.0,668.0,151.0,118.08333333333337,3164.0833333333335,1000.5833333333334,140.08333333333303,112.0,2750.625,303.875,143.0,97.0,3357.0,1164.0,181.0,30.0,3236.3333333333335,1014.0,33.0
325,98.0,2458.8333333333335,760.5,147.33333333333303,96.0,2062.44,1425.44,127.0,90.0,1888.086956521739,1135.4782608695652,143.17391304347848,116.0,2061.939393939394,1692.6969696969697,147.0,87.0,1487.0,946.0,118.0,109.44444444444446,2302.740740740741,294.14814814814815,141.0,108.0,2593.0,666.5,151.0,117.0,3160.0,996.0,137.0,112.0,2738.75,301.25,143.0,97.0,3354.285714285714,1166.5714285714287,180.0,30.0,3224.6666666666665,1010.0,33.0
326,98.0,2452.027777777778,760.75,147.11111111111086,96.0,2055.92,1423.92,127.0,90.0,1874.304347826087,1133.1739130434783,142.608695652174,116.0,2048.818181818182,1693.090909090909,147.0,88.19999999999993,1479.6,943.6,115.60000000000014,109.66666666666669,2296.1111111111113,293.22222222222223,141.0,108.0,2585.0,665.0,151.0,117.0,3151.9375,994.0625,137.0,112.0,2726.875,298.625,143.0,97.0,3351.5714285714284,1169.142857142857,179.0,30.0,3213.0,1006.0,33.0
327,98.0,2445.222222222222,761.0,146.88888888888914,96.0,2049.4,1422.4,127.0,90.0,1860.5217391304348,1130.8695652173913,142.0434782608695,116.0,2035.6969696969697,1693.4848484848485,146.99999999999977,89.39999999999986,1472.2,941.2,113.20000000000005,109.88888888888886,2289.4814814814813,292.2962962962963,141.0,108.0,2577.0,663.5,151.0,117.0,3143.875,992.125,137.0,112.0,2715.0,296.0,143.0,97.0,3348.8571428571427,1171.7142857142858,178.0,29.999999999999886,3197.0,1006.3333333333334,33.0
328,98.0,2438.4166666666665,761.25,146.66666666666697,96.0,2042.88,1420.88,127.0,90.0,1846.7391304347825,1128.5652173913043,141.47826086956525,116.0,2022.5757575757575,1693.878787878788,147.0,90.60000000000014,1464.8,938.8,110.79999999999995,110.11111111111109,2282.8518518518517,291.3703703703704,141.0,108.0,2569.0,662.0,151.0,117.0,3135.8125,990.1875,137.0,112.0,2702.875,294.375,143.0,97.0,3346.1428571428573,1174.2857142857142,177.0,30.000000000000114,3181.0,1006.6666666666666,33.0
329,98.0,2431.6111111111113,761.5,146.44444444444434,96.0,2036.36,1419.36,127.00000000000023,90.0,1832.9565217391305,1126.2608695652175,140.91304347826076,116.0,2009.4545454545455,1694.2727272727273,147.0,91.80000000000007,1457.4,936.4,108.39999999999986,110.33333333333331,2276.222222222222,290.44444444444446,141.0,108.0,2561.0,660.5,151.0,117.0,3127.75,988.25,137.0,112.0,2690.75,292.75,143.0,97.0,3343.4285714285716,1176.857142857143,176.0,30.0,3165.0,1007.0,33.0
330,98.0,2424.8055555555557,761.75,146.22222222222217,96.0,2029.84,1417.84,127.00000000000023,90.0,1819.1739130434783,1123.9565217391305,140.3478260869565,116.0,1996.3333333333335,1694.6666666666667,147.0,93.0,1450.0,934.0,106.0,110.55555555555554,2269.5925925925926,289.51851851851853,141.0,108.0,2553.0,659.0,151.0,117.0,3119.6875,986.3125,137.0,112.0,2678.625,291.125,143.0,97.0,3340.714285714286,1179.4285714285713,175.0,30.000000000000114,3146.3333333333335,1004.6666666666666,33.0
331,98.0,2418.0,762.0,146.0,96.0,2023.32,1416.32,127.00000000000023,90.0,1805.391304347826,1121.6521739130435,139.78260869565224,116.0,1983.2121212121212,1695.060606060606,146.99999999999977,90.0,1442.25,937.0,112.25,110.77777777777777,2262.962962962963,288.5925925925926,141.0,108.0,2545.0,657.5,151.0,117.0,3111.625,984.375,137.0,112.0,2666.5,289.5,143.0,97.0,3338.0,1182.0,174.0,29.999999999999886,3127.6666666666665,1002.3333333333334,33.0
332,98.0,2409.9166666666665,762.75,145.75,96.0,2016.8,1414.8,127.00000000000023,90.0,1791.608695652174,1119.3478260869565,139.21739130434776,116.0,1970.090909090909,1695.4545454545455,147.0,87.0,1434.5,940.0,118.5,111.0,2256.3333333333335,287.6666666666667,141.0,108.0,2537.0,656.0,151.0,117.0,3103.5625,982.4375,137.0,112.0,2654.375,287.875,143.0,101.33333333333326,3324.3333333333335,1182.6666666666667,182.33333333333303,30.0,3109.0,1000.0,33.0
333,98.0,2401.8333333333335,763.5,145.5,96.0,2010.28,1413.28,127.00000000000023,90.0,1777.8260869565217,1117.0434782608695,138.6521739130435,116.0,1956.969696969697,1695.8484848484848,147.0,84.0,1426.75,943.0,124.75,111.22222222222223,2249.703703703704,286.74074074074076,141.0,108.0,2529.0,654.5,151.0,117.0,3095.5,980.5,137.0,112.0,2642.25,286.25,143.0,105.66666666666674,3310.6666666666665,1183.3333333333333,190.66666666666697,30.0,3092.6666666666665,998.0,33.0
334,98.0,2393.75,764.25,145.25,96.0,2003.76,1411.76,127.00000000000023,90.0,1764.0434782608695,1114.7391304347825,138.08695652173924,116.0,1943.848484848485,1696.2424242424242,147.0,81.0,1419.0,946.0,131.0,111.4444444444444,2243.074074074074,285.81481481481484,141.0,108.0,2521.0,653.0,151.0,117.0,3087.4375,978.5625,137.0,112.0,2630.125,284.625,143.0,110.0,3297.0,1184.0,199.0,30.0,3076.3333333333335,996.0,33.0
335,98.0,2385.6666666666665,765.0,145.0,96.0,1997.24,1410.24,126.99999999999977,90.0,1750.2608695652175,1112.4347826086957,137.52173913043475,116.0,1930.7272727272727,1696.6363636363637,146.99999999999977,81.1875,1413.375,944.875,130.625,111.66666666666663,2236.4444444444443,284.8888888888889,141.0,108.0,2513.0,651.5,151.0,117.0,3079.375,976.625,137.0,112.0,2618.0,283.0,143.0,108.33333333333348,3290.0,1188.3333333333333,199.0,30.0,3060.0,994.0,33.0
336,98.0,2377.5833333333335,765.75,144.75,96.0,1990.72,1408.72,126.99999999999977,90.0,1736.4782608695652,1110.1304347826087,136.9565217391305,116.0,1917.6060606060605,1697.030303030303,147.0,81.375,1407.75,943.75,130.25,111.88888888888886,2229.814814814815,283.962962962963,141.0,108.0,2505.0,650.0,151.0,117.0,3071.3125,974.6875,137.0,112.0,2605.875,281.375,143.0,106.66666666666652,3283.0,1192.6666666666667,199.0,30.0,3068.6666666666665,988.6666666666666,33.0
337,98.0,2369.5,766.5,144.5,96.0,1984.2,1407.2,126.99999999999977,90.0,1722.695652173913,1107.8260869565217,136.39130434782624,116.0,1904.4848484848485,1697.4242424242425,147.0,81.5625,1402.125,942.625,129.875,112.11111111111109,2223.185185185185,283.03703703703707,141.0,108.0,2497.0,648.5,151.0,117.0,3063.25,972.75,137.0,112.0,2593.75,279.75,143.0,105.0,3276.0,1197.0,199.0,30.0,3077.3333333333335,983.3333333333334,33.0
338,98.0,2361.4166666666665,767.25,144.25,96.0,1977.68,1405.68,126.99999999999977,90.0,1708.9130434782608,1105.5217391304348,135.82608695652175,116.0,1891.3636363636365,1697.8181818181818,147.0,81.75,1396.5,941.5,129.5,112.33333333333337,2216.5555555555557,282.1111111111111,141.0,108.0,2489.0,647.0,151.0,117.0,3055.1875,970.8125,137.0,112.0,2581.625,278.125,143.0,106.0,3275.0,1199.6666666666667,192.0,30.0,3086.0,978.0,33.0
339,98.0,2353.3333333333335,768.0,144.0,96.0,1971.16,1404.16,126.99999999999977,90.0,1695.1304347826087,1103.2173913043478,135.26086956521726,116.0,1878.2424242424242,1698.2121212121212,147.0,81.9375,1390.875,940.375,129.125,112.5555555555556,2209.925925925926,281.18518518518516,141.0,108.0,2481.0,645.5,151.0,117.0,3047.125,968.875,137.0,112.0,2569.5,276.5,143.0,107.0,3274.0,1202.3333333333333,185.0,30.0,3093.0,973.0,33.0
340,98.0,2345.25,768.75,143.75,96.0,1964.64,1402.64,126.99999999999977,90.0,1681.3478260869565,1100.9130434782608,134.695652173913,116.0,1865.121212121212,1698.6060606060605,147.0,82.125,1385.25,939.25,128.75,112.77777777777777,2203.296296296296,280.25925925925924,141.0,108.0,2473.0,644.0,151.0,117.0,3039.0625,966.9375,137.0,112.0,2557.375,274.875,143.0,108.0,3273.0,1205.0,178.0,30.0,3093.6666666666665,970.0,33.0
341,98.0,2337.1666666666665,769.5,143.5,96.0,1958.12,1401.12,127.0,90.0,1667.5652173913045,1098.608695652174,134.13043478260852,116.0,1852.0,1699.0,147.0,82.3125,1379.625,938.125,128.375,113.0,2196.6666666666665,279.3333333333333,141.0,108.0,2465.0,642.5,151.0,117.0,3031.0,965.0,137.0,112.0,2545.25,273.25,143.0,108.0,3272.5,1202.5,178.0,30.0,3094.3333333333335,967.0,33.0
342,98.0,2329.0833333333335,770.25,143.25,96.0,1951.6,1399.6,127.0,90.0,1653.7826086956522,1096.304347826087,133.56521739130426,116.0,1838.375,1698.65625,147.0,82.5,1374.0,937.0,128.0,113.22222222222223,2190.037037037037,278.4074074074074,141.0,108.0,2457.0,641.0,151.0,117.50000000000011,3019.9,963.9,140.69999999999982,112.0,2533.125,271.625,143.0,108.0,3272.0,1200.0,178.0,30.0,3095.0,964.0,33.0
343,98.0,2321.0,771.0,143.0,96.0,1945.08,1398.08,127.0,90.0,1640.0,1094.0,133.0,116.0,1824.75,1698.3125,147.0,82.6875,1368.375,935.875,127.625,113.44444444444446,2183.4074074074074,277.48148148148147,141.0,108.0,2449.0,639.5,151.0,118.0,3008.8,962.8,144.39999999999964,112.0,2521.0,270.0,143.0,108.0,3265.923076923077,1201.8461538461538,178.0,30.0,3094.0,961.5,33.0
344,98.0,2319.0,772.5,142.75,96.0,1938.56,1396.56,127.0,90.0,1628.6666666666667,1092.6666666666667,132.33333333333326,116.0,1811.125,1697.96875,147.0,82.875,1362.75,934.75,127.25,113.66666666666669,2176.777777777778,276.55555555555554,141.0,108.0,2441.0,638.0,151.0,118.5,2997.7,961.7,148.10000000000036,112.0,2508.875,268.375,143.0,108.0,3259.846153846154,1203.6923076923076,178.0,30.0,3093.0,959.0,33.0
345,98.0,2317.0,774.0,142.5,96.0,1932.04,1395.04,127.0,90.0,1617.3333333333333,1091.3333333333333,131.66666666666674,116.0,1797.5,1697.625,147.0,83.0625,1357.125,933.625,126.875,113.88888888888891,2170.1481481481483,275.6296296296296,141.0,108.0,2433.0,636.5,151.0,118.99999999999989,2986.6,960.6,151.80000000000018,112.0,2496.75,266.75,143.0,108.0,3253.769230769231,1205.5384615384614,178.0,30.0,3087.5,958.0,33.0
346,98.0,2315.0,775.5,142.25,96.0,1925.52,1393.52,127.0,90.0,1606.0,1090.0,131.0,116.0,1783.875,1697.28125,147.0,83.25,1351.5,932.5,126.5,114.11111111111114,2163.5185185185187,274.7037037037037,141.0,108.0,2425.0,635.0,151.0,119.5,2975.5,959.5,155.5,112.0,2484.625,265.125,143.0,108.0,3247.6923076923076,1207.3846153846155,178.0,30.0,3082.0,957.0,33.0
347,98.0,2313.0,777.0,142.0,96.0,1919.0,1392.0,127.0,90.0,1592.3703703703704,1088.4814814814815,131.0,116.0,1770.25,1696.9375,147.0,83.4375,1345.875,931.375,126.125,114.33333333333331,2156.8888888888887,273.77777777777777,141.0,108.0,2417.0,633.5,151.0,120.00000000000011,2964.4,958.4,159.19999999999982,112.0,2472.5,263.5,143.0,108.0,3241.6153846153848,1209.2307692307693,178.0,30.0,3074.0,955.5,33.0
348,98.0,2301.625,776.25,141.75,96.0,1915.0,1392.0,127.5,90.0,1578.7407407407406,1086.962962962963,131.0,116.0,1756.625,1696.59375,147.0,83.625,1340.25,930.25,125.75,114.55555555555554,2150.259259259259,272.85185185185185,141.0,108.0,2409.0,632.0,151.0,120.5,2953.3,957.3,162.89999999999964,112.0,2460.375,261.875,143.0,108.0,3235.5384615384614,1211.076923076923,178.0,30.0,3066.0,954.0,33.0
349,98.0,2290.25,775.5,141.5,96.0,1911.0,1392.0,128.0,90.0,1565.111111111111,1085.4444444444443,131.0,116.0,1743.0,1696.25,147.0,83.8125,1334.625,929.125,125.375,114.77777777777777,2143.6296296296296,271.9259259259259,141.0,108.0,2401.0,630.5,151.0,121.0,2942.2,956.2,166.60000000000036,112.0,2448.25,260.25,143.0,108.0,3229.4615384615386,1212.923076923077,178.0,30.0,3053.5,953.5,33.0
350,98.0,2278.875,774.75,141.25,96.0,1905.032258064516,1391.0645161290322,128.29032258064512,90.0,1551.4814814814815,1083.9259259259259,131.0,116.0,1729.375,1695.90625,147.0,84.0,1329.0,928.0,125.0,115.0,2137.0,271.0,141.0,108.0,2393.0,629.0,151.0,121.49999999999989,2931.1,955.1,170.30000000000018,112.0,2436.125,258.625,143.0,108.0,3223.3846153846152,1214.7692307692307,178.0,30.0,3041.0,953.0,33.0
351,98.0,2267.5,774.0,141.0,96.0,1899.0645161290322,1390.1290322580646,128.58064516129048,90.0,1537.851851851852,1082.4074074074074,131.0,116.0,1715.75,1695.5625,147.0,84.28571428571433,1323.857142857143,927.0714285714286,125.0,115.0,2131.103448275862,270.2068965517241,141.0,108.0,2385.088888888889,627.9111111111112,151.0,122.0,2920.0,954.0,174.0,112.0,2424.0,257.0,143.0,108.0,3217.3076923076924,1216.6153846153845,178.0,30.0,3027.3333333333335,955.6666666666666,33.0
352,98.0,2256.125,773.25,140.75,96.0,1893.0967741935483,1389.1935483870968,128.8709677419356,90.0,1524.2222222222222,1080.888888888889,131.0,116.0,1702.125,1695.21875,147.0,84.57142857142856,1318.7142857142858,926.1428571428571,125.0,115.0,2125.206896551724,269.41379310344826,141.0,108.0,2377.177777777778,626.8222222222222,151.0,121.28571428571422,2918.5714285714284,956.1428571428571,168.71428571428578,111.21428571428572,2413.285714285714,256.2857142857143,142.07142857142844,108.0,3211.230769230769,1218.4615384615386,178.0,30.0,3013.6666666666665,958.3333333333334,33.0
353,98.0,2244.75,772.5,140.5,96.0,1887.1290322580646,1388.258064516129,129.1612903225805,90.0,1510.5925925925926,1079.3703703703704,131.0,116.0,1688.5,1694.875,147.0,84.85714285714289,1313.5714285714287,925.2142857142857,125.0,115.0,2119.310344827586,268.62068965517244,141.0,108.0,2369.266666666667,625.7333333333333,151.0,120.57142857142856,2917.1428571428573,958.2857142857143,163.4285714285711,110.42857142857142,2402.5714285714284,255.57142857142858,141.14285714285734,108.0,3205.153846153846,1220.3076923076924,178.0,30.0,3000.0,961.0,33.0
354,98.0,2233.375,771.75,140.25,96.0,1881.1612903225807,1387.3225806451612,129.45161290322562,90.0,1496.962962962963,1077.851851851852,131.0,116.0,1674.875,1694.53125,147.0,85.14285714285711,1308.4285714285713,924.2857142857143,125.0,115.0,2113.4137931034484,267.82758620689657,141.0,108.0,2361.3555555555554,624.6444444444444,151.0,119.85714285714278,2915.714285714286,960.4285714285714,158.14285714285688,109.64285714285714,2391.8571428571427,254.85714285714286,140.21428571428578,108.0,3199.076923076923,1222.1538461538462,178.0,30.0,2982.0,965.6666666666666,33.0
355,98.0,2222.0,771.0,140.0,96.0,1875.1935483870968,1386.3870967741937,129.74193548387098,90.0,1483.3333333333333,1076.3333333333333,131.0,116.0,1661.25,1694.1875,147.0,85.42857142857144,1303.2857142857142,923.3571428571429,125.0,115.0,2107.5172413793102,267.0344827586207,141.0,108.0,2353.4444444444443,623.5555555555555,151.0,119.14285714285722,2914.285714285714,962.5714285714286,152.85714285714312,108.85714285714286,2381.1428571428573,254.14285714285714,139.28571428571422,108.0,3193.0,1224.0,178.0,30.0,2964.0,970.3333333333334,33.0
356,98.0,2207.0,771.0,147.5,96.0,1869.225806451613,1385.4516129032259,130.0322580645161,90.0,1469.7037037037037,1074.8148148148148,131.0,116.0,1647.625,1693.84375,147.0,85.71428571428567,1298.142857142857,922.4285714285714,125.0,115.0,2101.6206896551726,266.2413793103448,141.0,108.0,2345.5333333333333,622.4666666666667,151.0,118.42857142857144,2912.8571428571427,964.7142857142857,147.5714285714289,108.07142857142858,2370.4285714285716,253.42857142857142,138.35714285714266,108.0,3186.923076923077,1225.8461538461538,178.0,30.0,2946.0,975.0,33.0
357,98.0,2192.0,771.0,155.0,96.0,1863.258064516129,1384.516129032258,130.32258064516122,90.0,1456.0740740740741,1073.2962962962963,131.0,116.0,1634.0,1693.5,147.0,86.0,1293.0,921.5,125.0,115.0,2095.7241379310344,265.44827586206895,141.0,108.0,2337.6222222222223,621.3777777777777,151.0,117.71428571428578,2911.4285714285716,966.8571428571429,142.28571428571422,107.28571428571428,2359.714285714286,252.71428571428572,137.42857142857156,108.0,3180.846153846154,1227.6923076923076,178.0,30.0,2927.6666666666665,981.0,33.0
358,98.0,2178.4,771.6,155.19999999999982,96.0,1857.2903225806451,1383.5806451612902,130.61290322580658,90.0,1442.4444444444443,1071.7777777777778,131.0,116.0,1620.375,1693.15625,147.0,86.28571428571433,1287.857142857143,920.5714285714286,125.0,115.0,2089.8275862068967,264.6551724137931,141.0,108.0,2329.711111111111,620.2888888888889,151.0,117.0,2910.0,969.0,137.0,106.5,2349.0,252.0,136.5,108.0,3174.769230769231,1229.5384615384614,178.0,30.0,2909.3333333333335,987.0,33.0
359,98.0,2164.8,772.2,155.39999999999964,96.0,1851.3225806451612,1382.6451612903227,130.9032258064517,90.0,1428.8148148148148,1070.2592592592594,131.0,116.0,1606.75,1692.8125,147.0,86.57142857142856,1282.7142857142858,919.6428571428571,125.0,115.0,2083.9310344827586,263.86206896551727,141.0,108.0,2321.8,619.2,151.0,112.49999999999989,2898.6666666666665,971.8333333333334,138.5,105.71428571428572,2338.285714285714,251.28571428571428,135.57142857142844,108.0,3168.6923076923076,1231.3846153846155,178.0,30.0,2891.0,993.0,33.0
360,98.0,2151.2,772.8,155.60000000000036,96.0,1845.3548387096773,1381.7096774193549,131.19354838709683,90.0,1415.1851851851852,1068.7407407407406,131.0,116.0,1593.125,1692.46875,147.0,86.85714285714289,1277.5714285714287,918.7142857142857,125.0,115.0,2078.0344827586205,263.0689655172414,141.0,108.0,2313.8888888888887,618.1111111111111,151.0,108.00000000000011,2887.3333333333335,974.6666666666666,140.0,104.92857142857142,2327.5714285714284,250.57142857142858,134.64285714285734,108.0,3162.6153846153848,1233.2307692307693,178.0,30.0,2872.0,999.0,33.0
361,98.0,2137.6,773.4,155.80000000000018,96.0,1839.3870967741937,1380.774193548387,131.48387096774195,90.0,1401.5555555555557,1067.2222222222222,131.0,116.0,1579.5,1692.125,147.0,87.14285714285711,1272.4285714285713,917.7857142857143,125.0,115.0,2072.137931034483,262.2758620689655,141.0,108.0,2305.9777777777776,617.0222222222222,151.0,103.5,2876.0,977.5,141.5,104.14285714285714,2316.8571428571427,249.85714285714286,133.71428571428578,108.0,3156.5384615384614,1235.076923076923,178.0,30.0,2853.0,1005.0,33.0
362,98.0,2124.0,774.0,156.0,96.0,1833.4193548387098,1379.8387096774193,131.77419354838707,90.0,1387.9259259259259,1065.7037037037037,131.0,116.0,1565.875,1691.78125,147.0,87.42857142857144,1267.2857142857142,916.8571428571429,125.0,115.0,2066.2413793103447,261.48275862068965,141.0,108.0,2298.0666666666666,615.9333333333333,151.0,98.99999999999989,2864.6666666666665,980.3333333333334,143.0,103.35714285714286,2306.1428571428573,249.14285714285714,132.78571428571422,108.0,3150.4615384615386,1236.923076923077,178.0,30.0,2834.0,1011.0,33.0
363,98.0,2110.4,774.6,156.19999999999982,96.0,1827.4516129032259,1378.9032258064517,132.0645161290322,90.0,1374.2962962962963,1064.1851851851852,131.0,116.0,1552.25,1691.4375,147.0,87.71428571428567,1262.142857142857,915.9285714285714,125.0,115.0,2060.344827586207,260.6896551724138,141.0,108.0,2290.1555555555556,614.8444444444444,151.0,94.50000000000011,2853.3333333333335,983.1666666666666,144.5,102.57142857142858,2295.4285714285716,248.42857142857142,131.85714285714266,108.0,3144.3846153846152,1238.7692307692307,178.0,30.0,2827.0,1016.0,33.0
364,98.0,2096.8,775.2,156.39999999999964,96.0,1821.483870967742,1377.967741935484,132.35483870967732,90.0,1360.6666666666667,1062.6666666666667,131.0,116.0,1538.625,1691.09375,147.0,88.0,1257.0,915.0,125.0,115.0,2054.448275862069,259.8965517241379,141.0,108.0,2282.2444444444445,613.7555555555556,151.0,90.0,2842.0,986.0,146.0,101.78571428571428,2284.714285714286,247.71428571428572,130.92857142857156,108.0,3138.3076923076924,1240.6153846153845,178.0,30.0,2831.0,1020.0,33.0
365,98.0,2083.2,775.8,156.60000000000036,96.0,1815.516129032258,1377.032258064516,132.64516129032268,90.0,1347.037037037037,1061.148148148148,131.0,116.0,1525.0,1690.75,147.0,87.45000000000005,1252.05,914.4,125.90000000000009,115.0,2048.551724137931,259.1034482758621,141.0,108.0,2274.3333333333335,612.6666666666666,151.0,89.5,2837.75,986.0,143.75,101.0,2274.0,247.0,130.0,108.0,3132.230769230769,1242.4615384615386,178.0,30.0,2836.0,1022.0,33.0
366,98.0,2069.6,776.4,156.80000000000018,96.0,1809.5483870967741,1376.0967741935483,132.9354838709678,90.0,1333.4074074074074,1059.6296296296296,131.0,116.0,1511.375,1690.40625,147.0,86.90000000000009,1247.1,913.8,126.80000000000018,115.0,2042.655172413793,258.3103448275862,141.0,108.0,2266.4222222222224,611.5777777777778,151.0,89.0,2833.5,986.0,141.5,100.25,2263.25,248.75,129.0,108.0,3126.153846153846,1244.3076923076924,178.0,30.0,2838.5,1024.5,33.0
367,98.0,2056.0,777.0,157.0,96.0,1803.5806451612902,1375.1612903225807,133.22580645161293,90.0,1319.7777777777778,1058.111111111111,131.0,116.0,1497.75,1690.0625,147.0,86.34999999999991,1242.15,913.2,127.69999999999982,115.0,2036.7586206896551,257.51724137931035,141.00000000000023,108.0,2258.511111111111,610.4888888888889,151.0,88.5,2829.25,986.0,139.25,99.5,2252.5,250.5,128.0,108.0,3120.076923076923,1246.1538461538462,178.0,30.0,2841.0,1027.0,33.0
368,98.0,2035.6666666666667,776.0,157.33333333333326,96.0,1797.6129032258063,1374.225806451613,133.51612903225805,90.0,1306.1481481481483,1056.5925925925926,131.0,116.0,1484.125,1689.71875,147.0,85.79999999999995,1237.2,912.6,128.5999999999999,115.0,2030.8620689655172,256.7241379310345,141.0,108.0,2250.6,609.4,151.0,88.0,2825.0,986.0,137.0,98.75,2241.75,252.25,127.0,108.0,3114.0,1248.0,178.0,30.0,2843.0,1030.5,33.0
369,98.0,2015.3333333333333,775.0,157.66666666666674,96.0,1791.6451612903227,1373.2903225806451,133.80645161290317,90.0,1292.5185185185185,1055.0740740740741,131.0,116.0,1470.5,1689.375,147.0,85.25,1232.25,912.0,129.5,114.99999999999997,2024.9655172413793,255.93103448275863,141.00000000000023,108.0,2242.688888888889,608.3111111111111,151.0,92.0,2825.0,989.0,137.0,98.0,2231.0,254.0,126.0,107.0,3108.9411764705883,1250.1176470588234,177.29411764705856,30.0,2845.0,1034.0,33.0
370,98.0,1995.0,774.0,158.0,96.0,1785.6774193548388,1372.3548387096773,134.0967741935483,90.0,1278.888888888889,1053.5555555555557,131.0,116.0,1456.875,1689.03125,147.0,84.70000000000005,1227.3,911.4,130.4000000000001,114.99999999999997,2019.0689655172414,255.13793103448276,141.0,108.0,2234.777777777778,607.2222222222222,151.0,92.19230769230774,2816.4615384615386,987.6153846153846,137.80769230769238,97.5,2217.5,257.5,125.0,106.0,3103.8823529411766,1252.235294117647,176.58823529411757,30.0,2845.5,1036.5,33.0
371,98.0,1982.7777777777778,773.6666666666666,158.22222222222217,96.0,1779.7096774193549,1371.4193548387098,134.38709677419342,90.0,1265.2592592592591,1052.037037037037,131.0,116.0,1443.25,1688.6875,147.0,84.15000000000009,1222.35,910.8,131.30000000000018,115.00000000000003,2013.1724137931035,254.3448275862069,140.99999999999977,108.0,2226.866666666667,606.1333333333333,151.0,92.38461538461524,2807.923076923077,986.2307692307693,138.6153846153843,97.0,2204.0,261.0,124.0,105.0,3098.823529411765,1254.3529411764705,175.88235294117612,30.0,2846.0,1039.0,33.0
372,98.0,1970.5555555555557,773.3333333333334,158.44444444444434,96.0,1773.741935483871,1370.483870967742,134.67741935483878,90.0,1251.6296296296296,1050.5185185185185,131.0,116.0,1429.625,1688.34375,147.0,83.59999999999991,1217.4,910.2,132.19999999999982,115.0,2007.2758620689656,253.55172413793105,141.0,108.0,2218.9555555555557,605.0444444444445,151.0,92.5769230769231,2799.3846153846152,984.8461538461538,139.42307692307713,98.5,2194.0,258.0,124.5,104.0,3093.764705882353,1256.4705882352941,175.17647058823513,30.0,2843.5,1040.5,33.0
373,98.0,1958.3333333333333,773.0,158.66666666666674,96.0,1767.774193548387,1369.5483870967741,134.9677419354839,90.0,1238.0,1049.0,131.0,116.0,1416.0,1688.0,147.0,83.04999999999995,1212.45,909.6,133.0999999999999,115.0,2001.3793103448277,252.75862068965517,140.99999999999977,108.0,2211.0444444444443,603.9555555555555,151.0,92.76923076923083,2790.846153846154,983.4615384615385,140.23076923076906,100.0,2184.0,255.0,125.0,103.0,3088.705882352941,1258.5882352941176,174.47058823529414,30.0,2841.0,1042.0,33.0
374,98.0,1946.111111111111,772.6666666666666,158.8888888888889,96.0,1761.8064516129032,1368.6129032258063,135.25806451612902,90.5,1223.0,1044.5,141.0,115.5333333333333,1402.4,1685.6666666666667,147.0,82.5,1207.5,909.0,134.0,115.0,1995.4827586206898,251.9655172413793,141.0,108.0,2203.133333333333,602.8666666666667,151.0,92.96153846153834,2782.3076923076924,982.0769230769231,141.03846153846143,101.28571428571428,2171.8571428571427,257.2857142857143,125.71428571428578,102.0,3083.6470588235293,1260.7058823529412,173.76470588235316,30.0,2837.0,1044.0,33.0
375,98.0,1933.888888888889,772.3333333333334,159.1111111111111,96.0,1755.8387096774193,1367.6774193548388,135.54838709677438,91.0,1208.0,1040.0,151.0,115.06666666666683,1388.8,1683.3333333333333,147.0,81.95000000000005,1202.55,908.4,134.9000000000001,114.99999999999997,1989.5862068965516,251.17241379310346,141.0,108.0,2195.222222222222,601.7777777777778,151.0,93.15384615384608,2773.769230769231,980.6923076923077,141.8461538461538,102.57142857142861,2159.714285714286,259.57142857142856,126.42857142857156,101.0,3078.5882352941176,1262.8235294117646,173.0588235294117,30.0,2833.0,1046.0,33.0
376,98.0,1921.6666666666667,772.0,159.33333333333326,96.0,1749.8709677419356,1366.741935483871,135.83870967741927,91.33333333333326,1195.5,1039.0,148.66666666666674,114.59999999999991,1375.2,1681.0,147.0,81.40000000000009,1197.6,907.8,135.80000000000018,114.99999999999997,1983.6896551724137,250.3793103448276,141.00000000000023,108.0,2187.311111111111,600.6888888888889,151.0,93.34615384615392,2765.230769230769,979.3076923076923,142.6538461538462,103.85714285714289,2147.5714285714284,261.85714285714283,127.14285714285734,100.0,3073.529411764706,1264.9411764705883,172.35294117647072,30.0,2827.0,1047.0,33.0
377,98.0,1909.4444444444443,771.6666666666666,159.55555555555566,96.0,1743.9032258064517,1365.8064516129032,136.1290322580644,91.66666666666674,1183.0,1038.0,146.33333333333326,114.13333333333321,1361.6,1678.6666666666667,147.0,80.84999999999991,1192.65,907.2,136.69999999999982,115.00000000000003,1977.7931034482758,249.58620689655172,141.0,108.0,2179.4,599.6,151.0,93.53846153846166,2756.6923076923076,977.9230769230769,143.46153846153857,105.14285714285711,2135.4285714285716,264.14285714285717,127.85714285714266,99.0,3068.470588235294,1267.0588235294117,171.64705882352928,30.0,2821.0,1048.0,33.0
378,98.0,1897.2222222222222,771.3333333333334,159.77777777777783,96.0,1737.9354838709678,1364.8709677419354,136.41935483870975,92.0,1170.5,1037.0,144.0,113.66666666666674,1348.0,1676.3333333333333,147.0,80.29999999999995,1187.7,906.6,137.5999999999999,115.0,1971.896551724138,248.79310344827587,141.00000000000023,108.0,2171.488888888889,598.5111111111111,151.0,93.73076923076917,2748.153846153846,976.5384615384615,144.26923076923094,106.42857142857139,2123.285714285714,266.42857142857144,128.57142857142844,98.0,3063.4117647058824,1269.1764705882354,170.9411764705883,30.0,2813.6666666666665,1048.6666666666667,33.0
379,98.0,1885.0,771.0,160.0,96.0,1731.967741935484,1363.9354838709678,136.70967741935488,92.33333333333326,1158.0,1036.0,141.66666666666674,113.20000000000005,1334.4,1674.0,147.0,79.75,1182.75,906.0,138.5,115.0,1966.0,248.0,141.0,108.0,2163.5777777777776,597.4222222222222,151.0,93.9230769230769,2739.6153846153848,975.1538461538462,145.07692307692287,107.71428571428572,2111.1428571428573,268.7142857142857,129.28571428571422,97.0,3058.3529411764707,1271.2941176470588,170.23529411764684,30.0,2806.3333333333335,1049.3333333333333,33.0
380,98.0,1869.5,770.9090909090909,160.2045454545455,96.0,1726.0,1363.0,137.0,92.66666666666674,1145.5,1035.0,139.33333333333326,112.73333333333335,1320.8,1671.6666666666667,147.0,79.20000000000005,1177.8,905.4,139.4000000000001,115.0,1960.4705882352941,248.23529411764707,141.0,108.0,2155.6666666666665,596.3333333333334,151.0,94.11538461538476,2731.076923076923,973.7692307692307,145.8846153846157,109.0,2099.0,271.0,130.0,96.0,3053.294117647059,1273.4117647058824,169.52941176470586,30.0,2799.0,1050.0,33.0
381,98.0,1854.0,770.8181818181819,160.409090909091,96.0,1719.2962962962963,1361.7777777777778,137.2962962962963,93.0,1133.0,1034.0,137.0,112.26666666666665,1307.2,1669.3333333333333,147.0,78.65000000000009,1172.85,904.8,140.30000000000018,115.00000000000003,1954.9411764705883,248.47058823529412,141.0,108.0,2147.7555555555555,595.2444444444444,151.0,94.30769230769226,2722.5384615384614,972.3846153846154,146.69230769230762,110.33333333333331,2087.5833333333335,275.4166666666667,130.58333333333303,95.0,3048.235294117647,1275.5294117647059,168.82352941176487,30.0,2790.6666666666665,1050.3333333333333,33.0
382,98.0,1838.5,770.7272727272727,160.61363636363626,96.0,1712.5925925925926,1360.5555555555557,137.5925925925926,93.57142857142867,1121.857142857143,1031.0,140.42857142857133,111.79999999999995,1293.6,1667.0,147.0,78.09999999999991,1167.9,904.2,141.19999999999982,114.99999999999997,1949.4117647058824,248.7058823529412,141.0,108.0,2139.8444444444444,594.1555555555556,151.0,94.5,2714.0,971.0,147.5,111.66666666666669,2076.1666666666665,279.8333333333333,131.16666666666697,94.0,3043.176470588235,1277.6470588235295,168.11764705882388,30.0,2782.3333333333335,1050.6666666666667,33.0
383,98.0,1823.0,770.6363636363636,160.81818181818176,96.0,1705.888888888889,1359.3333333333333,137.8888888888889,94.14285714285711,1110.7142857142858,1028.0,143.8571428571429,111.33333333333326,1280.0,1664.6666666666667,147.0,77.54999999999995,1162.95,903.6,142.0999999999999,115.0,1943.8823529411766,248.94117647058823,141.0,108.0,2131.9333333333334,593.0666666666667,151.0,94.69230769230774,2705.4615384615386,969.6153846153846,148.30769230769238,113.0,2064.75,284.25,131.75,93.0,3038.1176470588234,1279.764705882353,167.41176470588243,30.0,2774.0,1051.0,33.0
384,98.0,1807.5,770.5454545454545,161.02272727272725,96.0,1699.1851851851852,1358.111111111111,138.18518518518522,94.71428571428578,1099.5714285714287,1025.0,147.28571428571422,110.86666666666679,1266.4,1662.3333333333333,147.0,77.0,1158.0,903.0,143.0,115.0,1938.3529411764705,249.1764705882353,141.00000000000023,108.0,2124.0222222222224,591.9777777777778,151.0,94.88461538461524,2696.923076923077,968.2307692307693,149.1153846153843,114.33333333333331,2053.3333333333335,288.6666666666667,132.33333333333303,92.0,3033.0588235294117,1281.8823529411766,166.70588235294144,30.0,2765.0,1050.3333333333333,33.0
385,98.0,1792.0,770.4545454545455,161.22727272727275,96.0,1692.4814814814815,1356.888888888889,138.48148148148152,95.28571428571422,1088.4285714285713,1022.0,150.71428571428578,110.40000000000009,1252.8,1660.0,147.0,78.5,1154.7857142857142,903.4285714285714,141.71428571428578,115.00000000000003,1932.8235294117646,249.41176470588235,141.00000000000023,108.0,2116.1111111111113,590.8888888888889,151.0,95.0769230769231,2688.3846153846152,966.8461538461538,149.92307692307713,115.66666666666669,2041.9166666666667,293.0833333333333,132.91666666666674,91.0,3028.0,1284.0,166.0,30.0,2756.0,1049.6666666666667,33.0
386,98.0,1776.5,770.3636363636364,161.43181818181824,96.0,1685.7777777777778,1355.6666666666667,138.77777777777783,95.85714285714289,1077.2857142857142,1019.0,154.1428571428571,109.93333333333317,1239.2,1657.6666666666667,147.0,80.0,1151.5714285714287,903.8571428571429,140.42857142857133,114.99999999999997,1927.2941176470588,249.64705882352942,141.00000000000023,108.0,2108.2,589.8,151.0,95.26923076923083,2679.846153846154,965.4615384615385,150.73076923076906,117.0,2030.5,297.5,133.5,91.0,3020.3333333333335,1285.2592592592594,165.29629629629608,30.0,2747.0,1049.0,33.0
387,98.0,1761.0,770.2727272727273,161.6363636363635,96.0,1679.0740740740741,1354.4444444444443,139.07407407407413,96.42857142857133,1066.142857142857,1016.0,157.57142857142867,109.4666666666667,1225.6,1655.3333333333333,147.0,81.5,1148.357142857143,904.2857142857143,139.1428571428571,115.0,1921.764705882353,249.88235294117646,141.00000000000023,108.0,2100.288888888889,588.7111111111111,151.0,95.46153846153834,2671.3076923076924,964.0769230769231,151.53846153846143,118.33333333333331,2019.0833333333333,301.9166666666667,134.08333333333326,91.0,3012.6666666666665,1286.5185185185185,164.5925925925926,30.0,2736.0,1046.0,33.0
388,98.0,1745.5,770.1818181818181,161.840909090909,96.0,1672.3703703703704,1353.2222222222222,139.3703703703702,97.0,1055.0,1013.0,161.0,109.0,1212.0,1653.0,147.0,83.0,1145.142857142857,904.7142857142857,137.8571428571429,115.0,1916.235294117647,250.11764705882354,140.99999999999977,108.0,2092.3777777777777,587.6222222222223,151.0,95.65384615384608,2662.769230769231,962.6923076923077,152.3461538461538,119.66666666666669,2007.6666666666667,306.3333333333333,134.66666666666674,91.0,3005.0,1287.7777777777778,163.8888888888887,30.0,2725.0,1043.0,33.0
389,98.0,1730.0,770.0909090909091,162.0454545454545,96.0,1665.6666666666667,1352.0,139.66666666666652,97.41176470588243,1043.9411764705883,1010.0588235294117,160.76470588235293,108.40000000000009,1202.2,1651.0,149.79999999999995,84.5,1141.9285714285713,905.1428571428571,136.57142857142867,115.00000000000003,1910.7058823529412,250.35294117647058,140.99999999999977,108.0,2084.4666666666667,586.5333333333333,151.0,95.84615384615392,2654.230769230769,961.3076923076923,153.1538461538462,121.0,1996.25,310.75,135.25,91.0,2997.3333333333335,1289.037037037037,163.18518518518522,30.0,2714.0,1040.0,33.0
390,98.0,1714.5,770.0,162.25,96.0,1658.962962962963,1350.7777777777778,139.96296296296282,97.82352941176475,1032.8823529411766,1007.1176470588235,160.52941176470586,107.79999999999995,1192.4,1649.0,152.5999999999999,86.0,1138.7142857142858,905.5714285714286,135.28571428571422,114.99999999999997,1905.1764705882354,250.58823529411765,141.0,108.0,2076.5555555555557,585.4444444444445,151.0,96.03846153846166,2645.6923076923076,959.9230769230769,153.96153846153857,122.33333333333331,1984.8333333333333,315.1666666666667,135.83333333333326,91.0,2989.6666666666665,1290.2962962962963,162.48148148148175,30.0,2699.6666666666665,1034.6666666666667,33.0
391,98.0,1699.0,769.9090909090909,162.4545454545455,96.0,1652.2592592592594,1349.5555555555557,140.25925925925912,98.23529411764719,1021.8235294117648,1004.1764705882352,160.29411764705867,107.20000000000005,1182.6,1647.0,155.4000000000001,87.5,1135.5,906.0,134.0,115.0,1899.6470588235295,250.8235294117647,141.0,108.0,2068.6444444444446,584.3555555555556,151.0,96.23076923076917,2637.153846153846,958.5384615384615,154.76923076923094,123.66666666666669,1973.4166666666667,319.5833333333333,136.41666666666674,91.0,2982.0,1291.5555555555557,161.77777777777783,30.0,2685.3333333333335,1029.3333333333333,33.0
392,98.0,1683.5,769.8181818181819,162.659090909091,96.0,1645.5555555555557,1348.3333333333333,140.55555555555543,98.6470588235295,1010.7647058823529,1001.2352941176471,160.0588235294117,106.59999999999991,1172.8,1645.0,158.20000000000005,89.0,1132.2857142857142,906.4285714285714,132.71428571428578,115.0,1894.1176470588234,251.05882352941177,141.0,108.0,2060.7333333333336,583.2666666666667,151.0,96.4230769230769,2628.6153846153848,957.1538461538462,155.57692307692287,125.0,1962.0,324.0,137.0,91.0,2974.3333333333335,1292.8148148148148,161.0740740740739,30.0,2671.0,1024.0,33.0
393,98.0,1668.0,769.7272727272727,162.8636363636365,96.0,1638.851851851852,1347.111111111111,140.85185185185173,99.05882352941171,999.7058823529412,998.2941176470588,159.82352941176464,106.0,1163.0,1643.0,161.0,90.5,1129.0714285714287,906.8571428571429,131.42857142857133,115.00000000000003,1888.5882352941176,251.2941176470588,141.0,108.0,2052.822222222222,582.1777777777778,151.0,96.61538461538476,2620.076923076923,955.7692307692307,156.3846153846157,125.0,1950.4,324.5,137.0,91.0,2966.6666666666665,1294.0740740740741,160.37037037037044,30.000000000000114,2655.3333333333335,1017.6666666666666,33.0
394,98.0,1652.5,769.6363636363636,163.06818181818176,96.0,1632.1481481481483,1345.888888888889,141.14814814814804,99.47058823529403,988.6470588235294,995.3529411764706,159.58823529411768,105.66666666666674,1153.0,1641.0,156.33333333333326,92.0,1125.857142857143,907.2857142857143,130.1428571428571,114.99999999999997,1883.0588235294117,251.52941176470588,141.0,108.0,2044.911111111111,581.0888888888888,151.0,96.80769230769226,2611.5384615384614,954.3846153846154,157.19230769230762,125.0,1938.8,325.0,137.00000000000023,91.0,2959.0,1295.3333333333333,159.66666666666652,29.999999999999886,2639.6666666666665,1011.3333333333334,33.0
395,98.0,1637.0,769.5454545454545,163.27272727272725,96.0,1625.4444444444443,1344.6666666666667,141.44444444444457,99.88235294117646,977.5882352941177,992.4117647058823,159.3529411764706,105.33333333333326,1143.0,1639.0,151.66666666666674,93.5,1122.642857142857,907.7142857142857,128.8571428571429,115.0,1877.5294117647059,251.76470588235293,141.0,108.0,2037.0,580.0,151.0,97.0,2603.0,953.0,158.0,125.0,1927.2,325.5,136.99999999999977,91.0,2951.3333333333335,1296.5925925925926,158.96296296296305,30.0,2624.0,1005.0,33.0
396,98.0,1621.5,769.4545454545455,163.47727272727275,96.0,1618.7407407407406,1343.4444444444443,141.74074074074088,100.29411764705878,966.5294117647059,989.4705882352941,159.11764705882365,105.0,1133.0,1637.0,147.0,95.0,1119.4285714285713,908.1428571428571,127.57142857142867,115.0,1872.0,252.0,141.0,108.0,2028.173076923077,579.4423076923077,151.00000000000023,97.0,2591.818181818182,949.7727272727273,158.0,125.0,1915.6,326.0,137.0,91.0,2943.6666666666665,1297.851851851852,158.25925925925958,30.0,2607.6666666666665,1000.0,33.0
397,98.0,1606.0,769.3636363636364,163.68181818181824,96.0,1612.037037037037,1342.2222222222222,142.03703703703718,100.70588235294122,955.4705882352941,986.5294117647059,158.88235294117635,104.44444444444457,1121.5555555555557,1632.2222222222222,147.0,96.5,1116.2142857142858,908.5714285714286,126.28571428571422,115.0,1865.357142857143,252.21428571428572,141.0,108.0,2019.3461538461538,578.8846153846154,151.0,97.0,2580.6363636363635,946.5454545454545,158.0,125.0,1904.0,326.5,137.0,91.0,2936.0,1299.111111111111,157.55555555555566,30.0,2591.3333333333335,995.0,33.0
398,98.0,1590.5,769.2727272727273,163.8863636363635,96.0,1605.3333333333333,1341.0,142.33333333333348,101.11764705882354,944.4117647058823,983.5882352941177,158.6470588235294,103.88888888888891,1110.111111111111,1627.4444444444443,147.0,98.0,1113.0,909.0,125.0,115.00000000000003,1858.7142857142858,252.42857142857142,141.0,108.0,2010.5192307692307,578.3269230769231,151.00000000000023,96.99999999999989,2569.4545454545455,943.3181818181819,158.0,125.0,1892.4,327.0,137.0,91.0,2928.3333333333335,1300.3703703703704,156.85185185185173,30.0,2575.0,990.0,33.0
399,98.0,1575.0,769.1818181818181,164.090909090909,96.0,1598.6296296296296,1339.7777777777778,142.6296296296298,101.52941176470597,933.3529411764706,980.6470588235294,158.41176470588232,103.33333333333326,1098.6666666666667,1622.6666666666667,147.0,98.0,1110.4117647058824,909.8823529411765,123.76470588235293,115.00000000000003,1852.0714285714287,252.64285714285714,141.0,108.0,2001.6923076923076,577.7692307692307,151.0,96.99999999999989,2558.2727272727275,940.0909090909091,158.0,125.0,1880.8,327.5,137.0,91.0,2920.6666666666665,1301.6296296296296,156.14814814814827,30.0,2557.3333333333335,983.6666666666666,33.0
400,98.0,1559.5,769.0909090909091,164.2954545454545,96.0,1591.9259259259259,1338.5555555555557,142.92592592592587,101.94117647058829,922.2941176470588,977.7058823529412,158.17647058823536,102.77777777777783,1087.2222222222222,1617.888888888889,147.0,98.0,1107.8235294117646,910.7647058823529,122.52941176470586,114.99999999999997,1845.4285714285713,252.85714285714286,141.0,108.0,1992.8653846153845,577.2115384615385,151.00000000000023,96.99999999999989,2547.090909090909,936.8636363636364,158.0,125.0,1869.2,328.0,137.0,91.0,2913.0,1302.888888888889,155.44444444444434,30.0,2539.6666666666665,977.3333333333334,33.0
401,98.0,1544.0,769.0,164.5,96.0,1585.2222222222222,1337.3333333333333,143.22222222222217,102.3529411764705,911.2352941176471,974.7647058823529,157.9411764705883,102.22222222222217,1075.7777777777778,1613.111111111111,147.0,98.0,1105.235294117647,911.6470588235294,121.29411764705878,114.99999999999997,1838.7857142857142,253.07142857142858,141.0,108.0,1984.0384615384614,576.6538461538462,151.0,97.00000000000011,2535.909090909091,933.6363636363636,158.0,125.0,1857.6,328.5,137.0,91.0,2905.3333333333335,1304.148148148148,154.74074074074042,30.0,2522.0,971.0,33.0
402,98.0,1528.5,768.9090909090909,164.7045454545455,96.0,1578.5185185185185,1336.111111111111,143.51851851851848,102.76470588235281,900.1764705882354,971.8235294117648,157.70588235294122,101.66666666666674,1064.3333333333333,1608.3333333333333,147.0,98.0,1102.6470588235295,912.5294117647059,120.05882352941171,115.0,1832.142857142857,253.28571428571428,141.0,108.0,1975.2115384615386,576.0961538461538,151.0,97.00000000000011,2524.7272727272725,930.4090909090909,158.0,125.0,1846.0,329.0,137.0,91.0,2897.6666666666665,1305.4074074074074,154.03703703703695,30.0,2506.6666666666665,964.0,33.0
403,98.0,1513.0,768.8181818181819,164.909090909091,96.0,1571.8148148148148,1334.888888888889,143.81481481481478,103.17647058823525,889.1176470588235,968.8823529411765,157.47058823529403,101.11111111111109,1052.888888888889,1603.5555555555557,147.0,98.0,1100.0588235294117,913.4117647058823,118.82352941176487,115.0,1825.5,253.5,141.0,108.0,1966.3846153846155,575.5384615384615,150.99999999999977,97.00000000000011,2513.5454545454545,927.1818181818181,158.0,125.0,1833.2666666666667,327.46666666666664,137.0,91.0,2890.0,1306.6666666666667,153.33333333333348,30.0,2491.3333333333335,957.0,33.0
404,98.0,1497.5,768.7272727272727,165.11363636363626,96.0,1565.111111111111,1333.6666666666667,144.1111111111111,103.58823529411757,878.0588235294117,965.9411764705883,157.23529411764707,100.55555555555543,1041.4444444444443,1598.7777777777778,147.0,98.0,1097.4705882352941,914.2941176470588,117.58823529411757,115.0,1818.857142857143,253.71428571428572,141.0,108.0,1957.5576923076924,574.9807692307693,151.0,97.0,2502.3636363636365,923.9545454545455,158.0,125.0,1820.5333333333333,325.93333333333334,137.0,91.0,2882.3333333333335,1307.9259259259259,152.62962962962956,30.0,2476.0,950.0,33.0
405,98.0,1482.0,768.6363636363636,165.31818181818176,96.0,1558.4074074074074,1332.4444444444443,144.4074074074074,104.0,867.0,963.0,157.0,100.0,1030.0,1594.0,147.0,98.0,1094.8823529411766,915.1764705882352,116.3529411764705,115.00000000000003,1812.2142857142858,253.92857142857142,141.0,108.0,1948.7307692307693,574.4230769230769,150.99999999999977,97.0,2491.181818181818,920.7272727272727,158.0,125.0,1807.8,324.4,137.0,91.0,2874.6666666666665,1309.1851851851852,151.9259259259261,30.0,2459.0,944.0,33.0
406,98.0,1466.5,768.5454545454545,165.52272727272725,96.0,1551.7037037037037,1331.2222222222222,144.7037037037037,104.33333333333337,859.0,959.6666666666666,157.66666666666663,100.91666666666652,1020.0833333333334,1589.6666666666667,147.83333333333337,98.0,1092.2941176470588,916.0588235294117,115.11764705882365,115.00000000000003,1805.5714285714287,254.14285714285714,141.0,108.0,1939.9038461538462,573.8653846153846,151.0,97.0,2480.0,917.5,158.0,125.0,1795.0666666666666,322.8666666666667,137.0,91.0,2867.0,1310.4444444444443,151.22222222222217,30.0,2452.0,939.0,33.0
407,98.0,1451.0,768.4545454545455,165.72727272727275,96.0,1545.0,1330.0,145.0,104.66666666666663,851.0,956.3333333333334,158.33333333333337,101.83333333333348,1010.1666666666666,1585.3333333333333,148.66666666666663,98.0,1089.7058823529412,916.9411764705883,113.88235294117635,114.99999999999997,1798.9285714285713,254.35714285714286,141.0,108.0,1931.076923076923,573.3076923076923,150.99999999999977,97.0,2468.818181818182,914.2727272727273,158.0,125.0,1782.3333333333333,321.3333333333333,137.0,91.0,2859.3333333333335,1311.7037037037037,150.51851851851825,30.0,2453.0,933.0,33.0
408,98.0,1435.5,768.3636363636364,165.93181818181824,96.03571428571422,1539.5357142857142,1328.392857142857,144.75,105.0,843.0,953.0,159.0,102.75,1000.25,1581.0,149.5,98.0,1087.1176470588234,917.8235294117648,112.6470588235295,114.99999999999997,1792.2857142857142,254.57142857142858,141.0,108.0,1922.25,572.75,151.0,97.0,2457.6363636363635,911.0454545454545,158.0,125.0,1769.6,319.8,137.0,91.0,2851.6666666666665,1312.962962962963,149.81481481481478,30.0,2452.6666666666665,927.3333333333334,33.0
409,98.0,1420.0,768.2727272727273,166.13636363636374,96.07142857142867,1534.0714285714287,1326.7857142857142,144.5,104.25,833.25,948.25,160.0,103.66666666666652,990.3333333333334,1576.6666666666667,150.33333333333337,98.0,1084.5294117647059,918.7058823529412,111.41176470588243,115.0,1785.642857142857,254.78571428571428,141.0,108.0,1913.423076923077,572.1923076923077,151.00000000000023,97.0,2446.4545454545455,907.8181818181819,158.0,125.0,1756.8666666666666,318.26666666666665,137.0,91.0,2844.0,1314.2222222222222,149.1111111111113,30.0,2452.3333333333335,921.6666666666666,33.0
410,98.0,1404.5,768.1818181818181,166.340909090909,96.10714285714289,1528.607142857143,1325.1785714285713,144.25,103.5,823.5,943.5,161.0,104.58333333333348,980.4166666666666,1572.3333333333333,151.16666666666663,98.0,1081.9411764705883,919.5882352941177,110.17647058823513,115.0,1779.0,255.0,141.0,108.0,1904.5961538461538,571.6346153846154,151.0,97.0,2435.2727272727275,904.5909090909091,158.0,125.0,1744.1333333333334,316.73333333333335,137.0,91.0,2836.3333333333335,1315.4814814814815,148.4074074074074,30.0,2452.0,916.0,33.0
411,98.0,1389.0,768.0909090909091,166.5454545454545,96.14285714285711,1523.142857142857,1323.5714285714287,144.0,102.75,813.75,938.75,162.0,105.5,970.5,1568.0,152.0,98.0,1079.3529411764705,920.4705882352941,108.94117647058829,115.0,1773.076923076923,254.46153846153845,140.30769230769238,108.0,1895.7692307692307,571.0769230769231,151.0,97.0,2424.090909090909,901.3636363636364,158.0,125.0,1731.4,315.2,137.0,91.0,2828.6666666666665,1316.7407407407406,147.70370370370392,30.0,2451.3333333333335,910.0,33.0
412,98.0,1373.5,768.0,166.75,96.17857142857133,1517.6785714285713,1321.9642857142858,143.75,102.0,804.0,934.0,163.0,106.41666666666652,960.5833333333334,1563.6666666666667,152.83333333333337,98.0,1076.764705882353,921.3529411764706,107.70588235294122,114.99999999999997,1767.1538461538462,253.92307692307693,139.61538461538453,108.0,1886.9423076923076,570.5192307692307,151.0,97.0,2412.909090909091,898.1363636363636,158.0,125.0,1718.6666666666667,313.6666666666667,137.0,91.0,2821.0,1318.0,147.0,30.0,2450.6666666666665,904.0,33.0
413,98.0,1358.0,767.9090909090909,166.9545454545455,96.21428571428578,1512.2142857142858,1320.357142857143,143.5,101.29999999999995,795.6,930.5,163.89999999999998,107.33333333333348,950.6666666666666,1559.3333333333333,153.66666666666663,98.0,1074.1764705882354,922.2352941176471,106.47058823529414,114.99999999999997,1761.2307692307693,253.3846153846154,138.9230769230769,108.0,1878.1153846153845,569.9615384615385,151.0,97.0,2401.7272727272725,894.9090909090909,158.0,125.0,1705.9333333333334,312.1333333333333,137.0,91.0,2809.7096774193546,1320.4516129032259,147.0,30.0,2450.0,898.0,33.0
414,98.0,1342.5,767.8181818181819,167.159090909091,96.25,1506.75,1318.75,143.25,100.59999999999991,787.2,927.0,164.79999999999995,108.25,940.75,1555.0,154.5,98.0,1071.5882352941176,923.1176470588235,105.23529411764707,115.00000000000003,1755.3076923076924,252.84615384615384,138.23076923076906,108.0,1869.2884615384614,569.4038461538462,151.0,97.0,2390.5454545454545,891.6818181818181,158.0,125.0,1693.2,310.6,137.0,91.0,2798.4193548387098,1322.9032258064517,147.0,30.0,2446.0,894.0,33.0
415,98.0,1327.0,767.7272727272727,167.3636363636365,96.28571428571422,1501.2857142857142,1317.142857142857,143.0,99.89999999999998,778.8,923.5,165.70000000000005,109.16666666666652,930.8333333333334,1550.6666666666667,155.33333333333337,98.0,1069.0,924.0,104.0,115.0,1749.3846153846155,252.30769230769232,137.53846153846143,108.0,1860.4615384615386,568.8461538461538,151.0,97.0,2379.3636363636365,888.4545454545455,158.0,125.0,1680.4666666666667,309.06666666666666,137.0,91.0,2787.1290322580644,1325.3548387096773,147.0,30.0,2441.5,890.5,33.0
416,98.0,1311.5,767.6363636363636,167.56818181818176,96.32142857142867,1495.8214285714287,1315.5357142857142,142.75,99.20000000000005,770.4,920.0,166.60000000000002,110.08333333333348,920.9166666666666,1546.3333333333333,156.16666666666663,98.0,1066.625,924.0,106.625,115.0,1743.4615384615386,251.76923076923077,136.8461538461538,108.0,1851.6346153846155,568.2884615384615,151.0,97.0,2368.181818181818,885.2272727272727,158.0,125.0,1667.7333333333333,307.5333333333333,137.0,91.0,2775.8387096774195,1327.8064516129032,147.0,30.0,2437.0,887.0,33.0
417,98.0,1296.0,767.5454545454545,167.77272727272725,96.35714285714289,1490.357142857143,1313.9285714285713,142.5,98.5,762.0,916.5,167.5,111.0,911.0,1542.0,157.0,98.0,1064.25,924.0,109.25,115.0,1737.5384615384614,251.23076923076923,136.1538461538462,108.0,1842.8076923076924,567.7307692307693,151.0,97.0,2357.0,882.0,158.0,125.0,1655.0,306.0,137.0,91.0,2764.548387096774,1330.258064516129,147.0,30.0,2431.3333333333335,884.6666666666666,33.0
418,98.0,1280.5,767.4545454545455,167.97727272727275,96.39285714285711,1484.892857142857,1312.3214285714287,142.25,97.79999999999995,753.6,913.0,168.39999999999998,111.66666666666652,905.0,1536.6666666666667,157.66666666666674,98.0,1061.875,924.0,111.875,115.0,1731.6153846153845,250.69230769230768,135.46153846153857,108.0,1833.9807692307693,567.1730769230769,151.0,97.5,2346.8,880.1,156.79999999999973,126.77777777777783,1643.7777777777778,302.1111111111111,137.1111111111111,91.0,2753.2580645161293,1332.7096774193549,147.0,30.0,2425.6666666666665,882.3333333333334,33.0
419,98.0,1265.0,767.3636363636364,168.18181818181824,96.42857142857133,1479.4285714285713,1310.7142857142858,142.0,97.10000000000002,745.2,909.5,169.29999999999995,112.33333333333348,899.0,1531.3333333333333,158.33333333333326,98.0,1059.5,924.0,114.5,114.99999999999997,1725.6923076923076,250.15384615384616,134.76923076923094,108.0,1825.1538461538462,566.6153846153846,151.0,98.0,2336.6,878.2,155.5999999999999,128.55555555555554,1632.5555555555557,298.22222222222223,137.22222222222217,91.0,2741.967741935484,1335.1612903225807,147.0,30.0,2420.0,880.0,33.0
420,98.0,1249.5,767.2727272727273,168.3863636363635,96.46428571428578,1473.9642857142858,1309.107142857143,141.75,96.39999999999998,736.8,906.0,170.20000000000005,113.0,893.0,1526.0,159.0,98.0,1057.125,924.0,117.125,115.00000000000003,1719.7692307692307,249.6153846153846,134.0769230769231,108.0,1816.326923076923,566.0576923076923,151.0,98.5,2326.4,876.3,154.4000000000001,130.33333333333337,1621.3333333333333,294.3333333333333,137.33333333333348,91.0,2730.6774193548385,1337.6129032258063,147.0,30.0,2409.0,876.6666666666666,33.0
421,98.0,1234.0,767.1818181818181,168.590909090909,96.5,1468.5,1307.5,141.5,95.70000000000005,728.4,902.5,171.10000000000002,108.66666666666674,890.3333333333334,1525.0,159.66666666666663,98.0,1054.75,924.0,119.75,115.00000000000003,1713.8461538461538,249.07692307692307,133.38461538461547,108.0,1807.5,565.5,151.0,99.0,2316.2,874.4,153.20000000000027,132.1111111111111,1610.111111111111,290.44444444444446,137.44444444444457,91.0,2719.3870967741937,1340.0645161290322,147.0,30.0,2398.0,873.3333333333334,33.0
422,98.0,1218.5,767.0909090909091,168.7954545454545,96.53571428571422,1463.0357142857142,1305.892857142857,141.25,95.0,720.0,899.0,172.0,104.33333333333326,887.6666666666666,1524.0,160.33333333333337,98.0,1052.375,924.0,122.375,115.0,1707.923076923077,248.53846153846155,132.69230769230762,108.0,1798.673076923077,564.9423076923077,151.0,99.5,2306.0,872.5,152.0,133.8888888888889,1598.888888888889,286.55555555555554,137.55555555555543,91.0,2708.0967741935483,1342.516129032258,147.0,30.0,2387.0,870.0,33.0
423,98.0,1203.0,767.0,169.0,96.57142857142867,1457.5714285714287,1304.2857142857142,141.0,94.20000000000005,716.0,898.0,172.79999999999995,100.0,885.0,1523.0,161.0,98.0,1050.0,924.0,125.0,115.0,1702.0,248.0,132.0,108.0,1789.8461538461538,564.3846153846154,151.0,100.0,2295.8,870.6,150.79999999999973,135.66666666666663,1587.6666666666667,282.6666666666667,137.66666666666652,91.0,2696.8064516129034,1344.967741935484,147.0,30.0,2373.3333333333335,868.6666666666666,33.0
424,98.19999999999993,1188.8,768.2,167.9000000000001,96.60714285714289,1452.107142857143,1302.6785714285713,140.75,93.39999999999998,712.0,897.0,173.60000000000002,100.0,873.6666666666666,1522.0,162.0000000000001,97.08333333333337,1051.25,922.9166666666666,125.0,115.00000000000003,1698.0,247.6,131.20000000000005,108.0,1781.0192307692307,563.8269230769231,151.0,100.5,2285.6,868.7,149.5999999999999,137.44444444444446,1576.4444444444443,278.77777777777777,137.77777777777783,91.0,2685.516129032258,1347.4193548387098,147.0,30.0,2359.6666666666665,867.3333333333334,33.0
425,98.39999999999998,1174.6,769.4,166.80000000000018,96.64285714285711,1446.642857142857,1301.0714285714287,140.5,92.60000000000002,708.0,896.0,174.39999999999998,100.0,862.3333333333334,1521.0,162.9999999999999,96.16666666666663,1052.5,921.8333333333334,125.0,115.0,1694.0,247.2,130.4000000000001,108.0,1772.1923076923076,563.2692307692307,151.0,101.0,2275.4,866.8,148.4000000000001,139.22222222222217,1565.2222222222222,274.8888888888889,137.8888888888889,91.0,2674.2258064516127,1349.8709677419354,147.0,30.0,2346.0,866.0,33.0
426,98.60000000000002,1160.4,770.6,165.69999999999982,96.67857142857133,1441.1785714285713,1299.4642857142858,140.25,91.79999999999995,704.0,895.0,175.20000000000005,100.0,851.0,1520.0,164.0,95.25,1053.75,920.75,125.0,115.0,1690.0,246.8,129.5999999999999,108.0,1763.3653846153848,562.7115384615385,151.0,101.5,2265.2,864.9,147.20000000000027,141.0,1554.0,271.0,138.0,91.0,2662.935483870968,1352.3225806451612,147.0,30.0,2327.6666666666665,863.6666666666666,33.0
427,98.80000000000007,1146.2,771.8,164.5999999999999,96.71428571428578,1435.7142857142858,1297.857142857143,140.0,91.0,700.0,894.0,176.0,100.0,842.6666666666666,1516.6666666666667,151.33333333333337,94.33333333333337,1055.0,919.6666666666666,125.0,114.99999999999997,1686.0,246.4,128.79999999999995,108.0,1754.5384615384614,562.1538461538462,151.0,102.0,2255.0,863.0,146.0,137.8181818181818,1542.7272727272727,268.8181818181818,138.090909090909,91.0,2651.6451612903224,1354.774193548387,147.0,30.0,2309.3333333333335,861.3333333333334,33.0
428,99.0,1132.0,773.0,163.5,96.75,1430.25,1296.25,139.75,90.0,696.0,891.0,177.0,100.0,834.3333333333334,1513.3333333333333,138.66666666666663,93.41666666666663,1056.25,918.5833333333334,125.0,115.0,1682.0,246.0,128.0,108.0,1745.7115384615386,561.5961538461538,151.0,99.80000000000007,2246.4,863.4,140.5999999999999,134.63636363636363,1531.4545454545455,266.6363636363636,138.18181818181824,91.0,2640.3548387096776,1357.225806451613,147.0,30.0,2291.0,859.0,33.0
429,99.19999999999993,1117.8,774.2,162.4000000000001,96.78571428571422,1424.7857142857142,1294.642857142857,139.5,89.0,692.0,888.0,178.0,100.0,826.0,1510.0,126.0,92.5,1057.5,917.5,125.0,115.0,1676.0,246.875,127.375,108.0,1736.8846153846152,561.0384615384615,151.0,97.60000000000002,2237.8,863.8,135.19999999999982,131.4545454545455,1520.1818181818182,264.45454545454544,138.27272727272725,91.0,2629.064516129032,1359.6774193548388,147.0,30.0,2271.0,859.3333333333334,33.0
430,99.39999999999998,1103.6,775.4,161.30000000000018,96.82142857142867,1419.3214285714287,1293.0357142857142,139.25,89.0,681.3333333333334,884.6666666666666,177.5,101.375,822.25,1505.125,127.125,91.58333333333337,1058.75,916.4166666666666,125.0,115.0,1670.0,247.75,126.75,108.0,1728.0576923076924,560.4807692307693,151.0,95.39999999999998,2229.2,864.2,129.80000000000018,128.2727272727273,1508.909090909091,262.27272727272725,138.36363636363626,91.0,2617.7741935483873,1362.1290322580646,147.0,30.0,2251.0,859.6666666666666,33.0
431,99.60000000000002,1089.4,776.6,160.19999999999982,96.85714285714289,1413.857142857143,1291.4285714285713,139.0,89.0,670.6666666666666,881.3333333333334,177.0,102.75,818.5,1500.25,128.25,90.66666666666663,1060.0,915.3333333333334,125.0,115.0,1664.0,248.625,126.125,108.0,1719.2307692307693,559.9230769230769,151.0,93.19999999999993,2220.6,864.6,124.40000000000009,125.09090909090912,1497.6363636363637,260.09090909090907,138.45454545454527,91.0,2606.483870967742,1364.5806451612902,147.0,30.0,2231.0,860.0,33.0
432,99.80000000000007,1075.2,777.8,159.0999999999999,96.89285714285711,1408.392857142857,1289.8214285714287,138.75,89.0,660.0,878.0,176.5,104.125,814.75,1495.375,129.375,89.75,1061.25,914.25,125.0,115.0,1658.0,249.5,125.5,108.0,1710.4038461538462,559.3653846153846,151.0,91.0,2212.0,865.0,119.0,121.90909090909088,1486.3636363636365,257.90909090909093,138.5454545454545,91.0,2595.1935483870966,1367.032258064516,147.0,30.0,2211.0,860.3333333333334,33.0
433,100.0,1061.0,779.0,158.0,96.92857142857133,1402.9285714285713,1288.2142857142858,138.5,89.0,649.3333333333334,874.6666666666666,176.0,105.5,811.0,1490.5,130.5,88.83333333333337,1062.5,913.1666666666666,125.0,115.0,1652.0,250.375,124.875,108.0,1701.576923076923,558.8076923076923,151.0,90.39999999999998,2196.2,864.0,122.60000000000036,118.72727272727272,1475.090909090909,255.72727272727272,138.63636363636374,91.0,2583.9032258064517,1369.483870967742,147.0,30.0,2191.0,860.6666666666666,33.0
434,100.14285714285711,1046.857142857143,780.2857142857143,156.57142857142844,96.96428571428578,1397.4642857142858,1286.607142857143,138.25,89.0,638.6666666666666,871.3333333333334,175.5,106.875,807.25,1485.625,131.625,87.91666666666663,1063.75,912.0833333333334,125.0,115.0,1646.0,251.25,124.25,108.0,1692.75,558.25,151.0,89.79999999999995,2180.4,863.0,126.19999999999982,115.5454545454545,1463.8181818181818,253.54545454545456,138.72727272727275,91.0,2572.6129032258063,1371.9354838709678,147.0,30.0,2171.0,861.0,33.0
435,100.28571428571433,1032.7142857142858,781.5714285714286,155.1428571428571,97.0,1392.0,1285.0,138.0,89.0,628.0,868.0,175.0,108.25,803.5,1480.75,132.75,87.0,1065.0,911.0,125.0,115.0,1640.0,252.125,123.625,108.0,1683.923076923077,557.6923076923077,151.0,89.20000000000005,2164.6,862.0,129.80000000000018,112.36363636363637,1452.5454545454545,251.36363636363637,138.81818181818176,91.0,2561.3225806451615,1374.3870967741937,147.0,30.0,2152.6666666666665,861.3333333333334,33.0
436,100.42857142857144,1018.5714285714286,782.8571428571429,153.71428571428567,97.0,1386.4333333333334,1282.8,137.73333333333335,89.0,625.25,868.0,174.5,109.625,799.75,1475.875,133.875,88.0,1066.388888888889,908.9444444444445,124.5,115.0,1634.0,253.0,123.0,108.0,1675.0961538461538,557.1346153846154,151.0,88.60000000000002,2148.8,861.0,133.39999999999964,109.18181818181819,1441.2727272727273,249.1818181818182,138.909090909091,91.0,2550.032258064516,1376.8387096774193,147.0,30.0,2134.3333333333335,861.6666666666666,33.0
437,100.57142857142856,1004.4285714285714,784.1428571428571,152.28571428571433,97.0,1380.8666666666666,1280.6,137.4666666666667,89.0,622.5,868.0,174.0,111.0,796.0,1471.0,135.0,89.0,1067.7777777777778,906.8888888888889,124.0,115.0,1628.5,253.0,127.5,108.0,1666.2692307692307,556.5769230769231,151.0,88.0,2133.0,860.0,137.0,106.0,1430.0,247.0,139.0,91.0,2538.741935483871,1379.2903225806451,147.0,30.0,2116.0,862.0,33.0
438,100.71428571428567,990.2857142857142,785.4285714285714,150.8571428571429,97.0,1375.3,1278.4,137.20000000000005,89.0,619.75,868.0,173.5,107.33333333333326,792.3333333333334,1471.0,136.0,90.0,1069.1666666666667,904.8333333333334,123.5,115.0,1623.0,253.0,132.0,108.0,1657.4423076923076,556.0192307692307,151.0,92.79999999999995,2118.8,858.2,141.0,105.99999999999997,1417.909090909091,244.45454545454547,139.0,91.0,2527.451612903226,1381.741935483871,147.0,30.0,2099.5,860.5,33.0
439,100.85714285714289,976.1428571428571,786.7142857142857,149.42857142857156,97.0,1369.7333333333333,1276.2,136.9333333333334,89.0,617.0,868.0,173.0,103.66666666666674,788.6666666666666,1471.0,137.0,91.0,1070.5555555555557,902.7777777777778,123.0,115.0,1617.5,253.0,136.5,108.0,1648.6153846153848,555.4615384615385,151.0,97.60000000000002,2104.6,856.4,145.0,106.00000000000003,1405.8181818181818,241.9090909090909,139.0,91.0,2516.1612903225805,1384.1935483870968,147.0,30.0,2083.0,859.0,33.0
440,101.0,962.0,788.0,148.0,97.0,1364.1666666666667,1274.0,136.66666666666652,89.0,614.6666666666666,869.6666666666666,172.33333333333337,100.0,785.0,1471.0,138.0,92.0,1071.9444444444443,900.7222222222222,122.5,115.0,1612.0,253.0,141.0,108.0,1639.7884615384614,554.9038461538462,151.0,102.39999999999998,2090.4,854.6,149.0,106.0,1393.7272727272727,239.36363636363637,139.0,91.0,2504.8709677419356,1386.6451612903227,147.0,30.0,2078.0,857.0,33.0
441,101.16666666666674,951.0,791.6666666666666,146.5,97.0,1358.6,1271.8,136.4000000000001,89.0,612.3333333333334,871.3333333333334,171.66666666666663,100.0,782.0,1473.0,139.0,93.0,1073.3333333333333,898.6666666666666,122.0,114.99999999999997,1606.28,254.08,141.0,108.0,1630.9615384615386,554.3461538461538,151.0,107.20000000000005,2076.2,852.8,153.0,106.0,1381.6363636363637,236.8181818181818,139.0,91.0,2493.5806451612902,1389.0967741935483,147.0,30.0,2075.5,851.5,33.0
442,101.33333333333326,940.0,795.3333333333334,145.0,97.0,1353.0333333333333,1269.6,136.13333333333344,89.0,610.0,873.0,171.0,100.0,779.0,1475.0,140.0,94.0,1074.7222222222222,896.6111111111111,121.5,115.00000000000003,1600.56,255.16,141.0,108.0,1622.1346153846152,553.7884615384615,151.0,112.0,2062.0,851.0,157.0,105.99999999999997,1369.5454545454545,234.27272727272728,139.0,91.0,2482.290322580645,1391.5483870967741,147.0,30.0,2073.0,846.0,33.0
443,101.5,929.0,799.0,143.5,97.0,1347.4666666666667,1267.4,135.86666666666656,89.0,605.4166666666666,871.9166666666666,168.75,100.0,773.125,1472.625,141.125,95.0,1076.111111111111,894.5555555555555,121.0,115.0,1594.84,256.24,141.0,108.0,1613.3076923076924,553.2307692307693,151.0,113.66666666666663,2051.266666666667,848.8666666666667,155.19999999999982,106.00000000000003,1357.4545454545455,231.72727272727272,139.0,91.0,2471.0,1394.0,147.0,30.0,2070.6666666666665,842.0,33.0
444,101.66666666666674,918.0,802.6666666666666,142.0,97.0,1341.9,1265.2,135.5999999999999,89.0,600.8333333333334,870.8333333333334,166.5,100.0,767.25,1470.25,142.25,96.0,1077.5,892.5,120.5,115.0,1589.12,257.32,141.0,108.0,1604.4807692307693,552.6730769230769,151.0,115.33333333333337,2040.5333333333333,846.7333333333333,153.4000000000001,106.0,1345.3636363636363,229.1818181818182,139.0,91.0,2458.4242424242425,1396.090909090909,147.0,30.0,2068.3333333333335,838.0,33.0
445,101.83333333333326,907.0,806.3333333333334,140.5,97.0,1336.3333333333333,1263.0,135.33333333333348,89.0,596.25,869.75,164.25,100.0,761.375,1467.875,143.375,97.0,1078.888888888889,890.4444444444445,120.0,115.0,1583.4,258.4,141.0,108.0,1595.6538461538462,552.1153846153846,151.0,117.0,2029.8,844.6,151.60000000000014,106.0,1333.2727272727273,226.63636363636363,139.0,91.0,2445.848484848485,1398.1818181818182,147.0,30.0,2066.0,834.0,33.0
446,102.0,896.0,810.0,139.0,97.0,1330.7666666666667,1260.8,135.0666666666666,89.0,591.6666666666666,868.6666666666666,162.0,100.0,755.5,1465.5,144.5,98.0,1080.2777777777778,888.3888888888889,119.5,115.0,1577.68,259.48,141.0,108.0,1586.826923076923,551.5576923076923,151.0,118.66666666666663,2019.0666666666666,842.4666666666667,149.80000000000018,105.99999999999997,1321.1818181818182,224.0909090909091,139.0,91.0,2433.2727272727275,1400.2727272727273,147.0,30.0,2061.0,832.6666666666666,33.0
447,102.28571428571433,884.1428571428571,813.7142857142857,137.42857142857144,97.0,1325.2,1258.6,134.79999999999995,89.0,587.0833333333334,867.5833333333334,159.75,100.0,749.625,1463.125,145.625,99.0,1081.6666666666667,886.3333333333334,119.0,115.0,1571.96,260.56,141.0,108.0,1578.0,551.0,151.0,120.33333333333326,2008.3333333333333,840.3333333333334,148.00000000000023,106.0,1309.090909090909,221.54545454545456,139.0,91.0,2420.6969696969695,1402.3636363636363,147.0,30.0,2056.0,831.3333333333334,33.0
448,102.57142857142856,872.2857142857143,817.4285714285714,135.85714285714278,97.0,1319.6333333333332,1256.4,134.53333333333353,89.0,582.5,866.5,157.5,100.0,743.75,1460.75,146.75,100.0,1083.0555555555557,884.2777777777778,118.5,115.0,1566.24,261.64,141.0,108.0,1567.076923076923,551.3076923076923,151.0,122.0,1997.6,838.2,146.20000000000027,106.0,1297.0,219.0,139.0,91.0,2408.121212121212,1404.4545454545455,147.0,30.0,2051.0,830.0,33.0
449,102.85714285714289,860.4285714285714,821.1428571428571,134.28571428571422,97.0,1314.0666666666666,1254.2,134.26666666666665,89.0,577.9166666666666,865.4166666666666,155.25,100.0,737.875,1458.375,147.875,101.0,1084.4444444444443,882.2222222222222,118.0,115.0,1560.52,262.72,141.0,108.0,1556.1538461538462,551.6153846153846,151.0,123.66666666666663,1986.8666666666666,836.0666666666667,144.40000000000032,106.00000000000003,1286.8,215.6,140.0,91.0,2395.5454545454545,1406.5454545454545,147.0,30.0,2044.5,830.25,33.0
450,103.14285714285711,848.5714285714286,824.8571428571429,132.71428571428578,97.0,1308.5,1252.0,134.0,89.0,573.3333333333334,864.3333333333334,153.0,100.0,732.0,1456.0,149.0,102.0,1085.8333333333333,880.1666666666666,117.5,115.0,1554.8,263.8,141.0,108.0,1545.2307692307693,551.9230769230769,151.0,125.33333333333337,1976.1333333333334,833.9333333333333,142.59999999999968,106.0,1276.6,212.2,141.0,91.0,2382.969696969697,1408.6363636363637,147.0,30.0,2038.0,830.5,33.0
451,103.42857142857144,836.7142857142857,828.5714285714286,131.14285714285722,97.0,1302.9333333333334,1249.8,133.73333333333335,89.0,568.75,863.25,150.75,100.0,728.0,1454.0,151.39999999999998,103.0,1087.2222222222222,878.1111111111111,117.0,115.0,1549.08,264.88,141.0,108.0,1534.3076923076924,552.2307692307693,151.0,127.0,1965.4,831.8,140.79999999999973,106.0,1266.4,208.8,142.0,91.0,2370.3939393939395,1410.7272727272727,147.0,30.0,2031.5,830.75,33.0
452,103.71428571428567,824.8571428571429,832.2857142857143,129.57142857142856,97.0,1297.3666666666668,1247.6,133.46666666666647,89.0,564.1666666666666,862.1666666666666,148.5,100.0,724.0,1452.0,153.79999999999995,104.0,1088.611111111111,876.0555555555555,116.5,115.0,1543.36,265.96,141.0,108.0,1523.3846153846155,552.5384615384615,151.0,128.66666666666674,1954.6666666666667,829.6666666666666,138.99999999999977,105.99999999999997,1256.2,205.4,143.0,91.0,2357.818181818182,1412.8181818181818,147.0,30.0,2025.0,831.0,33.0
453,104.0,813.0,836.0,128.0,97.0,1291.8,1245.4,133.20000000000005,89.0,559.5833333333334,861.0833333333334,146.25,100.0,720.0,1450.0,156.20000000000005,105.0,1090.0,874.0,116.0,115.0,1537.64,267.04,141.0,108.0,1512.4615384615386,552.8461538461538,151.0,130.33333333333337,1943.9333333333334,827.5333333333333,137.19999999999982,106.0,1246.0,202.0,144.0,91.0,2345.242424242424,1414.909090909091,147.0,30.0,2015.25,829.75,33.0
454,104.09090909090912,806.6363636363636,840.3636363636364,126.72727272727275,97.0,1286.2333333333333,1243.2,132.9333333333334,89.0,555.0,860.0,144.0,100.0,716.0,1448.0,158.60000000000002,103.5454545454545,1093.3636363636363,872.3636363636364,117.09090909090924,115.0,1531.92,268.12,141.0,108.0,1501.5384615384614,553.1538461538462,151.0,132.0,1933.2,825.4,135.39999999999986,106.0,1234.0,200.5,145.0,91.0,2332.6666666666665,1417.0,147.0,30.0,2005.5,828.5,33.0
455,104.18181818181813,800.2727272727273,844.7272727272727,125.4545454545455,97.0,1280.6666666666667,1241.0,132.66666666666652,89.81818181818176,553.8181818181819,857.4545454545455,145.0,100.0,712.0,1446.0,161.0,102.09090909090912,1096.7272727272727,870.7272727272727,118.18181818181824,115.0,1526.2,269.2,141.0,108.0,1490.6153846153845,553.4615384615385,151.0,133.66666666666663,1922.4666666666667,823.2666666666667,133.5999999999999,106.0,1222.0,199.0,146.0,91.0,2320.090909090909,1419.090909090909,147.0,30.0,1995.75,827.25,33.0
456,104.27272727272725,793.9090909090909,849.0909090909091,124.18181818181824,97.0,1275.1,1238.8,132.4000000000001,90.63636363636363,552.6363636363636,854.9090909090909,146.0,100.0,708.1666666666666,1444.1666666666667,159.0,100.63636363636363,1100.090909090909,869.0909090909091,119.27272727272725,115.0,1520.48,270.28,141.0,108.0,1479.6923076923076,553.7692307692307,151.0,135.33333333333337,1911.7333333333333,821.1333333333333,131.79999999999995,106.0,1210.0,197.5,147.0,91.0,2307.5151515151515,1421.1818181818182,147.0,30.0,1986.0,826.0,33.0
457,104.36363636363637,787.5454545454545,853.4545454545455,122.90909090909099,97.0,1269.5333333333333,1236.6,132.13333333333344,91.4545454545455,551.4545454545455,852.3636363636364,147.0,100.0,704.3333333333334,1442.3333333333333,157.0,99.18181818181813,1103.4545454545455,867.4545454545455,120.36363636363626,115.0,1514.76,271.36,141.0,108.0,1468.7692307692307,554.0769230769231,151.0,137.0,1901.0,819.0,130.0,106.0,1198.0,196.0,148.0,91.0,2294.939393939394,1423.2727272727273,147.0,30.0,1971.25,820.0,33.0
458,104.45454545454538,781.1818181818181,857.8181818181819,121.63636363636374,97.0,1263.9666666666667,1234.4,131.86666666666656,92.27272727272725,550.2727272727273,849.8181818181819,148.0,100.0,700.5,1440.5,155.0,97.72727272727263,1106.8181818181818,865.8181818181819,121.4545454545455,115.0,1509.04,272.44,141.0,108.0,1457.8461538461538,554.3846153846154,151.0,138.5,1893.6666666666667,813.5,128.33333333333326,106.0,1185.75,195.25,148.875,91.0,2282.3636363636365,1425.3636363636363,147.0,30.0,1956.5,814.0,33.0
459,104.54545454545462,774.8181818181819,862.1818181818181,120.36363636363637,97.0,1258.4,1232.2,131.5999999999999,93.09090909090912,549.0909090909091,847.2727272727273,149.0,100.0,696.6666666666666,1438.6666666666667,153.0,96.27272727272737,1110.1818181818182,864.1818181818181,122.5454545454545,115.0,1503.32,273.52,141.0,108.0,1446.923076923077,554.6923076923077,151.0,140.0,1886.3333333333333,808.0,126.66666666666674,106.0,1173.5,194.5,149.75,91.0,2269.787878787879,1427.4545454545455,147.0,30.0,1941.75,808.0,33.0
460,104.63636363636363,768.4545454545455,866.5454545454545,119.09090909090901,97.0,1252.8333333333333,1230.0,131.33333333333348,93.90909090909088,547.9090909090909,844.7272727272727,150.0,100.0,692.8333333333334,1436.8333333333333,151.0,94.81818181818187,1113.5454545454545,862.5454545454545,123.63636363636374,115.0,1497.6,274.6,141.0,108.0,1436.0,555.0,151.0,141.5,1879.0,802.5,125.0,106.0,1161.25,193.75,150.625,91.0,2257.212121212121,1429.5454545454545,147.0,30.0,1927.0,802.0,33.0
461,104.72727272727275,762.0909090909091,870.9090909090909,117.81818181818176,97.0,1247.2666666666667,1227.8,131.0666666666666,94.72727272727275,546.7272727272727,842.1818181818181,151.0,100.0,689.0,1435.0,149.0,93.36363636363637,1116.909090909091,860.9090909090909,124.72727272727275,115.0,1491.88,275.68,141.0,108.0,1425.076923076923,555.3076923076923,151.0,143.0,1871.6666666666667,797.0,123.33333333333326,106.0,1149.0,193.0,151.5,91.0,2244.6363636363635,1431.6363636363637,147.0,30.0,1911.25,799.75,33.0
462,104.81818181818187,755.7272727272727,875.2727272727273,116.5454545454545,97.0,1241.7,1225.6,130.79999999999995,95.5454545454545,545.5454545454545,839.6363636363636,152.0,103.40000000000009,685.4,1428.0,149.0,91.90909090909088,1120.2727272727273,859.2727272727273,125.81818181818176,115.0,1486.16,276.76,141.0,108.0,1414.1538461538462,555.6153846153846,151.0,144.5,1864.3333333333333,791.5,121.66666666666674,106.0,1136.75,192.25,152.375,91.0,2232.060606060606,1433.7272727272727,147.0,30.0,1895.5,797.5,33.0
463,104.90909090909088,749.3636363636364,879.6363636363636,115.27272727272725,97.0,1236.1333333333332,1223.4,130.53333333333353,96.36363636363637,544.3636363636364,837.0909090909091,153.0,106.79999999999995,681.8,1421.0,149.0,90.4545454545455,1123.6363636363637,857.6363636363636,126.90909090909076,115.0,1480.44,277.84,141.0,108.0,1403.2307692307693,555.9230769230769,151.0,146.0,1857.0,786.0,120.0,106.0,1124.5,191.5,153.25,91.0,2219.4848484848485,1435.8181818181818,147.0,30.0,1879.75,795.25,33.0
464,105.0,743.0,884.0,114.0,97.0,1230.5666666666666,1221.2,130.26666666666665,97.18181818181824,543.1818181818181,834.5454545454545,154.0,110.20000000000005,678.2,1414.0,149.0,89.0,1127.0,856.0,128.0,115.0,1474.72,278.92,141.0,108.0,1392.3076923076924,556.2307692307693,151.0,141.8571428571429,1846.5714285714287,786.5714285714286,122.57142857142844,106.0,1112.25,190.75,154.125,91.0,2206.909090909091,1437.909090909091,147.0,30.0,1864.0,793.0,33.0
465,105.0,737.7777777777778,886.7777777777778,118.55555555555554,97.0,1225.0,1219.0,130.0,98.0,542.0,832.0,155.0,113.59999999999991,674.6,1407.0,149.0,91.86666666666656,1128.9333333333334,853.0666666666667,126.39999999999986,115.0,1469.0,280.0,141.0,108.0,1381.3846153846155,556.5384615384615,151.0,137.71428571428578,1836.142857142857,787.1428571428571,125.14285714285711,106.0,1100.0,190.0,155.0,91.0,2194.3333333333335,1440.0,147.0,30.0,1851.0,792.5,33.0
466,105.0,732.5555555555555,889.5555555555555,123.11111111111109,97.0,1221.9375,1215.75,129.6875,98.0,542.2222222222222,829.1666666666666,155.0,117.0,671.0,1400.0,149.0,94.73333333333335,1130.8666666666666,850.1333333333333,124.80000000000018,115.0,1460.6666666666667,281.8333333333333,141.0,108.0,1370.4615384615386,556.8461538461538,151.0,133.57142857142867,1825.7142857142858,787.7142857142857,127.71428571428555,106.0,1086.75,189.25,155.75,91.0,2181.757575757576,1442.090909090909,147.0,30.0,1838.0,792.0,33.0
467,105.0,727.3333333333334,892.3333333333334,127.66666666666663,97.0,1218.875,1212.5,129.375,98.0,542.4444444444445,826.3333333333334,155.0,114.57142857142844,668.4285714285714,1399.857142857143,149.0,97.59999999999991,1132.8,847.2,123.20000000000005,115.0,1452.3333333333333,283.6666666666667,141.0,108.0,1359.5384615384614,557.1538461538462,151.0,129.42857142857133,1815.2857142857142,788.2857142857143,130.28571428571445,106.0,1073.5,188.5,156.5,91.0,2169.181818181818,1444.1818181818182,147.0,30.0,1825.0,791.5,33.0
468,105.0,722.1111111111111,895.1111111111111,132.22222222222229,97.0,1215.8125,1209.25,129.0625,98.0,542.6666666666666,823.5,155.0,112.14285714285711,665.8571428571429,1399.7142857142858,149.0,100.4666666666667,1134.7333333333333,844.2666666666667,121.59999999999991,115.0,1444.0,285.5,141.0,108.0,1348.6153846153845,557.4615384615385,151.0,125.28571428571422,1804.857142857143,788.8571428571429,132.8571428571429,106.0,1060.25,187.75,157.25,91.0,2156.6060606060605,1446.2727272727273,147.0,30.0,1812.0,791.0,33.0
469,105.0,716.8888888888889,897.8888888888889,136.77777777777771,97.0,1212.75,1206.0,128.75,98.0,542.8888888888889,820.6666666666666,155.0,109.71428571428555,663.2857142857143,1399.5714285714287,149.0,103.33333333333326,1136.6666666666667,841.3333333333334,120.0,115.0,1435.6666666666667,287.3333333333333,141.0,108.0,1337.6923076923076,557.7692307692307,151.0,121.14285714285711,1794.4285714285713,789.4285714285714,135.42857142857156,106.0,1047.0,187.0,158.0,91.0,2144.030303030303,1448.3636363636363,147.0,30.0,1803.6666666666667,789.6666666666666,33.0
470,105.0,711.6666666666666,900.6666666666666,141.33333333333337,97.0,1209.6875,1202.75,128.4375,98.0,543.1111111111111,817.8333333333334,155.0,107.28571428571445,660.7142857142857,1399.4285714285713,149.0,106.20000000000005,1138.6,838.4,118.40000000000009,115.0,1427.3333333333333,289.1666666666667,141.0,108.0,1326.7692307692307,558.0769230769231,151.0,117.0,1784.0,790.0,138.0,106.0,1035.6666666666667,189.0,158.66666666666652,91.0,2131.4545454545455,1450.4545454545455,147.0,30.0,1795.3333333333333,788.3333333333334,33.0
471,105.0,706.4444444444445,903.4444444444445,145.8888888888889,97.0,1206.625,1199.5,128.125,98.0,543.3333333333334,815.0,155.0,104.85714285714289,658.1428571428571,1399.2857142857142,149.0,109.0666666666666,1140.5333333333333,835.4666666666667,116.79999999999995,115.0,1419.0,291.0,141.0,108.0,1315.8461538461538,558.3846153846154,151.0,120.33333333333337,1781.0,785.0,139.0,106.0,1024.3333333333333,191.0,159.33333333333348,91.0,2118.878787878788,1452.5454545454545,147.0,30.0,1787.0,787.0,33.0
472,105.0,701.2222222222222,906.2222222222222,150.44444444444446,97.0,1203.5625,1196.25,127.8125,98.0,543.5555555555555,812.1666666666666,155.0,102.42857142857156,655.5714285714286,1399.142857142857,149.0,111.9333333333334,1142.4666666666667,832.5333333333333,115.20000000000005,115.0,1413.8076923076924,292.34615384615387,141.0,108.0,1304.923076923077,558.6923076923077,151.0,123.66666666666663,1778.0,780.0,140.0,106.0,1013.0,193.0,160.0,91.0,2106.3030303030305,1454.6363636363637,147.0,30.0,1784.0,784.0,33.0
473,105.0,696.0,909.0,155.0,97.0,1200.5,1193.0,127.5,98.0,543.7777777777778,809.3333333333334,155.0,100.0,653.0,1399.0,149.0,114.79999999999995,1144.4,829.6,113.59999999999991,115.0,1408.6153846153845,293.6923076923077,141.0,108.0,1294.0,559.0,151.0,127.0,1775.0,775.0,141.0,106.0,1001.8,193.2,160.79999999999995,91.0,2093.727272727273,1456.7272727272727,147.0,30.0,1780.5,777.5,33.0
474,105.0,693.6666666666666,911.3333333333334,155.83333333333337,97.0,1197.4375,1189.75,127.1875,98.0,544.0,806.5,155.0,100.0,653.1764705882352,1398.235294117647,149.0,117.66666666666674,1146.3333333333333,826.6666666666666,112.0,115.0,1403.423076923077,295.03846153846155,141.0,108.0,1284.2666666666667,559.8,151.5666666666666,130.20000000000005,1772.2,770.0,133.79999999999995,105.99999999999997,990.6,193.4,161.60000000000002,91.0,2081.151515151515,1458.8181818181818,147.0,30.0,1777.0,771.0,33.0
475,105.0,691.3333333333334,913.6666666666666,156.66666666666663,97.0,1194.375,1186.5,126.875,98.0,544.2222222222222,803.6666666666666,155.0,100.0,653.3529411764706,1397.4705882352941,149.0,120.5333333333333,1148.2666666666667,823.7333333333333,110.40000000000009,115.0,1398.2307692307693,296.38461538461536,141.0,108.0,1274.5333333333333,560.6,152.13333333333344,133.39999999999998,1769.4,765.0,126.59999999999991,106.00000000000003,979.4,193.6,162.39999999999998,91.0,2068.5757575757575,1460.909090909091,147.0,30.0,1776.5,767.5,33.0
476,105.0,689.0,916.0,157.5,97.0,1191.3125,1183.25,126.5625,98.0,544.4444444444445,800.8333333333334,155.0,100.0,653.5294117647059,1396.7058823529412,149.0,123.40000000000009,1150.2,820.8,108.79999999999995,115.0,1393.0384615384614,297.7307692307692,141.0,108.0,1264.8,561.4,152.70000000000005,136.60000000000002,1766.6,760.0,119.40000000000009,106.0,968.2,193.8,163.20000000000005,91.0,2056.0,1463.0,147.0,30.0,1776.0,764.0,33.0
477,105.0,686.6666666666666,918.3333333333334,158.33333333333337,97.0,1188.25,1180.0,126.25,98.0,544.6666666666666,798.0,155.0,100.0,653.7058823529412,1395.9411764705883,149.0,126.26666666666665,1152.1333333333334,817.8666666666667,107.19999999999982,115.0,1387.8461538461538,299.0769230769231,141.0,108.0,1255.0666666666666,562.2,153.26666666666665,139.79999999999995,1763.8,755.0,112.20000000000005,106.0,957.0,194.0,164.0,91.0,2043.9333333333334,1464.4666666666667,146.5,30.0,1772.0,759.75,33.0
478,105.00000000000011,684.3333333333334,920.6666666666666,159.16666666666663,97.0,1185.1875,1176.75,125.9375,98.0,544.8888888888889,795.1666666666666,155.0,100.0,653.8823529411765,1395.1764705882354,149.0,129.13333333333344,1154.0666666666666,814.9333333333333,105.60000000000014,115.0,1382.6538461538462,300.4230769230769,141.0,108.0,1245.3333333333333,563.0,153.83333333333348,143.0,1761.0,750.0,105.0,106.14285714285717,944.2857142857143,193.0,164.9999999999999,91.0,2031.8666666666666,1465.9333333333334,146.00000000000023,30.0,1768.0,755.5,33.0
479,105.0,682.0,923.0,160.0,97.0,1182.125,1173.5,125.625,98.0,545.1111111111111,792.3333333333334,155.0,100.0,654.0588235294117,1394.4117647058824,149.0,132.0,1156.0,812.0,104.0,115.0,1377.4615384615386,301.7692307692308,141.0,108.0,1235.6,563.8,154.4000000000001,143.0,1753.0,746.75,107.75,106.28571428571428,931.5714285714286,192.0,166.0000000000001,91.0,2019.8,1467.4,145.50000000000023,30.0,1764.0,751.25,33.0
480,105.0,676.5,924.75,160.75,97.0,1179.0625,1170.25,125.3125,98.0,545.3333333333334,789.5,155.0,100.0,654.2352941176471,1393.6470588235295,149.0,132.0,1156.9444444444443,809.2222222222222,104.0,115.0,1372.2692307692307,303.11538461538464,141.0,108.0,1225.8666666666666,564.6,154.9666666666667,143.0,1745.0,743.5,110.5,106.42857142857144,918.8571428571429,191.0,167.0,91.0,2007.7333333333333,1468.8666666666666,144.99999999999977,30.0,1760.0,747.0,33.0
481,105.0,671.0,926.5,161.5,97.0,1176.0,1167.0,125.0,98.0,545.5555555555555,786.6666666666666,155.0,100.0,654.4117647058823,1392.8823529411766,149.0,132.0,1157.888888888889,806.4444444444445,104.0,115.0,1367.076923076923,304.46153846153845,141.0,108.0,1216.1333333333334,565.4,155.5333333333333,143.0,1737.0,740.25,113.25,106.57142857142856,906.1428571428571,190.0,168.0,91.0,1995.6666666666667,1470.3333333333333,144.49999999999977,30.0,1757.3333333333333,745.3333333333334,33.0
482,105.0,665.5,928.25,162.25,96.90909090909076,1172.5454545454545,1165.909090909091,123.72727272727275,98.0,545.7777777777778,783.8333333333334,155.0,100.0,654.5882352941177,1392.1176470588234,149.0,132.0,1158.8333333333333,803.6666666666666,104.0,115.0,1361.8846153846155,305.8076923076923,141.0,108.0,1206.4,566.2,156.0999999999999,143.0,1729.0,737.0,116.0,106.71428571428572,893.4285714285714,189.0,168.9999999999999,91.0,1983.6,1471.8,144.0,30.0,1754.6666666666667,743.6666666666666,33.0
483,105.0,660.0,930.0,163.0,96.81818181818198,1169.090909090909,1164.8181818181818,122.4545454545455,98.0,546.0,781.0,155.0,100.0,654.7647058823529,1391.3529411764705,149.0,132.0,1159.7777777777778,800.8888888888889,104.0,115.0,1356.6923076923076,307.15384615384613,141.0,108.0,1196.6666666666667,567.0,156.66666666666652,143.0,1721.0,733.75,118.75,106.85714285714283,880.7142857142858,188.0,170.0,91.0,1971.5333333333333,1473.2666666666667,143.5,30.0,1752.0,742.0,33.0
484,105.27999999999986,657.12,929.84,162.03999999999996,96.72727272727275,1165.6363636363637,1163.7272727272727,121.18181818181802,98.0,545.9565217391304,780.2608695652174,155.0,100.0,654.9411764705883,1390.5882352941176,149.0,132.0,1160.7222222222222,798.1111111111111,104.0,115.0,1351.5,308.5,141.0,108.0,1186.9333333333334,567.8,157.23333333333335,143.0,1713.0,730.5,121.5,107.0,868.0,187.0,171.0,91.0,1959.4666666666667,1474.7333333333333,143.0,30.0,1747.6666666666667,739.0,33.0
485,105.56000000000006,654.24,929.68,161.08000000000004,96.63636363636351,1162.1818181818182,1162.6363636363637,119.90909090909076,98.0,545.9130434782609,779.5217391304348,155.0,100.0,655.1176470588235,1389.8235294117646,149.0,132.0,1161.6666666666667,795.3333333333334,104.0,115.0,1346.3076923076924,309.84615384615387,141.0,108.0,1177.2,568.6,157.79999999999995,143.0,1705.0,727.25,124.25,107.14285714285717,855.2857142857143,189.28571428571428,171.9999999999999,91.0,1947.4,1476.2,142.5,30.0,1743.3333333333333,736.0,33.0
486,105.83999999999992,651.36,929.52,160.12,96.5454545454545,1158.7272727272727,1161.5454545454545,118.63636363636351,98.0,545.8695652173913,778.7826086956521,155.0,100.0,655.2941176470588,1389.0588235294117,149.0,132.0,1162.611111111111,792.5555555555555,104.0,115.0,1341.1153846153845,311.1923076923077,141.0,108.0,1167.4666666666667,569.4,158.36666666666656,143.0,1697.0,724.0,127.0,107.28571428571425,842.5714285714286,191.57142857142858,173.0,91.0,1935.3333333333333,1477.6666666666667,142.00000000000023,30.0,1739.0,733.0,33.0
487,106.12,648.48,929.36,159.15999999999997,96.4545454545455,1155.2727272727273,1160.4545454545455,117.36363636363649,98.0,545.8260869565217,778.0434782608696,155.0,100.0,655.4705882352941,1388.2941176470588,149.0,132.0,1163.5555555555557,789.7777777777778,104.0,115.0,1335.923076923077,312.53846153846155,141.0,108.0,1157.7333333333333,570.2,158.9333333333334,144.5,1693.0,724.5,128.5,107.42857142857142,829.8571428571429,193.85714285714286,174.0,91.0,1923.2666666666667,1479.1333333333334,141.50000000000023,30.0,1729.3333333333333,730.6666666666666,33.0
488,106.39999999999986,645.6,929.2,158.19999999999993,96.36363636363649,1151.8181818181818,1159.3636363636363,116.09090909090924,98.0,545.7826086956521,777.304347826087,155.0,100.0,655.6470588235294,1387.5294117647059,149.0,132.0,1164.5,787.0,104.0,115.0,1330.7307692307693,313.88461538461536,141.0,108.0,1148.0,571.0,159.5,146.0,1689.0,725.0,130.0,107.57142857142858,817.1428571428571,196.14285714285714,175.0,91.0,1911.2,1480.6,140.99999999999977,30.0,1719.6666666666667,728.3333333333334,33.0
489,106.68000000000006,642.72,929.04,157.24,96.27272727272725,1148.3636363636363,1158.2727272727273,114.81818181818198,98.0,545.7391304347826,776.5652173913044,155.0,100.0,655.8235294117648,1386.764705882353,149.0,132.0,1165.4444444444443,784.2222222222222,104.0,115.0,1325.5384615384614,315.2307692307692,141.0,108.0,1138.2666666666667,571.8,160.0666666666666,141.42857142857144,1684.7142857142858,725.4285714285714,125.0,107.71428571428575,804.4285714285714,198.42857142857142,176.0,91.0,1899.1333333333332,1482.0666666666666,140.5,30.0,1710.0,726.0,33.0
490,106.95999999999992,639.84,928.88,156.27999999999997,96.18181818181802,1144.909090909091,1157.1818181818182,113.5454545454545,98.0,545.695652173913,775.8260869565217,155.0,100.0,656.0,1386.0,149.0,132.0,1166.388888888889,781.4444444444445,104.0,115.0,1320.3461538461538,316.5769230769231,141.0,108.0,1128.5333333333333,572.6,160.63333333333344,136.85714285714278,1680.4285714285713,725.8571428571429,120.0,107.85714285714283,791.7142857142858,200.71428571428572,177.0,91.0,1887.0666666666666,1483.5333333333333,140.0,30.0,1700.0,725.0,33.0
491,107.24000000000001,636.96,928.72,155.31999999999994,96.09090909090924,1141.4545454545455,1156.090909090909,112.27272727272725,98.0,545.6521739130435,775.0869565217391,155.0,100.0,656.5714285714286,1384.5,149.0,132.0,1167.3333333333333,778.6666666666666,104.0,115.0,1315.1538461538462,317.9230769230769,141.0,108.0,1118.8,573.4,161.20000000000005,132.28571428571422,1676.142857142857,726.2857142857143,115.0,108.0,779.0,203.0,178.0,91.0,1875.0,1485.0,139.5,30.0,1690.0,724.0,33.0
492,107.51999999999998,634.08,928.56,154.36,96.0,1138.0,1155.0,111.0,98.0,545.6086956521739,774.3478260869565,155.0,100.0,657.1428571428571,1383.0,149.0,132.0,1168.2777777777778,775.8888888888889,104.0,115.0,1309.9615384615386,319.2692307692308,141.0,108.0,1109.0666666666666,574.2,161.76666666666665,127.71428571428578,1671.857142857143,726.7142857142857,110.0,108.27272727272728,766.9090909090909,205.0909090909091,179.63636363636363,91.0,1862.9333333333334,1486.4666666666667,139.0,30.0,1680.0,723.0,33.0
493,107.80000000000007,631.2,928.4,153.39999999999998,93.63636363636374,1136.090909090909,1153.3636363636363,110.90909090909099,98.0,545.5652173913044,773.6086956521739,155.0,100.0,657.7142857142857,1381.5,149.0,132.0,1169.2222222222222,773.1111111111111,104.0,115.0,1304.7692307692307,320.61538461538464,141.0,108.0,1099.3333333333333,575.0,162.33333333333348,123.14285714285722,1667.5714285714287,727.1428571428571,105.0,108.54545454545456,754.8181818181819,207.1818181818182,181.27272727272725,91.0,1850.8666666666668,1487.9333333333334,138.5,30.0,1670.0,722.0,33.0
494,108.07999999999993,628.32,928.24,152.43999999999994,91.27272727272725,1134.1818181818182,1151.7272727272727,110.81818181818176,98.0,545.5217391304348,772.8695652173913,155.0,100.0,658.2857142857143,1380.0,149.0,132.0,1170.1666666666667,770.3333333333334,104.0,115.0,1299.576923076923,321.96153846153845,141.0,108.0,1089.6,575.8,162.9000000000001,118.57142857142856,1663.2857142857142,727.5714285714286,100.0,108.81818181818178,742.7272727272727,209.27272727272728,182.90909090909088,91.0,1838.8,1489.4,138.0,30.0,1666.5,721.25,33.0
495,108.36000000000001,625.44,928.08,151.4799999999999,88.90909090909099,1132.2727272727273,1150.090909090909,110.72727272727275,98.0,545.4782608695652,772.1304347826087,155.0,100.0,658.8571428571429,1378.5,149.0,132.0,1171.111111111111,767.5555555555555,104.0,115.0,1294.3846153846155,323.3076923076923,141.0,108.0,1079.8666666666668,576.6,163.46666666666647,114.0,1659.0,728.0,95.0,109.09090909090907,730.6363636363636,211.36363636363637,184.5454545454545,91.0,1826.7333333333333,1490.8666666666666,137.5,30.0,1663.0,720.5,33.0
496,108.63999999999999,622.56,927.92,150.5200000000001,86.5454545454545,1130.3636363636363,1148.4545454545455,110.63636363636374,98.0,545.4347826086956,771.3913043478261,155.0,100.0,659.4285714285714,1377.0,149.0,132.0,1172.0555555555557,764.7777777777778,104.0,115.0,1289.1923076923076,324.65384615384613,141.0,108.0,1070.1333333333332,577.4,164.03333333333353,115.39999999999998,1652.9,723.5,98.89999999999986,109.36363636363635,718.5454545454545,213.45454545454547,186.18181818181824,91.0,1814.6666666666667,1492.3333333333333,137.0,30.0,1659.5,719.75,33.0
497,108.92000000000007,619.68,927.76,149.56000000000006,84.18181818181824,1128.4545454545455,1146.8181818181818,110.5454545454545,98.0,545.3913043478261,770.6521739130435,155.0,100.0,660.0,1375.5,149.0,132.0,1173.0,762.0,104.0,115.0,1284.0,326.0,141.0,108.0,1060.4,578.2,164.5999999999999,116.79999999999995,1646.8,719.0,102.79999999999995,109.63636363636365,706.4545454545455,215.54545454545453,187.81818181818176,91.0,1802.6,1493.8,136.5,30.0,1656.0,719.0,33.0
498,109.19999999999993,616.8,927.6,148.60000000000002,81.81818181818176,1126.5454545454545,1145.1818181818182,110.4545454545455,98.0,545.3478260869565,769.9130434782609,155.0,100.0,660.5714285714286,1374.0,149.0,132.0,1173.0,760.6,103.40000000000009,115.0,1278.0714285714287,326.32142857142856,141.0,108.0,1050.6666666666667,579.0,165.16666666666652,118.20000000000005,1640.7,714.5,106.70000000000005,109.90909090909093,694.3636363636364,217.63636363636363,189.45454545454538,91.0,1790.5333333333333,1495.2666666666667,136.0,30.0,1654.5,718.0,33.0
499,109.48000000000002,613.92,927.44,147.64,79.4545454545455,1124.6363636363637,1143.5454545454545,110.36363636363626,98.0,545.304347826087,769.1739130434783,155.0,100.0,661.1428571428571,1372.5,149.0,132.0,1173.0,759.2,102.79999999999995,115.0,1272.142857142857,326.64285714285717,141.0,108.0,1040.9333333333334,579.8,165.73333333333335,119.60000000000002,1634.6,710.0,110.60000000000014,110.18181818181822,682.2727272727273,219.72727272727272,191.09090909090912,91.0,1778.4666666666667,1496.7333333333333,135.5,30.0,1653.0,717.0,33.0
500,109.75999999999999,611.04,927.28,146.68000000000006,77.09090909090901,1122.7272727272727,1141.909090909091,110.27272727272725,98.0,545.2608695652174,768.4347826086956,155.0,100.0,661.7142857142857,1371.0,149.0,132.0,1173.0,757.8,102.20000000000005,115.0,1266.2142857142858,326.9642857142857,141.0,108.0,1031.2,580.6,166.29999999999995,121.0,1628.5,705.5,114.5,110.45454545454544,670.1818181818181,221.8181818181818,192.72727272727275,91.0,1766.4,1498.2,135.0,30.0,1651.0,711.5,33.0
501,110.04000000000008,608.16,927.12,145.72000000000003,74.72727272727275,1120.8181818181818,1140.2727272727273,110.18181818181824,98.0,545.2173913043479,767.695652173913,155.0,100.0,662.2857142857143,1369.5,149.0,132.0,1173.0,756.4,101.59999999999991,115.0,1260.2857142857142,327.2857142857143,141.0,108.0,1021.4666666666667,581.4,166.86666666666656,122.39999999999998,1622.4,701.0,118.39999999999986,110.72727272727272,658.0909090909091,223.9090909090909,194.36363636363637,91.0,1754.3333333333333,1499.6666666666667,134.5,30.0,1649.0,706.0,33.0
502,110.31999999999994,605.28,926.96,144.76,72.36363636363626,1118.909090909091,1138.6363636363637,110.09090909090901,98.0,545.1739130434783,766.9565217391304,155.0,100.0,662.8571428571429,1368.0,149.0,132.0,1173.0,755.0,101.0,115.0,1254.357142857143,327.60714285714283,141.0,108.0,1011.7333333333333,582.2,167.4333333333334,123.79999999999995,1616.3,696.5,122.29999999999995,111.0,646.0,226.0,196.0,91.0,1742.2666666666667,1501.1333333333334,134.0,30.0,1646.6666666666667,702.0,33.0
503,110.60000000000014,602.4,926.8,143.80000000000007,70.0,1117.0,1137.0,110.0,98.0,545.1304347826087,766.2173913043479,155.0,100.0,663.4285714285714,1366.5,149.0,132.0,1173.2727272727273,750.8181818181819,100.18181818181824,115.0,1248.4285714285713,327.92857142857144,141.0,108.0,1002.0,583.0,168.0,125.20000000000005,1610.2,692.0,126.20000000000005,111.0,632.75,233.0,197.0,91.0,1730.2,1502.6,133.5,30.0,1644.3333333333333,698.0,33.0
504,110.88,599.52,926.64,142.84000000000003,71.83333333333348,1113.8333333333333,1132.3333333333333,112.16666666666674,98.0,545.0869565217391,765.4782608695652,155.0,100.0,664.0,1365.0,149.0,132.0,1173.5454545454545,746.6363636363636,99.36363636363649,115.0,1242.5,328.25,141.0,108.0,992.7083333333334,585.5416666666666,167.9999999999999,126.60000000000002,1604.1,687.5,130.10000000000014,111.0,619.5,240.0,198.0,91.0,1718.1333333333332,1504.0666666666666,133.0,30.0,1642.0,694.0,33.0
505,111.16000000000008,596.64,926.48,141.88,73.66666666666652,1110.6666666666667,1127.6666666666667,114.33333333333326,98.0,545.0434782608696,764.7391304347826,155.0,100.0,667.0,1365.3333333333333,157.0,132.0,1173.8181818181818,742.4545454545455,98.5454545454545,115.0,1236.5714285714287,328.57142857142856,141.0,108.0,983.4166666666666,588.0833333333334,168.0000000000001,128.0,1598.0,683.0,134.0,111.0,606.25,247.0,199.0,91.0,1706.0666666666666,1505.5333333333333,132.5,30.0,1639.6666666666667,691.6666666666666,33.0
506,111.43999999999994,593.76,926.32,140.91999999999996,75.5,1107.5,1123.0,116.5,98.0,545.0,764.0,155.0,100.0,670.0,1365.6666666666667,165.0,132.0,1174.090909090909,738.2727272727273,97.72727272727275,115.0,1230.642857142857,328.89285714285717,141.0,108.0,974.125,590.625,168.0,126.625,1591.75,681.0,131.875,111.0,593.0,254.0,200.0,91.0,1694.0,1507.0,132.0,30.0,1637.3333333333333,689.3333333333334,33.0
507,111.72000000000014,590.88,926.16,139.96000000000004,77.33333333333348,1104.3333333333333,1118.3333333333333,118.66666666666674,98.81818181818187,544.1818181818181,763.0,155.0,100.0,673.0,1366.0,173.0,132.0,1174.3636363636363,734.0909090909091,96.90909090909099,115.0,1224.7142857142858,329.2142857142857,141.0,108.0,964.8333333333334,593.1666666666666,167.9999999999999,125.25,1585.5,679.0,129.75,110.375,583.5,257.75,199.5,91.0,1683.375,1507.0,132.0,30.0,1635.0,687.0,33.0
508,112.0,588.0,926.0,139.0,79.16666666666652,1101.1666666666667,1113.6666666666667,120.83333333333326,99.63636363636363,543.3636363636364,762.0,155.0,100.0,675.8,1366.4,172.20000000000005,132.0,1174.6363636363637,729.9090909090909,96.09090909090901,115.0,1218.7857142857142,329.5357142857143,141.0,108.0,955.5416666666666,595.7083333333334,168.0000000000001,123.875,1579.25,677.0,127.625,109.75,574.0,261.5,199.0,91.0,1672.75,1507.0,132.0,30.0,1630.6666666666667,685.3333333333334,33.0
509,112.0,587.4,926.2,139.0,81.0,1098.0,1109.0,123.0,100.4545454545455,542.5454545454545,761.0,155.0,100.0,678.6,1366.8,171.39999999999998,132.0,1174.909090909091,725.7272727272727,95.27272727272725,115.0,1212.857142857143,329.85714285714283,141.0,108.0,946.25,598.25,168.0,122.5,1573.0,675.0,125.5,109.125,564.5,265.25,198.5,91.0,1662.125,1507.0,132.0,30.0,1626.3333333333333,683.6666666666666,33.0
510,112.00000000000011,586.8,926.4,139.0,82.66666666666674,1096.3333333333333,1109.3333333333333,125.0,101.27272727272725,541.7272727272727,760.0,155.0,100.0,681.4,1367.2,170.60000000000002,132.0,1175.1818181818182,721.5454545454545,94.4545454545455,115.0,1206.9285714285713,330.17857142857144,141.0,108.0,936.9583333333334,600.7916666666666,167.9999999999999,121.125,1566.75,673.0,123.375,108.5,555.0,269.0,198.0,91.0,1651.5,1507.0,132.0,30.0,1622.0,682.0,33.0
511,111.99999999999989,586.2,926.6,139.0,84.33333333333326,1094.6666666666667,1109.6666666666667,127.0,102.09090909090912,540.9090909090909,759.0,155.0,100.0,684.2,1367.6,169.79999999999995,132.0,1175.4545454545455,717.3636363636364,93.63636363636351,115.0,1201.0,330.5,141.0,108.0,927.6666666666666,603.3333333333334,168.0000000000001,119.75,1560.5,671.0,121.25,107.875,545.5,272.75,197.5,91.0,1640.875,1507.0,132.0,30.0,1615.6666666666667,679.0,33.0
512,112.0,585.6,926.8,139.0,86.0,1093.0,1110.0,129.0,102.90909090909088,540.0909090909091,758.0,155.0,100.0,687.0,1368.0,169.0,132.0,1175.7272727272727,713.1818181818181,92.81818181818176,115.0,1195.0714285714287,330.82142857142856,141.0,108.0,918.375,605.875,168.0,118.375,1554.25,669.0,119.125,107.25,536.0,276.5,197.0,91.0,1630.25,1507.0,132.0,30.0,1609.3333333333333,676.0,33.0
513,112.0,585.0,927.0,139.0,86.0,1090.7,1107.7,129.0,103.72727272727275,539.2727272727273,757.0,155.0,100.0,690.0,1368.25,164.0,132.0,1176.0,709.0,92.0,115.0,1189.142857142857,331.14285714285717,141.0,108.0,909.0833333333334,608.4166666666666,167.9999999999999,117.0,1548.0,667.0,117.0,106.625,526.5,280.25,196.5,91.0,1619.625,1507.0,132.0,30.0,1603.0,673.0,33.0
514,112.0,584.4,927.2,139.0,86.0,1088.4,1105.4,129.0,104.5454545454545,538.4545454545455,756.0,155.0,100.0,693.0,1368.5,159.0,132.0,1176.8235294117646,705.7647058823529,92.0,115.0,1183.2142857142858,331.4642857142857,141.0,108.0,899.7916666666666,610.9583333333334,168.0000000000001,119.40000000000009,1542.2,663.8,121.79999999999995,106.0,517.0,284.0,196.0,91.0,1609.0,1507.0,132.0,30.0,1595.3333333333333,668.0,33.0
515,112.00000000000011,583.8,927.4,139.0,86.0,1086.1,1103.1,129.0,105.36363636363637,537.6363636363636,755.0,155.0,100.0,696.0,1368.75,154.0,132.0,1177.6470588235295,702.5294117647059,92.0,115.0,1177.2857142857142,331.7857142857143,141.0,108.0,890.5,613.5,168.0,121.79999999999995,1536.4,660.6,126.59999999999991,105.33333333333337,506.26666666666665,289.3333333333333,195.5333333333333,91.0,1598.375,1507.0,132.0,30.0,1587.6666666666667,663.0,33.0
516,111.99999999999989,583.2,927.6,139.0,86.0,1083.8,1100.8,129.0,106.18181818181813,536.8181818181819,754.0,155.0,100.0,699.0,1369.0,149.0,132.0,1178.4705882352941,699.2941176470588,92.0,115.0,1171.357142857143,332.10714285714283,141.0,108.0,881.2083333333334,616.0416666666666,167.9999999999999,124.20000000000005,1530.6,657.4,131.4000000000001,104.66666666666663,495.53333333333336,294.6666666666667,195.06666666666666,91.0,1587.75,1507.0,132.0,30.0,1580.0,658.0,33.0
517,112.0,582.6,927.8,139.0,86.0,1081.5,1098.5,129.0,107.0,536.0,753.0,155.0,100.0,700.9166666666666,1368.6666666666667,151.0,132.0,1179.2941176470588,696.0588235294117,92.0,115.0,1165.4285714285713,332.42857142857144,141.0,108.0,871.9166666666666,618.5833333333334,168.0000000000001,126.59999999999991,1524.8,654.2,136.20000000000005,104.0,484.8,300.0,194.59999999999997,91.0,1577.125,1507.0,132.0,30.0,1568.3333333333333,654.3333333333334,33.0
518,112.0,582.0,928.0,139.0,86.0,1079.2,1096.2,129.0,107.0,536.1428571428571,753.8571428571429,155.0,100.0,702.8333333333334,1368.3333333333333,153.0,132.0,1180.1176470588234,692.8235294117648,92.0,115.0,1159.5,332.75,141.0,108.0,862.625,621.125,168.0,129.0,1519.0,651.0,141.0,103.33333333333337,474.06666666666666,305.3333333333333,194.13333333333338,91.0,1566.5,1507.0,132.0,30.0,1556.6666666666667,650.6666666666666,33.0
519,112.0,581.4,928.2,139.0,86.0,1076.9,1093.9,129.0,107.0,536.2857142857143,754.7142857142857,155.0,100.0,704.75,1368.0,155.0,132.0,1180.9411764705883,689.5882352941177,92.0,115.0,1153.5714285714287,333.07142857142856,141.0,108.0,853.3333333333334,623.6666666666666,168.0,128.25,1514.5,649.1875,140.625,102.66666666666663,463.3333333333333,310.6666666666667,193.66666666666669,91.0,1555.875,1507.0,132.0,30.0,1545.0,647.0,33.0
520,112.00000000000011,580.8,928.4,139.0,86.0,1074.6,1091.6,129.0,107.0,536.4285714285714,755.5714285714286,155.0,100.0,706.6666666666666,1367.6666666666667,157.0,132.0,1181.764705882353,686.3529411764706,92.0,115.0,1147.642857142857,333.39285714285717,141.0,108.0,844.0416666666666,626.2083333333334,168.0,127.5,1510.0,647.375,140.25,102.0,452.6,316.0,193.19999999999993,91.0,1545.25,1507.0,132.0,30.0,1533.3333333333333,646.6666666666666,33.0
521,111.99999999999989,580.2,928.6,139.0,86.0,1072.3,1089.3,129.0,107.0,536.5714285714286,756.4285714285714,155.0,100.0,708.5833333333334,1367.3333333333333,159.0,132.0,1182.5882352941176,683.1176470588235,92.0,115.0,1141.7142857142858,333.7142857142857,141.0,108.0,834.75,628.75,168.0,126.75,1505.5,645.5625,139.875,101.33333333333337,441.8666666666667,321.3333333333333,192.73333333333335,91.0,1534.625,1507.0,132.0,30.0,1521.6666666666667,646.3333333333334,33.0
522,112.0,579.6,928.8,139.0,86.0,1070.0,1087.0,129.0,107.0,536.7142857142857,757.2857142857143,155.0,100.0,710.5,1367.0,161.0,132.0,1183.4117647058824,679.8823529411765,92.0,115.0,1135.7857142857142,334.0357142857143,141.0,108.0,825.4583333333334,631.2916666666666,168.0,126.0,1501.0,643.75,139.5,100.66666666666663,431.1333333333333,326.6666666666667,192.26666666666665,91.0,1524.0,1507.0,132.0,30.0,1510.0,646.0,33.0
523,112.0,579.0,929.0,139.0,86.0,1069.9166666666667,1085.75,129.0,107.0,536.8571428571429,758.1428571428571,155.0,100.0,712.4166666666666,1366.6666666666667,163.0,132.0,1184.235294117647,676.6470588235294,92.0,115.0,1129.857142857143,334.35714285714283,141.0,108.0,816.1666666666666,633.8333333333334,168.0,125.25,1496.5,641.9375,139.125,100.0,420.4,332.0,191.80000000000007,91.0,1515.6,1505.2,132.0,30.0,1504.3333333333333,646.3333333333334,33.0
524,110.81818181818176,578.4545454545455,928.2727272727273,141.0,86.0,1069.8333333333333,1084.5,129.0,107.0,537.0,759.0,155.0,100.0,714.3333333333334,1366.3333333333333,165.0,132.0,1185.0588235294117,673.4117647058823,92.0,115.0,1123.9285714285713,334.67857142857144,141.0,108.0,806.875,636.375,168.0,124.5,1492.0,640.125,138.75,99.33333333333337,409.6666666666667,337.3333333333333,191.33333333333331,91.0,1507.2,1503.4,132.0,30.0,1498.6666666666667,646.6666666666666,33.0
525,109.63636363636374,577.9090909090909,927.5454545454545,143.0,86.0,1069.75,1083.25,129.0,107.0,537.1428571428571,759.8571428571429,155.0,100.0,716.25,1366.0,167.0,132.0,1185.8823529411766,670.1764705882352,92.0,115.0,1118.0,335.0,141.0,108.0,797.5833333333334,638.9166666666666,168.0,123.75,1487.5,638.3125,138.375,98.66666666666663,398.93333333333334,342.6666666666667,190.86666666666662,91.0,1498.8,1501.6,132.0,30.0,1493.0,647.0,33.0
526,108.45454545454538,577.3636363636364,926.8181818181819,145.0,86.0,1069.6666666666667,1082.0,129.0,107.0,537.2857142857143,760.7142857142857,155.0,100.0,718.1666666666666,1365.6666666666667,169.0,132.0,1186.7058823529412,666.9411764705883,92.0,115.0,1113.6666666666667,335.6666666666667,141.0,108.0,788.2916666666666,641.4583333333334,168.0,123.0,1483.0,636.5,138.0,98.0,388.2,348.0,190.40000000000003,91.0,1490.4,1499.8,132.0,30.0,1492.0,646.0,33.0
527,107.27272727272714,576.8181818181819,926.0909090909091,147.0,86.0,1069.5833333333333,1080.75,129.0,107.0,537.4285714285714,761.5714285714286,155.0,100.0,720.0833333333334,1365.3333333333333,171.0,132.0,1187.5294117647059,663.7058823529412,92.0,115.0,1109.3333333333333,336.3333333333333,141.0,108.0,779.0,644.0,168.0,122.25,1478.5,634.6875,137.625,97.33333333333331,377.4666666666667,353.33333333333337,189.93333333333328,91.0,1482.0,1498.0,132.0,30.0,1491.0,645.0,33.0
528,106.09090909090912,576.2727272727273,925.3636363636364,149.0,86.0,1069.5,1079.5,129.0,107.0,537.5714285714286,762.4285714285714,155.0,100.0,722.0,1365.0,173.0,132.0,1188.3529411764705,660.4705882352941,92.0,115.0,1105.0,337.0,141.0,108.0,771.3,647.7,165.60000000000002,121.5,1474.0,632.875,137.25,96.66666666666663,366.73333333333335,358.6666666666667,189.4666666666667,91.0,1473.6,1496.2,132.0,30.0,1490.0,644.0,33.0
529,104.90909090909088,575.7272727272727,924.6363636363636,151.0,86.0,1069.4166666666667,1078.25,129.0,107.0,537.7142857142857,763.2857142857143,155.0,100.0,722.9230769230769,1364.6153846153845,173.0,132.0,1189.1764705882354,657.2352941176471,92.0,115.0,1096.7142857142858,335.7142857142857,141.0,108.0,763.6,651.4,163.19999999999993,120.75,1469.5,631.0625,136.875,96.0,356.0,364.0,189.0,91.0,1465.2,1494.4,132.0,30.0,1489.0,641.3333333333334,33.0
530,103.72727272727286,575.1818181818181,923.9090909090909,153.0,86.0,1069.3333333333333,1077.0,129.0,107.0,537.8571428571429,764.1428571428571,155.0,100.0,723.8461538461538,1364.2307692307693,173.0,132.0,1190.0,654.0,92.0,115.0,1088.4285714285713,334.42857142857144,141.0,108.0,755.9,655.1,160.80000000000007,120.0,1465.0,629.25,136.5,96.0,348.25,373.1875,187.375,91.0,1456.8,1492.6,132.0,30.0,1488.0,638.6666666666666,33.0
531,102.54545454545462,574.6363636363636,923.1818181818181,155.0,86.0,1069.25,1075.75,129.0,107.0,538.0,765.0,155.0,100.0,724.7692307692307,1363.8461538461538,173.0,131.82352941176475,1187.764705882353,652.1764705882352,94.17647058823536,115.0,1080.142857142857,333.14285714285717,141.0,108.0,748.2,658.8,158.39999999999998,119.25,1460.5,627.4375,136.125,96.0,340.5,382.375,185.75,91.0,1448.4,1490.8,132.0,30.0,1487.0,636.0,33.0
532,101.36363636363637,574.0909090909091,922.4545454545455,157.0,86.0,1069.1666666666667,1074.5,129.0,107.0,537.0434782608696,764.6521739130435,155.56521739130426,100.0,725.6923076923077,1363.4615384615386,173.0,131.6470588235294,1185.5294117647059,650.3529411764706,96.35294117647072,115.0,1071.857142857143,331.85714285714283,141.0,108.0,740.5,662.5,156.0,118.5,1456.0,625.625,135.75,96.0,332.75,391.5625,184.125,91.0,1440.0,1489.0,132.0,30.0,1485.6666666666667,630.6666666666666,33.0
533,100.18181818181813,573.5454545454545,921.7272727272727,159.0,86.0,1069.0833333333333,1073.25,129.0,107.0,536.0869565217391,764.304347826087,156.13043478260875,100.0,726.6153846153846,1363.076923076923,173.0,131.47058823529414,1183.2941176470588,648.5294117647059,98.52941176470586,115.0,1063.5714285714287,330.57142857142856,141.0,108.0,732.8,666.2,153.60000000000002,117.75,1451.5,623.8125,135.375,96.0,325.0,400.75,182.5,91.0,1436.1666666666667,1488.9166666666667,132.0,30.0,1484.3333333333333,625.3333333333334,33.0
534,99.0,573.0,921.0,161.0,86.0,1069.0,1072.0,129.0,107.0,535.1304347826087,763.9565217391304,156.695652173913,100.0,727.5384615384615,1362.6923076923076,173.0,131.29411764705878,1181.0588235294117,646.7058823529412,100.70588235294122,115.0,1055.2857142857142,329.2857142857143,141.0,108.0,725.1,669.9,151.19999999999993,117.0,1447.0,622.0,135.0,96.0,317.25,409.9375,180.875,91.0,1432.3333333333333,1488.8333333333333,132.0,30.0,1483.0,620.0,33.0
535,97.88888888888891,576.4444444444445,919.6666666666666,163.0,86.0,1068.4615384615386,1070.8461538461538,129.0,107.0,534.1739130434783,763.6086956521739,157.26086956521738,100.0,728.4615384615385,1362.3076923076924,173.0,131.11764705882354,1178.8235294117646,644.8823529411765,102.88235294117658,115.0,1047.0,328.0,141.0,108.0,717.4,673.6,148.80000000000007,117.91666666666674,1443.8333333333333,618.9166666666666,133.41666666666674,96.0,309.5,419.125,179.25,91.0,1428.5,1488.75,132.0,30.0,1480.6666666666667,616.3333333333334,33.0
536,96.77777777777771,579.8888888888889,918.3333333333334,165.0,86.0,1067.923076923077,1069.6923076923076,129.0,107.0,533.2173913043479,763.2608695652174,157.82608695652175,100.0,729.3846153846154,1361.923076923077,173.0,130.9411764705883,1176.5882352941176,643.0588235294117,105.05882352941194,115.0,1042.35,327.7,141.0,108.0,709.7,677.3,146.39999999999998,118.83333333333326,1440.6666666666667,615.8333333333334,131.83333333333326,96.0,301.75,428.3125,177.625,91.0,1424.6666666666667,1488.6666666666667,132.0,30.0,1478.3333333333333,612.6666666666666,33.0
537,95.66666666666663,583.3333333333334,917.0,167.0,86.0,1067.3846153846155,1068.5384615384614,129.0,107.0,532.2608695652174,762.9130434782609,158.39130434782612,100.0,730.3076923076923,1361.5384615384614,173.0,130.76470588235293,1174.3529411764705,641.2352941176471,107.23529411764707,115.0,1037.7,327.4,141.0,108.0,702.0,681.0,144.0,119.75,1437.5,612.75,130.25,96.0,294.0,437.5,176.0,91.0,1420.8333333333333,1488.5833333333333,132.0,30.0,1476.0,609.0,33.0
538,94.55555555555554,586.7777777777778,915.6666666666666,169.0,86.0,1066.8461538461538,1067.3846153846155,129.0,107.0,531.304347826087,762.5652173913044,158.95652173913038,100.0,731.2307692307693,1361.1538461538462,173.0,130.58823529411768,1172.1176470588234,639.4117647058823,109.41176470588243,115.0,1033.05,327.1,141.0,108.0,698.5555555555555,682.5555555555555,145.66666666666663,120.66666666666674,1434.3333333333333,609.6666666666666,128.66666666666674,96.0,286.25,446.6875,174.375,91.0,1417.0,1488.5,132.0,30.0,1474.6666666666667,605.3333333333334,33.0
539,93.44444444444446,590.2222222222222,914.3333333333334,171.0,86.0,1066.3076923076924,1066.2307692307693,129.0,107.0,530.3478260869565,762.2173913043479,159.52173913043475,100.0,732.1538461538462,1360.7692307692307,173.0,130.41176470588232,1169.8823529411766,637.5882352941177,111.58823529411757,115.0,1028.4,326.8,141.0,108.0,695.1111111111111,684.1111111111111,147.33333333333337,121.58333333333326,1431.1666666666667,606.5833333333334,127.08333333333326,96.0,278.5,455.875,172.75,91.0,1413.1666666666667,1488.4166666666667,132.0,30.0,1473.3333333333333,601.6666666666666,33.0
540,92.33333333333337,593.6666666666666,913.0,173.0,86.0,1065.7692307692307,1065.076923076923,129.0,107.0,529.3913043478261,761.8695652173913,160.08695652173913,100.0,733.0769230769231,1360.3846153846155,173.0,130.23529411764707,1167.6470588235295,635.7647058823529,113.76470588235293,115.0,1023.75,326.5,141.0,108.0,691.6666666666666,685.6666666666666,149.0,122.5,1428.0,603.5,125.5,96.0,270.75,465.0625,171.125,91.0,1409.3333333333333,1488.3333333333333,132.0,30.0,1472.0,598.0,33.0
541,91.22222222222229,597.1111111111111,911.6666666666666,175.0,86.0,1065.2307692307693,1063.923076923077,129.0,107.0,528.4347826086956,761.5217391304348,160.6521739130435,100.0,734.0,1360.0,173.0,130.0588235294117,1165.4117647058824,633.9411764705883,115.94117647058806,115.0,1019.1,326.2,140.9999999999999,108.0,688.2222222222222,687.2222222222222,150.66666666666674,123.41666666666674,1424.8333333333333,600.4166666666666,123.91666666666674,96.0,263.0,474.25,169.5,91.0,1405.5,1488.25,132.0,30.0,1467.3333333333333,595.6666666666666,33.0
542,90.11111111111109,600.5555555555555,910.3333333333334,177.0,86.0,1064.6923076923076,1062.7692307692307,129.0,107.0,527.4782608695652,761.1739130434783,161.21739130434776,100.0,734.8461538461538,1357.7692307692307,171.23076923076928,129.88235294117646,1163.1764705882354,632.1176470588235,118.11764705882342,115.0,1014.45,325.9,141.0,108.0,684.7777777777778,688.7777777777778,152.33333333333326,124.33333333333326,1421.6666666666667,597.3333333333334,122.33333333333326,96.0,255.25,483.4375,167.875,91.0,1401.6666666666667,1488.1666666666667,132.0,30.0,1462.6666666666667,593.3333333333334,33.0
543,89.0,604.0,909.0,179.0,86.0,1064.1538461538462,1061.6153846153845,129.0,107.0,526.5217391304348,760.8260869565217,161.78260869565224,100.0,735.6923076923077,1355.5384615384614,169.46153846153845,129.70588235294122,1160.9411764705883,630.2941176470588,120.29411764705878,115.0,1009.8,325.6,141.0,108.0,681.3333333333334,690.3333333333334,154.0,125.25,1418.5,594.25,120.75,96.0,247.5,492.625,166.25,91.0,1397.8333333333333,1488.0833333333333,132.0,30.0,1458.0,591.0,33.0
544,90.08695652173913,606.0434782608696,907.2608695652174,177.78260869565213,86.0,1063.6153846153845,1060.4615384615386,129.0,107.0,525.5652173913044,760.4782608695652,162.3478260869565,100.0,736.5384615384615,1353.3076923076924,167.69230769230774,129.52941176470586,1158.7058823529412,628.4705882352941,122.47058823529414,115.0,1005.15,325.3,141.0000000000001,108.0,677.8888888888889,691.8888888888889,155.66666666666663,126.16666666666674,1415.3333333333333,591.1666666666666,119.16666666666674,96.0,239.75,501.8125,164.625,91.0,1394.0,1488.0,132.0,30.0,1451.0,590.6666666666666,33.0
545,91.17391304347825,608.0869565217391,905.5217391304348,176.56521739130437,86.0,1063.076923076923,1059.3076923076924,129.0,107.0,524.6086956521739,760.1304347826087,162.91304347826087,100.0,737.3846153846154,1351.076923076923,165.9230769230769,129.3529411764706,1156.4705882352941,626.6470588235294,124.64705882352928,115.0,1000.5,325.0,141.0,108.0,674.4444444444445,693.4444444444445,157.33333333333337,127.08333333333326,1412.1666666666667,588.0833333333334,117.58333333333326,96.0,232.0,511.0,163.0,91.6470588235295,1389.1764705882354,1484.764705882353,131.58823529411757,30.0,1444.0,590.3333333333334,33.0
546,92.26086956521749,610.1304347826087,903.7826086956521,175.3478260869565,86.0,1062.5384615384614,1058.1538461538462,129.0,107.0,523.6521739130435,759.7826086956521,163.47826086956525,100.0,738.2307692307693,1348.8461538461538,164.15384615384608,129.17647058823525,1154.235294117647,624.8235294117648,126.82352941176464,115.0,995.85,324.7,140.9999999999999,108.0,671.0,695.0,159.0,128.0,1409.0,585.0,116.0,96.0,227.8,522.8,160.59999999999997,92.29411764705878,1384.3529411764705,1481.5294117647059,131.17647058823536,30.0,1437.0,590.0,33.0
547,93.3478260869565,612.1739130434783,902.0434782608696,174.13043478260875,86.0,1062.0,1057.0,129.0,107.0,522.695652173913,759.4347826086956,164.04347826086962,100.0,739.0769230769231,1346.6153846153845,162.38461538461536,129.0,1152.0,623.0,129.0,115.0,991.2,324.4,141.0,108.0,668.125,695.875,161.5,125.5,1409.625,587.0,116.625,96.0,223.6,534.6,158.20000000000002,92.94117647058829,1379.5294117647059,1478.2941176470588,130.76470588235293,30.0,1432.0,593.0,33.0
548,94.43478260869563,614.2173913043479,900.304347826087,172.91304347826087,86.0,1062.7333333333333,1056.2,129.0,107.0,521.7391304347826,759.0869565217391,164.60869565217388,100.0,739.9230769230769,1344.3846153846155,160.61538461538464,127.0,1148.75,624.0,124.25,115.0,986.55,324.1,141.0,108.0,665.25,696.75,164.0,123.0,1410.25,589.0,117.25,96.0,219.4,546.4,155.79999999999998,93.5882352941178,1374.7058823529412,1475.0588235294117,130.3529411764705,30.0,1427.0,596.0,33.0
549,95.52173913043475,616.2608695652174,898.5652173913044,171.695652173913,86.0,1063.4666666666667,1055.4,129.0,107.0,520.7826086956521,758.7391304347826,165.17391304347825,100.0,740.7692307692307,1342.1538461538462,158.84615384615392,125.0,1145.5,625.0,119.5,115.0,981.9,323.8,141.0000000000001,108.0,662.375,697.625,166.5,120.5,1410.875,591.0,117.875,96.0,215.2,558.2,153.40000000000003,94.23529411764707,1369.8823529411766,1471.8235294117646,129.94117647058806,30.0,1422.0,599.0,33.0
550,96.60869565217388,618.304347826087,896.8260869565217,170.47826086956513,86.0,1064.2,1054.6,129.0,107.0,519.8260869565217,758.3913043478261,165.73913043478262,100.0,741.6153846153846,1339.923076923077,157.0769230769231,123.0,1142.25,626.0,114.75,115.0,977.25,323.5,141.0,108.0,659.5,698.5,169.0,118.0,1411.5,593.0,118.5,96.0,211.0,570.0,151.0,94.88235294117658,1365.0588235294117,1468.5882352941176,129.52941176470586,30.0,1421.6666666666667,601.6666666666666,33.0
551,97.695652173913,620.3478260869565,895.0869565217391,169.26086956521738,86.0,1064.9333333333334,1053.8,129.0,107.0,518.8695652173913,758.0434782608696,166.304347826087,100.0,742.4615384615385,1337.6923076923076,155.30769230769226,121.0,1139.0,627.0,110.0,115.0,972.6,323.2,140.9999999999999,108.0,656.625,699.375,171.5,115.5,1412.125,595.0,119.125,100.625,209.375,578.75,149.375,95.52941176470608,1360.235294117647,1465.3529411764705,129.11764705882342,30.0,1421.3333333333333,604.3333333333334,33.0
552,98.78260869565224,622.3913043478261,893.3478260869565,168.0434782608695,86.0,1065.6666666666667,1053.0,129.0,107.0,517.9130434782609,757.695652173913,166.86956521739125,100.0,743.3076923076923,1335.4615384615386,153.53846153846155,122.14285714285711,1135.857142857143,628.0,110.42857142857133,115.0,967.95,322.9,141.0,108.0,653.75,700.25,174.0,113.0,1412.75,597.0,119.75,105.25,207.75,587.5,147.75,96.17647058823536,1355.4117647058824,1462.1176470588234,128.705882352941,30.0,1421.0,607.0,33.0
553,99.86956521739137,624.4347826086956,891.6086956521739,166.82608695652175,86.0,1066.4,1052.2,129.0,107.0,516.9565217391304,757.3478260869565,167.43478260869574,100.0,744.1538461538462,1333.2307692307693,151.76923076923072,123.28571428571433,1132.7142857142858,629.0,110.85714285714289,115.0,963.3,322.6,141.0,108.0,650.875,701.125,176.5,110.5,1413.375,599.0,120.375,109.875,206.125,596.25,146.125,96.82352941176464,1350.5882352941176,1458.8823529411766,128.294117647059,30.0,1428.0,609.0,33.0
554,100.9565217391305,626.4782608695652,889.8695652173913,165.60869565217388,86.0,1067.1333333333334,1051.4,129.0,107.0,516.0,757.0,168.0,100.0,745.0,1331.0,150.0,124.42857142857144,1129.5714285714287,630.0,111.28571428571422,115.0,958.65,322.3,141.0000000000001,108.0,648.0,702.0,179.0,108.0,1414.0,601.0,121.0,114.5,204.5,605.0,144.5,97.47058823529392,1345.764705882353,1455.6470588235295,127.88235294117658,30.0,1435.0,611.0,33.0
555,102.0434782608695,628.5217391304348,888.1304347826087,164.39130434782612,86.0,1067.8666666666666,1050.6,129.0,108.9230769230769,514.4615384615385,756.6923076923077,165.61538461538464,100.0,746.5384615384615,1329.6923076923076,150.61538461538464,125.57142857142856,1126.4285714285713,631.0,111.71428571428578,115.0,954.0,322.0,141.0,108.0,644.625,701.625,173.875,109.375,1416.125,598.0,119.5,119.125,202.875,613.75,142.875,98.11764705882342,1340.9411764705883,1452.4117647058824,127.47058823529414,30.0,1442.0,613.0,33.0
556,103.13043478260863,630.5652173913044,886.3913043478261,163.17391304347825,86.0,1068.6,1049.8,129.0,110.84615384615392,512.9230769230769,756.3846153846154,163.23076923076928,100.0,748.0769230769231,1328.3846153846155,151.23076923076917,126.71428571428567,1123.2857142857142,632.0,112.14285714285711,115.0,947.8181818181819,321.3636363636364,140.9999999999999,108.0,641.25,701.25,168.75,110.75,1418.25,595.0,118.0,123.75,201.25,622.5,141.25,98.76470588235293,1336.1176470588234,1449.1764705882354,127.05882352941194,30.0,1445.0,609.3333333333334,33.0
557,104.21739130434776,632.6086956521739,884.6521739130435,161.9565217391305,86.0,1069.3333333333333,1049.0,129.0,112.76923076923072,511.38461538461536,756.0769230769231,160.84615384615392,100.0,749.6153846153846,1327.076923076923,151.8461538461538,127.85714285714289,1120.142857142857,633.0,112.57142857142867,115.0,941.6363636363636,320.72727272727275,141.0000000000001,108.0,637.875,700.875,163.625,112.125,1420.375,592.0,116.5,128.375,199.625,631.25,139.625,99.4117647058822,1331.2941176470588,1445.9411764705883,126.6470588235295,30.0,1448.0,605.6666666666666,33.0
558,105.304347826087,634.6521739130435,882.9130434782609,160.73913043478262,86.0,1070.0666666666666,1048.2,129.0,114.69230769230774,509.84615384615387,755.7692307692307,158.4615384615384,100.0,751.1538461538462,1325.7692307692307,152.46153846153845,129.0,1117.0,634.0,113.0,115.0,935.4545454545455,320.09090909090907,141.0,108.0,634.5,700.5,158.5,113.5,1422.5,589.0,115.0,133.0,198.0,640.0,138.0,100.05882352941171,1326.4705882352941,1442.7058823529412,126.23529411764707,30.0,1451.0,602.0,33.0
559,106.39130434782612,636.695652173913,881.1739130434783,159.52173913043487,86.0,1070.8,1047.4,129.0,116.61538461538464,508.3076923076923,755.4615384615385,156.07692307692304,100.0,752.6923076923077,1324.4615384615386,153.07692307692298,129.0,1113.8333333333333,635.0,114.0,115.0,929.2727272727273,319.45454545454544,141.0,108.0,631.125,700.125,153.375,114.875,1424.625,586.0,113.5,134.1111111111111,198.88888888888889,654.1111111111111,136.33333333333334,100.70588235294122,1321.6470588235295,1439.4705882352941,125.82352941176464,30.0,1454.0,596.3333333333334,33.0
560,107.47826086956525,638.7391304347826,879.4347826086956,158.304347826087,86.0,1071.5333333333333,1046.6,129.0,118.53846153846155,506.7692307692308,755.1538461538462,153.69230769230768,100.0,754.2307692307693,1323.1538461538462,153.69230769230762,129.0,1110.6666666666667,636.0,115.0,115.0,923.0909090909091,318.8181818181818,140.9999999999999,108.0,627.75,699.75,148.25,116.25,1426.75,583.0,112.0,135.22222222222229,199.77777777777777,668.2222222222222,134.66666666666669,101.3529411764705,1316.8235294117646,1436.235294117647,125.41176470588243,30.0,1457.0,590.6666666666666,33.0
561,108.56521739130437,640.7826086956521,877.695652173913,157.08695652173913,86.0,1072.2666666666667,1045.8,129.0,120.46153846153845,505.2307692307692,754.8461538461538,151.30769230769232,100.0,755.7692307692307,1321.8461538461538,154.30769230769238,129.0,1107.5,637.0,116.0,115.0,916.9090909090909,318.1818181818182,141.0000000000001,108.0,624.375,699.375,143.125,117.625,1428.875,580.0,110.5,136.33333333333326,200.66666666666666,682.3333333333334,133.00000000000003,102.0,1312.0,1433.0,125.0,30.0,1460.0,585.0,33.0
562,109.65217391304338,642.8260869565217,875.9565217391305,155.86956521739125,86.0,1073.0,1045.0,129.0,122.38461538461536,503.6923076923077,754.5384615384615,148.92307692307696,100.0,757.3076923076923,1320.5384615384614,154.92307692307702,129.0,1104.3333333333333,638.0,117.0,115.0,910.7272727272727,317.54545454545456,141.0,108.0,621.0,699.0,138.0,119.0,1431.0,577.0,109.0,137.44444444444446,201.55555555555554,696.4444444444445,131.33333333333337,102.5625,1309.5625,1431.25,124.59375,30.0,1461.3333333333333,581.3333333333334,33.0
563,110.73913043478251,644.8695652173913,874.2173913043479,154.6521739130435,86.0,1073.25,1045.1666666666667,129.0,124.30769230769226,502.15384615384613,754.2307692307693,146.5384615384616,100.0,758.8461538461538,1319.2307692307693,155.53846153846155,129.0,1101.1666666666667,639.0,118.0,115.0,904.5454545454545,316.90909090909093,141.0,109.0,618.7777777777778,698.0,140.22222222222217,120.33333333333337,1431.0,575.6666666666666,109.0,138.55555555555554,202.44444444444446,710.5555555555555,129.66666666666663,103.125,1307.125,1429.5,124.1875,30.0,1462.6666666666667,577.6666666666666,33.0
564,111.82608695652175,646.9130434782609,872.4782608695652,153.43478260869563,86.0,1073.5,1045.3333333333333,129.0,126.23076923076928,500.61538461538464,753.9230769230769,144.15384615384608,100.0,760.3846153846154,1317.923076923077,156.1538461538462,129.0,1098.0,640.0,119.0,115.0,898.3636363636364,316.27272727272725,140.9999999999999,110.0,616.5555555555555,697.0,142.44444444444446,121.66666666666663,1431.0,574.3333333333334,109.0,139.66666666666674,203.33333333333334,724.6666666666666,127.99999999999997,103.6875,1304.6875,1427.75,123.78125,30.0,1464.0,574.0,33.0
565,112.91304347826087,648.9565217391305,870.7391304347826,152.21739130434776,86.0,1073.75,1045.5,129.0,128.15384615384608,499.0769230769231,753.6153846153846,141.76923076923072,100.0,761.9230769230769,1316.6153846153845,156.76923076923083,129.0,1093.7142857142858,640.1428571428571,116.85714285714289,115.0,892.1818181818182,315.6363636363636,141.0,111.0,614.3333333333334,696.0,144.66666666666663,123.0,1431.0,573.0,109.0,140.77777777777771,204.22222222222223,738.7777777777778,126.33333333333331,104.25,1302.25,1426.0,123.375,30.0,1465.6666666666667,572.6666666666666,33.0
566,114.0,651.0,869.0,151.0,86.0,1074.0,1045.6666666666667,129.0,130.0769230769231,497.53846153846155,753.3076923076923,139.38461538461536,100.0,763.4615384615385,1315.3076923076924,157.38461538461536,129.0,1089.4285714285713,640.2857142857143,114.71428571428578,115.0,886.0,315.0,141.0,112.0,612.1111111111111,695.0,146.8888888888889,124.33333333333337,1431.0,571.6666666666666,109.0,141.8888888888889,205.11111111111111,752.8888888888889,124.66666666666666,104.8125,1299.8125,1424.25,122.96875,30.0,1467.3333333333333,571.3333333333334,33.0
567,113.42857142857144,649.9047619047619,869.047619047619,151.0,86.0,1074.25,1045.8333333333333,129.0,132.0,496.0,753.0,137.0,100.0,765.0,1314.0,158.0,129.0,1085.142857142857,640.4285714285714,112.57142857142867,115.0,884.0,315.44444444444446,141.0,113.0,609.8888888888889,694.0,149.1111111111111,125.66666666666663,1431.0,570.3333333333334,109.0,143.0,206.0,767.0,123.0,105.375,1297.375,1422.5,122.5625,30.0,1469.0,570.0,33.0
568,112.85714285714289,648.8095238095239,869.0952380952381,151.0,86.0,1074.5,1046.0,129.0,133.0,495.8888888888889,753.925925925926,137.0,100.0,767.2,1313.6,161.0,129.0,1080.857142857143,640.5714285714286,110.42857142857133,115.0,882.0,315.8888888888889,141.0,114.0,607.6666666666666,693.0,151.33333333333337,127.0,1431.0,569.0,109.0,143.0,209.0,775.0,123.0,105.9375,1294.9375,1420.75,122.15625,30.0,1467.0,568.6666666666666,33.0
569,112.28571428571433,647.7142857142857,869.1428571428571,151.0,86.0,1074.75,1046.1666666666667,129.0,134.0,495.77777777777777,754.8518518518518,137.00000000000006,100.0,769.4,1313.2,164.0,129.0,1076.5714285714287,640.7142857142857,108.28571428571422,115.0,880.0,316.3333333333333,141.0,115.0,605.4444444444445,692.0,153.55555555555554,128.33333333333337,1431.0,567.6666666666666,109.0,143.0,216.125,789.625,123.0,106.5,1292.5,1419.0,121.75,30.0,1465.0,567.3333333333334,33.0
570,111.71428571428578,646.6190476190476,869.1904761904761,151.0,86.0,1075.0,1046.3333333333333,129.0,135.0,495.6666666666667,755.7777777777778,136.99999999999994,100.0,771.6,1312.8,167.0,129.0,1072.2857142857142,640.8571428571429,106.14285714285711,115.0,878.0,316.77777777777777,141.0,116.0,603.2222222222222,691.0,155.77777777777783,129.66666666666663,1431.0,566.3333333333334,109.0,143.0,223.25,804.25,123.0,107.0625,1290.0625,1417.25,121.34375,30.0,1463.0,566.0,33.0
571,111.14285714285722,645.5238095238095,869.2380952380952,151.0,86.0,1075.25,1046.5,129.0,136.0,495.55555555555554,756.7037037037037,137.0,100.0,773.8,1312.4,170.0,129.0,1068.0,641.0,104.0,115.0,876.0,317.22222222222223,141.0,117.0,601.0,690.0,158.0,131.0,1431.0,565.0,109.0,143.0,230.375,818.875,123.0,107.625,1287.625,1415.5,120.9375,30.0,1457.3333333333333,566.3333333333334,33.0
572,110.57142857142856,644.4285714285714,869.2857142857143,151.0,86.0,1075.5,1046.6666666666667,129.0,137.0,495.44444444444446,757.6296296296297,137.0,100.0,776.0,1312.0,173.0,129.0,1068.75,642.375,102.875,115.0,874.0,317.6666666666667,141.0,117.0,599.875,690.625,158.0,131.0,1428.2857142857142,567.2857142857143,110.28571428571445,143.0,237.5,833.5,123.0,108.1875,1285.1875,1413.75,120.53125,30.0,1451.6666666666667,566.6666666666666,33.0
573,110.0,643.3333333333334,869.3333333333334,151.0,86.0,1075.75,1046.8333333333333,129.0,138.0,495.3333333333333,758.5555555555555,137.00000000000006,100.0,778.2857142857143,1311.5714285714287,170.85714285714278,129.0,1069.5,643.75,101.75,115.0,872.0,318.1111111111111,141.0,117.0,598.75,691.25,158.0,131.0,1425.5714285714287,569.5714285714286,111.57142857142844,143.0,244.625,848.125,123.0,108.75,1282.75,1412.0,120.125,30.0,1446.0,567.0,33.0
574,109.42857142857144,642.2380952380952,869.3809523809524,151.0,86.0,1076.0,1047.0,129.0,139.0,495.22222222222223,759.4814814814815,136.99999999999994,100.0,780.5714285714286,1311.142857142857,168.71428571428578,129.0,1070.25,645.125,100.625,115.0,870.0,318.55555555555554,141.0,117.0,597.625,691.875,158.0,131.0,1422.857142857143,571.8571428571429,112.85714285714289,143.0,251.75,862.75,123.0,109.3125,1280.3125,1410.25,119.71875,30.0,1438.3333333333333,571.0,33.0
575,108.85714285714289,641.1428571428571,869.4285714285714,151.0,86.0,1076.5294117647059,1047.2941176470588,129.0,140.0,495.1111111111111,760.4074074074074,137.0,100.0,782.8571428571429,1310.7142857142858,166.57142857142856,129.0,1071.0,646.5,99.5,115.0,868.0,319.0,141.0,117.0,596.5,692.5,158.0,131.0,1420.142857142857,574.1428571428571,114.14285714285711,143.0,258.875,877.375,123.0,109.875,1277.875,1408.5,119.3125,30.0,1430.6666666666667,575.0,33.0
576,108.28571428571433,640.047619047619,869.4761904761905,151.0,86.0,1077.0588235294117,1047.5882352941176,129.0,141.0,495.0,761.3333333333334,137.0,100.0,785.1428571428571,1310.2857142857142,164.42857142857144,129.0,1071.75,647.875,98.375,115.0,864.8888888888889,317.3333333333333,141.0,117.0,595.375,693.125,158.0,131.0,1417.4285714285713,576.4285714285714,115.42857142857156,143.0,266.0,892.0,123.0,110.4375,1275.4375,1406.75,118.90625,30.0,1423.0,579.0,33.0
577,107.71428571428567,638.952380952381,869.5238095238095,151.0,86.0,1077.5882352941176,1047.8823529411766,129.0,142.0,494.8888888888889,762.2592592592592,137.0,100.0,787.4285714285714,1309.857142857143,162.28571428571422,129.0,1072.5,649.25,97.25,115.0,861.7777777777778,315.6666666666667,141.0,117.0,594.25,693.75,158.0,131.0,1414.7142857142858,578.7142857142857,116.71428571428555,142.9999999999999,274.4,902.6,123.0,111.0,1273.0,1405.0,118.5,30.0,1419.3333333333333,588.0,33.0
578,107.14285714285711,637.8571428571429,869.5714285714286,151.0,86.0,1078.1176470588234,1048.1764705882354,129.0,143.0,494.77777777777777,763.1851851851852,137.00000000000006,100.0,789.7142857142857,1309.4285714285713,160.14285714285722,129.0,1073.25,650.625,96.125,115.0,858.6666666666666,314.0,141.0,117.0,593.125,694.375,158.0,131.0,1412.0,581.0,118.0,143.0,282.8,913.2,123.0,111.5625,1270.5625,1403.25,118.09375,30.0,1415.6666666666667,597.0,33.0
579,106.57142857142856,636.7619047619048,869.6190476190476,151.0,86.0,1078.6470588235295,1048.4705882352941,129.0,144.0,494.6666666666667,764.1111111111111,136.99999999999994,100.0,792.0,1309.0,158.0,129.0,1074.0,652.0,95.0,115.0,855.5555555555555,312.3333333333333,141.0,117.0,592.0,695.0,158.0,131.0,1412.2857142857142,585.7142857142857,118.0,143.0,291.2,923.8,123.0,112.125,1268.125,1401.5,117.6875,30.0,1412.0,606.0,33.0
580,106.0,635.6666666666666,869.6666666666666,151.0,86.0,1079.1764705882354,1048.764705882353,129.0,145.0,494.55555555555554,765.0370370370371,137.0,100.0,791.5454545454545,1308.4545454545455,158.0,130.0,1074.111111111111,652.5555555555555,94.44444444444457,115.0,852.4444444444445,310.6666666666667,141.0,117.0,593.4166666666666,696.5833333333334,158.0,131.0,1412.5714285714287,590.4285714285714,118.0,143.0000000000001,299.6,934.4,123.0,112.6875,1265.6875,1399.75,117.28125,30.0,1414.3333333333333,618.3333333333334,33.0
581,105.42857142857144,634.5714285714286,869.7142857142857,151.0,86.0,1079.7058823529412,1049.0588235294117,129.0,146.0,494.44444444444446,765.9629629629629,137.0,100.0,791.0909090909091,1307.909090909091,158.0,131.0,1074.2222222222222,653.1111111111111,93.88888888888891,115.0,849.3333333333334,309.0,141.0,117.0,594.8333333333334,698.1666666666666,158.0,131.0,1412.857142857143,595.1428571428571,118.0,143.0,308.0,945.0,123.0,113.25,1263.25,1398.0,116.875,30.0,1416.6666666666667,630.6666666666666,33.0
582,104.85714285714278,633.4761904761905,869.7619047619048,151.0,86.0,1080.235294117647,1049.3529411764705,129.0,147.0,494.3333333333333,766.8888888888889,137.00000000000006,100.0,790.6363636363636,1307.3636363636363,158.0,132.0,1074.3333333333333,653.6666666666666,93.33333333333348,115.0,846.2222222222222,307.3333333333333,141.0,117.0,596.25,699.75,158.0,131.0,1413.142857142857,599.8571428571429,118.0,143.0000000000001,317.8333333333333,958.1666666666666,123.0,113.8125,1260.8125,1396.25,116.46875,30.0,1419.0,643.0,33.0
583,104.28571428571422,632.3809523809524,869.8095238095239,151.0,86.0,1080.764705882353,1049.6470588235295,129.0,148.0,494.22222222222223,767.8148148148148,136.99999999999994,100.0,790.1818181818181,1306.8181818181818,158.0,133.0,1074.4444444444443,654.2222222222222,92.77777777777783,115.0,843.1111111111111,305.6666666666667,141.0,117.0,597.6666666666666,701.3333333333334,158.0,131.0,1413.4285714285713,604.5714285714286,118.0,142.9999999999999,327.6666666666667,971.3333333333334,123.0,114.375,1258.375,1394.5,116.0625,30.0,1424.0,656.0,33.0
584,103.71428571428567,631.2857142857143,869.8571428571429,151.0,86.0,1081.2941176470588,1049.9411764705883,129.0,149.0,494.1111111111111,768.7407407407408,137.0,100.0,789.7272727272727,1306.2727272727273,158.0,134.0,1074.5555555555557,654.7777777777778,92.22222222222217,115.0,840.0,304.0,141.0,117.0,599.0833333333334,702.9166666666666,158.0,131.0,1413.7142857142858,609.2857142857143,118.0,143.0,337.5,984.5,123.0,114.9375,1255.9375,1392.75,115.65625,30.0,1429.0,669.0,33.0
585,103.14285714285711,630.1904761904761,869.9047619047619,151.0,86.0,1081.8235294117646,1050.235294117647,129.0,150.0,494.0,769.6666666666666,137.0,100.0,789.2727272727273,1305.7272727272727,158.0,135.0,1074.6666666666667,655.3333333333334,91.66666666666652,111.25,836.875,303.625,142.125,117.0,600.5,704.5,158.0,131.0,1414.0,614.0,118.0,143.0000000000001,347.3333333333333,997.6666666666666,123.0,115.5,1253.5,1391.0,115.25,30.0,1434.0,682.0,33.0
586,102.57142857142856,629.0952380952381,869.952380952381,151.0,86.0,1082.3529411764705,1050.5294117647059,129.0,151.0,493.8888888888889,770.5925925925926,137.0,100.0,788.8181818181819,1305.1818181818182,158.0,136.0,1074.7777777777778,655.8888888888889,91.11111111111109,107.5,833.75,303.25,143.25,117.0,601.9166666666666,706.0833333333334,158.0,128.625,1412.125,617.125,118.0,142.9999999999999,357.1666666666667,1010.8333333333334,123.0,116.0625,1251.0625,1389.25,114.84375,30.0,1433.75,686.25,33.0
587,102.0,628.0,870.0,151.0,86.0,1082.8823529411766,1050.8235294117646,129.0,152.0,493.77777777777777,771.5185185185185,137.00000000000006,100.0,788.3636363636364,1304.6363636363637,158.0,137.0,1074.888888888889,656.4444444444445,90.55555555555543,103.75,830.625,302.875,144.375,117.0,603.3333333333334,707.6666666666666,158.0,126.25,1410.25,620.25,118.0,143.0,367.0,1024.0,123.0,116.625,1248.625,1387.5,114.4375,30.0,1433.5,690.5,33.0
588,103.10000000000002,627.6,871.4,148.79999999999995,86.0,1083.4117647058824,1051.1176470588234,129.0,153.0,493.6666666666667,772.4444444444445,136.99999999999994,100.0,787.9090909090909,1304.090909090909,158.0,138.0,1075.0,657.0,90.0,100.0,827.5,302.5,145.5,117.0,604.75,709.25,158.0,123.875,1408.375,623.375,118.0,140.5,380.3333333333333,1030.6666666666667,128.83333333333337,117.1875,1246.1875,1385.75,114.03125,30.0,1433.25,694.75,33.0
589,104.20000000000005,627.2,872.8,146.5999999999999,86.0,1083.9411764705883,1051.4117647058824,129.0,154.0,493.55555555555554,773.3703703703703,137.0,100.0,787.4545454545455,1303.5454545454545,158.0,138.79999999999995,1080.4,660.2,89.39999999999986,96.25,824.375,302.125,146.625,117.0,606.1666666666666,710.8333333333334,158.0,121.5,1406.5,626.5,118.0,138.0,393.6666666666667,1037.3333333333333,134.66666666666669,117.75,1243.75,1384.0,113.625,30.0,1433.0,699.0,33.0
590,105.29999999999995,626.8,874.2,144.4000000000001,86.0,1084.4705882352941,1051.7058823529412,129.0,155.0,493.44444444444446,774.2962962962963,137.0,100.0,787.0,1303.0,158.0,139.60000000000002,1085.8,663.4,88.79999999999995,92.5,821.25,301.75,147.75,117.0,607.5833333333334,712.4166666666666,158.0,119.125,1404.625,629.625,118.0,135.5,407.0,1044.0,140.5,118.3125,1241.3125,1382.25,113.21875,30.0,1432.6666666666667,702.6666666666666,33.0
591,106.39999999999998,626.4,875.6,142.20000000000005,86.0,1085.0,1052.0,129.0,156.0,493.3333333333333,775.2222222222222,137.00000000000006,101.18181818181824,786.7272727272727,1301.5454545454545,158.0,140.39999999999998,1091.2,666.6,88.20000000000005,88.75,818.125,301.375,148.875,117.0,609.0,714.0,158.0,116.75,1402.75,632.75,118.0,133.0,420.3333333333333,1050.6666666666667,146.33333333333331,118.875,1238.875,1380.5,112.8125,30.0,1432.3333333333333,706.3333333333334,33.0
592,107.5,626.0,877.0,140.0,86.0,1085.0625,1051.3125,129.0,157.0,493.22222222222223,776.1481481481482,136.99999999999994,102.36363636363649,786.4545454545455,1300.090909090909,158.0,141.20000000000005,1096.6,669.8,87.60000000000014,85.0,815.0,301.0,150.0,115.81818181818187,612.6363636363636,714.5454545454545,158.0,114.375,1400.875,635.875,118.0,130.5,433.6666666666667,1057.3333333333333,152.16666666666669,119.4375,1236.4375,1378.75,112.40625,30.0,1432.0,710.0,33.0
593,108.60000000000002,625.6,878.4,137.79999999999995,86.0,1085.125,1050.625,129.0,158.0,493.1111111111111,777.074074074074,137.0,103.5454545454545,786.1818181818181,1298.6363636363637,158.0,142.0,1102.0,673.0,87.0,86.0,817.0,301.0,151.5454545454545,114.63636363636363,616.2727272727273,715.0909090909091,158.0,112.0,1399.0,639.0,118.0,128.0,447.0,1064.0,158.0,120.0,1234.0,1377.0,112.0,30.0,1432.6666666666667,714.6666666666666,33.0
594,109.70000000000005,625.2,879.8,135.5999999999999,86.0,1085.1875,1049.9375,129.0,159.0,493.0,778.0,137.0,104.72727272727275,785.9090909090909,1297.1818181818182,158.0,142.83333333333337,1104.5,673.0,86.33333333333326,87.0,819.0,301.0,153.09090909090912,113.4545454545455,619.9090909090909,715.6363636363636,158.0,112.0,1396.625,641.625,118.0,125.0,460.0,1071.0,152.0,118.6470588235295,1233.4117647058824,1376.235294117647,112.0,30.0,1433.3333333333333,719.3333333333334,33.0
595,110.79999999999995,624.8,881.2,133.4000000000001,86.0,1085.25,1049.25,129.0,155.8125,493.875,779.6875,137.0,105.90909090909099,785.6363636363636,1295.7272727272727,158.0,143.66666666666663,1107.0,673.0,85.66666666666674,88.0,821.0,301.0,154.63636363636363,112.27272727272737,623.5454545454545,716.1818181818181,158.0,112.0,1394.25,644.25,118.0,122.0,473.0,1078.0,146.0,117.29411764705878,1232.8235294117646,1375.4705882352941,112.0,30.0,1434.0,724.0,33.0
596,111.89999999999998,624.4,882.6,131.20000000000005,86.0,1085.3125,1048.5625,129.0,152.625,494.75,781.375,137.0,107.09090909090901,785.3636363636364,1294.2727272727273,158.0,144.5,1109.5,673.0,85.0,89.0,823.0,301.0,156.18181818181813,111.09090909090912,627.1818181818181,716.7272727272727,158.0,112.0,1391.875,646.875,118.0,123.75,486.5,1082.25,148.0,115.94117647058829,1232.235294117647,1374.7058823529412,112.0,30.0,1434.3333333333333,728.0,33.0
597,113.0,624.0,884.0,129.0,86.0,1085.375,1047.875,129.0,149.4375,495.625,783.0625,137.0,108.27272727272725,785.0909090909091,1292.8181818181818,158.0,145.33333333333337,1112.0,673.0,84.33333333333326,90.0,825.0,301.0,157.72727272727275,109.90909090909088,630.8181818181819,717.2727272727273,158.0,112.0,1389.5,649.5,118.0,125.5,500.0,1086.5,150.0,114.58823529411757,1231.6470588235295,1373.9411764705883,112.0,30.0,1434.6666666666667,732.0,33.0
598,116.09090909090912,626.2727272727273,886.1818181818181,127.09090909090912,86.0,1085.4375,1047.1875,129.0,146.25,496.5,784.75,137.0,109.4545454545455,784.8181818181819,1291.3636363636363,158.0,146.16666666666663,1114.5,673.0,83.66666666666674,91.0,827.0,301.0,159.27272727272725,108.72727272727263,634.4545454545455,717.8181818181819,158.0,112.0,1387.125,652.125,118.0,127.25,513.5,1090.75,152.0,113.23529411764707,1231.0588235294117,1373.1764705882354,112.0,30.0,1435.0,736.0,33.0
599,119.18181818181813,628.5454545454545,888.3636363636364,125.18181818181824,86.0,1085.5,1046.5,129.0,143.0625,497.375,786.4375,137.0,110.63636363636351,784.5454545454545,1289.909090909091,158.0,147.0,1117.0,673.0,83.0,92.0,829.0,301.0,160.81818181818187,107.5454545454545,638.0909090909091,718.3636363636364,158.0,112.0,1384.75,654.75,118.0,129.0,527.0,1095.0,154.0,111.88235294117635,1230.4705882352941,1372.4117647058824,112.0,30.0,1433.3333333333333,738.6666666666666,33.0
600,122.27272727272737,630.8181818181819,890.5454545454545,123.27272727272725,86.0,1085.5625,1045.8125,129.0,139.875,498.25,788.125,137.0,111.81818181818176,784.2727272727273,1288.4545454545455,158.0,147.0,1119.3333333333333,672.8333333333334,85.16666666666674,93.0,831.0,301.0,162.36363636363637,106.36363636363637,641.7272727272727,718.9090909090909,158.0,112.0,1382.375,657.375,118.0,121.66666666666674,540.6666666666666,1099.0,156.0,110.52941176470586,1229.8823529411766,1371.6470588235295,112.0,30.0,1431.6666666666667,741.3333333333334,33.0
601,125.36363636363637,633.0909090909091,892.7272727272727,121.36363636363637,86.0,1085.625,1045.125,129.0,136.6875,499.125,789.8125,137.0,113.0,784.0,1287.0,158.0,147.0,1121.6666666666667,672.6666666666666,87.33333333333326,94.0,833.0,301.0,163.90909090909088,105.18181818181813,645.3636363636364,719.4545454545455,158.0,112.0,1380.0,660.0,118.0,114.33333333333326,554.3333333333334,1103.0,158.0,109.17647058823513,1229.2941176470588,1370.8823529411766,112.0,30.0,1430.0,744.0,33.0
602,128.4545454545455,635.3636363636364,894.9090909090909,119.4545454545455,86.0,1085.6875,1044.4375,129.0,133.5,500.0,791.5,137.0,113.0,783.25,1286.4166666666667,158.0,147.0,1124.0,672.5,89.5,95.0,835.0,301.0,165.4545454545455,104.0,649.0,720.0,158.0,112.0,1378.0,662.25,118.0,107.0,568.0,1107.0,160.0,107.82352941176487,1228.7058823529412,1370.1176470588234,112.0,30.0,1426.0,746.3333333333334,33.0
603,131.54545454545462,637.6363636363636,897.0909090909091,117.5454545454545,86.0,1085.75,1043.75,129.0,130.3125,500.875,793.1875,137.0,113.0,782.5,1285.8333333333333,158.0,147.0,1126.3333333333333,672.3333333333334,91.66666666666674,96.0,837.0,301.0,167.0,104.0,655.125,718.625,158.0,112.0,1376.0,664.5,118.0,105.0,582.0,1111.0,146.0,106.47058823529414,1228.1176470588234,1369.3529411764705,112.0,30.0,1422.0,748.6666666666666,33.0
604,134.63636363636374,639.9090909090909,899.2727272727273,115.63636363636363,86.0,1085.8125,1043.0625,129.0,127.125,501.75,794.875,137.0,113.0,781.75,1285.25,158.0,147.0,1128.6666666666667,672.1666666666666,93.83333333333326,96.0,839.6666666666666,301.5833333333333,165.08333333333337,104.0,661.25,717.25,158.0,112.0,1374.0,666.75,118.0,105.0,592.25,1110.75,154.5,105.11764705882365,1227.5294117647059,1368.5882352941176,112.0,30.0,1418.0,751.0,33.0
605,137.72727272727275,642.1818181818181,901.4545454545455,113.72727272727275,86.0,1085.875,1042.375,129.0,123.9375,502.625,796.5625,137.0,113.0,781.0,1284.6666666666667,158.0,147.0,1131.0,672.0,96.0,96.0,842.3333333333334,302.1666666666667,163.16666666666663,104.0,667.375,715.875,158.0,112.0,1372.0,669.0,118.0,105.0,602.5,1110.5,163.0,103.76470588235293,1226.9411764705883,1367.8235294117646,112.0,30.0,1413.3333333333333,749.6666666666666,33.0
606,140.81818181818187,644.4545454545455,903.6363636363636,111.81818181818176,86.0,1085.9375,1041.6875,129.0,120.75,503.5,798.25,137.0,113.0,780.25,1284.0833333333333,158.0,147.33333333333337,1139.0,673.0,98.0,96.0,845.0,302.75,161.25,104.0,673.5,714.5,158.0,112.0,1370.0,671.25,118.0,105.0,612.75,1110.25,171.5,102.41176470588243,1226.3529411764705,1367.0588235294117,112.0,30.0,1408.6666666666667,748.3333333333334,33.0
607,143.90909090909088,646.7272727272727,905.8181818181819,109.90909090909088,86.0,1086.0,1041.0,129.0,117.5625,504.375,799.9375,137.0,113.0,779.5,1283.5,158.0,147.66666666666663,1147.0,674.0,100.0,96.0,847.6666666666666,303.3333333333333,159.33333333333337,104.0,679.625,713.125,158.0,112.0,1368.0,673.5,118.0,105.0,623.0,1110.0,180.0,101.05882352941171,1225.764705882353,1366.2941176470588,112.0,30.0,1404.0,747.0,33.0
608,147.0,649.0,908.0,108.0,85.0769230769231,1087.3846153846155,1041.6923076923076,129.15384615384596,114.375,505.25,801.625,137.0,113.0,778.75,1282.9166666666667,158.0,148.0,1155.0,675.0,102.0,96.0,850.3333333333334,303.9166666666667,157.41666666666663,104.0,685.75,711.75,158.0,112.0,1366.0,675.75,118.0,105.0,633.0,1110.0,184.0,99.70588235294122,1225.1764705882354,1365.5294117647059,112.0,30.0,1396.3333333333333,743.0,33.0
609,147.16666666666674,653.0833333333334,910.5,114.0,84.15384615384596,1088.7692307692307,1042.3846153846155,129.30769230769238,111.1875,506.125,803.3125,137.0,113.0,778.0,1282.3333333333333,158.0,148.0,1159.3333333333333,675.3333333333334,100.66666666666674,96.0,853.0,304.5,155.5,104.0,691.875,710.375,158.0,112.0,1364.0,678.0,118.0,105.0,643.0,1110.0,188.0,98.3529411764705,1224.5882352941176,1364.764705882353,112.0,30.0,1388.6666666666667,739.0,33.0
610,147.33333333333326,657.1666666666666,913.0,120.0,83.23076923076928,1090.1538461538462,1043.076923076923,129.46153846153834,108.0,507.0,805.0,137.0,113.0,777.25,1281.75,158.0,148.0,1163.6666666666667,675.6666666666666,99.33333333333326,96.0,855.6666666666666,305.0833333333333,153.58333333333337,104.0,698.0,709.0,158.0,114.16666666666663,1360.9166666666667,676.75,120.33333333333326,105.0,653.5,1109.5,181.0,97.0,1224.0,1364.0,112.0,30.0,1381.0,735.0,33.0
611,147.5,661.25,915.5,126.0,82.30769230769238,1091.5384615384614,1043.7692307692307,129.61538461538476,108.60000000000002,506.8,803.75,137.84999999999997,113.0,776.5,1281.1666666666667,158.0,148.0,1168.0,676.0,98.0,96.0,858.3333333333334,305.6666666666667,151.66666666666663,105.625,701.625,708.5,160.5,116.33333333333337,1357.8333333333333,675.5,122.66666666666674,105.0,664.0,1109.0,174.0,97.0,1222.0,1363.6,113.40000000000009,30.0,1377.3333333333333,730.0,33.0
612,147.66666666666674,665.3333333333334,918.0,132.0,81.38461538461524,1092.923076923077,1044.4615384615386,129.76923076923072,109.20000000000005,506.6,802.5,138.69999999999993,113.0,775.75,1280.5833333333333,158.0,146.1111111111111,1174.6666666666667,677.1111111111111,102.22222222222217,96.0,861.0,306.25,149.75,107.25,705.25,708.0,163.0,118.5,1354.75,674.25,125.0,105.0,674.5,1109.0,160.0,97.0,1220.0,1363.2,114.79999999999995,30.0,1373.6666666666667,725.0,33.0
613,147.83333333333326,669.4166666666666,920.5,138.0,80.46153846153834,1094.3076923076924,1045.1538461538462,129.9230769230769,109.79999999999995,506.4,801.25,139.55000000000007,113.0,775.0,1280.0,158.0,144.22222222222229,1181.3333333333333,678.2222222222222,106.44444444444457,96.0,863.6666666666666,306.8333333333333,147.83333333333337,108.875,708.875,707.5,165.5,120.66666666666663,1351.6666666666667,673.0,127.33333333333326,105.0,685.0,1109.0,146.0,97.0,1218.0,1362.8,116.20000000000005,30.0,1370.0,720.0,33.0
614,148.0,673.5,923.0,144.0,79.53846153846166,1095.6923076923076,1045.8461538461538,130.0769230769231,110.39999999999998,506.2,800.0,140.40000000000003,113.0,774.625,1279.2083333333333,158.0,142.33333333333326,1188.0,679.3333333333334,110.66666666666674,96.0,866.3333333333334,307.4166666666667,145.91666666666663,110.5,712.5,707.0,168.0,122.83333333333337,1348.5833333333333,671.75,129.66666666666674,101.33333333333348,694.1666666666666,1108.8333333333333,152.66666666666674,97.0,1216.0,1362.4,117.59999999999991,30.0,1366.3333333333333,714.0,33.0
615,148.16666666666674,677.5833333333334,925.5,150.0,78.61538461538476,1097.076923076923,1046.5384615384614,130.23076923076928,111.0,506.0,798.75,141.25,113.0,774.25,1278.4166666666667,158.0,140.44444444444446,1194.6666666666667,680.4444444444445,114.88888888888891,96.0,869.0,308.0,144.0,112.125,716.125,706.5,170.5,125.0,1345.5,670.5,132.0,97.66666666666652,703.3333333333334,1108.6666666666667,159.33333333333326,97.0,1214.0,1362.0,119.0,30.0,1362.6666666666667,708.0,33.0
616,148.33333333333326,681.6666666666666,928.0,156.0,77.69230769230762,1098.4615384615386,1047.2307692307693,130.38461538461524,111.60000000000002,505.8,797.5,142.09999999999997,113.0,773.875,1277.625,158.0,138.55555555555554,1201.3333333333333,681.5555555555555,119.11111111111109,98.66666666666663,872.8888888888889,308.6666666666667,144.0,113.75,719.75,706.0,173.0,127.16666666666663,1342.4166666666667,669.25,134.33333333333326,94.0,712.5,1108.5,166.0,97.0,1212.0,1361.6,120.40000000000009,30.0,1359.0,702.0,33.0
617,148.5,685.75,930.5,162.0,76.76923076923072,1099.8461538461538,1047.923076923077,130.53846153846166,112.20000000000005,505.6,796.25,142.94999999999993,113.0,773.5,1276.8333333333333,158.0,136.66666666666674,1208.0,682.6666666666666,123.33333333333326,101.33333333333337,876.7777777777778,309.3333333333333,144.0,115.375,723.375,705.5,175.5,129.33333333333337,1339.3333333333333,668.0,136.66666666666674,90.33333333333348,721.6666666666666,1108.3333333333333,172.66666666666674,97.0,1210.0,1361.2,121.79999999999995,30.0,1354.0,694.0,33.0
618,148.66666666666674,689.8333333333334,933.0,168.0,75.84615384615404,1101.2307692307693,1048.6153846153845,130.69230769230762,112.79999999999995,505.4,795.0,143.80000000000007,113.0,773.125,1276.0416666666667,158.0,134.77777777777771,1214.6666666666667,683.7777777777778,127.55555555555543,104.0,880.6666666666666,310.0,144.0000000000001,117.0,727.0,705.0,178.0,131.5,1336.25,666.75,139.0,86.66666666666652,730.8333333333334,1108.1666666666667,179.33333333333326,97.0,1208.0,1360.8,123.20000000000005,30.0,1344.0,682.0,33.0
619,148.83333333333326,693.9166666666666,935.5,174.0,74.9230769230769,1102.6153846153845,1049.3076923076924,130.84615384615404,113.39999999999998,505.2,793.75,144.65000000000003,113.0,772.75,1275.25,158.0,132.8888888888889,1221.3333333333333,684.8888888888889,131.77777777777783,106.66666666666663,884.5555555555555,310.6666666666667,144.0000000000001,115.81818181818187,731.1818181818181,705.5454545454545,176.909090909091,133.66666666666663,1333.1666666666667,665.5,141.33333333333326,83.0,740.0,1108.0,186.0,97.0,1206.0,1360.4,124.59999999999991,30.0,1325.0,665.0,33.0
620,149.0,698.0,938.0,180.0,74.0,1104.0,1050.0,131.0,114.0,505.0,792.5,145.5,113.0,772.375,1274.4583333333333,158.0,131.0,1228.0,686.0,136.0,109.33333333333337,888.4444444444445,311.3333333333333,143.9999999999999,114.63636363636363,735.3636363636364,706.0909090909091,175.81818181818176,135.83333333333337,1330.0833333333333,664.25,143.66666666666674,85.08333333333326,746.0833333333334,1106.9166666666667,183.66666666666663,97.0,1204.0,1360.0,126.0,30.0,1303.5,645.5,33.0
621,146.33333333333337,702.0,940.8666666666667,178.73333333333335,74.71428571428578,1105.0714285714287,1049.142857142857,129.92857142857133,114.60000000000002,504.8,791.25,146.34999999999997,113.0,772.0,1273.6666666666667,158.0,134.79999999999995,1229.6,679.2,138.0,112.0,892.3333333333334,312.0,143.9999999999999,113.4545454545455,739.5454545454545,706.6363636363636,174.72727272727275,138.0,1327.0,663.0,146.0,87.16666666666674,752.1666666666666,1105.8333333333333,181.33333333333337,97.0,1203.923076923077,1358.3076923076924,126.0,30.0,1282.0,626.0,33.0
622,143.66666666666674,706.0,943.7333333333333,177.4666666666667,75.42857142857156,1106.142857142857,1048.2857142857142,128.8571428571429,115.20000000000005,504.6,790.0,147.19999999999993,113.0,771.625,1272.875,158.0,138.60000000000002,1231.2,672.4,140.0,114.66666666666663,896.2222222222222,312.6666666666667,144.0,112.27272727272737,743.7272727272727,707.1818181818181,173.63636363636363,134.42857142857144,1330.857142857143,666.5714285714286,142.1428571428571,89.25,758.25,1104.75,179.0,97.0,1203.8461538461538,1356.6153846153845,126.0,30.0,1260.75,607.0,33.0
623,140.9999999999999,710.0,946.6,176.20000000000005,76.14285714285734,1107.2142857142858,1047.4285714285713,127.78571428571422,115.79999999999995,504.4,788.75,148.05000000000007,113.0,771.25,1272.0833333333333,158.0,142.39999999999998,1232.8,665.6,142.0,117.33333333333337,900.1111111111111,313.3333333333333,144.0,111.09090909090912,747.9090909090909,707.7272727272727,172.54545454545462,130.8571428571429,1334.7142857142858,670.1428571428571,138.28571428571422,91.33333333333326,764.3333333333334,1103.6666666666667,176.66666666666663,97.0,1203.7692307692307,1354.923076923077,126.0,30.0,1239.5,588.0,33.0
624,138.33333333333326,714.0,949.4666666666667,174.93333333333328,76.85714285714266,1108.2857142857142,1046.5714285714287,126.71428571428578,116.39999999999998,504.2,787.5,148.90000000000003,113.0,770.875,1271.2916666666667,158.0,146.20000000000005,1234.4,658.8,144.0,120.0,904.0,314.0,144.0,109.90909090909088,752.0909090909091,708.2727272727273,171.45454545454538,127.28571428571433,1338.5714285714287,673.7142857142857,134.42857142857133,93.41666666666674,770.4166666666666,1102.5833333333333,174.33333333333337,97.0,1203.6923076923076,1353.2307692307693,126.0,30.0,1218.25,569.0,33.0
625,135.66666666666663,718.0,952.3333333333334,173.66666666666663,77.57142857142844,1109.357142857143,1045.7142857142858,125.64285714285711,117.0,504.0,786.25,149.75,113.0,770.5,1270.5,158.0,150.0,1236.0,652.0,146.0,120.0,906.1428571428571,313.57142857142856,144.0,108.72727272727263,756.2727272727273,708.8181818181819,170.36363636363637,123.71428571428567,1342.4285714285713,677.2857142857143,130.57142857142867,95.5,776.5,1101.5,172.0,97.0,1203.6153846153845,1351.5384615384614,126.0,30.0,1197.0,550.0,33.0
626,133.0,722.0,955.2,172.39999999999998,78.28571428571422,1110.4285714285713,1044.857142857143,124.57142857142867,117.60000000000002,503.8,785.0,150.59999999999997,113.0,770.125,1269.7083333333333,158.0,149.33333333333326,1243.0,651.3333333333334,148.0,120.0,908.2857142857143,313.14285714285717,143.9999999999999,107.5454545454545,760.4545454545455,709.3636363636364,169.27272727272725,120.14285714285711,1346.2857142857142,680.8571428571429,126.71428571428578,97.58333333333326,782.5833333333334,1100.4166666666667,169.66666666666663,97.0,1203.5384615384614,1349.8461538461538,126.0,30.0,1177.3333333333333,531.6666666666666,33.0
627,130.33333333333337,726.0,958.0666666666667,171.13333333333333,79.0,1111.5,1044.0,123.5,118.20000000000005,503.6,783.75,151.44999999999993,113.0,769.75,1268.9166666666667,158.0,148.66666666666674,1250.0,650.6666666666666,150.0,120.0,910.4285714285714,312.7142857142857,143.9999999999999,106.36363636363637,764.6363636363636,709.9090909090909,168.18181818181824,116.57142857142856,1350.142857142857,684.4285714285714,122.85714285714289,99.66666666666674,788.6666666666666,1099.3333333333333,167.33333333333337,97.0,1203.4615384615386,1348.1538461538462,126.0,30.0,1157.6666666666667,513.3333333333334,33.0
628,127.66666666666663,730.0,960.9333333333333,169.86666666666667,79.71428571428578,1112.5714285714287,1043.142857142857,122.42857142857133,118.79999999999995,503.4,782.5,152.30000000000007,113.0,769.375,1268.125,158.0,148.0,1257.0,650.0,152.0,120.0,912.5714285714286,312.2857142857143,144.0000000000001,105.18181818181813,768.8181818181819,710.4545454545455,167.090909090909,113.0,1354.0,688.0,119.0,101.75,794.75,1098.25,165.0,97.0,1203.3846153846155,1346.4615384615386,126.0,30.0,1138.0,495.0,33.0
629,125.0,734.0,963.8,168.60000000000002,80.42857142857156,1113.642857142857,1042.2857142857142,121.35714285714289,119.39999999999998,503.2,781.25,153.15000000000003,113.0,769.0,1267.3333333333333,158.0,138.33333333333326,1267.0,658.3333333333334,148.33333333333326,120.0,914.7142857142857,311.85714285714283,144.0000000000001,104.0,773.0,711.0,166.0,113.0,1351.0,691.2857142857143,119.0,103.83333333333326,800.8333333333334,1097.1666666666667,162.66666666666663,97.0,1203.3076923076924,1344.7692307692307,126.0,30.0,1119.3333333333333,478.3333333333333,33.0
630,122.33333333333337,738.0,966.6666666666666,167.33333333333337,81.14285714285734,1114.7142857142858,1041.4285714285713,120.28571428571422,120.0,503.0,780.0,154.0,113.0,768.625,1266.5416666666667,158.0,128.66666666666674,1277.0,666.6666666666666,144.66666666666674,120.0,916.8571428571429,311.42857142857144,144.0,104.0,776.0,711.6666666666666,166.0,113.0,1348.0,694.5714285714286,119.0,105.91666666666674,806.9166666666666,1096.0833333333333,160.33333333333337,97.0,1203.2307692307693,1343.076923076923,126.0,30.0,1100.6666666666667,461.6666666666667,33.0
631,119.66666666666674,742.0,969.5333333333333,166.0666666666666,81.85714285714266,1115.7857142857142,1040.5714285714287,119.21428571428578,116.0,503.3333333333333,774.3333333333334,154.66666666666669,113.0,768.25,1265.75,158.0,119.0,1287.0,675.0,141.0,120.0,919.0,311.0,144.0,104.0,779.0,712.3333333333334,166.0,113.0,1345.0,697.8571428571429,119.0,108.0,813.0,1095.0,158.0,97.0,1203.1538461538462,1341.3846153846155,126.0,30.0,1082.0,445.0,33.0
632,117.00000000000011,746.0,972.4,164.79999999999995,82.57142857142844,1116.857142857143,1039.7142857142858,118.14285714285711,112.0,503.6666666666667,768.6666666666666,155.33333333333331,113.0,767.875,1264.9583333333333,158.0,118.625,1287.75,677.125,138.625,120.0,918.8888888888889,309.6666666666667,144.0,104.0,782.0,713.0,166.0,113.0,1342.0,701.1428571428571,119.0,110.25,818.75,1096.0,155.5,97.0,1203.076923076923,1339.6923076923076,126.0,30.0,1065.0,428.6666666666667,33.0
633,114.33333333333326,750.0,975.2666666666667,163.5333333333333,83.28571428571422,1117.9285714285713,1038.857142857143,117.07142857142867,108.0,504.0,763.0,156.0,113.0,767.5,1264.1666666666667,158.0,118.25,1288.5,679.25,136.25,120.0,918.7777777777778,308.3333333333333,144.0,104.0,785.0,713.6666666666666,166.0,113.0,1339.0,704.4285714285714,119.0,112.5,824.5,1097.0,153.0,97.0,1203.0,1338.0,126.0,30.0,1048.0,412.3333333333333,33.0
634,111.66666666666663,754.0,978.1333333333333,162.26666666666665,84.0,1119.0,1038.0,116.0,110.66666666666663,507.5,757.8333333333334,157.66666666666663,113.0,767.125,1263.375,158.0,117.875,1289.25,681.375,133.875,120.0,918.6666666666666,307.0,144.0000000000001,104.0,788.0,714.3333333333334,166.0,113.0,1336.0,707.7142857142857,119.0,114.75,830.25,1098.0,150.5,97.0,1203.3846153846155,1337.5384615384614,126.0,30.0,1031.0,396.0,33.0
635,109.0,758.0,981.0,161.0,84.0,1119.0833333333333,1037.0833333333333,116.0,113.33333333333337,511.0,752.6666666666666,159.33333333333337,113.0,766.75,1262.5833333333333,158.0,117.5,1290.0,683.5,131.5,120.0,918.5555555555555,305.6666666666667,144.0000000000001,104.0,791.0,715.0,166.0,113.0,1333.0,711.0,119.0,117.0,836.0,1099.0,148.0,97.0,1203.7692307692307,1337.076923076923,126.0,30.0,1017.3333333333334,383.6666666666667,32.999999999999886
636,109.0,756.0714285714286,980.6428571428571,162.92857142857144,84.0,1119.1666666666667,1036.1666666666667,116.0,116.0,514.5,747.5,161.0,113.0,766.375,1261.7916666666667,158.0,117.125,1290.75,685.625,129.125,120.0,918.4444444444445,304.3333333333333,143.9999999999999,104.0,794.0,715.6666666666666,166.0,111.875,1332.375,713.5625,118.0625,122.20000000000005,837.8,1100.2,148.0,97.0,1204.1538461538462,1336.6153846153845,126.0,30.0,1003.6666666666666,371.3333333333333,33.000000000000114
637,108.99999999999989,754.1428571428571,980.2857142857143,164.8571428571429,84.0,1119.25,1035.25,116.0,118.66666666666663,518.0,742.3333333333334,162.66666666666663,113.0,766.0,1261.0,158.0,116.75,1291.5,687.75,126.75,120.0,918.3333333333334,303.0,143.9999999999999,104.0,797.0,716.3333333333334,166.0,110.75,1331.75,716.125,117.125,127.39999999999986,839.6,1101.4,148.0,97.0,1204.5384615384614,1336.1538461538462,126.0,30.0,990.0,359.0,33.0
638,108.99999999999989,752.2142857142857,979.9285714285714,166.78571428571433,84.0,1119.3333333333333,1034.3333333333333,116.0,121.33333333333337,521.5,737.1666666666666,164.33333333333337,111.78571428571422,763.4285714285714,1261.2142857142858,158.0,116.375,1292.25,689.875,124.375,120.0,918.2222222222222,301.6666666666667,144.0,104.0,800.0,717.0,166.0,109.625,1331.125,718.6875,116.1875,132.60000000000014,841.4,1102.6,148.0,97.0,1204.923076923077,1335.6923076923076,126.0,30.0,980.5,345.5,33.0
639,109.00000000000011,750.2857142857143,979.5714285714286,168.71428571428567,84.0,1119.4166666666667,1033.4166666666667,116.0,124.0,525.0,732.0,166.0,110.57142857142867,760.8571428571429,1261.4285714285713,158.0,116.0,1293.0,692.0,122.0,120.0,918.1111111111111,300.3333333333333,144.0,104.0,803.0,717.6666666666666,166.0,108.5,1330.5,721.25,115.25,137.79999999999995,843.2,1103.8,148.0,97.0,1205.3076923076924,1335.2307692307693,126.0,30.0,971.0,332.0,33.0
640,109.00000000000011,748.3571428571429,979.2142857142857,170.6428571428571,84.0,1119.5,1032.5,116.0,124.5,529.25,727.75,165.5,109.35714285714289,758.2857142857143,1261.642857142857,158.0,112.39999999999998,1290.2,695.4,121.20000000000005,120.0,918.0,299.0,144.0,104.0,806.0,718.3333333333334,166.0,107.375,1329.875,723.8125,114.3125,143.0,845.0,1105.0,148.0,97.0,1205.6923076923076,1334.7692307692307,126.0,30.0,971.0,333.0,33.0
641,109.0,746.4285714285714,978.8571428571429,172.57142857142856,84.0,1119.5833333333333,1031.5833333333333,116.0,125.0,533.5,723.5,165.0,108.14285714285711,755.7142857142857,1261.857142857143,158.0,108.80000000000007,1287.4,698.8,120.39999999999986,118.375,917.375,298.875,144.5,104.0,809.0,719.0,166.0,106.25,1329.25,726.375,113.375,140.33333333333326,847.0,1114.0,148.0,97.0,1206.076923076923,1334.3076923076924,126.0,30.0,968.0,334.5,33.0
642,109.0,744.5,978.5,174.5,84.0,1119.6666666666667,1030.6666666666667,116.0,125.5,537.75,719.25,164.5,106.92857142857133,753.1428571428571,1262.0714285714287,158.0,105.19999999999993,1284.6,702.2,119.60000000000014,116.75,916.75,298.75,145.0,106.5,802.6666666666666,716.3333333333334,169.83333333333337,105.125,1328.625,728.9375,112.4375,137.66666666666674,849.0,1123.0,148.0,97.0,1206.4615384615386,1333.8461538461538,126.0,30.0,965.0,336.0,33.0
643,109.0,742.5714285714286,978.1428571428571,176.42857142857144,84.0,1119.75,1029.75,116.0,126.0,542.0,715.0,164.0,105.71428571428578,750.5714285714286,1262.2857142857142,158.0,101.60000000000002,1281.8,705.6,118.79999999999995,115.125,916.125,298.625,145.5,109.0,796.3333333333334,713.6666666666666,173.66666666666663,104.0,1328.0,731.5,111.5,135.0,851.0,1132.0,148.0,97.0,1206.8461538461538,1333.3846153846155,126.0,30.0,963.6666666666666,339.6666666666667,33.0
644,108.99999999999989,740.6428571428571,977.7857142857143,178.3571428571429,84.0,1119.8333333333333,1028.8333333333333,116.0,127.22222222222229,545.0555555555555,709.6111111111111,162.3888888888889,104.5,748.0,1262.5,158.0,98.0,1279.0,709.0,118.0,113.5,915.5,298.5,146.0,111.5,790.0,711.0,177.5,102.875,1327.375,734.0625,110.5625,117.0,853.0,1156.0,148.0,97.0,1207.2307692307693,1332.923076923077,126.0,30.0,962.3333333333334,343.3333333333333,33.0
645,108.99999999999989,738.7142857142857,977.4285714285714,180.28571428571433,84.0,1119.9166666666667,1027.9166666666667,116.0,128.44444444444446,548.1111111111111,704.2222222222222,160.77777777777783,103.28571428571422,745.4285714285714,1262.7142857142858,158.0,101.0,1276.3333333333333,712.3333333333334,118.66666666666674,111.875,914.875,298.375,146.5,114.0,783.6666666666666,708.3333333333334,181.33333333333337,101.75,1326.75,736.625,109.625,119.20000000000005,852.6,1162.0,150.19999999999993,97.0,1207.6153846153845,1332.4615384615386,126.0,30.0,961.0,347.0,33.0
646,109.00000000000011,736.7857142857143,977.0714285714286,182.21428571428567,84.0,1120.0,1027.0,116.0,129.66666666666663,551.1666666666666,698.8333333333334,159.16666666666674,102.07142857142867,742.8571428571429,1262.9285714285713,158.0,104.0,1273.6666666666667,715.6666666666666,119.33333333333326,110.25,914.25,298.25,147.0,116.5,777.3333333333334,705.6666666666666,185.16666666666663,100.625,1326.125,739.1875,108.6875,121.40000000000009,852.2,1168.0,152.39999999999998,97.0,1208.0,1332.0,126.0,30.0,958.6666666666666,351.3333333333333,33.0
647,109.00000000000011,734.8571428571429,976.7142857142857,184.1428571428571,84.0,1120.090909090909,1026.2727272727273,117.18181818181824,130.8888888888889,554.2222222222222,693.4444444444445,157.55555555555566,100.85714285714289,740.2857142857143,1263.142857142857,158.0,107.0,1271.0,719.0,120.0,108.625,913.625,298.125,147.5,119.0,771.0,703.0,189.0,99.5,1325.5,741.75,107.75,123.59999999999991,851.8,1174.0,154.60000000000002,97.0,1207.6521739130435,1332.0869565217392,126.0,30.0,956.3333333333334,355.6666666666667,33.0
648,109.0,732.9285714285714,976.3571428571429,186.07142857142856,84.0,1120.1818181818182,1025.5454545454545,118.36363636363626,132.1111111111111,557.2777777777778,688.0555555555555,155.94444444444434,99.64285714285711,737.7142857142857,1263.357142857143,158.0,110.0,1268.3333333333333,722.3333333333334,120.66666666666674,107.0,913.0,298.0,148.0,119.0,762.8571428571429,702.4285714285714,189.0,98.375,1324.875,744.3125,106.8125,125.79999999999995,851.4,1180.0,156.80000000000007,97.0,1207.304347826087,1332.1739130434783,126.0,30.0,954.0,360.0,33.0
649,109.0,731.0,976.0,188.0,84.0,1120.2727272727273,1024.8181818181818,119.5454545454545,133.33333333333337,560.3333333333334,682.6666666666666,154.33333333333326,98.42857142857133,735.1428571428571,1263.5714285714287,158.0,113.0,1265.6666666666667,725.6666666666666,121.33333333333326,107.0,910.8571428571429,300.42857142857144,145.71428571428578,119.0,754.7142857142857,701.8571428571429,189.0,97.25,1324.25,746.875,105.875,128.0,851.0,1186.0,159.0,97.0,1206.9565217391305,1332.2608695652175,126.0,30.0,951.0,361.6666666666667,33.0
650,107.70000000000005,726.2,975.7,182.89999999999998,84.0,1120.3636363636363,1024.090909090909,120.72727272727275,134.55555555555554,563.3888888888889,677.2777777777778,152.72222222222217,97.21428571428578,732.5714285714286,1263.7857142857142,158.0,116.0,1263.0,729.0,122.0,107.0,908.7142857142857,302.85714285714283,143.42857142857144,119.0,746.5714285714286,701.2857142857143,189.0,96.125,1323.625,749.4375,104.9375,135.16666666666652,850.1666666666666,1196.1666666666667,161.66666666666674,97.0,1206.608695652174,1332.3478260869565,126.0,30.0,948.0,363.3333333333333,33.0
651,106.39999999999998,721.4,975.4,177.80000000000007,83.99999999999989,1120.4545454545455,1023.3636363636364,121.90909090909076,135.77777777777771,566.4444444444445,671.8888888888889,151.1111111111111,96.0,730.0,1264.0,158.0,116.0,1261.6666666666667,731.0,122.0,107.0,906.5714285714286,305.2857142857143,141.14285714285722,119.0,738.4285714285714,700.7142857142857,189.0,95.0,1323.0,752.0,104.0,142.33333333333348,849.3333333333334,1206.3333333333333,164.33333333333326,97.0,1206.2608695652175,1332.4347826086957,126.0,30.0,945.0,365.0,33.0
652,105.10000000000002,716.6,975.1,172.69999999999993,84.00000000000011,1120.5454545454545,1022.6363636363636,123.09090909090924,137.0,569.5,666.5,149.5,96.0,727.0625,1264.5625,158.0,116.0,1260.3333333333333,733.0,122.0,107.0,904.4285714285714,307.7142857142857,138.85714285714278,119.0,730.2857142857143,700.1428571428571,189.0,99.16666666666663,1323.5,754.5,104.0,149.5,848.5,1216.5,167.0,97.0,1205.9130434782608,1332.5217391304348,126.0,30.0,944.0,366.3333333333333,33.0
653,103.79999999999995,711.8,974.8,167.60000000000002,84.00000000000011,1120.6363636363637,1021.9090909090909,124.27272727272725,138.22222222222229,572.5555555555555,661.1111111111111,147.8888888888889,96.0,724.125,1265.125,158.0,116.0,1259.0,735.0,122.0,107.0,902.2857142857143,310.14285714285717,136.57142857142856,119.0,722.1428571428571,699.5714285714286,189.0,103.33333333333337,1324.0,757.0,104.0,156.66666666666652,847.6666666666666,1226.6666666666667,169.66666666666674,97.0,1205.5652173913043,1332.608695652174,126.0,30.0,943.0,367.6666666666667,33.0
654,102.5,707.0,974.5,162.5,84.00000000000011,1120.7272727272727,1021.1818181818181,125.4545454545455,139.44444444444446,575.6111111111111,655.7222222222222,146.27777777777783,96.0,721.1875,1265.6875,158.0,116.0,1255.3333333333333,735.6666666666666,122.0,107.0,900.1428571428571,312.57142857142856,134.28571428571422,119.0,714.0,699.0,189.0,107.5,1324.5,759.5,104.0,163.83333333333348,846.8333333333334,1236.8333333333333,172.33333333333326,97.0,1205.2173913043478,1332.695652173913,126.0,30.0,942.0,369.0,33.0
655,101.20000000000005,702.2,974.2,157.39999999999998,84.0,1120.8181818181818,1020.4545454545455,126.63636363636374,140.66666666666663,578.6666666666666,650.3333333333334,144.66666666666674,96.0,718.25,1266.25,158.0,116.0,1251.6666666666667,736.3333333333334,122.0,107.0,898.0,315.0,132.0,118.55555555555554,710.0,700.4444444444445,185.0,111.66666666666663,1325.0,762.0,104.0,171.0,846.0,1247.0,175.0,97.0,1204.8695652173913,1332.7826086956522,126.0,30.0,939.6666666666666,370.0,33.0
656,99.89999999999998,697.4,973.9,152.30000000000007,84.0,1120.909090909091,1019.7272727272727,127.81818181818176,141.8888888888889,581.7222222222222,644.9444444444445,143.05555555555566,96.0,715.3125,1266.8125,158.0,116.0,1248.0,737.0,122.0,107.0,897.8333333333334,315.8333333333333,131.9999999999999,118.11111111111109,706.0,701.8888888888889,181.0,115.83333333333337,1325.5,764.5,104.0,156.66666666666652,844.0,1265.6666666666667,177.33333333333337,97.0,1204.5217391304348,1332.8695652173913,126.0,30.0,937.3333333333334,371.0,33.0
657,98.60000000000002,692.6,973.6,147.19999999999993,84.0,1121.0,1019.0,129.0,143.1111111111111,584.7777777777778,639.5555555555555,141.44444444444434,96.0,712.375,1267.375,158.0,116.0,1239.0,738.0,129.66666666666674,107.0,897.6666666666666,316.6666666666667,132.0000000000001,117.66666666666663,702.0,703.3333333333334,177.0,120.0,1326.0,767.0,104.0,142.33333333333348,842.0,1284.3333333333333,179.66666666666663,97.0,1204.1739130434783,1332.9565217391305,126.0,30.0,935.0,372.0,33.0
658,97.29999999999995,687.8,973.3,142.10000000000002,81.00000000000011,1123.3333333333333,1018.6666666666666,132.66666666666674,144.33333333333337,587.8333333333334,634.1666666666666,139.83333333333326,96.0,709.4375,1267.9375,158.0,116.0,1230.0,739.0,137.33333333333326,107.0,897.5,317.5,132.0,117.22222222222217,698.0,704.7777777777778,173.0,118.33333333333326,1326.6666666666667,769.3333333333334,104.0,128.0,840.0,1303.0,182.0,97.0,1203.8260869565217,1333.0434782608695,126.0,30.0,933.6666666666666,373.3333333333333,33.0
659,96.0,683.0,973.0,137.0,77.99999999999989,1125.6666666666667,1018.3333333333334,136.33333333333326,145.55555555555554,590.8888888888889,628.7777777777778,138.22222222222217,96.0,706.5,1268.5,158.0,116.0,1221.0,740.0,145.0,107.0,897.3333333333334,318.3333333333333,131.9999999999999,116.77777777777783,694.0,706.2222222222222,169.0,116.66666666666674,1327.3333333333333,771.6666666666666,104.0,124.16666666666652,835.5,1311.6666666666667,183.83333333333337,97.0,1203.4782608695652,1333.1304347826087,126.0,30.0,932.3333333333334,374.6666666666667,33.0
660,96.45454545454538,677.7272727272727,971.3636363636364,141.09090909090912,75.0,1128.0,1018.0,140.0,146.77777777777771,593.9444444444445,623.3888888888889,136.6111111111111,96.0,703.5625,1269.0625,158.0,116.0,1210.0,738.6666666666666,144.33333333333326,107.0,897.1666666666666,319.1666666666667,132.0000000000001,116.33333333333337,690.0,707.6666666666666,165.0,115.0,1328.0,774.0,104.0,120.33333333333348,831.0,1320.3333333333333,185.66666666666663,97.0,1203.1304347826087,1333.2173913043478,126.0,30.0,931.0,376.0,33.0
661,96.90909090909099,672.4545454545455,969.7272727272727,145.18181818181813,73.33333333333337,1130.3333333333333,1017.6666666666666,138.66666666666674,148.0,597.0,618.0,135.0,96.0,700.625,1269.625,158.0,116.0,1199.0,737.3333333333334,143.66666666666674,107.0,897.0,320.0,132.0,115.88888888888891,686.0,709.1111111111111,161.0,112.5,1328.5,776.5,104.0,116.5,826.5,1329.0,187.5,97.0,1202.7826086956522,1333.304347826087,126.0,30.0,930.0,377.6666666666667,33.0
662,97.36363636363637,667.1818181818181,968.0909090909091,149.27272727272737,71.66666666666663,1132.6666666666667,1017.3333333333334,137.33333333333326,149.23076923076928,601.0,610.7692307692307,138.46153846153845,96.0,697.6875,1270.1875,158.0,116.0,1188.0,736.0,143.0,107.0,896.375,321.375,132.0,115.44444444444446,682.0,710.5555555555555,157.0,110.0,1329.0,779.0,104.0,112.66666666666652,822.0,1337.6666666666667,189.33333333333337,97.0,1202.4347826086957,1333.391304347826,126.0,30.0,929.0,379.3333333333333,33.0
663,97.81818181818176,661.9090909090909,966.4545454545455,153.36363636363637,70.0,1135.0,1017.0,136.0,150.46153846153845,605.0,603.5384615384615,141.9230769230769,96.0,694.75,1270.75,158.0,116.0,1182.0,738.0,147.0,107.0,895.75,322.75,132.0,115.0,678.0,712.0,153.0,107.5,1329.5,781.5,104.0,108.83333333333348,817.5,1346.3333333333333,191.16666666666663,97.0,1202.0869565217392,1333.4782608695652,126.0,30.0,928.0,381.0,33.0
664,98.27272727272714,656.6363636363636,964.8181818181819,157.4545454545455,72.33333333333337,1137.3333333333333,1016.6666666666666,134.83333333333348,151.69230769230774,609.0,596.3076923076923,145.38461538461536,96.0,691.8125,1271.3125,158.0,116.0,1176.0,740.0,151.0,107.0,895.125,324.125,132.0,115.0,674.5,713.2,155.79999999999995,105.0,1330.0,784.0,104.0,105.0,813.0,1355.0,193.0,97.0,1201.7391304347825,1333.5652173913043,126.0,30.0,927.0,382.6666666666667,33.0
665,98.72727272727286,651.3636363636364,963.1818181818181,161.5454545454545,74.66666666666663,1139.6666666666667,1016.3333333333334,133.66666666666652,152.9230769230769,613.0,589.0769230769231,148.8461538461538,96.0,688.875,1271.875,158.0,116.0,1170.0,742.0,155.0,107.0,894.5,325.5,132.0,115.0,671.0,714.4,158.60000000000002,105.0,1329.7777777777778,785.2222222222222,104.0,101.33333333333348,807.3333333333334,1363.3333333333333,189.33333333333326,97.0,1201.391304347826,1333.6521739130435,126.0,30.0,926.0,384.3333333333333,33.0
666,99.18181818181824,646.0909090909091,961.5454545454545,165.63636363636363,77.0,1142.0,1016.0,132.5,154.1538461538462,617.0,581.8461538461538,152.30769230769226,96.0,685.9375,1272.4375,158.0,121.40000000000009,1162.4,735.8,157.19999999999982,107.0,893.875,326.875,132.0,115.0,667.5,715.6,161.39999999999998,105.0,1329.5555555555557,786.4444444444445,104.0,97.66666666666652,801.6666666666666,1371.6666666666667,185.66666666666674,97.0,1201.0434782608695,1333.7391304347825,126.0,30.0,925.0,386.0,33.0
667,99.63636363636363,640.8181818181819,959.9090909090909,169.72727272727263,79.33333333333337,1144.3333333333333,1015.6666666666666,131.33333333333348,155.38461538461536,621.0,574.6153846153846,155.76923076923072,96.0,683.0,1273.0,158.0,126.79999999999995,1154.8,729.6,159.4000000000001,107.0,893.25,328.25,132.0,115.0,664.0,716.8,164.20000000000005,105.0,1329.3333333333333,787.6666666666666,104.0,94.0,796.0,1380.0,182.0,97.0,1200.695652173913,1333.8260869565217,126.0,30.0,924.6666666666666,388.6666666666667,33.0
668,100.09090909090901,635.5454545454545,958.2727272727273,173.81818181818187,81.66666666666663,1146.6666666666667,1015.3333333333334,130.16666666666652,156.61538461538464,625.0,567.3846153846154,159.23076923076928,95.42105263157896,680.0,1273.0,158.0,132.20000000000005,1147.2,723.4,161.5999999999999,107.0,892.625,329.625,132.0,115.0,660.5,718.0,167.0,105.0,1329.111111111111,788.8888888888889,104.0,97.0,789.0,1386.0,183.5,97.0,1200.3478260869565,1333.9130434782608,126.0,30.0,924.3333333333334,391.3333333333333,33.0
669,100.54545454545462,630.2727272727273,956.6363636363636,177.90909090909088,84.0,1149.0,1015.0,129.0,157.8461538461538,629.0,560.1538461538462,162.69230769230774,94.84210526315792,677.0,1273.0,158.0,137.5999999999999,1139.6,717.2,163.80000000000018,107.0,892.0,331.0,132.0,115.0,657.0,719.2,169.79999999999995,105.0,1328.888888888889,790.1111111111111,104.0,100.0,782.0,1392.0,185.0,97.0,1200.0,1334.0,126.0,30.0,924.0,394.0,33.0
670,101.0,625.0,955.0,182.0,83.53333333333319,1149.9333333333334,1014.3333333333334,128.0,159.0769230769231,633.0,552.9230769230769,166.1538461538462,94.26315789473688,674.0,1273.0,158.0,143.0,1132.0,711.0,166.0,107.0,890.9090909090909,332.3636363636364,132.0,115.0,653.5,720.4,172.60000000000002,105.0,1328.6666666666667,791.3333333333334,104.0,103.0,773.3333333333334,1394.3333333333333,187.0,97.0,1196.9,1334.2,126.0,30.0,922.3333333333334,396.6666666666667,33.0
671,100.99999999999989,622.1,950.6,178.10000000000002,83.06666666666672,1150.8666666666666,1013.6666666666666,127.0,160.30769230769226,637.0,545.6923076923077,169.61538461538464,93.68421052631584,671.0,1273.0,158.0,141.79999999999995,1121.0,704.2,164.0,107.0,889.8181818181819,333.72727272727275,132.0,115.0,650.0,721.6,175.39999999999998,105.0,1328.4444444444443,792.5555555555555,104.0,106.0,764.6666666666666,1396.6666666666667,189.0,97.0,1193.8,1334.4,126.0,30.0,920.6666666666666,399.3333333333333,33.0
672,101.0,619.2,946.2,174.19999999999993,82.59999999999991,1151.8,1013.0,126.0,161.53846153846155,641.0,538.4615384615385,173.0769230769231,93.1052631578948,668.0,1273.0,158.0,140.60000000000002,1110.0,697.4,162.0,107.0,888.7272727272727,335.09090909090907,132.0,115.0,646.5,722.8,178.20000000000005,105.0,1328.2222222222222,793.7777777777778,104.0,109.0,756.0,1399.0,191.0,97.0,1190.7,1334.6,126.0,30.0,919.0,402.0,33.0
673,101.0,616.3,941.8,170.30000000000007,82.13333333333333,1152.7333333333333,1012.3333333333334,125.0,162.76923076923072,645.0,531.2307692307693,176.53846153846155,92.52631578947376,665.0,1273.0,158.0,139.39999999999998,1099.0,690.6,160.0,107.0,887.6363636363636,336.45454545454544,132.0,115.0,643.0,724.0,181.0,105.0,1328.0,795.0,104.0,104.0,745.5,1405.0,196.0,97.0,1187.6,1334.8,126.0,30.0,915.6666666666666,402.0,33.0
674,101.00000000000011,613.4,937.4,166.39999999999998,81.66666666666663,1153.6666666666667,1011.6666666666666,124.0,164.0,649.0,524.0,180.0,91.94736842105272,662.0,1273.0,158.0,138.20000000000005,1088.0,683.8,158.0,107.0,886.5454545454545,337.8181818181818,132.0,115.0,638.5714285714286,725.8571428571429,181.0,105.0,1326.642857142857,795.0,105.35714285714289,99.0,735.0,1411.0,201.0,97.0,1184.5,1335.0,126.0,30.0,912.3333333333334,402.0,33.0
675,101.0,610.5,933.0,162.5,81.20000000000005,1154.6,1011.0,123.0,165.28571428571433,657.2857142857143,518.1428571428571,176.42857142857133,91.36842105263167,659.0,1273.0,158.0,137.0,1077.0,677.0,156.0,107.0,885.4545454545455,339.1818181818182,132.0,115.0,634.1428571428571,727.7142857142857,181.0,105.0,1325.2857142857142,795.0,106.71428571428578,94.0,724.0,1417.0,182.0,97.0,1181.4,1335.2,126.0,30.0,909.0,402.0,33.0
676,100.99999999999989,607.6,928.6,158.60000000000002,80.73333333333323,1155.5333333333333,1010.3333333333334,122.0,166.57142857142856,665.5714285714286,512.2857142857143,172.8571428571429,90.78947368421063,656.0,1273.0,158.0,135.79999999999995,1070.2,671.0,156.20000000000005,107.0,884.3636363636364,340.54545454545456,132.0,115.0,629.7142857142857,729.5714285714286,181.0,105.0,1323.9285714285713,795.0,108.07142857142867,94.20000000000005,718.0,1419.0,182.20000000000005,97.0,1178.3,1335.4,126.0,30.0,906.0,394.6666666666667,33.0
677,101.0,604.7,924.2,154.69999999999993,80.26666666666677,1156.4666666666667,1009.6666666666666,121.0,167.8571428571429,673.8571428571429,506.42857142857144,169.28571428571422,90.21052631578937,653.0,1273.0,158.0,134.60000000000002,1063.4,665.0,156.39999999999986,107.0,883.2727272727273,341.90909090909093,132.0,115.0,625.2857142857143,731.4285714285714,181.0,105.0,1322.5714285714287,795.0,109.42857142857133,94.40000000000009,712.0,1421.0,182.39999999999998,97.0,1175.2,1335.6,126.0,30.0,903.0,387.3333333333333,33.0
678,101.0,601.8,919.8,150.80000000000007,79.79999999999995,1157.4,1009.0,120.0,169.1428571428571,682.1428571428571,500.57142857142856,165.71428571428578,89.63157894736833,650.0,1273.0,158.0,133.39999999999998,1056.6,659.0,156.60000000000014,107.0,882.1818181818181,343.27272727272725,132.0,115.0,620.8571428571429,733.2857142857143,181.0,105.0,1321.2142857142858,795.0,110.78571428571422,94.59999999999991,706.0,1423.0,182.60000000000002,97.0,1172.1,1335.8,126.0,30.0,900.0,380.0,33.0
679,101.0,598.9,915.4,146.89999999999998,79.33333333333337,1158.3333333333333,1008.3333333333334,119.0,170.4285714285714,690.4285714285714,494.7142857142857,162.1428571428571,89.05263157894728,647.0,1273.0,158.0,132.20000000000005,1049.8,653.0,156.79999999999995,107.0,881.0909090909091,344.6363636363636,132.0,115.0,616.4285714285714,735.1428571428571,181.0,105.0,1319.857142857143,795.0,112.14285714285711,94.79999999999995,700.0,1425.0,182.79999999999995,97.0,1169.0,1336.0,126.0,30.0,896.3333333333334,373.6666666666667,33.0
680,101.0,596.0,911.0,143.0,78.86666666666667,1159.2666666666667,1007.6666666666666,118.0,171.71428571428567,698.7142857142857,488.8571428571429,158.57142857142867,88.47368421052624,644.0,1273.0,158.0,131.0,1043.0,647.0,157.0,107.0,880.0,346.0,132.0,115.0,612.0,737.0,181.0,105.0,1318.5,795.0,113.5,95.0,694.0,1427.0,183.0,97.0,1165.6153846153845,1336.2307692307693,129.0,30.0,892.6666666666666,367.3333333333333,33.0
681,103.64285714285711,593.9285714285714,909.4285714285714,143.71428571428567,78.40000000000009,1160.2,1007.0,117.0,173.0,707.0,483.0,155.0,87.8947368421052,641.0,1273.0,158.0,129.66666666666663,1035.5,640.3333333333334,154.0,107.0,872.2857142857143,344.7142857142857,139.57142857142856,115.0,611.8888888888889,739.2222222222222,181.0,105.0,1317.142857142857,795.0,114.85714285714289,95.0,685.3333333333334,1428.3333333333333,183.0,97.0,1162.2307692307693,1336.4615384615386,132.0,30.0,889.0,361.0,33.0
682,106.28571428571422,591.8571428571429,907.8571428571429,144.42857142857144,77.93333333333328,1161.1333333333334,1006.3333333333334,116.0,173.0,715.4444444444445,475.8888888888889,155.0,87.31578947368416,638.0,1273.0,158.0,128.33333333333337,1028.0,633.6666666666666,151.0,107.0,864.5714285714286,343.42857142857144,147.1428571428571,115.0,611.7777777777778,741.4444444444445,181.0,105.0,1315.7857142857142,795.0,116.21428571428578,95.0,676.6666666666666,1429.6666666666667,183.0,97.0,1158.8461538461538,1336.6923076923076,135.0,30.0,878.0,358.3333333333333,33.0
683,108.92857142857133,589.7857142857143,906.2857142857143,145.1428571428571,77.46666666666681,1162.0666666666666,1005.6666666666666,115.0,173.00000000000006,723.8888888888889,468.77777777777777,155.0,86.73684210526312,635.0,1273.0,158.0,127.0,1020.5,627.0,148.0,107.0,856.8571428571429,342.14285714285717,154.71428571428567,115.0,611.6666666666666,743.6666666666666,181.0,105.0,1314.4285714285713,795.0,117.57142857142867,95.0,668.0,1431.0,183.0,97.0,1155.4615384615386,1336.923076923077,138.0,30.0,867.0,355.6666666666667,33.0
684,111.57142857142867,587.7142857142857,904.7142857142857,145.8571428571429,77.0,1163.0,1005.0,114.0,172.99999999999994,732.3333333333334,461.6666666666667,155.0,86.15789473684208,632.0,1273.0,158.0,125.66666666666663,1013.0,620.3333333333334,145.0,107.0,849.1428571428571,340.85714285714283,162.28571428571433,115.0,611.5555555555555,745.8888888888889,181.0,105.0,1313.0714285714287,795.0,118.92857142857133,95.0,659.7777777777778,1429.5555555555557,183.0,97.0,1152.076923076923,1337.1538461538462,141.0,30.0,856.0,353.0,33.0
685,114.21428571428578,585.6428571428571,903.1428571428571,146.57142857142856,77.00000000000011,1165.5384615384614,1004.3076923076923,114.84615384615404,173.0,740.7777777777778,454.55555555555554,155.0,85.57894736842104,629.0,1273.0,158.0,124.33333333333337,1005.5,613.6666666666666,142.0,107.0,841.4285714285714,339.57142857142856,169.8571428571429,115.0,611.4444444444445,748.1111111111111,181.0,105.0,1311.7142857142858,795.0,120.28571428571422,95.0,651.5555555555555,1428.111111111111,183.0,97.0,1148.6923076923076,1337.3846153846155,144.0,31.0,837.0,356.0,34.0
686,116.85714285714289,583.5714285714286,901.5714285714286,147.28571428571433,76.99999999999989,1168.076923076923,1003.6153846153846,115.69230769230762,173.0,749.2222222222222,447.44444444444446,155.0,85.0,626.0,1273.0,158.0,123.0,998.0,607.0,139.0,107.0,833.7142857142857,338.2857142857143,177.42857142857144,115.0,611.3333333333334,750.3333333333334,181.0,105.0,1310.357142857143,795.0,121.64285714285711,95.0,643.3333333333334,1426.6666666666667,183.0,97.0,1145.3076923076924,1337.6153846153845,147.0,32.0,813.0,362.0,35.0
687,119.5,581.5,900.0,148.0,77.0,1170.6153846153845,1002.9230769230769,116.53846153846166,173.00000000000006,757.6666666666666,440.3333333333333,155.0,85.5333333333333,622.2666666666667,1272.5333333333333,159.06666666666672,113.33333333333326,991.0,604.3333333333334,136.33333333333326,107.0,826.0,337.0,185.0,115.0,611.2222222222222,752.5555555555555,181.0,105.0,1309.0,795.0,123.0,95.0,635.1111111111111,1425.2222222222222,183.0,97.0,1141.923076923077,1337.8461538461538,150.0,33.0,787.0,374.0,35.0
688,122.14285714285711,579.4285714285714,898.4285714285714,148.71428571428567,77.0,1173.1538461538462,1002.2307692307693,117.38461538461524,172.99999999999994,766.1111111111111,433.22222222222223,155.0,86.06666666666683,618.5333333333333,1272.0666666666666,160.13333333333333,103.66666666666674,984.0,601.6666666666666,133.66666666666674,109.375,823.875,339.375,187.125,115.0,611.1111111111111,754.7777777777778,181.0,105.0,1307.5454545454545,794.8181818181819,123.0,95.0,626.8888888888889,1423.7777777777778,183.0,97.0,1138.5384615384614,1338.076923076923,153.0,33.0,762.0,386.5,35.0
689,124.78571428571422,577.3571428571429,896.8571428571429,149.42857142857144,76.99999999999989,1175.6923076923076,1001.5384615384615,118.23076923076928,173.0,774.5555555555555,426.1111111111111,155.0,86.60000000000014,614.8,1271.6,161.20000000000005,94.0,977.0,599.0,131.0,111.75,821.75,341.75,189.25,115.0,611.0,757.0,181.0,105.0,1306.090909090909,794.6363636363636,123.0,95.0,618.6666666666666,1422.3333333333333,183.0,97.0,1135.1538461538462,1338.3076923076924,156.0,33.0,737.0,399.0,35.0
690,127.42857142857133,575.2857142857143,895.2857142857143,150.1428571428571,77.0,1178.2307692307693,1000.8461538461538,119.0769230769231,173.0,783.0,419.0,155.0,87.13333333333321,611.0666666666667,1271.1333333333334,162.26666666666665,94.33333333333326,971.3333333333334,594.3333333333334,128.33333333333337,114.125,819.625,344.125,191.375,115.77777777777783,608.0,757.6666666666666,183.22222222222217,105.0,1304.6363636363637,794.4545454545455,123.0,95.0,610.4444444444445,1420.888888888889,183.0,97.0,1131.7692307692307,1338.5384615384614,159.0,33.0,712.5,412.0,35.0
691,130.07142857142867,573.2142857142857,893.7142857142857,150.8571428571429,77.0,1180.7692307692307,1000.1538461538462,119.9230769230769,165.1428571428571,787.2857142857143,422.57142857142856,155.0,87.66666666666652,607.3333333333334,1270.6666666666667,163.33333333333326,94.66666666666674,965.6666666666666,589.6666666666666,125.66666666666663,116.5,817.5,346.5,193.5,116.55555555555554,605.0,758.3333333333334,185.44444444444446,105.0,1303.1818181818182,794.2727272727273,123.0,95.0,602.2222222222222,1419.4444444444443,183.0,97.0,1128.3846153846155,1338.7692307692307,162.0,33.0,688.0,425.0,35.0
692,132.71428571428578,571.1428571428571,892.1428571428571,151.57142857142856,77.00000000000011,1183.3076923076924,999.4615384615385,120.76923076923072,157.28571428571428,791.5714285714286,426.14285714285717,155.0,88.20000000000005,603.6,1270.2,164.39999999999998,95.0,960.0,585.0,123.0,118.875,815.375,348.875,195.625,117.33333333333337,602.0,759.0,187.66666666666663,105.0,1301.7272727272727,794.0909090909091,123.0,95.0,594.0,1418.0,183.0,97.0,1125.0,1339.0,165.0,33.0,663.3333333333334,440.0,35.0
693,135.35714285714278,569.0714285714286,890.5714285714286,152.28571428571433,77.0,1185.8461538461538,998.7692307692307,121.61538461538476,149.4285714285714,795.8571428571429,429.7142857142857,155.0,88.73333333333335,599.8666666666667,1269.7333333333333,165.4666666666667,93.42857142857133,954.1428571428571,582.2857142857143,125.28571428571422,121.25,813.25,351.25,197.75,118.1111111111112,599.0,759.6666666666666,189.8888888888889,105.0,1300.2727272727273,793.9090909090909,123.0,95.0,584.8,1414.1,180.10000000000002,97.0,1120.076923076923,1338.3846153846155,163.0,33.0,638.6666666666666,455.0,35.0
694,138.0,567.0,889.0,153.0,77.0,1188.3846153846155,998.0769230769231,122.46153846153834,141.5714285714286,800.1428571428571,433.2857142857143,155.0,89.26666666666665,596.1333333333333,1269.2666666666667,166.5333333333333,91.85714285714289,948.2857142857143,579.5714285714286,127.57142857142856,123.625,811.125,353.625,199.875,118.8888888888888,596.0,760.3333333333334,192.1111111111111,105.0,1298.8181818181818,793.7272727272727,123.0,95.0,575.6,1410.2,177.19999999999993,97.0,1115.1538461538462,1337.7692307692307,161.0,33.0,614.0,470.0,35.0
695,144.28571428571422,568.0,881.8571428571429,150.28571428571433,77.00000000000011,1190.923076923077,997.3846153846154,123.30769230769238,133.71428571428572,804.4285714285714,436.85714285714283,155.0,89.79999999999995,592.4,1268.8,167.60000000000002,90.28571428571422,942.4285714285714,576.8571428571429,129.85714285714278,126.0,809.0,356.0,202.0,119.66666666666663,593.0,761.0,194.33333333333337,105.0,1297.3636363636363,793.5454545454545,123.0,95.0,566.4,1406.3,174.30000000000007,97.0,1110.2307692307693,1337.1538461538462,159.0,34.333333333333314,590.3333333333334,486.3333333333333,36.66666666666663
696,150.57142857142856,569.0,874.7142857142857,147.57142857142856,76.99999999999989,1193.4615384615386,996.6923076923077,124.15384615384596,125.85714285714289,808.7142857142857,440.42857142857144,155.0,90.33333333333348,588.6666666666666,1268.3333333333333,168.66666666666674,88.71428571428578,936.5714285714286,574.1428571428571,132.14285714285722,126.0,810.125,359.375,202.0,120.44444444444446,590.0,761.6666666666666,196.55555555555554,105.0,1295.909090909091,793.3636363636364,123.0,95.0,557.2,1402.4,171.39999999999998,97.0,1105.3076923076924,1336.5384615384614,157.0,35.666666666666686,566.6666666666666,502.6666666666667,38.33333333333337
697,156.85714285714278,570.0,867.5714285714286,144.8571428571429,77.0,1196.0,996.0,125.0,118.0,813.0,444.0,155.0,90.86666666666679,584.9333333333334,1267.8666666666666,169.73333333333323,87.14285714285711,930.7142857142857,571.4285714285714,134.42857142857144,126.0,811.25,362.75,202.0,121.22222222222217,587.0,762.3333333333334,198.77777777777783,105.0,1294.4545454545455,793.1818181818181,123.0,95.0,548.0,1398.5,168.5,97.0,1100.3846153846155,1335.923076923077,155.0,37.0,543.0,519.0,40.0
698,163.1428571428571,571.0,860.4285714285714,142.1428571428571,78.30769230769238,1200.6923076923076,995.7692307692307,123.38461538461547,118.0,819.5,443.875,155.0,91.39999999999986,581.2,1267.4,170.79999999999995,85.57142857142867,924.8571428571429,568.7142857142857,136.71428571428578,126.0,812.375,366.125,202.0,122.0,584.0,763.0,201.0,105.0,1293.0,793.0,123.0,95.0,538.8,1394.6,165.60000000000002,97.0,1095.4615384615386,1335.3076923076924,153.0,37.0,521.0,537.3333333333334,40.0
699,169.42857142857133,572.0,853.2857142857143,139.42857142857144,79.61538461538464,1205.3846153846155,995.5384615384615,121.76923076923072,118.0,826.0,443.75,155.0,91.93333333333317,577.4666666666667,1266.9333333333334,171.86666666666667,84.0,919.0,566.0,139.0,126.0,813.5,369.5,202.0,122.0,581.4545454545455,761.4545454545455,201.0,105.0,1291.4444444444443,795.1111111111111,123.0,95.0,529.6,1390.7,162.69999999999993,97.0,1090.5384615384614,1334.6923076923076,151.0,37.0,499.0,555.6666666666666,40.0
700,175.71428571428578,573.0,846.1428571428571,136.71428571428567,80.92307692307702,1210.076923076923,995.3076923076923,120.15384615384619,118.0,832.5,443.625,155.0,92.4666666666667,573.7333333333333,1266.4666666666667,172.93333333333328,90.0,913.0,563.3333333333334,141.33333333333326,126.0,814.625,372.875,202.0,122.0,578.9090909090909,759.9090909090909,201.0,105.0,1289.888888888889,797.2222222222222,123.0,95.0,520.4,1386.8,159.80000000000007,97.0,1085.6153846153845,1334.076923076923,149.0,37.0,477.0,574.0,40.0
701,182.0,574.0,839.0,134.0,82.23076923076928,1214.7692307692307,995.0769230769231,118.53846153846166,118.0,839.0,443.5,155.0,93.0,570.0,1266.0,174.0,96.0,907.0,560.6666666666666,143.66666666666674,126.0,815.75,376.25,202.0,122.0,576.3636363636364,758.3636363636364,201.0,105.0,1288.3333333333333,799.3333333333334,123.0,95.0,511.2,1382.9,156.90000000000003,97.0,1080.6923076923076,1333.4615384615386,147.0,37.0,459.3333333333333,592.3333333333334,40.0
702,179.0,577.3333333333334,831.6666666666666,142.33333333333326,83.53846153846166,1219.4615384615386,994.8461538461538,116.9230769230769,118.0,845.5,443.375,155.0,94.58823529411757,567.4705882352941,1261.7058823529412,172.88235294117646,102.0,901.0,558.0,146.0,126.0,816.875,379.625,202.0,122.0,573.8181818181819,756.8181818181819,201.0,105.0,1286.7777777777778,801.4444444444445,123.0,95.0,502.0,1379.0,154.0,97.0,1075.7692307692307,1332.8461538461538,145.0,37.0,441.6666666666667,610.6666666666666,40.0
703,176.0,580.6666666666666,824.3333333333334,150.66666666666674,84.84615384615392,1224.1538461538462,994.6153846153846,115.30769230769238,118.0,852.0,443.25,155.0,96.17647058823513,564.9411764705883,1257.4117647058824,171.76470588235293,103.0,896.3333333333334,560.3333333333334,148.33333333333337,126.0,818.0,383.0,202.0,122.0,571.2727272727273,755.2727272727273,201.0,105.0,1285.2222222222222,803.5555555555555,123.0,97.33333333333326,497.0,1372.6666666666667,149.33333333333337,97.0,1070.8461538461538,1332.2307692307693,143.0,37.0,424.0,629.0,40.0
704,173.0,584.0,817.0,159.0,86.15384615384608,1228.8461538461538,994.3846153846154,113.69230769230762,118.0,858.5,443.125,155.0,97.76470588235316,562.4117647058823,1253.1176470588234,170.6470588235294,104.0,891.6666666666666,562.6666666666666,150.66666666666663,126.0,819.375,383.625,202.0,122.0,568.7272727272727,753.7272727272727,201.0,105.0,1283.6666666666667,805.6666666666666,123.0,99.66666666666674,492.0,1366.3333333333333,144.66666666666663,97.0,1065.923076923077,1331.6153846153845,141.0,37.0,407.0,649.3333333333334,40.0
705,174.0,584.0,814.0,165.5,87.46153846153834,1233.5384615384614,994.1538461538462,112.0769230769231,118.0,865.0,443.0,155.0,99.35294117647072,559.8823529411765,1248.8235294117646,169.52941176470586,105.0,887.0,565.0,153.0,126.0,820.75,384.25,202.0,122.0,566.1818181818181,752.1818181818181,201.0,105.0,1282.111111111111,807.7777777777778,123.0,102.0,487.0,1360.0,140.0,97.0,1061.0,1331.0,139.0,37.0,390.0,669.6666666666666,40.0
706,175.0,584.0,811.0,172.0,88.76923076923072,1238.2307692307693,993.9230769230769,110.46153846153834,118.00000000000006,873.2857142857143,444.2857142857143,149.85714285714278,100.94117647058829,557.3529411764706,1244.5294117647059,168.41176470588232,105.5,882.0,565.0,148.0,126.0,822.125,384.875,202.0,122.0,563.6363636363636,750.6363636363636,201.0,105.0,1280.5555555555557,809.8888888888889,123.0,104.66666666666674,480.3333333333333,1351.3333333333333,135.66666666666669,97.375,1058.2083333333333,1329.625,138.58333333333348,37.0,373.0,690.0,40.0
707,176.0,584.0,808.0,178.5,90.07692307692298,1242.923076923077,993.6923076923077,108.84615384615381,118.0,881.5714285714286,445.57142857142856,144.71428571428567,102.52941176470586,554.8235294117648,1240.235294117647,167.29411764705878,106.0,877.0,565.0,143.0,126.0,823.5,385.5,202.0,122.0,561.0909090909091,749.0909090909091,201.0,105.0,1279.0,812.0,123.0,107.33333333333326,473.6666666666667,1342.6666666666667,131.33333333333331,97.75,1055.4166666666667,1328.25,138.16666666666652,37.0,358.6666666666667,711.6666666666666,40.0
708,177.0,584.0,805.0,185.0,91.38461538461536,1247.6153846153845,993.4615384615385,107.23076923076928,118.00000000000006,889.8571428571429,446.85714285714283,139.57142857142844,104.11764705882342,552.2941176470588,1235.9411764705883,166.17647058823536,100.80000000000007,873.4,566.8,139.60000000000002,126.0,824.875,386.125,202.0,122.0,558.5454545454545,747.5454545454545,201.0,105.0,1276.3,813.7,123.0,110.0,467.0,1334.0,127.0,98.125,1052.625,1326.875,137.75,37.0,344.3333333333333,733.3333333333334,40.0
709,171.5,587.0,809.5,188.0,92.69230769230762,1252.3076923076924,993.2307692307693,105.61538461538453,117.99999999999994,898.1428571428571,448.14285714285717,134.42857142857156,105.70588235294099,549.7647058823529,1231.6470588235295,165.05882352941182,95.60000000000002,869.8,568.6,136.20000000000005,126.0,826.25,386.75,202.0,122.0,556.0,746.0,201.0,105.0,1273.6,815.4,123.0,112.39999999999986,461.0,1324.4,132.39999999999998,98.5,1049.8333333333333,1325.5,137.33333333333348,37.0,330.0,755.0,40.0
710,166.0,590.0,814.0,191.0,94.0,1257.0,993.0,104.0,118.0,906.4285714285714,449.42857142857144,129.28571428571433,107.29411764705901,547.2352941176471,1227.3529411764705,163.94117647058818,90.39999999999998,866.2,570.4,132.79999999999995,126.0,827.625,387.375,202.0,122.0,551.8888888888889,746.0,201.0,105.0,1270.9,817.1,123.0,114.79999999999995,455.0,1314.8,137.79999999999995,98.875,1047.0416666666667,1324.125,136.91666666666652,37.0,321.3333333333333,776.0,40.0
711,160.0,587.0,813.6666666666666,194.0,93.99999999999989,1259.842105263158,993.8947368421053,105.47368421052624,117.99999999999994,914.7142857142857,450.7142857142857,124.14285714285722,108.88235294117658,544.7058823529412,1223.0588235294117,162.82352941176464,85.19999999999993,862.6,572.2,129.39999999999998,126.0,829.0,388.0,202.0,122.0,547.7777777777778,746.0,201.0,105.0,1268.2,818.8,123.0,117.20000000000005,449.0,1305.2,143.20000000000005,99.25,1044.25,1322.75,136.5,37.0,312.6666666666667,797.0,40.0
712,154.0,584.0,813.3333333333334,197.0,94.00000000000011,1262.6842105263158,994.7894736842105,106.94736842105249,118.0,923.0,452.0,119.0,110.47058823529414,542.1764705882352,1218.764705882353,161.70588235294122,80.0,859.0,574.0,126.0,123.54545454545456,833.7272727272727,388.3636363636364,199.36363636363626,122.0,543.6666666666666,746.0,201.0,105.0,1265.5,820.5,123.0,119.60000000000014,443.0,1295.6,148.60000000000002,99.625,1041.4583333333333,1321.375,136.08333333333348,37.0,304.0,818.0,40.0
713,148.0,581.0,813.0,200.0,94.0,1265.5263157894738,995.6842105263158,108.42105263157896,116.4444444444444,933.3333333333334,452.6666666666667,121.33333333333337,112.05882352941171,539.6470588235294,1214.4705882352941,160.58823529411768,82.20000000000005,855.4,576.0,128.60000000000002,121.09090909090907,838.4545454545455,388.72727272727275,196.72727272727275,122.0,539.5555555555555,746.0,201.0,105.0,1262.8,822.2,123.0,122.0,437.0,1286.0,154.0,100.0,1038.6666666666667,1320.0,135.66666666666652,37.0,296.6666666666667,838.3333333333334,40.0
714,142.33333333333337,578.6666666666666,813.6666666666666,203.0,94.0,1268.3684210526317,996.578947368421,109.8947368421052,114.88888888888886,943.6666666666666,453.3333333333333,123.66666666666663,113.64705882352928,537.1176470588235,1210.1764705882354,159.47058823529414,84.39999999999998,851.8,578.0,131.20000000000005,118.63636363636368,843.1818181818181,389.09090909090907,194.09090909090912,122.0,535.4444444444445,746.0,201.0,105.0,1260.1,823.9,123.0,115.25,431.0,1277.5,154.0,100.375,1035.875,1318.625,135.25,37.0,289.3333333333333,858.6666666666666,40.0
715,136.66666666666663,576.3333333333334,814.3333333333334,206.0,93.99999999999989,1271.2105263157894,997.4736842105264,111.36842105263167,113.33333333333337,954.0,454.0,126.0,115.23529411764684,534.5882352941177,1205.8823529411766,158.3529411764706,86.60000000000002,848.2,580.0,133.79999999999995,116.18181818181819,847.9090909090909,389.45454545454544,191.45454545454538,122.0,531.3333333333334,746.0,201.0,105.0,1257.4,825.6,123.0,108.5,425.0,1269.0,154.0,100.75,1033.0833333333333,1317.25,134.83333333333348,37.0,282.0,879.0,40.0
716,131.0,574.0,815.0,209.0,94.00000000000011,1274.0526315789473,998.3684210526316,112.84210526315792,111.77777777777777,964.3333333333334,454.6666666666667,128.33333333333337,116.82352941176487,532.0588235294117,1201.5882352941176,157.23529411764707,88.79999999999995,844.6,582.0,136.39999999999998,113.72727272727275,852.6363636363636,389.8181818181818,188.81818181818187,122.0,527.2222222222222,746.0,201.0,105.0,1254.7,827.3,123.0,101.75,419.0,1260.5,154.0,101.125,1030.2916666666667,1315.875,134.41666666666652,37.0,278.0,900.0,40.0
717,125.20000000000005,567.4,814.4,212.0,94.0,1276.8947368421052,999.2631578947369,114.31578947368416,110.22222222222223,974.6666666666666,455.3333333333333,130.66666666666663,118.41176470588243,529.5294117647059,1197.2941176470588,156.11764705882354,91.0,841.0,584.0,139.0,111.27272727272725,857.3636363636364,390.1818181818182,186.18181818181813,122.0,523.1111111111111,746.0,201.0,105.0,1252.0,829.0,123.0,95.0,413.0,1252.0,154.0,101.5,1027.5,1314.5,134.0,37.0,274.0,921.0,40.0
718,119.40000000000009,560.8,813.8,215.0,94.0,1279.7368421052631,1000.1578947368421,115.78947368421063,108.66666666666663,985.0,456.0,133.0,120.0,527.0,1193.0,155.0,89.60000000000002,837.2,587.6,138.5999999999999,108.81818181818181,862.0909090909091,390.54545454545456,183.54545454545462,122.0,519.0,746.0,201.0,105.0,1252.75,830.8333333333334,121.25,97.75,415.75,1241.0,154.0,101.875,1024.7083333333333,1313.125,133.58333333333348,37.0,270.0,942.0,40.0
719,113.59999999999991,554.2,813.2,218.0,93.99999999999989,1282.578947368421,1001.0526315789474,117.26315789473688,107.11111111111114,995.3333333333334,456.6666666666667,135.33333333333337,119.05882352941171,526.9411764705883,1190.4117647058824,155.52941176470586,88.19999999999993,833.4,591.2,138.20000000000005,106.36363636363632,866.8181818181819,390.90909090909093,180.90909090909088,125.60000000000002,516.2,748.1,200.5999999999999,105.0,1253.5,832.6666666666666,119.5,100.5,418.5,1230.0,154.0,102.25,1021.9166666666666,1311.75,133.16666666666663,37.0,270.3333333333333,963.0,40.0
720,107.79999999999995,547.6,812.6,221.0,94.00000000000011,1285.421052631579,1001.9473684210526,118.73684210526312,105.5555555555556,1005.6666666666666,457.3333333333333,137.66666666666663,118.11764705882365,526.8823529411765,1187.8235294117646,156.05882352941182,86.80000000000007,829.6,594.8,137.79999999999995,103.90909090909093,871.5454545454545,391.27272727272725,178.27272727272725,129.19999999999993,513.4,750.2,200.20000000000005,105.0,1254.25,834.5,117.75,103.25,421.25,1219.0,154.0,102.625,1019.125,1310.375,132.75,37.0,270.6666666666667,984.0,40.0
721,102.0,541.0,812.0,224.0,94.0,1288.2631578947369,1002.8421052631579,120.21052631578937,104.0,1016.0,458.0,140.0,117.17647058823536,526.8235294117648,1185.235294117647,156.58823529411757,85.39999999999998,825.8,598.4,137.4000000000001,101.45454545454544,876.2727272727273,391.6363636363636,175.63636363636374,132.80000000000007,510.6,752.3,199.79999999999995,105.0,1255.0,836.3333333333334,116.0,106.0,424.0,1208.0,154.0,103.0,1016.3333333333334,1309.0,132.33333333333337,37.0,271.0,1005.0,40.0
722,102.0,538.8888888888889,817.0,222.55555555555554,94.0,1291.1052631578948,1003.7368421052631,121.68421052631561,104.0,1026.8,460.73333333333335,140.0,116.23529411764707,526.7647058823529,1182.6470588235295,157.11764705882354,84.0,822.0,602.0,137.0,99.0,881.0,392.0,173.0,136.39999999999998,507.8,754.4,199.40000000000003,105.0,1255.75,838.1666666666666,114.25,108.66666666666674,426.6666666666667,1198.3333333333333,153.99999999999994,103.375,1013.5416666666666,1307.625,131.91666666666663,37.0,275.5,1018.0,40.0
723,102.0,536.7777777777778,822.0,221.1111111111111,93.99999999999989,1293.9473684210527,1004.6315789473684,123.15789473684208,104.00000000000006,1037.6,463.46666666666664,140.0,115.29411764705878,526.7058823529412,1180.0588235294117,157.6470588235294,82.0,822.0,613.0,137.0,97.33333333333337,894.3333333333334,392.3333333333333,174.66666666666663,140.0,505.0,756.5,199.0,105.0,1256.5,840.0,112.5,111.33333333333326,429.3333333333333,1188.6666666666667,154.00000000000006,103.75,1010.75,1306.25,131.5,37.0,280.0,1031.0,40.0
724,102.0,534.6666666666666,827.0,219.66666666666674,94.00000000000011,1296.7894736842106,1005.5263157894736,124.63157894736833,104.00000000000006,1048.4,466.2,140.0,114.3529411764705,526.6470588235294,1177.4705882352941,158.17647058823536,86.0,819.5,611.0,137.0,95.66666666666663,907.6666666666666,392.6666666666667,176.33333333333337,143.60000000000002,502.2,758.6,198.59999999999997,105.0,1257.25,841.8333333333334,110.75,114.0,432.0,1179.0,154.0,104.125,1007.9583333333334,1304.875,131.08333333333337,37.0,297.5,1031.5,40.0
725,102.0,532.5555555555555,832.0,218.22222222222229,94.0,1299.6315789473683,1006.421052631579,126.1052631578948,103.99999999999994,1059.2,468.93333333333334,140.0,113.4117647058822,526.5882352941177,1174.8823529411766,158.7058823529411,90.0,817.0,609.0,137.0,94.0,921.0,393.0,178.0,147.19999999999993,499.4,760.7,198.20000000000005,105.0,1258.0,843.6666666666666,109.0,113.66666666666674,434.6666666666667,1175.0,153.99999999999994,104.5,1005.1666666666666,1303.5,130.66666666666663,37.0,315.0,1032.0,40.0
726,102.0,530.4444444444445,837.0,216.77777777777771,94.0,1302.4736842105262,1007.3157894736842,127.57894736842104,103.99999999999994,1070.0,471.6666666666667,140.0,112.47058823529414,526.5294117647059,1172.2941176470588,159.23529411764707,94.19999999999993,814.2,613.6,137.0,92.0,934.0,393.3333333333333,168.66666666666674,150.80000000000007,496.6,762.8,197.79999999999995,105.0,1258.75,845.5,107.25,113.33333333333326,437.3333333333333,1171.0,154.00000000000006,104.875,1002.375,1302.125,130.25,37.0,335.5,1033.5,40.0
727,102.0,528.3333333333334,842.0,215.33333333333326,93.99999999999989,1305.3157894736842,1008.2105263157895,129.0526315789475,104.0,1080.8,474.4,140.0,111.52941176470586,526.4705882352941,1169.7058823529412,159.76470588235293,98.39999999999998,811.4,618.2,137.0,90.0,947.0,393.6666666666667,159.33333333333326,154.39999999999998,493.8,764.9,197.40000000000003,105.0,1259.5,847.3333333333334,105.5,113.0,440.0,1167.0,154.0,105.25,999.5833333333334,1300.75,129.83333333333337,37.0,356.0,1035.0,40.0
728,102.0,526.2222222222222,847.0,213.8888888888889,94.00000000000011,1308.157894736842,1009.1052631578947,130.52631578947376,104.0,1091.6,477.1333333333333,140.0,110.5882352941178,526.4117647058823,1167.1176470588234,160.2941176470589,102.60000000000002,808.6,622.8,137.0,88.0,960.0,394.0,150.0,158.0,491.0,767.0,197.0,105.0,1260.25,849.1666666666666,103.75,113.0,444.0,1162.6666666666667,156.0,105.625,996.7916666666666,1299.375,129.41666666666663,37.0,376.5,1035.5,40.0
729,102.0,524.1111111111111,852.0,212.44444444444446,94.0,1311.0,1010.0,132.0,104.0,1102.4,479.8666666666667,140.0,109.6470588235295,526.3529411764706,1164.5294117647059,160.82352941176464,106.80000000000007,805.8,627.4,137.0,86.0,965.6666666666666,395.0,146.0000000000001,151.1428571428571,486.57142857142856,772.5714285714286,197.0,105.0,1261.0,851.0,102.0,113.0,448.0,1158.3333333333333,158.0,106.0,994.0,1298.0,129.0,37.0,397.0,1036.0,40.0
730,102.0,522.0,857.0,211.0,94.24137931034488,1316.2758620689656,1011.2068965517242,132.37931034482745,104.0,1113.2,482.6,140.0,108.70588235294122,526.2941176470588,1161.9411764705883,161.3529411764706,111.0,803.0,632.0,137.0,84.0,971.3333333333334,396.0,141.9999999999999,144.28571428571433,482.14285714285717,778.1428571428571,196.99999999999994,103.0,1260.9,854.4,105.19999999999982,113.0,452.0,1154.0,160.0,109.83333333333348,993.8333333333334,1294.5833333333333,127.58333333333337,37.0,421.0,1036.5,40.0
731,102.0,520.3333333333334,859.5,209.66666666666663,94.48275862068965,1321.551724137931,1012.4137931034483,132.75862068965534,104.00000000000006,1124.0,485.3333333333333,140.0,107.76470588235293,526.2352941176471,1159.3529411764705,161.88235294117646,107.25,802.0,632.5,137.0,82.0,977.0,397.0,138.0,137.42857142857144,477.7142857142857,783.7142857142857,196.99999999999994,101.0,1260.8,857.8,108.40000000000009,113.0,456.0,1149.6666666666667,162.0,113.66666666666652,993.6666666666666,1291.1666666666667,126.16666666666663,37.0,445.0,1037.0,40.0
732,102.0,518.6666666666666,862.0,208.33333333333337,94.72413793103453,1326.8275862068965,1013.6206896551724,133.1379310344828,103.99999999999994,1134.8,488.06666666666666,140.0,106.82352941176464,526.1764705882352,1156.764705882353,162.41176470588243,103.5,801.0,633.0,137.0,83.44444444444446,983.8888888888889,396.77777777777777,138.0,130.57142857142856,473.2857142857143,789.2857142857143,197.00000000000006,99.0,1260.7,861.2,111.59999999999991,113.0,460.0,1145.3333333333333,164.0,117.5,993.5,1287.75,124.75,37.0,469.0,1039.0,40.0
733,102.0,517.0,864.5,207.0,94.9655172413793,1332.103448275862,1014.8275862068965,133.51724137931024,103.99999999999994,1145.6,490.8,140.0,105.88235294117635,526.1176470588235,1154.1764705882354,162.94117647058818,99.75,800.0,633.5,137.0,84.88888888888891,990.7777777777778,396.55555555555554,138.0,123.71428571428567,468.85714285714283,794.8571428571429,197.00000000000006,97.0,1260.6,864.6,114.80000000000018,113.0,464.0,1141.0,166.0,121.33333333333348,993.3333333333334,1284.3333333333333,123.33333333333337,37.0,493.0,1041.0,40.0
734,102.0,515.3333333333334,867.0,205.66666666666663,95.20689655172418,1337.3793103448277,1016.0344827586207,133.8965517241379,104.0,1156.4,493.5333333333333,140.0,104.94117647058829,526.0588235294117,1151.5882352941176,163.47058823529414,96.0,799.0,634.0,137.0,86.33333333333337,997.6666666666666,396.3333333333333,138.0000000000001,116.85714285714289,464.42857142857144,800.4285714285714,197.0,95.0,1260.5,868.0,118.0,111.16666666666674,467.1666666666667,1138.5833333333333,164.91666666666669,125.16666666666652,993.1666666666666,1280.9166666666667,121.91666666666663,37.0,517.0,1043.0,40.0
735,102.0,513.6666666666666,869.5,204.33333333333337,95.44827586206884,1342.655172413793,1017.2413793103449,134.27586206896558,104.0,1167.2,496.26666666666665,140.0,104.0,526.0,1149.0,164.0,93.20000000000005,804.2,640.4,132.19999999999993,87.77777777777783,1004.5555555555555,396.1111111111111,138.0000000000001,110.0,460.0,806.0,197.0,93.0,1260.4,871.4,121.19999999999982,109.33333333333326,470.3333333333333,1136.1666666666667,163.83333333333331,129.0,993.0,1277.5,120.5,37.0,545.3333333333334,1044.3333333333333,40.0
736,102.0,512.0,872.0,203.0,95.68965517241384,1347.9310344827586,1018.448275862069,134.65517241379303,104.0,1178.0,499.0,140.0,102.88888888888891,526.3888888888889,1150.7222222222222,164.8888888888889,90.40000000000009,809.4,646.8,127.39999999999998,89.22222222222217,1011.4444444444445,395.8888888888889,137.9999999999999,110.0,458.3333333333333,807.6666666666666,197.00000000000006,91.0,1260.3,874.8,124.40000000000009,107.5,473.5,1133.75,162.75,132.83333333333348,992.8333333333334,1274.0833333333333,119.08333333333337,37.0,573.6666666666666,1045.6666666666667,40.0
737,102.0,503.3333333333333,870.3333333333334,209.00000000000006,95.93103448275849,1353.2068965517242,1019.6551724137931,135.0344827586207,104.00000000000006,1189.2857142857142,499.85714285714283,141.8571428571429,101.77777777777783,526.7777777777778,1152.4444444444443,165.77777777777771,87.59999999999991,814.6,653.2,122.60000000000002,90.66666666666663,1018.3333333333334,395.6666666666667,137.9999999999999,110.0,456.6666666666667,809.3333333333334,196.99999999999994,89.0,1260.2,878.2,127.59999999999991,105.66666666666674,476.6666666666667,1131.3333333333333,161.66666666666669,136.66666666666652,992.6666666666666,1270.6666666666667,117.66666666666663,37.0,602.0,1047.0,40.0
738,102.0,494.6666666666667,868.6666666666666,214.99999999999994,96.17241379310349,1358.4827586206898,1020.8620689655172,135.41379310344814,103.99999999999994,1200.5714285714287,500.7142857142857,143.71428571428555,100.66666666666652,527.1666666666666,1154.1666666666667,166.66666666666674,84.79999999999995,819.8,659.6,117.80000000000007,92.11111111111109,1025.2222222222222,395.44444444444446,138.0,110.0,455.0,811.0,197.0,87.0,1260.1,881.6,130.80000000000018,103.83333333333326,479.8333333333333,1128.9166666666667,160.58333333333331,140.5,992.5,1267.25,116.25,37.0,629.6666666666666,1049.6666666666667,40.0
739,102.0,486.0,867.0,221.0,96.41379310344837,1363.7586206896551,1022.0689655172414,135.79310344827582,104.0,1211.857142857143,501.57142857142856,145.57142857142844,99.55555555555543,527.5555555555555,1155.888888888889,167.55555555555554,82.0,825.0,666.0,113.0,93.55555555555554,1032.111111111111,395.22222222222223,138.0,110.0,453.3333333333333,812.6666666666666,197.00000000000006,85.0,1260.0,885.0,134.0,102.0,483.0,1126.5,159.5,144.33333333333348,992.3333333333334,1263.8333333333333,114.83333333333337,37.0,657.3333333333334,1052.3333333333333,40.0
740,102.0,483.0,868.6666666666666,226.66666666666663,96.65517241379314,1369.0344827586207,1023.2758620689655,136.1724137931035,104.0,1223.142857142857,502.42857142857144,147.42857142857156,98.44444444444457,527.9444444444445,1157.611111111111,168.44444444444446,92.5,830.0,665.0,108.0,95.0,1039.0,395.0,138.0,110.0,451.6666666666667,814.3333333333334,196.99999999999994,90.09999999999991,1255.6,887.7,136.80000000000018,100.16666666666674,486.1666666666667,1124.0833333333333,158.41666666666669,148.16666666666652,992.1666666666666,1260.4166666666667,113.41666666666663,37.0,685.0,1055.0,40.0
741,102.0,480.0,870.3333333333334,232.33333333333337,96.89655172413791,1374.3103448275863,1024.4827586206898,136.55172413793093,104.00000000000006,1234.4285714285713,503.2857142857143,149.28571428571445,97.33333333333348,528.3333333333334,1159.3333333333333,169.33333333333326,103.0,835.0,664.0,103.0,95.77777777777777,1043.7777777777778,396.44444444444446,139.8888888888889,110.0,450.0,816.0,197.0,95.20000000000005,1251.2,890.4,139.5999999999999,98.33333333333326,489.3333333333333,1121.6666666666667,157.33333333333331,152.0,992.0,1257.0,112.0,37.0,713.3333333333334,1055.0,40.0
742,102.0,477.0,872.0,238.0,97.13793103448279,1379.5862068965516,1025.6896551724137,136.9310344827586,103.99999999999994,1245.7142857142858,504.14285714285717,151.1428571428571,96.22222222222217,528.7222222222222,1161.0555555555557,170.22222222222229,113.5,839.0,670.5,98.5,96.55555555555554,1048.5555555555557,397.8888888888889,141.7777777777776,110.0,448.3333333333333,817.6666666666666,197.00000000000006,100.29999999999995,1246.8,893.1,142.4000000000001,96.5,492.5,1119.25,156.25,163.66666666666652,992.3333333333334,1241.6666666666667,112.99999999999989,37.0,741.6666666666666,1055.0,40.0
743,102.0,479.0,872.0,236.0,97.37931034482767,1384.8620689655172,1026.896551724138,137.31034482758628,104.0,1257.0,505.0,153.0,95.11111111111109,529.1111111111111,1162.7777777777778,171.1111111111111,124.0,843.0,677.0,94.0,97.33333333333337,1053.3333333333333,399.3333333333333,143.66666666666674,110.0,446.6666666666667,819.3333333333334,196.99999999999994,105.40000000000009,1242.4,895.8,145.19999999999982,94.66666666666674,495.6666666666667,1116.8333333333333,155.16666666666669,175.33333333333348,992.6666666666666,1226.3333333333333,114.00000000000011,37.0,770.0,1055.0,40.0
744,102.0,481.0,872.0,234.0,97.62068965517233,1390.1379310344828,1028.103448275862,137.68965517241372,104.0,1270.5555555555557,508.1111111111111,153.0,94.0,529.5,1164.5,172.0,121.66666666666663,845.0,683.3333333333334,97.66666666666663,98.11111111111114,1058.111111111111,400.77777777777777,145.55555555555566,110.0,445.0,821.0,197.0,110.5,1238.0,898.5,148.0,92.83333333333326,498.8333333333333,1114.4166666666667,154.08333333333331,187.0,993.0,1211.0,115.0,37.0,799.0,1057.3333333333333,40.0
745,102.0,483.0,872.0,232.0,97.86206896551721,1395.4137931034484,1029.3103448275863,138.0689655172414,103.99999999999994,1284.111111111111,511.22222222222223,153.0,92.88888888888891,529.8888888888889,1166.2222222222222,172.8888888888889,119.33333333333337,847.0,689.6666666666666,101.33333333333337,98.88888888888886,1062.888888888889,402.22222222222223,147.44444444444434,109.15384615384619,449.2307692307692,821.0,193.61538461538458,115.59999999999991,1233.6,901.2,150.80000000000018,91.0,502.0,1112.0,153.0,192.5,993.0,1196.0,116.5,37.0,828.0,1059.6666666666667,40.0
746,102.0,485.0,872.0,230.0,98.10344827586209,1400.6896551724137,1030.5172413793102,138.44827586206907,104.0,1297.6666666666667,514.3333333333334,153.0,91.77777777777783,530.2777777777778,1167.9444444444443,173.77777777777771,117.0,849.0,696.0,105.0,99.66666666666663,1067.6666666666667,403.6666666666667,149.33333333333326,108.30769230769226,453.46153846153845,821.0,190.23076923076928,120.69999999999993,1229.2,903.9,153.5999999999999,91.0,502.4117647058824,1111.4705882352941,152.99999999999994,198.0,993.0,1181.0,118.0,37.0,857.0,1062.0,40.0
747,103.88235294117646,488.29411764705884,872.4705882352941,228.4705882352941,98.34482758620697,1405.9655172413793,1031.7241379310344,138.8275862068965,104.0,1311.2222222222222,517.4444444444445,153.0,90.66666666666652,530.6666666666666,1169.6666666666667,174.66666666666674,105.0,852.0,708.0,114.0,100.44444444444446,1072.4444444444443,405.1111111111111,151.2222222222224,107.46153846153845,457.6923076923077,821.0,186.84615384615387,125.80000000000007,1224.8,906.6,156.4000000000001,91.0,502.8235294117647,1110.9411764705883,153.00000000000006,196.0,993.3333333333334,1166.0,118.99999999999989,35.66666666666674,887.3333333333334,1065.3333333333333,38.33333333333326
748,105.76470588235293,491.5882352941176,872.9411764705883,226.94117647058823,98.58620689655163,1411.2413793103449,1032.9310344827586,139.20689655172418,104.0,1324.7777777777778,520.5555555555555,153.0,89.55555555555543,531.0555555555555,1171.388888888889,175.55555555555554,93.0,855.0,720.0,123.0,101.22222222222223,1077.2222222222222,406.55555555555554,153.1111111111111,106.61538461538464,461.9230769230769,821.0,183.46153846153845,130.9000000000001,1220.4,909.3,159.19999999999982,91.0,503.2352941176471,1110.4117647058824,153.0,194.0,993.6666666666666,1151.0,120.00000000000011,34.33333333333326,917.6666666666666,1068.6666666666667,36.66666666666674
749,107.64705882352939,494.88235294117646,873.4117647058823,225.41176470588232,98.82758620689651,1416.5172413793102,1034.1379310344828,139.58620689655186,104.0,1338.3333333333333,523.6666666666666,153.0,88.44444444444457,531.4444444444445,1173.111111111111,176.44444444444446,87.5,867.5,725.0,124.5,102.0,1082.0,408.0,155.0,105.76923076923072,466.15384615384613,821.0,180.07692307692315,136.0,1216.0,912.0,162.0,91.0,503.6470588235294,1109.8823529411766,153.0,192.0,994.0,1136.0,121.0,33.0,948.0,1072.0,35.0
750,109.52941176470586,498.1764705882353,873.8823529411765,223.8823529411764,99.0689655172414,1421.7931034482758,1035.344827586207,139.9655172413793,104.0,1351.888888888889,526.7777777777778,153.0,87.33333333333348,531.8333333333334,1174.8333333333333,177.33333333333326,82.0,880.0,730.0,126.0,102.0,1082.7777777777778,408.1111111111111,155.0,104.9230769230769,470.38461538461536,821.0,176.69230769230774,129.5000000000001,1205.1666666666667,925.1666666666666,164.33333333333326,91.0,504.05882352941177,1109.3529411764705,152.99999999999994,192.0,995.4,1129.0,121.00000000000011,33.0,977.3333333333334,1073.0,35.0
751,111.41176470588232,501.47058823529414,874.3529411764706,222.3529411764706,99.31034482758628,1427.0689655172414,1036.551724137931,140.34482758620697,104.0,1365.4444444444443,529.8888888888889,153.0,86.22222222222217,532.2222222222222,1176.5555555555557,178.22222222222229,82.0,886.0,731.0,136.5,102.0,1083.5555555555557,408.22222222222223,155.0,104.0769230769231,474.61538461538464,821.0,173.30769230769226,122.99999999999989,1194.3333333333333,938.3333333333334,166.66666666666674,91.0,504.47058823529414,1108.8235294117646,153.0,192.0,996.8,1122.0,121.0,33.0,1006.6666666666666,1074.0,35.000000000000114
752,113.29411764705878,504.7647058823529,874.8235294117648,220.82352941176475,99.55172413793116,1432.344827586207,1037.7586206896551,140.72413793103442,104.0,1379.0,533.0,153.0,85.11111111111109,532.6111111111111,1178.2777777777778,179.1111111111111,82.0,892.0,732.0,147.0,102.0,1084.3333333333333,408.3333333333333,155.0,103.23076923076928,478.84615384615387,821.0,169.92307692307685,116.5,1183.5,951.5,169.0,91.0,504.88235294117646,1108.2941176470588,153.0,192.0,998.2,1115.0,121.0,33.0,1036.0,1075.0,35.0
753,115.17647058823536,508.05882352941177,875.2941176470588,219.29411764705884,99.79310344827582,1437.6206896551723,1038.9655172413793,141.1034482758621,104.0,1390.0,535.0,164.0,84.0,533.0,1180.0,180.0,82.0,894.0,735.0,158.0,102.0,1085.111111111111,408.44444444444446,155.0,102.38461538461536,483.0769230769231,821.0,166.53846153846155,110.00000000000011,1172.6666666666667,964.6666666666666,171.33333333333326,91.0,505.29411764705884,1107.764705882353,152.99999999999994,192.0,999.6,1108.0,120.99999999999989,30.0,1068.0,1080.0,32.0
754,117.05882352941182,511.3529411764706,875.7647058823529,217.76470588235293,100.0344827586207,1442.896551724138,1040.1724137931035,141.48275862068976,104.0,1401.0,536.5,161.25,84.0,535.3125,1179.5,178.0,82.0,896.0,738.0,169.0,102.0,1085.888888888889,408.55555555555554,155.0,101.53846153846155,487.3076923076923,821.0,163.15384615384613,103.49999999999989,1161.8333333333333,977.8333333333334,173.66666666666674,91.0,505.70588235294116,1107.235294117647,153.00000000000006,192.0,1001.0,1101.0,121.0,30.0,1089.5,1081.5,32.0
755,118.94117647058818,514.6470588235294,876.2352941176471,216.23529411764707,100.27586206896535,1448.1724137931035,1041.3793103448277,141.8620689655172,104.0,1412.0,538.0,158.5,84.0,537.625,1179.0,176.0,82.0,905.3333333333334,743.3333333333334,158.33333333333337,102.0,1086.6666666666667,408.6666666666667,155.0,100.69230769230774,491.53846153846155,821.0,159.76923076923072,97.0,1151.0,991.0,176.0,91.0,506.11764705882354,1106.7058823529412,153.0,179.20000000000005,1004.6,1097.2,124.19999999999993,30.0,1111.0,1083.0,32.0
756,120.82352941176464,517.9411764705883,876.7058823529412,214.7058823529411,100.51724137931046,1453.4482758620688,1042.5862068965516,142.24137931034488,104.0,1423.0,539.5,155.75,84.0,539.9375,1178.5,174.0,82.0,914.6666666666666,748.6666666666666,147.66666666666663,102.0,1087.4444444444443,408.77777777777777,155.0,99.84615384615381,495.7692307692308,821.0,156.38461538461542,102.16666666666674,1150.5,996.0,173.5,91.0,506.52941176470586,1106.1764705882354,153.0,166.39999999999986,1008.2,1093.4,127.39999999999986,30.0,1117.0,1087.0,32.0
757,122.70588235294122,521.2352941176471,877.1764705882352,213.17647058823525,100.75862068965512,1458.7241379310344,1043.7931034482758,142.62068965517255,104.0,1434.0,541.0,153.0,84.0,542.25,1178.0,172.0,82.0,924.0,754.0,137.0,102.0,1088.2222222222222,408.8888888888889,155.0,99.0,500.0,821.0,153.0,107.33333333333326,1150.0,1001.0,171.0,91.0,506.94117647058823,1105.6470588235295,153.00000000000006,153.60000000000014,1011.8,1089.6,130.60000000000014,30.0,1122.0,1090.0,32.0
758,124.58823529411768,524.5294117647059,877.6470588235294,211.6470588235294,101.0,1464.0,1045.0,143.0,104.0,1447.142857142857,543.2857142857143,153.0,84.0,544.5625,1177.5,170.0,88.0,928.2,759.2,137.20000000000005,102.0,1089.0,409.0,155.0,99.0,505.9166666666667,819.0,152.99999999999994,112.5,1149.5,1006.0,168.5,91.0,507.3529411764706,1105.1176470588234,153.0,140.79999999999995,1015.4,1085.8,133.80000000000007,30.0,1123.0,1087.0,32.0
759,126.47058823529414,527.8235294117648,878.1176470588235,210.11764705882354,101.26666666666665,1469.2666666666667,1046.2,142.26666666666665,104.0,1460.2857142857142,545.5714285714286,153.0,84.0,546.875,1177.0,168.0,94.0,932.4,764.4,137.39999999999998,102.0,1087.5333333333333,408.8666666666667,155.0,99.0,511.8333333333333,817.0,153.00000000000006,117.66666666666674,1149.0,1011.0,166.0,91.0,507.7647058823529,1104.5882352941176,153.0,128.0,1019.0,1082.0,137.0,30.0,1123.0,1084.0,32.0
760,128.3529411764706,531.1176470588235,878.5882352941177,208.58823529411768,101.5333333333333,1474.5333333333333,1047.4,141.5333333333333,104.0,1473.4285714285713,547.8571428571429,153.0,84.0,549.1875,1176.5,166.0,100.0,936.6,769.6,137.60000000000002,102.0,1086.0666666666666,408.73333333333335,155.0,99.0,517.75,815.0,153.0,122.83333333333326,1148.5,1016.0,163.5,91.0,508.1764705882353,1104.0588235294117,152.99999999999994,122.66666666666674,1025.5,1073.8333333333333,137.0,30.0,1117.0,1080.0,32.0
761,130.23529411764707,534.4117647058823,879.0588235294117,207.05882352941182,101.80000000000018,1479.8,1048.6,140.79999999999995,104.0,1486.5714285714287,550.1428571428571,153.0,84.0,551.5,1176.0,164.0,106.0,940.8,774.8,137.79999999999995,102.0,1084.6,408.6,155.0,99.0,523.6666666666666,813.0,153.0,128.0,1148.0,1021.0,161.0,91.0,508.5882352941176,1103.5294117647059,153.00000000000006,117.33333333333326,1032.0,1065.6666666666667,137.0,30.0,1110.0,1076.0,32.0
762,132.11764705882354,537.7058823529412,879.5294117647059,205.52941176470586,102.0666666666666,1485.0666666666666,1049.8,140.06666666666683,104.0,1499.7142857142858,552.4285714285714,153.0,84.0,553.8125,1175.5,162.0,112.0,945.0,780.0,138.0,102.0,1083.1333333333334,408.46666666666664,155.0,99.0,529.5833333333334,811.0,153.0,125.0,1149.6666666666667,1024.5,159.83333333333326,91.0,509.0,1103.0,153.0,112.0,1038.5,1057.5,137.0,30.0,1111.25,1076.0,32.0
763,134.0,541.0,880.0,204.0,102.33333333333326,1490.3333333333333,1051.0,139.33333333333348,104.0,1512.857142857143,554.7142857142857,153.0,84.0,556.125,1175.0,160.0,117.80000000000007,949.0,782.4,138.4000000000001,102.0,1081.6666666666667,408.3333333333333,155.0,99.0,535.5,809.0,153.0,122.0,1151.3333333333333,1028.0,158.66666666666674,91.0,511.7,1104.0,153.00000000000006,106.66666666666674,1045.0,1049.3333333333333,137.0,30.0,1112.5,1076.0,32.0
764,134.0,544.9090909090909,881.8181818181819,202.27272727272725,102.59999999999991,1495.6,1052.2,138.60000000000014,104.0,1526.0,557.0,153.0,84.0,558.4375,1174.5,158.0,123.60000000000002,953.0,784.8,138.79999999999995,102.0,1080.2,408.2,155.0,99.0,541.4166666666666,807.0,153.0,119.0,1153.0,1031.5,157.5,91.0,514.4,1105.0,153.0,101.33333333333326,1051.5,1041.1666666666667,137.0,30.0,1113.75,1076.0,32.0
765,134.0,548.8181818181819,883.6363636363636,200.5454545454545,102.86666666666656,1500.8666666666666,1053.4,137.8666666666668,112.5,1538.0,561.0,151.5,84.0,560.75,1174.0,156.0,129.39999999999998,957.0,787.2,139.20000000000005,102.0,1078.7333333333333,408.06666666666666,155.0,99.0,547.3333333333334,805.0,153.0,116.0,1154.6666666666667,1035.0,156.33333333333326,91.0,517.1,1106.0,153.0,96.0,1058.0,1033.0,137.0,30.0,1115.0,1076.0,32.0
766,134.0,552.7272727272727,885.4545454545455,198.81818181818176,103.13333333333344,1506.1333333333334,1054.6,137.1333333333332,121.0,1550.0,565.0,150.0,84.0,563.0625,1173.5,154.0,135.19999999999993,961.0,789.6,139.5999999999999,102.0,1077.2666666666667,407.93333333333334,155.0,99.0,553.25,803.0,153.0,113.0,1156.3333333333333,1038.5,155.16666666666674,91.0,519.8,1107.0,153.0,96.0,1056.857142857143,1028.0,137.0,30.0,1116.6666666666667,1068.3333333333333,32.0
767,134.0,556.6363636363636,887.2727272727273,197.09090909090912,103.40000000000009,1511.4,1055.8,136.39999999999986,116.75,1559.25,568.0,148.5,84.0,565.375,1173.0,152.0,141.0,965.0,792.0,140.0,102.0,1075.8,407.8,155.0,99.0,559.1666666666666,801.0,153.0,110.0,1158.0,1042.0,154.0,91.0,522.5,1108.0,153.0,96.0,1055.7142857142858,1023.0,137.0,30.0,1118.3333333333333,1060.6666666666667,32.0
768,134.0,560.5454545454545,889.0909090909091,195.36363636363637,103.66666666666674,1516.6666666666667,1057.0,135.66666666666652,112.5,1568.5,571.0,147.0,84.0,567.6875,1172.5,150.0,139.20000000000005,966.6,795.4,140.39999999999998,102.0,1074.3333333333333,407.6666666666667,155.0,99.0,565.0833333333334,799.0,153.0,115.16666666666674,1163.6666666666667,1044.8333333333333,148.66666666666652,91.0,525.2,1109.0,153.0,96.0,1054.5714285714287,1018.0,137.0,30.0,1120.0,1053.0,32.0
769,134.0000000000001,564.4545454545455,890.9090909090909,193.63636363636363,103.9333333333334,1521.9333333333334,1058.2,134.93333333333317,108.25,1577.75,574.0,145.5,84.0,570.0,1172.0,148.0,137.4000000000001,968.2,798.8,140.79999999999995,102.0,1072.8666666666666,407.53333333333336,155.0,99.0,571.0,797.0,153.0,120.33333333333326,1169.3333333333333,1047.6666666666667,143.33333333333348,91.0,527.9,1110.0,153.0,96.0,1053.4285714285713,1013.0,137.0,30.0,1118.6666666666667,1044.6666666666667,32.0
770,134.0,568.3636363636364,892.7272727272727,191.90909090909088,104.19999999999982,1527.2,1059.4,134.20000000000005,104.0,1587.0,577.0,144.0,85.83333333333326,572.0,1169.5,149.83333333333337,135.5999999999999,969.8,802.2,141.20000000000005,102.0,1071.4,407.4,155.0,100.9333333333334,575.2,793.6666666666666,153.0,125.5,1175.0,1050.5,138.0,91.0,530.6,1111.0,153.0,96.0,1052.2857142857142,1008.0,137.0,30.0,1117.3333333333333,1036.3333333333333,32.0
771,134.0,572.2727272727273,894.5454545454545,190.18181818181824,104.4666666666667,1532.4666666666667,1060.6,133.4666666666667,104.0,1589.0,579.0,143.0,87.66666666666674,574.0,1167.0,151.66666666666663,133.79999999999995,971.4,805.6,141.60000000000002,102.0,1069.9333333333334,407.26666666666665,155.0,102.86666666666667,579.4,790.3333333333334,153.0,130.66666666666674,1180.6666666666667,1053.3333333333333,132.66666666666652,91.0,533.3,1112.0,153.0,96.0,1051.142857142857,1003.0,137.0,30.0,1116.0,1028.0,32.0
772,133.9999999999999,576.1818181818182,896.3636363636364,188.45454545454538,104.73333333333335,1537.7333333333333,1061.8,132.73333333333335,104.0,1588.7142857142858,576.4285714285714,143.0,89.5,576.0,1164.5,153.5,132.0,973.0,809.0,142.0,102.0,1068.4666666666667,407.1333333333333,155.0,104.79999999999995,583.6,787.0,153.0,135.83333333333326,1186.3333333333333,1056.1666666666667,127.33333333333348,91.0,536.0,1113.0,153.0,96.0,1050.0,998.0,137.0,30.000000000000114,1115.0,1021.6666666666666,32.0
773,134.0000000000001,580.0909090909091,898.1818181818181,186.72727272727275,105.0,1543.0,1063.0,132.0,104.0,1588.4285714285713,573.8571428571429,143.0,91.33333333333326,578.0,1162.0,155.33333333333337,130.19999999999993,977.4,815.2,142.39999999999998,102.0,1067.0,407.0,155.0,106.73333333333335,587.8,783.6666666666666,153.0,141.0,1192.0,1059.0,122.0,91.0,535.75,1115.75,153.0,96.00000000000011,1051.3333333333333,995.1666666666666,137.0,29.999999999999886,1114.0,1015.3333333333334,32.0
774,134.0,584.0,900.0,185.0,104.75,1545.1666666666667,1064.5833333333333,131.08333333333326,104.0,1588.142857142857,571.2857142857143,143.0,93.16666666666674,580.0,1159.5,157.16666666666663,128.39999999999998,981.8,821.4,142.79999999999995,102.0,1059.8,406.8,162.4000000000001,108.66666666666663,592.0,780.3333333333334,153.0,138.5,1193.0,1058.0,122.0,91.0,535.5,1118.5,153.0,95.99999999999989,1052.6666666666667,992.3333333333334,137.0,30.0,1113.0,1009.0,32.0
775,135.7499999999999,583.5,896.8333333333334,184.08333333333337,104.5,1547.3333333333333,1066.1666666666667,130.16666666666674,104.0,1587.857142857143,568.7142857142857,143.0,95.0,582.0,1157.0,159.0,126.60000000000002,986.2,827.6,143.20000000000005,102.0,1052.6,406.6,169.80000000000018,110.60000000000002,596.2,777.0,153.0,136.0,1194.0,1057.0,122.0,91.0,535.25,1121.25,153.0,96.0,1054.0,989.5,137.0,29.999999999999886,1111.3333333333333,1004.3333333333334,32.0
776,137.5000000000001,583.0,893.6666666666666,183.16666666666663,104.25,1549.5,1067.75,129.25,104.0,1587.5714285714287,566.1428571428571,143.0,94.08333333333326,584.0,1157.1666666666667,158.08333333333337,124.80000000000007,990.6,833.8,143.60000000000002,102.0,1045.4,406.4,177.19999999999982,112.53333333333342,600.4,773.6666666666666,153.0,133.0,1197.3333333333333,1063.0,122.0,91.0,535.0,1124.0,153.0,96.00000000000011,1055.3333333333333,986.6666666666666,137.0,30.000000000000114,1109.6666666666667,999.6666666666666,32.0
777,139.25,582.5,890.5,182.25,104.0,1551.6666666666667,1069.3333333333333,128.33333333333326,104.0,1587.2857142857142,563.5714285714286,143.0,93.16666666666674,586.0,1157.3333333333333,157.16666666666663,123.0,995.0,840.0,144.0,102.0,1038.2,406.2,184.5999999999999,114.46666666666658,604.6,770.3333333333334,153.0,130.0,1200.6666666666667,1069.0,122.0,91.0,534.75,1126.75,153.0,95.99999999999989,1056.6666666666667,983.8333333333334,137.0,30.0,1108.0,995.0,32.0
778,140.9999999999999,582.0,887.3333333333334,181.33333333333337,103.75,1553.8333333333333,1070.9166666666667,127.41666666666674,104.0,1587.0,561.0,143.0,92.25,588.0,1157.5,156.25,128.0,999.0,843.0,144.0,102.0,1031.0,406.0,192.0,116.39999999999998,608.8,767.0,153.0,127.0,1204.0,1075.0,122.0,91.0,534.5,1129.5,153.0,96.0,1058.0,981.0,137.0,30.0,1109.0,990.6666666666666,32.0
779,142.7500000000001,581.5,884.1666666666666,180.41666666666663,103.5,1556.0,1072.5,126.5,107.42857142857144,1587.2857142857142,558.7142857142857,143.0,91.33333333333326,590.0,1157.6666666666667,155.33333333333337,133.0,1003.0,846.0,144.0,102.0,1023.6666666666666,406.0,192.0000000000001,118.33333333333337,613.0,763.6666666666666,153.0,117.66666666666674,1204.0,1090.3333333333333,122.0,91.0,534.25,1132.25,153.0,102.16666666666663,1057.3333333333333,974.1666666666666,137.0,30.0,1110.0,986.3333333333334,32.0
780,144.5,581.0,881.0,179.5,103.25,1558.1666666666667,1074.0833333333333,125.58333333333326,110.85714285714289,1587.5714285714287,556.4285714285714,143.0,90.41666666666674,592.0,1157.8333333333333,154.41666666666663,136.5,1003.3333333333334,846.5,143.9999999999999,102.0,1016.3333333333334,406.0,191.9999999999999,120.26666666666665,617.2,760.3333333333334,153.0,108.33333333333326,1204.0,1105.6666666666667,122.0,91.0,534.0,1135.0,153.0,108.33333333333337,1056.6666666666667,967.3333333333334,137.0,30.0,1111.0,982.0,32.0
781,146.2499999999999,580.5,877.8333333333334,178.58333333333337,103.0,1560.3333333333333,1075.6666666666667,124.66666666666674,114.28571428571433,1587.857142857143,554.1428571428571,143.0,89.5,594.0,1158.0,153.5,140.0,1003.6666666666666,847.0,144.0000000000001,102.0,1009.0,406.0,192.0,122.20000000000005,621.4,757.0,153.0,99.0,1204.0,1121.0,122.0,91.0,529.75,1139.5,156.25,114.5,1056.0,960.5,137.0,30.0,1112.3333333333333,978.3333333333334,32.0
782,148.0,580.0,874.6666666666666,177.66666666666663,102.75,1562.5,1077.25,123.75,117.71428571428567,1588.142857142857,551.8571428571429,143.0,88.58333333333326,596.0,1158.1666666666667,152.58333333333337,143.5,1004.0,847.5,144.0,102.0,1002.0,406.0,184.0,124.13333333333333,625.6,753.6666666666666,153.0,101.42857142857133,1203.5714285714287,1126.5714285714287,128.57142857142844,91.0,525.5,1144.0,159.5,120.66666666666663,1055.3333333333333,953.6666666666666,137.0,30.0,1113.6666666666667,974.6666666666666,32.0
783,149.75,579.5,871.5,176.75,102.5,1564.6666666666667,1078.8333333333333,122.83333333333326,121.14285714285711,1588.4285714285713,549.5714285714286,143.0,87.66666666666674,598.0,1158.3333333333333,151.66666666666663,147.0,1004.3333333333334,848.0,143.9999999999999,102.0,995.0,406.0,176.0,126.0666666666666,629.8,750.3333333333334,153.0,103.85714285714289,1203.142857142857,1132.142857142857,135.1428571428571,91.0,521.25,1148.5,162.75,126.83333333333337,1054.6666666666667,946.8333333333334,137.0,30.0,1115.0,971.0,32.0
784,151.5,579.0,868.3333333333334,175.83333333333337,102.25,1566.8333333333333,1080.4166666666667,121.91666666666674,124.57142857142856,1588.7142857142858,547.2857142857143,143.0,86.75,600.0,1158.5,150.75,150.5,1004.6666666666666,848.5,144.0000000000001,102.0,989.125,405.875,172.0,128.0,634.0,747.0,153.0,106.28571428571422,1202.7142857142858,1137.7142857142858,141.71428571428555,91.0,517.0,1153.0,166.0,133.0,1054.0,940.0,137.0,30.0,1118.3333333333333,973.3333333333334,32.0
785,153.25,578.5,865.1666666666666,174.91666666666663,102.0,1569.0,1082.0,121.0,128.0,1589.0,545.0,143.0,85.83333333333326,602.0,1158.6666666666667,149.83333333333337,154.0,1005.0,849.0,144.0,102.0,983.25,405.75,168.0,133.33333333333337,636.6666666666666,740.0,153.0,108.71428571428578,1202.2857142857142,1143.2857142857142,148.28571428571445,91.0,512.6666666666666,1157.6666666666667,161.66666666666674,131.33333333333326,1054.0,942.0,137.0,30.0,1121.6666666666667,975.6666666666666,32.0
786,155.0,578.0,862.0,174.0,101.66666666666652,1570.0,1081.1666666666667,120.0,125.77777777777771,1588.888888888889,546.4444444444445,141.8888888888889,84.91666666666674,604.0,1158.8333333333333,148.91666666666663,154.26666666666665,1005.9333333333333,850.2,143.39999999999998,102.0,977.375,405.625,164.0,138.66666666666663,639.3333333333334,733.0,153.0,111.14285714285711,1201.857142857143,1148.857142857143,154.8571428571429,91.0,508.3333333333333,1162.3333333333333,157.33333333333331,129.66666666666674,1054.0,944.0,137.0,30.0,1125.0,978.0,32.0
787,152.75,577.5,862.75,173.0,101.33333333333348,1571.0,1080.3333333333333,119.0,123.55555555555554,1588.7777777777778,547.8888888888889,140.77777777777783,84.0,606.0,1159.0,148.0,154.5333333333333,1006.8666666666667,851.4,142.80000000000007,102.0,971.5,405.5,160.0,144.0,642.0,726.0,153.0,113.57142857142867,1201.4285714285713,1154.4285714285713,161.42857142857156,91.0,504.0,1167.0,153.0,128.0,1054.0,946.0,137.0,30.0,1128.0,981.6666666666666,32.0
788,150.5,577.0,863.5,172.0,101.0,1572.0,1079.5,118.0,121.33333333333326,1588.6666666666667,549.3333333333334,139.66666666666652,84.0,606.0,1159.3478260869565,148.0,154.79999999999995,1007.8,852.6,142.20000000000005,102.0,965.625,405.375,156.0,149.0,643.6666666666666,727.0,153.0,116.0,1201.0,1160.0,168.0,97.75,500.875,1170.375,153.0,126.33333333333326,1054.0,948.0,137.0,30.0,1131.0,985.3333333333334,32.0
789,148.25,576.5,864.25,171.0,100.66666666666652,1573.0,1078.6666666666667,117.0,119.11111111111109,1588.5555555555557,550.7777777777778,138.55555555555543,84.0,606.0,1159.695652173913,148.0,155.06666666666672,1008.7333333333333,853.8,141.5999999999999,102.0,959.75,405.25,152.0,154.0,645.3333333333334,728.0,153.0,116.0,1208.0,1173.0,168.0,104.5,497.75,1173.75,153.0,124.66666666666674,1054.0,950.0,137.0,30.0,1134.0,989.0,32.0
790,146.0,576.0,865.0,170.0,100.33333333333348,1574.0,1077.8333333333333,116.0,116.88888888888891,1588.4444444444443,552.2222222222222,137.44444444444457,84.0,606.0,1160.0434782608695,148.0,155.33333333333337,1009.6666666666666,855.0,141.0000000000001,102.0,953.875,405.125,148.0,159.0,647.0,729.0,153.0,116.0,1203.4,1177.8,168.0,111.25,494.625,1177.125,153.0,123.0,1054.0,952.0,137.0,30.0,1133.0,991.3333333333334,32.0
791,143.5,576.0,867.5,170.0,100.0,1575.0,1077.0,115.0,114.66666666666674,1588.3333333333333,553.6666666666666,136.33333333333348,84.0,606.0,1160.391304347826,148.0,155.5999999999999,1010.6,856.2,140.39999999999998,102.0,948.0,405.0,144.0,152.33333333333337,649.0,738.0,153.0,116.0,1198.8,1182.6,168.0,118.0,491.5,1180.5,153.0,114.0,1055.0,962.0,137.0,30.0,1132.0,993.6666666666666,32.0
792,141.0,576.0,870.0,170.0,99.5,1573.375,1078.0,116.375,112.44444444444446,1588.2222222222222,555.1111111111111,135.22222222222217,84.0,606.0,1160.7391304347825,148.0,155.86666666666667,1011.5333333333333,857.4,139.79999999999995,102.0,944.1666666666666,404.8333333333333,146.5000000000001,145.66666666666663,651.0,747.0,153.0,116.0,1194.2,1187.4,168.0,124.75,488.375,1183.875,153.0,105.0,1056.0,972.0,137.0,30.0,1131.0,996.0,32.0
793,138.5,576.0,872.5,170.0,99.0,1571.75,1079.0,117.75,110.22222222222229,1588.111111111111,556.5555555555555,134.1111111111111,84.0,606.0,1161.0869565217392,148.0,156.13333333333333,1012.4666666666667,858.6,139.20000000000005,102.0,940.3333333333334,404.6666666666667,148.9999999999999,139.0,653.0,756.0,153.0,116.0,1189.6,1192.2,168.0,131.5,485.25,1187.25,153.0,106.75,1056.375,977.875,137.0,30.0,1127.6666666666667,997.0,32.0
794,136.0,576.0,875.0,170.0,98.5,1570.125,1080.0,119.125,108.0,1588.0,558.0,133.0,84.0,606.0,1161.4347826086957,148.0,156.4000000000001,1013.4,859.8,138.60000000000002,102.0,936.5,404.5,151.5,139.0,660.6,759.0,153.0,116.0,1185.0,1197.0,168.0,138.25,482.125,1190.625,153.0,108.5,1056.75,983.75,137.0,30.0,1124.3333333333333,998.0,32.0
795,133.5,576.0,877.5,170.0,98.0,1568.5,1081.0,120.5,108.0,1583.0,557.8333333333334,133.0,84.0,606.0,1161.7826086956522,148.0,156.66666666666663,1014.3333333333334,861.0,137.9999999999999,102.0,932.6666666666666,404.3333333333333,154.0000000000001,139.0,668.2,762.0,153.0,112.71428571428555,1183.857142857143,1203.7142857142858,164.42857142857133,145.0,479.0,1194.0,153.0,110.25,1057.125,989.625,137.0,30.0,1121.0,999.0,32.0
796,131.0,576.0,880.0,170.0,97.5,1566.875,1082.0,121.875,108.0,1578.0,557.6666666666666,133.0,84.0,606.0,1162.1304347826087,148.0,156.93333333333328,1015.2666666666667,862.2,137.4000000000001,102.0,928.8333333333334,404.1666666666667,156.4999999999999,139.0,675.8,765.0,153.0,109.42857142857156,1182.7142857142858,1210.4285714285713,160.8571428571429,143.0,477.6666666666667,1196.6666666666667,152.99999999999994,112.0,1057.5,995.5,137.0,30.0,1118.0,1002.0,32.0
797,128.5,576.0,882.5,170.0,97.0,1565.25,1083.0,123.25,108.0,1573.0,557.5,133.0,84.0,606.0,1162.4782608695652,148.0,157.20000000000005,1016.2,863.4,136.79999999999995,102.0,925.0,404.0,159.0,139.0,683.4,768.0,153.0,106.14285714285711,1181.5714285714287,1217.142857142857,157.28571428571422,141.0,476.3333333333333,1199.3333333333333,153.00000000000006,113.75,1057.875,1001.375,137.0,30.0,1115.0,1005.0,32.0
798,126.0,576.0,885.0,170.0,96.5,1563.625,1084.0,124.625,108.0,1568.0,557.3333333333334,133.0,84.0,606.0,1162.8260869565217,148.0,157.4666666666667,1017.1333333333333,864.6,136.19999999999993,102.0,921.0,404.0,151.5,139.0,691.0,771.0,153.0,102.85714285714289,1180.4285714285713,1223.857142857143,153.71428571428578,139.0,475.0,1202.0,153.0,115.5,1058.25,1007.25,137.0,30.0,1112.0,1008.0,32.0
799,123.5,576.0,887.5,170.0,96.0,1562.0,1085.0,126.0,108.0,1563.0,557.1666666666666,133.0,84.0,606.0,1163.1739130434783,148.0,157.73333333333335,1018.0666666666667,865.8,135.60000000000002,102.0,917.0,404.0,144.0,139.0,692.4444444444445,774.8888888888889,153.0,99.57142857142844,1179.2857142857142,1230.5714285714287,150.1428571428571,136.875,474.5,1212.125,153.0,117.25,1058.625,1013.125,137.0,30.000000000000114,1111.3333333333333,1013.6666666666666,32.0
800,121.0,576.0,890.0,170.0,95.66666666666674,1560.3333333333333,1086.0,122.33333333333348,108.0,1558.0,557.0,133.0,84.0,606.0,1163.5217391304348,148.0,158.0,1019.0,867.0,135.0,102.0,915.5555555555555,404.0,141.77777777777771,139.0,693.8888888888889,778.7777777777778,153.0,96.28571428571445,1178.142857142857,1237.2857142857142,146.57142857142867,134.75,474.0,1222.25,153.0,119.0,1059.0,1019.0,137.0,29.999999999999886,1110.6666666666667,1019.3333333333334,32.0
801,119.22222222222217,579.4444444444445,891.0,171.0,95.33333333333326,1558.6666666666667,1087.0,118.66666666666652,108.0,1553.1,557.0,133.0,84.0,606.0,1163.8695652173913,148.0,154.42857142857144,1019.1428571428571,874.5714285714286,136.28571428571422,102.0,914.1111111111111,404.0,139.55555555555566,139.0,695.3333333333334,782.6666666666666,153.0,93.0,1177.0,1244.0,143.0,132.625,473.5,1232.375,153.0,127.25,1060.0,1022.5,137.0,30.0,1110.0,1025.0,32.0
802,117.44444444444446,582.8888888888889,892.0,172.0,95.0,1557.0,1088.0,115.0,108.0,1548.2,557.0,133.0,84.0,606.0,1164.2173913043478,148.0,150.8571428571429,1019.2857142857143,882.1428571428571,137.57142857142856,102.0,912.6666666666666,404.0,137.33333333333337,139.0,696.7777777777778,786.5555555555555,153.0,93.0,1176.6,1249.0,143.0,130.5,473.0,1242.5,153.0,135.5,1061.0,1026.0,137.0,30.0,1107.0,1034.3333333333333,32.0
803,115.66666666666663,586.3333333333334,893.0,173.0,94.66666666666674,1553.611111111111,1088.5,115.0,108.0,1543.3,557.0,133.0,84.0,606.0,1164.5652173913043,148.0,147.28571428571433,1019.4285714285714,889.7142857142857,138.85714285714278,102.0,911.2222222222222,404.0,135.1111111111111,139.0,698.2222222222222,790.4444444444445,153.0,93.0,1176.2,1254.0,143.0,128.375,472.5,1252.625,153.0,143.75,1062.0,1029.5,137.0,30.0,1104.0,1043.6666666666667,32.0
804,113.88888888888891,589.7777777777778,894.0,174.0,94.33333333333326,1550.2222222222222,1089.0,115.0,108.0,1538.4,557.0,133.0,84.0,606.0,1164.9130434782608,148.0,143.71428571428567,1019.5714285714286,897.2857142857143,140.14285714285722,102.0,909.7777777777778,404.0,132.8888888888889,139.0,699.6666666666666,794.3333333333334,153.0,93.0,1175.8,1259.0,143.0,126.25,472.0,1262.75,153.0,152.0,1063.0,1033.0,137.0,30.0,1101.0,1053.0,32.0
805,112.11111111111109,593.2222222222222,895.0,175.0,94.0,1546.8333333333333,1089.5,115.0,108.0,1533.5,557.0,133.0,84.0,606.0,1165.2608695652175,148.0,140.1428571428571,1019.7142857142857,904.8571428571429,141.42857142857144,102.0,908.3333333333334,404.0,130.66666666666663,139.0,701.1111111111111,798.2222222222222,153.0,93.0,1175.4,1264.0,143.0,124.125,471.5,1272.875,153.0,155.25,1064.0,1030.75,137.0,30.0,1102.0,1061.6666666666667,32.0
806,110.33333333333337,596.6666666666666,896.0,176.0,93.66666666666674,1543.4444444444443,1090.0,115.0,108.0,1528.6,557.0,133.0,84.0,606.0,1165.608695652174,148.0,136.57142857142856,1019.8571428571429,912.4285714285714,142.71428571428578,102.0,906.8888888888889,404.0,128.44444444444434,139.0,702.5555555555555,802.1111111111111,153.0,93.0,1175.0,1269.0,143.0,122.0,471.0,1283.0,153.0,158.5,1065.0,1028.5,137.0,30.0,1103.0,1070.3333333333333,32.0
807,108.55555555555554,600.1111111111111,897.0,177.0,93.33333333333326,1540.0555555555557,1090.5,115.0,108.0,1523.7,557.0,133.0,84.0,606.0,1165.9565217391305,148.0,133.0,1020.0,920.0,144.0,102.0,905.4444444444445,404.0,126.22222222222229,139.0,704.0,806.0,153.0,93.0,1167.75,1274.0,143.0,122.33333333333348,472.3333333333333,1298.3333333333333,158.00000000000006,161.75,1066.0,1026.25,137.0,30.0,1104.0,1079.0,32.0
808,106.77777777777783,603.5555555555555,898.0,178.0,93.0,1536.6666666666667,1091.0,115.0,108.0,1518.8,557.0,133.0,84.0,606.0,1166.304347826087,148.0,119.33333333333337,1020.3333333333334,934.6666666666666,147.33333333333337,102.0,904.0,404.0,124.0,139.0,708.875,811.5,153.0,93.0,1160.5,1279.0,143.0,122.66666666666652,473.6666666666667,1313.6666666666667,162.99999999999994,165.0,1067.0,1024.0,137.0,30.0,1115.0,1069.3333333333333,32.0
809,105.0,607.0,899.0,179.0,92.66666666666674,1533.2777777777778,1091.5,115.0,108.0,1513.9,557.0,133.0,84.0,606.0,1166.6521739130435,148.0,105.66666666666663,1020.6666666666666,949.3333333333334,150.66666666666663,102.0,902.8888888888889,404.55555555555554,125.55555555555543,139.0,713.75,817.0,153.0,93.0,1153.25,1284.0,143.0,123.0,475.0,1329.0,168.0,169.1428571428571,1073.2857142857142,1017.8571428571429,137.0,30.0,1126.0,1059.6666666666667,32.0
810,105.0,609.3333333333334,899.5555555555555,179.0,92.33333333333326,1529.888888888889,1092.0,115.0,108.0,1509.0,557.0,133.0,84.0,606.0,1167.0,148.0,92.0,1021.0,964.0,154.0,102.0,901.7777777777778,405.1111111111111,127.11111111111109,139.0,718.625,822.5,153.0,93.0,1146.0,1289.0,143.0,123.0,476.15384615384613,1333.3076923076924,168.00000000000006,173.28571428571433,1079.5714285714287,1011.7142857142857,137.0,30.0,1137.0,1050.0,32.0
811,105.0,611.6666666666666,900.1111111111111,179.0,92.0,1526.5,1092.5,115.0,108.0,1501.0,558.6666666666666,143.66666666666674,86.625,606.0,1167.0,148.0,97.19999999999993,1023.0,969.4,152.79999999999995,102.0,900.6666666666666,405.6666666666667,128.66666666666663,139.0,723.5,828.0,153.0,95.57142857142844,1142.857142857143,1293.7142857142858,143.0,123.0,477.3076923076923,1337.6153846153845,167.99999999999994,177.42857142857144,1085.857142857143,1005.5714285714286,137.0,30.0,1145.0,1037.0,32.0
812,105.0,614.0,900.6666666666666,179.0,91.66666666666674,1523.111111111111,1093.0,115.0,108.0,1493.0,560.3333333333334,154.33333333333326,89.25,606.0,1167.0,148.0,102.40000000000009,1025.0,974.8,151.5999999999999,102.0,899.5555555555555,406.22222222222223,130.22222222222229,139.0,728.375,833.5,153.0,98.14285714285734,1139.7142857142858,1298.4285714285713,143.0,123.0,478.46153846153845,1341.923076923077,168.0,181.57142857142856,1092.142857142857,999.4285714285714,137.0,30.0,1153.0,1024.0,32.0
813,105.0,616.3333333333334,901.2222222222222,179.0,91.33333333333326,1519.7222222222222,1093.5,115.0,108.0,1485.0,562.0,165.0,91.875,606.0,1167.0,148.0,107.59999999999991,1027.0,980.2,150.4000000000001,102.0,898.4444444444445,406.77777777777777,131.77777777777771,139.0,733.25,839.0,153.0,100.71428571428578,1136.5714285714287,1303.142857142857,143.0,123.0,479.61538461538464,1346.2307692307693,168.0,185.71428571428567,1098.4285714285713,993.2857142857143,137.0,30.0,1161.0,1011.0,32.0
814,105.0,618.6666666666666,901.7777777777778,179.0,91.0,1516.3333333333333,1094.0,115.0,108.0,1477.0,563.6666666666666,164.66666666666674,94.5,606.0,1167.0,148.0,112.80000000000007,1029.0,985.6,149.20000000000005,102.0,897.3333333333334,407.3333333333333,133.33333333333337,139.0,738.125,844.5,153.0,103.28571428571422,1133.4285714285713,1307.857142857143,143.0,123.0,480.7692307692308,1350.5384615384614,167.99999999999994,189.8571428571429,1104.7142857142858,987.1428571428571,137.0,29.999999999999886,1166.6666666666667,998.3333333333334,32.0
815,105.0,621.0,902.3333333333334,179.0,90.66666666666674,1512.9444444444443,1094.5,115.0,108.0,1469.0,565.3333333333334,164.33333333333326,97.125,606.0,1167.0,148.0,118.0,1031.0,991.0,148.0,102.0,896.2222222222222,407.8888888888889,134.8888888888889,139.0,743.0,850.0,153.0,105.85714285714266,1130.2857142857142,1312.5714285714287,143.0,123.0,481.9230769230769,1354.8461538461538,168.0,194.0,1111.0,981.0,137.0,30.0,1172.3333333333333,985.6666666666666,32.0
816,105.0,623.3333333333334,902.8888888888889,179.0,90.33333333333326,1509.5555555555557,1095.0,115.0,108.0,1461.0,567.0,164.0,99.75,606.0,1167.0,148.0,123.00000000000011,1025.0,986.6666666666666,146.66666666666674,102.0,895.1111111111111,408.44444444444446,136.44444444444457,136.66666666666663,745.2222222222222,854.7777777777778,153.0,108.42857142857156,1127.142857142857,1317.2857142857142,143.0,123.0,483.0769230769231,1359.1538461538462,168.0,189.0,1105.6666666666667,972.0,144.0,30.0,1178.0,973.0,32.0
817,105.0,625.6666666666666,903.4444444444445,179.0,90.0,1506.1666666666667,1095.5,115.0,108.0,1450.5,566.0,162.66666666666674,102.375,606.0,1167.0,148.0,127.99999999999989,1019.0,982.3333333333334,145.33333333333326,102.0,894.0,409.0,138.0,134.33333333333337,747.4444444444445,859.5555555555555,153.0,111.0,1124.0,1322.0,143.0,123.0,484.2307692307692,1363.4615384615386,168.00000000000006,184.0,1100.3333333333333,963.0,151.0,30.0,1182.6666666666667,962.6666666666666,32.0
818,105.0,628.0,904.0,179.0,89.66666666666674,1502.7777777777778,1096.0,115.0,108.0,1440.0,565.0,161.33333333333326,105.0,606.0,1167.0,148.0,133.0,1013.0,978.0,144.0,100.25,886.0,410.375,143.75,132.0,749.6666666666666,864.3333333333334,153.0,111.0,1121.0,1325.4444444444443,143.0,123.0,485.38461538461536,1367.7692307692307,168.0,179.0,1095.0,954.0,158.0,30.0,1187.3333333333333,952.3333333333334,32.0
819,106.82352941176464,627.8823529411765,902.2352941176471,177.29411764705878,89.33333333333326,1499.388888888889,1096.5,115.0,108.0,1429.5,564.0,160.0,105.0,604.875,1169.125,148.0,135.0,1011.5,977.5,144.0,98.5,878.0,411.75,149.5,129.66666666666674,751.8888888888889,869.1111111111111,153.0,111.0,1118.0,1328.888888888889,143.0,123.0,486.53846153846155,1372.076923076923,168.0,174.0,1089.6666666666667,945.0,165.0,30.0,1192.0,942.0,32.0
820,108.64705882352939,627.7647058823529,900.4705882352941,175.58823529411768,89.0,1496.0,1097.0,115.0,108.0,1419.0,563.0,158.66666666666674,105.0,603.75,1171.25,148.0,137.0,1010.0,977.0,144.0,96.75,870.0,413.125,155.25,127.33333333333326,754.1111111111111,873.8888888888889,153.0,111.0,1115.0,1332.3333333333333,143.0,123.0,487.6923076923077,1376.3846153846155,168.00000000000006,169.0,1084.3333333333333,936.0,172.0,30.0,1187.0,935.3333333333334,32.0
821,110.47058823529403,627.6470588235294,898.7058823529412,173.88235294117646,89.0,1491.3125,1097.75,115.0,108.0,1408.5,562.0,157.33333333333326,105.0,602.625,1173.375,148.0,138.83333333333337,1001.5,973.1666666666666,144.0,95.0,862.0,414.5,161.0,125.0,756.3333333333334,878.6666666666666,153.0,111.0,1112.0,1335.7777777777778,143.0,123.0,488.84615384615387,1380.6923076923076,167.99999999999994,164.0,1079.0,927.0,179.0,30.0,1182.0,928.6666666666666,32.0
822,112.29411764705878,627.5294117647059,896.9411764705883,172.17647058823536,89.0,1486.625,1098.5,115.0,108.0,1398.0,561.0,156.0,105.0,601.5,1175.5,148.0,140.66666666666663,993.0,969.3333333333334,144.0,93.25,854.0,415.875,166.75,122.66666666666663,758.5555555555555,883.4444444444445,153.0,111.0,1109.0,1339.2222222222222,143.0,123.0,490.0,1385.0,168.0,158.16666666666674,1073.5,920.0,180.83333333333326,30.0,1177.0,922.0,32.0
823,114.11764705882354,627.4117647058823,895.1764705882352,170.47058823529414,89.0,1481.9375,1099.25,115.0,107.5,1387.8333333333333,563.6666666666666,158.33333333333348,105.0,600.375,1177.625,148.0,142.5,984.5,965.5,144.0,91.5,846.0,417.25,172.5,120.33333333333337,760.7777777777778,888.2222222222222,153.0,111.0,1106.0,1342.6666666666667,143.0,120.33333333333326,494.8333333333333,1387.6666666666667,165.33333333333331,152.33333333333326,1068.0,913.0,182.66666666666674,30.0,1170.0,917.0,32.0
824,115.94117647058829,627.2941176470588,893.4117647058823,168.76470588235293,89.0,1477.25,1100.0,115.0,107.0,1377.6666666666667,566.3333333333334,160.66666666666652,105.0,599.25,1179.75,148.0,144.33333333333337,976.0,961.6666666666666,144.0,89.75,838.0,418.625,178.25,118.0,763.0,893.0,153.0,111.0,1103.0,1346.111111111111,143.0,117.66666666666674,499.6666666666667,1390.3333333333333,162.66666666666669,146.5,1062.5,906.0,184.5,30.0,1163.0,912.0,32.0
825,117.76470588235293,627.1764705882352,891.6470588235294,167.05882352941182,89.0,1472.5625,1100.75,115.0,106.5,1367.5,569.0,163.0,105.0,598.125,1181.875,148.0,146.16666666666663,967.5,957.8333333333334,144.0,88.0,830.0,420.0,184.0,118.0,762.5,892.9,153.0,111.0,1100.0,1349.5555555555557,143.0,115.0,504.5,1393.0,160.0,140.66666666666674,1057.0,899.0,186.33333333333326,30.0,1156.0,907.0,32.0
826,119.58823529411768,627.0588235294117,889.8823529411765,165.3529411764706,89.0,1467.875,1101.5,115.0,106.0,1357.3333333333333,571.6666666666666,165.33333333333348,105.0,597.0,1184.0,148.0,148.0,959.0,954.0,144.0,94.625,820.125,420.25,184.0,118.0,762.0,892.8,153.0,111.0,1097.0,1353.0,143.0,112.33333333333326,509.3333333333333,1395.6666666666667,157.33333333333331,134.83333333333326,1051.5,892.0,188.16666666666674,30.0,1145.6666666666667,898.3333333333334,32.0
827,121.41176470588232,626.9411764705883,888.1176470588235,163.6470588235294,89.0,1463.1875,1102.25,115.0,105.5,1347.1666666666667,574.3333333333334,167.66666666666652,103.69230769230762,594.3076923076923,1185.3076923076924,150.69230769230774,148.0,957.5,954.0,144.0,101.25,810.25,420.5,184.0,118.0,761.5,892.7,153.0,111.0,1094.5555555555557,1357.4444444444443,143.0,109.66666666666674,514.1666666666666,1398.3333333333333,154.66666666666674,129.0,1046.0,885.0,190.0,30.0,1135.3333333333333,889.6666666666666,32.0
828,123.23529411764707,626.8235294117648,886.3529411764706,161.94117647058818,89.0,1458.5,1103.0,115.0,105.0,1337.0,577.0,170.0,102.38461538461547,591.6153846153846,1186.6153846153845,153.38461538461536,148.0,956.0,954.0,144.0,107.875,800.375,420.75,184.0,118.0,761.0,892.6,153.0,111.0,1092.111111111111,1361.888888888889,143.0,107.0,519.0,1401.0,152.0,129.8888888888889,1037.3333333333333,872.6666666666666,191.66666666666674,30.0,1125.0,881.0,32.0
829,125.05882352941171,626.7058823529412,884.5882352941177,160.23529411764707,89.0,1453.8125,1103.75,115.0,104.25,1326.75,579.75,162.5,101.0769230769231,588.9230769230769,1187.923076923077,156.0769230769231,150.33333333333337,950.8333333333334,939.8333333333334,143.9999999999999,114.5,790.5,421.0,184.0,118.0,760.5,892.5,153.0,111.0,1089.6666666666667,1366.3333333333333,143.0,107.0,519.1428571428571,1403.142857142857,152.0,130.77777777777771,1028.6666666666667,860.3333333333334,193.33333333333326,30.0,1114.0,870.0,32.0
830,126.88235294117646,626.5882352941177,882.8235294117648,158.52941176470586,89.0,1449.125,1104.5,115.0,103.5,1316.5,582.5,155.0,99.76923076923072,586.2307692307693,1189.2307692307693,158.76923076923072,152.66666666666663,945.6666666666666,925.6666666666666,144.0000000000001,121.125,780.625,421.25,184.0,118.0,760.0,892.4,153.0,111.0,1087.2222222222222,1370.7777777777778,143.0,107.0,519.2857142857143,1405.2857142857142,152.0,131.66666666666663,1020.0,848.0,195.0,30.0,1103.0,859.0,32.0
831,128.70588235294122,626.4705882352941,881.0588235294117,156.82352941176464,89.0,1444.4375,1105.25,115.0,102.75,1306.25,585.25,147.5,98.46153846153857,583.5384615384615,1190.5384615384614,161.46153846153845,155.0,940.5,911.5,144.0,127.75,770.75,421.5,184.0,118.0,759.5,892.3,153.0,111.0,1084.7777777777778,1375.2222222222222,143.0,107.0,519.4285714285714,1407.4285714285713,152.0,132.55555555555554,1011.3333333333334,835.6666666666666,196.66666666666663,30.0,1092.0,848.0,32.0
832,130.52941176470597,626.3529411764706,879.2941176470588,155.11764705882354,89.0,1439.75,1106.0,115.0,102.0,1296.0,588.0,140.0,97.15384615384619,580.8461538461538,1191.8461538461538,164.1538461538462,157.33333333333337,935.3333333333334,897.3333333333334,143.9999999999999,134.375,760.875,421.75,184.0,118.0,759.0,892.2,153.0,111.0,1082.3333333333333,1379.6666666666667,143.0,107.0,519.5714285714286,1409.5714285714287,152.0,133.44444444444446,1002.6666666666666,823.3333333333334,198.33333333333337,30.0,1075.0,836.3333333333334,32.0
833,132.3529411764706,626.2352941176471,877.5294117647059,153.41176470588232,89.0,1435.0625,1106.75,115.0,102.0,1283.5714285714287,588.1428571428571,142.85714285714266,95.84615384615381,578.1538461538462,1193.1538461538462,166.8461538461538,159.66666666666663,930.1666666666666,883.1666666666666,144.0000000000001,141.0,751.0,422.0,184.0,118.0,758.5,892.1,153.0,111.0,1079.888888888889,1384.111111111111,143.0,107.0,519.7142857142857,1411.7142857142858,152.0,134.33333333333337,994.0,811.0,200.0,30.0,1058.0,824.6666666666666,32.0
834,134.17647058823536,626.1176470588235,875.7647058823529,151.70588235294122,89.0,1430.375,1107.5,115.0,102.0,1271.142857142857,588.2857142857143,145.71428571428578,94.53846153846143,575.4615384615385,1194.4615384615386,169.53846153846155,162.0,925.0,869.0,144.0,147.75,745.75,422.5,177.25,118.0,758.0,892.0,153.0,111.0,1077.4444444444443,1388.5555555555557,143.0,107.0,519.8571428571429,1413.857142857143,152.0,135.22222222222229,985.3333333333334,798.6666666666666,201.66666666666663,30.0,1041.0,813.0,32.0
835,136.0,626.0,874.0,150.0,89.0,1425.6875,1108.25,115.0,102.0,1258.7142857142858,588.4285714285714,148.57142857142844,93.23076923076928,572.7692307692307,1195.7692307692307,172.23076923076928,158.5,919.75,860.5,144.0,154.5,740.5,423.0,170.5,118.0,755.7777777777778,891.2222222222222,153.0,111.0,1075.0,1393.0,143.0,107.0,520.0,1416.0,152.0,136.1111111111111,976.6666666666666,786.3333333333334,203.33333333333337,30.0,1021.6666666666666,809.0,32.000000000000114
836,137.60000000000002,625.4,871.8,149.0,89.0,1421.0,1109.0,115.0,102.0,1246.2857142857142,588.5714285714286,151.42857142857156,91.9230769230769,570.0769230769231,1197.076923076923,174.9230769230769,155.0,914.5,852.0,144.0,161.25,735.25,423.5,163.75,118.0,753.5555555555555,890.4444444444445,153.0,110.18181818181824,1069.2727272727273,1397.5454545454545,143.81818181818176,107.0,518.6153846153846,1415.3846153846155,153.0769230769231,137.0,968.0,774.0,205.0,30.0,1002.3333333333334,805.0,31.999999999999886
837,139.19999999999993,624.8,869.6,148.0,89.0,1417.5714285714287,1108.642857142857,115.0,102.0,1233.857142857143,588.7142857142857,154.28571428571422,90.61538461538453,567.3846153846154,1198.3846153846155,177.61538461538464,151.5,909.25,843.5,144.0,168.0,730.0,424.0,157.0,118.0,751.3333333333334,889.6666666666666,153.0,109.36363636363649,1063.5454545454545,1402.090909090909,144.63636363636374,107.0,517.2307692307693,1414.7692307692307,154.15384615384608,133.28571428571433,952.8571428571429,771.1428571428571,207.28571428571422,30.0,983.0,801.0,32.0
838,140.80000000000007,624.2,867.4,147.0,89.0,1414.142857142857,1108.2857142857142,115.0,102.0,1221.4285714285713,588.8571428571429,157.14285714285734,89.30769230769238,564.6923076923077,1199.6923076923076,180.30769230769226,148.0,904.0,835.0,144.0,154.5,722.0,437.5,150.0,118.0,749.1111111111111,888.8888888888889,153.0,108.5454545454545,1057.8181818181818,1406.6363636363637,145.4545454545455,107.0,515.8461538461538,1414.1538461538462,155.23076923076928,129.57142857142856,937.7142857142857,768.2857142857143,209.57142857142856,30.0,968.0,796.6666666666666,32.0
839,142.39999999999998,623.6,865.2,146.0,89.0,1410.7142857142858,1107.9285714285713,115.0,102.0,1209.0,589.0,160.0,88.0,562.0,1201.0,183.0,144.0,889.6,831.8,157.19999999999993,141.0,714.0,451.0,143.0,118.0,746.8888888888889,888.1111111111111,153.0,107.72727272727275,1052.090909090909,1411.1818181818182,146.27272727272725,107.0,514.4615384615385,1413.5384615384614,156.30769230769226,125.85714285714289,922.5714285714286,765.4285714285714,211.85714285714278,30.0,953.0,792.3333333333334,32.0
840,144.0,623.0,863.0,145.0,89.0,1407.2857142857142,1107.5714285714287,115.0,102.0,1197.75,591.75,155.0,88.0,559.8888888888889,1199.5555555555557,183.0,140.0,875.2,828.6,170.39999999999986,141.0,708.1428571428571,452.0,143.0,118.0,744.6666666666666,887.3333333333334,153.0,106.90909090909099,1046.3636363636363,1415.7272727272727,147.09090909090924,107.0,513.0769230769231,1412.923076923077,157.38461538461536,122.14285714285711,907.4285714285714,762.5714285714286,214.14285714285722,30.0,938.0,788.0,32.0
841,140.29999999999995,622.2,859.5,144.0,89.0,1403.857142857143,1107.2142857142858,115.0,102.0,1186.5,594.5,150.0,88.0,557.7777777777778,1198.111111111111,183.0,136.0,860.8,825.4,183.60000000000014,141.0,702.2857142857143,453.0,143.0,118.0,742.4444444444445,886.5555555555555,153.0,106.09090909090901,1040.6363636363637,1420.2727272727273,147.90909090909076,107.0,511.6923076923077,1412.3076923076924,158.4615384615385,118.42857142857144,892.2857142857142,759.7142857142857,216.42857142857156,30.0,926.3333333333334,780.6666666666666,32.0
842,136.60000000000002,621.4,856.0,143.0,89.0,1400.4285714285713,1106.857142857143,115.0,102.0,1175.25,597.25,145.0,88.0,555.6666666666666,1196.6666666666667,183.0,132.0,846.4,822.2,196.80000000000007,141.0,696.4285714285714,454.0,143.0,118.0,740.2222222222222,885.7777777777778,153.0,105.27272727272725,1034.909090909091,1424.8181818181818,148.72727272727275,107.0,510.3076923076923,1411.6923076923076,159.5384615384615,114.71428571428567,877.1428571428571,756.8571428571429,218.71428571428578,30.0,914.6666666666666,773.3333333333334,32.0
843,132.89999999999998,620.6,852.5,142.0,89.0,1397.0,1106.5,115.0,102.0,1164.0,600.0,140.0,88.0,553.5555555555555,1195.2222222222222,183.0,128.0,832.0,819.0,210.0,141.0,690.5714285714286,455.0,143.0,118.0,738.0,885.0,153.0,104.4545454545455,1029.1818181818182,1429.3636363636363,149.5454545454545,107.0,508.9230769230769,1411.076923076923,160.61538461538464,111.0,862.0,754.0,221.0,30.0,903.0,766.0,32.0
844,129.20000000000005,619.8,849.0,141.0,89.0,1393.5714285714287,1106.142857142857,115.0,102.0,1153.75,602.25,143.5,88.0,551.4444444444445,1193.7777777777778,183.0,124.0,823.25,820.75,208.0,141.0,684.7142857142857,456.0,143.0,119.70000000000005,733.8,881.9,155.4000000000001,103.63636363636351,1023.4545454545455,1433.909090909091,150.36363636363626,107.0,507.53846153846155,1410.4615384615386,161.69230769230774,107.33333333333326,847.0,751.3333333333334,215.66666666666674,30.0,889.3333333333334,761.0,32.0
845,125.5,619.0,845.5,140.0,89.0,1390.142857142857,1105.7857142857142,115.0,102.0,1143.5,604.5,147.0,88.0,549.3333333333334,1192.3333333333333,183.0,120.0,814.5,822.5,206.0,141.0,678.8571428571429,457.0,143.0,121.40000000000009,729.6,878.8,157.79999999999995,102.81818181818176,1017.7272727272727,1438.4545454545455,151.18181818181824,107.0,506.15384615384613,1409.8461538461538,162.76923076923077,103.66666666666674,832.0,748.6666666666666,210.33333333333326,30.0,875.6666666666666,756.0,32.0
846,121.79999999999995,618.2,842.0,139.0,89.0,1386.7142857142858,1105.4285714285713,115.0,102.0,1133.25,606.75,150.5,88.0,547.2222222222222,1190.888888888889,183.0,116.0,805.75,824.25,204.0,141.0,673.0,458.0,143.0,123.09999999999991,725.4,875.7,160.20000000000005,102.0,1012.0,1443.0,152.0,107.0,504.7692307692308,1409.2307692307693,163.84615384615387,100.0,817.0,746.0,205.0,30.0,862.0,751.0,32.0
847,118.10000000000002,617.4,838.5,138.0,89.0,1383.2857142857142,1105.0714285714287,115.0,102.0,1123.0,609.0,154.0,88.0,545.1111111111111,1189.4444444444443,183.0,112.0,797.0,826.0,202.0,138.22222222222229,669.5555555555555,454.1111111111111,141.1111111111111,124.79999999999995,721.2,872.6,162.5999999999999,102.0,1009.7777777777778,1444.5555555555557,152.0,107.0,503.38461538461536,1408.6153846153845,164.9230769230769,100.0,799.3333333333334,743.3333333333334,205.0,30.0,850.3333333333334,753.3333333333334,32.0
848,114.39999999999998,616.6,835.0,137.0,89.0,1379.857142857143,1104.7142857142858,115.0,102.0,1112.857142857143,611.1428571428571,152.0,88.0,543.0,1188.0,183.0,107.75,801.25,826.5,182.75,135.4444444444444,666.1111111111111,450.22222222222223,139.22222222222229,126.5,717.0,869.5,165.0,102.0,1007.5555555555555,1446.111111111111,152.0000000000001,107.0,502.0,1408.0,166.0,100.0,781.6666666666666,740.6666666666666,205.0,30.0,838.6666666666666,755.6666666666666,32.0
849,110.70000000000005,615.8,831.5,136.0,89.0,1376.4285714285713,1104.357142857143,115.0,102.0,1102.7142857142858,613.2857142857143,150.0,90.29999999999995,542.1,1183.7,179.79999999999995,103.5,805.5,827.0,163.5,132.66666666666669,662.6666666666666,446.3333333333333,137.33333333333337,128.20000000000005,712.8,866.4,167.4000000000001,102.0,1005.3333333333334,1447.6666666666667,151.9999999999999,107.0,498.5,1406.8333333333333,169.33333333333337,100.0,764.0,738.0,205.0,30.0,827.0,758.0,32.0
850,107.0,615.0,828.0,135.0,89.0,1373.0,1104.0,115.0,102.0,1092.5714285714287,615.4285714285714,148.0,92.59999999999991,541.2,1179.4,176.5999999999999,99.25,809.75,827.5,144.25,129.8888888888889,659.2222222222222,442.44444444444446,135.44444444444446,129.9000000000001,708.6,863.3,169.79999999999995,102.0,1003.1111111111111,1449.2222222222222,152.0,107.0,495.0,1405.6666666666667,172.66666666666663,100.0,750.0,738.3333333333334,205.0,30.0,810.6666666666666,760.0,32.0
851,103.0,613.0,826.0,134.0,89.0,1370.1666666666667,1102.75,115.0,102.0,1082.4285714285713,617.5714285714286,146.0,94.90000000000009,540.3,1175.1,173.4000000000001,95.0,814.0,828.0,125.0,127.11111111111109,655.7777777777778,438.55555555555554,133.55555555555554,131.5999999999999,704.4,860.2,172.20000000000005,102.0,1000.8888888888889,1450.7777777777778,152.0,107.0,491.5,1404.5,176.0,100.0,736.0,738.6666666666666,205.0,30.0,794.3333333333334,762.0,32.0
852,113.33333333333326,611.5,815.8333333333334,134.0,89.0,1367.3333333333333,1101.5,115.0,102.0,1072.2857142857142,619.7142857142857,144.0,97.20000000000005,539.4,1170.8,170.20000000000005,95.0,811.2222222222222,825.8888888888889,125.0,124.33333333333331,652.3333333333334,434.6666666666667,131.66666666666663,133.29999999999995,700.2,857.1,174.5999999999999,102.0,998.6666666666666,1452.3333333333333,152.0000000000001,107.0,488.0,1403.3333333333333,179.33333333333337,100.0,722.0,739.0,205.0,30.0,778.0,764.0,32.0
853,123.66666666666674,610.0,805.6666666666666,134.0,89.0,1364.5,1100.25,115.0,102.0,1062.142857142857,621.8571428571429,142.0,99.5,538.5,1166.5,167.0,95.0,808.4444444444445,823.7777777777778,125.0,121.5555555555556,648.8888888888889,430.77777777777777,129.77777777777771,135.0,696.0,854.0,177.0,102.0,996.4444444444445,1453.888888888889,151.9999999999999,107.0,484.5,1402.1666666666667,182.66666666666663,100.0,707.0,744.0,206.0,30.0,760.6666666666666,763.0,32.0
854,134.0,608.5,795.5,134.0,89.0,1361.6666666666667,1099.0,115.0,102.0,1052.0,624.0,140.0,101.79999999999995,537.6,1162.2,163.79999999999995,95.0,805.6666666666666,821.6666666666666,125.0,118.77777777777771,645.4444444444445,426.8888888888889,127.88888888888891,135.0,694.3,850.1,177.0,102.0,994.2222222222222,1455.4444444444443,152.0,107.0,481.0,1401.0,186.0,100.0,692.0,749.0,207.0,30.0,743.3333333333334,762.0,32.0
855,144.33333333333326,607.0,785.3333333333334,134.0,89.0,1358.8333333333333,1097.75,115.0,102.0,1041.4285714285713,626.5714285714286,141.57142857142867,104.09999999999991,536.7,1157.9,160.5999999999999,95.0,802.8888888888889,819.5555555555555,125.0,116.0,642.0,423.0,126.0,135.0,692.6,846.2,177.0,102.0,992.0,1457.0,152.0,107.0,476.625,1397.25,186.0,100.0,677.2,754.2,194.39999999999998,30.0,726.0,761.0,32.0
856,154.66666666666674,605.5,775.1666666666666,134.0,89.0,1356.0,1096.5,115.0,102.0,1030.857142857143,629.1428571428571,143.1428571428571,106.40000000000009,535.8,1153.6,157.4000000000001,95.0,800.1111111111111,817.4444444444445,125.0,117.875,641.5,418.875,124.75,135.0,690.9,842.3,177.0,102.0,986.375,1460.125,152.0,107.0,472.25,1393.5,186.0,100.0,662.4,759.4,181.80000000000007,30.0,704.3333333333334,765.0,32.0
857,165.0,604.0,765.0,134.0,89.0,1353.1666666666667,1095.25,115.0,102.0,1020.2857142857143,631.7142857142857,144.71428571428567,108.70000000000005,534.9,1149.3,154.20000000000005,95.0,797.3333333333334,815.3333333333334,125.0,119.75,641.0,414.75,123.5,135.0,689.2,838.4,177.0,102.0,980.75,1463.25,152.0,107.0,467.875,1389.75,186.0,100.0,647.6,764.6,169.19999999999993,30.0,682.6666666666666,769.0,32.0
858,160.33333333333337,590.0,768.0,147.33333333333337,89.0,1350.3333333333333,1094.0,115.0,102.0,1009.7142857142857,634.2857142857143,146.28571428571433,111.0,534.0,1145.0,151.0,95.0,794.5555555555555,813.2222222222222,125.0,121.625,640.5,410.625,122.25,135.0,687.5,834.5,177.0,102.0,975.125,1466.375,152.0,107.0,463.5,1386.0,186.0,100.0,632.8,769.8,156.60000000000002,30.0,661.0,773.0,32.0
859,155.66666666666663,576.0,771.0,160.66666666666663,89.0,1347.5,1092.75,115.0,102.0,999.1428571428571,636.8571428571429,147.8571428571429,109.5,532.7857142857143,1142.7142857142858,151.5,95.0,791.7777777777778,811.1111111111111,125.0,123.5,640.0,406.5,121.0,135.0,685.8,830.6,177.0,102.0,969.5,1469.5,152.0,107.0,459.125,1382.25,186.0,100.0,618.0,775.0,144.0,30.0,646.6666666666666,788.6666666666666,32.0
860,151.0,562.0,774.0,174.0,89.0,1344.6666666666667,1091.5,115.0,102.0,988.5714285714286,639.4285714285714,149.42857142857144,108.0,531.5714285714286,1140.4285714285713,152.0,95.0,789.0,809.0,125.0,125.375,639.5,402.375,119.75,135.0,684.1,826.7,177.0,102.0,963.875,1472.625,152.0,107.0,454.75,1378.5,186.0,100.0,599.5,776.0,159.5,30.0,632.3333333333334,804.3333333333334,32.0
861,139.0,549.0,782.5,188.0,89.0,1341.8333333333333,1090.25,115.0,102.0,978.0,642.0,151.0,106.5,530.3571428571429,1138.142857142857,152.5,95.0,788.0,811.0,125.0,127.25,639.0,398.25,118.5,135.0,682.4,822.8,177.0,102.0,958.25,1475.75,152.0,107.0,450.375,1374.75,186.0,100.0,581.0,777.0,175.0,30.0,618.0,820.0,32.0
862,127.0,536.0,791.0,202.0,89.0,1339.0,1089.0,115.0,102.0,969.1111111111111,643.0,152.55555555555566,105.0,529.1428571428571,1135.857142857143,153.0,95.4545454545455,788.4545454545455,811.0,125.81818181818176,129.125,638.5,394.125,117.25,135.0,680.7,818.9,177.0,102.0,952.625,1478.875,152.0,107.0,446.0,1371.0,186.0,100.0,579.0,788.0,163.0,30.0,601.3333333333334,833.0,32.0
863,115.0,520.5,806.0,215.5,89.0,1337.1666666666667,1088.8333333333333,115.0,102.0,960.2222222222222,644.0,154.1111111111111,103.5,527.9285714285714,1133.5714285714287,153.5,95.90909090909088,788.9090909090909,811.0,126.63636363636363,131.0,638.0,390.0,116.0,135.0,679.0,815.0,177.0,102.0,947.0,1482.0,152.0,107.0,445.875,1366.375,183.25,100.0,568.0,791.25,163.0,30.0,584.6666666666666,846.0,32.0
864,103.0,505.0,821.0,229.0,89.0,1335.3333333333333,1088.6666666666667,115.0,102.0,951.3333333333334,645.0,155.66666666666663,102.0,526.7142857142857,1131.2857142857142,154.0,96.36363636363637,789.3636363636364,811.0,127.4545454545455,126.625,637.5,385.625,116.0,135.0,678.8888888888889,812.3333333333334,177.0,101.13333333333321,944.5333333333333,1482.9333333333334,150.26666666666665,107.0,445.75,1361.75,180.5,100.0,557.0,794.5,163.0,30.0,568.0,859.0,32.0
865,103.0,499.6666666666667,826.3333333333334,235.99999999999994,89.0,1333.5,1088.5,115.0,102.0,942.4444444444445,646.0,157.22222222222229,100.5,525.5,1129.0,154.5,96.81818181818187,789.8181818181819,811.0,128.27272727272725,122.25,637.0,381.25,116.0,135.0,678.7777777777778,809.6666666666666,177.0,100.26666666666688,942.0666666666667,1483.8666666666666,148.5333333333332,107.0,445.625,1357.125,177.75,100.0,546.0,797.75,163.0,30.0,560.0,861.6666666666666,32.0
866,103.0,494.3333333333333,831.6666666666666,243.00000000000006,89.0,1331.6666666666667,1088.3333333333333,115.0,102.0,933.5555555555555,647.0,158.77777777777771,99.0,524.2857142857143,1126.7142857142858,155.0,97.27272727272725,790.2727272727273,811.0,129.09090909090912,117.875,636.5,376.875,116.0,135.0,678.6666666666666,807.0,177.0,99.40000000000009,939.6,1484.8,146.80000000000007,107.0,445.5,1352.5,175.0,100.0,535.0,801.0,163.0,30.0,552.0,864.3333333333334,32.0
867,103.0,489.0,837.0,250.0,89.0,1329.8333333333333,1088.1666666666667,115.0,102.0,924.6666666666666,648.0,160.33333333333337,97.5,523.0714285714286,1124.4285714285713,155.5,97.72727272727275,790.7272727272727,811.0,129.90909090909088,113.5,636.0,372.5,116.0,135.0,678.5555555555555,804.3333333333334,177.0,98.5333333333333,937.1333333333333,1485.7333333333333,145.06666666666672,107.0,445.375,1347.875,172.25,100.0,517.0,798.0,163.0,30.0,544.0,867.0,32.0
868,103.0,483.6666666666667,848.3333333333334,253.99999999999994,89.0,1328.0,1088.0,115.0,102.0,915.7777777777778,649.0,161.8888888888889,96.0,521.8571428571429,1122.142857142857,156.0,98.18181818181813,791.1818181818181,811.0,130.72727272727275,109.125,635.5,368.125,116.0,135.0,678.4444444444445,801.6666666666666,177.0,97.66666666666652,934.6666666666666,1486.6666666666667,143.33333333333337,107.0,445.25,1343.25,169.5,100.0,499.0,795.0,163.0,30.0,523.6666666666666,861.3333333333334,32.0
869,103.0,478.3333333333333,859.6666666666666,258.00000000000006,88.9333333333334,1327.1333333333334,1087.4666666666667,113.5333333333333,102.0,906.8888888888889,650.0,163.44444444444434,94.5,520.6428571428571,1119.857142857143,156.5,98.63636363636363,791.6363636363636,811.0,131.5454545454545,104.75,635.0,363.75,116.0,135.0,678.3333333333334,799.0,177.0,96.80000000000018,932.2,1487.6,141.5999999999999,107.0,445.125,1338.625,166.75,100.0,482.0,797.25,166.5,30.0,503.3333333333333,855.6666666666666,32.00000000000006
870,103.0,473.0,871.0,262.0,88.86666666666656,1326.2666666666667,1086.9333333333334,112.0666666666666,102.0,898.0,651.0,165.0,93.0,519.4285714285714,1117.5714285714287,157.0,99.09090909090912,792.0909090909091,811.0,132.36363636363637,100.375,634.5,359.375,116.0,135.0,678.2222222222222,796.3333333333334,177.0,95.9333333333334,929.7333333333333,1488.5333333333333,139.86666666666656,107.0,445.0,1334.0,164.0,100.0,465.0,799.5,170.0,30.0,483.0,850.0,32.0
871,103.0,469.0,875.0,259.0,88.79999999999995,1325.4,1086.4,110.59999999999991,102.0,890.9375,652.625,164.25,91.5,518.2142857142857,1115.2857142857142,157.5,99.5454545454545,792.5454545454545,811.0,133.18181818181824,96.0,634.0,355.0,116.0,135.0,678.1111111111111,793.6666666666666,177.0,95.0666666666666,927.2666666666667,1489.4666666666667,138.13333333333344,110.10000000000014,442.6,1323.3,162.89999999999998,100.0,448.0,801.75,173.5,30.0,468.3333333333333,844.0,32.0
872,103.0,465.0,879.0,256.0,88.73333333333335,1324.5333333333333,1085.8666666666666,109.13333333333344,102.0,883.875,654.25,163.5,90.0,517.0,1113.0,158.0,100.0,793.0,811.0,134.0,98.0,634.9,352.8,116.89999999999998,135.0,678.0,791.0,177.0,94.19999999999982,924.8,1490.4,136.4000000000001,113.20000000000005,440.2,1312.6,161.8,100.0,431.0,804.0,177.0,30.0,453.6666666666667,838.0,32.0
873,103.0,461.0,883.0,253.0,88.66666666666674,1323.6666666666667,1085.3333333333333,107.66666666666652,102.0,876.8125,655.875,162.75,90.0,514.75,1111.0,158.91666666666663,98.59999999999991,795.4,813.2,134.4666666666667,100.0,635.8,350.6,117.80000000000007,133.69999999999993,675.6,790.7,179.0,93.33333333333348,922.3333333333334,1491.3333333333333,134.66666666666663,116.29999999999995,437.8,1301.9,160.7,100.0,427.0,786.0,181.0,30.0,439.0,832.0,32.0
874,103.0,455.0,884.5,250.0,88.60000000000014,1322.8,1084.8,106.20000000000005,102.0,869.75,657.5,162.0,90.0,512.5,1109.0,159.83333333333337,97.20000000000005,797.8,815.4,134.9333333333334,102.0,636.7,348.4,118.69999999999993,132.39999999999998,673.2,790.4,181.0,92.4666666666667,919.8666666666667,1492.2666666666667,132.93333333333328,119.39999999999986,435.4,1291.2,159.60000000000002,100.0,420.8,786.4,180.99999999999994,30.0,430.3333333333333,827.0,32.0
875,103.0,449.0,886.0,247.0,88.5333333333333,1321.9333333333334,1084.2666666666667,104.73333333333335,102.0,862.6875,659.125,161.25,90.0,510.25,1107.0,160.75,95.79999999999995,800.2,817.6,135.39999999999998,104.0,637.6,346.2,119.60000000000002,131.10000000000002,670.8,790.1,183.0,91.59999999999991,917.4,1493.2,131.19999999999993,122.5,433.0,1280.5,158.5,100.0,414.6,786.8,181.0,30.0,421.6666666666667,822.0,32.0
876,103.0,443.0,887.5,244.0,88.4666666666667,1321.0666666666666,1083.7333333333333,103.26666666666665,102.0,855.625,660.75,160.5,90.0,508.0,1105.0,161.66666666666663,94.40000000000009,802.6,819.8,135.86666666666667,106.0,638.5,344.0,120.5,129.80000000000007,668.4,789.8,185.0,90.73333333333312,914.9333333333333,1494.1333333333334,129.4666666666668,125.60000000000014,430.6,1269.8,157.39999999999998,100.0,408.4,787.2,181.0,30.0,413.0,817.0,32.0
877,103.0,437.0,889.0,241.0,88.39999999999986,1320.2,1083.2,101.79999999999995,102.0,848.5625,662.375,159.75,90.0,505.75,1103.0,162.58333333333337,93.0,805.0,822.0,136.33333333333337,108.0,639.4,341.8,121.39999999999998,128.5,666.0,789.5,187.0,89.86666666666679,912.4666666666667,1495.0666666666666,127.73333333333335,128.70000000000005,428.2,1259.1,156.3,100.0,402.2,787.6,181.00000000000006,30.0,405.0,816.6666666666666,32.0
878,103.66666666666663,435.6666666666667,892.0,229.33333333333331,88.33333333333326,1319.3333333333333,1082.6666666666667,100.33333333333348,102.0,841.5,664.0,159.0,90.0,503.5,1101.0,163.5,91.59999999999991,807.4,824.2,136.80000000000007,110.0,640.3,339.6,122.30000000000007,127.19999999999993,663.6,789.2,189.0,89.0,910.0,1496.0,126.0,131.79999999999995,425.8,1248.4,155.2,100.0,396.0,788.0,181.0,30.0,397.0,816.3333333333334,32.0
879,104.33333333333337,434.3333333333333,895.0,217.66666666666669,88.26666666666665,1318.4666666666667,1082.1333333333334,98.86666666666656,102.0,834.4375,665.625,158.25,90.0,501.25,1099.0,164.41666666666663,90.20000000000005,809.8,826.4,137.26666666666677,112.0,641.2,337.4,123.19999999999993,125.89999999999998,661.2,788.9,191.0,89.86666666666656,908.4,1496.0,126.66666666666663,134.89999999999986,423.4,1237.7,154.10000000000002,100.0,389.4,787.4,181.0,30.0,389.0,816.0,32.0
880,105.0,433.0,898.0,206.0,88.20000000000005,1317.6,1081.6,97.40000000000009,102.0,827.375,667.25,157.5,90.0,499.0,1097.0,165.33333333333337,88.79999999999995,812.2,828.6,137.73333333333323,114.0,642.1,335.2,124.10000000000002,124.60000000000002,658.8,788.6,193.0,90.73333333333335,906.8,1496.0,127.33333333333348,138.0,421.0,1227.0,153.0,100.0,382.8,786.8,180.99999999999994,30.0,378.0,819.3333333333334,32.0
881,108.33333333333326,430.0,902.3333333333334,205.33333333333337,88.13333333333344,1316.7333333333333,1081.0666666666666,95.9333333333334,102.0,820.3125,668.875,156.75,90.0,496.75,1095.0,166.25,87.40000000000009,814.6,830.8,138.19999999999993,116.0,643.0,333.0,125.0,123.30000000000007,656.4,788.3,195.0,91.59999999999991,905.2,1496.0,128.0,134.375,419.75,1217.875,153.125,100.0,376.2,786.2,181.00000000000006,30.0,367.0,822.6666666666666,32.0
882,111.66666666666674,427.0,906.6666666666666,204.66666666666663,88.0666666666666,1315.8666666666666,1080.5333333333333,94.4666666666667,102.0,813.25,670.5,156.0,90.0,494.5,1093.0,167.16666666666663,86.0,817.0,833.0,138.66666666666663,114.10000000000002,644.5,330.4,127.89999999999998,122.0,654.0,788.0,197.0,92.4666666666667,903.6,1496.0,128.66666666666663,130.75,418.5,1208.75,153.25,100.0,369.6,785.6,181.0,30.0,356.0,826.0,32.0
883,115.0,424.0,911.0,204.0,88.0,1315.0,1080.0,93.0,102.0,806.1875,672.125,155.25,90.0,492.25,1091.0,168.08333333333337,84.59999999999991,819.4,835.2,139.13333333333333,112.19999999999999,646.0,327.8,130.79999999999995,120.5,648.8,789.6,195.80000000000007,93.33333333333326,902.0,1496.0,129.33333333333326,127.125,417.25,1199.625,153.375,100.0,363.0,785.0,181.0,30.0,344.6666666666667,833.3333333333334,32.0
884,118.33333333333326,422.6666666666667,915.0,203.33333333333331,87.88888888888891,1316.1666666666667,1079.4444444444443,92.83333333333326,102.0,799.125,673.75,154.5,90.0,490.0,1089.0,169.0,83.20000000000005,821.8,837.4,139.60000000000002,110.30000000000001,647.5,325.2,133.70000000000005,119.0,643.6,791.2,194.60000000000002,94.20000000000005,900.4,1496.0,130.0000000000001,123.5,416.0,1190.5,153.5,102.79999999999995,364.0,786.2,175.0,30.0,333.3333333333333,840.6666666666666,32.0
885,121.66666666666674,421.3333333333333,919.0,202.66666666666669,87.77777777777783,1317.3333333333333,1078.888888888889,92.66666666666674,102.0,792.0625,675.375,153.75,90.0,489.0833333333333,1088.0833333333333,169.00000000000006,81.79999999999995,824.2,839.6,140.0666666666666,108.39999999999998,649.0,322.6,136.60000000000002,117.5,638.4,792.8,193.39999999999998,95.0666666666666,898.8,1496.0,130.66666666666674,119.875,414.75,1181.375,153.625,105.60000000000002,365.0,787.4,169.0,30.0,322.0,848.0,32.0
886,125.0,420.0,923.0,202.0,87.66666666666674,1318.5,1078.3333333333333,92.5,102.0,785.0,677.0,153.0,90.0,488.1666666666667,1087.1666666666667,168.99999999999994,80.40000000000009,826.6,841.8,140.5333333333333,106.5,650.5,320.0,139.5,116.0,633.2,794.4,192.19999999999993,95.9333333333334,897.2,1496.0,131.33333333333326,116.25,413.5,1172.25,153.75,108.39999999999998,366.0,788.6,163.0,31.66666666666663,312.0,855.3333333333334,33.666666666666686
887,128.5,420.5,922.5,201.5,87.55555555555543,1319.6666666666667,1077.7777777777778,92.33333333333326,102.0,781.6,676.7333333333333,153.0,90.0,487.25,1086.25,169.0,79.0,829.0,844.0,141.0,104.60000000000002,652.0,317.4,142.39999999999998,114.5,628.0,796.0,191.0,96.79999999999995,895.6,1496.0,131.9999999999999,112.625,412.25,1163.125,153.875,111.20000000000005,367.0,789.8,157.0,33.33333333333337,302.0,862.6666666666666,35.333333333333314
888,132.0,421.0,922.0,201.0,87.44444444444457,1320.8333333333333,1077.2222222222222,92.16666666666674,102.0,778.2,676.4666666666667,153.0,90.0,486.3333333333333,1085.3333333333333,169.00000000000006,79.64285714285722,831.8571428571429,844.2142857142857,139.28571428571422,102.69999999999999,653.5,314.8,145.29999999999995,113.0,622.8,797.6,189.80000000000007,97.66666666666674,894.0,1496.0,132.66666666666674,109.0,411.0,1154.0,154.0,114.0,368.0,791.0,151.0,35.0,292.0,870.0,37.0
889,131.9999999999999,419.54545454545456,922.8181818181819,200.99999999999994,87.33333333333326,1322.0,1076.6666666666667,92.0,102.0,774.8,676.2,153.0,90.0,485.4166666666667,1084.4166666666667,168.99999999999994,80.28571428571422,834.7142857142857,844.4285714285714,137.57142857142867,100.80000000000001,655.0,312.2,148.20000000000005,111.5,617.6,799.2,188.60000000000002,98.5333333333333,892.4,1496.0,133.33333333333337,109.0,410.8888888888889,1147.3333333333333,154.0,116.66666666666674,371.0,788.1666666666666,145.66666666666663,35.0,285.6666666666667,879.0,37.0
890,132.0000000000001,418.09090909090907,923.6363636363636,201.00000000000006,87.22222222222217,1323.1666666666667,1076.111111111111,91.83333333333326,102.0,771.4,675.9333333333333,153.0,90.0,484.5,1083.5,169.0,80.92857142857144,837.5714285714286,844.6428571428571,135.8571428571429,98.89999999999998,656.5,309.6,151.10000000000002,110.0,612.4,800.8,187.39999999999998,99.40000000000009,890.8,1496.0,134.0,109.0,410.77777777777777,1140.6666666666667,154.00000000000006,119.33333333333326,374.0,785.3333333333334,140.33333333333337,35.0,279.3333333333333,888.0,37.0
891,132.0,416.6363636363636,924.4545454545455,201.0,87.11111111111109,1324.3333333333333,1075.5555555555557,91.66666666666674,102.0,768.0,675.6666666666666,153.0,90.0,483.5833333333333,1082.5833333333333,169.00000000000006,81.57142857142856,840.4285714285714,844.8571428571429,134.1428571428571,97.0,658.0,307.0,154.0,108.5,607.2,802.4,186.19999999999993,100.26666666666665,889.2,1496.0,134.66666666666663,109.0,410.6666666666667,1134.0,153.99999999999994,122.0,377.0,782.5,135.0,35.0,273.0,897.0,37.0
892,132.0,415.1818181818182,925.2727272727273,200.99999999999994,87.0,1325.5,1075.0,91.5,102.0,764.6,675.4,153.0,90.0,482.6666666666667,1081.6666666666667,168.99999999999994,82.21428571428578,843.2857142857143,845.0714285714286,132.42857142857133,97.0,661.5,306.3,152.5,107.0,602.0,804.0,185.0,101.13333333333344,887.6,1496.0,135.33333333333326,109.0,410.55555555555554,1127.3333333333333,154.0,124.66666666666674,380.0,779.6666666666666,129.66666666666669,35.0,268.6666666666667,906.6666666666666,37.0
893,131.9999999999999,413.72727272727275,926.0909090909091,201.0,86.88888888888891,1326.6666666666667,1074.4444444444443,91.33333333333326,102.0,761.2,675.1333333333333,153.0,90.0,481.75,1080.75,169.0,82.85714285714278,846.1428571428571,845.2857142857143,130.71428571428578,97.0,665.0,305.6,151.0,107.0,596.3333333333334,806.2222222222222,185.0,102.0,886.0,1496.0,136.0,109.0,410.44444444444446,1120.6666666666667,154.0,127.33333333333326,383.0,776.8333333333334,124.33333333333331,35.0,264.3333333333333,916.3333333333334,37.0
894,132.0000000000001,412.27272727272725,926.9090909090909,201.0,86.77777777777783,1327.8333333333333,1073.888888888889,91.16666666666674,102.0,757.8,674.8666666666667,153.0,90.0,480.8333333333333,1079.8333333333333,169.00000000000006,83.5,849.0,845.5,129.0,97.0,668.5,304.9,149.5,107.0,590.6666666666666,808.4444444444445,185.0,102.25,884.5,1496.0,133.875,109.0,410.3333333333333,1114.0,154.00000000000006,130.0,386.0,774.0,119.0,35.0,260.0,926.0,37.0
895,132.0,410.8181818181818,927.7272727272727,201.00000000000006,86.66666666666674,1329.0,1073.3333333333333,91.0,102.0,754.4,674.6,153.0,90.0,479.9166666666667,1078.9166666666667,168.99999999999994,84.14285714285722,851.8571428571429,845.7142857142857,127.28571428571422,97.0,672.0,304.2,148.0,107.0,585.0,810.6666666666666,185.0,102.5,883.0,1496.0,131.75,109.0,410.22222222222223,1107.3333333333333,153.99999999999994,127.85714285714278,383.7142857142857,765.8571428571429,121.71428571428572,35.0,259.6666666666667,935.6666666666666,37.0
896,132.0,409.3636363636364,928.5454545454545,201.0,86.55555555555543,1330.1666666666667,1072.7777777777778,90.83333333333326,102.0,751.0,674.3333333333334,153.0,90.0,479.0,1078.0,169.0,84.78571428571422,854.7142857142857,845.9285714285714,125.57142857142867,97.0,675.5,303.5,146.5,107.0,579.3333333333334,812.8888888888889,185.0,102.75,881.5,1496.0,129.625,109.0,410.1111111111111,1100.6666666666667,154.0,125.71428571428578,381.42857142857144,757.7142857142857,124.42857142857139,35.0,259.3333333333333,945.3333333333334,37.0
897,131.9999999999999,407.90909090909093,929.3636363636364,200.99999999999994,86.44444444444457,1331.3333333333333,1072.2222222222222,90.66666666666674,102.0,747.6,674.0666666666667,153.0,90.0,480.8,1077.2,165.8,85.42857142857144,857.5714285714286,846.1428571428571,123.85714285714289,97.0,679.0,302.8,145.0,107.0,573.6666666666666,815.1111111111111,185.0,103.0,880.0,1496.0,127.5,109.0,410.0,1094.0,154.0,123.57142857142856,379.14285714285717,749.5714285714286,127.14285714285711,35.0,259.0,955.0,37.0
898,132.0000000000001,406.45454545454544,930.1818181818181,201.00000000000006,86.33333333333326,1332.5,1071.6666666666667,90.5,102.0,744.2,673.8,153.0,90.0,482.6,1076.4,162.60000000000002,86.07142857142856,860.4285714285714,846.3571428571429,122.14285714285711,97.0,682.5,302.1,143.5,107.0,568.0,817.3333333333334,185.0,103.25,878.5,1496.0,125.375,108.25,411.25,1090.75,153.75,121.42857142857144,376.85714285714283,741.4285714285714,129.8571428571429,35.0,261.3333333333333,965.0,37.0
899,132.0,405.0,931.0,201.0,86.22222222222217,1333.6666666666667,1071.111111111111,90.33333333333326,102.0,740.8,673.5333333333333,153.0,90.0,484.4,1075.6,159.39999999999998,86.71428571428578,863.2857142857143,846.5714285714286,120.42857142857133,97.0,686.0,301.4,142.0,107.0,562.3333333333334,819.5555555555555,185.0,103.5,877.0,1496.0,123.25,107.5,412.5,1087.5,153.5,119.28571428571422,374.57142857142856,733.2857142857143,132.5714285714286,35.0,263.6666666666667,975.0,37.0
900,128.0,405.0,935.0,199.5,86.11111111111109,1334.8333333333333,1070.5555555555557,90.16666666666674,102.0,737.4,673.2666666666667,153.0,90.0,486.2,1074.8,156.2,87.35714285714278,866.1428571428571,846.7857142857143,118.71428571428578,97.0,689.5,300.7,140.5,107.0,556.6666666666666,821.7777777777778,185.0,103.75,875.5,1496.0,121.125,106.75,413.75,1084.25,153.25,117.14285714285722,372.2857142857143,725.1428571428571,135.28571428571428,35.0,266.0,985.0,37.0
901,124.0,405.0,939.0,198.0,86.0,1336.0,1070.0,90.0,102.0,734.0,673.0,153.0,90.0,488.0,1074.0,153.0,88.0,869.0,847.0,117.0,97.0,693.0,300.0,139.0,107.0,551.0,824.0,185.0,104.0,874.0,1496.0,119.0,106.0,415.0,1081.0,153.0,115.0,370.0,717.0,138.0,35.0,271.0,998.0,37.0
