TeamID,0,0,0,0,0,0,0,0,0,0,0,0,0,0,0,0,0,0,0,0,1,1,1,1,1,1,1,1,1,1,1,1,1,1,1,1,1,1,1,1,BALL,BALL,BALL,BALL
PlayerID,1,1,1,1,2,2,2,2,3,3,3,3,4,4,4,4,5,5,5,5,0,0,0,0,1,1,1,1,2,2,2,2,3,3,3,3,4,4,4,4,BALL,BALL,BALL,BALL
Attributes,bb_height,bb_left,bb_top,bb_width,bb_height,bb_left,bb_top,bb_width,bb_height,bb_left,bb_top,bb_width,bb_height,bb_left,bb_top,bb_width,bb_height,bb_left,bb_top,bb_width,bb_height,bb_left,bb_top,bb_width,bb_height,bb_left,bb_top,bb_width,bb_height,bb_left,bb_top,bb_width,bb_height,bb_left,bb_top,bb_width,bb_height,bb_left,bb_top,bb_width,bb_height,bb_left,bb_top,bb_width
frame,,,,,,,,,,,,,,,,,,,,,,,,,,,,,,,,,,,,,,,,,,,,
1,82.0,526.0,967.0,158.0,86.0,918.0,1142.0,144.0,80.0,450.0,883.0,176.0,104.0,703.0,1782.0,153.0,96.0,664.0,1172.0,147.0,84.0,1195.0,772.0,132.0,75.0,678.0,814.0,190.0,84.0,828.0,1886.0,144.0,104.0,938.0,411.0,131.0,92.0,1230.0,1548.0,106.0,38.0,356.0,1113.0,42.0
2,82.0,525.421052631579,967.0,158.57894736842104,85.75,913.875,1143.5625,144.625,80.0,450.57894736842104,882.8421052631579,176.0,104.15789473684208,703.1578947368421,1780.8947368421052,151.78947368421052,96.0,660.7272727272727,1174.0,147.81818181818176,84.1875,1198.4375,772.5,131.5625,75.44444444444446,679.7777777777778,815.1111111111111,190.22222222222217,85.85714285714289,828.1428571428571,1884.7142857142858,144.0,103.36842105263156,939.8421052631579,411.57894736842104,129.31578947368416,92.28571428571445,1229.4285714285713,1548.2857142857142,106.14285714285734,38.0,356.0,1115.0,42.0
3,82.0,524.8421052631579,967.0,159.15789473684208,85.5,909.75,1145.125,145.25,80.0,451.1578947368421,882.6842105263158,176.0,104.31578947368416,703.3157894736842,1779.7894736842106,150.57894736842115,96.0,657.4545454545455,1176.0,148.63636363636363,84.375,1201.875,773.0,131.125,75.88888888888891,681.5555555555555,816.2222222222222,190.44444444444446,87.71428571428578,828.2857142857143,1883.4285714285713,144.0,102.73684210526324,941.6842105263158,412.1578947368421,127.63157894736833,92.57142857142844,1228.857142857143,1548.5714285714287,106.28571428571422,38.0,367.0,1119.6666666666667,42.0
4,82.0,524.2631578947369,967.0,159.73684210526312,85.25,905.625,1146.6875,145.875,80.0,451.7368421052632,882.5263157894736,175.99999999999994,104.47368421052624,703.4736842105264,1778.6842105263158,149.36842105263156,96.0,654.1818181818181,1178.0,149.4545454545455,84.5625,1205.3125,773.5,130.6875,76.33333333333326,683.3333333333334,817.3333333333334,190.66666666666663,89.57142857142867,828.4285714285714,1882.142857142857,144.0,102.10526315789474,943.5263157894736,412.7368421052632,125.9473684210526,92.85714285714289,1228.2857142857142,1548.857142857143,106.42857142857156,38.0,378.0,1124.3333333333333,42.0
5,82.0,523.6842105263158,967.0,160.31578947368416,85.0,901.5,1148.25,146.5,80.0,452.3157894736842,882.3684210526316,175.99999999999994,104.63157894736833,703.6315789473684,1777.578947368421,148.15789473684208,96.0,650.9090909090909,1180.0,150.27272727272725,84.75,1208.75,774.0,130.25,76.77777777777771,685.1111111111111,818.4444444444445,190.8888888888889,91.42857142857133,828.5714285714286,1880.857142857143,144.0,101.4736842105263,945.3684210526316,413.3157894736842,124.26315789473676,93.14285714285711,1227.7142857142858,1549.142857142857,106.57142857142844,38.0,389.0,1129.0,42.0
6,82.0,523.1052631578947,967.0,160.89473684210532,84.75,897.375,1149.8125,147.125,80.0,452.89473684210526,882.2105263157895,176.00000000000006,104.78947368421063,703.7894736842105,1776.4736842105262,146.9473684210526,96.0,647.6363636363636,1182.0,151.09090909090912,84.9375,1212.1875,774.5,129.8125,77.22222222222229,686.8888888888889,819.5555555555555,191.1111111111111,93.28571428571422,828.7142857142857,1879.5714285714287,144.0,100.84210526315786,947.2105263157895,413.89473684210526,122.57894736842115,93.42857142857156,1227.142857142857,1549.4285714285713,106.71428571428578,38.0,401.8,1133.6,42.0
7,82.0,522.5263157894736,967.0,161.47368421052636,84.5,893.25,1151.375,147.75,80.0,453.4736842105263,882.0526315789474,176.00000000000006,104.94736842105249,703.9473684210526,1775.3684210526317,145.73684210526324,96.0,644.3636363636364,1184.0,151.90909090909088,85.125,1215.625,775.0,129.375,77.66666666666674,688.6666666666666,820.6666666666666,191.33333333333337,95.14285714285711,828.8571428571429,1878.2857142857142,144.0,100.21052631578954,949.0526315789474,414.4736842105263,120.89473684210532,93.71428571428555,1226.5714285714287,1549.7142857142858,106.85714285714266,38.0,414.6,1138.2,42.0
8,82.0,521.9473684210526,967.0,162.0526315789474,84.25,889.125,1152.9375,148.375,80.0,454.05263157894734,881.8947368421053,176.00000000000006,105.1052631578948,704.1052631578947,1774.2631578947369,144.52631578947376,96.0,641.0909090909091,1186.0,152.72727272727275,85.3125,1219.0625,775.5,128.9375,78.11111111111109,690.4444444444445,821.7777777777778,191.55555555555554,97.0,829.0,1877.0,144.0,99.5789473684211,950.8947368421053,415.05263157894734,119.21052631578948,94.0,1226.0,1550.0,107.0,38.0,427.4,1142.8,42.0
9,82.0,521.3684210526316,967.0,162.63157894736844,84.0,885.0,1154.5,149.0,80.0,454.63157894736844,881.7368421052631,176.0,105.26315789473688,704.2631578947369,1773.157894736842,143.31578947368416,96.0,637.8181818181819,1188.0,153.5454545454545,85.5,1222.5,776.0,128.5,78.55555555555554,692.2222222222222,822.8888888888889,191.77777777777783,98.66666666666674,832.8333333333334,1875.0,144.16666666666663,98.9473684210526,952.7368421052631,415.63157894736844,117.52631578947376,96.42857142857133,1228.5714285714287,1548.5714285714287,106.14285714285711,38.0,440.2,1147.4,42.0
10,82.0,520.7894736842105,967.0,163.21052631578948,83.75,880.875,1156.0625,149.625,80.0,455.2105263157895,881.578947368421,176.0,105.42105263157896,704.421052631579,1772.0526315789473,142.10526315789468,96.0,634.5454545454545,1190.0,154.36363636363637,85.6875,1225.9375,776.5,128.0625,79.0,694.0,824.0,192.0,100.33333333333326,836.6666666666666,1873.0,144.33333333333337,98.31578947368416,954.578947368421,416.2105263157895,115.84210526315792,98.85714285714289,1231.142857142857,1547.142857142857,105.28571428571422,38.0,453.0,1152.0,42.0
11,82.0,520.2105263157895,967.0,163.78947368421052,83.5,876.75,1157.625,150.25,80.0,455.7894736842105,881.421052631579,176.0,105.57894736842104,704.578947368421,1770.9473684210527,140.89473684210532,96.0,631.2727272727273,1192.0,155.18181818181824,85.875,1229.375,777.0,127.625,80.69999999999993,697.4,823.1,187.80000000000007,102.0,840.5,1871.0,144.5,97.68421052631584,956.421052631579,416.7894736842105,114.15789473684208,101.28571428571422,1233.7142857142858,1545.7142857142858,104.42857142857133,37.59999999999991,468.8,1156.2,41.39999999999998
12,82.0,519.6315789473684,967.0,164.36842105263156,83.25,872.625,1159.1875,150.875,80.0,456.36842105263156,881.2631578947369,176.0,105.73684210526312,704.7368421052631,1769.842105263158,139.68421052631584,96.0,628.0,1194.0,156.0,86.0625,1232.8125,777.5,127.1875,82.39999999999998,700.8,822.2,183.60000000000002,103.66666666666674,844.3333333333334,1869.0,144.66666666666663,97.0526315789474,958.2631578947369,417.36842105263156,112.47368421052624,103.71428571428578,1236.2857142857142,1544.2857142857142,103.57142857142867,37.19999999999982,484.6,1160.4,40.799999999999955
13,82.0,519.0526315789474,967.0,164.9473684210526,83.0,868.5,1160.75,151.5,80.0,456.94736842105266,881.1052631578947,175.99999999999994,105.8947368421052,704.8947368421053,1768.7368421052631,138.47368421052624,96.0,622.875,1196.625,157.375,86.25,1236.25,778.0,126.75,84.10000000000002,704.2,821.3,179.39999999999998,105.33333333333326,848.1666666666666,1867.0,144.83333333333337,96.4210526315789,960.1052631578947,417.94736842105266,110.78947368421052,106.14285714285711,1238.857142857143,1542.857142857143,102.71428571428578,36.80000000000018,500.4,1164.6,40.200000000000045
14,82.0,518.4736842105264,967.0,165.52631578947364,82.75,864.375,1162.3125,152.125,80.0,457.5263157894737,880.9473684210526,175.99999999999994,106.05263157894751,705.0526315789474,1767.6315789473683,137.26315789473676,96.0,617.75,1199.25,158.75,86.4375,1239.6875,778.5,126.3125,85.80000000000007,707.6,820.4,175.19999999999993,107.0,852.0,1865.0,145.0,95.78947368421046,961.9473684210526,418.5263157894737,109.10526315789468,108.57142857142867,1241.4285714285713,1541.4285714285713,101.85714285714289,36.40000000000009,516.2,1168.8,39.59999999999991
15,82.0,517.8947368421053,967.0,166.10526315789468,82.5,860.25,1163.875,152.75,80.0,458.10526315789474,880.7894736842105,175.99999999999994,106.21052631578937,705.2105263157895,1766.5263157894738,136.0526315789474,96.0,612.625,1201.875,160.125,86.625,1243.125,779.0,125.875,87.5,711.0,819.5,171.0,108.66666666666674,853.5,1861.3333333333333,145.0,95.15789473684214,963.7894736842105,419.10526315789474,107.42105263157885,111.0,1244.0,1540.0,101.0,36.0,532.0,1173.0,39.0
16,82.0,517.3157894736842,967.0,166.68421052631584,82.25,856.125,1165.4375,153.375,80.0,458.6842105263158,880.6315789473684,176.00000000000006,106.36842105263167,705.3684210526316,1765.421052631579,134.84210526315792,96.0,607.5,1204.5,161.5,86.8125,1246.5625,779.5,125.4375,89.19999999999993,714.4,818.6,166.80000000000007,110.33333333333326,855.0,1857.6666666666667,145.0,94.5263157894737,965.6315789473684,419.6842105263158,105.73684210526324,108.39999999999986,1246.0,1540.4,102.59999999999991,35.0,552.0,1178.0,38.0
17,82.0,516.7368421052631,967.0,167.26315789473688,82.0,852.0,1167.0,154.0,80.0,459.2631578947368,880.4736842105264,176.00000000000006,106.52631578947376,705.5263157894736,1764.3157894736842,133.63157894736844,96.0,602.375,1207.125,162.875,87.0,1250.0,780.0,125.0,90.89999999999998,717.8,817.7,162.60000000000002,112.0,856.5,1854.0,145.0,93.89473684210526,967.4736842105264,420.2631578947368,104.0526315789474,105.79999999999995,1248.0,1540.8,104.20000000000005,35.0,547.5,1180.75,37.75
18,82.0,516.1578947368421,967.0,167.84210526315792,81.66666666666652,848.0,1168.6666666666667,150.66666666666663,80.0,459.8421052631579,880.3157894736842,176.0,106.68421052631584,705.6842105263158,1763.2105263157894,132.42105263157885,96.0,597.25,1209.75,164.25,86.0,1254.6666666666667,781.0,127.33333333333326,92.60000000000002,721.2,816.8,158.39999999999998,113.66666666666674,858.0,1850.3333333333333,145.0,93.26315789473676,969.3157894736842,420.8421052631579,102.36842105263167,103.20000000000005,1250.0,1541.2,105.79999999999995,35.0,543.0,1183.5,37.5
19,82.0,515.578947368421,967.0,168.42105263157896,81.33333333333348,844.0,1170.3333333333333,147.33333333333337,80.0,460.42105263157896,880.1578947368421,176.0,106.84210526315792,705.8421052631579,1762.1052631578948,131.21052631578948,96.0,592.125,1212.375,165.625,85.0,1259.3333333333333,782.0,129.66666666666674,94.30000000000007,724.6,815.9,154.19999999999993,115.33333333333326,859.5,1846.6666666666667,145.0,92.63157894736844,971.1578947368421,421.42105263157896,100.68421052631584,100.60000000000014,1252.0,1541.6,107.40000000000009,35.0,538.5,1186.25,37.25
20,82.0,515.0,967.0,169.0,81.0,840.0,1172.0,144.0,80.0,461.0,880.0,176.0,107.0,706.0,1761.0,130.0,96.0,587.0,1215.0,167.0,84.0,1264.0,783.0,132.0,96.0,728.0,815.0,150.0,117.0,861.0,1843.0,145.0,92.0,973.0,422.0,99.0,98.0,1254.0,1542.0,109.0,35.0,534.0,1189.0,37.0
21,82.00000000000011,513.5714285714286,967.7142857142857,170.57142857142856,81.75,836.5833333333334,1173.5,144.58333333333326,81.81818181818187,464.0,878.1818181818181,173.4545454545455,106.22222222222217,708.4444444444445,1761.2222222222222,132.8888888888889,97.0,574.0,1216.5,181.5,84.39999999999998,1268.6,785.4,131.30000000000018,99.0,732.0,816.3333333333334,150.0,118.20000000000005,865.7,1839.0,143.79999999999995,95.5,978.5,423.0,97.0,99.60000000000014,1254.2,1541.6,111.20000000000005,34.799999999999955,531.0,1192.0,36.799999999999955
22,81.99999999999989,512.1428571428571,968.4285714285714,172.14285714285722,82.5,833.1666666666666,1175.0,145.16666666666674,83.63636363636363,467.0,876.3636363636364,170.90909090909088,105.44444444444457,710.8888888888889,1761.4444444444443,135.77777777777771,98.0,561.0,1218.0,196.0,84.80000000000007,1273.2,787.8,130.5999999999999,102.0,736.0,817.6666666666666,150.0,119.40000000000009,870.4,1835.0,142.60000000000002,99.0,984.0,424.0,95.0,101.20000000000005,1254.4,1541.2,113.39999999999986,34.59999999999991,528.0,1195.0,36.60000000000002
23,82.0,510.7142857142857,969.1428571428571,173.71428571428572,83.25,829.75,1176.5,145.75,85.4545454545455,470.0,874.5454545454545,168.36363636363637,104.66666666666652,713.3333333333334,1761.6666666666667,138.66666666666663,100.33333333333326,552.6666666666666,1218.0,203.66666666666674,85.19999999999993,1277.8,790.2,129.9000000000001,105.0,740.0,819.0,150.0,120.59999999999991,875.1,1831.0,141.39999999999998,100.39999999999998,989.4,426.0,99.80000000000007,102.79999999999995,1254.6,1540.8,115.60000000000014,34.40000000000009,525.0,1198.0,36.39999999999998
24,82.0,509.2857142857143,969.8571428571429,175.28571428571428,84.0,826.3333333333334,1178.0,146.33333333333326,87.27272727272725,473.0,872.7272727272727,165.81818181818187,103.88888888888891,715.7777777777778,1761.888888888889,141.55555555555554,102.66666666666674,544.3333333333334,1218.0,211.33333333333326,85.60000000000002,1282.4,792.6,129.19999999999982,104.75,744.0,820.25,154.75,121.79999999999995,879.8,1827.0,140.20000000000005,101.79999999999995,994.8,428.0,104.60000000000014,104.39999999999986,1254.8,1540.4,117.79999999999995,34.200000000000045,522.0,1201.0,36.200000000000045
25,82.00000000000011,507.85714285714283,970.5714285714286,176.85714285714283,84.75,822.9166666666666,1179.5,146.91666666666674,89.09090909090912,476.0,870.9090909090909,163.27272727272725,103.11111111111109,718.2222222222222,1762.111111111111,144.44444444444446,105.0,536.0,1218.0,219.0,86.0,1287.0,795.0,128.5,104.5,748.0,821.5,159.5,123.0,884.5,1823.0,139.0,103.20000000000005,1000.2,430.0,109.39999999999986,106.0,1255.0,1540.0,120.0,34.0,519.0,1204.0,36.0
26,81.99999999999989,506.42857142857144,971.2857142857143,178.42857142857144,85.5,819.5,1181.0,147.5,90.90909090909088,479.0,869.0909090909091,160.72727272727275,102.33333333333348,720.6666666666666,1762.3333333333333,147.33333333333337,106.75,532.75,1217.25,219.0,86.39999999999998,1291.6,797.4,127.80000000000018,104.25,752.0,822.75,164.25,124.20000000000005,889.2,1819.0,137.79999999999995,104.60000000000002,1005.6,432.0,114.19999999999993,106.0,1257.875,1539.25,121.75,33.799999999999955,517.6,1206.0,35.799999999999955
27,82.0,505.0,972.0,180.0,86.25,816.0833333333334,1182.5,148.08333333333326,92.72727272727275,482.0,867.2727272727273,158.18181818181813,101.55555555555543,723.1111111111111,1762.5555555555557,150.22222222222229,108.5,529.5,1216.5,219.0,86.80000000000007,1296.2,799.8,127.09999999999991,104.0,756.0,824.0,169.0,125.40000000000009,893.9,1815.0,136.60000000000002,106.0,1011.0,434.0,119.0,106.0,1260.75,1538.5,123.5,33.59999999999991,516.2,1208.0,35.59999999999991
28,81.99999999999989,506.84615384615387,972.6153846153846,178.38461538461542,87.0,812.6666666666666,1184.0,148.66666666666674,94.5454545454545,485.0,865.4545454545455,155.63636363636363,100.77777777777783,725.5555555555555,1762.7777777777778,153.1111111111111,110.25,526.25,1215.75,219.0,87.19999999999993,1300.8,802.2,126.40000000000009,106.66666666666663,762.3333333333334,823.3333333333334,164.5,126.59999999999991,898.6,1811.0,135.39999999999998,106.0769230769231,1016.7692307692307,435.0,119.9230769230769,106.0,1263.625,1537.75,125.25,33.40000000000009,514.8,1210.0,35.40000000000009
29,82.0,508.6923076923077,973.2307692307693,176.76923076923077,87.75,809.25,1185.5,149.25,96.36363636363637,488.0,863.6363636363636,153.09090909090912,100.0,728.0,1763.0,156.0,112.0,523.0,1215.0,219.0,87.60000000000002,1305.4,804.6,125.69999999999982,109.33333333333337,768.6666666666666,822.6666666666666,160.0,127.79999999999995,903.3,1807.0,134.20000000000005,106.15384615384619,1022.5384615384615,436.0,120.84615384615392,106.0,1266.5,1537.0,127.0,33.200000000000045,513.4,1212.0,35.200000000000045
30,82.0,510.53846153846155,973.8461538461538,175.1538461538462,88.5,805.8333333333334,1187.0,149.83333333333326,98.18181818181813,491.0,861.8181818181819,150.5454545454545,100.27272727272725,732.0909090909091,1763.090909090909,153.63636363636363,111.0,520.9090909090909,1218.6363636363637,216.63636363636363,88.0,1310.0,807.0,125.0,112.0,775.0,822.0,155.5,129.0,908.0,1803.0,133.0,106.23076923076928,1028.3076923076924,437.0,121.76923076923072,106.0,1269.375,1536.25,128.75,33.0,512.0,1214.0,35.0
31,82.00000000000011,512.3846153846154,974.4615384615385,173.53846153846155,89.25,802.4166666666666,1188.5,150.41666666666674,100.0,494.0,860.0,148.0,100.5454545454545,736.1818181818181,1763.1818181818182,151.27272727272737,110.0,518.8181818181819,1222.2727272727273,214.27272727272725,88.39999999999998,1314.6,809.4,124.30000000000018,114.66666666666663,781.3333333333334,821.3333333333334,151.0,127.40000000000009,911.8,1802.3,131.79999999999995,106.30769230769226,1034.076923076923,438.0,122.69230769230762,106.0,1272.25,1535.5,130.5,33.0,510.6,1217.4,34.799999999999955
32,82.0,514.2307692307693,975.0769230769231,171.9230769230769,90.0,799.0,1190.0,151.0,99.20000000000005,498.4,858.8,153.0,100.81818181818176,740.2727272727273,1763.2727272727273,148.90909090909088,109.0,516.7272727272727,1225.909090909091,211.90909090909088,88.80000000000007,1319.2,811.8,123.59999999999991,117.33333333333337,787.6666666666666,820.6666666666666,146.5,125.80000000000018,915.6,1801.6,130.60000000000002,106.38461538461536,1039.8461538461538,439.0,123.61538461538476,106.0,1275.125,1534.75,132.25,33.0,509.2,1220.8,34.599999999999966
33,81.99999999999989,516.0769230769231,975.6923076923077,170.30769230769226,90.5,796.5,1190.5,150.0,98.39999999999998,502.8,857.6,157.99999999999994,101.09090909090924,744.3636363636364,1763.3636363636363,146.5454545454545,108.0,514.6363636363636,1229.5454545454545,209.5454545454545,89.19999999999993,1323.8,814.2,122.90000000000009,120.0,794.0,820.0,142.0,124.19999999999982,919.4,1800.9,129.39999999999998,106.46153846153845,1045.6153846153845,440.0,124.53846153846166,106.0,1278.0,1534.0,134.0,33.0,507.8,1224.2,34.400000000000034
34,82.00000000000011,517.9230769230769,976.3076923076923,168.69230769230774,91.0,794.0,1191.0,149.0,97.60000000000002,507.2,856.4,163.00000000000006,101.36363636363626,748.4545454545455,1763.4545454545455,144.18181818181813,107.0,512.5454545454545,1233.1818181818182,207.18181818181824,89.60000000000002,1328.4,816.6,122.19999999999982,118.14285714285711,800.5714285714286,821.5714285714286,141.28571428571433,122.59999999999991,923.2,1800.2,128.20000000000005,106.53846153846155,1051.3846153846155,441.0,125.46153846153834,102.0,1284.25,1533.25,135.25,33.0,506.4,1227.6,34.200000000000045
35,82.0,519.7692307692307,976.9230769230769,167.0769230769231,89.83333333333326,790.1666666666666,1193.5,146.83333333333337,96.79999999999995,511.6,855.2,168.0,101.63636363636374,752.5454545454545,1763.5454545454545,141.81818181818187,106.0,510.45454545454544,1236.8181818181818,204.8181818181818,90.0,1333.0,819.0,121.5,116.28571428571433,807.1428571428571,823.1428571428571,140.57142857142856,121.0,927.0,1799.5,127.0,106.61538461538464,1057.1538461538462,442.0,126.38461538461524,98.0,1290.5,1532.5,136.5,33.0,505.0,1231.0,34.0
36,81.99999999999989,521.6153846153846,977.5384615384615,165.46153846153845,88.66666666666674,786.3333333333334,1196.0,144.66666666666663,96.0,516.0,854.0,173.0,101.90909090909076,756.6363636363636,1763.6363636363637,139.4545454545455,105.0,508.3636363636364,1240.4545454545455,202.4545454545455,90.39999999999998,1337.6,821.4,120.80000000000018,114.42857142857144,813.7142857142857,824.7142857142857,139.8571428571429,119.40000000000009,930.8,1798.8,125.79999999999995,106.69230769230774,1062.923076923077,443.0,127.30769230769238,94.0,1296.75,1531.75,137.75,32.5,505.0,1233.5,34.0
37,82.0,523.4615384615385,978.1538461538462,163.8461538461538,87.5,782.5,1198.5,142.5,95.25,520.25,852.75,173.75,102.18181818181824,760.7272727272727,1763.7272727272727,137.09090909090912,104.0,506.27272727272725,1244.090909090909,200.09090909090912,90.80000000000007,1342.2,823.8,120.09999999999991,112.57142857142856,820.2857142857143,826.2857142857143,139.1428571428571,117.80000000000018,934.6,1798.1,124.60000000000002,106.76923076923072,1068.6923076923076,444.0,128.23076923076928,90.0,1303.0,1531.0,139.0,32.0,505.0,1236.0,34.0
38,82.0,525.3076923076923,978.7692307692307,162.23076923076928,86.33333333333326,778.6666666666666,1201.0,140.33333333333337,94.5,524.5,851.5,174.5,102.4545454545455,764.8181818181819,1763.8181818181818,134.72727272727263,103.0,504.1818181818182,1247.7272727272727,197.7272727272727,91.19999999999993,1346.8,826.2,119.40000000000009,110.71428571428567,826.8571428571429,827.8571428571429,138.42857142857144,116.19999999999982,938.4,1797.4,123.39999999999998,106.84615384615381,1074.4615384615386,445.0,129.15384615384596,86.33333333333326,1309.3333333333333,1530.0,133.33333333333348,32.0,509.6666666666667,1239.3333333333333,33.99999999999994
39,82.00000000000011,527.1538461538462,979.3846153846154,160.61538461538453,85.16666666666674,774.8333333333334,1203.5,138.16666666666663,93.75,528.75,850.25,175.25,102.72727272727275,768.9090909090909,1763.909090909091,132.36363636363637,102.0,502.09090909090907,1251.3636363636363,195.36363636363643,91.60000000000002,1351.4,828.6,118.69999999999982,108.85714285714289,833.4285714285714,829.4285714285714,137.71428571428567,114.59999999999991,942.2,1796.7,122.20000000000005,106.9230769230769,1080.2307692307693,446.0,130.0769230769231,82.66666666666674,1315.6666666666667,1529.0,127.66666666666652,32.0,514.3333333333334,1242.6666666666667,34.0
40,82.0,529.0,980.0,159.0,84.0,771.0,1206.0,136.0,93.0,533.0,849.0,176.0,103.0,773.0,1764.0,130.0,101.0,500.0,1255.0,193.0,92.0,1356.0,831.0,118.0,107.0,840.0,831.0,137.0,113.0,946.0,1796.0,121.0,107.0,1086.0,447.0,131.0,79.0,1322.0,1528.0,122.0,32.0,519.0,1246.0,34.0
41,83.09999999999991,530.85,981.75,159.0,83.80000000000018,767.8,1207.6,137.0,96.25,538.0,846.75,174.75,102.44444444444434,778.5555555555555,1764.888888888889,132.55555555555554,101.0,494.75,1257.75,194.0,93.61538461538464,1361.3076923076924,831.8461538461538,119.0769230769231,107.0,846.0,831.3333333333334,144.0,112.40000000000009,952.4,1792.6,126.39999999999998,106.66666666666663,1091.8333333333333,448.5,129.5,81.90909090909099,1327.8181818181818,1524.3636363636363,120.5454545454545,32.0,527.0,1248.5,34.0
42,84.20000000000005,532.7,983.5,159.0,83.59999999999991,764.6,1209.2,138.0,99.5,543.0,844.5,173.5,101.88888888888891,784.1111111111111,1765.7777777777778,135.1111111111111,101.0,489.5,1260.5,195.0,95.23076923076917,1366.6153846153845,832.6923076923077,120.15384615384619,107.0,852.0,831.6666666666666,151.0,111.79999999999995,958.8,1789.2,131.79999999999995,106.33333333333337,1097.6666666666667,450.0,128.0,84.81818181818176,1333.6363636363637,1520.7272727272727,119.09090909090901,32.0,535.0,1251.0,34.0
43,85.29999999999995,534.55,985.25,159.0,83.40000000000009,761.4,1210.8,139.0,102.75,548.0,842.25,172.25,101.33333333333326,789.6666666666666,1766.6666666666667,137.66666666666674,101.0,484.25,1263.25,196.0,96.84615384615381,1371.923076923077,833.5384615384615,121.23076923076928,107.0,858.0,832.0,158.0,111.20000000000005,965.2,1785.8,137.20000000000005,106.0,1103.5,451.5,126.5,87.72727272727275,1339.4545454545455,1517.090909090909,117.63636363636351,32.0,544.5,1253.5,34.0
44,86.40000000000009,536.4,987.0,159.0,83.19999999999982,758.2,1212.4,140.0,106.0,553.0,840.0,171.0,100.7777777777776,795.2222222222222,1767.5555555555557,140.22222222222229,101.0,479.0,1266.0,197.0,98.46153846153845,1377.2307692307693,834.3846153846154,122.30769230769215,106.4666666666667,863.5333333333333,832.6,157.60000000000002,110.59999999999991,971.6,1782.4,142.60000000000002,105.66666666666663,1109.3333333333333,453.0,125.0,90.63636363636351,1345.2727272727273,1513.4545454545455,116.18181818181824,32.0,554.0,1256.0,34.0
45,87.5,538.25,988.75,159.0,83.0,755.0,1214.0,141.0,107.71428571428578,556.2857142857143,837.5714285714286,166.85714285714278,100.2222222222224,800.7777777777778,1768.4444444444443,142.77777777777771,101.5,473.1666666666667,1267.3333333333333,193.66666666666669,100.07692307692298,1382.5384615384614,835.2307692307693,123.38461538461547,105.93333333333328,869.0666666666667,833.2,157.19999999999993,110.0,978.0,1779.0,148.0,105.33333333333337,1115.1666666666667,454.5,123.5,93.5454545454545,1351.090909090909,1509.8181818181818,114.72727272727275,32.0,546.0,1260.0,34.0
46,88.59999999999991,540.1,990.5,159.0,82.80000000000018,751.8,1215.6,142.0,109.42857142857144,559.5714285714286,835.1428571428571,162.71428571428578,99.66666666666674,806.3333333333334,1769.3333333333333,145.33333333333326,102.0,467.3333333333333,1268.6666666666667,190.33333333333331,101.69230769230762,1387.8461538461538,836.0769230769231,124.46153846153857,105.40000000000009,874.6,833.8,156.80000000000007,107.85714285714289,984.4285714285714,1778.2857142857142,143.85714285714278,105.0,1121.0,456.0,122.0,96.4545454545455,1356.909090909091,1506.1818181818182,113.27272727272725,32.0,534.8,1263.8,34.0
47,89.70000000000005,541.95,992.25,159.0,82.59999999999991,748.6,1217.2,143.0,111.14285714285722,562.8571428571429,832.7142857142857,158.57142857142856,99.11111111111109,811.8888888888889,1770.2222222222222,147.8888888888889,102.5,461.5,1270.0,187.0,103.30769230769238,1393.1538461538462,836.9230769230769,125.53846153846143,104.86666666666667,880.1333333333333,834.4,156.39999999999998,105.71428571428555,990.8571428571429,1777.5714285714287,139.71428571428578,104.0,1129.090909090909,457.0,122.0,99.36363636363649,1362.7272727272727,1502.5454545454545,111.81818181818176,32.0,523.6,1267.6,34.0
48,90.79999999999995,543.8,994.0,159.0,82.40000000000009,745.4,1218.8,144.0,112.85714285714278,566.1428571428571,830.2857142857143,154.42857142857144,98.55555555555566,817.4444444444445,1771.111111111111,150.44444444444446,103.0,455.6666666666667,1271.3333333333333,183.66666666666669,104.92307692307702,1398.4615384615386,837.7692307692307,126.61538461538453,104.33333333333337,885.6666666666666,835.0,156.0000000000001,103.57142857142844,997.2857142857143,1776.857142857143,135.57142857142856,103.0,1137.1818181818182,458.0,122.0,102.27272727272725,1368.5454545454545,1498.909090909091,110.36363636363649,32.0,512.4,1271.4,34.0
49,91.90000000000009,545.65,995.75,159.0,82.19999999999982,742.2,1220.4,145.0,114.57142857142856,569.4285714285714,827.8571428571429,150.28571428571422,98.0,823.0,1772.0,153.0,103.5,449.8333333333333,1272.6666666666667,180.33333333333331,106.53846153846155,1403.7692307692307,838.6153846153846,127.69230769230785,103.79999999999995,891.2,835.6,155.5999999999999,101.42857142857156,1003.7142857142857,1776.142857142857,131.42857142857144,102.0,1145.2727272727273,459.0,122.0,105.18181818181824,1374.3636363636363,1495.2727272727273,108.90909090909099,32.0,501.2,1275.2,34.00000000000006
50,93.0,547.5,997.5,159.0,82.0,739.0,1222.0,146.0,116.28571428571422,572.7142857142857,825.4285714285714,146.14285714285722,97.63636363636351,828.6363636363636,1772.7272727272727,149.09090909090912,104.0,444.0,1274.0,177.0,108.15384615384619,1409.076923076923,839.4615384615385,128.76923076923072,103.26666666666665,896.7333333333333,836.2,155.20000000000005,99.28571428571445,1010.1428571428571,1775.4285714285713,127.28571428571422,101.0,1153.3636363636363,460.0,122.0,108.09090909090901,1380.1818181818182,1491.6363636363637,107.4545454545455,32.0,490.0,1279.0,34.0
51,94.09999999999991,549.35,999.25,159.0,82.20000000000005,736.6,1225.3,145.0,118.0,576.0,823.0,142.0,97.27272727272725,834.2727272727273,1773.4545454545455,145.18181818181824,102.0,439.0,1278.25,182.25,109.76923076923083,1414.3846153846155,840.3076923076923,129.8461538461538,102.73333333333335,902.2666666666667,836.8,154.79999999999995,97.14285714285711,1016.5714285714286,1774.7142857142858,123.14285714285722,100.0,1161.4545454545455,461.0,122.0,111.0,1386.0,1488.0,106.0,32.0,481.8,1282.0,33.99999999999994
52,95.20000000000005,551.2,1001.0,159.0,82.40000000000009,734.2,1228.6,144.0,118.39999999999998,579.4,820.6,148.80000000000007,96.90909090909076,839.9090909090909,1774.1818181818182,141.27272727272725,100.0,434.0,1282.5,187.5,111.38461538461536,1419.6923076923076,841.1538461538462,130.9230769230769,102.20000000000005,907.8,837.4,154.4000000000001,95.0,1023.0,1774.0,119.0,99.0,1169.5454545454545,462.0,122.0,109.11111111111109,1390.6666666666667,1487.6666666666667,103.0,32.0,473.6,1285.0,34.0
53,96.29999999999995,553.05,1002.75,159.0,82.59999999999991,731.8,1231.9,143.0,118.79999999999995,582.8,818.2,155.60000000000002,96.5454545454545,845.5454545454545,1774.909090909091,137.36363636363637,98.0,429.0,1286.75,192.75,113.0,1425.0,842.0,132.0,101.66666666666663,913.3333333333334,838.0,153.9999999999999,97.875,1029.375,1768.25,120.25,98.0,1177.6363636363637,463.0,122.0,107.2222222222224,1395.3333333333333,1487.3333333333333,100.0,32.0,465.4,1288.0,34.0
54,97.40000000000009,554.9,1004.5,159.0,82.79999999999995,729.4,1235.2,142.0,119.20000000000005,586.2,815.8,162.39999999999998,96.18181818181802,851.1818181818181,1775.6363636363637,133.4545454545455,96.0,424.0,1291.0,198.0,108.14285714285722,1432.7142857142858,846.7142857142857,125.85714285714289,101.13333333333333,918.8666666666667,838.6,153.60000000000002,100.75,1035.75,1762.5,121.5,97.0,1185.7272727272727,464.0,122.0,105.33333333333326,1400.0,1487.0,97.0,32.0,457.2,1291.0,34.0
55,98.5,556.75,1006.25,159.0,83.0,727.0,1238.5,141.0,119.60000000000002,589.6,813.4,169.19999999999993,95.81818181818198,856.8181818181818,1776.3636363636363,129.54545454545462,93.33333333333326,419.0,1294.0,195.0,103.28571428571422,1440.4285714285713,851.4285714285714,119.71428571428578,100.59999999999991,924.4,839.2,153.19999999999993,103.625,1042.125,1756.75,122.75,96.0,1193.8181818181818,465.0,122.0,103.44444444444434,1404.6666666666667,1486.6666666666667,94.0,32.0,449.0,1294.0,34.0
56,99.59999999999991,558.6,1008.0,159.0,83.20000000000005,724.6,1241.8,140.0,120.0,593.0,811.0,176.0,95.4545454545455,862.4545454545455,1777.090909090909,125.63636363636363,90.66666666666674,414.0,1297.0,192.0,98.42857142857144,1448.142857142857,856.1428571428571,113.57142857142867,100.06666666666672,929.9333333333334,839.8,152.79999999999995,106.5,1048.5,1751.0,124.0,95.0,1201.909090909091,466.0,122.0,101.55555555555566,1409.3333333333333,1486.3333333333333,91.0,32.0,445.4,1296.4,34.0
57,100.70000000000005,560.45,1009.75,159.0,83.40000000000009,722.2,1245.1,139.0,120.25,596.25,808.75,176.0,95.09090909090924,868.0909090909091,1777.8181818181818,121.72727272727275,88.0,409.0,1300.0,189.0,93.57142857142856,1455.857142857143,860.8571428571429,107.42857142857133,99.5333333333333,935.4666666666667,840.4,152.4000000000001,109.375,1054.875,1745.25,125.25,94.0,1210.0,467.0,122.0,99.66666666666674,1414.0,1486.0,88.0,32.0,441.8,1298.8,34.0
58,101.79999999999995,562.3,1011.5,159.0,83.59999999999991,719.8,1248.4,138.0,120.5,599.5,806.5,176.0,94.72727272727275,873.7272727272727,1778.5454545454545,117.81818181818176,85.33333333333326,404.0,1303.0,186.0,88.71428571428578,1463.5714285714287,865.5714285714286,101.28571428571422,99.0,941.0,841.0,152.0,112.25,1061.25,1739.5,126.5,96.0,1223.0,467.0,115.33333333333326,97.7777777777776,1418.6666666666667,1485.6666666666667,85.0,32.0,438.2,1301.2,34.0
59,102.90000000000009,564.15,1013.25,159.0,83.79999999999995,717.4,1251.7,137.0,120.75,602.75,804.25,176.0,94.36363636363649,879.3636363636364,1779.2727272727273,113.90909090909088,82.66666666666674,399.0,1306.0,183.0,83.85714285714278,1471.2857142857142,870.2857142857143,95.14285714285711,103.0,950.0,838.5,144.5,115.125,1067.625,1733.75,127.75,98.0,1236.0,467.0,108.66666666666674,95.88888888888891,1423.3333333333333,1485.3333333333333,82.0,32.0,434.6,1303.6,34.0
60,104.0,566.0,1015.0,159.0,84.0,715.0,1255.0,136.0,121.0,606.0,802.0,176.0,94.0,885.0,1780.0,110.0,80.0,394.0,1309.0,180.0,79.0,1479.0,875.0,89.0,107.0,959.0,836.0,137.0,118.0,1074.0,1728.0,129.0,100.0,1249.0,467.0,102.0,94.0,1428.0,1485.0,79.0,32.0,431.0,1306.0,34.0
61,104.53846153846166,568.3076923076923,1015.7692307692307,160.0769230769231,86.25,712.5,1255.75,138.0,119.92857142857144,611.3571428571429,800.1428571428571,176.42857142857144,93.66666666666674,891.6666666666666,1780.0,121.0,80.0,389.125,1310.125,181.625,80.33333333333337,1483.5,877.5,94.66666666666674,108.25,968.25,836.5,128.75,116.625,1080.375,1726.0,125.75,100.20000000000005,1258.6,466.0,103.0,94.33333333333348,1431.3333333333333,1479.3333333333333,87.33333333333348,32.0,433.25,1307.25,34.0
62,105.07692307692298,570.6153846153846,1016.5384615384615,161.15384615384608,88.5,710.0,1256.5,140.0,118.85714285714278,616.7142857142857,798.2857142857143,176.8571428571429,93.33333333333326,898.3333333333334,1780.0,131.9999999999999,80.0,384.25,1311.25,183.25,81.66666666666663,1488.0,880.0,100.33333333333326,109.5,977.5,837.0,120.5,115.25,1086.75,1724.0,122.5,100.39999999999998,1268.2,465.0,104.0,94.66666666666652,1434.6666666666667,1473.6666666666667,95.66666666666652,32.0,435.5,1308.5,34.0
63,105.61538461538464,572.9230769230769,1017.3076923076923,162.23076923076928,90.75,707.5,1257.25,142.0,117.78571428571422,622.0714285714286,796.4285714285714,177.28571428571433,93.0,905.0,1780.0,143.0,80.0,379.375,1312.375,184.875,83.0,1492.5,882.5,106.0,110.75,986.75,837.5,112.25,113.875,1093.125,1722.0,119.25,100.60000000000002,1277.8,464.0,105.0,95.0,1438.0,1468.0,104.0,32.0,437.75,1309.75,34.0
64,106.15384615384619,575.2307692307693,1018.0769230769231,163.30769230769226,93.0,705.0,1258.0,144.0,116.71428571428578,627.4285714285714,794.5714285714286,177.71428571428567,93.0,912.0,1779.6666666666667,144.66666666666674,80.0,374.5,1313.5,186.5,84.33333333333337,1497.0,885.0,111.66666666666674,112.0,996.0,838.0,104.0,112.5,1099.5,1720.0,116.0,100.79999999999995,1287.4,463.0,106.0,95.3529411764705,1442.1176470588234,1465.4705882352941,104.88235294117658,32.0,440.0,1311.0,34.0
65,106.69230769230762,577.5384615384615,1018.8461538461538,164.38461538461536,93.5625,702.5,1260.4375,143.875,115.64285714285722,632.7857142857143,792.7142857142857,178.1428571428571,93.0,919.0,1779.3333333333333,146.33333333333326,80.0,369.625,1314.625,188.125,85.66666666666663,1501.5,887.5,117.33333333333326,109.14285714285711,1001.7142857142857,837.4285714285714,110.00000000000011,111.125,1105.875,1718.0,112.75,101.0,1297.0,462.0,107.0,95.70588235294122,1446.235294117647,1462.9411764705883,105.76470588235293,32.0,428.0,1317.0,34.0
66,107.23076923076917,579.8461538461538,1019.6153846153846,165.46153846153845,94.125,700.0,1262.875,143.75,114.57142857142856,638.1428571428571,790.8571428571429,178.57142857142856,93.0,926.0,1779.0,148.0,80.0,364.75,1315.75,189.75,87.0,1506.0,890.0,123.0,106.28571428571422,1007.4285714285714,836.8571428571429,115.99999999999989,109.75,1112.25,1716.0,109.5,101.0,1303.5,463.5,117.0,96.05882352941171,1450.3529411764705,1460.4117647058824,106.6470588235295,32.0,416.0,1319.4,34.0
67,107.76923076923083,582.1538461538462,1020.3846153846154,166.53846153846155,94.6875,697.5,1265.3125,143.625,113.5,643.5,789.0,179.0,93.64285714285734,932.7857142857143,1777.9285714285713,146.4999999999999,80.0,359.875,1316.875,191.375,85.0,1510.3333333333333,892.6666666666666,123.33333333333348,103.42857142857133,1013.1428571428571,836.2857142857143,122.0,108.375,1118.625,1714.0,106.25,101.0,1310.0,465.0,127.0,96.4117647058822,1454.4705882352941,1457.8823529411766,107.52941176470586,32.0,404.0,1321.8,34.0
68,108.30769230769238,584.4615384615385,1021.1538461538462,167.61538461538464,95.25,695.0,1267.75,143.5,112.42857142857144,648.8571428571429,787.1428571428571,179.42857142857144,94.28571428571422,939.5714285714286,1776.857142857143,145.0000000000001,80.0,355.0,1318.0,193.0,83.0,1514.6666666666667,895.3333333333334,123.66666666666652,100.57142857142867,1018.8571428571429,835.7142857142857,128.0,107.0,1125.0,1712.0,103.0,101.15384615384613,1320.3846153846155,466.3076923076923,126.84615384615381,96.76470588235293,1458.5882352941176,1455.3529411764705,108.41176470588243,32.0,392.0,1324.2,34.0
69,108.84615384615381,586.7692307692307,1021.9230769230769,168.69230769230774,95.8125,692.5,1270.1875,143.375,111.35714285714278,654.2142857142857,785.2857142857143,179.8571428571429,94.92857142857156,946.3571428571429,1775.7857142857142,143.5,80.0,348.75,1318.375,191.875,81.0,1519.0,898.0,124.0,97.71428571428578,1024.5714285714287,835.1428571428571,134.0,108.5,1133.8333333333333,1711.6666666666667,104.5,101.30769230769226,1330.7692307692307,467.61538461538464,126.69230769230785,97.11764705882365,1462.7058823529412,1452.8235294117646,109.29411764705878,32.0,380.0,1326.6,34.0
70,109.38461538461536,589.0769230769231,1022.6923076923077,169.76923076923072,96.375,690.0,1272.625,143.25,110.28571428571422,659.5714285714286,783.4285714285714,180.28571428571433,95.57142857142844,953.1428571428571,1774.7142857142858,142.0,80.0,342.5,1318.75,190.75,80.85714285714289,1527.142857142857,899.7142857142857,119.28571428571422,94.85714285714289,1030.2857142857142,834.5714285714286,140.0,110.0,1142.6666666666667,1711.3333333333333,106.0,101.46153846153845,1341.1538461538462,468.9230769230769,126.53846153846143,97.47058823529414,1466.8235294117646,1450.2941176470588,110.17647058823536,32.0,368.0,1329.0,34.0
71,109.92307692307702,591.3846153846154,1023.4615384615385,170.84615384615392,96.9375,687.5,1275.0625,143.125,109.21428571428578,664.9285714285714,781.5714285714286,180.71428571428567,96.21428571428578,959.9285714285714,1773.642857142857,140.4999999999999,80.0,336.25,1319.125,189.625,80.71428571428567,1535.2857142857142,901.4285714285714,114.57142857142867,92.0,1036.0,834.0,146.0,111.5,1151.5,1711.0,107.5,101.61538461538458,1351.5384615384614,470.2307692307692,126.38461538461547,97.82352941176464,1470.9411764705883,1447.764705882353,111.05882352941171,32.0,358.2,1331.2,34.0
72,110.46153846153834,593.6923076923077,1024.2307692307693,171.9230769230769,97.5,685.0,1277.5,143.0,108.14285714285722,670.2857142857142,779.7142857142857,181.14285714285722,96.85714285714266,966.7142857142857,1772.5714285714287,139.0000000000001,80.0,330.0,1319.5,188.5,80.57142857142856,1543.4285714285713,903.1428571428571,109.85714285714289,92.77777777777771,1042.2222222222222,833.8888888888889,144.22222222222217,113.0,1160.3333333333333,1710.6666666666667,109.0,101.76923076923072,1361.923076923077,471.53846153846155,126.23076923076928,98.17647058823536,1475.0588235294117,1445.235294117647,111.94117647058829,32.0,348.4,1333.4,34.0
73,111.0,596.0,1025.0,173.0,98.0625,682.5,1279.9375,142.875,107.07142857142856,675.6428571428571,777.8571428571429,181.57142857142867,97.5,973.5,1771.5,137.5,80.0,323.75,1319.875,187.375,80.42857142857144,1551.5714285714287,904.8571428571429,105.14285714285711,93.55555555555554,1048.4444444444443,833.7777777777778,142.44444444444457,114.5,1169.1666666666667,1710.3333333333333,110.5,101.92307692307685,1372.3076923076924,472.84615384615387,126.0769230769231,98.52941176470586,1479.1764705882354,1442.7058823529412,112.82352941176464,32.0,338.6,1335.6,34.0
74,111.57142857142844,600.8571428571429,1025.7142857142858,174.1428571428571,98.625,680.0,1282.375,142.75,106.0,681.0,776.0,182.0,98.14285714285734,980.2857142857143,1770.4285714285713,135.9999999999999,80.0,317.5,1320.25,186.25,80.28571428571433,1559.7142857142858,906.5714285714286,100.42857142857133,94.33333333333337,1054.6666666666667,833.6666666666666,140.66666666666652,116.0,1178.0,1710.0,112.0,102.07692307692315,1382.6923076923076,474.15384615384613,125.9230769230769,98.88235294117635,1483.2941176470588,1440.1764705882354,113.70588235294122,32.0,328.8,1337.8,34.0
75,112.14285714285734,605.7142857142857,1026.4285714285713,175.28571428571433,99.1875,677.5,1284.8125,142.625,105.0,686.3333333333334,774.1666666666666,178.16666666666663,98.78571428571422,987.0714285714286,1769.357142857143,134.5000000000001,80.0,311.25,1320.625,185.125,80.14285714285711,1567.857142857143,908.2857142857143,95.71428571428578,95.11111111111109,1060.888888888889,833.5555555555555,138.8888888888889,112.25,1184.0,1705.75,118.25,102.23076923076928,1393.076923076923,475.46153846153845,125.76923076923072,99.23529411764707,1487.4117647058824,1437.6470588235295,114.58823529411757,32.0,319.0,1340.0,34.0
76,112.71428571428578,610.5714285714286,1027.142857142857,176.42857142857144,99.75,675.0,1287.25,142.5,104.0,691.6666666666666,772.3333333333334,174.33333333333337,99.42857142857156,993.8571428571429,1768.2857142857142,133.0,80.0,305.0,1321.0,184.0,80.0,1576.0,910.0,91.0,95.88888888888891,1067.111111111111,833.4444444444445,137.1111111111111,108.5,1190.0,1701.5,124.5,102.38461538461542,1403.4615384615386,476.7692307692308,125.61538461538453,99.5882352941178,1491.5294117647059,1435.1176470588234,115.47058823529414,32.0,316.2,1339.0,34.0
77,113.28571428571422,615.4285714285714,1027.857142857143,177.57142857142856,100.3125,672.5,1289.6875,142.375,103.0,697.0,770.5,170.5,100.07142857142844,1000.6428571428571,1767.2142857142858,131.5,80.0,302.75,1320.0,183.0,85.5,1580.75,909.0,102.25,96.66666666666663,1073.3333333333333,833.3333333333334,135.33333333333348,104.75,1196.0,1697.25,130.75,102.53846153846155,1413.8461538461538,478.0769230769231,125.46153846153857,99.94117647058829,1495.6470588235295,1432.5882352941176,116.3529411764705,32.0,313.4,1338.0,34.0
78,113.85714285714266,620.2857142857143,1028.5714285714287,178.71428571428567,100.875,670.0,1292.125,142.25,102.0,702.3333333333334,768.6666666666666,166.66666666666663,100.71428571428578,1007.4285714285714,1766.142857142857,129.9999999999999,80.0,300.5,1319.0,182.0,91.0,1585.5,908.0,113.5,97.44444444444446,1079.5555555555557,833.2222222222222,133.55555555555543,101.0,1202.0,1693.0,137.0,102.69230769230774,1424.2307692307693,479.38461538461536,125.30769230769215,100.29411764705878,1499.764705882353,1430.0588235294117,117.23529411764707,32.0,310.6,1337.0,34.0
79,114.42857142857156,625.1428571428571,1029.2857142857142,179.8571428571429,101.4375,667.5,1294.5625,142.125,101.0,707.6666666666666,766.8333333333334,162.83333333333337,101.35714285714266,1014.2142857142858,1765.0714285714287,128.5,80.0,298.25,1318.0,181.0,96.5,1590.25,907.0,124.75,98.22222222222229,1085.7777777777778,833.1111111111111,131.77777777777783,97.0,1215.5,1687.0,129.0,102.84615384615387,1434.6153846153845,480.6923076923077,125.15384615384619,100.6470588235295,1503.8823529411766,1427.5294117647059,118.11764705882342,32.0,307.8,1336.0,34.0
80,115.0,630.0,1030.0,181.0,102.0,665.0,1297.0,142.0,100.0,713.0,765.0,159.0,102.0,1021.0,1764.0,127.0,80.0,296.0,1317.0,180.0,102.0,1595.0,906.0,136.0,99.0,1092.0,833.0,130.0,93.0,1229.0,1681.0,121.0,103.0,1445.0,482.0,125.0,101.0,1508.0,1425.0,119.0,32.0,305.0,1335.0,34.0
81,113.0,634.4,1031.05,180.0,103.66666666666674,663.6666666666666,1298.0,142.0,100.55555555555554,718.1111111111111,762.0,159.44444444444446,102.0,1029.2,1763.1,126.04999999999995,80.20000000000005,291.8,1315.5,179.5,102.80000000000007,1599.4,906.8,133.39999999999986,98.61538461538464,1099.8461538461538,833.6153846153846,129.8461538461538,93.90000000000009,1240.9,1676.3,122.59999999999991,103.00000000000006,1456.15,482.2,125.0,100.04999999999995,1514.95,1422.5,117.39999999999986,32.0,301.4,1332.0,34.0
82,111.0,638.8,1032.1,179.0,105.33333333333326,662.3333333333334,1299.0,142.0,101.11111111111109,723.2222222222222,759.0,159.8888888888889,102.0,1037.4,1762.2,125.09999999999991,80.40000000000009,287.6,1314.0,179.0,103.60000000000002,1603.8,907.6,130.79999999999995,98.23076923076917,1107.6923076923076,834.2307692307693,129.69230769230785,94.80000000000018,1252.8,1671.6,124.20000000000005,103.0,1467.3,482.4,125.0,99.09999999999991,1521.9,1420.0,115.79999999999995,32.0,297.8,1329.0,34.0
83,109.0,643.2,1033.15,178.0,107.0,661.0,1300.0,142.0,101.66666666666663,728.3333333333334,756.0,160.33333333333326,102.0,1045.6,1761.3,124.15000000000009,80.59999999999991,283.4,1312.5,178.5,104.39999999999998,1608.2,908.4,128.20000000000005,97.84615384615392,1115.5384615384614,834.8461538461538,129.53846153846166,95.69999999999982,1264.7,1666.9,125.79999999999995,103.0,1478.45,482.6,125.0,98.15000000000009,1528.85,1417.5,114.20000000000005,32.0,294.2,1326.0,34.0
84,107.0,647.6,1034.2,177.0,106.70588235294099,659.8235294117648,1302.8823529411766,142.0,102.22222222222217,733.4444444444445,753.0,160.77777777777771,102.0,1053.8,1760.4,123.20000000000005,80.79999999999995,279.2,1311.0,178.0,105.19999999999993,1612.6,909.2,125.60000000000014,97.46153846153845,1123.3846153846155,835.4615384615385,129.38461538461524,96.59999999999991,1276.6,1662.2,127.40000000000009,102.99999999999994,1489.6,482.8,125.0,97.20000000000005,1535.8,1415.0,112.60000000000014,32.0,290.6,1323.0,34.0
85,105.0,652.0,1035.25,176.0,106.41176470588243,658.6470588235294,1305.764705882353,142.0,102.77777777777783,738.5555555555555,750.0,161.22222222222229,102.0,1062.0,1759.5,122.25,81.0,275.0,1309.5,177.5,106.0,1617.0,910.0,123.0,97.0769230769231,1131.2307692307693,836.0769230769231,129.23076923076928,97.5,1288.5,1657.5,129.0,103.0,1500.75,483.0,125.0,96.25,1542.75,1412.5,111.0,32.0,287.0,1320.0,34.0
86,103.0,656.4,1036.3,175.0,106.11764705882342,657.4705882352941,1308.6470588235295,142.0,103.33333333333337,743.6666666666666,747.0,161.66666666666674,102.0,1070.2,1758.6,121.29999999999995,81.20000000000005,270.8,1308.0,177.0,104.0,1624.1,912.9,123.5,96.69230769230762,1139.076923076923,836.6923076923077,129.0769230769231,98.40000000000009,1300.4,1652.8,130.5999999999999,103.00000000000006,1511.9,483.2,125.0,95.29999999999995,1549.7,1410.0,109.39999999999986,32.0,287.6,1317.0,34.0
87,101.0,660.8,1037.35,174.0,105.82352941176464,656.2941176470588,1311.5294117647059,142.0,103.88888888888891,748.7777777777778,744.0,162.1111111111111,102.0,1078.4,1757.7,120.34999999999991,81.40000000000009,266.6,1306.5,176.5,102.0,1631.2,915.8,124.0,96.30769230769238,1146.923076923077,837.3076923076923,128.9230769230769,99.30000000000018,1312.3,1648.1,132.20000000000005,103.0,1523.05,483.4,125.0,94.34999999999991,1556.65,1407.5,107.79999999999995,32.0,288.2,1314.0,34.0
88,99.0,665.2,1038.4,173.0,105.52941176470586,655.1176470588235,1314.4117647058824,142.0,104.44444444444446,753.8888888888889,741.0,162.55555555555554,102.0,1086.6,1756.8,119.40000000000009,81.59999999999991,262.4,1305.0,176.0,100.0,1638.3,918.7,124.5,95.9230769230769,1154.7692307692307,837.9230769230769,128.76923076923072,100.19999999999982,1324.2,1643.4,133.79999999999995,103.0,1534.2,483.6,125.0,93.40000000000009,1563.6,1405.0,106.20000000000005,32.0,288.8,1311.0,34.0
89,97.0,669.6,1039.45,172.0,105.23529411764707,653.9411764705883,1317.2941176470588,142.0,105.0,759.0,738.0,163.0,102.0,1094.8,1755.9,118.45000000000005,81.79999999999995,258.2,1303.5,175.5,98.0,1645.4,921.6,125.0,95.53846153846155,1162.6153846153845,838.5384615384615,128.61538461538476,101.09999999999991,1336.1,1638.7,135.4000000000001,102.99999999999994,1545.35,483.8,125.0,92.45000000000005,1570.55,1402.5,104.60000000000014,32.0,289.4,1308.0,34.0
90,95.0,674.0,1040.5,171.0,104.94117647058806,652.7647058823529,1320.1764705882354,142.0,105.72727272727275,764.1818181818181,734.9090909090909,161.27272727272737,102.0,1103.0,1755.0,117.5,82.0,254.0,1302.0,175.0,96.0,1652.5,924.5,125.5,95.15384615384608,1170.4615384615386,839.1538461538462,128.46153846153834,102.0,1348.0,1634.0,137.0,103.0,1556.5,484.0,125.0,91.5,1577.5,1400.0,103.0,32.0,290.0,1305.0,34.0
91,93.0,678.4,1041.55,170.0,104.6470588235295,651.5882352941177,1323.0588235294117,142.0,106.45454545454538,769.3636363636364,731.8181818181819,159.5454545454545,102.0,1111.2,1754.1,116.54999999999995,82.0,250.6,1301.0,178.6,94.0,1659.6,927.4,126.0,94.76923076923083,1178.3076923076924,839.7692307692307,128.30769230769215,102.25,1367.5,1632.75,125.75,103.00000000000006,1567.65,484.2,125.0,90.54999999999995,1584.45,1397.5,101.39999999999986,32.5,294.0,1304.5,34.5
92,91.0,682.8,1042.6,169.0,104.3529411764705,650.4117647058823,1325.9411764705883,142.0,107.18181818181813,774.5454545454545,728.7272727272727,157.81818181818187,102.0,1119.4,1753.2,115.59999999999991,82.0,247.2,1300.0,182.2,92.0,1666.7,930.3,126.5,94.38461538461536,1186.1538461538462,840.3846153846154,128.1538461538462,102.5,1387.0,1631.5,114.5,103.0,1578.8,484.4,125.0,89.59999999999991,1591.4,1395.0,99.79999999999995,33.0,298.0,1304.0,35.0
93,89.0,687.2,1043.65,168.0,104.05882352941194,649.2352941176471,1328.8235294117646,142.0,107.90909090909088,779.7272727272727,725.6363636363636,156.09090909090912,102.0,1127.6,1752.3,114.65000000000009,82.0,243.8,1299.0,185.8,90.0,1673.8,933.2,127.0,94.0,1194.0,841.0,128.0,102.75,1406.5,1630.25,103.25,103.0,1589.95,484.6,125.0,88.65000000000009,1598.35,1392.5,98.20000000000005,33.66666666666674,300.6666666666667,1309.0,36.0
94,87.0,691.6,1044.7,167.0,103.76470588235293,648.0588235294117,1331.7058823529412,142.0,108.63636363636363,784.9090909090909,722.5454545454545,154.36363636363637,102.0,1135.8,1751.4,113.70000000000005,82.0,240.4,1298.0,189.4,87.99999999999989,1680.9,936.1,127.5,93.71428571428578,1201.857142857143,841.5714285714286,123.57142857142844,103.0,1426.0,1629.0,92.0,102.99999999999994,1601.1,484.8,125.0,87.70000000000005,1605.3,1390.0,96.60000000000014,34.33333333333326,303.3333333333333,1314.0,37.0
95,85.0,696.0,1045.75,166.0,103.47058823529414,646.8823529411765,1334.5882352941176,142.0,109.36363636363637,790.0909090909091,719.4545454545455,152.63636363636363,102.0,1144.0,1750.5,112.75,82.0,237.0,1297.0,193.0,86.0,1688.0,939.0,128.0,93.42857142857144,1209.7142857142858,842.1428571428571,119.14285714285711,104.66666666666674,1432.8333333333333,1624.8333333333333,103.0,103.0,1612.25,485.0,125.0,86.75,1612.25,1387.5,95.0,35.0,306.0,1319.0,38.0
96,83.0,700.4,1046.8,165.0,103.17647058823536,645.7058823529412,1337.4705882352941,142.0,110.09090909090912,795.2727272727273,716.3636363636364,150.90909090909088,102.0,1152.2,1749.6,111.79999999999995,82.20000000000005,235.2,1299.0,188.2,86.79999999999995,1694.0,940.2,126.20000000000005,93.14285714285722,1217.5714285714287,842.7142857142857,114.71428571428555,106.33333333333326,1439.6666666666667,1620.6666666666667,114.0,103.00000000000006,1623.4,485.2,125.0,85.79999999999995,1619.2,1385.0,93.39999999999986,34.5,304.0,1328.0,37.0
97,81.0,704.8,1047.85,164.0,102.88235294117658,644.5294117647059,1340.3529411764705,142.0,110.81818181818187,800.4545454545455,713.2727272727273,149.18181818181813,102.0,1160.4,1748.7,110.84999999999991,82.40000000000009,233.4,1301.0,183.4,87.60000000000002,1700.0,941.4,124.40000000000009,92.85714285714278,1225.4285714285713,843.2857142857143,110.28571428571445,108.0,1446.5,1616.5,125.0,103.0,1634.55,485.4,125.0,84.84999999999991,1626.15,1382.5,91.79999999999995,34.0,302.0,1337.0,36.0
98,79.0,709.2,1048.9,163.0,102.58823529411757,643.3529411764706,1343.235294117647,142.0,111.54545454545462,805.6363636363636,710.1818181818181,147.4545454545455,102.0,1168.6,1747.8,109.90000000000009,82.59999999999991,231.6,1303.0,178.6,88.39999999999998,1706.0,942.6,122.59999999999991,92.57142857142856,1233.2857142857142,843.8571428571429,105.85714285714289,109.66666666666674,1453.3333333333333,1612.3333333333333,136.0,103.0,1645.7,485.6,125.0,83.90000000000009,1633.1,1380.0,90.20000000000005,33.33333333333326,295.0,1346.0,35.333333333333314
99,77.0,713.6,1049.95,162.0,102.29411764705901,642.1764705882352,1346.1176470588234,142.0,112.27272727272725,810.8181818181818,707.0909090909091,145.72727272727275,102.0,1176.8,1746.9,108.95000000000005,82.79999999999995,229.8,1305.0,173.8,89.20000000000005,1712.0,943.8,120.79999999999995,92.28571428571422,1241.142857142857,844.4285714285714,101.42857142857156,111.33333333333326,1460.1666666666667,1608.1666666666667,147.0,102.99999999999994,1656.85,485.8,125.0,82.95000000000005,1640.05,1377.5,88.60000000000014,32.66666666666674,288.0,1355.0,34.666666666666686
100,75.0,718.0,1051.0,161.0,102.0,641.0,1349.0,142.0,113.0,816.0,704.0,144.0,102.0,1185.0,1746.0,108.0,83.0,228.0,1307.0,169.0,90.0,1718.0,945.0,119.0,92.0,1249.0,845.0,97.0,113.0,1467.0,1604.0,158.0,103.0,1668.0,486.0,125.0,82.0,1647.0,1375.0,87.0,32.0,281.0,1364.0,34.0
101,77.79999999999995,722.8,1049.7333333333333,161.73333333333335,103.33333333333326,641.5555555555555,1350.111111111111,141.22222222222229,114.0,822.6666666666666,700.6666666666666,150.33333333333337,100.0,1193.0,1745.3333333333333,113.66666666666674,91.5,225.5,1303.5,159.5,89.80000000000007,1728.4,947.6,112.0,90.5,1258.5,848.1666666666666,99.33333333333326,108.66666666666674,1483.6666666666667,1602.0,149.0,103.00000000000006,1687.6666666666667,486.3333333333333,111.33333333333326,82.39999999999986,1652.3,1372.9,88.40000000000009,32.66666666666674,273.0,1368.0,34.666666666666686
102,80.59999999999991,727.6,1048.4666666666667,162.4666666666667,104.66666666666674,642.1111111111111,1351.2222222222222,140.44444444444446,115.0,829.3333333333334,697.3333333333334,156.66666666666663,98.0,1201.0,1744.6666666666667,119.33333333333326,100.0,223.0,1300.0,150.0,89.59999999999991,1738.8,950.2,105.0,89.0,1268.0,851.3333333333334,101.66666666666674,104.33333333333326,1500.3333333333333,1600.0,140.0,102.99999999999994,1707.3333333333333,486.6666666666667,97.66666666666674,82.79999999999995,1657.6,1370.8,89.80000000000018,33.33333333333326,265.0,1372.0,35.333333333333314
103,83.39999999999986,732.4,1047.2,163.20000000000005,106.0,642.6666666666666,1352.3333333333333,139.66666666666674,116.0,836.0,694.0,163.0,96.0,1209.0,1744.0,125.0,103.33333333333326,223.5,1298.6666666666667,146.83333333333331,89.40000000000009,1749.2,952.8,98.0,87.5,1277.5,854.5,104.0,100.0,1517.0,1598.0,131.0,103.0,1727.0,487.0,84.0,83.20000000000005,1662.9,1368.7,91.19999999999982,34.0,257.0,1376.0,36.0
104,86.20000000000005,737.2,1045.9333333333334,163.93333333333328,107.33333333333348,643.2222222222222,1353.4444444444443,138.8888888888889,115.0,841.7058823529412,690.4705882352941,162.11764705882354,97.125,1219.875,1743.125,124.125,106.66666666666674,224.0,1297.3333333333333,143.66666666666669,89.19999999999993,1759.6,955.4,91.0,86.0,1287.0,857.6666666666666,106.33333333333326,100.0,1541.0,1595.5,118.0,102.16666666666663,1736.0,487.5,90.66666666666674,83.60000000000014,1668.2,1366.6,92.59999999999991,34.5,255.5,1377.0,36.0
105,89.0,742.0,1044.6666666666667,164.66666666666663,108.66666666666652,643.7777777777778,1354.5555555555557,138.1111111111111,114.0,847.4117647058823,686.9411764705883,161.23529411764707,98.25,1230.75,1742.25,123.25,110.0,224.5,1296.0,140.5,89.0,1770.0,958.0,84.0,84.5,1296.5,860.8333333333334,108.66666666666674,100.0,1565.0,1593.0,105.0,101.33333333333337,1745.0,488.0,97.33333333333326,84.0,1673.5,1364.5,94.0,35.0,254.0,1378.0,36.0
106,91.79999999999995,746.8,1043.4,165.4000000000001,110.0,644.3333333333334,1355.6666666666667,137.33333333333326,113.0,853.1176470588235,683.4117647058823,160.3529411764706,99.375,1241.625,1741.375,122.375,113.33333333333326,225.0,1294.6666666666667,137.33333333333331,88.80000000000007,1772.2,958.4,93.20000000000005,83.0,1306.0,864.0,111.0,100.0,1576.0,1590.857142857143,109.71428571428578,100.5,1754.0,488.5,104.0,84.39999999999986,1678.8,1362.4,95.40000000000009,35.0,258.0,1379.0,36.0
107,94.59999999999991,751.6,1042.1333333333334,166.13333333333333,111.33333333333326,644.8888888888889,1356.7777777777778,136.55555555555554,112.0,858.8235294117648,679.8823529411765,159.47058823529403,100.5,1252.5,1740.5,121.5,116.66666666666674,225.5,1293.3333333333333,134.16666666666669,88.60000000000014,1774.4,958.8,102.39999999999986,84.0,1306.0,867.0,115.0,100.0,1587.0,1588.7142857142858,114.42857142857133,99.66666666666663,1763.0,489.0,110.66666666666674,84.79999999999995,1684.1,1360.3,96.80000000000018,35.0,270.5,1383.5,36.0
108,97.40000000000009,756.4,1040.8666666666666,166.86666666666667,112.66666666666674,645.4444444444445,1357.888888888889,135.77777777777771,111.0,864.5294117647059,676.3529411764706,158.58823529411768,101.625,1263.375,1739.625,120.625,120.0,226.0,1292.0,131.0,88.39999999999986,1776.6,959.2,111.60000000000014,87.25,1317.75,865.0,104.75,100.0,1598.0,1586.5714285714287,119.14285714285711,98.83333333333337,1772.0,489.5,117.33333333333326,85.20000000000005,1689.4,1358.2,98.19999999999982,35.0,283.0,1388.0,36.0
109,100.20000000000005,761.2,1039.6,167.5999999999999,114.0,646.0,1359.0,135.0,110.0,870.2352941176471,672.8235294117648,157.70588235294122,102.75,1274.25,1738.75,119.75,115.5,226.0,1292.0,133.5,88.19999999999993,1778.8,959.6,120.79999999999995,90.5,1329.5,863.0,94.5,100.0,1609.0,1584.4285714285713,123.85714285714289,98.0,1781.0,490.0,124.0,85.60000000000014,1694.7,1356.1,99.59999999999991,35.0,308.0,1394.0,36.0
110,103.0,766.0,1038.3333333333333,168.33333333333337,111.81818181818176,647.5454545454545,1363.2727272727273,137.63636363636363,109.0,875.9411764705883,669.2941176470588,156.82352941176464,103.875,1285.125,1737.875,118.875,111.0,226.0,1292.0,136.0,88.0,1781.0,960.0,130.0,93.75,1341.25,861.0,84.25,100.0,1620.0,1582.2857142857142,128.57142857142867,99.0,1797.5,490.75,116.5,86.0,1700.0,1354.0,101.0,35.0,333.0,1400.0,36.0
111,105.79999999999995,770.8,1037.0666666666666,169.06666666666672,109.63636363636374,649.0909090909091,1367.5454545454545,140.27272727272725,108.0,881.6470588235294,665.7647058823529,155.94117647058818,105.0,1296.0,1737.0,118.0,106.80000000000018,226.8,1291.6,136.0,87.99999999999989,1786.0,961.3333333333334,126.0,97.0,1353.0,859.0,74.0,100.0,1631.0,1580.142857142857,133.28571428571422,100.0,1814.0,491.5,109.0,85.70000000000005,1708.1,1351.0,99.60000000000014,35.0,362.6,1404.6,36.0
112,108.60000000000014,775.6,1035.8,169.79999999999995,107.4545454545455,650.6363636363636,1371.8181818181818,142.90909090909088,107.0,887.3529411764706,662.2352941176471,155.05882352941182,102.33333333333348,1303.0,1739.3333333333333,124.33333333333326,102.59999999999991,227.6,1291.2,136.00000000000003,88.00000000000011,1791.0,962.6666666666666,122.0,97.33333333333326,1359.3333333333333,859.3333333333334,84.0,100.0,1642.0,1578.0,138.0,101.0,1830.5,492.25,101.5,85.40000000000009,1716.2,1348.0,98.20000000000005,35.0,392.2,1409.2,36.0
113,111.40000000000009,780.4,1034.5333333333333,170.53333333333342,105.27272727272725,652.1818181818181,1376.090909090909,145.54545454545462,106.0,893.0588235294117,658.7058823529412,154.17647058823536,99.66666666666652,1310.0,1741.6666666666667,130.66666666666674,98.40000000000009,228.4,1290.8,135.99999999999997,88.0,1796.0,964.0,118.0,97.66666666666674,1365.6666666666667,859.6666666666666,94.0,100.0,1656.75,1577.125,135.75,102.0,1847.0,493.0,94.0,85.09999999999991,1724.3,1345.0,96.79999999999995,35.0,421.8,1413.8,36.0
114,114.20000000000005,785.2,1033.2666666666667,171.26666666666665,103.09090909090924,653.7272727272727,1380.3636363636363,148.18181818181813,105.0,898.7647058823529,655.1764705882352,153.29411764705878,97.0,1317.0,1744.0,137.0,94.19999999999982,229.2,1290.4,136.0,85.71428571428567,1806.5714285714287,966.4285714285714,113.14285714285711,98.0,1372.0,860.0,104.0,100.0,1671.5,1576.25,133.5,100.00000000000006,1854.5,494.3333333333333,101.0,84.79999999999995,1732.4,1342.0,95.39999999999986,35.0,451.4,1418.4,36.0
115,117.0,790.0,1032.0,172.0,100.90909090909076,655.2727272727273,1384.6363636363637,150.81818181818187,104.0,904.4705882352941,651.6470588235294,152.41176470588243,97.83333333333326,1331.8333333333333,1741.6666666666667,130.66666666666674,90.0,230.0,1290.0,136.0,83.42857142857133,1817.142857142857,968.8571428571429,108.28571428571422,98.5,1378.5,860.0,111.0,100.0,1686.25,1575.375,131.25,97.99999999999994,1862.0,495.6666666666667,108.0,84.5,1740.5,1339.0,94.0,35.0,481.0,1423.0,36.0
116,116.0,794.8,1032.4,169.80000000000007,98.72727272727275,656.8181818181819,1388.909090909091,153.45454545454538,103.0,910.1764705882352,648.1176470588235,151.52941176470597,98.66666666666674,1346.6666666666667,1739.3333333333333,124.33333333333326,90.0,236.5,1287.5,136.0,81.142857142857,1827.7142857142858,971.2857142857143,103.42857142857133,99.0,1385.0,860.0,118.0,100.0,1701.0,1574.5,129.0,96.0,1869.5,497.0,115.0,84.20000000000005,1748.6,1336.0,92.60000000000014,35.0,512.0,1427.0,36.0
117,115.0,799.6,1032.8,167.60000000000002,96.5454545454545,658.3636363636364,1393.1818181818182,156.09090909090912,102.0,915.8823529411765,644.5882352941177,150.6470588235294,99.5,1361.5,1737.0,118.0,90.0,243.0,1285.0,136.0,78.857142857143,1838.2857142857142,973.7142857142857,98.57142857142867,99.25,1391.25,860.25,115.75,100.0,1715.75,1573.625,126.75,94.00000000000006,1877.0,498.3333333333333,122.0,83.90000000000009,1756.7,1333.0,91.20000000000005,35.0,542.0,1431.0,36.0
118,114.0,804.4,1033.2,165.39999999999998,94.36363636363626,659.9090909090909,1397.4545454545455,158.72727272727275,101.0,921.5882352941177,641.0588235294117,149.7647058823528,100.33333333333326,1376.3333333333333,1734.6666666666667,111.66666666666674,88.0,246.0,1282.0,130.33333333333331,76.57142857142867,1848.857142857143,976.1428571428571,93.71428571428578,99.5,1397.5,860.5,113.5,100.0,1730.5,1572.75,124.5,91.99999999999994,1884.5,499.6666666666667,129.0,83.59999999999991,1764.8,1330.0,89.79999999999995,35.0,542.0,1434.6666666666667,36.0
119,113.0,809.2,1033.6,163.19999999999993,92.18181818181824,661.4545454545455,1401.7272727272727,161.36363636363637,100.0,927.2941176470588,637.5294117647059,148.88235294117658,101.16666666666674,1391.1666666666667,1732.3333333333333,105.33333333333326,86.0,249.0,1279.0,124.66666666666669,74.28571428571433,1859.4285714285713,978.5714285714286,88.85714285714289,99.75,1403.75,860.75,111.25,100.0,1745.25,1571.875,122.25,90.0,1892.0,501.0,136.0,83.29999999999995,1772.9,1327.0,88.39999999999986,35.0,542.0,1438.3333333333333,36.0
120,112.0,814.0,1034.0,161.0,90.0,663.0,1406.0,164.0,99.0,933.0,634.0,148.0,102.0,1406.0,1730.0,99.0,84.0,252.0,1276.0,119.0,72.0,1870.0,981.0,84.0,100.0,1410.0,861.0,109.0,100.0,1760.0,1571.0,120.0,88.0,1910.0,502.0,119.0,83.0,1781.0,1324.0,87.0,35.0,542.0,1442.0,36.0
121,109.69230769230762,820.0769230769231,1033.2307692307693,160.8461538461538,90.75,659.875,1407.125,167.875,99.60000000000002,939.3333333333334,629.4666666666667,147.80000000000007,101.0,1416.0,1730.0,114.0,83.70588235294122,258.05882352941177,1272.0588235294117,120.1764705882353,72.79999999999995,1870.6,982.8,92.40000000000009,99.79999999999995,1419.35,862.5,110.45000000000005,100.0,1766.0,1567.0,142.0,89.75,1928.75,501.0,112.0,82.75,1786.625,1322.875,87.75,35.0,542.8,1445.0,36.0
122,107.38461538461524,826.1538461538462,1032.4615384615386,160.69230769230762,91.5,656.75,1408.25,171.75,100.20000000000005,945.6666666666666,624.9333333333333,147.60000000000002,101.0,1418.0,1730.0,124.0,83.41176470588243,264.11764705882354,1268.1176470588234,121.35294117647061,73.60000000000002,1871.2,984.6,100.79999999999995,99.60000000000002,1428.7,864.0,111.89999999999986,100.0,1779.3333333333333,1566.3333333333333,141.0,91.5,1947.5,500.0,105.0,82.5,1792.25,1321.75,88.5,35.0,543.6,1448.0,36.0
123,105.0769230769231,832.2307692307693,1031.6923076923076,160.53846153846143,92.25,653.625,1409.375,175.625,100.80000000000007,952.0,620.4,147.4000000000001,101.0,1420.0,1730.0,134.0,83.11764705882342,270.1764705882353,1264.1764705882354,122.52941176470586,74.39999999999998,1871.8,986.4,109.20000000000005,99.39999999999998,1438.05,865.5,113.35000000000014,100.0,1792.6666666666667,1565.6666666666667,140.0,93.25,1966.25,499.0,98.0,82.25,1797.875,1320.625,89.25,35.0,544.4,1451.0,36.0
124,102.76923076923072,838.3076923076923,1030.923076923077,160.38461538461547,93.0,650.5,1410.5,179.5,101.39999999999998,958.3333333333334,615.8666666666667,147.19999999999993,101.18181818181802,1432.0,1729.6363636363637,134.5454545454545,82.82352941176464,276.2352941176471,1260.235294117647,123.70588235294116,75.20000000000005,1872.4,988.2,117.59999999999991,99.20000000000005,1447.4,867.0,114.79999999999995,100.0,1806.0,1565.0,139.0,95.0,1985.0,498.0,91.0,82.0,1803.5,1319.5,90.0,35.0,545.2,1454.0,36.0
125,100.46153846153834,844.3846153846154,1030.1538461538462,160.23076923076928,93.75,647.375,1411.625,183.375,102.0,964.6666666666666,611.3333333333334,147.0000000000001,101.36363636363649,1444.0,1729.2727272727273,135.090909090909,82.52941176470586,282.29411764705884,1256.2941176470588,124.88235294117646,76.0,1873.0,990.0,126.0,99.0,1456.75,868.5,116.25,100.0,1826.2,1564.4,132.39999999999986,94.83333333333331,1992.5,498.3333333333333,97.5,81.75,1809.125,1318.375,90.75,35.0,546.0,1457.0,36.0
126,98.15384615384596,850.4615384615385,1029.3846153846155,160.0769230769231,94.5,644.25,1412.75,187.25,102.60000000000002,971.0,606.8,146.79999999999995,101.5454545454545,1456.0,1728.909090909091,135.63636363636374,82.23529411764707,288.3529411764706,1252.3529411764705,126.05882352941177,75.5,1877.0,991.5,125.0,98.79999999999995,1466.1,870.0,117.70000000000005,100.0,1846.4,1563.8,125.79999999999995,94.66666666666669,2000.0,498.6666666666667,104.0,81.5,1814.75,1317.25,91.5,35.0,550.6,1459.2,36.0
127,95.84615384615404,856.5384615384615,1028.6153846153845,159.9230769230769,95.25,641.125,1413.875,191.125,103.20000000000005,977.3333333333334,602.2666666666667,146.60000000000002,101.72727272727275,1468.0,1728.5454545454545,136.18181818181824,81.94117647058806,294.4117647058823,1248.4117647058824,127.23529411764707,75.0,1881.0,993.0,124.0,98.60000000000002,1475.45,871.5,119.14999999999986,100.0,1866.6,1563.2,119.20000000000005,94.5,2007.5,499.0,110.5,81.25,1820.375,1316.125,92.25,35.0,555.2,1461.4,36.0
128,93.53846153846166,862.6153846153846,1027.8461538461538,159.76923076923072,96.0,638.0,1415.0,195.0,103.79999999999995,983.6666666666666,597.7333333333333,146.39999999999998,101.90909090909076,1480.0,1728.1818181818182,136.72727272727275,81.64705882352928,300.47058823529414,1244.4705882352941,128.41176470588232,74.00000000000011,1892.6666666666667,994.6666666666666,115.33333333333326,98.39999999999998,1484.8,873.0,120.60000000000014,100.0,1886.8,1562.6,112.60000000000014,94.33333333333331,2015.0,499.3333333333333,117.0,81.0,1826.0,1315.0,93.0,35.0,559.8,1463.6,36.0
129,91.23076923076928,868.6923076923077,1027.076923076923,159.61538461538464,96.71428571428578,638.8571428571429,1416.142857142857,194.85714285714278,104.39999999999998,990.0,593.2,146.20000000000005,102.09090909090924,1492.0,1727.8181818181818,137.27272727272725,81.35294117647072,306.52941176470586,1240.5294117647059,129.58823529411768,72.99999999999989,1904.3333333333333,996.3333333333334,106.66666666666674,98.20000000000005,1494.15,874.5,122.04999999999995,100.0,1907.0,1562.0,106.0,94.16666666666669,2022.5,499.6666666666667,123.5,82.40000000000009,1833.0,1311.0,89.79999999999995,35.0,564.4,1465.8,36.0
130,88.9230769230769,874.7692307692307,1026.3076923076924,159.46153846153857,97.42857142857156,639.7142857142857,1417.2857142857142,194.71428571428578,105.0,996.3333333333334,588.6666666666666,145.9999999999999,102.27272727272725,1504.0,1727.4545454545455,137.81818181818176,81.05882352941194,312.5882352941177,1236.5882352941176,130.76470588235293,72.0,1916.0,998.0,98.0,98.0,1503.5,876.0,123.5,98.0,1915.25,1563.0,116.0,94.0,2030.0,500.0,130.0,83.79999999999995,1840.0,1307.0,86.59999999999991,35.0,569.0,1468.0,36.0
131,86.61538461538476,880.8461538461538,1025.5384615384614,159.30769230769238,98.14285714285734,640.5714285714286,1418.4285714285713,194.57142857142856,105.60000000000002,1002.6666666666666,584.1333333333333,145.80000000000007,102.4545454545455,1516.0,1727.090909090909,138.36363636363626,80.76470588235293,318.6470588235294,1232.6470588235295,131.9411764705883,75.10000000000002,1920.5,997.1,101.29999999999995,97.79999999999995,1512.85,877.5,124.95000000000005,96.0,1923.5,1564.0,126.0,93.70000000000005,2042.5,503.0,129.0999999999999,85.20000000000005,1847.0,1303.0,83.40000000000009,35.0,577.6,1470.0,36.0
132,84.30769230769238,886.9230769230769,1024.7692307692307,159.1538461538462,98.85714285714266,641.4285714285714,1419.5714285714287,194.42857142857144,106.19999999999993,1009.0,579.6,145.5999999999999,102.63636363636351,1528.0,1726.7272727272727,138.909090909091,80.47058823529414,324.7058823529412,1228.7058823529412,133.11764705882348,78.20000000000005,1925.0,996.2,104.59999999999991,97.60000000000002,1522.2,879.0,126.39999999999986,94.0,1931.75,1565.0,136.0,93.39999999999998,2055.0,506.0,128.19999999999982,86.59999999999991,1854.0,1299.0,80.20000000000005,35.0,586.2,1472.0,36.0
133,82.0,893.0,1024.0,159.0,99.57142857142844,642.2857142857143,1420.7142857142858,194.28571428571422,106.80000000000007,1015.3333333333334,575.0666666666666,145.39999999999998,102.81818181818198,1540.0,1726.3636363636363,139.4545454545455,80.17647058823536,330.7647058823529,1224.764705882353,134.29411764705884,81.29999999999995,1929.5,995.3,107.90000000000009,97.39999999999998,1531.55,880.5,127.85000000000014,92.0,1940.0,1566.0,146.0,93.10000000000002,2067.5,509.0,127.30000000000018,88.0,1861.0,1295.0,77.0,35.0,594.8,1474.0,36.0
134,83.71428571428567,899.1428571428571,1023.2857142857143,153.57142857142867,100.28571428571422,643.1428571428571,1421.857142857143,194.14285714285722,107.39999999999998,1021.6666666666666,570.5333333333333,145.20000000000016,103.0,1552.0,1726.0,140.0,79.88235294117658,336.8235294117647,1220.8235294117646,135.4705882352941,84.39999999999998,1934.0,994.4,111.20000000000005,97.20000000000005,1540.9,882.0,129.29999999999995,93.14285714285711,1958.7142857142858,1566.2857142857142,142.28571428571422,92.79999999999995,2080.0,512.0,126.40000000000009,86.42857142857133,1867.857142857143,1293.5714285714287,80.42857142857133,35.0,603.4,1476.0,36.0
135,85.42857142857144,905.2857142857143,1022.5714285714286,148.142857142857,101.0,644.0,1423.0,194.0,108.0,1028.0,566.0,145.0,103.0,1565.6666666666667,1726.6666666666667,133.0,79.58823529411757,342.88235294117646,1216.8823529411766,136.6470588235294,87.5,1938.5,993.5,114.5,97.0,1550.25,883.5,130.75,94.28571428571422,1977.4285714285713,1566.5714285714287,138.57142857142867,92.5,2092.5,515.0,125.5,84.85714285714289,1874.7142857142858,1292.142857142857,83.85714285714289,35.0,612.0,1478.0,36.0
136,87.14285714285711,911.4285714285714,1021.8571428571429,142.71428571428567,106.5,649.0,1419.5,190.0,106.80000000000007,1034.4,563.4,141.0,103.0,1579.3333333333333,1727.3333333333333,126.0,79.29411764705878,348.94117647058823,1212.9411764705883,137.8235294117647,90.60000000000002,1943.0,992.6,117.80000000000018,96.79999999999995,1559.6,885.0,132.20000000000005,95.42857142857133,1996.142857142857,1566.857142857143,134.8571428571429,92.20000000000005,2105.0,518.0,124.59999999999991,83.28571428571422,1881.5714285714287,1290.7142857142858,87.28571428571422,35.0,621.8,1480.4,36.0
137,88.85714285714289,917.5714285714286,1021.1428571428571,137.28571428571433,112.0,654.0,1416.0,186.0,105.60000000000002,1040.8,560.8,137.0,103.0,1593.0,1728.0,119.0,79.0,355.0,1209.0,139.0,93.70000000000005,1947.5,991.7,121.09999999999991,96.60000000000002,1568.95,886.5,133.64999999999986,96.57142857142867,2014.857142857143,1567.142857142857,131.1428571428571,91.89999999999998,2117.5,521.0,123.69999999999982,81.71428571428578,1888.4285714285713,1289.2857142857142,90.71428571428578,35.0,631.6,1482.8,36.0
138,90.57142857142856,923.7142857142857,1020.4285714285714,131.857142857143,109.66666666666674,659.3333333333334,1420.3333333333333,181.33333333333326,104.39999999999998,1047.2,558.2,133.0,102.66666666666674,1614.3333333333333,1728.3333333333333,112.33333333333348,79.0,368.6666666666667,1205.6666666666667,140.0,96.79999999999995,1952.0,990.8,124.40000000000009,96.39999999999998,1578.3,888.0,135.10000000000014,97.71428571428578,2033.5714285714287,1567.4285714285713,127.42857142857133,91.60000000000002,2130.0,524.0,122.80000000000018,80.14285714285711,1895.2857142857142,1287.857142857143,94.14285714285711,35.0,641.4,1485.2,36.0
139,92.28571428571433,929.8571428571429,1019.7142857142857,126.42857142857133,107.33333333333326,664.6666666666666,1424.6666666666667,176.66666666666674,103.19999999999993,1053.6,555.6,129.0,102.33333333333326,1635.6666666666667,1728.6666666666667,105.66666666666652,79.0,382.3333333333333,1202.3333333333333,141.00000000000006,99.89999999999998,1956.5,989.9,127.69999999999982,96.20000000000005,1587.65,889.5,136.54999999999995,98.85714285714289,2052.285714285714,1567.7142857142858,123.71428571428578,91.29999999999995,2142.5,527.0,121.90000000000009,78.57142857142867,1902.142857142857,1286.4285714285713,97.57142857142867,35.0,651.2,1487.6,36.0
140,94.0,936.0,1019.0,121.0,105.0,670.0,1429.0,172.0,102.0,1060.0,553.0,125.0,102.0,1657.0,1729.0,99.0,79.0,396.0,1199.0,142.0,103.0,1961.0,989.0,131.0,96.0,1597.0,891.0,138.0,100.0,2071.0,1568.0,120.0,91.0,2155.0,530.0,121.0,77.0,1909.0,1285.0,101.0,35.0,661.0,1490.0,36.0
141,94.28571428571433,942.0,1019.4285714285714,126.28571428571422,98.80000000000018,679.6,1438.6,169.79999999999995,101.36363636363637,1067.1818181818182,551.6363636363636,125.90909090909076,102.0,1662.5,1729.5,107.5,79.0,403.75,1198.25,135.0,101.0,1963.5,992.0,133.0,96.0,1608.2,892.2,137.39999999999986,98.0,2079.0,1569.0,124.0,91.0,2165.2727272727275,530.9090909090909,122.09090909090901,77.20000000000005,1916.55,1283.05,101.15000000000009,35.0,671.6,1490.4,36.0
142,94.57142857142844,948.0,1019.8571428571429,131.57142857142867,92.59999999999991,689.2,1448.2,167.5999999999999,100.72727272727275,1074.3636363636363,550.2727272727273,126.81818181818198,102.0,1668.0,1730.0,116.0,79.0,411.5,1197.5,128.0,99.0,1966.0,995.0,135.0,96.0,1619.4,893.4,136.79999999999995,96.0,2087.0,1570.0,128.0,91.0,2175.5454545454545,531.8181818181819,123.18181818181802,77.40000000000009,1924.1,1281.1,101.30000000000018,35.0,682.2,1490.8,36.0
143,94.85714285714278,954.0,1020.2857142857143,136.8571428571429,86.40000000000009,698.8,1457.8,165.4000000000001,100.09090909090912,1081.5454545454545,548.9090909090909,127.72727272727275,102.0,1676.0,1730.5,122.0,79.0,419.25,1196.75,121.0,97.0,1978.0,998.25,127.25,96.0,1630.6,894.6,136.20000000000005,95.66666666666674,2097.6666666666665,1570.0,133.66666666666697,91.0,2185.818181818182,532.7272727272727,124.27272727272702,77.59999999999991,1931.65,1279.15,101.44999999999982,35.0,692.8,1491.2,36.0
144,95.14285714285722,960.0,1020.7142857142857,142.1428571428571,80.19999999999982,708.4,1467.4,163.20000000000005,99.4545454545455,1088.7272727272727,547.5454545454545,128.6363636363635,102.0,1684.0,1731.0,128.0,79.0,427.0,1196.0,114.0,95.0,1990.0,1001.5,119.5,96.0,1641.8,895.8,135.60000000000014,95.33333333333326,2108.3333333333335,1570.0,139.33333333333303,91.0,2196.090909090909,533.6363636363636,125.36363636363649,77.79999999999995,1939.2,1277.2,101.59999999999991,35.0,703.4,1491.6,36.0
145,95.42857142857156,966.0,1021.1428571428571,147.42857142857133,74.0,718.0,1477.0,161.0,98.81818181818187,1095.909090909091,546.1818181818181,129.5454545454545,102.0,1693.5,1731.5,132.5,84.0,437.5,1188.5,119.0,93.0,2002.0,1004.75,111.75,96.0,1653.0,897.0,135.0,95.0,2119.0,1570.0,145.0,91.0,2206.3636363636365,534.5454545454545,126.4545454545455,78.0,1946.75,1275.25,101.75,35.0,714.0,1492.0,36.0
146,95.71428571428567,972.0,1021.5714285714286,152.71428571428578,77.0,722.1666666666666,1478.0,160.5,98.18181818181813,1103.090909090909,544.8181818181819,130.4545454545455,102.0,1703.0,1732.0,137.0,89.0,448.0,1181.0,124.0,91.0,2014.0,1008.0,104.0,96.0,1664.2,898.2,134.39999999999986,93.63636363636374,2134.7272727272725,1569.8181818181818,145.09090909090946,91.0,2216.6363636363635,535.4545454545455,127.5454545454545,78.20000000000005,1954.3,1273.3,101.89999999999986,35.0,725.8,1489.6,36.0
147,96.0,978.0,1022.0,158.0,80.0,726.3333333333334,1479.0,160.0,97.5454545454545,1110.2727272727273,543.4545454545455,131.3636363636365,102.18181818181824,1716.5454545454545,1732.2727272727273,137.09090909090924,87.0,458.6666666666667,1180.0,132.99999999999994,89.11111111111109,2018.111111111111,1008.7777777777778,107.44444444444457,96.0,1675.4,899.4,133.79999999999995,92.27272727272725,2150.4545454545455,1569.6363636363637,145.18181818181802,91.0,2226.909090909091,536.3636363636364,128.6363636363635,78.40000000000009,1961.85,1271.35,102.05000000000018,35.0,737.6,1487.2,36.0
148,95.30769230769226,984.0769230769231,1022.5384615384615,156.76923076923072,83.0,730.5,1480.0,159.5,96.90909090909088,1117.4545454545455,542.0909090909091,132.27272727272725,102.36363636363649,1730.090909090909,1732.5454545454545,137.18181818181824,85.0,469.3333333333333,1179.0,142.00000000000006,87.22222222222229,2022.2222222222222,1009.5555555555555,110.88888888888914,96.0,1686.6,900.6,133.20000000000005,90.90909090909076,2166.181818181818,1569.4545454545455,145.27272727272748,91.0,2237.181818181818,537.2727272727273,129.72727272727298,78.59999999999991,1969.4,1269.4,102.19999999999982,35.0,749.4,1484.8,36.0
149,94.61538461538453,990.1538461538462,1023.0769230769231,155.53846153846143,86.0,734.6666666666666,1481.0,159.0,96.27272727272725,1124.6363636363637,540.7272727272727,133.18181818181802,102.5454545454545,1743.6363636363637,1732.8181818181818,137.27272727272725,83.0,480.0,1178.0,151.0,85.33333333333337,2026.3333333333333,1010.3333333333334,114.33333333333326,96.0,1697.8,901.8,132.60000000000014,89.5454545454545,2181.909090909091,1569.2727272727273,145.3636363636365,91.0,2247.4545454545455,538.1818181818181,130.81818181818198,78.79999999999995,1976.95,1267.45,102.35000000000014,35.0,761.2,1482.4,36.0
150,93.92307692307679,996.2307692307693,1023.6153846153846,154.30769230769215,89.0,738.8333333333334,1482.0,158.5,95.63636363636363,1131.8181818181818,539.3636363636364,134.09090909090924,102.72727272727275,1757.1818181818182,1733.090909090909,137.36363636363626,82.75,492.0,1178.0,141.5,83.44444444444457,2030.4444444444443,1011.1111111111111,117.77777777777783,96.0,1709.0,903.0,132.0,88.18181818181824,2197.6363636363635,1569.090909090909,145.4545454545455,91.0,2257.7272727272725,539.0909090909091,131.909090909091,79.0,1984.5,1265.5,102.5,35.0,773.0,1480.0,36.0
151,93.23076923076928,1002.3076923076923,1024.1538461538462,153.0769230769232,92.0,743.0,1483.0,158.0,95.0,1139.0,538.0,135.0,102.90909090909099,1770.7272727272727,1733.3636363636363,137.4545454545455,82.5,504.0,1178.0,132.0,81.55555555555543,2034.5555555555557,1011.8888888888889,121.22222222222217,96.0,1720.2,904.2,131.39999999999986,86.81818181818176,2213.3636363636365,1568.909090909091,145.5454545454545,91.0,2268.0,540.0,133.0,79.20000000000005,1992.05,1263.55,102.64999999999986,35.0,783.2,1482.8,36.0
152,92.53846153846166,1008.3846153846154,1024.6923076923076,151.84615384615392,92.22222222222217,747.1111111111111,1484.111111111111,154.33333333333337,96.0,1142.0,536.0,136.0,103.09090909090901,1784.2727272727273,1733.6363636363637,137.5454545454545,82.25,516.0,1178.0,122.5,79.66666666666663,2038.6666666666667,1012.6666666666666,124.66666666666674,96.0,1731.4,905.4,130.79999999999995,85.4545454545455,2229.090909090909,1568.7272727272727,145.6363636363635,91.0,2278.4444444444443,542.2222222222222,133.0,79.40000000000009,1999.6,1261.6,102.80000000000018,35.0,793.4,1485.6,36.0
153,91.84615384615381,1014.4615384615385,1025.2307692307693,150.61538461538464,92.44444444444457,751.2222222222222,1485.2222222222222,150.66666666666674,99.0,1145.0,533.0,134.5,103.27272727272725,1797.8181818181818,1733.909090909091,137.63636363636374,82.0,528.0,1178.0,113.0,77.77777777777771,2042.7777777777778,1013.4444444444445,128.11111111111086,96.0,1742.6,906.6,130.20000000000005,84.09090909090924,2244.818181818182,1568.5454545454545,145.72727272727252,91.0,2288.8888888888887,544.4444444444445,133.0,79.59999999999991,2007.15,1259.65,102.94999999999982,35.0,803.6,1488.4,36.0
154,91.15384615384619,1020.5384615384615,1025.7692307692307,149.38461538461536,92.66666666666674,755.3333333333334,1486.3333333333333,147.0,102.0,1148.0,530.0,133.0,103.4545454545455,1811.3636363636363,1734.1818181818182,137.72727272727275,81.57142857142867,539.0,1178.4285714285713,117.14285714285711,75.88888888888891,2046.888888888889,1014.2222222222222,131.55555555555543,96.0,1753.8,907.8,129.60000000000014,82.72727272727275,2260.5454545454545,1568.3636363636363,145.81818181818198,91.0,2299.3333333333335,546.6666666666666,133.0,79.79999999999995,2014.7,1257.7,103.10000000000014,35.0,813.8,1491.2,36.0
155,90.46153846153834,1026.6153846153845,1026.3076923076924,148.1538461538462,92.88888888888891,759.4444444444445,1487.4444444444443,143.33333333333337,102.0,1160.6666666666667,528.1666666666666,125.5,103.63636363636351,1824.909090909091,1734.4545454545455,137.81818181818176,81.14285714285711,550.0,1178.857142857143,121.28571428571433,74.0,2051.0,1015.0,135.0,96.0,1765.0,909.0,129.0,81.36363636363626,2276.2727272727275,1568.1818181818182,145.90909090909054,91.0,2309.777777777778,548.8888888888889,133.0,80.0,2022.25,1255.75,103.25,35.0,824.0,1494.0,36.0
156,89.76923076923072,1032.6923076923076,1026.8461538461538,146.9230769230769,93.11111111111109,763.5555555555555,1488.5555555555557,139.66666666666663,102.0,1173.3333333333333,526.3333333333334,118.0,103.81818181818176,1838.4545454545455,1734.7272727272727,137.90909090909076,80.71428571428578,561.0,1179.2857142857142,125.42857142857144,75.20000000000005,2061.4,1013.2,128.0,96.0,1776.2,910.2,128.39999999999986,80.0,2292.0,1568.0,146.0,91.0,2320.222222222222,551.1111111111111,133.0,80.20000000000005,2029.8,1253.8,103.39999999999986,35.0,831.0,1496.0,36.0
157,89.0769230769231,1038.7692307692307,1027.3846153846155,145.69230769230785,93.33333333333326,767.6666666666666,1489.6666666666667,136.0,102.0,1186.0,524.5,110.5,104.0,1852.0,1735.0,138.0,80.28571428571422,572.0,1179.7142857142858,129.57142857142856,76.39999999999998,2071.8,1011.4,121.0,96.0,1787.4,911.4,127.79999999999995,85.0,2310.75,1561.75,142.75,91.0,2330.6666666666665,553.3333333333334,133.0,80.40000000000009,2037.35,1251.85,103.55000000000018,35.0,838.0,1498.0,36.0
158,88.38461538461547,1044.8461538461538,1027.923076923077,144.46153846153857,93.55555555555543,771.7777777777778,1490.7777777777778,132.33333333333326,102.0,1198.6666666666667,522.6666666666666,103.0,104.33333333333348,1872.3333333333333,1735.3333333333333,133.0,79.85714285714289,583.0,1180.142857142857,133.71428571428578,77.60000000000002,2082.2,1009.6,114.0,96.0,1798.6,912.6,127.20000000000005,90.0,2329.5,1555.5,139.5,91.0,2341.1111111111113,555.5555555555555,133.0,80.59999999999991,2044.9,1249.9,103.69999999999982,35.0,845.0,1500.0,36.0
159,87.69230769230762,1050.923076923077,1028.4615384615386,143.23076923076928,93.77777777777783,775.8888888888889,1491.888888888889,128.66666666666663,102.0,1211.3333333333333,520.8333333333334,95.5,104.66666666666652,1892.6666666666667,1735.6666666666667,128.0,79.42857142857133,594.0,1180.5714285714287,137.8571428571429,78.79999999999995,2092.6,1007.8,107.0,96.0,1809.8,913.8,126.60000000000014,95.0,2348.25,1549.25,136.25,91.0,2351.5555555555557,557.7777777777778,133.0,80.79999999999995,2052.45,1247.95,103.85000000000036,35.0,851.5,1488.0,36.0
160,87.0,1057.0,1029.0,142.0,94.0,780.0,1493.0,125.0,102.0,1224.0,519.0,88.0,105.0,1913.0,1736.0,123.0,79.0,605.0,1181.0,142.0,80.0,2103.0,1006.0,100.0,96.0,1821.0,915.0,126.0,100.0,2367.0,1543.0,133.0,91.0,2362.0,560.0,133.0,81.0,2060.0,1246.0,104.0,35.0,858.0,1476.0,36.0
161,87.66666666666674,1061.3333333333333,1030.0,147.0,94.16666666666674,783.1666666666666,1494.3333333333333,128.83333333333337,98.75,1228.0,517.75,97.25,105.59999999999991,1925.75,1735.95,123.15000000000009,79.0,617.2,1180.2,136.19999999999993,81.18181818181824,2107.7272727272725,1003.5454545454545,103.81818181818198,95.66666666666663,1827.3333333333333,916.0,129.0,97.79999999999995,2379.6,1543.0,138.0,91.75,2371.875,559.875,133.875,80.28571428571422,2068.0,1245.0,105.0,35.0,864.6,1456.2,36.0
162,88.33333333333326,1065.6666666666667,1031.0,152.0,94.33333333333326,786.3333333333334,1495.6666666666667,132.66666666666663,95.5,1232.0,516.5,106.5,106.19999999999982,1938.5,1735.9,123.30000000000018,79.0,629.4,1179.4,130.39999999999998,82.36363636363637,2112.4545454545455,1001.0909090909091,107.63636363636351,95.33333333333337,1833.6666666666667,917.0,132.0,95.59999999999991,2392.2,1543.0,143.0,92.5,2381.75,559.75,134.75,79.57142857142867,2076.0,1244.0,106.0,35.0,871.2,1436.4,36.0
163,89.0,1070.0,1032.0,157.0,94.5,789.5,1497.0,136.5,92.25,1236.0,515.25,115.75,106.80000000000018,1951.25,1735.85,123.44999999999982,79.0,641.6,1178.6,124.60000000000002,83.54545454545462,2117.181818181818,998.6363636363636,111.4545454545455,95.0,1840.0,918.0,135.0,93.40000000000009,2404.8,1543.0,148.0,93.25,2391.625,559.625,135.625,78.85714285714289,2084.0,1243.0,107.0,35.0,877.8,1416.6,36.0
164,89.52941176470586,1077.0588235294117,1032.5882352941176,156.11764705882365,94.66666666666674,792.6666666666666,1498.3333333333333,140.33333333333337,89.0,1240.0,514.0,125.0,107.40000000000009,1964.0,1735.8,123.59999999999991,79.0,653.8,1177.8,118.80000000000007,84.72727272727286,2121.909090909091,996.1818181818181,115.27272727272702,94.125,1851.875,919.0,134.0,91.20000000000005,2417.4,1543.0,153.0,94.0,2401.5,559.5,136.5,78.14285714285711,2092.0,1242.0,108.0,35.0,884.4,1396.8,36.0
165,90.05882352941171,1084.1176470588234,1033.1764705882354,155.23529411764707,94.83333333333326,795.8333333333334,1499.6666666666667,144.16666666666663,89.0,1249.3333333333333,512.3333333333334,127.66666666666674,108.0,1976.75,1735.75,123.75,79.0,666.0,1177.0,113.0,85.90909090909099,2126.6363636363635,993.7272727272727,119.09090909090901,93.25,1863.75,920.0,133.0,89.0,2430.0,1543.0,158.0,94.75,2411.375,559.375,137.375,77.42857142857133,2100.0,1241.0,109.0,35.0,891.0,1377.0,36.0
166,90.58823529411757,1091.1764705882354,1033.764705882353,154.3529411764705,95.0,799.0,1501.0,148.0,88.99999999999994,1258.6666666666667,510.6666666666667,130.33333333333326,108.59999999999991,1989.5,1735.7,123.90000000000009,79.0,678.0,1176.75,119.5,87.09090909090901,2131.3636363636365,991.2727272727273,122.90909090909099,92.375,1875.625,921.0,132.0,89.5,2444.25,1540.75,157.0,95.5,2421.25,559.25,138.25,76.71428571428578,2108.0,1240.0,110.0,35.0,900.0,1357.4,36.0
167,91.11764705882365,1098.235294117647,1034.3529411764705,153.47058823529414,95.85714285714289,803.3571428571429,1501.2142857142858,147.78571428571422,89.0,1268.0,509.0,133.0,109.19999999999982,2002.25,1735.65,124.05000000000018,79.0,690.0,1176.5,126.0,88.27272727272714,2136.090909090909,988.8181818181819,126.72727272727298,91.5,1887.5,922.0,131.0,90.0,2458.5,1538.5,156.0,96.25,2431.125,559.125,139.125,76.0,2116.0,1239.0,111.0,35.0,909.0,1337.8,36.0
168,91.64705882352928,1105.2941176470588,1034.9411764705883,152.5882352941178,96.71428571428578,807.7142857142857,1501.4285714285713,147.57142857142867,90.45454545454538,1278.4545454545455,507.72727272727275,134.0,109.80000000000018,2015.0,1735.6,124.19999999999982,79.0,702.0,1176.25,132.5,89.45454545454538,2140.818181818182,986.3636363636364,130.5454545454545,90.625,1899.375,923.0,130.0,90.5,2472.75,1536.25,155.0,97.0,2441.0,559.0,140.0,78.57142857142844,2127.714285714286,1234.7142857142858,106.28571428571422,35.0,918.0,1318.2,36.0
169,92.17647058823536,1112.3529411764705,1035.5294117647059,151.70588235294122,97.57142857142867,812.0714285714286,1501.642857142857,147.3571428571429,91.90909090909093,1288.909090909091,506.45454545454544,135.0,110.40000000000009,2027.75,1735.55,124.34999999999991,79.0,714.0,1176.0,139.0,90.63636363636363,2145.5454545454545,983.9090909090909,134.3636363636365,89.75,1911.25,924.0,129.0,91.0,2487.0,1534.0,154.0,96.5,2449.3333333333335,560.5,139.33333333333303,81.14285714285734,2139.4285714285716,1230.4285714285713,101.57142857142844,35.0,927.0,1298.6,36.0
170,92.70588235294122,1119.4117647058824,1036.1176470588234,150.82352941176464,98.42857142857133,816.4285714285714,1501.857142857143,147.1428571428571,93.36363636363632,1299.3636363636363,505.1818181818182,136.0,111.0,2040.5,1735.5,124.5,79.5,727.3333333333334,1177.5,133.0,91.81818181818176,2150.2727272727275,981.4545454545455,138.18181818181802,88.875,1923.125,925.0,128.0,89.75,2508.5,1530.5,147.5,96.0,2457.6666666666665,562.0,138.66666666666697,83.71428571428578,2151.1428571428573,1226.142857142857,96.85714285714266,35.0,936.0,1279.0,36.0
171,93.23529411764707,1126.4705882352941,1036.7058823529412,149.9411764705883,99.28571428571422,820.7857142857143,1502.0714285714287,146.92857142857133,94.81818181818181,1309.8181818181818,503.90909090909093,137.0,111.59999999999991,2053.25,1735.45,124.65000000000009,80.0,740.6666666666666,1179.0,127.0,93.0,2155.0,979.0,142.0,88.0,1935.0,926.0,127.0,88.5,2530.0,1527.0,141.0,95.5,2466.0,563.5,138.0,86.28571428571422,2162.8571428571427,1221.857142857143,92.14285714285734,35.0,931.4,1271.6,36.0
172,93.76470588235293,1133.5294117647059,1037.2941176470588,149.0588235294117,100.14285714285711,825.1428571428571,1502.2857142857142,146.71428571428578,96.27272727272725,1320.2727272727273,502.6363636363636,138.0,112.19999999999982,2066.0,1735.4,124.80000000000018,80.5,754.0,1180.5,121.0,92.20000000000005,2166.6,978.8,131.20000000000027,89.44444444444446,1947.5555555555557,928.0,125.33333333333303,87.25,2551.5,1523.5,134.5,95.0,2474.3333333333335,565.0,137.33333333333303,88.85714285714266,2174.5714285714284,1217.5714285714287,87.42857142857156,35.0,926.8,1264.2,36.0
173,94.29411764705878,1140.5882352941176,1037.8823529411766,148.17647058823536,101.0,829.5,1502.5,146.5,97.72727272727275,1330.7272727272727,501.3636363636364,139.0,112.80000000000018,2078.75,1735.35,124.94999999999982,81.0,767.3333333333334,1182.0,115.0,91.39999999999998,2178.2,978.6,120.40000000000009,90.88888888888891,1960.111111111111,930.0,123.66666666666674,86.0,2573.0,1520.0,128.0,94.5,2482.6666666666665,566.5,136.66666666666697,91.42857142857156,2186.285714285714,1213.2857142857142,82.71428571428578,35.0,922.2,1256.8,36.0
174,94.82352941176464,1147.6470588235295,1038.4705882352941,147.29411764705878,101.85714285714289,833.8571428571429,1502.7142857142858,146.28571428571422,99.18181818181819,1341.1818181818182,500.09090909090907,140.0,113.40000000000009,2091.5,1735.3,125.09999999999991,81.5,780.6666666666666,1183.5,109.0,90.60000000000002,2189.8,978.4,109.59999999999991,92.33333333333326,1972.6666666666667,932.0,121.99999999999977,85.79999999999995,2582.6,1516.4,132.20000000000027,94.0,2491.0,568.0,136.0,94.0,2198.0,1209.0,78.0,35.0,917.6,1249.4,36.0
175,95.35294117647072,1154.7058823529412,1039.0588235294117,146.4117647058822,102.71428571428578,838.2142857142857,1502.9285714285713,146.07142857142867,100.63636363636368,1351.6363636363637,498.8181818181818,141.0,114.0,2104.25,1735.25,125.25,82.0,794.0,1185.0,103.0,89.79999999999995,2201.4,978.2,98.79999999999973,93.77777777777783,1985.2222222222222,934.0,120.33333333333348,85.60000000000014,2592.2,1512.8,136.4000000000001,93.5,2500.5,571.6666666666666,135.5,91.25,2198.25,1209.25,86.75,35.0,913.0,1242.0,36.0
176,95.88235294117635,1161.764705882353,1039.6470588235295,145.52941176470586,103.57142857142867,842.5714285714286,1503.142857142857,145.8571428571429,102.09090909090907,1362.090909090909,497.54545454545456,142.0,114.59999999999991,2117.0,1735.2,125.40000000000009,81.33333333333348,804.3333333333334,1185.3333333333333,117.0,89.0,2213.0,978.0,88.0,95.22222222222217,1997.7777777777778,936.0,118.66666666666652,85.39999999999986,2601.8,1509.2,140.5999999999999,93.0,2510.0,575.3333333333334,135.0,88.5,2198.5,1209.5,95.5,34.5,909.5,1235.5,35.0
177,96.41176470588243,1168.8235294117646,1040.235294117647,144.6470588235295,104.42857142857133,846.9285714285714,1503.357142857143,145.6428571428571,103.54545454545462,1372.5454545454545,496.27272727272725,143.0,115.19999999999982,2129.75,1735.15,125.55000000000018,80.66666666666652,814.6666666666666,1185.6666666666667,131.0,88.25,2216.0,977.75,94.0,96.66666666666674,2010.3333333333333,938.0,117.00000000000023,85.20000000000005,2611.4,1505.6,144.79999999999973,92.5,2519.5,579.0,134.5,85.75,2198.75,1209.75,104.25,34.0,906.0,1229.0,34.0
178,96.94117647058829,1175.8823529411766,1040.8235294117646,143.76470588235293,105.28571428571422,851.2857142857143,1503.5714285714287,145.42857142857133,105.0,1383.0,495.0,144.0,115.80000000000018,2142.5,1735.1,125.69999999999982,80.0,825.0,1186.0,145.0,87.5,2219.0,977.5,100.0,98.11111111111109,2022.888888888889,940.0,115.33333333333326,85.0,2621.0,1502.0,149.0,92.0,2529.0,582.6666666666666,134.0,83.0,2199.0,1210.0,113.0,33.0,902.0,1223.0,33.0
179,97.47058823529414,1182.9411764705883,1041.4117647058824,142.88235294117635,106.14285714285711,855.6428571428571,1503.7857142857142,145.21428571428578,106.5,1398.5,492.5,131.5,116.40000000000009,2155.25,1735.05,125.84999999999991,79.5,835.0,1186.5,143.5,86.75,2222.0,977.25,106.0,99.55555555555566,2035.4444444444443,942.0,113.66666666666697,85.0,2639.0,1498.5,145.0,91.5,2538.5,586.3333333333334,133.5,80.0,2210.0,1210.5,111.0,32.0,910.0,1220.0,32.5
180,98.0,1190.0,1042.0,142.0,107.0,860.0,1504.0,145.0,108.0,1414.0,490.0,119.0,117.0,2168.0,1735.0,126.0,79.0,845.0,1187.0,142.0,86.0,2225.0,977.0,112.0,101.0,2048.0,944.0,112.0,85.0,2657.0,1495.0,141.0,91.0,2548.0,590.0,133.0,77.0,2221.0,1211.0,109.0,31.0,918.0,1217.0,32.0
181,97.28571428571422,1198.2857142857142,1041.857142857143,134.8571428571429,106.75,864.5,1503.75,149.0,107.64999999999998,1426.1,488.35,120.55000000000018,115.0,2182.0,1736.0,126.5,79.5,861.0,1186.6666666666667,136.16666666666663,86.66666666666674,2223.3333333333335,975.0,120.66666666666652,101.0,2049.5,947.5,122.0,83.71428571428555,2669.8571428571427,1491.7142857142858,141.0,91.36363636363637,2556.4545454545455,590.2727272727273,133.0,78.0,2231.0,1211.0,105.66666666666652,31.0,929.0,1220.6,32.0
182,96.57142857142844,1206.5714285714287,1041.7142857142858,127.71428571428555,106.5,869.0,1503.5,153.0,107.30000000000001,1438.2,486.7,122.09999999999991,113.0,2196.0,1737.0,127.0,80.0,877.0,1186.3333333333333,130.33333333333337,87.33333333333326,2221.6666666666665,973.0,129.33333333333348,101.0,2051.0,951.0,132.0,82.42857142857156,2682.714285714286,1488.4285714285713,141.0,91.72727272727275,2564.909090909091,590.5454545454545,133.0,79.0,2241.0,1211.0,102.33333333333348,31.0,940.0,1224.2,32.0
183,95.85714285714266,1214.857142857143,1041.5714285714287,120.57142857142844,106.25,873.5,1503.25,157.0,106.94999999999999,1450.3,485.05,123.65000000000009,111.0,2210.0,1738.0,127.5,80.5,893.0,1186.0,124.5,88.0,2220.0,971.0,138.0,101.0,2061.25,954.25,130.75,81.14285714285711,2695.5714285714284,1485.142857142857,141.0,92.09090909090901,2573.3636363636365,590.8181818181819,133.0,80.0,2251.0,1211.0,99.0,31.0,951.0,1227.8,32.0
184,95.14285714285734,1223.142857142857,1041.4285714285713,113.42857142857156,106.0,878.0,1503.0,161.0,106.60000000000002,1462.4,483.4,125.19999999999982,109.0,2224.0,1739.0,128.0,81.0,909.0,1185.6666666666667,118.66666666666674,88.11111111111109,2229.777777777778,969.1111111111111,134.55555555555566,101.0,2071.5,957.5,129.5,79.85714285714289,2708.4285714285716,1481.857142857143,141.0,92.45454545454538,2581.818181818182,591.0909090909091,133.0,81.0,2261.0,1211.0,95.66666666666652,31.0,962.0,1231.4,32.0
185,94.42857142857156,1231.4285714285713,1041.2857142857142,106.28571428571445,105.0625,883.25,1501.6875,160.1875,106.25,1474.5,481.75,126.75,108.75,2233.75,1740.0,130.5,81.5,925.0,1185.3333333333333,112.83333333333326,88.22222222222217,2239.5555555555557,967.2222222222222,131.11111111111086,101.0,2081.75,960.75,128.25,78.57142857142844,2721.285714285714,1478.5714285714287,141.0,92.81818181818176,2590.2727272727275,591.3636363636364,133.0,82.0,2271.0,1211.0,92.33333333333348,31.0,973.0,1235.0,32.0
186,93.71428571428578,1239.7142857142858,1041.142857142857,99.14285714285711,104.125,888.5,1500.375,159.375,105.89999999999998,1486.6,480.1,128.30000000000018,108.5,2243.5,1741.0,133.0,82.0,941.0,1185.0,107.0,88.33333333333337,2249.3333333333335,965.3333333333334,127.66666666666652,101.0,2092.0,964.0,127.0,77.28571428571445,2734.1428571428573,1475.2857142857142,141.0,93.18181818181824,2598.7272727272725,591.6363636363636,133.0,83.0,2281.0,1211.0,89.0,31.0,989.0,1237.0,32.0
187,93.0,1248.0,1041.0,92.0,103.1875,893.75,1499.0625,158.5625,105.55000000000001,1498.7,478.45,129.8499999999999,108.25,2253.25,1742.0,135.5,82.5,949.5,1186.0,124.0,88.44444444444446,2259.1111111111113,963.4444444444445,124.22222222222217,101.0,2103.5,966.625,127.5,76.0,2747.0,1472.0,141.0,93.54545454545462,2607.181818181818,591.9090909090909,133.0,84.0,2281.4285714285716,1210.0,97.85714285714266,31.0,1005.0,1239.0,32.0
188,92.20000000000005,1253.4,1040.0,102.59999999999991,102.25,899.0,1497.75,157.75,105.19999999999999,1510.8,476.8,131.4000000000001,108.0,2263.0,1743.0,138.0,83.0,958.0,1187.0,141.0,88.55555555555554,2268.8888888888887,961.5555555555555,120.77777777777783,101.0,2115.0,969.25,128.0,81.75,2754.0,1462.25,145.5,93.90909090909099,2615.6363636363635,592.1818181818181,133.0,85.0,2281.8571428571427,1209.0,106.71428571428578,31.0,1021.0,1241.0,32.0
189,91.40000000000009,1258.8,1039.0,113.20000000000005,101.3125,904.25,1496.4375,156.9375,104.85000000000002,1522.9,475.15,132.94999999999982,107.83333333333348,2275.3333333333335,1743.8333333333333,137.91666666666652,83.66666666666674,970.5,1188.25,142.0,88.66666666666663,2278.6666666666665,959.6666666666666,117.33333333333348,101.0,2126.5,971.875,128.5,87.5,2761.0,1452.5,150.0,94.27272727272725,2624.090909090909,592.4545454545455,133.0,86.0,2282.285714285714,1208.0,115.57142857142844,31.0,1037.0,1243.0,32.0
190,90.59999999999991,1264.2,1038.0,123.79999999999995,100.375,909.5,1495.125,156.125,104.5,1535.0,473.5,134.5,107.66666666666652,2287.6666666666665,1744.6666666666667,137.83333333333348,84.33333333333326,983.0,1189.5,143.0,88.77777777777783,2288.4444444444443,957.7777777777778,113.88888888888914,101.0,2138.0,974.5,129.0,93.25,2768.0,1442.75,154.5,94.63636363636363,2632.5454545454545,592.7272727272727,133.0,87.0,2282.714285714286,1207.0,124.42857142857156,31.0,1053.0,1245.0,32.0
191,89.79999999999995,1269.6,1037.0,134.4000000000001,99.4375,914.75,1493.8125,155.3125,104.14999999999998,1547.1,471.85,136.05000000000018,107.5,2300.0,1745.5,137.75,85.0,995.5,1190.75,144.0,88.88888888888891,2298.222222222222,955.8888888888889,110.44444444444434,101.0,2149.5,977.125,129.5,99.0,2775.0,1433.0,159.0,95.0,2641.0,593.0,133.0,88.0,2283.1428571428573,1206.0,133.28571428571422,31.0,1075.0,1247.6,32.0
192,89.0,1275.0,1036.0,145.0,98.5,920.0,1492.5,154.5,103.80000000000001,1559.2,470.2,137.5999999999999,107.33333333333348,2312.3333333333335,1746.3333333333333,137.66666666666652,85.66666666666674,1008.0,1192.0,145.0,89.0,2308.0,954.0,107.0,101.0,2161.0,979.75,130.0,101.0,2791.5,1430.5,153.0,95.22222222222217,2650.3333333333335,595.7777777777778,133.0,89.0,2283.5714285714284,1205.0,142.14285714285734,31.0,1097.0,1250.2,32.0
193,90.0,1278.75,1036.5,144.0,97.5625,925.25,1491.1875,153.6875,103.44999999999999,1571.3,468.55,139.1500000000001,107.16666666666652,2324.6666666666665,1747.1666666666667,137.58333333333348,86.33333333333326,1020.5,1193.25,146.0,89.16666666666674,2309.0,952.0,114.16666666666652,101.0,2172.5,982.375,130.5,103.0,2808.0,1428.0,147.0,95.44444444444446,2659.6666666666665,598.5555555555555,133.0,90.0,2284.0,1204.0,151.0,31.0,1119.0,1252.8,32.0
194,91.0,1282.5,1037.0,143.0,96.625,930.5,1489.875,152.875,103.10000000000002,1583.4,466.9,140.69999999999982,107.0,2337.0,1748.0,137.5,87.0,1033.0,1194.5,147.0,89.33333333333326,2310.0,950.0,121.33333333333348,101.0,2184.0,985.0,131.0,100.33333333333326,2824.3333333333335,1426.6666666666667,139.33333333333303,95.66666666666663,2669.0,601.3333333333334,133.0,89.57142857142844,2292.714285714286,1204.857142857143,146.28571428571422,31.0,1141.0,1255.4,32.0
195,92.0,1286.25,1037.5,142.0,95.6875,935.75,1488.5625,152.0625,102.75,1595.5,465.25,142.25,106.83333333333348,2349.3333333333335,1748.8333333333333,137.41666666666652,87.66666666666674,1045.5,1195.75,148.0,89.5,2311.0,948.0,128.5,100.99999999999989,2196.0,989.3333333333334,131.33333333333348,97.66666666666674,2840.6666666666665,1425.3333333333333,131.66666666666697,95.88888888888891,2678.3333333333335,604.1111111111111,133.0,89.14285714285711,2301.4285714285716,1205.7142857142858,141.57142857142844,31.0,1163.0,1258.0,32.0
196,93.0,1290.0,1038.0,141.0,94.75,941.0,1487.25,151.25,102.39999999999998,1607.6,463.6,143.80000000000018,106.66666666666652,2361.6666666666665,1749.6666666666667,137.33333333333348,88.33333333333326,1058.0,1197.0,149.0,89.66666666666674,2312.0,946.0,135.66666666666652,101.00000000000011,2208.0,993.6666666666666,131.66666666666652,95.0,2857.0,1424.0,124.0,96.11111111111109,2687.6666666666665,606.8888888888889,133.0,88.71428571428555,2310.1428571428573,1206.5714285714287,136.85714285714266,31.0,1182.5,1261.5,32.0
197,94.25,1306.75,1038.25,126.75,93.8125,946.25,1485.9375,150.4375,102.05000000000001,1619.7,461.95,145.3499999999999,106.5,2374.0,1750.5,137.25,89.0,1070.5,1198.25,150.0,89.83333333333326,2313.0,944.0,142.83333333333348,101.0,2220.0,998.0,132.0,92.5,2864.0,1425.5,128.25,96.33333333333337,2697.0,609.6666666666666,133.0,88.28571428571445,2318.8571428571427,1207.4285714285713,132.14285714285734,31.0,1202.0,1265.0,32.0
198,95.5,1323.5,1038.5,112.5,92.875,951.5,1484.625,149.625,101.69999999999999,1631.8,460.3,146.9000000000001,106.33333333333348,2386.3333333333335,1751.3333333333333,137.16666666666652,89.66666666666674,1083.0,1199.5,151.0,90.0,2314.0,942.0,150.0,101.0,2238.6666666666665,1002.0,125.33333333333348,90.0,2871.0,1427.0,132.5,96.55555555555554,2706.3333333333335,612.4444444444445,133.0,87.85714285714289,2327.5714285714284,1208.2857142857142,127.42857142857156,31.0,1214.0,1267.0,32.0
199,96.75,1340.25,1038.75,98.25,91.9375,956.75,1483.3125,148.8125,101.35000000000002,1643.9,458.65,148.44999999999982,106.16666666666652,2398.6666666666665,1752.1666666666667,137.08333333333348,90.33333333333326,1095.5,1200.75,152.0,90.0,2325.5,940.0,146.5,101.0,2257.3333333333335,1006.0,118.66666666666652,87.5,2878.0,1428.5,136.75,96.77777777777783,2715.6666666666665,615.2222222222222,133.0,87.42857142857156,2336.285714285714,1209.142857142857,122.71428571428578,31.0,1217.5,1268.5,32.0
200,98.0,1357.0,1039.0,84.0,91.0,962.0,1482.0,148.0,101.0,1656.0,457.0,150.0,106.0,2411.0,1753.0,137.0,91.0,1108.0,1202.0,153.0,90.0,2337.0,938.0,143.0,101.0,2276.0,1010.0,112.0,85.0,2885.0,1430.0,141.0,97.0,2725.0,618.0,133.0,87.0,2345.0,1210.0,118.0,31.0,1221.0,1270.0,32.0
201,97.0,1363.4,1041.8,93.79999999999995,91.40000000000009,967.9333333333333,1481.8,148.0000000000001,102.0,1675.25,454.75,139.75,105.75,2424.0,1753.25,138.25,96.0,1128.6666666666667,1203.3333333333333,134.0,89.0,2345.3333333333335,936.0,142.83333333333303,101.0,2276.0,1010.0,127.0,88.0,2908.0,1429.0,127.0,97.0,2728.6666666666665,624.0,133.0,87.0,2354.0,1209.8,114.80000000000018,31.0,1223.0,1273.0,32.0
202,96.0,1369.8,1044.6,103.60000000000014,91.80000000000018,973.8666666666667,1481.6,147.9999999999999,103.0,1694.5,452.5,129.5,105.5,2437.0,1753.5,139.5,101.0,1149.3333333333333,1204.6666666666667,115.0,88.0,2353.6666666666665,934.0,142.66666666666697,101.0,2276.0,1010.0,142.0,94.75,2919.0,1422.75,122.5,97.0,2732.3333333333335,630.0,133.0,87.0,2363.0,1209.6,111.59999999999991,31.0,1225.0,1276.0,32.0
203,95.0,1376.2,1047.4,113.39999999999986,92.19999999999982,979.8,1481.4,148.0,104.0,1713.75,450.25,119.25,105.25,2450.0,1753.75,140.75,106.0,1170.0,1206.0,96.0,87.0,2362.0,932.0,142.5,99.0,2284.6666666666665,1015.0,144.33333333333348,101.5,2930.0,1416.5,118.0,97.0,2736.0,636.0,133.0,87.0,2372.0,1209.4,108.40000000000009,31.0,1227.0,1279.0,32.0
204,94.0,1382.6,1050.2,123.20000000000005,92.59999999999991,985.7333333333333,1481.2,148.0,105.0,1733.0,448.0,109.0,105.0,2463.0,1754.0,142.0,103.0,1180.6666666666667,1209.0,106.33333333333326,86.0,2370.3333333333335,930.0,142.33333333333303,97.0,2293.3333333333335,1020.0,146.66666666666652,108.25,2941.0,1410.25,113.5,96.125,2740.25,637.375,135.375,87.0,2381.0,1209.2,105.19999999999982,31.0,1236.5,1280.5,32.0
205,93.0,1389.0,1053.0,133.0,93.0,991.6666666666666,1481.0,148.0000000000001,103.16666666666669,1743.3333333333333,447.1666666666667,114.33333333333348,105.0,2474.8,1755.4,141.79999999999973,100.0,1191.3333333333333,1212.0,116.66666666666674,85.0,2378.6666666666665,928.0,142.16666666666697,95.0,2302.0,1025.0,149.0,115.0,2952.0,1404.0,109.0,95.25,2744.5,638.75,137.75,87.0,2390.0,1209.0,102.0,31.0,1246.0,1282.0,32.0
206,92.0,1400.0,1055.2307692307693,132.53846153846143,93.40000000000009,997.6,1480.8,147.9999999999999,101.33333333333331,1753.6666666666667,446.3333333333333,119.66666666666652,105.0,2486.6,1756.8,141.5999999999999,97.0,1202.0,1215.0,127.0,84.0,2387.0,926.0,142.0,94.72727272727275,2313.909090909091,1027.1818181818182,150.0,122.66666666666652,2952.0,1398.6666666666667,113.33333333333348,94.375,2748.75,640.125,140.125,87.0,2390.6666666666665,1208.0,108.0,31.0,1261.25,1281.0,32.0
207,91.0,1411.0,1057.4615384615386,132.0769230769231,93.80000000000018,1003.5333333333333,1480.6,148.0,99.5,1764.0,445.5,125.0,105.0,2498.4,1758.2,141.4000000000001,94.0,1212.6666666666667,1218.0,137.33333333333326,83.0,2387.8,925.0,151.79999999999973,94.4545454545455,2325.818181818182,1029.3636363636363,151.0,130.33333333333348,2952.0,1393.3333333333333,117.66666666666652,93.5,2753.0,641.5,142.5,87.0,2391.3333333333335,1207.0,114.0,31.0,1276.5,1280.0,32.0
208,90.0,1422.0,1059.6923076923076,131.61538461538453,94.19999999999982,1009.4666666666667,1480.4,148.0,97.66666666666669,1774.3333333333333,444.6666666666667,130.33333333333348,105.0,2510.2,1759.6,141.20000000000027,91.0,1223.3333333333333,1221.0,147.66666666666674,82.0,2388.6,924.0,161.5999999999999,94.18181818181824,2337.7272727272725,1031.5454545454545,152.0,138.0,2952.0,1388.0,122.0,92.625,2757.25,642.875,144.875,87.0,2392.0,1206.0,120.0,31.0,1291.75,1279.0,32.0
209,89.0,1433.0,1061.923076923077,131.1538461538462,94.59999999999991,1015.4,1480.2,148.0000000000001,95.83333333333331,1784.6666666666667,443.8333333333333,135.66666666666652,105.0,2522.0,1761.0,141.0,88.0,1234.0,1224.0,158.0,81.0,2389.4,923.0,171.4000000000001,93.90909090909099,2349.6363636363635,1033.7272727272727,153.0,135.79999999999995,2952.4,1393.8,129.4000000000001,91.75,2761.5,644.25,147.25,86.83333333333326,2395.0,1205.1666666666667,120.33333333333348,31.0,1307.0,1278.0,32.0
210,88.0,1444.0,1064.1538461538462,130.69230769230762,95.0,1021.3333333333334,1480.0,147.9999999999999,94.0,1795.0,443.0,141.0,105.5,2535.125,1762.5,139.125,87.75,1250.75,1224.375,151.375,80.0,2390.2,922.0,181.20000000000027,93.63636363636351,2361.5454545454545,1035.909090909091,154.0,133.60000000000014,2952.8,1399.6,136.79999999999973,90.875,2765.75,645.625,149.625,86.66666666666674,2398.0,1204.3333333333333,120.66666666666652,31.0,1327.0,1277.0,32.0
211,87.0,1455.0,1066.3846153846155,130.23076923076928,95.40000000000009,1027.2666666666667,1479.8,148.0,94.90000000000003,1809.3,441.2,139.4000000000001,106.0,2548.25,1764.0,137.25,87.5,1267.5,1224.75,144.75,79.0,2391.0,921.0,191.0,93.36363636363649,2373.4545454545455,1038.090909090909,155.0,131.39999999999986,2953.2,1405.4,144.20000000000027,90.0,2770.0,647.0,152.0,86.5,2401.0,1203.5,121.0,31.0,1347.8,1275.2,32.0
212,86.0,1466.0,1068.6153846153845,129.76923076923072,95.80000000000018,1033.2,1479.6,148.0,95.80000000000007,1823.6,439.4,137.80000000000018,106.5,2561.375,1765.5,135.375,87.25,1284.25,1225.125,138.125,79.33333333333337,2395.6666666666665,919.6666666666666,191.0,93.09090909090901,2385.3636363636365,1040.2727272727273,156.0,129.20000000000005,2953.6,1411.2,151.5999999999999,89.125,2774.25,648.375,154.375,86.33333333333326,2404.0,1202.6666666666667,121.33333333333348,31.0,1368.6,1273.4,32.0
213,85.0,1477.0,1070.8461538461538,129.30769230769238,96.19999999999982,1039.1333333333334,1479.4,148.0,96.69999999999993,1837.9,437.6,136.19999999999982,107.0,2574.5,1767.0,133.5,87.0,1301.0,1225.5,131.5,79.66666666666663,2400.3333333333335,918.3333333333334,191.0,92.81818181818176,2397.2727272727275,1042.4545454545455,157.0,127.0,2954.0,1417.0,159.0,88.25,2778.5,649.75,156.75,86.16666666666674,2407.0,1201.8333333333333,121.66666666666652,31.0,1389.4,1271.6,32.0
214,84.0,1488.0,1073.076923076923,128.8461538461538,96.59999999999991,1045.0666666666666,1479.2,148.0,97.59999999999997,1852.2,435.8,134.5999999999999,107.5,2587.625,1768.5,131.625,86.75,1317.75,1225.875,124.875,80.0,2405.0,917.0,191.0,92.5454545454545,2409.181818181818,1044.6363636363637,158.0,127.0,2959.4,1418.6,159.0,87.375,2782.75,651.125,159.125,86.0,2410.0,1201.0,122.0,31.0,1410.2,1269.8,32.0
215,83.0,1499.0,1075.3076923076924,128.38461538461547,97.0,1051.0,1479.0,148.0,98.5,1866.5,434.0,133.0,108.0,2600.75,1770.0,129.75,86.5,1334.5,1226.25,118.25,80.33333333333337,2416.3333333333335,915.6666666666666,184.5,92.27272727272725,2421.090909090909,1046.8181818181818,159.0,127.0,2964.8,1420.2,159.0,86.5,2787.0,652.5,161.5,89.66666666666674,2419.6666666666665,1198.0,116.83333333333348,31.0,1431.0,1268.0,32.0
216,82.0,1510.0,1077.5384615384614,127.9230769230769,96.0,1058.6,1478.8,142.80000000000018,99.40000000000003,1880.8,432.2,131.4000000000001,108.5,2613.875,1771.5,127.875,86.25,1351.25,1226.625,111.625,80.66666666666663,2427.6666666666665,914.3333333333334,178.0,92.0,2433.0,1049.0,160.0,127.0,2970.2,1421.8,159.0,85.625,2791.25,653.875,163.875,93.33333333333326,2429.3333333333335,1195.0,111.66666666666652,31.0,1451.5,1269.0,32.0
217,81.0,1521.0,1079.7692307692307,127.46153846153857,95.0,1066.2,1478.6,137.5999999999999,100.30000000000007,1895.1,430.4,129.80000000000018,109.0,2627.0,1773.0,126.0,86.0,1368.0,1227.0,105.0,81.0,2439.0,913.0,171.5,91.75,2447.0,1052.0,158.5,127.0,2975.6,1423.4,159.0,84.75,2795.5,655.25,166.25,97.0,2439.0,1192.0,106.5,31.0,1472.0,1270.0,32.0
218,80.0,1532.0,1082.0,127.0,94.0,1073.8,1478.4,132.4000000000001,101.19999999999993,1909.4,428.6,128.19999999999982,107.33333333333348,2645.0,1774.3333333333333,121.0,86.0,1375.6666666666667,1225.3333333333333,121.66666666666652,81.33333333333337,2450.3333333333335,911.6666666666666,165.0,91.5,2461.0,1055.0,157.0,127.0,2981.0,1425.0,159.0,83.875,2799.75,656.625,168.625,100.66666666666674,2448.6666666666665,1189.0,101.33333333333348,31.0,1492.5,1271.0,32.0
219,79.0,1548.0,1084.5,114.0,93.0,1081.4,1478.2,127.19999999999982,102.09999999999997,1923.7,426.8,126.60000000000014,105.66666666666652,2663.0,1775.6666666666667,116.0,86.0,1383.3333333333333,1223.6666666666667,138.33333333333348,81.66666666666663,2461.6666666666665,910.3333333333334,158.5,91.25,2475.0,1058.0,155.5,111.0,3000.5,1426.0,149.5,83.0,2804.0,658.0,171.0,104.33333333333326,2458.3333333333335,1186.0,96.16666666666652,31.0,1513.0,1272.0,32.0
220,78.0,1564.0,1087.0,101.0,92.0,1089.0,1478.0,122.0,103.0,1938.0,425.0,125.0,104.0,2681.0,1777.0,111.0,86.0,1391.0,1222.0,155.0,82.0,2473.0,909.0,152.0,91.0,2489.0,1061.0,154.0,95.0,3020.0,1427.0,140.0,83.0,2820.0,659.0,162.0,108.0,2468.0,1183.0,91.0,31.0,1519.0,1272.0,32.0
221,80.0,1573.3333333333333,1088.8333333333333,107.16666666666674,92.66666666666674,1095.7777777777778,1476.3333333333333,123.44444444444434,102.99999999999994,1951.8,423.93333333333334,125.66666666666674,104.125,2688.125,1776.5,115.625,91.5,1409.25,1221.5,141.5,82.57142857142856,2473.8571428571427,907.5714285714286,153.0,91.125,2498.375,1062.75,155.875,95.0,3022.714285714286,1426.4285714285713,141.71428571428578,84.22222222222217,2824.777777777778,659.8888888888889,161.66666666666652,111.5,2468.5,1179.0,95.5,31.0,1523.0,1273.8,32.0
222,82.0,1582.6666666666667,1090.6666666666667,113.33333333333326,93.33333333333326,1102.5555555555557,1474.6666666666667,124.88888888888869,103.0,1965.6,422.8666666666667,126.33333333333348,104.25,2695.25,1776.0,120.25,97.0,1427.5,1221.0,128.0,83.14285714285722,2474.714285714286,906.1428571428571,154.0,91.25,2507.75,1064.5,157.75,95.0,3025.4285714285716,1425.857142857143,143.4285714285711,85.44444444444434,2829.5555555555557,660.7777777777778,161.33333333333303,115.0,2469.0,1175.0,100.0,31.0,1527.0,1275.6,32.0
223,84.0,1592.0,1092.5,119.5,94.0,1109.3333333333333,1473.0,126.33333333333348,102.99999999999994,1979.4,421.8,127.0,104.375,2702.375,1775.5,124.875,102.5,1445.75,1220.5,114.5,83.71428571428578,2475.5714285714284,904.7142857142857,155.0,91.375,2517.125,1066.25,159.625,95.0,3028.1428571428573,1425.2857142857142,145.14285714285688,86.66666666666674,2834.3333333333335,661.6666666666666,161.0,118.5,2469.5,1171.0,104.5,31.0,1531.0,1277.4,32.0
224,86.0,1601.3333333333333,1094.3333333333333,125.66666666666674,94.66666666666674,1116.111111111111,1471.3333333333333,127.77777777777783,103.0,1993.2,420.73333333333335,127.66666666666674,104.5,2709.5,1775.0,129.5,108.0,1464.0,1220.0,101.0,84.28571428571422,2476.4285714285716,903.2857142857143,156.0,91.5,2526.5,1068.0,161.5,95.0,3030.8571428571427,1424.7142857142858,146.85714285714312,87.88888888888891,2839.1111111111113,662.5555555555555,160.66666666666652,122.0,2470.0,1167.0,109.0,31.0,1535.0,1279.2,32.0
225,88.0,1610.6666666666667,1096.1666666666667,131.83333333333326,95.33333333333326,1122.888888888889,1469.6666666666667,129.22222222222217,102.99999999999994,2007.0,419.6666666666667,128.33333333333348,104.625,2716.625,1774.5,134.125,105.80000000000018,1475.8,1220.6,106.40000000000009,84.85714285714278,2477.285714285714,901.8571428571429,157.0,91.625,2535.875,1069.75,163.375,95.0,3033.5714285714284,1424.142857142857,148.5714285714289,89.11111111111109,2843.8888888888887,663.4444444444445,160.33333333333348,119.75,2472.0,1169.0,111.75,31.0,1539.0,1281.0,32.0
226,90.0,1620.0,1098.0,138.0,96.0,1129.6666666666667,1468.0,130.66666666666652,103.0,2020.8,418.6,129.00000000000023,104.75,2723.75,1774.0,138.75,103.59999999999991,1487.6,1221.2,111.80000000000018,85.42857142857144,2478.1428571428573,900.4285714285714,158.0,91.75,2545.25,1071.5,165.25,95.0,3036.285714285714,1423.5714285714287,150.28571428571422,90.33333333333326,2848.6666666666665,664.3333333333334,160.0,117.5,2474.0,1171.0,114.5,31.0,1546.0,1280.5,32.0
227,89.35714285714289,1633.2142857142858,1099.857142857143,137.1428571428571,96.66666666666674,1136.4444444444443,1466.3333333333333,132.1111111111113,102.99999999999994,2034.6,417.53333333333336,129.66666666666697,104.875,2730.875,1773.5,143.375,101.40000000000009,1499.4,1221.8,117.19999999999982,86.0,2479.0,899.0,159.0,91.875,2554.625,1073.25,167.125,95.0,3039.0,1423.0,152.0,91.55555555555566,2853.4444444444443,665.2222222222222,159.66666666666697,115.25,2476.0,1173.0,117.25,31.0,1553.0,1280.0,32.0
228,88.71428571428555,1646.4285714285713,1101.7142857142858,136.28571428571445,97.33333333333326,1143.2222222222222,1464.6666666666667,133.55555555555566,103.00000000000006,2048.4,416.46666666666664,130.33333333333303,105.0,2738.0,1773.0,148.0,99.19999999999982,1511.2,1222.4,122.59999999999991,86.5,2486.5,897.5,153.375,92.0,2564.0,1075.0,169.0,97.0,3040.3333333333335,1423.6666666666667,155.33333333333303,92.77777777777783,2858.222222222222,666.1111111111111,159.33333333333348,113.0,2478.0,1175.0,120.0,31.0,1565.6666666666667,1280.0,32.0
229,88.07142857142844,1659.642857142857,1103.5714285714287,135.42857142857156,98.0,1150.0,1463.0,135.0,103.0,2062.2,415.4,131.0,104.5,2748.5,1775.0,150.0,97.0,1523.0,1223.0,128.0,87.0,2494.0,896.0,147.75,91.85714285714266,2576.5714285714284,1075.5714285714287,167.71428571428578,99.0,3041.6666666666665,1424.3333333333333,158.66666666666697,94.0,2863.0,667.0,159.0,110.375,2484.625,1178.5,117.625,31.0,1578.3333333333333,1280.0,32.0
230,87.42857142857156,1672.857142857143,1105.4285714285713,134.57142857142844,96.4545454545455,1156.7272727272727,1463.4545454545455,133.81818181818176,103.00000000000006,2076.0,414.3333333333333,131.66666666666652,104.0,2759.0,1777.0,152.0,90.0,1529.5,1226.5,141.5,87.5,2501.5,894.5,142.125,91.71428571428578,2589.1428571428573,1076.142857142857,166.4285714285711,101.0,3043.0,1425.0,162.0,93.4545454545455,2867.818181818182,667.9090909090909,157.5454545454545,107.75,2491.25,1182.0,115.25,31.0,1591.0,1280.0,32.0
231,86.78571428571445,1686.0714285714287,1107.2857142857142,133.71428571428555,94.90909090909076,1163.4545454545455,1463.909090909091,132.6363636363635,103.0,2089.8,413.26666666666665,132.33333333333303,101.0,2778.25,1781.75,145.5,83.0,1536.0,1230.0,155.0,88.0,2509.0,893.0,136.5,91.57142857142844,2601.714285714286,1076.7142857142858,165.14285714285688,100.40000000000009,3049.7,1425.5,159.80000000000018,92.90909090909088,2872.6363636363635,668.8181818181819,156.090909090909,105.125,2497.875,1185.5,112.875,31.0,1608.0,1277.0,32.0
232,86.14285714285711,1699.2857142857142,1109.142857142857,132.8571428571429,93.36363636363649,1170.1818181818182,1464.3636363636363,131.4545454545455,103.00000000000006,2103.6,412.2,133.0,98.0,2797.5,1786.5,139.0,83.5,1545.5,1228.5,148.5,88.5,2516.5,891.5,130.875,91.42857142857156,2614.285714285714,1077.2857142857142,163.85714285714312,99.79999999999995,3056.4,1426.0,157.5999999999999,92.36363636363637,2877.4545454545455,669.7272727272727,154.6363636363635,102.5,2504.5,1189.0,110.5,31.0,1625.0,1274.0,32.0
233,85.5,1712.5,1111.0,132.0,91.81818181818198,1176.909090909091,1464.8181818181818,130.27272727272725,103.0,2117.4,411.1333333333333,133.66666666666652,95.0,2816.75,1791.25,132.5,84.0,1555.0,1227.0,142.0,89.0,2524.0,890.0,125.25,91.28571428571422,2626.8571428571427,1077.857142857143,162.5714285714289,99.20000000000005,3063.1,1426.5,155.4000000000001,91.81818181818187,2882.2727272727275,670.6363636363636,153.18181818181802,99.875,2511.125,1192.5,108.125,31.0,1642.0,1271.0,32.0
234,84.85714285714289,1725.7142857142858,1112.857142857143,131.1428571428571,90.27272727272725,1183.6363636363637,1465.2727272727273,129.090909090909,103.00000000000006,2131.2,410.06666666666666,134.33333333333348,92.0,2836.0,1796.0,126.0,84.0,1573.3333333333333,1226.0,132.33333333333348,89.5,2531.5,888.5,119.625,91.14285714285734,2639.4285714285716,1078.4285714285713,161.28571428571422,98.59999999999991,3069.8,1427.0,153.19999999999982,91.27272727272737,2887.090909090909,671.5454545454545,151.72727272727298,97.25,2517.75,1196.0,105.75,31.0,1659.0,1268.0,32.0
235,84.21428571428555,1738.9285714285713,1114.7142857142858,130.28571428571445,88.72727272727275,1190.3636363636363,1465.7272727272727,127.90909090909099,103.0,2145.0,409.0,135.0,93.5,2847.6666666666665,1796.1666666666667,121.33333333333348,84.0,1591.6666666666667,1225.0,122.66666666666652,90.0,2539.0,887.0,114.0,91.0,2652.0,1079.0,160.0,98.0,3076.5,1427.5,151.0,90.72727272727263,2891.909090909091,672.4545454545455,150.27272727272702,94.625,2524.375,1199.5,103.375,31.0,1676.0,1265.0,32.0
236,83.57142857142844,1752.142857142857,1116.5714285714287,129.42857142857156,87.18181818181802,1197.090909090909,1466.1818181818182,126.72727272727275,103.0,2161.6,408.0,133.0,95.0,2859.3333333333335,1796.3333333333333,116.66666666666652,84.0,1610.0,1224.0,113.0,91.39999999999998,2542.4,886.0,122.19999999999982,91.0,2661.4,1082.2,162.0,97.40000000000009,3083.2,1428.0,148.80000000000018,90.18181818181813,2896.7272727272725,673.3636363636364,148.81818181818198,92.0,2531.0,1203.0,101.0,31.0,1691.8,1262.0,32.0
237,82.92857142857156,1765.357142857143,1118.4285714285713,128.57142857142844,85.63636363636351,1203.8181818181818,1466.6363636363637,125.5454545454545,103.0,2178.2,407.0,131.0,96.5,2871.0,1796.5,112.0,84.0,1626.25,1221.75,109.25,92.79999999999995,2545.8,885.0,130.39999999999964,91.0,2670.8,1085.4,164.0,96.79999999999995,3089.9,1428.5,146.5999999999999,89.63636363636363,2901.5454545454545,674.2727272727273,147.3636363636365,89.25,2531.0,1206.5,105.25,31.0,1707.6,1259.0,32.0
238,82.28571428571445,1778.5714285714284,1120.2857142857142,127.71428571428578,84.09090909090924,1210.5454545454545,1467.090909090909,124.36363636363649,103.0,2194.8,406.0,129.0,98.0,2882.6666666666665,1796.6666666666667,107.33333333333348,84.0,1642.5,1219.5,105.5,94.20000000000005,2549.2,884.0,138.60000000000036,91.0,2680.2,1088.6,166.0,96.20000000000005,3096.6,1429.0,144.4000000000001,89.09090909090912,2906.3636363636365,675.1818181818181,145.909090909091,86.5,2531.0,1210.0,109.5,31.0,1723.4,1256.0,32.0
239,81.64285714285711,1791.7857142857142,1122.142857142857,126.85714285714289,82.5454545454545,1217.2727272727273,1467.5454545454545,123.18181818181824,103.0,2211.4,405.0,127.0,99.5,2894.3333333333335,1796.8333333333333,102.66666666666652,84.0,1658.75,1217.25,101.75,95.60000000000002,2552.6,883.0,146.80000000000018,91.0,2689.6,1091.8,168.0,95.59999999999991,3103.3,1429.5,142.19999999999982,88.5454545454545,2911.181818181818,676.0909090909091,144.4545454545455,83.75,2531.0,1213.5,113.75,31.0,1739.2,1253.0,32.0
240,81.0,1805.0,1124.0,126.0,81.0,1224.0,1468.0,122.0,103.0,2228.0,404.0,125.0,101.0,2906.0,1797.0,98.0,84.0,1675.0,1215.0,98.0,97.0,2556.0,882.0,155.0,91.0,2699.0,1095.0,170.0,95.0,3110.0,1430.0,140.0,88.0,2916.0,677.0,143.0,81.0,2531.0,1217.0,118.0,31.0,1755.0,1250.0,32.0
241,81.125,1818.625,1125.125,127.875,82.5,1230.75,1467.75,125.75,102.75,2237.0,403.75,131.0,101.19999999999982,2906.2,1796.4,105.80000000000018,84.0,1680.5,1211.5,103.75,96.0,2564.8,881.6,152.19999999999982,91.29999999999995,2709.55,1095.5,170.0,92.85714285714289,3111.1428571428573,1429.857142857143,142.85714285714266,93.33333333333337,2918.3333333333335,675.0,146.33333333333303,80.0,2532.3333333333335,1217.6666666666667,120.83333333333303,31.0,1768.6666666666667,1248.3333333333333,32.0
242,81.25,1832.25,1126.25,129.75,84.0,1237.5,1467.5,129.5,102.5,2246.0,403.5,137.0,101.40000000000009,2906.4,1795.8,113.59999999999991,84.0,1686.0,1208.0,109.5,95.0,2573.6,881.2,149.4000000000001,91.59999999999991,2720.1,1096.0,170.0,90.71428571428555,3112.285714285714,1429.7142857142858,145.71428571428578,98.66666666666663,2920.6666666666665,673.0,149.66666666666697,79.0,2533.6666666666665,1218.3333333333333,123.66666666666697,31.0,1782.3333333333333,1246.6666666666667,32.0
243,81.375,1845.875,1127.375,131.625,85.5,1244.25,1467.25,133.25,102.25,2255.0,403.25,143.0,101.59999999999991,2906.6,1795.2,121.40000000000009,84.0,1691.5,1204.5,115.25,94.0,2582.4,880.8,146.5999999999999,91.90000000000009,2730.65,1096.5,170.0,88.57142857142844,3113.4285714285716,1429.5714285714287,148.57142857142844,104.0,2923.0,671.0,153.0,78.0,2535.0,1219.0,126.5,31.0,1796.0,1245.0,32.0
244,81.5,1859.5,1128.5,133.5,87.0,1251.0,1467.0,137.0,102.0,2264.0,403.0,149.0,101.80000000000018,2906.8,1794.6,129.19999999999982,84.0,1697.0,1201.0,121.0,93.0,2591.2,880.4,143.80000000000018,92.20000000000005,2741.2,1097.0,170.0,86.42857142857156,3114.5714285714284,1429.4285714285713,151.42857142857156,102.76470588235293,2928.4117647058824,673.8235294117648,152.41176470588243,77.0,2536.3333333333335,1219.6666666666667,129.33333333333303,31.0,1801.5,1247.0,32.0
245,81.625,1873.125,1129.625,135.375,86.875,1257.8125,1466.8125,136.3125,102.80000000000001,2284.4,402.0,145.5999999999999,102.0,2907.0,1794.0,137.0,87.0,1708.75,1199.75,115.0,92.0,2600.0,880.0,141.0,92.5,2751.75,1097.5,170.0,84.28571428571445,3115.714285714286,1429.2857142857142,154.28571428571422,101.52941176470586,2933.823529411765,676.6470588235294,151.8235294117644,76.0,2537.6666666666665,1220.3333333333333,132.16666666666697,31.0,1807.0,1249.0,32.0
246,81.75,1886.75,1130.75,137.25,86.75,1264.625,1466.625,135.625,103.60000000000002,2304.8,401.0,142.19999999999982,101.20000000000005,2910.8,1794.2,144.19999999999982,90.0,1720.5,1198.5,109.0,91.59999999999991,2604.2,877.7,138.0,92.79999999999995,2762.3,1098.0,170.0,82.14285714285711,3116.8571428571427,1429.142857142857,157.14285714285734,100.29411764705878,2939.235294117647,679.4705882352941,151.2352941176473,75.0,2539.0,1221.0,135.0,31.0,1812.8,1250.2,32.0
247,81.875,1900.375,1131.875,139.125,86.625,1271.4375,1466.4375,134.9375,104.39999999999998,2325.2,400.0,138.80000000000018,100.39999999999986,2914.6,1794.4,151.4000000000001,93.0,1732.25,1197.25,103.0,91.20000000000005,2608.4,875.4,135.0,93.09999999999991,2772.85,1098.5,170.0,80.0,3118.0,1429.0,160.0,99.05882352941182,2944.6470588235293,682.2941176470588,150.64705882352973,75.76923076923072,2545.769230769231,1220.2307692307693,133.38461538461524,31.0,1818.6,1251.4,32.0
248,82.0,1914.0,1133.0,141.0,86.5,1278.25,1466.25,134.25,105.19999999999999,2345.6,399.0,135.4000000000001,99.60000000000014,2918.4,1794.6,158.5999999999999,96.0,1744.0,1196.0,97.0,90.79999999999995,2612.6,873.1,132.0,93.40000000000009,2783.4,1099.0,170.0,80.76923076923072,3120.846153846154,1428.2307692307693,159.0,97.82352941176475,2950.0588235294117,685.1176470588235,150.0588235294117,76.53846153846143,2552.5384615384614,1219.4615384615386,131.76923076923094,31.0,1824.4,1252.6,32.0
249,82.0,1927.6666666666667,1134.1666666666667,140.49999999999977,86.375,1285.0625,1466.0625,133.5625,106.0,2366.0,398.0,132.0,98.79999999999995,2922.2,1794.8,165.80000000000018,95.75,1755.75,1194.75,99.0,90.40000000000009,2616.8,870.8,129.0,93.70000000000005,2793.95,1099.5,170.0,81.53846153846143,3123.6923076923076,1427.4615384615386,158.0,96.58823529411757,2955.470588235294,687.9411764705883,149.47058823529414,77.30769230769238,2559.3076923076924,1218.6923076923076,130.1538461538462,31.0,1830.2,1253.8,32.0
250,82.0,1941.3333333333333,1135.3333333333333,140.00000000000023,86.25,1291.875,1465.875,132.875,105.19999999999999,2374.2,398.0,139.0,98.0,2926.0,1795.0,173.0,95.5,1767.5,1193.5,101.0,90.0,2621.0,868.5,126.0,94.0,2804.5,1100.0,170.0,82.30769230769238,3126.5384615384614,1426.6923076923076,157.0,95.35294117647061,2960.8823529411766,690.7647058823529,148.88235294117658,78.0769230769231,2566.076923076923,1217.923076923077,128.5384615384619,31.0,1836.0,1255.0,32.0
251,82.0,1955.0,1136.5,139.5,86.125,1298.6875,1465.6875,132.1875,104.39999999999998,2382.4,398.0,146.0,99.0,2943.0,1794.4,163.80000000000018,95.25,1779.25,1192.25,103.0,89.59999999999991,2625.2,866.2,123.0,94.29999999999995,2815.05,1100.5,170.0,83.0769230769231,3129.3846153846152,1425.923076923077,156.0,94.11764705882354,2966.294117647059,693.5882352941177,148.29411764705856,78.84615384615381,2572.846153846154,1217.1538461538462,126.92307692307713,31.0,1846.6666666666667,1252.6666666666667,32.0
252,82.0,1968.6666666666667,1137.6666666666667,138.99999999999977,86.0,1305.5,1465.5,131.5,103.60000000000002,2390.6,398.0,153.0,100.0,2960.0,1793.8,154.5999999999999,95.0,1791.0,1191.0,105.0,89.20000000000005,2629.4,863.9,120.0,94.59999999999991,2825.6,1101.0,170.0,83.84615384615381,3132.230769230769,1425.1538461538462,155.0,92.88235294117646,2971.705882352941,696.4117647058823,147.70588235294144,79.61538461538453,2579.6153846153848,1216.3846153846155,125.30769230769238,31.0,1857.3333333333333,1250.3333333333333,32.0
253,82.0,1982.3333333333333,1138.8333333333333,138.50000000000023,85.875,1312.3125,1465.3125,130.8125,102.80000000000001,2398.8,398.0,160.0,101.0,2977.0,1793.2,145.4000000000001,92.5,1796.25,1189.75,114.0,88.79999999999995,2633.6,861.6,117.0,94.90000000000009,2836.15,1101.5,170.0,84.61538461538453,3135.076923076923,1424.3846153846155,154.0,91.64705882352939,2977.1176470588234,699.2352941176471,147.11764705882342,80.38461538461547,2586.3846153846152,1215.6153846153845,123.69230769230762,31.0,1868.0,1248.0,32.0
254,82.0,1996.0,1140.0,138.0,85.75,1319.125,1465.125,130.125,102.0,2407.0,398.0,167.0,102.0,2994.0,1792.6,136.19999999999982,90.0,1801.5,1188.5,123.0,88.40000000000009,2637.8,859.3,114.0,95.20000000000005,2846.7,1102.0,170.0,85.38461538461547,3137.923076923077,1423.6153846153845,153.0,90.41176470588243,2982.529411764706,702.0588235294117,146.52941176470586,81.15384615384619,2593.153846153846,1214.8461538461538,122.07692307692287,31.0,1882.0,1246.0,32.0
255,82.0,2009.6666666666667,1141.1666666666667,137.49999999999977,85.625,1325.9375,1464.9375,129.4375,101.0,2425.0,398.1666666666667,162.16666666666652,103.0,3011.0,1792.0,127.0,87.5,1806.75,1187.25,132.0,88.0,2642.0,857.0,111.0,95.5,2857.25,1102.5,170.0,86.15384615384619,3140.769230769231,1422.8461538461538,152.0,89.17647058823525,2987.9411764705883,704.8823529411765,145.9411764705883,81.9230769230769,2599.923076923077,1214.076923076923,120.46153846153811,31.0,1896.0,1244.0,32.0
256,82.0,2023.3333333333333,1142.3333333333333,137.00000000000023,85.5,1332.75,1464.75,128.75,100.0,2443.0,398.3333333333333,157.33333333333348,103.79999999999995,3018.2,1790.4,124.80000000000018,85.0,1812.0,1186.0,141.0,86.0,2647.0,857.4,108.59999999999991,95.79999999999995,2867.8,1103.0,170.0,86.9230769230769,3143.6153846153848,1422.076923076923,151.0,87.94117647058818,2993.3529411764707,707.7058823529412,145.35294117647027,82.69230769230762,2606.6923076923076,1213.3076923076924,118.84615384615381,31.0,1911.4,1237.2,32.0
257,82.0,2037.0,1143.5,136.5,85.375,1339.5625,1464.5625,128.0625,99.0,2461.0,398.5,152.5,104.60000000000014,3025.4,1788.8,122.59999999999991,82.5,1830.0,1184.5,132.5,84.0,2652.0,857.8,106.19999999999982,96.09999999999991,2878.35,1103.5,170.0,87.69230769230762,3146.4615384615386,1421.3076923076924,150.0,86.70588235294122,2998.764705882353,710.5294117647059,144.7647058823527,83.46153846153857,2613.4615384615386,1212.5384615384614,117.23076923076906,31.0,1926.8,1230.4,32.0
258,82.0,2050.6666666666665,1144.6666666666667,136.0,85.25,1346.375,1464.375,127.375,98.0,2479.0,398.6666666666667,147.66666666666652,105.39999999999986,3032.6,1787.2,120.40000000000009,80.0,1848.0,1183.0,124.0,82.0,2657.0,858.2,103.80000000000018,96.40000000000009,2888.9,1104.0,170.0,88.46153846153857,3149.3076923076924,1420.5384615384614,149.0,85.47058823529414,3004.176470588235,713.3529411764706,144.1764705882356,84.23076923076928,2620.230769230769,1211.7692307692307,115.61538461538476,31.0,1942.2,1223.6,32.0
259,82.0,2064.3333333333335,1145.8333333333333,135.5,85.125,1353.1875,1464.1875,126.6875,97.0,2497.0,398.8333333333333,142.83333333333348,106.20000000000005,3039.8,1785.6,118.19999999999982,77.5,1866.0,1181.5,115.5,80.0,2662.0,858.6,101.40000000000009,96.70000000000005,2899.45,1104.5,170.0,89.23076923076928,3152.153846153846,1419.7692307692307,148.0,84.23529411764707,3009.5882352941176,716.1764705882352,143.58823529411757,85.0,2627.0,1211.0,114.0,31.0,1957.6,1216.8,32.0
260,82.0,2078.0,1147.0,135.0,85.0,1360.0,1464.0,126.0,96.0,2515.0,399.0,138.0,107.0,3047.0,1784.0,116.0,75.0,1884.0,1180.0,107.0,78.0,2667.0,859.0,99.0,97.0,2910.0,1105.0,170.0,90.0,3155.0,1419.0,147.0,83.0,3015.0,719.0,143.0,85.0,2625.0,1216.0,113.0,31.0,1973.0,1210.0,32.0
261,82.70000000000005,2091.8,1149.6,135.0,84.83333333333326,1367.4166666666667,1464.1666666666667,126.33333333333326,96.0,2522.5,396.5,147.5,108.0,3046.8,1783.6,121.19999999999982,78.33333333333348,1894.3333333333333,1175.3333333333333,114.66666666666674,79.90909090909088,2667.909090909091,860.2727272727273,99.5454545454545,96.25,2915.75,1105.75,170.0,90.23076923076928,3155.076923076923,1419.1538461538462,147.1538461538462,84.66666666666674,3020.0,718.6666666666666,143.33333333333348,83.5,2626.75,1217.5,115.0,31.0,1987.6,1205.4,32.0
262,83.39999999999986,2105.6,1152.2,135.0,84.66666666666674,1374.8333333333333,1464.3333333333333,126.66666666666674,96.0,2530.0,394.0,157.0,109.0,3046.6,1783.2,126.40000000000009,81.66666666666652,1904.6666666666667,1170.6666666666667,122.33333333333326,81.81818181818187,2668.818181818182,861.5454545454545,100.09090909090901,95.5,2921.5,1106.5,170.0,90.46153846153834,3155.153846153846,1419.3076923076924,147.30769230769238,86.33333333333326,3025.0,718.3333333333334,143.66666666666652,82.0,2628.5,1219.0,117.0,31.0,2002.2,1200.8,32.0
263,84.10000000000014,2119.4,1154.8,135.0,84.5,1382.25,1464.5,127.0,97.0,2545.5,393.75,156.25,110.0,3046.4,1782.8,131.5999999999999,85.0,1915.0,1166.0,130.0,83.72727272727263,2669.7272727272725,862.8181818181819,100.63636363636397,94.75,2927.25,1107.25,170.0,90.69230769230762,3155.230769230769,1419.4615384615386,147.46153846153857,88.0,3030.0,718.0,144.0,80.5,2630.25,1220.5,119.0,31.0,2016.8,1196.2,32.00000000000023
264,84.79999999999995,2133.2,1157.4,135.0,84.33333333333326,1389.6666666666667,1464.6666666666667,127.33333333333326,98.0,2561.0,393.5,155.5,111.0,3046.2,1782.4,136.80000000000018,86.66666666666652,1922.3333333333333,1161.6666666666667,130.00000000000023,85.63636363636363,2670.6363636363635,864.0909090909091,101.18181818181847,94.0,2933.0,1108.0,170.0,90.9230769230769,3155.3076923076924,1419.6153846153845,147.61538461538476,89.66666666666674,3035.0,717.6666666666666,144.33333333333348,79.0,2632.0,1222.0,121.0,31.0,2031.4,1191.6,32.0
265,85.5,2147.0,1160.0,135.0,84.16666666666674,1397.0833333333333,1464.8333333333333,127.66666666666674,99.0,2576.5,393.25,154.75,112.0,3046.0,1782.0,142.0,88.33333333333348,1929.6666666666667,1157.3333333333333,129.99999999999977,87.5454545454545,2671.5454545454545,865.3636363636364,101.72727272727298,93.16666666666652,2946.5,1106.6666666666667,166.83333333333348,91.15384615384619,3155.3846153846152,1419.7692307692307,147.76923076923094,91.33333333333326,3040.0,717.3333333333334,144.66666666666652,82.75,2633.5,1218.3125,118.75,31.0,2046.0,1187.0,32.0
266,86.20000000000005,2160.8,1162.6,135.0,84.0,1404.5,1465.0,128.0,100.0,2592.0,393.0,154.0,111.0,3048.75,1782.5,148.5,90.0,1937.0,1153.0,130.0,89.4545454545455,2672.4545454545455,866.6363636363636,102.27272727272702,92.33333333333348,2960.0,1105.3333333333333,163.66666666666652,91.38461538461547,3155.4615384615386,1419.923076923077,147.92307692307668,93.0,3045.0,717.0,145.0,86.5,2635.0,1214.625,116.5,31.0,2055.2,1186.8,32.0
267,86.89999999999986,2174.6,1165.2,135.0,83.83333333333326,1411.9166666666667,1465.1666666666667,128.33333333333326,100.40000000000003,2609.0,395.2,156.19999999999982,110.0,3051.5,1783.0,155.0,91.25,1950.375,1149.375,125.625,91.36363636363637,2673.3636363636365,867.9090909090909,102.81818181818153,91.5,2973.5,1104.0,160.5,91.61538461538453,3155.5384615384614,1420.076923076923,148.07692307692332,94.66666666666674,3050.0,716.6666666666666,145.33333333333348,90.25,2636.5,1210.9375,114.25,31.0,2064.4,1186.6,32.0
268,87.60000000000014,2188.4,1167.8,135.0,83.66666666666674,1419.3333333333333,1465.3333333333333,128.66666666666674,100.80000000000001,2626.0,397.4,158.4000000000001,109.0,3054.25,1783.5,161.5,92.5,1963.75,1145.75,121.25,93.27272727272737,2674.2727272727275,869.1818181818181,103.36363636363603,90.66666666666652,2987.0,1102.6666666666667,157.33333333333348,91.84615384615381,3155.6153846153848,1420.2307692307693,148.23076923076906,96.33333333333326,3055.0,716.3333333333334,145.66666666666652,94.0,2638.0,1207.25,112.0,31.0,2073.6,1186.4,32.0
269,88.29999999999995,2202.2,1170.4,135.0,83.5,1426.75,1465.5,129.0,101.19999999999999,2643.0,399.6,160.5999999999999,108.0,3057.0,1784.0,168.0,93.75,1977.125,1142.125,116.875,95.18181818181813,2675.181818181818,870.4545454545455,103.90909090909099,89.83333333333348,3000.5,1101.3333333333333,154.16666666666652,92.0769230769231,3155.6923076923076,1420.3846153846155,148.38461538461524,98.0,3060.0,716.0,146.0,97.75,2639.5,1203.5625,109.75,31.0,2082.8,1186.2,32.0
270,89.0,2216.0,1173.0,135.0,83.33333333333326,1434.1666666666667,1465.6666666666667,129.33333333333326,101.59999999999997,2660.0,401.8,162.80000000000018,108.33333333333326,3058.0,1785.0,172.66666666666652,95.0,1990.5,1138.5,112.5,97.09090909090912,2676.090909090909,871.7272727272727,104.4545454545455,89.0,3014.0,1100.0,151.0,92.30769230769238,3155.769230769231,1420.5384615384614,148.53846153846143,96.5,3061.5,718.0,147.33333333333348,101.5,2641.0,1199.875,107.5,31.0,2092.0,1186.0,32.0
271,89.70000000000005,2229.8,1175.6,135.0,83.16666666666674,1441.5833333333333,1465.8333333333333,129.66666666666674,102.0,2677.0,404.0,165.0,108.66666666666674,3059.0,1786.0,177.33333333333348,96.25,2003.875,1134.875,108.125,99.0,2677.0,873.0,105.0,88.0,3020.0,1098.9,152.9000000000001,92.53846153846166,3155.846153846154,1420.6923076923076,148.69230769230762,95.0,3063.0,720.0,148.66666666666652,105.25,2642.5,1196.1875,105.25,31.0,2098.4,1186.8,32.0
272,90.39999999999986,2243.6,1178.2,135.0,83.0,1449.0,1466.0,130.0,101.5,2688.0,407.5,164.75,109.0,3060.0,1787.0,182.0,97.5,2017.25,1131.25,103.75,98.66666666666663,2676.5,873.5,107.0,87.0,3026.0,1097.8,154.80000000000018,92.76923076923072,3155.923076923077,1420.8461538461538,148.8461538461538,93.5,3064.5,722.0,150.0,109.0,2644.0,1192.5,103.0,31.0,2104.8,1187.6,32.0
273,91.10000000000014,2257.4,1180.8,135.0,83.25,1452.5,1466.25,128.5,101.0,2699.0,411.0,164.5,109.5,3069.5,1788.0,178.125,98.75,2030.625,1127.625,99.375,98.33333333333337,2676.0,874.0,109.0,86.0,3032.0,1096.7,156.69999999999982,93.0,3156.0,1421.0,149.0,92.0,3066.0,724.0,151.33333333333348,112.75,2645.5,1188.8125,100.75,31.0,2111.2,1188.4,32.0
274,91.79999999999995,2271.2,1183.4,135.0,83.5,1456.0,1466.5,127.0,100.5,2710.0,414.5,164.25,110.0,3079.0,1789.0,174.25,100.0,2044.0,1124.0,95.0,98.0,2675.5,874.5,111.0,85.0,3038.0,1095.6,158.5999999999999,93.28571428571422,3156.0,1421.142857142857,147.28571428571422,90.5,3067.5,726.0,152.66666666666652,116.5,2647.0,1185.125,98.5,31.0,2117.6,1189.2,32.0
275,92.5,2285.0,1186.0,135.0,83.75,1459.5,1466.75,125.5,100.0,2721.0,418.0,164.0,110.5,3088.5,1790.0,170.375,101.83333333333326,2052.3333333333335,1122.5,100.83333333333303,97.66666666666663,2675.0,875.0,113.0,84.0,3044.0,1094.5,160.5,93.57142857142867,3156.0,1421.2857142857142,145.57142857142844,89.0,3069.0,728.0,154.0,120.25,2648.5,1181.4375,96.25,31.0,2124.0,1190.0,32.0
276,93.20000000000005,2298.8,1188.6,135.0,84.0,1463.0,1467.0,124.0,99.0,2743.0,419.0,153.80000000000018,111.0,3098.0,1791.0,166.5,103.66666666666674,2060.6666666666665,1121.0,106.66666666666697,97.33333333333337,2674.5,875.5,115.0,83.0,3050.0,1093.4,162.4000000000001,93.85714285714289,3156.0,1421.4285714285713,143.85714285714266,87.80000000000007,3075.6,732.8,151.80000000000018,124.0,2650.0,1177.75,94.0,31.0,2134.6,1189.4,32.0
277,93.89999999999986,2312.6,1191.2,135.0,84.25,1474.5,1467.25,114.25,98.0,2765.0,420.0,143.5999999999999,111.5,3107.5,1792.0,162.625,105.5,2069.0,1119.5,112.5,97.0,2674.0,876.0,117.0,82.0,3056.0,1092.3,164.30000000000018,94.14285714285711,3156.0,1421.5714285714287,142.14285714285734,86.60000000000002,3082.2,737.6,149.60000000000036,127.75,2651.5,1174.0625,91.75,31.0,2145.2,1188.8,32.0
278,94.60000000000014,2326.4,1193.8,135.0,84.5,1486.0,1467.5,104.5,97.0,2787.0,421.0,133.4000000000001,112.0,3117.0,1793.0,158.75,107.33333333333326,2077.3333333333335,1118.0,118.33333333333303,96.33333333333337,2678.3333333333335,876.6666666666666,114.33333333333303,81.0,3062.0,1091.2,166.19999999999982,94.42857142857133,3156.0,1421.7142857142858,140.42857142857156,85.39999999999998,3088.8,742.4,147.39999999999964,131.5,2653.0,1170.375,89.5,31.0,2155.8,1188.2,32.0
279,95.29999999999995,2340.2,1196.4,135.0,84.75,1497.5,1467.75,94.75,96.0,2809.0,422.0,123.19999999999982,112.5,3126.5,1794.0,154.875,109.16666666666674,2085.6666666666665,1116.5,124.16666666666697,95.66666666666663,2682.6666666666665,877.3333333333334,111.66666666666697,80.0,3068.0,1090.1,168.0999999999999,94.71428571428578,3156.0,1421.857142857143,138.71428571428578,84.19999999999993,3095.4,747.2,145.19999999999982,135.25,2654.5,1166.6875,87.25,31.0,2166.4,1187.6,32.0
280,96.0,2354.0,1199.0,135.0,85.0,1509.0,1468.0,85.0,95.0,2831.0,423.0,113.0,113.0,3136.0,1795.0,151.0,111.0,2094.0,1115.0,130.0,95.0,2687.0,878.0,109.0,79.0,3074.0,1089.0,170.0,95.0,3156.0,1422.0,137.0,83.0,3102.0,752.0,143.0,139.0,2656.0,1163.0,85.0,31.0,2177.0,1187.0,32.0
281,102.0,2367.5,1203.0,135.0,85.25,1513.75,1467.875,91.125,96.66666666666669,2838.0,420.6666666666667,119.33333333333348,114.0,3136.75,1795.25,154.0,111.0,2101.3333333333335,1114.6666666666667,131.66666666666652,96.25,2690.75,876.5,107.5,78.71428571428578,3076.4285714285716,1088.857142857143,171.57142857142844,103.25,3156.25,1411.25,134.75,83.875,3105.75,753.5,142.625,134.22222222222217,2653.8888888888887,1162.6666666666667,86.33333333333348,31.0,2190.8,1180.8,32.0
282,108.0,2381.0,1207.0,135.0,85.5,1518.5,1467.75,97.25,98.33333333333331,2845.0,418.3333333333333,125.66666666666652,115.0,3137.5,1795.5,157.0,111.0,2108.6666666666665,1114.3333333333333,133.33333333333348,97.5,2694.5,875.0,106.0,78.42857142857133,3078.8571428571427,1088.7142857142858,173.14285714285734,111.5,3156.5,1400.5,132.5,84.75,3109.5,755.0,142.25,129.44444444444457,2651.777777777778,1162.3333333333333,87.66666666666652,31.0,2204.6,1174.6,32.0
283,107.0,2392.3,1211.2,137.0999999999999,85.75,1523.25,1467.625,103.375,100.0,2852.0,416.0,132.0,116.0,3138.25,1795.75,160.0,111.0,2116.0,1114.0,135.0,98.75,2698.25,873.5,104.5,78.14285714285711,3081.285714285714,1088.5714285714287,174.71428571428578,119.75,3156.75,1389.75,130.25,85.625,3113.25,756.5,141.875,124.66666666666674,2649.6666666666665,1162.0,89.0,31.0,2218.4,1168.4,32.0
284,106.0,2403.6,1215.4,139.20000000000027,86.0,1528.0,1467.5,109.5,103.25,2870.5,417.0,127.0,117.0,3139.0,1796.0,163.0,101.0,2128.5,1111.0,132.5,100.0,2702.0,872.0,103.0,77.85714285714289,3083.714285714286,1088.4285714285713,176.28571428571422,128.0,3157.0,1379.0,128.0,86.5,3117.0,758.0,141.5,119.88888888888891,2647.5555555555557,1161.6666666666667,90.33333333333303,31.0,2232.2,1162.2,32.0
285,105.0,2414.9,1219.6,141.29999999999973,86.25,1532.75,1467.375,115.625,106.5,2889.0,418.0,122.0,115.9375,3141.875,1798.25,164.0,91.0,2141.0,1108.0,130.0,101.25,2705.75,870.5,101.5,77.57142857142867,3086.1428571428573,1088.2857142857142,177.85714285714266,128.5,3156.9375,1378.5,128.25,87.375,3120.75,759.5,141.125,115.11111111111109,2645.4444444444443,1161.3333333333333,91.66666666666697,31.0,2246.0,1156.0,32.0
286,104.0,2426.2,1223.8,143.4000000000001,86.5,1537.5,1467.25,121.75,109.75,2907.5,419.0,117.0,114.875,3144.75,1800.5,165.0,89.5,2161.5,1103.0,122.5,102.5,2709.5,869.0,100.0,77.28571428571422,3088.5714285714284,1088.142857142857,179.42857142857156,129.0,3156.875,1378.0,128.5,88.25,3124.5,761.0,140.75,110.33333333333326,2643.3333333333335,1161.0,93.0,31.0,2256.6666666666665,1154.0,32.0
287,103.0,2437.5,1228.0,145.5,86.75,1542.25,1467.125,127.875,113.0,2926.0,420.0,112.0,113.8125,3147.625,1802.75,166.0,88.0,2182.0,1098.0,115.0,103.75,2713.25,867.5,98.5,77.0,3091.0,1088.0,181.0,129.5,3156.8125,1377.5,128.75,89.125,3128.25,762.5,140.375,105.55555555555543,2641.222222222222,1160.6666666666667,94.33333333333348,31.0,2267.3333333333335,1152.0,32.0
288,102.0,2448.8,1232.2,147.5999999999999,87.0,1547.0,1467.0,134.0,112.0,2937.25,428.25,111.25,112.75,3150.5,1805.0,167.0,91.0,2191.0,1093.3333333333333,108.33333333333348,105.0,2717.0,866.0,97.0,79.33333333333326,3100.0,1087.888888888889,175.8888888888887,130.0,3156.75,1377.0,129.0,90.0,3132.0,764.0,140.0,100.77777777777783,2639.1111111111113,1160.3333333333333,95.66666666666652,31.0,2278.0,1150.0,32.0
289,101.0,2460.1,1236.4,149.70000000000027,86.83333333333326,1554.5,1467.5,132.83333333333326,111.0,2948.5,436.5,110.5,111.6875,3153.375,1807.25,168.0,94.0,2200.0,1088.6666666666667,101.66666666666652,106.14285714285711,2716.5714285714284,865.5714285714286,99.0,81.66666666666652,3109.0,1087.7777777777778,170.77777777777783,130.5,3156.6875,1376.5,129.25,90.16666666666663,3133.4166666666665,764.8333333333334,140.58333333333348,96.0,2637.0,1160.0,97.0,31.0,2284.5,1152.5,32.0
290,100.0,2471.4,1240.6,151.79999999999973,86.66666666666674,1562.0,1468.0,131.66666666666674,110.0,2959.75,444.75,109.75,110.625,3156.25,1809.5,169.0,97.0,2209.0,1084.0,95.0,107.28571428571433,2716.1428571428573,865.1428571428571,101.0,84.0,3118.0,1087.6666666666667,165.66666666666652,131.0,3156.625,1376.0,129.5,90.33333333333337,3134.8333333333335,765.6666666666666,141.16666666666652,91.5,2629.0,1159.5,104.5,31.0,2291.0,1155.0,32.0
291,99.0,2482.7,1244.8,153.9000000000001,86.5,1569.5,1468.5,130.5,109.0,2971.0,453.0,109.0,109.5625,3159.125,1811.75,170.0,100.5,2213.75,1083.75,95.5,108.42857142857144,2715.714285714286,864.7142857142857,103.0,86.33333333333326,3127.0,1087.5555555555557,160.55555555555566,131.5,3156.5625,1375.5,129.75,90.5,3136.25,766.5,141.75,87.0,2621.0,1159.0,112.0,31.40000000000009,2296.6,1157.8,32.20000000000027
292,98.0,2494.0,1249.0,156.0,86.33333333333326,1577.0,1469.0,129.33333333333326,107.80000000000001,2981.4,456.2,108.19999999999982,108.5,3162.0,1814.0,171.0,104.0,2218.5,1083.5,96.0,109.57142857142856,2715.285714285714,864.2857142857143,105.0,88.66666666666674,3136.0,1087.4444444444443,155.44444444444434,132.0,3156.5,1375.0,130.0,90.66666666666663,3137.6666666666665,767.3333333333334,142.33333333333348,87.66666666666674,2614.6666666666665,1156.3333333333333,115.33333333333348,31.800000000000182,2302.2,1160.6,32.40000000000009
293,96.875,2509.875,1253.25,153.5,86.16666666666674,1584.5,1469.5,128.16666666666674,106.60000000000002,2991.8,459.4,107.39999999999964,107.4375,3164.875,1816.25,172.0,107.5,2223.25,1083.25,96.5,110.71428571428567,2714.8571428571427,863.8571428571429,107.0,91.0,3145.0,1087.3333333333333,150.33333333333348,132.5,3156.4375,1374.5,130.25,90.83333333333337,3139.0833333333335,768.1666666666666,142.91666666666652,88.33333333333326,2608.3333333333335,1153.6666666666667,118.66666666666652,32.19999999999982,2307.8,1163.4,32.59999999999991
294,95.75,2525.75,1257.5,151.0,86.0,1592.0,1470.0,127.0,105.39999999999998,3002.2,462.6,106.60000000000036,106.375,3167.75,1818.5,173.0,111.0,2228.0,1083.0,97.0,111.85714285714289,2714.4285714285716,863.4285714285714,109.0,93.33333333333348,3154.0,1087.2222222222222,145.22222222222217,133.0,3156.375,1374.0,130.5,91.0,3140.5,769.0,143.5,89.0,2602.0,1151.0,122.0,32.59999999999991,2313.4,1166.2,32.79999999999973
295,94.625,2541.625,1261.75,148.5,85.83333333333326,1599.5,1470.5,125.83333333333326,104.19999999999999,3012.6,465.8,105.80000000000018,105.3125,3170.625,1820.75,174.0,117.5,2234.5,1084.0,116.0,113.0,2714.0,863.0,111.0,95.66666666666674,3163.0,1087.111111111111,140.1111111111113,133.5,3156.3125,1373.5,130.75,91.16666666666663,3141.9166666666665,769.8333333333334,144.08333333333348,92.83333333333326,2603.3333333333335,1147.1666666666667,117.66666666666652,33.0,2319.0,1169.0,33.0
296,93.5,2557.5,1266.0,146.0,85.66666666666674,1607.0,1471.0,124.66666666666674,103.0,3023.0,469.0,105.0,104.25,3173.5,1823.0,175.0,124.0,2241.0,1085.0,135.0,119.5,2713.5,864.0,110.5,98.0,3172.0,1087.0,135.0,134.0,3156.25,1373.0,131.0,91.33333333333337,3143.3333333333335,770.6666666666666,144.66666666666652,96.66666666666674,2604.6666666666665,1143.3333333333333,113.33333333333348,33.0,2325.2,1170.8,33.0
297,92.375,2573.375,1270.25,143.5,85.5,1614.5,1471.5,123.5,101.75,3029.75,469.75,104.25,103.1875,3176.375,1825.25,176.0,120.75,2258.75,1090.0,123.75,126.0,2713.0,865.0,110.0,98.0,3172.5,1086.75,138.5,134.5,3156.1875,1372.5,131.25,91.5,3144.75,771.5,145.25,100.5,2606.0,1139.5,109.0,33.0,2331.4,1172.6,33.0
298,91.25,2589.25,1274.5,141.0,85.33333333333326,1622.0,1472.0,122.33333333333326,100.5,3036.5,470.5,103.5,102.125,3179.25,1827.5,177.0,117.5,2276.5,1095.0,112.5,124.0,2712.6666666666665,866.3333333333334,109.66666666666697,98.0,3173.0,1086.5,142.0,135.0,3156.125,1372.0,131.5,91.66666666666663,3146.1666666666665,772.3333333333334,145.83333333333348,104.33333333333326,2607.3333333333335,1135.6666666666667,104.66666666666652,33.0,2337.6,1174.4,33.0
299,90.125,2605.125,1278.75,138.5,85.16666666666674,1629.5,1472.5,121.16666666666674,99.25,3043.25,471.25,102.75,101.0625,3182.125,1829.75,178.0,114.25,2294.25,1100.0,101.25,122.0,2712.3333333333335,867.6666666666666,109.33333333333303,98.0,3173.5,1086.25,145.5,135.5,3156.0625,1371.5,131.75,91.83333333333337,3147.5833333333335,773.1666666666666,146.41666666666652,108.16666666666674,2608.6666666666665,1131.8333333333333,100.33333333333348,33.0,2343.8,1176.2,33.0
300,89.0,2621.0,1283.0,136.0,85.0,1637.0,1473.0,120.0,98.0,3050.0,472.0,102.0,100.0,3185.0,1832.0,179.0,111.0,2312.0,1105.0,90.0,120.0,2712.0,869.0,109.0,98.0,3174.0,1086.0,149.0,136.0,3156.0,1371.0,132.0,92.0,3149.0,774.0,147.0,112.0,2610.0,1128.0,96.0,33.0,2350.0,1178.0,33.0
301,90.0,2634.777777777778,1284.4444444444443,134.77777777777783,85.0,1637.0,1473.0,126.33333333333326,97.5714285714285,3049.8571428571427,472.14285714285717,106.28571428571468,99.0,3187.5,1831.6666666666667,179.0,115.79999999999995,2319.4,1104.4,91.0,119.29411764705878,2711.3529411764707,869.7647058823529,110.35294117647027,98.375,3173.875,1086.25,151.375,136.125,3156.8125,1371.125,131.4375,92.19999999999993,3148.4,773.6,149.0,120.0,2610.0,1128.0,96.0,33.0,2355.6666666666665,1178.6666666666667,33.0
302,91.0,2648.5555555555557,1285.888888888889,133.55555555555566,85.0,1637.0,1473.0,132.66666666666674,97.14285714285717,3049.714285714286,472.2857142857143,110.57142857142844,98.0,3190.0,1831.3333333333333,179.0,120.60000000000014,2326.8,1103.8,92.0,118.58823529411768,2710.705882352941,870.5294117647059,111.70588235294144,98.75,3173.75,1086.5,153.75,136.25,3157.625,1371.25,130.875,92.39999999999998,3147.8,773.2,151.0,127.5,2607.6666666666665,1128.0,96.83333333333348,33.0,2361.3333333333335,1179.3333333333333,33.0
303,92.0,2662.3333333333335,1287.3333333333333,132.33333333333303,85.0,1637.0,1473.0,139.0,96.71428571428567,3049.5714285714284,472.42857142857144,114.85714285714312,97.0,3192.5,1831.0,179.0,125.39999999999986,2334.2,1103.2,93.0,117.88235294117646,2710.0588235294117,871.2941176470588,113.05882352941171,99.125,3173.625,1086.75,156.125,136.375,3158.4375,1371.375,130.3125,92.60000000000002,3147.2,772.8,153.0,135.0,2605.3333333333335,1128.0,97.66666666666652,33.0,2367.0,1180.0,33.0
304,93.0,2676.1111111111113,1288.7777777777778,131.11111111111086,85.17647058823536,1644.235294117647,1473.2941176470588,138.3529411764705,96.28571428571433,3049.4285714285716,472.57142857142856,119.14285714285688,96.0,3195.0,1830.6666666666667,179.0,130.20000000000005,2341.6,1102.6,94.0,117.17647058823536,2709.4117647058824,872.0588235294117,114.41176470588243,99.5,3173.5,1087.0,158.5,136.5,3159.25,1371.5,129.75,92.80000000000007,3146.6,772.4,155.0,142.5,2603.0,1128.0,98.5,33.0,2373.5,1184.5,33.0
305,94.0,2689.8888888888887,1290.2222222222222,129.88888888888914,85.35294117647072,1651.4705882352941,1473.5882352941176,137.70588235294122,95.85714285714283,3049.285714285714,472.7142857142857,123.42857142857156,95.0,3197.5,1830.3333333333333,179.0,135.0,2349.0,1102.0,95.0,116.47058823529403,2708.764705882353,872.8235294117648,115.7647058823527,99.875,3173.375,1087.25,160.875,136.625,3160.0625,1371.625,129.1875,93.0,3146.0,772.0,157.0,150.0,2600.6666666666665,1128.0,99.33333333333348,33.0,2380.0,1189.0,33.0
306,95.0,2703.6666666666665,1291.6666666666667,128.66666666666697,85.52941176470586,1658.7058823529412,1473.8823529411766,137.0588235294117,95.4285714285715,3049.1428571428573,472.85714285714283,127.71428571428532,94.0,3200.0,1830.0,179.0,139.33333333333326,2358.6666666666665,1103.6666666666667,95.66666666666697,115.76470588235293,2708.1176470588234,873.5882352941177,117.11764705882342,100.25,3173.25,1087.5,163.25,136.75,3160.875,1371.75,128.625,93.46666666666658,3148.5333333333333,771.4666666666667,155.80000000000018,157.5,2598.3333333333335,1128.0,100.16666666666652,33.0,2389.5,1196.0,33.0
307,96.0,2717.4444444444443,1293.111111111111,127.44444444444434,85.70588235294122,1665.9411764705883,1474.1764705882354,136.4117647058822,95.0,3049.0,473.0,132.0,94.5,3197.6666666666665,1829.0,180.83333333333348,143.66666666666674,2368.3333333333335,1105.3333333333333,96.33333333333303,115.05882352941171,2707.470588235294,874.3529411764706,118.47058823529414,100.625,3173.125,1087.75,165.625,136.875,3161.6875,1371.875,128.0625,93.9333333333334,3151.0666666666666,770.9333333333333,154.5999999999999,165.0,2596.0,1128.0,101.0,33.0,2399.0,1203.0,33.0
308,97.0,2731.222222222222,1294.5555555555557,126.22222222222217,85.88235294117635,1673.1764705882354,1474.4705882352941,135.76470588235293,95.69999999999993,3048.8,472.1,132.69999999999982,95.0,3195.3333333333335,1828.0,182.66666666666652,148.0,2378.0,1107.0,97.0,114.35294117647061,2706.823529411765,875.1176470588235,119.82352941176441,101.0,3173.0,1088.0,168.0,137.0,3162.5,1372.0,127.5,94.39999999999998,3153.6,770.4,153.4000000000001,178.0,2595.0,1132.0,103.0,31.0,2414.5,1220.0,31.5
309,98.0,2745.0,1296.0,125.0,86.05882352941171,1680.4117647058824,1474.764705882353,135.11764705882342,96.40000000000003,3048.6,471.2,133.4000000000001,95.5,3193.0,1827.0,184.5,154.0,2388.0,1115.6666666666667,100.66666666666652,113.64705882352939,2706.176470588235,875.8823529411765,121.17647058823559,97.55555555555543,3173.1111111111113,1090.888888888889,170.11111111111086,137.125,3163.3125,1372.125,126.9375,94.86666666666667,3156.133333333333,769.8666666666667,152.20000000000027,188.0,2596.0,1138.0,103.0,29.0,2430.0,1237.0,30.0
310,101.79999999999995,2756.2,1296.2,125.0,86.23529411764707,1687.6470588235295,1475.0588235294117,134.47058823529392,97.09999999999997,3048.4,470.3,134.0999999999999,96.0,3190.6666666666665,1826.0,186.33333333333348,160.0,2398.0,1124.3333333333333,104.33333333333348,112.94117647058829,2705.529411764706,876.6470588235294,122.52941176470586,94.11111111111109,3173.222222222222,1093.7777777777778,172.22222222222217,137.25,3164.125,1372.25,126.375,95.33333333333326,3158.6666666666665,769.3333333333334,151.0,183.66666666666674,2597.0,1158.3333333333333,103.33333333333348,33.0,2456.0,1256.0,33.0
311,105.59999999999991,2767.4,1296.4,125.0,86.41176470588243,1694.8823529411766,1475.3529411764705,133.82352941176464,97.80000000000007,3048.2,469.4,134.80000000000018,96.5,3188.3333333333335,1825.0,188.16666666666652,166.0,2408.0,1133.0,108.0,112.23529411764707,2704.8823529411766,877.4117647058823,123.88235294117658,90.66666666666652,3173.3333333333335,1096.6666666666667,174.33333333333303,137.375,3164.9375,1372.375,125.8125,95.80000000000007,3161.2,768.8,149.80000000000018,179.33333333333326,2598.0,1178.6666666666667,103.66666666666652,33.0,2487.5,1281.5,33.5
312,109.40000000000009,2778.6,1296.6,125.0,86.58823529411757,1702.1176470588234,1475.6470588235295,133.17647058823536,98.5,3048.0,468.5,135.5,97.0,3186.0,1824.0,190.0,165.0,2413.0,1146.0,116.0,111.52941176470597,2704.235294117647,878.1764705882352,125.2352941176473,87.22222222222217,3173.4444444444443,1099.5555555555557,176.44444444444434,137.5,3165.75,1372.5,125.25,96.26666666666665,3163.733333333333,768.2666666666667,148.60000000000036,175.0,2599.0,1199.0,104.0,33.0,2519.0,1307.0,34.0
313,113.20000000000005,2789.8,1296.8,125.0,86.76470588235293,1709.3529411764705,1475.9411764705883,132.52941176470608,99.19999999999993,3047.8,467.6,136.19999999999982,97.5,3183.625,1823.0,188.625,147.0,2417.0,1159.0,125.0,110.82352941176464,2703.5882352941176,878.9411764705883,126.58823529411757,83.77777777777783,3173.5555555555557,1102.4444444444443,178.55555555555566,137.625,3166.5625,1372.625,124.6875,96.73333333333335,3166.266666666667,767.7333333333333,147.39999999999964,171.5,2597.25,1209.25,106.75,33.666666666666515,2554.0,1334.6666666666667,34.666666666666515
314,117.0,2801.0,1297.0,125.0,86.94117647058829,1716.5882352941176,1476.235294117647,131.88235294117658,99.90000000000003,3047.6,466.7,136.9000000000001,98.0,3181.25,1822.0,187.25,129.0,2422.0,1169.0,113.0,110.11764705882354,2702.9411764705883,879.7058823529412,127.94117647058829,80.33333333333348,3173.6666666666665,1105.3333333333333,180.66666666666697,137.75,3167.375,1372.75,124.125,97.19999999999993,3168.8,767.2,146.19999999999982,168.0,2595.5,1219.5,109.5,34.333333333333485,2589.0,1362.3333333333333,35.333333333333485
315,120.33333333333348,2805.3333333333335,1298.3333333333333,127.0,87.11764705882365,1723.8235294117646,1476.5294117647059,131.23529411764707,100.59999999999997,3047.4,465.8,137.5999999999999,98.5,3178.875,1821.0,185.875,128.5,2427.1666666666665,1179.1666666666667,112.33333333333348,109.41176470588232,2702.294117647059,880.4705882352941,129.29411764705856,76.88888888888891,3173.777777777778,1108.2222222222222,182.77777777777783,137.875,3168.1875,1372.875,123.5625,97.66666666666674,3171.3333333333335,766.6666666666666,145.0,164.5,2593.75,1229.75,112.25,35.0,2624.0,1390.0,36.0
316,123.66666666666652,2809.6666666666665,1299.6666666666667,129.0,87.29411764705878,1731.0588235294117,1476.8235294117646,130.5882352941178,101.30000000000007,3047.2,464.9,138.30000000000018,99.0,3176.5,1820.0,184.5,128.0,2432.3333333333335,1189.3333333333333,111.66666666666652,108.70588235294122,2701.6470588235293,881.2352941176471,130.64705882352973,73.44444444444457,3173.8888888888887,1111.111111111111,184.88888888888914,138.0,3169.0,1373.0,123.0,98.13333333333333,3173.866666666667,766.1333333333333,143.79999999999973,161.0,2592.0,1240.0,115.0,35.0,2659.4,1418.4,36.0
317,127.0,2814.0,1301.0,131.0,87.47058823529414,1738.2941176470588,1477.1176470588234,129.9411764705883,102.0,3047.0,464.0,139.0,99.5,3174.125,1819.0,183.125,127.5,2437.5,1199.5,111.0,108.0,2701.0,882.0,132.0,70.0,3174.0,1114.0,187.0,143.0,3171.5,1373.0,120.75,98.60000000000002,3176.4,765.6,142.5999999999999,151.75,2590.0,1250.25,120.0,35.0,2694.8,1446.8,36.0
318,121.33333333333326,2818.3333333333335,1308.0,132.66666666666652,87.64705882352928,1745.5294117647059,1477.4117647058824,129.29411764705878,101.66666666666663,3046.6666666666665,464.0,140.0,100.0,3171.75,1818.0,181.75,127.0,2442.6666666666665,1209.6666666666667,110.33333333333348,108.52173913043475,2701.3478260869565,881.4782608695652,131.78260869565202,70.39130434782624,3174.478260869565,1113.9130434782608,185.73913043478296,148.0,3174.0,1373.0,118.5,99.0666666666666,3178.9333333333334,765.0666666666667,141.4000000000001,142.5,2588.0,1260.5,125.0,35.0,2730.2,1475.2,36.0
319,115.66666666666674,2822.6666666666665,1315.0,134.33333333333348,87.82352941176464,1752.764705882353,1477.7058823529412,128.6470588235295,101.33333333333337,3046.3333333333335,464.0,141.0,100.5,3169.375,1817.0,180.375,126.5,2447.8333333333335,1219.8333333333333,109.66666666666652,109.04347826086962,2701.695652173913,880.9565217391304,131.5652173913045,70.78260869565224,3174.9565217391305,1113.8260869565217,184.47826086956502,153.0,3176.5,1373.0,116.25,99.53333333333342,3181.4666666666667,764.5333333333333,140.19999999999982,133.25,2586.0,1270.75,130.0,35.0,2765.6,1503.6,36.0
320,110.0,2827.0,1322.0,136.0,88.0,1760.0,1478.0,128.0,101.0,3046.0,464.0,142.0,101.0,3167.0,1816.0,179.0,126.0,2453.0,1230.0,109.0,109.56521739130437,2702.0434782608695,880.4347826086956,131.3478260869565,71.17391304347825,3175.4347826086955,1113.7391304347825,183.21739130434798,158.0,3179.0,1373.0,114.0,100.0,3184.0,764.0,139.0,124.0,2584.0,1281.0,135.0,35.0,2801.0,1532.0,36.0
321,109.33333333333326,2833.5,1327.1666666666667,133.33333333333348,88.41666666666674,1766.5,1478.0833333333333,128.58333333333326,99.28571428571428,3046.1428571428573,466.2857142857143,141.71428571428532,103.0,3159.8,1812.6,180.39999999999964,126.0,2453.6666666666665,1232.6666666666667,103.33333333333348,110.08695652173913,2702.391304347826,879.9130434782609,131.13043478260897,71.56521739130426,3175.913043478261,1113.6521739130435,181.9565217391305,163.66666666666674,3177.0,1373.0,122.0,98.5,3184.95,765.2,140.25,124.5,2585.25,1285.75,146.5,35.0,2833.2,1558.6,36.0
322,108.66666666666674,2840.0,1332.3333333333333,130.66666666666652,88.83333333333326,1773.0,1478.1666666666667,129.16666666666674,97.57142857142856,3046.285714285714,468.57142857142856,141.42857142857156,105.0,3152.6,1809.2,181.80000000000018,126.0,2454.3333333333335,1235.3333333333333,97.66666666666652,110.60869565217388,2702.7391304347825,879.3913043478261,130.913043478261,71.9565217391305,3176.391304347826,1113.5652173913043,180.695652173913,169.33333333333326,3175.0,1373.0,130.0,97.0,3185.9,766.4,141.5,125.0,2586.5,1290.5,158.0,35.0,2865.4,1585.2,36.0
323,108.0,2846.5,1337.5,128.0,89.25,1779.5,1478.25,129.75,95.85714285714283,3046.4285714285716,470.85714285714283,141.14285714285688,107.0,3145.4,1805.8,183.19999999999982,126.0,2455.0,1238.0,92.0,111.13043478260875,2703.086956521739,878.8695652173913,130.695652173913,72.3478260869565,3176.8695652173915,1113.4782608695652,179.4347826086955,175.0,3173.0,1373.0,138.0,95.5,3186.85,767.6,142.75,125.5,2587.75,1295.25,169.5,35.0,2897.6,1611.8,36.0
324,107.33333333333326,2853.0,1342.6666666666667,125.33333333333348,89.66666666666674,1786.0,1478.3333333333333,130.33333333333326,94.14285714285717,3046.5714285714284,473.14285714285717,140.85714285714312,109.0,3138.2,1802.4,184.60000000000036,126.0,2457.0,1238.4,94.59999999999991,111.6521739130435,2703.4347826086955,878.3478260869565,130.47826086956547,72.73913043478274,3177.3478260869565,1113.391304347826,178.17391304347848,168.66666666666652,3173.3333333333335,1384.1666666666667,145.0,94.0,3187.8,768.8,144.0,126.0,2589.0,1300.0,181.0,35.0,2929.8,1638.4,36.0
325,106.66666666666674,2859.5,1347.8333333333333,122.66666666666652,90.08333333333326,1792.5,1478.4166666666667,130.91666666666674,92.42857142857144,3046.714285714286,475.42857142857144,140.57142857142844,111.0,3131.0,1799.0,186.0,126.0,2459.0,1238.8,97.19999999999982,112.17391304347825,2703.782608695652,877.8260869565217,130.2608695652175,73.13043478260875,3177.8260869565215,1113.304347826087,176.913043478261,162.33333333333348,3173.6666666666665,1395.3333333333333,152.0,92.5,3188.75,770.0,145.25,120.66666666666652,2603.8333333333335,1312.6666666666667,174.83333333333303,35.0,2962.0,1665.0,36.0
326,106.0,2866.0,1353.0,120.0,90.5,1799.0,1478.5,131.5,90.71428571428572,3046.8571428571427,477.7142857142857,140.28571428571468,112.5,3127.75,1799.0,184.5,126.0,2461.0,1239.2,99.80000000000018,112.695652173913,2704.1304347826085,877.304347826087,130.04347826086996,73.52173913043475,3178.304347826087,1113.2173913043478,175.6521739130435,156.0,3174.0,1406.5,159.0,91.0,3189.7,771.2,146.5,115.33333333333348,2618.6666666666665,1325.3333333333333,168.66666666666697,35.0,2989.8,1690.2,36.0
327,106.16666666666674,2872.3333333333335,1354.0,116.16666666666652,90.91666666666674,1805.5,1478.5833333333333,132.08333333333326,89.0,3047.0,480.0,140.0,114.0,3124.5,1799.0,183.0,126.0,2463.0,1239.6,102.40000000000009,113.21739130434787,2704.478260869565,876.7826086956521,129.82608695652198,73.91304347826076,3178.782608695652,1113.1304347826087,174.39130434782646,149.66666666666652,3174.3333333333335,1417.6666666666667,166.0,89.5,3190.65,772.4,147.75,110.0,2633.5,1338.0,162.5,35.0,3017.6,1715.4,36.0
328,106.33333333333326,2878.6666666666665,1355.0,112.33333333333348,91.33333333333326,1812.0,1478.6666666666667,132.66666666666674,92.625,3047.125,482.25,139.875,115.5,3121.25,1799.0,181.5,126.0,2465.0,1240.0,105.0,113.73913043478262,2704.8260869565215,876.2608695652174,129.608695652174,74.304347826087,3179.2608695652175,1113.0434782608695,173.13043478260852,143.33333333333348,3174.6666666666665,1428.8333333333333,173.0,88.0,3191.6,773.6,149.0,104.66666666666652,2648.3333333333335,1350.6666666666667,156.33333333333303,35.0,3045.4,1740.6,36.0
329,106.5,2885.0,1356.0,108.5,91.75,1818.5,1478.75,133.25,96.25,3047.25,484.5,139.75,117.0,3118.0,1799.0,180.0,126.09999999999991,2464.2,1237.0,107.60000000000036,114.26086956521738,2705.1739130434785,875.7391304347826,129.391304347826,74.695652173913,3179.7391304347825,1112.9565217391305,171.86956521739148,137.0,3175.0,1440.0,180.0,86.5,3192.55,774.8,150.25,99.33333333333348,2663.1666666666665,1363.3333333333333,150.16666666666697,35.0,3073.2,1765.8,36.0
330,106.66666666666674,2891.3333333333335,1357.0,104.66666666666652,92.16666666666674,1825.0,1478.8333333333333,133.83333333333326,99.875,3047.375,486.75,139.625,111.66666666666652,3117.0,1804.6666666666667,178.33333333333348,126.20000000000005,2463.4,1234.0,110.19999999999982,114.78260869565213,2705.521739130435,875.2173913043479,129.17391304347802,75.08695652173924,3180.217391304348,1112.8695652173913,170.60869565217354,130.5999999999999,3166.6,1452.4,189.4000000000001,85.0,3193.5,776.0,151.5,94.0,2678.0,1376.0,144.0,35.0,3101.0,1791.0,36.0
331,106.83333333333326,2897.6666666666665,1358.0,100.83333333333348,92.58333333333326,1831.5,1478.9166666666667,134.41666666666674,103.5,3047.5,489.0,139.5,106.33333333333348,3116.0,1810.3333333333333,176.66666666666652,126.29999999999995,2462.6,1231.0,112.80000000000018,115.304347826087,2705.8695652173915,874.695652173913,128.95652173913004,75.47826086956525,3180.695652173913,1112.7826086956522,169.3478260869565,124.20000000000005,3158.2,1464.8,198.80000000000018,83.5,3194.45,777.2,152.75,106.75,2685.5,1381.25,148.0,33.666666666666515,3125.6666666666665,1813.6666666666667,35.0
332,107.0,2904.0,1359.0,97.0,93.0,1838.0,1479.0,135.0,107.125,3047.625,491.25,139.375,101.0,3115.0,1816.0,175.0,126.40000000000009,2461.8,1228.0,115.39999999999964,115.82608695652175,2706.217391304348,874.1739130434783,128.7391304347825,75.86956521739125,3181.1739130434785,1112.695652173913,168.086956521739,117.79999999999995,3149.8,1477.2,208.19999999999982,82.0,3195.4,778.4,154.0,119.5,2693.0,1386.5,152.0,32.333333333333485,3150.3333333333335,1836.3333333333333,34.0
333,105.75,2899.375,1361.375,104.125,93.5,1848.625,1479.0,128.25,110.75,3047.75,493.5,139.25,101.0,3107.25,1816.0,178.0,126.5,2461.0,1225.0,118.0,116.3478260869565,2706.5652173913045,873.6521739130435,128.52173913043453,76.26086956521726,3181.6521739130435,1112.608695652174,166.82608695652152,111.40000000000009,3141.4,1489.6,217.5999999999999,80.5,3196.35,779.6,155.25,132.25,2700.5,1391.75,156.0,31.0,3175.0,1859.0,33.0
334,104.5,2894.75,1363.75,111.25,94.0,1859.25,1479.0,121.5,114.375,3047.875,495.75,139.125,101.0,3099.5,1816.0,181.0,126.59999999999991,2460.2,1222.0,120.60000000000036,116.86956521739125,2706.913043478261,873.1304347826087,128.304347826087,76.6521739130435,3182.1304347826085,1112.5217391304348,165.5652173913045,105.0,3133.0,1502.0,227.0,79.0,3197.3,780.8,156.5,145.0,2708.0,1397.0,160.0,33.0,3180.0,1865.5,34.5
335,103.25,2890.125,1366.125,118.375,94.5,1869.875,1479.0,114.75,118.0,3048.0,498.0,139.0,101.0,3091.75,1816.0,184.0,126.70000000000005,2459.4,1219.0,123.19999999999982,117.39130434782612,2707.2608695652175,872.6086956521739,128.086956521739,77.0434782608695,3182.608695652174,1112.4347826086957,164.304347826087,106.83333333333326,3133.5,1505.0,218.16666666666652,77.5,3198.25,782.0,157.75,145.0,2707.5,1398.0,167.75,35.0,3185.0,1872.0,36.0
336,102.0,2885.5,1368.5,125.5,95.0,1880.5,1479.0,108.0,118.60000000000002,3048.2,500.4,140.20000000000027,101.0,3084.0,1816.0,187.0,126.79999999999995,2458.6,1216.0,125.80000000000018,117.91304347826087,2707.608695652174,872.0869565217391,127.86956521739103,77.43478260869574,3183.086956521739,1112.3478260869565,163.0434782608695,108.66666666666674,3134.0,1508.0,209.33333333333348,76.0,3199.2,783.2,159.0,145.0,2707.0,1399.0,175.5,35.0,3180.4,1868.6,36.0
337,100.75,2880.875,1370.875,132.625,95.5,1891.125,1479.0,101.25,119.19999999999999,3048.4,502.8,141.4000000000001,101.0,3076.25,1816.0,190.0,126.90000000000009,2457.8,1213.0,128.39999999999964,118.43478260869563,2707.9565217391305,871.5652173913044,127.6521739130435,77.82608695652175,3183.5652173913045,1112.2608695652175,161.78260869565202,110.5,3134.5,1511.0,200.5,74.5,3200.15,784.4,160.25,145.0,2706.5,1400.0,183.25,35.0,3175.8,1865.2,36.0
338,99.5,2876.25,1373.25,139.75,96.0,1901.75,1479.0,94.5,119.80000000000001,3048.6,505.2,142.5999999999999,101.0,3068.5,1816.0,193.0,127.0,2457.0,1210.0,131.0,118.95652173913038,2708.304347826087,871.0434782608696,127.43478260869551,78.21739130434776,3184.0434782608695,1112.1739130434783,160.52173913043498,112.33333333333326,3135.0,1514.0,191.66666666666652,73.0,3201.1,785.6,161.5,145.0,2706.0,1401.0,191.0,35.0,3171.2,1861.8,36.0
339,98.25,2871.625,1375.625,146.875,96.5,1912.375,1479.0,87.75,120.39999999999998,3048.8,507.6,143.79999999999973,101.0,3060.75,1816.0,196.0,127.5,2455.5,1212.5,133.5,119.47826086956525,2708.6521739130435,870.5217391304348,127.21739130434798,78.60869565217376,3184.521739130435,1112.0869565217392,159.26086956521704,114.16666666666674,3135.5,1517.0,182.83333333333348,71.5,3202.05,786.8,162.75,133.5,2721.5,1409.0,191.5,35.0,3166.6,1858.4,36.0
340,97.0,2867.0,1378.0,154.0,97.0,1923.0,1479.0,81.0,121.0,3049.0,510.0,145.0,101.0,3053.0,1816.0,199.0,128.0,2454.0,1215.0,136.0,120.0,2709.0,870.0,127.0,79.0,3185.0,1112.0,158.0,116.0,3136.0,1520.0,174.0,70.0,3203.0,788.0,164.0,122.0,2737.0,1417.0,192.0,35.0,3162.0,1855.0,36.0
341,100.0,2867.0,1373.5,157.16666666666652,96.39999999999986,1925.8,1478.4,91.60000000000014,119.5,3051.25,512.0,145.25,102.0,3044.75,1813.75,202.75,126.33333333333326,2459.3333333333335,1213.6666666666667,134.0,116.70000000000005,2709.7,869.8,128.5,81.0,3185.5833333333335,1112.6666666666667,159.75,119.25,3136.25,1519.75,174.0,72.29999999999995,3205.7,789.6,162.30000000000018,116.33333333333326,2759.3333333333335,1427.0,181.0,35.0,3155.0,1849.0,36.0
342,103.0,2867.0,1369.0,160.33333333333348,95.79999999999995,1928.6,1477.8,102.20000000000005,118.0,3053.5,514.0,145.5,103.0,3036.5,1811.5,206.5,124.66666666666674,2464.6666666666665,1212.3333333333333,132.0,113.39999999999998,2710.4,869.6,130.0,83.0,3186.1666666666665,1113.3333333333333,161.5,122.5,3136.5,1519.5,174.0,74.59999999999991,3208.4,791.2,160.5999999999999,110.66666666666674,2781.6666666666665,1437.0,170.0,35.0,3148.0,1843.0,36.0
343,106.0,2867.0,1364.5,163.5,95.20000000000005,1931.4,1477.2,112.79999999999995,116.5,3055.75,516.0,145.75,104.0,3028.25,1809.25,210.25,123.0,2470.0,1211.0,130.0,110.10000000000002,2711.1,869.4,131.5,85.0,3186.75,1114.0,163.25,125.75,3136.75,1519.25,174.0,76.90000000000009,3211.1,792.8,158.9000000000001,105.0,2804.0,1447.0,159.0,35.0,3141.0,1837.0,36.0
344,109.0,2867.0,1360.0,166.66666666666652,94.60000000000014,1934.2,1476.6,123.39999999999986,115.0,3058.0,518.0,146.0,105.0,3020.0,1807.0,214.0,116.39999999999986,2473.4,1210.2,129.79999999999973,106.79999999999995,2711.8,869.2,133.0,87.0,3187.3333333333335,1114.6666666666667,165.0,129.0,3137.0,1519.0,174.0,79.20000000000005,3213.8,794.4,157.19999999999982,108.5,2826.75,1452.75,148.0,35.0,3134.0,1831.0,36.0
345,112.0,2867.0,1355.5,169.83333333333348,94.0,1937.0,1476.0,134.0,111.88888888888891,3060.3333333333335,522.2222222222222,147.33333333333303,105.3125,3020.3125,1805.75,210.3125,109.79999999999995,2476.8,1209.4,129.5999999999999,103.5,2712.5,869.0,134.5,89.0,3187.9166666666665,1115.3333333333333,166.75,125.14285714285711,3137.285714285714,1527.142857142857,171.85714285714312,81.5,3216.5,796.0,155.5,112.0,2849.5,1458.5,137.0,35.0,3127.0,1825.0,36.0
346,115.0,2867.0,1351.0,173.0,93.33333333333326,1943.4,1475.5333333333333,133.8666666666668,108.77777777777771,3062.6666666666665,526.4444444444445,148.66666666666697,105.625,3020.625,1804.5,206.625,103.20000000000005,2480.2,1208.6,129.4000000000001,100.20000000000005,2713.2,868.8,136.0,91.0,3188.5,1116.0,168.5,121.28571428571445,3137.5714285714284,1535.2857142857142,169.71428571428578,83.79999999999995,3219.2,797.6,153.80000000000018,115.5,2872.25,1464.25,126.0,35.0,3121.4,1822.8,36.0
347,118.85714285714289,2869.714285714286,1349.0,176.28571428571422,92.66666666666674,1949.8,1475.0666666666666,133.73333333333335,105.66666666666674,3065.0,530.6666666666666,150.0,105.9375,3020.9375,1803.25,202.9375,96.60000000000014,2483.6,1207.8,129.20000000000027,96.89999999999998,2713.9,868.6,137.5,93.0,3189.0833333333335,1116.6666666666667,170.25,117.42857142857156,3137.8571428571427,1543.4285714285713,167.5714285714289,86.09999999999991,3221.9,799.2,152.0999999999999,119.0,2895.0,1470.0,115.0,35.0,3115.8,1820.6,36.0
348,122.71428571428578,2872.4285714285716,1347.0,179.57142857142844,92.0,1956.2,1474.6,133.60000000000014,102.55555555555554,3067.3333333333335,534.8888888888889,151.33333333333303,106.25,3021.25,1802.0,199.25,90.0,2487.0,1207.0,129.0,93.60000000000002,2714.6,868.4,139.0,95.0,3189.6666666666665,1117.3333333333333,172.0,113.57142857142844,3138.1428571428573,1551.5714285714287,165.4285714285711,88.40000000000009,3224.6,800.8,150.4000000000001,115.33333333333326,2902.8333333333335,1480.0,114.33333333333303,35.0,3110.2,1818.4,36.0
349,126.57142857142867,2875.1428571428573,1345.0,182.85714285714266,91.33333333333326,1962.6,1474.1333333333334,133.4666666666667,99.44444444444446,3069.6666666666665,539.1111111111111,152.66666666666697,106.5625,3021.5625,1800.75,195.5625,90.33333333333348,2488.5,1205.8333333333333,131.83333333333348,90.29999999999995,2715.3,868.2,140.5,97.0,3190.25,1118.0,173.75,109.71428571428555,3138.4285714285716,1559.7142857142858,163.28571428571422,90.70000000000005,3227.3,802.4,148.69999999999982,111.66666666666674,2910.6666666666665,1490.0,113.66666666666697,35.0,3104.6,1816.2,36.0
350,130.42857142857133,2877.8571428571427,1343.0,186.14285714285734,90.66666666666652,1969.0,1473.6666666666667,133.33333333333348,96.33333333333326,3072.0,543.3333333333334,154.0,106.875,3021.875,1799.5,191.875,90.66666666666652,2490.0,1204.6666666666667,134.66666666666652,87.0,2716.0,868.0,142.0,99.0,3190.8333333333335,1118.6666666666667,175.5,105.85714285714289,3138.714285714286,1567.857142857143,161.14285714285688,93.0,3230.0,804.0,147.0,108.0,2918.5,1500.0,113.0,35.0,3099.0,1814.0,36.0
351,134.28571428571422,2880.5714285714284,1341.0,189.42857142857156,90.0,1975.4,1473.2,133.19999999999982,93.22222222222229,3074.3333333333335,547.5555555555555,155.33333333333303,107.1875,3022.1875,1798.25,188.1875,91.0,2491.5,1203.5,137.5,87.5,2718.2,867.8,140.5,101.0,3191.4166666666665,1119.3333333333333,177.25,102.0,3139.0,1576.0,159.0,90.89999999999998,3230.6,805.9,146.80000000000018,104.33333333333326,2926.3333333333335,1510.0,112.33333333333303,35.0,3096.8,1812.0,36.0
352,138.1428571428571,2883.285714285714,1339.0,192.71428571428578,89.33333333333326,1981.8,1472.7333333333333,133.06666666666683,90.11111111111109,3076.6666666666665,551.7777777777778,156.66666666666697,107.5,3022.5,1797.0,184.5,91.33333333333348,2493.0,1202.3333333333333,140.33333333333348,88.0,2720.4,867.6,139.0,103.0,3192.0,1120.0,179.0,102.0,3139.5555555555557,1577.2222222222222,159.66666666666652,88.80000000000007,3231.2,807.8,146.60000000000036,100.66666666666674,2934.1666666666665,1520.0,111.66666666666697,35.0,3094.6,1810.0,36.0
353,142.0,2886.0,1337.0,196.0,88.66666666666674,1988.2,1472.2666666666667,132.93333333333317,87.0,3079.0,556.0,158.0,107.8125,3022.8125,1795.75,180.8125,91.66666666666652,2494.5,1201.1666666666667,143.16666666666652,88.5,2722.6,867.4,137.5,100.875,3192.25,1124.375,178.25,102.0,3140.1111111111113,1578.4444444444443,160.33333333333303,86.69999999999993,3231.8,809.7,146.39999999999964,97.0,2942.0,1530.0,111.0,35.0,3092.4,1808.0,36.0
354,142.1428571428571,2892.285714285714,1336.7142857142858,191.0,88.0,1994.6,1471.8,132.80000000000018,93.71428571428578,3081.4285714285716,560.1428571428571,156.14285714285688,108.125,3023.125,1794.5,177.125,92.0,2496.0,1200.0,146.0,89.0,2724.8,867.2,136.0,98.75,3192.5,1128.75,177.5,102.0,3140.6666666666665,1579.6666666666667,161.0,84.60000000000002,3232.4,811.6,146.19999999999982,106.57142857142844,2947.5714285714284,1530.857142857143,116.71428571428578,35.0,3090.2,1806.0,36.0
355,142.28571428571445,2898.5714285714284,1336.4285714285713,186.0,87.33333333333348,2001.0,1471.3333333333333,132.66666666666652,100.42857142857133,3083.8571428571427,564.2857142857143,154.28571428571468,108.4375,3023.4375,1793.25,173.4375,92.66666666666652,2504.0,1198.6666666666667,142.5,89.5,2727.0,867.0,134.5,96.625,3192.75,1133.125,176.75,102.0,3141.222222222222,1580.888888888889,161.66666666666652,82.5,3233.0,813.5,146.0,116.14285714285711,2953.1428571428573,1531.7142857142858,122.4285714285711,35.0,3088.0,1804.0,36.0
356,142.42857142857156,2904.8571428571427,1336.142857142857,181.0,86.66666666666674,2007.4,1470.8666666666666,132.5333333333333,107.14285714285711,3086.285714285714,568.4285714285714,152.42857142857156,108.75,3023.75,1792.0,169.75,93.33333333333348,2512.0,1197.3333333333333,139.0,90.0,2729.2,866.8,133.0,94.5,3193.0,1137.5,176.0,102.0,3141.777777777778,1582.111111111111,162.33333333333348,80.39999999999998,3233.6,815.4,145.80000000000018,125.71428571428555,2958.714285714286,1532.5714285714287,128.14285714285688,35.0,3090.4,1798.6,36.0
357,142.57142857142844,2911.1428571428573,1335.857142857143,176.0,86.0,2013.8,1470.4,132.39999999999986,113.85714285714289,3088.714285714286,572.5714285714286,150.57142857142844,109.0625,3024.0625,1790.75,166.0625,94.0,2520.0,1196.0,135.5,90.5,2731.4,866.6,131.5,92.375,3193.25,1141.875,175.25,102.0,3142.3333333333335,1583.3333333333333,163.0,78.30000000000007,3234.2,817.3,145.60000000000036,135.28571428571445,2964.285714285714,1533.4285714285713,133.85714285714312,35.0,3092.8,1793.2,36.0
358,142.71428571428555,2917.4285714285716,1335.5714285714287,171.0,85.33333333333326,2020.2,1469.9333333333334,132.26666666666665,120.57142857142867,3091.1428571428573,576.7142857142857,148.71428571428532,109.375,3024.375,1789.5,162.375,94.66666666666652,2528.0,1194.6666666666667,132.0,91.0,2733.6,866.4,130.0,90.25,3193.5,1146.25,174.5,102.0,3142.8888888888887,1584.5555555555557,163.66666666666697,76.19999999999993,3234.8,819.2,145.39999999999964,144.8571428571429,2969.8571428571427,1534.2857142857142,139.5714285714289,35.0,3095.2,1787.8,36.0
359,142.8571428571429,2923.714285714286,1335.2857142857142,166.0,84.66666666666674,2026.6,1469.4666666666667,132.1333333333332,127.28571428571422,3093.5714285714284,580.8571428571429,146.85714285714312,109.6875,3024.6875,1788.25,158.6875,95.33333333333348,2536.0,1193.3333333333333,128.5,91.5,2735.8,866.2,128.5,88.125,3193.75,1150.625,173.75,102.0,3143.4444444444443,1585.7777777777778,164.33333333333348,74.10000000000002,3235.4,821.1,145.19999999999982,154.42857142857156,2975.4285714285716,1535.142857142857,145.28571428571422,35.0,3097.6,1782.4,36.0
360,143.0,2930.0,1335.0,161.0,84.0,2033.0,1469.0,132.0,134.0,3096.0,585.0,145.0,110.0,3025.0,1787.0,155.0,96.0,2544.0,1192.0,125.0,92.0,2738.0,866.0,127.0,86.0,3194.0,1155.0,173.0,102.0,3144.0,1587.0,165.0,72.0,3236.0,823.0,145.0,164.0,2981.0,1536.0,151.0,35.0,3100.0,1777.0,36.0
361,140.79999999999995,2929.25,1334.65,162.0,84.59999999999991,2038.5333333333333,1468.2,132.0,130.5,3097.25,588.5,146.0,110.9333333333334,3025.4666666666667,1787.2666666666667,157.66666666666652,94.75,2545.75,1192.75,127.0,91.25,2737.8,865.9,127.29999999999973,85.875,3191.75,1157.875,175.0,102.0,3141.4,1587.2,164.79999999999973,76.59999999999991,3236.8,825.2,145.19999999999982,165.79999999999995,2983.8,1545.4,150.19999999999982,35.0,3107.0,1781.0,36.0
362,138.60000000000014,2928.5,1334.3,163.0,85.19999999999982,2044.0666666666666,1467.4,132.0,127.0,3098.5,592.0,147.0,111.86666666666679,3025.9333333333334,1787.5333333333333,160.33333333333348,93.5,2547.5,1193.5,129.0,90.5,2737.6,865.8,127.59999999999991,85.75,3189.5,1160.75,177.0,102.0,3138.8,1587.4,164.5999999999999,81.20000000000005,3237.6,827.4,145.4000000000001,167.60000000000014,2986.6,1554.8,149.4000000000001,35.0,3114.6666666666665,1795.3333333333333,36.0
363,136.39999999999986,2927.75,1333.95,164.0,85.80000000000018,2049.6,1466.6,132.0,123.5,3099.75,595.5,148.0,112.79999999999995,3026.4,1787.8,163.0,92.25,2549.25,1194.25,131.0,89.75,2737.4,865.7,127.90000000000009,85.625,3187.25,1163.625,179.0,102.0,3136.2,1587.6,164.4000000000001,85.79999999999995,3238.4,829.6,145.5999999999999,169.39999999999986,2989.4,1564.2,148.5999999999999,35.0,3122.3333333333335,1809.6666666666667,36.0
364,134.20000000000005,2927.0,1333.6,165.0,86.40000000000009,2055.133333333333,1465.8,132.0,120.0,3101.0,599.0,149.0,113.73333333333335,3026.866666666667,1788.0666666666666,165.66666666666652,91.0,2551.0,1195.0,133.0,89.0,2737.2,865.6,128.20000000000027,85.5,3185.0,1166.5,181.0,102.0,3133.6,1587.8,164.20000000000027,90.40000000000009,3239.2,831.8,145.80000000000018,171.20000000000005,2992.2,1573.6,147.80000000000018,35.0,3130.0,1824.0,36.0
365,132.0,2926.25,1333.25,166.0,87.0,2060.6666666666665,1465.0,132.0,110.75,3102.25,608.0,150.0,114.66666666666674,3027.3333333333335,1788.3333333333333,168.33333333333303,89.75,2552.75,1195.75,135.0,88.25,2737.0,865.5,128.5,85.375,3182.75,1169.375,183.0,102.0,3131.0,1588.0,164.0,95.0,3240.0,834.0,146.0,173.0,2995.0,1583.0,147.0,35.0,3132.0,1832.0,36.0
366,129.79999999999995,2925.5,1332.9,167.0,87.59999999999991,2066.2,1464.2,132.0,101.5,3103.5,617.0,151.0,115.60000000000014,3027.8,1788.6,171.0,88.5,2554.5,1196.5,137.0,87.5,2736.8,865.4,128.79999999999973,85.25,3180.5,1172.25,185.0,111.5,3128.25,1588.25,163.75,94.16666666666674,3240.4166666666665,835.6666666666666,146.58333333333348,207.0,3011.0,1596.0,149.0,35.0,3135.6666666666665,1836.6666666666667,36.0
367,127.60000000000014,2924.75,1332.55,168.0,88.19999999999982,2071.733333333333,1463.4,132.0,92.25,3104.75,626.0,152.0,116.53333333333353,3028.266666666667,1788.8666666666666,173.66666666666652,87.25,2556.25,1197.25,139.0,86.75,2736.6,865.3,129.0999999999999,85.125,3178.25,1175.125,187.0,121.0,3125.5,1588.5,163.5,93.33333333333326,3240.8333333333335,837.3333333333334,147.16666666666652,200.0,3007.0,1602.0,159.0,35.0,3139.3333333333335,1841.3333333333333,36.0
368,125.39999999999986,2924.0,1332.2,169.0,88.80000000000018,2077.266666666667,1462.6,132.0,83.0,3106.0,635.0,153.0,117.46666666666647,3028.733333333333,1789.1333333333334,176.33333333333348,86.0,2558.0,1198.0,141.0,86.0,2736.4,865.2,129.4000000000001,85.0,3176.0,1178.0,189.0,130.5,3122.75,1588.75,163.25,92.5,3241.25,839.0,147.75,211.0,3013.5,1605.5,149.0,35.0,3143.0,1846.0,36.0
369,123.20000000000005,2923.25,1331.85,170.0,89.40000000000009,2082.8,1461.8,132.0,89.28571428571433,3106.8571428571427,640.0,153.85714285714312,118.39999999999986,3029.2,1789.4,179.0,84.80000000000018,2560.6,1198.6,141.80000000000018,85.25,2736.2,865.1,129.70000000000027,85.25,3176.3333333333335,1179.5833333333333,188.58333333333303,140.0,3120.0,1589.0,163.0,91.66666666666674,3241.6666666666665,840.6666666666666,148.33333333333348,222.0,3020.0,1609.0,139.0,35.0,3151.0,1846.5,36.0
370,121.0,2922.5,1331.5,171.0,90.0,2088.3333333333335,1461.0,132.0,95.57142857142856,3107.714285714286,645.0,154.71428571428578,119.33333333333326,3029.6666666666665,1789.6666666666667,181.66666666666697,83.59999999999991,2563.2,1199.2,142.60000000000036,84.5,2736.0,865.0,130.0,85.5,3176.6666666666665,1181.1666666666667,188.16666666666697,151.66666666666674,3121.0,1588.0,162.66666666666652,90.83333333333326,3242.0833333333335,842.3333333333334,148.91666666666652,211.66666666666652,3019.8333333333335,1616.6666666666667,137.0,35.0,3159.0,1847.0,36.0
371,118.79999999999995,2921.75,1331.15,172.0,90.59999999999991,2093.866666666667,1460.2,132.0,101.85714285714289,3108.5714285714284,650.0,155.5714285714289,120.26666666666665,3030.133333333333,1789.9333333333334,184.33333333333348,82.40000000000009,2565.8,1199.8,143.39999999999964,83.75,2735.8,864.9,130.29999999999973,85.75,3177.0,1182.75,187.75,163.33333333333326,3122.0,1587.0,162.33333333333348,90.0,3242.5,844.0,149.5,201.33333333333348,3019.6666666666665,1624.3333333333333,135.0,35.0,3172.0,1845.0,36.0
372,116.60000000000014,2921.0,1330.8,173.0,91.19999999999982,2099.4,1459.4,132.0,108.14285714285711,3109.4285714285716,655.0,156.4285714285711,121.20000000000005,3030.6,1790.2,187.0,81.19999999999982,2568.4,1200.4,144.19999999999982,83.0,2735.6,864.8,130.5999999999999,86.0,3177.3333333333335,1184.3333333333333,187.33333333333303,175.0,3123.0,1586.0,162.0,89.16666666666674,3242.9166666666665,845.6666666666666,150.08333333333348,191.0,3019.5,1632.0,133.0,35.0,3194.0,1834.25,36.0
373,114.39999999999986,2920.25,1330.45,174.0,91.80000000000018,2104.9333333333334,1458.6,132.0,114.42857142857144,3110.285714285714,660.0,157.28571428571422,122.13333333333321,3031.0666666666666,1790.4666666666667,189.66666666666652,80.0,2571.0,1201.0,145.0,82.25,2735.4,864.7,130.9000000000001,86.25,3177.6666666666665,1185.9166666666667,186.91666666666697,175.5,3121.25,1586.0,161.75,88.33333333333326,3243.3333333333335,847.3333333333334,150.66666666666652,180.66666666666652,3019.3333333333335,1639.6666666666667,131.0,35.0,3216.0,1823.5,36.0
374,112.20000000000005,2919.5,1330.1,175.0,92.40000000000009,2110.4666666666667,1457.8,132.0,120.71428571428567,3111.1428571428573,665.0,158.14285714285688,123.0666666666666,3031.5333333333333,1790.7333333333333,192.33333333333348,81.57142857142844,2578.1428571428573,1199.5714285714287,143.28571428571422,81.5,2735.2,864.6,131.20000000000027,86.5,3178.0,1187.5,186.5,176.0,3119.5,1586.0,161.5,87.5,3243.75,849.0,151.25,170.33333333333348,3019.1666666666665,1647.3333333333333,129.0,35.0,3238.0,1812.75,36.0
375,110.0,2918.75,1329.75,176.0,93.0,2116.0,1457.0,132.0,127.0,3112.0,670.0,159.0,124.0,3032.0,1791.0,195.0,83.14285714285711,2585.285714285714,1198.142857142857,141.57142857142844,80.75,2735.0,864.5,131.5,86.75,3178.3333333333335,1189.0833333333333,186.08333333333303,176.5,3117.75,1586.0,161.25,86.66666666666674,3244.1666666666665,850.6666666666666,151.83333333333348,160.0,3019.0,1655.0,127.0,35.0,3260.0,1802.0,36.0
376,107.79999999999995,2918.0,1329.4,177.0,91.79999999999995,2121.4,1456.2,130.19999999999982,128.0,3113.2,672.0,160.4000000000001,122.0,3032.6,1791.2,194.5999999999999,84.71428571428555,2592.4285714285716,1196.7142857142858,139.85714285714266,80.0,2734.8,864.4,131.79999999999973,87.0,3178.6666666666665,1190.6666666666667,185.66666666666697,177.0,3116.0,1586.0,161.0,85.83333333333326,3244.5833333333335,852.3333333333334,152.41666666666652,150.0,3020.6,1657.6,124.80000000000018,35.59999999999991,3281.0,1787.0,37.19999999999982
377,105.60000000000014,2917.25,1329.05,178.0,90.59999999999991,2126.8,1455.4,128.39999999999964,129.0,3114.4,674.0,161.79999999999973,120.0,3033.2,1791.4,194.20000000000027,86.28571428571445,2599.5714285714284,1195.2857142857142,138.14285714285734,79.25,2734.6,864.3,132.0999999999999,87.25,3179.0,1192.25,185.25,177.5,3114.25,1586.0,160.75,85.0,3245.0,854.0,153.0,140.0,3022.2,1660.2,122.60000000000036,36.200000000000045,3302.0,1772.0,38.40000000000009
378,103.39999999999986,2916.5,1328.7,179.0,89.40000000000009,2132.2,1454.6,126.60000000000036,130.0,3115.6,676.0,163.20000000000027,118.0,3033.8,1791.6,193.79999999999973,87.85714285714289,2606.714285714286,1193.857142857143,136.42857142857156,78.5,2734.4,864.2,132.4000000000001,87.5,3179.3333333333335,1193.8333333333333,184.83333333333303,178.0,3112.5,1586.0,160.5,82.33333333333337,3245.3333333333335,857.6666666666666,153.66666666666652,130.0,3023.8,1662.8,120.39999999999964,36.799999999999955,3323.0,1757.0,39.59999999999991
379,101.20000000000005,2915.75,1328.35,180.0,88.20000000000005,2137.6,1453.8,124.80000000000018,131.0,3116.8,678.0,164.5999999999999,116.0,3034.4,1791.8,193.4000000000001,89.42857142857156,2613.8571428571427,1192.4285714285713,134.71428571428578,77.75,2734.2,864.1,132.70000000000027,87.75,3179.6666666666665,1195.4166666666667,184.41666666666697,178.5,3110.75,1586.0,160.25,79.66666666666663,3245.6666666666665,861.3333333333334,154.33333333333348,120.0,3025.4,1665.4,118.19999999999982,37.40000000000009,3344.0,1742.0,40.80000000000018
380,99.0,2915.0,1328.0,181.0,87.0,2143.0,1453.0,123.0,132.0,3118.0,680.0,166.0,114.0,3035.0,1792.0,193.0,91.0,2621.0,1191.0,133.0,77.0,2734.0,864.0,133.0,88.0,3180.0,1197.0,184.0,179.0,3109.0,1586.0,160.0,77.0,3246.0,865.0,155.0,110.0,3027.0,1668.0,116.0,38.0,3365.0,1727.0,42.0
381,109.0,2917.0,1326.5,179.0,86.78571428571422,2146.5714285714284,1452.2142857142858,123.0714285714289,129.75,3122.625,689.875,165.125,113.125,3033.625,1791.375,193.0,91.0,2622.25,1190.0,136.5,77.85000000000002,2732.55,862.05,132.0999999999999,92.33333333333326,3180.8333333333335,1196.0,180.33333333333303,182.0,3108.5,1585.5,158.5,78.44444444444446,3245.8888888888887,866.6666666666666,155.0,110.20000000000005,3026.2,1667.8,116.0,38.0,3383.8,1710.0,42.0
382,119.0,2919.0,1325.0,177.0,86.57142857142867,2150.1428571428573,1451.4285714285713,123.14285714285688,127.5,3127.25,699.75,164.25,112.25,3032.25,1790.75,193.0,91.0,2623.5,1189.0,140.0,78.69999999999993,2731.1,860.1,131.20000000000027,96.66666666666674,3181.6666666666665,1195.0,176.66666666666697,185.0,3108.0,1585.0,157.0,79.8888888888888,3245.777777777778,868.3333333333334,155.0,110.40000000000009,3025.4,1667.6,116.0,38.0,3402.6,1693.0,42.0
383,117.14285714285711,2920.4285714285716,1321.142857142857,175.0,86.35714285714289,2153.714285714286,1450.642857142857,123.21428571428578,125.25,3131.875,709.625,163.375,111.375,3030.875,1790.125,193.0,91.0,2624.75,1188.0,143.5,79.55000000000007,2729.65,858.15,130.29999999999973,101.0,3182.5,1194.0,173.0,180.3888888888889,3107.4444444444443,1584.6666666666667,157.16666666666697,81.33333333333337,3245.6666666666665,870.0,155.0,110.59999999999991,3024.6,1667.4,116.0,38.0,3421.4,1676.0,42.0
384,115.28571428571445,2921.8571428571427,1317.2857142857142,173.0,86.14285714285711,2157.285714285714,1449.857142857143,123.28571428571422,123.0,3136.5,719.5,162.5,110.5,3029.5,1789.5,193.0,91.0,2626.0,1187.0,147.0,80.39999999999998,2728.2,856.2,129.4000000000001,105.33333333333326,3183.3333333333335,1193.0,169.33333333333303,175.77777777777783,3106.8888888888887,1584.3333333333333,157.33333333333348,82.77777777777783,3245.5555555555557,871.6666666666666,155.0,110.79999999999995,3023.8,1667.2,116.0,38.0,3440.2,1659.0,42.0
385,113.42857142857156,2923.285714285714,1313.4285714285713,171.0,85.92857142857133,2160.8571428571427,1449.0714285714287,123.35714285714312,120.75,3141.125,729.375,161.625,109.625,3028.125,1788.875,193.0,91.0,2632.25,1187.5,147.5,81.25,2726.75,854.25,128.5,109.66666666666674,3184.1666666666665,1192.0,165.66666666666697,171.16666666666674,3106.3333333333335,1584.0,157.5,84.22222222222217,3245.4444444444443,873.3333333333334,155.0,111.0,3023.0,1667.0,116.0,38.0,3459.0,1642.0,42.0
386,111.57142857142844,2924.714285714286,1309.5714285714287,169.0,85.71428571428578,2164.4285714285716,1448.2857142857142,123.4285714285711,118.5,3145.75,739.25,160.75,108.75,3026.75,1788.25,193.0,91.0,2638.5,1188.0,148.0,82.10000000000002,2725.3,852.3,127.59999999999991,114.0,3185.0,1191.0,162.0,166.55555555555543,3105.777777777778,1583.6666666666667,157.66666666666652,85.66666666666663,3245.3333333333335,875.0,155.0,111.125,3022.8125,1663.0,116.1875,38.399999999999864,3473.6,1623.2,42.59999999999991
387,109.71428571428555,2926.1428571428573,1305.7142857142858,167.0,85.5,2168.0,1447.5,123.5,116.25,3150.375,749.125,159.875,107.875,3025.375,1787.625,193.0,91.0,2644.75,1188.5,148.5,82.94999999999993,2723.85,850.35,126.70000000000027,112.35714285714289,3187.1428571428573,1190.642857142857,161.9285714285711,161.94444444444457,3105.222222222222,1583.3333333333333,157.83333333333348,87.1111111111112,3245.222222222222,876.6666666666666,155.0,111.25,3022.625,1659.0,116.375,38.799999999999955,3488.2,1604.4,43.20000000000027
388,107.85714285714289,2927.5714285714284,1301.857142857143,165.0,85.28571428571422,2171.5714285714284,1446.7142857142858,123.5714285714289,114.0,3155.0,759.0,159.0,107.0,3024.0,1787.0,193.0,91.0,2651.0,1189.0,149.0,83.80000000000007,2722.4,848.4,125.79999999999973,110.71428571428578,3189.285714285714,1190.2857142857142,161.85714285714312,157.33333333333326,3104.6666666666665,1583.0,158.0,88.55555555555554,3245.1111111111113,878.3333333333334,155.0,111.375,3022.4375,1655.0,116.5625,39.200000000000045,3502.8,1585.6,43.79999999999973
389,106.0,2929.0,1298.0,163.0,85.07142857142867,2175.1428571428573,1445.9285714285713,123.64285714285688,122.33333333333337,3156.3333333333335,765.0,158.33333333333303,108.33333333333326,3018.3333333333335,1785.6666666666667,200.66666666666652,90.0,2661.8,1187.4,143.39999999999964,84.64999999999998,2720.95,846.45,124.90000000000009,109.07142857142867,3191.4285714285716,1189.9285714285713,161.78571428571422,152.72222222222217,3104.1111111111113,1582.6666666666667,158.16666666666652,90.0,3245.0,880.0,155.0,111.5,3022.25,1651.0,116.75,39.600000000000136,3517.4,1566.8,44.40000000000009
390,104.18181818181824,2931.4545454545455,1298.090909090909,160.81818181818198,84.85714285714289,2178.714285714286,1445.142857142857,123.71428571428578,130.66666666666663,3157.6666666666665,771.0,157.66666666666697,109.66666666666674,3012.6666666666665,1784.3333333333333,208.33333333333348,89.0,2672.6,1185.8,137.80000000000018,85.5,2719.5,844.5,124.0,107.42857142857133,3193.5714285714284,1189.5714285714287,161.71428571428578,148.1111111111111,3103.5555555555557,1582.3333333333333,158.33333333333303,89.90909090909099,3244.6363636363635,880.5454545454545,155.0,111.625,3022.0625,1647.0,116.9375,40.0,3532.0,1548.0,45.0
391,102.36363636363626,2933.909090909091,1298.1818181818182,158.6363636363635,84.64285714285711,2182.285714285714,1444.357142857143,123.78571428571422,139.0,3159.0,777.0,157.0,111.0,3007.0,1783.0,216.0,88.0,2683.4,1184.2,132.19999999999982,86.35000000000002,2718.05,842.55,123.09999999999991,105.78571428571422,3195.714285714286,1189.2142857142858,161.64285714285688,143.5,3103.0,1582.0,158.5,89.81818181818176,3244.2727272727275,881.0909090909091,155.0,111.75,3021.875,1643.0,117.125,41.0,3541.6,1526.2,45.20000000000027
392,100.5454545454545,2936.3636363636365,1298.2727272727273,156.4545454545455,84.42857142857133,2185.8571428571427,1443.5714285714287,123.85714285714312,134.33333333333337,3160.5555555555557,787.6666666666666,156.33333333333303,108.75,2997.5,1784.5,220.75,87.0,2694.2,1182.6,126.60000000000036,87.19999999999993,2716.6,840.6,122.20000000000027,104.14285714285711,3197.8571428571427,1188.857142857143,161.5714285714289,138.8888888888889,3102.4444444444443,1581.6666666666667,158.66666666666697,89.72727272727275,3243.909090909091,881.6363636363636,155.0,111.875,3021.6875,1639.0,117.3125,42.0,3551.2,1504.4,45.40000000000009
393,98.72727272727275,2938.818181818182,1298.3636363636363,154.27272727272702,84.21428571428578,2189.4285714285716,1442.7857142857142,123.9285714285711,129.66666666666663,3162.1111111111113,798.3333333333334,155.66666666666652,106.5,2988.0,1786.0,225.5,86.0,2705.0,1181.0,121.0,88.05000000000007,2715.15,838.65,121.29999999999973,102.5,3200.0,1188.5,161.5,134.27777777777783,3101.8888888888887,1581.3333333333333,158.83333333333348,89.63636363636374,3243.5454545454545,882.1818181818181,155.0,112.0,3021.5,1635.0,117.5,43.0,3560.8,1482.6,45.59999999999991
394,96.90909090909076,2941.2727272727275,1298.4545454545455,152.090909090909,84.0,2193.0,1442.0,124.0,125.0,3163.6666666666665,809.0,155.0,104.25,2978.5,1787.5,230.25,85.83333333333348,2706.5,1179.3333333333333,127.33333333333348,88.89999999999998,2713.7,836.7,120.40000000000009,100.85714285714289,3202.1428571428573,1188.142857142857,161.4285714285711,129.66666666666674,3101.3333333333335,1581.0,159.0,89.5454545454545,3243.181818181818,882.7272727272727,155.0,112.125,3021.3125,1631.0,117.6875,44.0,3570.4,1460.8,45.79999999999973
395,95.09090909090924,2943.7272727272725,1298.5454545454545,149.909090909091,86.33333333333326,2199.1666666666665,1438.1666666666667,117.16666666666697,120.33333333333337,3165.222222222222,819.6666666666666,154.33333333333348,102.0,2969.0,1789.0,235.0,85.66666666666652,2708.0,1177.6666666666667,133.66666666666652,89.75,2712.25,834.75,119.5,99.21428571428578,3204.285714285714,1187.7857142857142,161.35714285714312,125.05555555555543,3100.777777777778,1580.6666666666667,159.16666666666652,89.4545454545455,3242.818181818182,883.2727272727273,155.0,112.25,3021.125,1627.0,117.875,45.0,3580.0,1439.0,46.0
396,93.27272727272725,2946.181818181818,1298.6363636363637,147.72727272727298,88.66666666666674,2205.3333333333335,1434.3333333333333,110.33333333333303,115.66666666666663,3166.777777777778,830.3333333333334,153.66666666666652,101.19999999999982,2965.4,1789.4,226.5999999999999,85.5,2709.5,1176.0,140.0,90.60000000000002,2710.8,832.8,118.59999999999991,97.57142857142867,3206.4285714285716,1187.4285714285713,161.28571428571422,120.44444444444457,3100.222222222222,1580.3333333333333,159.33333333333348,89.36363636363626,3242.4545454545455,883.8181818181819,155.0,112.375,3020.9375,1623.0,118.0625,45.0,3585.0,1418.2,46.0
397,91.4545454545455,2948.6363636363635,1298.7272727272727,145.5454545454545,91.0,2211.5,1430.5,103.5,111.0,3168.3333333333335,841.0,153.0,100.40000000000009,2961.8,1789.8,218.19999999999982,85.33333333333348,2711.0,1174.3333333333333,146.33333333333348,91.44999999999993,2709.35,830.85,117.70000000000027,95.92857142857133,3208.5714285714284,1187.0714285714287,161.21428571428578,115.83333333333326,3099.6666666666665,1580.0,159.5,89.27272727272725,3242.090909090909,884.3636363636364,155.0,112.5,3020.75,1619.0,118.25,45.0,3590.0,1397.4,46.0
398,89.63636363636374,2951.090909090909,1298.8181818181818,143.3636363636365,93.33333333333326,2217.6666666666665,1426.6666666666667,96.66666666666697,106.33333333333337,3169.8888888888887,851.6666666666666,152.33333333333348,99.59999999999991,2958.2,1790.2,209.80000000000018,85.16666666666652,2712.5,1172.6666666666667,152.66666666666652,92.30000000000007,2707.9,828.9,116.79999999999973,94.28571428571422,3210.714285714286,1186.7142857142858,161.14285714285688,111.22222222222217,3099.1111111111113,1579.6666666666667,159.66666666666652,89.18181818181824,3241.7272727272725,884.9090909090909,155.0,112.625,3020.5625,1615.0,118.4375,45.0,3595.0,1376.6,46.0
399,87.81818181818176,2953.5454545454545,1298.909090909091,141.18181818181802,95.66666666666674,2223.8333333333335,1422.8333333333333,89.83333333333303,101.66666666666663,3171.4444444444443,862.3333333333334,151.66666666666697,98.80000000000018,2954.6,1790.6,201.4000000000001,85.0,2714.0,1171.0,159.0,93.14999999999998,2706.45,826.95,115.90000000000009,92.64285714285711,3212.8571428571427,1186.357142857143,161.0714285714289,106.61111111111109,3098.5555555555557,1579.3333333333333,159.83333333333303,89.09090909090901,3241.3636363636365,885.4545454545455,155.0,112.75,3020.375,1611.0,118.625,45.0,3600.0,1355.8,46.0
400,86.0,2956.0,1299.0,139.0,98.0,2230.0,1419.0,83.0,97.0,3173.0,873.0,151.0,98.0,2951.0,1791.0,193.0,90.0,2726.0,1166.0,153.0,94.0,2705.0,825.0,115.0,91.0,3215.0,1186.0,161.0,102.0,3098.0,1579.0,160.0,89.0,3241.0,886.0,155.0,112.875,3020.1875,1607.0,118.8125,45.0,3605.0,1335.0,46.0
401,89.5,2955.8333333333335,1295.0,139.66666666666652,98.60000000000014,2233.6,1415.6,86.80000000000018,108.5,3172.0,878.0,151.0,100.83333333333326,2951.6666666666665,1789.1666666666667,182.83333333333348,89.5454545454545,2730.818181818182,1163.8181818181818,152.090909090909,96.42857142857144,2702.1428571428573,822.1428571428571,115.71428571428532,90.83333333333326,3211.5833333333335,1183.1666666666667,161.91666666666652,100.59999999999991,3099.6,1578.9,158.0,90.75,3240.4166666666665,886.6666666666666,156.66666666666697,113.0,3020.0,1603.0,119.0,45.0,3605.75,1314.5,45.75
402,93.0,2955.6666666666665,1291.0,140.33333333333348,99.20000000000005,2237.2,1412.2,90.60000000000036,120.0,3171.0,883.0,151.0,103.66666666666674,2952.3333333333335,1787.3333333333333,172.66666666666652,89.09090909090901,2735.6363636363635,1161.6363636363637,151.18181818181847,98.85714285714278,2699.285714285714,819.2857142857143,116.42857142857156,90.66666666666674,3208.1666666666665,1180.3333333333333,162.83333333333348,99.20000000000005,3101.2,1578.8,156.0,92.5,3239.8333333333335,887.3333333333334,158.33333333333303,110.625,3019.625,1602.125,119.125,45.0,3606.5,1294.0,45.5
403,96.5,2955.5,1287.0,141.0,99.79999999999995,2240.8,1408.8,94.39999999999964,119.0,3172.125,890.0,151.0,106.5,2953.0,1785.5,162.5,88.63636363636351,2740.4545454545455,1159.4545454545455,150.27272727272702,101.28571428571422,2696.4285714285716,816.4285714285714,117.14285714285688,90.5,3204.75,1177.5,163.75,97.79999999999995,3102.8,1578.7,154.0,94.25,3239.25,888.0,160.0,108.25,3019.25,1601.25,119.25,45.0,3607.25,1273.5,45.25
404,100.0,2955.3333333333335,1283.0,141.66666666666652,100.39999999999986,2244.4,1405.4,98.19999999999982,118.0,3173.25,897.0,151.0,109.33333333333326,2953.6666666666665,1783.6666666666667,152.33333333333348,88.18181818181824,2745.2727272727275,1157.2727272727273,149.36363636363603,103.71428571428578,2693.5714285714284,813.5714285714286,117.85714285714312,90.33333333333326,3201.3333333333335,1174.6666666666667,164.66666666666652,96.40000000000009,3104.4,1578.6,152.0,96.0,3238.6666666666665,888.6666666666666,161.66666666666697,105.875,3018.875,1600.375,119.375,45.0,3608.0,1253.0,45.0
405,103.5,2955.1666666666665,1279.0,142.33333333333348,101.0,2248.0,1402.0,102.0,117.0,3174.375,904.0,151.0,112.16666666666674,2954.3333333333335,1781.8333333333333,142.16666666666652,87.72727272727275,2750.090909090909,1155.090909090909,148.4545454545455,106.14285714285722,2690.714285714286,810.7142857142857,118.57142857142844,90.16666666666674,3197.9166666666665,1171.8333333333333,165.58333333333348,95.0,3106.0,1578.5,150.0,97.75,3238.0833333333335,889.3333333333334,163.33333333333303,103.5,3018.5,1599.5,119.5,44.0,3605.0,1233.0,45.0
406,107.0,2955.0,1275.0,143.0,99.71428571428578,2249.8571428571427,1399.857142857143,103.5714285714289,116.0,3175.5,911.0,151.0,115.0,2955.0,1780.0,132.0,87.27272727272725,2754.909090909091,1152.909090909091,147.5454545454545,108.57142857142856,2687.8571428571427,807.8571428571429,119.28571428571468,90.0,3194.5,1169.0,166.5,93.59999999999991,3107.6,1578.4,148.0,99.5,3237.5,890.0,165.0,101.125,3018.125,1598.625,119.625,44.0,3602.0,1212.0,45.0
407,107.0,2956.1666666666665,1271.5,143.0,98.42857142857133,2251.714285714286,1397.7142857142858,105.14285714285688,115.0,3176.625,918.0,151.0,114.66666666666652,2952.6666666666665,1778.6666666666667,132.33333333333348,86.81818181818176,2759.7272727272725,1150.7272727272727,146.63636363636397,111.0,2685.0,805.0,120.0,89.83333333333326,3191.0833333333335,1166.1666666666667,167.41666666666652,92.20000000000005,3109.2,1578.3,146.0,101.25,3236.9166666666665,890.6666666666666,166.66666666666697,98.75,3017.75,1597.75,119.75,44.0,3599.0,1191.0,45.0
408,107.0,2957.3333333333335,1268.0,143.0,97.14285714285711,2253.5714285714284,1395.5714285714287,106.71428571428578,114.0,3177.75,925.0,151.0,114.33333333333348,2950.3333333333335,1777.3333333333333,132.66666666666652,86.36363636363649,2764.5454545454545,1148.5454545454545,145.72727272727298,109.61538461538464,2682.076923076923,802.0769230769231,120.76923076923094,89.66666666666674,3187.6666666666665,1163.3333333333333,168.33333333333348,90.79999999999995,3110.8,1578.2,144.0,103.0,3236.3333333333335,891.3333333333334,168.33333333333303,96.375,3017.375,1596.875,119.875,44.0,3593.3333333333335,1171.3333333333333,45.0
409,107.0,2958.5,1264.5,143.0,95.85714285714289,2255.4285714285716,1393.4285714285713,108.28571428571422,113.0,3178.875,932.0,151.0,114.0,2948.0,1776.0,133.0,85.90909090909099,2769.3636363636365,1146.3636363636363,144.81818181818153,108.23076923076917,2679.153846153846,799.1538461538462,121.53846153846143,89.5,3184.25,1160.5,169.25,89.40000000000009,3112.4,1578.1,142.0,104.75,3235.75,892.0,170.0,94.0,3017.0,1596.0,120.0,44.0,3587.6666666666665,1151.6666666666667,45.0
410,107.0,2959.6666666666665,1261.0,143.0,94.57142857142867,2257.285714285714,1391.2857142857142,109.85714285714312,112.0,3180.0,939.0,151.0,113.0,2942.0,1777.2,136.4000000000001,85.4545454545455,2774.181818181818,1144.1818181818182,143.909090909091,106.84615384615381,2676.230769230769,796.2307692307693,122.30769230769238,89.33333333333326,3180.8333333333335,1157.6666666666667,170.16666666666652,88.0,3114.0,1578.0,140.0,106.5,3235.1666666666665,892.6666666666666,171.66666666666697,95.16666666666674,3010.3333333333335,1592.0,125.33333333333303,44.0,3582.0,1132.0,45.0
411,107.0,2960.8333333333335,1257.5,143.0,93.28571428571422,2259.1428571428573,1389.142857142857,111.4285714285711,113.59999999999991,3180.8,943.0,151.0,112.0,2936.0,1778.4,139.80000000000018,85.0,2779.0,1142.0,143.0,105.46153846153845,2673.3076923076924,793.3076923076923,123.07692307692287,89.16666666666674,3177.4166666666665,1154.8333333333333,171.08333333333348,88.30000000000018,3114.3,1576.1,140.89999999999964,108.25,3234.5833333333335,893.3333333333334,173.33333333333303,96.33333333333326,3003.6666666666665,1588.0,130.66666666666697,43.0,3575.3333333333335,1115.6666666666667,44.33333333333303
412,107.0,2962.0,1254.0,143.0,92.0,2261.0,1387.0,113.0,115.20000000000005,3181.6,947.0,151.0,111.0,2930.0,1779.6,143.19999999999982,85.25,2782.5,1139.5,146.25,104.0769230769231,2670.3846153846152,790.3846153846154,123.84615384615381,89.0,3174.0,1152.0,172.0,88.59999999999991,3114.6,1574.2,141.80000000000018,110.0,3234.0,894.0,175.0,97.5,2997.0,1584.0,136.0,42.0,3568.6666666666665,1099.3333333333333,43.66666666666697
413,103.375,2964.125,1254.0,143.0,90.5,2262.875,1385.125,107.75,116.79999999999995,3182.4,951.0,151.0,110.0,2924.0,1780.8,146.5999999999999,85.5,2786.0,1137.0,149.5,102.69230769230774,2667.4615384615386,787.4615384615385,124.6153846153843,88.875,3174.875,1150.5,173.0,88.90000000000009,3114.9,1572.3,142.69999999999982,110.0,3232.8,895.6,175.0,98.66666666666674,2990.3333333333335,1580.0,141.33333333333303,41.0,3562.0,1083.0,43.0
414,99.75,2966.25,1254.0,143.0,89.0,2264.75,1383.25,102.5,118.40000000000009,3183.2,955.0,151.0,109.0,2918.0,1782.0,150.0,85.75,2789.5,1134.5,152.75,101.30769230769226,2664.5384615384614,784.5384615384615,125.3846153846157,88.75,3175.75,1149.0,174.0,89.19999999999982,3115.2,1570.4,143.60000000000036,110.0,3231.6,897.2,175.0,99.83333333333326,2983.6666666666665,1576.0,146.66666666666697,40.5,3567.5,1067.5,42.0
415,96.125,2968.375,1254.0,143.0,87.5,2266.625,1381.375,97.25,120.0,3184.0,959.0,151.0,108.5,2912.0,1783.1666666666667,148.83333333333348,86.0,2793.0,1132.0,156.0,99.9230769230769,2661.6153846153848,781.6153846153846,126.15384615384619,88.625,3176.625,1147.5,175.0,89.5,3115.5,1568.5,144.5,110.0,3230.4,898.8,175.0,101.0,2977.0,1572.0,152.0,40.0,3573.0,1052.0,41.0
416,92.5,2970.5,1254.0,143.0,86.0,2268.5,1379.5,92.0,116.59999999999991,3184.8,963.0,151.0,108.0,2906.0,1784.3333333333333,147.66666666666652,86.66666666666674,2801.6666666666665,1129.3333333333333,154.33333333333348,98.53846153846155,2658.6923076923076,778.6923076923077,126.92307692307713,88.5,3177.5,1146.0,176.0,89.80000000000018,3115.8,1566.6,145.39999999999964,110.0,3229.2,900.4,175.0,100.40000000000009,2975.4,1569.6,150.19999999999982,40.0,3581.0,1036.0,41.0
417,88.875,2972.625,1254.0,143.0,84.5,2270.375,1377.625,86.75,113.20000000000005,3185.6,967.0,151.0,107.5,2900.0,1785.5,146.5,87.33333333333326,2810.3333333333335,1126.6666666666667,152.66666666666652,97.15384615384619,2655.769230769231,775.7692307692307,127.69230769230762,88.375,3178.375,1144.5,177.0,90.09999999999991,3116.1,1564.7,146.30000000000018,110.0,3228.0,902.0,175.0,99.79999999999995,2973.8,1567.2,148.39999999999964,40.0,3590.5,1028.25,41.0
418,85.25,2974.75,1254.0,143.0,83.0,2272.25,1375.75,81.5,109.79999999999995,3186.4,971.0,151.0,107.0,2894.0,1786.6666666666667,145.33333333333348,88.0,2819.0,1124.0,151.0,95.76923076923083,2652.846153846154,772.8461538461538,128.46153846153857,88.25,3179.25,1143.0,178.0,90.40000000000009,3116.4,1562.8,147.19999999999982,116.66666666666663,3228.0,904.3333333333334,175.0,99.20000000000005,2972.2,1564.8,146.60000000000036,40.0,3600.0,1020.5,41.0
419,81.625,2976.875,1254.0,143.0,81.5,2274.125,1373.875,76.25,106.40000000000009,3187.2,975.0,151.0,106.5,2888.0,1787.8333333333333,144.16666666666652,84.5,2832.5,1121.5,143.0,94.38461538461536,2649.923076923077,769.9230769230769,129.23076923076906,88.125,3180.125,1141.5,179.0,90.69999999999982,3116.7,1560.9,148.10000000000036,123.33333333333337,3228.0,906.6666666666666,175.0,98.59999999999991,2970.6,1562.4,144.80000000000018,40.0,3609.5,1012.75,41.0
420,78.0,2979.0,1254.0,143.0,80.0,2276.0,1372.0,71.0,103.0,3188.0,979.0,151.0,106.0,2882.0,1789.0,143.0,81.0,2846.0,1119.0,135.0,93.0,2647.0,767.0,130.0,88.0,3181.0,1140.0,180.0,91.0,3117.0,1559.0,149.0,130.0,3228.0,909.0,175.0,98.0,2969.0,1560.0,143.0,40.0,3619.0,1005.0,41.0
421,82.71428571428555,2979.5714285714284,1246.5714285714287,142.5714285714289,90.0,2273.75,1360.75,74.0,102.0,3188.8,980.2,155.79999999999973,109.33333333333326,2880.6666666666665,1784.6666666666667,138.66666666666697,85.5,2852.0,1112.1666666666667,133.83333333333348,95.20000000000005,2646.2,763.5,129.75,89.33333333333326,3182.8333333333335,1138.1666666666667,180.33333333333303,90.0,3118.1,1558.3,149.5999999999999,132.66666666666663,3227.0,911.3333333333334,175.0,98.94117647058806,2967.5882352941176,1555.8823529411766,142.0588235294117,40.0,3623.8,997.2,41.0
422,87.42857142857156,2980.1428571428573,1239.142857142857,142.14285714285688,100.0,2271.5,1349.5,77.0,101.00000000000011,3189.6,981.4,160.5999999999999,112.66666666666674,2879.3333333333335,1780.3333333333333,134.33333333333303,90.0,2858.0,1105.3333333333333,132.66666666666652,97.39999999999998,2645.4,760.0,129.5,90.66666666666674,3184.6666666666665,1136.3333333333333,180.66666666666697,89.0,3119.2,1557.6,150.20000000000027,135.33333333333337,3226.0,913.6666666666666,175.0,99.88235294117658,2966.176470588235,1551.764705882353,141.11764705882388,40.000000000000114,3628.6,989.4,41.0
423,92.14285714285711,2980.714285714286,1231.7142857142858,141.71428571428578,110.0,2269.25,1338.25,80.0,99.99999999999989,3190.4,982.6,165.4000000000001,116.0,2878.0,1776.0,130.0,94.5,2864.0,1098.5,131.5,99.60000000000002,2644.6,756.5,129.25,92.0,3186.5,1134.5,181.0,88.0,3120.3,1556.9,150.79999999999973,138.0,3225.0,916.0,175.0,100.82352941176464,2964.764705882353,1547.6470588235295,140.17647058823513,40.0,3633.4,981.6,41.0
424,96.85714285714289,2981.285714285714,1224.2857142857142,141.28571428571422,120.0,2267.0,1327.0,83.0,99.0,3191.2,983.8,170.20000000000027,114.33333333333348,2868.3333333333335,1779.8333333333333,132.83333333333303,99.0,2870.0,1091.6666666666667,130.33333333333348,101.79999999999995,2643.8,753.0,129.0,93.33333333333326,3188.3333333333335,1132.6666666666667,181.33333333333303,87.0,3121.4,1556.2,151.4000000000001,136.5,3223.25,913.75,179.25,101.76470588235293,2963.3529411764707,1543.5294117647059,139.23529411764684,40.0,3638.2,973.8,41.0
425,101.57142857142844,2981.8571428571427,1216.857142857143,140.85714285714312,118.0,2265.3571428571427,1323.7857142857142,86.0,98.0,3192.0,985.0,175.0,112.66666666666652,2858.6666666666665,1783.6666666666667,135.66666666666697,103.5,2876.0,1084.8333333333333,129.16666666666652,104.0,2643.0,749.5,128.75,94.66666666666674,3190.1666666666665,1130.8333333333333,181.66666666666697,86.0,3122.5,1555.5,152.0,135.0,3221.5,911.5,183.5,102.70588235294099,2961.9411764705883,1539.4117647058824,138.29411764705856,40.0,3643.0,966.0,41.0
426,106.28571428571445,2982.4285714285716,1209.4285714285713,140.4285714285711,116.0,2263.714285714286,1320.5714285714287,89.0,97.5,3190.25,986.0,180.0,111.0,2849.0,1787.5,138.5,108.0,2882.0,1078.0,128.0,106.20000000000005,2642.2,746.0,128.5,96.0,3192.0,1129.0,182.0,85.0,3123.6,1554.8,152.5999999999999,133.5,3219.75,909.25,187.75,103.6470588235295,2960.529411764706,1535.2941176470588,137.35294117647072,40.0,3642.4,959.4,41.0
427,111.0,2983.0,1202.0,140.0,114.0,2262.0714285714284,1317.357142857143,92.0,97.0,3188.5,987.0,185.0,109.33333333333348,2839.3333333333335,1791.3333333333333,141.33333333333303,111.66666666666674,2883.6666666666665,1074.3333333333333,126.66666666666697,108.39999999999998,2641.4,742.5,128.25,96.83333333333326,3199.3333333333335,1128.1666666666667,179.0,84.0,3124.7,1554.1,153.20000000000027,132.0,3218.0,907.0,192.0,104.58823529411757,2959.1176470588234,1531.1764705882354,136.41176470588243,40.0,3641.8,952.8,41.0
428,110.42857142857156,2983.5714285714284,1201.4285714285713,139.5714285714289,112.0,2260.4285714285716,1314.142857142857,95.0,96.5,3186.75,988.0,190.0,107.66666666666652,2829.6666666666665,1795.1666666666667,144.16666666666697,115.33333333333326,2885.3333333333335,1070.6666666666667,125.33333333333303,110.60000000000002,2640.6,739.0,128.0,97.66666666666674,3206.6666666666665,1127.3333333333333,176.0,83.0,3125.8,1553.4,153.79999999999973,130.5,3216.25,904.75,196.25,105.52941176470586,2957.705882352941,1527.0588235294117,135.47058823529414,40.0,3641.2,946.2,41.0
429,109.85714285714289,2984.1428571428573,1200.857142857143,139.14285714285688,110.0,2258.785714285714,1310.9285714285713,98.0,96.0,3185.0,989.0,195.0,106.0,2820.0,1799.0,147.0,119.0,2887.0,1067.0,124.0,112.79999999999995,2639.8,735.5,127.75,98.5,3214.0,1126.5,173.0,82.0,3126.9,1552.7,154.4000000000001,129.0,3214.5,902.5,200.5,106.47058823529414,2956.294117647059,1522.9411764705883,134.52941176470586,40.0,3640.6,939.6,41.0
430,109.28571428571445,2984.714285714286,1200.2857142857142,138.71428571428578,108.0,2257.1428571428573,1307.7142857142858,101.0,97.5,3186.0,987.5,193.0,106.0,2816.090909090909,1796.5454545454545,145.6363636363635,115.66666666666674,2891.6666666666665,1067.3333333333333,122.66666666666697,115.0,2639.0,732.0,127.5,99.33333333333326,3221.3333333333335,1125.6666666666667,170.0,81.0,3128.0,1552.0,155.0,127.5,3212.75,900.25,204.75,107.41176470588243,2954.8823529411766,1518.8235294117646,133.58823529411757,40.0,3640.0,933.0,41.0
431,108.71428571428555,2985.285714285714,1199.7142857142858,138.28571428571422,106.0,2255.5,1304.5,104.0,99.0,3187.0,986.0,191.0,106.0,2812.181818181818,1794.090909090909,144.27272727272748,112.33333333333326,2896.3333333333335,1067.6666666666667,121.33333333333303,117.20000000000005,2638.2,728.5,127.25,100.16666666666674,3228.6666666666665,1124.8333333333333,167.0,84.09999999999991,3127.7,1546.0,154.30000000000018,126.0,3211.0,898.0,209.0,108.3529411764705,2953.470588235294,1514.7058823529412,132.64705882352928,40.0,3633.8,928.4,41.0
432,108.14285714285711,2985.8571428571427,1199.142857142857,137.85714285714312,104.0,2253.8571428571427,1301.2857142857142,107.0,100.5,3188.0,984.5,189.0,106.0,2808.2727272727275,1791.6363636363637,142.90909090909054,109.0,2901.0,1068.0,120.0,119.39999999999998,2637.4,725.0,127.0,101.0,3236.0,1124.0,164.0,87.20000000000005,3127.4,1540.0,153.5999999999999,122.5,3212.0,896.5,222.0,109.29411764705901,2952.0588235294117,1510.5882352941176,131.70588235294144,40.0,3627.6,923.8,41.0
433,107.57142857142844,2986.4285714285716,1198.5714285714287,137.4285714285711,102.0,2252.214285714286,1298.0714285714287,110.0,102.0,3189.0,983.0,187.0,106.0,2804.3636363636365,1789.1818181818182,141.5454545454545,105.5,2905.5,1062.875,118.75,121.60000000000002,2636.6,721.5,126.75,102.0,3239.5,1121.375,161.125,90.29999999999995,3127.1,1534.0,152.9000000000001,119.0,3213.0,895.0,235.0,110.23529411764707,2950.6470588235293,1506.4705882352941,130.76470588235316,40.0,3621.4,919.2,41.0
434,107.0,2987.0,1198.0,137.0,100.0,2250.5714285714284,1294.857142857143,113.0,98.28571428571433,3189.285714285714,981.4285714285714,185.0,106.0,2800.4545454545455,1786.7272727272727,140.18181818181802,102.0,2910.0,1057.75,117.5,123.79999999999995,2635.8,718.0,126.5,103.0,3243.0,1118.75,158.25,93.40000000000009,3126.8,1528.0,152.19999999999982,122.33333333333337,3221.0,887.6666666666666,237.0,111.17647058823536,2949.235294117647,1502.3529411764705,129.82352941176487,40.0,3615.2,914.6,41.0
435,103.16666666666674,2987.6666666666665,1197.3333333333333,136.5,98.0,2248.9285714285716,1291.642857142857,116.0,94.57142857142844,3189.5714285714284,979.8571428571429,183.0,106.0,2796.5454545454545,1784.2727272727273,138.81818181818198,98.5,2914.5,1052.625,116.25,126.0,2635.0,714.5,126.25,104.0,3246.5,1116.125,155.375,96.5,3126.5,1522.0,151.5,125.66666666666663,3229.0,880.3333333333334,239.0,112.11764705882342,2947.823529411765,1498.235294117647,128.88235294117612,40.0,3609.0,910.0,41.0
436,99.33333333333326,2988.3333333333335,1196.6666666666667,136.0,96.0,2247.285714285714,1288.4285714285713,119.0,90.85714285714278,3189.8571428571427,978.2857142857143,181.0,106.0,2792.6363636363635,1781.8181818181818,137.4545454545455,95.0,2919.0,1047.5,115.0,128.20000000000005,2634.2,711.0,126.0,105.0,3250.0,1113.5,152.5,99.59999999999991,3126.2,1516.0,150.80000000000018,129.0,3237.0,873.0,241.0,113.05882352941194,2946.4117647058824,1494.1176470588234,127.94117647058829,40.0,3598.4,906.2,41.0
437,95.5,2989.0,1196.0,135.5,94.0,2245.6428571428573,1285.2142857142858,122.0,87.14285714285722,3190.1428571428573,976.7142857142857,179.0,106.0,2788.7272727272725,1779.3636363636363,136.09090909090946,91.5,2923.5,1042.375,113.75,130.39999999999998,2633.4,707.5,125.75,106.0,3253.5,1110.875,149.625,102.70000000000005,3125.9,1510.0,150.0999999999999,125.25,3245.25,865.5,242.5,114.0,2945.0,1490.0,127.0,40.0,3587.8,902.4,41.0
438,91.66666666666674,2989.6666666666665,1195.3333333333333,135.0,92.0,2244.0,1282.0,125.0,83.42857142857156,3190.4285714285716,975.1428571428571,177.0,106.0,2784.818181818182,1776.909090909091,134.72727272727252,88.0,2928.0,1037.25,112.5,132.60000000000002,2632.6,704.0,125.5,107.0,3257.0,1108.25,146.75,105.79999999999995,3125.6,1504.0,149.4000000000001,121.5,3253.5,858.0,244.0,113.66666666666652,2942.6666666666665,1488.6666666666667,123.33333333333348,40.0,3577.2,898.6,41.0
439,87.83333333333326,2990.3333333333335,1194.6666666666667,134.5,96.0,2236.5,1274.5,128.5,79.71428571428567,3190.714285714286,973.5714285714286,175.0,106.0,2780.909090909091,1774.4545454545455,133.3636363636365,84.5,2932.5,1032.125,111.25,134.79999999999995,2631.8,700.5,125.25,108.0,3260.5,1105.625,143.875,108.90000000000009,3125.3,1498.0,148.69999999999982,117.75,3261.75,850.5,245.5,113.33333333333348,2940.3333333333335,1487.3333333333333,119.66666666666652,40.0,3566.6,894.8,41.0
440,84.0,2991.0,1194.0,134.0,100.0,2229.0,1267.0,132.0,76.0,3191.0,972.0,173.0,106.0,2777.0,1772.0,132.0,81.0,2937.0,1027.0,110.0,137.0,2631.0,697.0,125.0,109.0,3264.0,1103.0,141.0,112.0,3125.0,1492.0,148.0,114.0,3270.0,843.0,247.0,113.0,2938.0,1486.0,116.0,40.0,3556.0,891.0,41.0
441,85.33333333333326,2990.5555555555557,1188.7777777777778,135.11111111111086,99.66666666666674,2227.4166666666665,1262.75,128.0,76.59999999999991,3193.0,971.2,171.80000000000018,106.0,2771.3846153846152,1769.3076923076924,133.3846153846157,83.39999999999986,2937.4,1022.2,110.0,139.25,2632.25,687.75,124.5,104.71428571428578,3264.285714285714,1100.2857142857142,141.42857142857156,111.14999999999986,3125.0,1489.4,146.44999999999982,112.5,3278.25,836.75,242.5,111.20000000000005,2936.2,1485.2,116.0,40.0,3541.8,887.6,41.0
442,86.66666666666652,2990.1111111111113,1183.5555555555557,136.22222222222217,99.33333333333326,2225.8333333333335,1258.5,124.0,77.19999999999993,3195.0,970.4,170.5999999999999,106.0,2765.769230769231,1766.6153846153845,134.7692307692305,85.80000000000007,2937.8,1017.4,110.0,141.5,2633.5,678.5,124.0,100.42857142857133,3264.5714285714284,1097.5714285714287,141.85714285714312,110.29999999999995,3125.0,1486.8,144.9000000000001,111.0,3286.5,830.5,238.0,109.39999999999986,2934.4,1484.4,116.0,40.0,3527.6,884.2,41.0
443,88.0,2989.6666666666665,1178.3333333333333,137.33333333333348,99.0,2224.25,1254.25,120.0,77.80000000000007,3197.0,969.6,169.4000000000001,106.0,2760.153846153846,1763.923076923077,136.1538461538462,88.19999999999993,2938.2,1012.6,110.0,143.75,2634.75,669.25,123.5,96.14285714285711,3264.8571428571427,1094.857142857143,142.28571428571468,109.45000000000005,3125.0,1484.2,143.3499999999999,109.5,3294.75,824.25,233.5,107.60000000000014,2932.6,1483.6,116.0,40.0,3513.4,880.8,41.0
444,89.33333333333326,2989.222222222222,1173.111111111111,138.44444444444434,98.66666666666674,2222.6666666666665,1250.0,116.0,78.40000000000009,3199.0,968.8,168.19999999999982,106.0,2754.5384615384614,1761.2307692307693,137.53846153846143,90.60000000000014,2938.6,1007.8,110.0,146.0,2636.0,660.0,123.0,91.85714285714289,3265.1428571428573,1092.142857142857,142.71428571428532,108.60000000000014,3125.0,1481.6,141.80000000000018,108.0,3303.0,818.0,229.0,105.79999999999995,2930.8,1482.8,116.0,40.0,3499.2,877.4,41.0
445,90.66666666666674,2988.777777777778,1167.888888888889,139.55555555555566,98.33333333333326,2221.0833333333335,1245.75,112.0,79.0,3201.0,968.0,167.0,106.0,2748.923076923077,1758.5384615384614,138.92307692307668,93.0,2939.0,1003.0,110.0,143.66666666666674,2635.3333333333335,648.6666666666666,127.66666666666652,87.57142857142867,3265.4285714285716,1089.4285714285713,143.14285714285688,107.75,3125.0,1479.0,140.25,108.42857142857144,3306.5714285714284,812.1428571428571,220.85714285714312,104.0,2929.0,1482.0,116.0,40.0,3485.0,874.0,41.0
446,92.0,2988.3333333333335,1162.6666666666667,140.66666666666652,98.0,2219.5,1241.5,108.0,81.20000000000005,3200.8,965.0,167.5999999999999,106.0,2743.3076923076924,1755.8461538461538,140.30769230769238,93.66666666666663,2936.6666666666665,997.1666666666666,109.83333333333348,141.33333333333326,2634.6666666666665,637.3333333333334,132.33333333333348,83.28571428571422,3265.714285714286,1086.7142857142858,143.57142857142844,106.89999999999986,3125.0,1476.4,138.69999999999982,108.85714285714278,3310.1428571428573,806.2857142857143,212.71428571428532,104.42857142857133,2919.714285714286,1477.857142857143,119.28571428571422,39.39999999999998,3481.2,869.4,40.40000000000009
447,93.33333333333348,2987.8888888888887,1157.4444444444443,141.77777777777783,97.66666666666674,2217.9166666666665,1237.25,104.0,83.40000000000009,3200.6,962.0,168.20000000000027,106.0,2737.6923076923076,1753.1538461538462,141.69230769230762,94.33333333333337,2934.3333333333335,991.3333333333334,109.66666666666652,139.0,2634.0,626.0,137.0,79.0,3266.0,1084.0,144.0,106.04999999999995,3125.0,1473.8,137.1500000000001,109.28571428571422,3313.714285714286,800.4285714285714,204.57142857142844,104.85714285714289,2910.4285714285716,1473.7142857142858,122.57142857142844,38.80000000000007,3477.4,864.8,39.79999999999973
448,94.66666666666674,2987.4444444444443,1152.2222222222222,142.88888888888914,97.33333333333326,2216.3333333333335,1233.0,100.0,85.59999999999991,3200.4,959.0,168.79999999999973,106.0,2732.076923076923,1750.4615384615386,143.07692307692332,95.0,2932.0,985.5,109.5,136.33333333333337,2636.6666666666665,622.0,141.66666666666697,83.25,3266.5,1078.5,144.5,105.20000000000005,3125.0,1471.2,135.5999999999999,109.71428571428578,3317.285714285714,794.5714285714286,196.42857142857156,105.28571428571422,2901.1428571428573,1469.5714285714287,125.85714285714266,38.19999999999993,3473.6,860.2,39.20000000000027
449,96.0,2987.0,1147.0,144.0,97.0,2214.75,1228.75,96.0,87.79999999999995,3200.2,956.0,169.4000000000001,106.0,2726.4615384615386,1747.7692307692307,144.46153846153857,95.66666666666663,2929.6666666666665,979.6666666666666,109.33333333333348,133.66666666666663,2639.3333333333335,618.0,146.33333333333303,87.5,3267.0,1073.0,145.0,104.35000000000014,3125.0,1468.6,134.05000000000018,110.14285714285722,3320.8571428571427,788.7142857142857,188.28571428571468,105.71428571428578,2891.8571428571427,1465.4285714285713,129.14285714285734,37.60000000000002,3469.8,855.6,38.59999999999991
450,94.5,2989.0,1146.3333333333333,143.16666666666652,96.66666666666674,2213.1666666666665,1224.5,92.0,90.0,3200.0,953.0,170.0,106.0,2720.846153846154,1745.076923076923,145.8461538461538,96.33333333333337,2927.3333333333335,973.8333333333334,109.16666666666652,131.0,2642.0,614.0,151.0,91.75,3267.5,1067.5,145.5,103.5,3125.0,1466.0,132.5,110.57142857142856,3324.4285714285716,782.8571428571429,180.14285714285688,106.14285714285711,2882.5714285714284,1461.2857142857142,132.42857142857156,37.0,3466.0,851.0,38.0
451,93.0,2991.0,1145.6666666666667,142.33333333333348,96.33333333333326,2211.5833333333335,1220.25,88.0,92.40000000000009,3199.8,950.0,168.0,106.0,2715.230769230769,1742.3846153846155,147.2307692307695,97.0,2925.0,968.0,109.0,127.5,2644.5,596.5,149.5,96.0,3268.0,1062.0,146.0,102.64999999999986,3125.0,1463.4,130.94999999999982,111.0,3328.0,777.0,172.0,106.57142857142867,2873.285714285714,1457.142857142857,135.71428571428578,37.0,3453.3333333333335,846.0,38.0
452,91.5,2993.0,1145.0,141.5,96.0,2210.0,1216.0,84.0,94.79999999999995,3199.6,947.0,166.0,106.0,2709.6153846153848,1739.6923076923076,148.6153846153843,97.66666666666674,2917.5555555555557,962.2222222222222,109.0,124.0,2647.0,579.0,148.0,95.57142857142867,3267.8571428571427,1060.2857142857142,146.71428571428578,101.79999999999995,3125.0,1460.8,129.4000000000001,116.5,3329.5,770.5,162.5,107.0,2864.0,1453.0,139.0,37.0,3440.6666666666665,841.0,38.0
453,90.0,2995.0,1144.3333333333333,140.66666666666652,102.0,2202.0,1207.5,89.5,97.20000000000005,3199.4,944.0,164.0,106.0,2704.0,1737.0,150.0,98.33333333333337,2910.1111111111113,956.4444444444445,109.0,121.0,2650.0,570.3333333333334,146.66666666666652,95.14285714285711,3267.714285714286,1058.5714285714287,147.42857142857156,100.95000000000005,3125.0,1458.2,127.84999999999991,122.0,3331.0,764.0,153.0,104.5,2858.5,1450.75,139.75,37.0,3428.0,836.0,38.0
454,88.5,2997.0,1143.6666666666667,139.83333333333348,108.0,2194.0,1199.0,95.0,99.59999999999991,3199.2,941.0,162.0,106.42857142857133,2701.0,1732.0,146.42857142857156,99.00000000000011,2902.6666666666665,950.6666666666666,109.0,118.0,2653.0,561.6666666666666,145.33333333333348,94.71428571428578,3267.5714285714284,1056.857142857143,148.14285714285734,100.10000000000014,3125.0,1455.6,126.30000000000018,120.85714285714289,3333.285714285714,754.7142857142857,153.0,102.0,2853.0,1448.5,140.5,37.0,3412.5,822.5,38.0
455,87.0,2999.0,1143.0,139.0,107.66666666666674,2189.0,1197.0,97.33333333333348,102.0,3199.0,938.0,160.0,106.85714285714289,2698.0,1727.0,142.85714285714266,99.66666666666674,2895.222222222222,944.8888888888889,109.0,115.0,2656.0,553.0,144.0,94.28571428571422,3267.4285714285716,1055.142857142857,148.85714285714266,99.25,3125.0,1453.0,124.75,119.71428571428567,3335.5714285714284,745.4285714285714,153.0,99.5,2847.5,1446.25,141.25,37.0,3397.0,809.0,38.0
456,82.79999999999995,2995.6,1141.2,142.4000000000001,107.33333333333326,2184.0,1195.0,99.66666666666652,99.20000000000005,3198.8,935.0,157.19999999999982,107.28571428571422,2695.0,1722.0,139.28571428571422,100.33333333333326,2887.777777777778,939.1111111111111,109.0,120.0,2656.0,545.0,145.0,93.85714285714289,3267.285714285714,1053.4285714285713,149.57142857142844,98.39999999999986,3125.0,1450.4,123.19999999999982,118.57142857142856,3337.8571428571427,736.1428571428571,153.0,97.0,2842.0,1444.0,142.0,36.0,3391.6666666666665,789.6666666666666,37.0
457,78.59999999999991,2992.2,1139.4,145.80000000000018,107.0,2179.0,1193.0,102.0,96.40000000000009,3198.6,932.0,154.4000000000001,107.71428571428578,2692.0,1717.0,135.71428571428578,100.99999999999989,2880.3333333333335,933.3333333333334,109.0,125.0,2656.0,537.0,146.0,93.42857142857133,3267.1428571428573,1051.7142857142858,150.28571428571422,97.54999999999995,3125.0,1447.8,121.65000000000009,117.42857142857144,3340.1428571428573,726.8571428571429,153.0,92.25,2841.75,1441.0,135.5,35.0,3386.3333333333335,770.3333333333334,36.0
458,74.40000000000009,2988.8,1137.6,149.19999999999982,104.66666666666652,2177.3333333333335,1192.6666666666667,101.0,93.60000000000002,3198.4,929.0,151.5999999999999,108.14285714285711,2689.0,1712.0,132.14285714285734,101.66666666666663,2872.8888888888887,927.5555555555555,109.0,113.33333333333337,2656.0,528.6666666666666,147.33333333333348,93.0,3267.0,1050.0,151.0,96.70000000000005,3125.0,1445.2,120.09999999999991,116.28571428571433,3342.4285714285716,717.5714285714286,153.0,87.5,2841.5,1438.0,129.0,34.0,3381.0,751.0,35.0
459,70.20000000000005,2985.4,1135.8,152.5999999999999,102.33333333333348,2175.6666666666665,1192.3333333333333,100.0,90.79999999999995,3198.2,926.0,148.80000000000018,108.57142857142867,2686.0,1707.0,128.57142857142844,102.33333333333326,2865.4444444444443,921.7777777777778,109.0,101.66666666666663,2656.0,520.3333333333334,148.66666666666652,88.5,3267.0,1048.0,151.5,95.85000000000014,3125.0,1442.6,118.55000000000018,115.14285714285711,3344.714285714286,708.2857142857143,153.0,82.75,2841.25,1435.0,122.5,35.5,3388.0,729.5,36.5
460,66.0,2982.0,1134.0,156.0,100.0,2174.0,1192.0,99.0,88.0,3198.0,923.0,146.0,109.0,2683.0,1702.0,125.0,103.0,2858.0,916.0,109.0,90.0,2656.0,512.0,150.0,84.0,3267.0,1046.0,152.0,95.0,3125.0,1440.0,117.0,114.0,3347.0,699.0,153.0,78.0,2841.0,1432.0,116.0,37.0,3395.0,708.0,38.0
461,72.60000000000014,2977.8,1126.6,157.5999999999999,101.5,2165.75,1185.125,100.25,89.54545454545462,3194.909090909091,918.5454545454545,146.27272727272702,108.91666666666652,2678.4166666666665,1696.6666666666667,123.91666666666697,103.40000000000009,2847.4,913.8,109.79999999999973,91.0,2651.5,501.25,150.5,88.375,3261.375,1039.25,155.625,95.44444444444457,3117.6666666666665,1437.4444444444443,120.55555555555566,120.5,3351.75,690.75,147.75,81.5,2828.625,1424.125,117.375,36.0,3406.6666666666665,696.3333333333334,37.0
462,79.20000000000005,2973.6,1119.2,159.20000000000027,103.0,2157.5,1178.25,101.5,91.09090909090901,3191.818181818182,914.0909090909091,146.5454545454545,108.83333333333348,2673.8333333333335,1691.3333333333333,122.83333333333303,103.79999999999995,2836.8,911.6,110.59999999999991,92.0,2647.0,490.5,151.0,92.75,3255.75,1032.5,159.25,95.88888888888891,3110.3333333333335,1434.888888888889,124.11111111111086,127.0,3356.5,682.5,142.5,85.0,2816.25,1416.25,118.75,35.0,3418.3333333333335,684.6666666666666,36.0
463,85.79999999999995,2969.4,1111.8,160.79999999999973,104.5,2149.25,1171.375,102.75,92.63636363636363,3188.7272727272725,909.6363636363636,146.81818181818198,108.75,2669.25,1686.0,121.75,104.20000000000005,2826.2,909.4,111.40000000000009,93.0,2642.5,479.75,151.5,97.125,3250.125,1025.75,162.875,96.33333333333348,3103.0,1432.3333333333333,127.66666666666652,133.5,3361.25,674.25,137.25,88.5,2803.875,1408.375,120.125,34.0,3430.0,673.0,35.0
464,92.39999999999986,2965.2,1104.4,162.4000000000001,106.0,2141.0,1164.5,104.0,94.18181818181824,3185.6363636363635,905.1818181818181,147.090909090909,108.66666666666652,2664.6666666666665,1680.6666666666667,120.66666666666697,104.59999999999991,2815.6,907.2,112.20000000000027,94.0,2638.0,469.0,152.0,101.5,3244.5,1019.0,166.5,96.77777777777783,3095.6666666666665,1429.7777777777778,131.22222222222217,140.0,3366.0,666.0,132.0,92.0,2791.5,1400.5,121.5,35.5,3437.5,664.5,36.5
465,99.0,2961.0,1097.0,164.0,107.5,2132.75,1157.625,105.25,95.72727272727275,3182.5454545454545,900.7272727272727,147.3636363636365,108.58333333333348,2660.0833333333335,1675.3333333333333,119.58333333333303,105.0,2805.0,905.0,113.0,102.5,2641.5,453.5,144.0,105.875,3238.875,1012.25,170.125,97.22222222222217,3088.3333333333335,1427.2222222222222,134.77777777777783,148.0,3371.0,662.0,124.0,95.5,2779.125,1392.625,122.875,37.0,3445.0,656.0,38.0
466,98.4666666666667,2960.4666666666667,1094.0666666666666,161.66666666666652,109.0,2124.5,1150.75,106.5,97.27272727272725,3179.4545454545455,896.2727272727273,147.6363636363635,108.5,2655.5,1670.0,118.5,107.79999999999995,2791.6,897.2,113.59999999999991,111.0,2645.0,438.0,136.0,110.25,3233.25,1005.5,173.75,97.66666666666652,3081.0,1424.6666666666667,138.33333333333348,142.5,3369.1666666666665,659.3333333333334,128.5,99.0,2766.75,1384.75,124.25,37.0,3443.5,650.0,38.0
467,97.93333333333317,2959.9333333333334,1091.1333333333334,159.33333333333348,110.5,2116.25,1143.875,107.75,98.81818181818176,3176.3636363636365,891.8181818181819,147.909090909091,108.41666666666652,2650.9166666666665,1664.6666666666667,117.41666666666697,110.60000000000002,2778.2,889.4,114.20000000000027,114.25,2646.75,433.25,128.0,114.625,3227.625,998.75,177.375,98.11111111111109,3073.6666666666665,1422.111111111111,141.88888888888914,137.0,3367.3333333333335,656.6666666666666,133.0,102.5,2754.375,1376.875,125.625,37.0,3442.0,644.0,38.0
468,97.39999999999986,2959.4,1088.2,157.0,112.0,2108.0,1137.0,109.0,100.36363636363637,3173.2727272727275,887.3636363636364,148.18181818181802,108.33333333333348,2646.3333333333335,1659.3333333333333,116.33333333333303,113.39999999999998,2764.8,881.6,114.79999999999973,117.5,2648.5,428.5,120.0,119.0,3222.0,992.0,181.0,98.55555555555543,3066.3333333333335,1419.5555555555557,145.44444444444434,131.5,3365.5,654.0,137.5,106.0,2742.0,1369.0,127.0,37.0,3428.0,635.5,38.0
469,96.86666666666679,2958.866666666667,1085.2666666666667,154.66666666666652,109.5,2102.5,1135.75,113.75,101.90909090909099,3170.181818181818,882.9090909090909,148.4545454545455,108.25,2641.75,1654.0,115.25,116.20000000000005,2751.4,873.8,115.40000000000009,120.75,2650.25,423.75,112.0,120.16666666666663,3221.6666666666665,988.6666666666666,177.5,99.0,3059.0,1417.0,149.0,126.0,3363.6666666666665,651.3333333333334,142.0,105.11111111111109,2727.3333333333335,1365.7777777777778,129.33333333333303,37.0,3414.0,627.0,38.0
470,96.33333333333348,2958.3333333333335,1082.3333333333333,152.33333333333303,107.0,2097.0,1134.5,118.5,103.45454545454538,3167.090909090909,878.4545454545455,148.72727272727298,108.16666666666652,2637.1666666666665,1648.6666666666667,114.16666666666697,119.0,2738.0,866.0,116.0,124.0,2652.0,419.0,104.0,121.33333333333337,3221.3333333333335,985.3333333333334,174.0,102.79999999999995,3052.2,1411.2,149.20000000000027,120.5,3361.8333333333335,648.6666666666666,146.5,104.22222222222217,2712.6666666666665,1362.5555555555557,131.66666666666697,37.0,3387.0,617.0,38.0
471,95.79999999999995,2957.8,1079.4,150.0,104.5,2091.5,1133.25,123.25,105.0,3164.0,874.0,149.0,108.08333333333348,2632.5833333333335,1643.3333333333333,113.08333333333303,117.66666666666663,2723.0,861.3333333333334,124.0,122.59999999999997,2643.2,413.8,109.70000000000027,122.5,3221.0,982.0,170.5,106.59999999999991,3045.4,1405.4,149.4000000000001,115.0,3360.0,646.0,151.0,103.33333333333348,2698.0,1359.3333333333333,134.0,37.0,3358.8,605.8,38.0
472,95.26666666666665,2957.266666666667,1076.4666666666667,147.66666666666652,102.0,2086.0,1132.0,128.0,103.75,3161.25,873.0,148.5,108.0,2628.0,1638.0,112.0,116.33333333333337,2708.0,856.6666666666666,132.0,121.19999999999993,2634.4,408.6,115.40000000000009,123.66666666666663,3220.6666666666665,978.6666666666666,167.0,110.40000000000009,3038.6,1399.6,149.5999999999999,109.20000000000005,3355.8,643.0,152.5999999999999,102.44444444444457,2683.3333333333335,1356.111111111111,136.33333333333303,37.0,3330.6,594.6,38.0
473,94.73333333333335,2956.733333333333,1073.5333333333333,145.33333333333348,100.0,2080.375,1130.875,124.75,102.5,3158.5,872.0,148.0,107.25,2622.25,1635.125,109.0,115.0,2693.0,852.0,140.0,119.80000000000007,2625.6,403.4,121.09999999999991,124.83333333333337,3220.3333333333335,975.3333333333334,163.5,114.20000000000005,3031.8,1393.8,149.79999999999973,103.39999999999998,3351.6,640.0,154.20000000000027,101.55555555555543,2668.6666666666665,1352.888888888889,138.66666666666697,37.0,3302.4,583.4,38.0
474,94.20000000000005,2956.2,1070.6,143.0,98.0,2074.75,1129.75,121.5,101.25,3155.75,871.0,147.5,106.5,2616.5,1632.25,106.0,114.71428571428567,2679.1428571428573,847.8571428571429,138.85714285714266,118.40000000000003,2616.8,398.2,126.79999999999973,126.0,3220.0,972.0,160.0,118.0,3025.0,1388.0,150.0,97.60000000000002,3347.4,637.0,155.79999999999973,100.66666666666652,2654.0,1349.6666666666667,141.0,37.0,3274.2,572.2,38.0
475,93.66666666666652,2955.6666666666665,1067.6666666666667,140.66666666666697,96.0,2069.125,1128.625,118.25,100.0,3153.0,870.0,147.0,105.75,2610.75,1629.375,103.0,114.42857142857144,2665.285714285714,843.7142857142857,137.71428571428578,117.0,2608.0,393.0,132.5,118.66666666666674,3219.5,974.5,156.0,114.16666666666674,3024.1666666666665,1389.5,147.0,91.79999999999995,3343.2,634.0,157.4000000000001,99.77777777777783,2639.3333333333335,1346.4444444444443,143.33333333333303,37.0,3246.0,561.0,38.0
476,93.13333333333321,2955.133333333333,1064.7333333333333,138.33333333333348,94.0,2063.5,1127.5,115.0,97.60000000000002,3152.6,866.0,146.80000000000018,105.0,2605.0,1626.5,100.0,114.14285714285711,2651.4285714285716,839.5714285714286,136.57142857142844,115.59999999999997,2599.2,387.8,138.20000000000027,111.33333333333326,3219.0,977.0,152.0,110.33333333333326,3023.3333333333335,1391.0,144.0,86.0,3339.0,631.0,159.0,98.88888888888891,2624.6666666666665,1343.2222222222222,145.66666666666697,37.0,3215.0,551.8,38.0
477,92.60000000000014,2954.6,1061.8,136.0,92.0,2057.875,1126.375,111.75,95.20000000000005,3152.2,862.0,146.60000000000036,104.25,2599.25,1623.625,97.0,113.85714285714289,2637.5714285714284,835.4285714285714,135.42857142857156,114.19999999999999,2590.4,382.6,143.9000000000001,104.0,3218.5,979.5,148.0,106.5,3022.5,1392.5,141.0,89.5,3330.25,624.5,157.5,98.0,2610.0,1340.0,148.0,37.0,3184.0,542.6,38.0
478,92.06666666666683,2954.0666666666666,1058.8666666666666,133.66666666666652,90.0,2052.25,1125.25,108.5,92.79999999999995,3151.8,858.0,146.39999999999964,103.5,2593.5,1620.75,94.0,113.57142857142856,2623.714285714286,831.2857142857143,134.28571428571422,112.80000000000001,2581.6,377.4,149.5999999999999,96.66666666666674,3218.0,982.0,144.0,102.66666666666674,3021.6666666666665,1394.0,138.0,93.0,3321.5,618.0,156.0,93.66666666666652,2595.3333333333335,1336.6666666666667,138.33333333333303,37.0,3153.0,533.4,38.0
479,91.5333333333333,2953.5333333333333,1055.9333333333334,131.33333333333348,88.0,2046.625,1124.125,105.25,90.39999999999998,3151.4,854.0,146.19999999999982,102.75,2587.75,1617.875,91.0,113.28571428571433,2609.8571428571427,827.1428571428571,133.14285714285734,111.40000000000003,2572.8,372.2,155.29999999999973,89.33333333333326,3217.5,984.5,140.0,98.83333333333326,3020.8333333333335,1395.5,135.0,96.5,3312.75,611.5,154.5,89.33333333333348,2580.6666666666665,1333.3333333333333,128.66666666666697,37.0,3122.0,524.2,38.0
480,91.0,2953.0,1053.0,129.0,86.0,2041.0,1123.0,102.0,88.0,3151.0,850.0,146.0,102.0,2582.0,1615.0,88.0,113.0,2596.0,823.0,132.0,110.0,2564.0,367.0,161.0,82.0,3217.0,987.0,136.0,95.0,3020.0,1397.0,132.0,100.0,3304.0,605.0,153.0,85.0,2566.0,1330.0,119.0,37.0,3091.0,515.0,38.0
481,92.0,2943.5,1050.25,134.0,86.66666666666652,2031.3333333333333,1119.6666666666667,107.66666666666674,92.57142857142856,3142.0,845.4285714285714,149.85714285714266,102.25,2568.0,1610.25,98.25,112.5,2581.5,816.0,132.0,107.60000000000002,2561.8,367.4,164.0,82.16666666666674,3207.6666666666665,984.0,140.66666666666697,94.79999999999995,3009.4,1393.5,132.5,100.71428571428578,3301.8571428571427,601.5714285714286,147.14285714285734,85.79999999999995,2546.8,1325.4,126.79999999999973,36.99999999999994,3057.2,506.8,38.0
482,93.0,2934.0,1047.5,139.0,87.33333333333348,2021.6666666666667,1116.3333333333333,113.33333333333326,97.14285714285711,3133.0,840.8571428571429,153.71428571428578,102.5,2554.0,1605.5,108.5,112.0,2567.0,809.0,132.0,105.19999999999999,2559.6,367.8,167.0,82.33333333333326,3198.3333333333335,981.0,145.33333333333303,94.59999999999991,2998.8,1390.0,133.0,101.42857142857144,3299.714285714286,598.1428571428571,141.28571428571422,86.60000000000014,2527.6,1320.8,134.5999999999999,37.0,3023.4,498.6,38.0
483,94.0,2924.5,1044.75,144.0,88.0,2012.0,1113.0,119.0,101.71428571428567,3124.0,836.2857142857143,157.57142857142844,102.75,2540.0,1600.75,118.75,111.25,2556.25,800.5,122.5,102.80000000000001,2557.4,368.2,170.0,82.5,3189.0,978.0,150.0,94.40000000000009,2988.2,1386.5,133.5,102.14285714285722,3297.5714285714284,594.7142857142857,135.42857142857156,87.39999999999986,2508.4,1316.2,142.4000000000001,37.0,2989.6,490.4,38.0
484,95.0,2915.0,1042.0,149.0,89.0,2003.6,1107.4,113.80000000000018,106.28571428571433,3115.0,831.7142857142857,161.42857142857156,103.0,2526.0,1596.0,129.0,110.5,2545.5,792.0,113.0,100.39999999999998,2555.2,368.6,173.0,82.66666666666674,3179.6666666666665,975.0,154.66666666666697,94.20000000000005,2977.6,1383.0,134.0,102.85714285714278,3295.4285714285716,591.2857142857143,129.57142857142844,88.20000000000005,2489.2,1311.6,150.20000000000027,37.00000000000006,2955.8,482.2,38.0
485,95.9375,2909.8125,1039.4375,149.6875,90.0,1995.2,1101.8,108.60000000000014,110.85714285714289,3106.0,827.1428571428571,165.28571428571422,102.0,2516.0,1590.0,127.77777777777783,109.75,2534.75,783.5,103.5,98.0,2553.0,369.0,176.0,82.83333333333326,3170.3333333333335,972.0,159.33333333333303,94.0,2967.0,1379.5,134.5,103.57142857142856,3293.285714285714,587.8571428571429,123.71428571428578,89.0,2470.0,1307.0,158.0,37.0,2922.0,474.0,38.0
486,96.875,2904.625,1036.875,150.375,91.0,1986.8,1096.2,103.39999999999986,115.42857142857144,3097.0,822.5714285714286,169.14285714285734,101.0,2506.0,1584.0,126.55555555555566,109.0,2524.0,775.0,94.0,97.59999999999997,2549.2,368.8,175.0,83.0,3161.0,969.0,164.0,93.79999999999995,2956.4,1376.0,135.0,104.28571428571422,3291.1428571428573,584.4285714285714,117.85714285714266,91.20000000000005,2453.4,1305.2,149.4000000000001,37.0,2887.4,467.2,38.0
487,97.8125,2899.4375,1034.3125,151.0625,92.0,1978.4,1090.6,98.19999999999982,120.0,3088.0,818.0,173.0,100.0,2496.0,1578.0,125.33333333333348,108.0,2499.6666666666665,768.0,110.66666666666697,97.19999999999999,2545.4,368.6,174.0,83.85714285714289,3156.0,966.6428571428571,164.42857142857156,93.59999999999991,2945.8,1372.5,135.5,105.0,3289.0,581.0,112.0,93.39999999999986,2436.8,1303.4,140.79999999999973,37.0,2852.8,460.4,38.0
488,98.75,2894.25,1031.75,151.75,93.0,1970.0,1085.0,93.0,116.38461538461547,3086.4615384615386,817.3076923076923,170.30769230769238,99.0,2486.0,1572.0,124.11111111111131,107.0,2475.3333333333335,761.0,127.33333333333303,96.80000000000001,2541.6,368.4,173.0,84.71428571428567,3151.0,964.2857142857143,164.85714285714266,93.40000000000009,2935.2,1369.0,136.0,103.0,3276.6666666666665,577.5,114.66666666666697,95.60000000000014,2420.2,1301.6,132.20000000000027,37.0,2818.2,453.6,38.0
489,99.6875,2889.0625,1029.1875,152.4375,95.25,1959.75,1082.5,99.0,112.76923076923072,3084.923076923077,816.6153846153846,167.6153846153843,98.0,2476.0,1566.0,122.88888888888869,106.0,2451.0,754.0,144.0,96.40000000000003,2537.8,368.2,172.0,85.57142857142856,3146.0,961.9285714285714,165.28571428571422,93.20000000000005,2924.6,1365.5,136.5,101.0,3264.3333333333335,574.0,117.33333333333303,97.79999999999995,2403.6,1299.8,123.59999999999991,37.0,2783.6,446.8,38.0
490,100.625,2883.875,1026.625,153.125,97.5,1949.5,1080.0,105.0,109.15384615384619,3083.3846153846152,815.9230769230769,164.92307692307713,97.0,2466.0,1560.0,121.66666666666652,105.36363636363637,2435.090909090909,748.4545454545455,143.0,96.0,2534.0,368.0,171.0,86.42857142857144,3141.0,959.5714285714286,165.71428571428578,93.0,2914.0,1362.0,137.0,99.0,3252.0,570.5,120.0,100.0,2387.0,1298.0,115.0,37.0,2749.0,440.0,38.0
491,101.5625,2878.6875,1024.0625,153.8125,99.75,1939.25,1077.5,111.0,105.53846153846143,3081.846153846154,815.2307692307693,162.23076923076906,96.0,2456.0,1554.0,120.44444444444434,104.72727272727275,2419.181818181818,742.9090909090909,142.0,93.5,2515.5,368.0,183.5,87.28571428571433,3136.0,957.2142857142857,166.14285714285734,95.5,2911.5,1360.5,126.0,97.0,3239.6666666666665,567.0,122.66666666666697,103.5,2366.0,1296.5,131.0,37.0,2714.75,436.25,38.0
492,102.5,2873.5,1021.5,154.5,102.0,1929.0,1075.0,117.0,101.9230769230769,3080.3076923076924,814.5384615384615,159.53846153846143,95.0,2446.0,1548.0,119.22222222222217,104.09090909090912,2403.2727272727275,737.3636363636364,141.0,91.0,2497.0,368.0,196.0,88.14285714285711,3131.0,954.8571428571429,166.57142857142844,98.0,2909.0,1359.0,115.0,95.0,3227.3333333333335,563.5,125.33333333333303,107.0,2345.0,1295.0,147.0,37.0,2680.5,432.5,38.0
493,103.4375,2868.3125,1018.9375,155.1875,102.0,1918.5,1072.5,122.5,98.30769230769238,3078.769230769231,813.8461538461538,156.8461538461538,94.0,2436.0,1542.0,118.0,103.45454545454538,2387.3636363636365,731.8181818181819,140.0,91.19999999999999,2481.2,370.0,191.60000000000036,89.0,3126.0,952.5,167.0,99.5,2893.0,1355.875,120.25,93.0,3215.0,560.0,128.0,102.5,2317.0,1296.0,160.5,37.0,2646.25,428.75,38.0
494,104.375,2863.125,1016.375,155.875,102.0,1908.0,1070.0,128.0,94.69230769230762,3077.230769230769,813.1538461538462,154.1538461538462,95.0,2421.0,1537.5,126.5,102.81818181818187,2371.4545454545455,726.2727272727273,139.0,91.39999999999998,2465.4,372.0,187.19999999999982,89.85714285714289,3121.0,950.1428571428571,167.42857142857156,101.0,2877.0,1352.75,125.5,94.0,3208.8571428571427,557.8571428571429,124.28571428571468,98.0,2289.0,1297.0,174.0,37.0,2612.0,425.0,38.0
495,105.3125,2857.9375,1013.8125,156.5625,98.5,1898.0,1067.5,129.0,91.0769230769231,3075.6923076923076,812.4615384615385,151.46153846153857,96.0,2406.0,1533.0,135.0,102.18181818181813,2355.5454545454545,720.7272727272727,138.0,91.60000000000002,2449.6,374.0,182.80000000000018,90.71428571428567,3116.0,947.7857142857143,167.85714285714266,102.5,2861.0,1349.625,130.75,95.0,3202.714285714286,555.7142857142857,120.57142857142844,95.0,2270.6666666666665,1295.0,168.66666666666697,37.0,2588.0,427.0,38.0
496,106.25,2852.75,1011.25,157.25,95.0,1888.0,1065.0,130.0,87.46153846153857,3074.153846153846,811.7692307692307,148.76923076923094,96.0,2395.0,1528.8,125.40000000000009,101.54545454545462,2339.6363636363635,715.1818181818181,137.0,91.80000000000001,2433.8,376.0,178.39999999999964,91.57142857142856,3111.0,945.4285714285714,168.28571428571422,104.0,2845.0,1346.5,136.0,96.0,3196.5714285714284,553.5714285714286,116.85714285714312,92.0,2252.3333333333335,1293.0,163.33333333333303,36.19999999999999,2562.6,430.0,37.40000000000009
497,107.1875,2847.5625,1008.6875,157.9375,91.75,1877.75,1062.5,123.0,83.84615384615381,3072.6153846153848,811.0769230769231,146.07692307692287,96.0,2384.0,1524.6,115.80000000000018,100.90909090909088,2323.7272727272725,709.6363636363636,136.0,92.0,2418.0,378.0,174.0,92.42857142857144,3106.0,943.0714285714286,168.71428571428578,105.5,2829.0,1343.375,141.25,97.0,3190.4285714285716,551.4285714285714,113.14285714285688,89.0,2234.0,1291.0,158.0,35.39999999999998,2537.2,433.0,36.80000000000018
498,108.125,2842.375,1006.125,158.625,88.5,1867.5,1060.0,116.0,80.23076923076928,3071.076923076923,810.3846153846154,143.3846153846157,96.0,2373.0,1520.4,106.19999999999982,100.27272727272725,2307.818181818182,704.0909090909091,135.0,92.0,2411.0,379.0,169.66666666666652,93.28571428571433,3101.0,940.7142857142857,169.14285714285734,107.0,2813.0,1340.25,146.5,98.0,3184.285714285714,549.2857142857143,109.42857142857156,86.0,2215.6666666666665,1289.0,152.66666666666697,34.60000000000002,2511.8,436.0,36.19999999999982
499,109.0625,2837.1875,1003.5625,159.3125,85.25,1857.25,1057.5,109.0,76.61538461538453,3069.5384615384614,809.6923076923077,140.69230769230762,96.0,2362.0,1516.2,96.59999999999991,99.63636363636374,2291.909090909091,698.5454545454545,134.0,92.0,2404.0,380.0,165.33333333333348,94.14285714285711,3096.0,938.3571428571429,169.57142857142844,108.5,2797.0,1337.125,151.75,99.0,3178.1428571428573,547.1428571428571,105.71428571428532,83.0,2197.3333333333335,1287.0,147.33333333333303,33.80000000000001,2486.4,439.0,35.59999999999991
500,110.0,2832.0,1001.0,160.0,82.0,1847.0,1055.0,102.0,73.0,3068.0,809.0,138.0,96.0,2351.0,1512.0,87.0,99.0,2276.0,693.0,133.0,92.0,2397.0,381.0,161.0,95.0,3091.0,936.0,170.0,110.0,2781.0,1334.0,157.0,100.0,3172.0,545.0,102.0,80.0,2179.0,1285.0,142.0,33.0,2461.0,442.0,35.0
501,108.89999999999998,2827.2,1000.9,159.55000000000018,80.75,1835.5,1053.0,109.5,74.0,3053.0,805.0,150.0,95.79999999999995,2333.2,1507.0,99.0,94.5,2267.5,686.0,110.0,92.0,2393.5,386.0,161.0,93.75,3085.75,937.0,170.0,110.66666666666674,2770.3333333333335,1328.0,150.0,96.0,3148.3333333333335,543.0,113.33333333333303,87.0,2148.0,1278.0,159.5,33.0,2439.8,443.2,35.0
502,107.79999999999995,2822.4,1000.8,159.0999999999999,79.5,1824.0,1051.0,117.0,75.25,3044.75,802.75,153.75,95.59999999999991,2315.4,1502.0,111.0,90.0,2259.0,679.0,87.0,92.0,2390.0,391.0,161.0,92.5,3080.5,938.0,170.0,111.33333333333326,2759.6666666666665,1322.0,143.0,92.0,3124.6666666666665,541.0,124.66666666666697,94.0,2117.0,1271.0,177.0,33.0,2418.6,444.4,35.0
503,106.70000000000005,2817.6,1000.7,158.6500000000001,78.25,1812.5,1049.0,124.5,76.5,3036.5,800.5,157.5,95.40000000000009,2297.6,1497.0,123.0,95.66666666666674,2236.3333333333335,674.6666666666666,102.0,93.0,2386.5,395.0,157.0,91.25,3075.25,939.0,170.0,112.0,2749.0,1316.0,136.0,88.0,3101.0,539.0,136.0,94.0,2112.5,1270.5,169.0,33.0,2397.4,445.6,35.0
504,105.60000000000002,2812.8,1000.6,158.19999999999982,77.0,1801.0,1047.0,132.0,77.75,3028.25,798.25,161.25,95.20000000000005,2279.8,1492.0,135.0,101.33333333333326,2213.6666666666665,670.3333333333334,117.0,94.0,2383.0,399.0,153.0,90.0,3070.0,940.0,170.0,116.25,2733.0,1313.25,134.75,88.33333333333326,3092.3333333333335,537.3333333333334,132.33333333333303,94.0,2108.0,1270.0,161.0,33.0,2376.2,446.8,35.0
505,104.5,2808.0,1000.5,157.75,81.0,1789.5,1041.25,131.25,79.0,3020.0,796.0,165.0,95.0,2262.0,1487.0,147.0,107.0,2191.0,666.0,132.0,94.66666666666663,2362.3333333333335,401.6666666666667,149.66666666666652,90.25,3066.5,938.4375,168.5625,120.5,2717.0,1310.5,133.5,88.66666666666674,3083.6666666666665,535.6666666666666,128.66666666666697,95.0,2070.0,1271.0,125.0,33.0,2355.0,448.0,35.0
506,103.39999999999998,2803.2,1000.4,157.30000000000018,85.0,1778.0,1035.5,130.5,80.0,3019.0,794.0,161.5,94.55555555555566,2246.222222222222,1481.0,146.66666666666652,103.66666666666663,2165.6666666666665,663.3333333333334,138.66666666666697,95.33333333333337,2341.6666666666665,404.3333333333333,146.33333333333348,90.5,3063.0,936.875,167.125,124.75,2701.0,1307.75,132.25,89.0,3075.0,534.0,125.0,94.0,2042.6,1273.0,134.80000000000018,33.0,2333.3333333333335,452.0,35.0
507,102.29999999999995,2798.4,1000.3,156.8499999999999,89.0,1766.5,1029.75,129.75,81.0,3018.0,792.0,158.0,94.11111111111109,2230.4444444444443,1475.0,146.33333333333348,100.33333333333337,2140.3333333333335,660.6666666666666,145.33333333333303,96.0,2321.0,407.0,143.0,90.75,3059.5,935.3125,165.6875,129.0,2685.0,1305.0,131.0,89.75,3060.75,532.75,126.875,93.0,2015.2,1275.0,144.60000000000014,33.0,2311.6666666666665,456.0,35.0
508,101.20000000000005,2793.6,1000.2,156.4000000000001,93.0,1755.0,1024.0,129.0,83.8888888888888,3016.222222222222,788.7777777777778,156.0,93.66666666666674,2214.6666666666665,1469.0,146.0,97.0,2115.0,658.0,152.0,90.33333333333331,2308.3333333333335,412.6666666666667,146.66666666666652,91.0,3056.0,933.75,164.25,128.66666666666652,2662.0,1306.6666666666667,145.66666666666652,90.5,3046.5,531.5,128.75,92.0,1987.8,1277.0,154.39999999999986,33.0,2290.0,460.0,35.0
509,100.10000000000002,2788.8,1000.1,155.94999999999982,92.85714285714289,1743.7142857142858,1023.1428571428571,130.0,86.77777777777783,3014.4444444444443,785.5555555555555,154.0,93.22222222222217,2198.8888888888887,1463.0,145.66666666666697,93.5,2108.5,658.0,130.0,84.66666666666669,2295.6666666666665,418.3333333333333,150.33333333333348,91.25,3052.5,932.1875,162.8125,128.33333333333348,2639.0,1308.3333333333333,160.33333333333348,91.25,3032.25,530.25,130.625,91.0,1960.4,1279.0,164.19999999999982,33.0,2273.0,461.0,35.0
510,99.0,2784.0,1000.0,155.5,92.71428571428567,1732.4285714285713,1022.2857142857143,131.0,89.66666666666663,3012.6666666666665,782.3333333333334,152.0,92.77777777777783,2183.1111111111113,1457.0,145.33333333333303,90.0,2102.0,658.0,108.0,79.0,2283.0,424.0,154.0,91.5,3049.0,930.625,161.375,128.0,2616.0,1310.0,175.0,92.0,3018.0,529.0,132.5,90.0,1933.0,1281.0,174.0,33.0,2266.0,451.0,35.0
511,97.89999999999998,2779.2,999.9,155.05000000000018,92.57142857142856,1721.142857142857,1021.4285714285714,132.0,92.55555555555554,3010.8888888888887,779.1111111111111,150.0,92.33333333333326,2167.3333333333335,1451.0,145.0,90.59999999999991,2080.0,655.2,113.80000000000018,84.0,2277.0,423.3333333333333,144.66666666666652,91.75,3045.5,929.0625,159.9375,126.60000000000014,2602.2,1313.8,164.0,92.75,3003.75,527.75,134.375,87.0,1920.5,1281.0,156.5,33.0,2258.5,447.25,35.0
512,96.79999999999995,2774.4,999.8,154.5999999999999,92.42857142857144,1709.857142857143,1020.5714285714286,133.0,95.44444444444446,3009.1111111111113,775.8888888888889,148.0,91.88888888888891,2151.5555555555557,1445.0,144.66666666666652,91.20000000000005,2058.0,652.4,119.59999999999991,89.0,2271.0,422.6666666666667,135.33333333333348,92.0,3042.0,927.5,158.5,125.20000000000005,2588.4,1317.6,153.0,93.5,2989.5,526.5,136.25,84.0,1908.0,1281.0,139.0,33.0,2251.0,443.5,35.0
513,95.70000000000005,2769.6,999.7,154.1500000000001,92.28571428571433,1698.5714285714287,1019.7142857142857,134.0,98.33333333333337,3007.3333333333335,772.6666666666666,146.0,91.44444444444434,2135.777777777778,1439.0,144.33333333333348,91.79999999999995,2036.0,649.6,125.40000000000009,94.0,2265.0,422.0,126.0,92.25,3038.5,925.9375,157.0625,123.79999999999995,2574.6,1321.4,142.0,94.25,2975.25,525.25,138.125,83.33333333333348,1874.6666666666667,1278.3333333333333,142.0,33.0,2243.5,439.75,35.0
514,94.60000000000002,2764.8,999.6,153.69999999999982,92.14285714285711,1687.2857142857142,1018.8571428571429,135.0,101.22222222222217,3005.5555555555557,769.4444444444445,144.0,91.0,2120.0,1433.0,144.0,92.40000000000009,2014.0,646.8,131.19999999999982,99.0,2244.0,429.0,117.0,92.5,3035.0,924.375,155.625,122.39999999999986,2560.8,1325.2,131.0,95.0,2961.0,524.0,140.0,82.66666666666652,1841.3333333333333,1275.6666666666667,145.0,33.0,2236.0,436.0,35.0
515,93.5,2760.0,999.5,153.25,92.0,1676.0,1018.0,136.0,104.1111111111112,3003.777777777778,766.2222222222222,142.0,91.83333333333326,2099.0,1429.5,147.0,93.0,1992.0,644.0,137.0,101.0,2230.0,432.0,97.0,92.75,3031.5,922.8125,154.1875,121.0,2547.0,1329.0,120.0,95.5,2948.0,523.0,140.5,82.0,1808.0,1273.0,148.0,33.0,2227.0,437.0,35.0
516,92.39999999999998,2755.2,999.4,152.80000000000018,90.20000000000005,1664.6,1017.2,132.60000000000014,107.0,3002.0,763.0,140.0,92.66666666666674,2078.0,1426.0,150.0,94.60000000000002,1975.2,642.8,130.39999999999986,101.39999999999998,2207.0,438.6,112.59999999999991,93.0,3028.0,921.25,152.75,119.80000000000018,2524.0,1332.6,128.80000000000018,96.0,2935.0,522.0,141.0,84.0,1785.5,1271.5,160.0,33.5,2211.5,441.0,34.0
517,91.29999999999995,2750.4,999.3,152.3499999999999,88.39999999999998,1653.2,1016.4,129.20000000000005,108.25,2990.5,762.25,146.25,93.5,2057.0,1422.5,153.0,96.19999999999993,1958.4,641.6,123.79999999999973,101.80000000000001,2184.0,445.2,128.19999999999982,93.25,3024.5,919.6875,151.3125,118.59999999999991,2501.0,1336.2,137.5999999999999,96.75,2932.0,520.75,131.5,86.0,1763.0,1270.0,172.0,34.0,2196.0,445.0,33.0
518,90.20000000000005,2745.6,999.2,151.9000000000001,86.60000000000002,1641.8,1015.6,125.79999999999995,109.5,2979.0,761.5,152.5,94.33333333333326,2036.0,1419.0,156.0,97.80000000000007,1941.6,640.4,117.20000000000027,102.19999999999999,2161.0,451.8,143.80000000000018,93.5,3021.0,918.125,149.875,117.40000000000009,2478.0,1339.8,146.4000000000001,97.5,2929.0,519.5,122.0,92.33333333333326,1738.3333333333333,1263.6666666666667,173.66666666666674,33.666666666666686,2174.3333333333335,454.3333333333333,33.666666666666515
519,89.10000000000002,2740.8,999.1,151.44999999999982,84.79999999999995,1630.4,1014.8,122.39999999999986,110.75,2967.5,760.75,158.75,95.16666666666674,2015.0,1415.5,159.0,99.39999999999998,1924.8,639.2,110.60000000000014,102.60000000000002,2138.0,458.4,159.4000000000001,93.75,3017.5,916.5625,148.4375,116.19999999999982,2455.0,1343.4,155.19999999999982,98.25,2926.0,518.25,112.5,98.66666666666674,1713.6666666666667,1257.3333333333333,175.33333333333326,33.333333333333314,2152.6666666666665,463.6666666666667,34.333333333333485
520,88.0,2736.0,999.0,151.0,83.0,1619.0,1014.0,119.0,112.0,2956.0,760.0,165.0,96.0,1994.0,1412.0,162.0,101.0,1908.0,638.0,104.0,103.0,2115.0,465.0,175.0,94.0,3014.0,915.0,147.0,115.0,2432.0,1347.0,164.0,99.0,2923.0,517.0,103.0,105.0,1689.0,1251.0,177.0,33.0,2131.0,473.0,35.0
521,88.6875,2730.125,997.3125,150.5625,82.60000000000014,1605.0,1012.8,123.20000000000005,110.79999999999995,2952.1,760.45,165.0,94.5,1973.8333333333333,1407.0,156.16666666666674,101.0,1881.0,637.6666666666666,125.33333333333326,97.39999999999998,2097.2,477.0,166.0,93.53846153846155,3007.846153846154,914.3846153846154,148.30769230769238,115.5,2416.25,1349.0,150.0,99.0,2899.5,515.5,113.0,109.0,1674.5,1251.5,151.0,33.0,2109.6,490.4,35.0
522,89.375,2724.25,995.625,150.125,82.19999999999993,1591.0,1011.6,127.40000000000009,109.60000000000002,2948.2,760.9,165.0,93.0,1953.6666666666667,1402.0,150.33333333333326,101.0,1854.0,637.3333333333334,146.66666666666674,91.79999999999995,2079.4,489.0,157.0,93.0769230769231,3001.6923076923076,913.7692307692307,149.61538461538476,116.0,2400.5,1351.0,136.0,99.0,2876.0,514.0,123.0,113.0,1660.0,1252.0,125.0,32.99999999999994,2088.2,507.8,35.0
523,90.0625,2718.375,993.9375,149.6875,81.80000000000007,1577.0,1010.4,131.5999999999999,108.39999999999998,2944.3,761.35,165.0,91.5,1933.5,1397.0,144.5,101.0,1827.0,637.0,168.0,86.20000000000005,2061.6,501.0,148.0,92.61538461538453,2995.5384615384614,913.1538461538462,150.92307692307713,116.5,2384.75,1353.0,122.0,99.0,2852.5,512.5,133.0,111.33333333333348,1632.0,1256.8333333333333,133.66666666666674,33.0,2066.8,525.2,35.0
524,90.75,2712.5,992.25,149.25,81.39999999999986,1563.0,1009.2,135.79999999999995,107.20000000000005,2940.4,761.8,165.0,90.0,1913.3333333333333,1392.0,138.66666666666674,100.39999999999998,1814.2,637.4,157.39999999999986,80.60000000000002,2043.8,513.0,139.00000000000023,92.15384615384619,2989.3846153846152,912.5384615384615,152.2307692307695,117.0,2369.0,1355.0,108.0,99.0,2829.0,511.0,143.0,109.66666666666652,1604.0,1261.6666666666667,142.33333333333326,33.0,2045.4,542.6,35.0
525,91.4375,2706.625,990.5625,148.8125,81.0,1549.0,1008.0,140.0,106.0,2936.5,762.25,165.0,88.5,1893.1666666666667,1387.0,132.83333333333326,99.80000000000007,1801.4,637.8,146.79999999999995,75.0,2026.0,525.0,130.0,91.69230769230774,2983.230769230769,911.9230769230769,153.5384615384619,116.16666666666674,2345.1666666666665,1361.3333333333333,120.33333333333348,99.0,2823.0,509.5,135.5,108.0,1576.0,1266.5,151.0,33.0,2024.0,560.0,35.0
526,92.125,2700.75,988.875,148.375,81.73333333333346,1535.1333333333334,1006.9333333333333,140.93333333333317,104.79999999999995,2932.6,762.7,165.0,87.0,1873.0,1382.0,127.0,99.19999999999993,1788.6,638.2,136.20000000000005,86.5,2007.5,528.0,136.0,91.23076923076928,2977.076923076923,911.3076923076923,154.84615384615427,115.33333333333326,2321.3333333333335,1367.6666666666667,132.66666666666652,99.0,2817.0,508.0,128.0,106.33333333333348,1548.0,1271.3333333333333,159.66666666666674,33.0,2004.2,578.4,35.0
527,92.8125,2694.875,987.1875,147.9375,82.46666666666658,1521.2666666666667,1005.8666666666667,141.8666666666668,103.60000000000002,2928.7,763.15,165.0,88.0,1849.5,1373.5,138.0,98.60000000000002,1775.8,638.6,125.60000000000014,98.0,1989.0,531.0,142.0,90.76923076923072,2970.923076923077,910.6923076923077,156.15384615384573,114.5,2297.5,1374.0,145.0,99.0,2811.0,506.5,120.5,104.66666666666652,1520.0,1276.1666666666667,168.33333333333326,33.0,1984.4,596.8,35.0
528,93.5,2689.0,985.5,147.5,83.20000000000005,1507.4,1004.8,142.79999999999995,102.39999999999998,2924.8,763.6,165.0,89.0,1826.0,1365.0,149.0,98.0,1763.0,639.0,115.0,118.0,1976.5,533.0,145.0,90.30769230769226,2964.769230769231,910.0769230769231,157.4615384615381,113.66666666666674,2273.6666666666665,1380.3333333333333,157.33333333333348,99.0,2805.0,505.0,113.0,103.0,1492.0,1281.0,177.0,33.0,1964.6,615.2,35.0
529,94.1875,2683.125,983.8125,147.0625,83.9333333333334,1493.5333333333333,1003.7333333333333,143.73333333333335,101.20000000000005,2920.9,764.05,165.0,89.0,1798.0,1361.0,160.5,100.60000000000002,1743.2,639.8,119.39999999999986,138.0,1964.0,535.0,148.0,89.84615384615381,2958.6153846153848,909.4615384615385,158.7692307692305,112.83333333333326,2249.8333333333335,1386.6666666666667,169.66666666666652,99.00000000000006,2788.5,503.3333333333333,115.83333333333348,102.25,1463.75,1281.25,171.25,33.0,1944.8,633.6,35.0
530,94.875,2677.25,982.125,146.625,84.66666666666663,1479.6666666666667,1002.6666666666666,144.66666666666652,100.0,2917.0,764.5,165.0,89.0,1770.0,1357.0,172.0,103.19999999999993,1723.4,640.6,123.79999999999995,134.75,1950.25,546.25,145.75,89.38461538461547,2952.4615384615386,908.8461538461538,160.07692307692287,112.0,2226.0,1393.0,182.0,98.99999999999994,2772.0,501.6666666666667,118.66666666666652,101.5,1435.5,1281.5,165.5,33.0,1925.0,652.0,35.0
531,95.5625,2671.375,980.4375,146.1875,85.39999999999998,1465.8,1001.6,145.60000000000014,98.79999999999995,2913.1,764.95,165.0,89.5,1750.8333333333333,1354.6666666666667,167.0,105.80000000000007,1703.6,641.4,128.20000000000005,131.5,1936.5,557.5,143.5,88.9230769230769,2946.3076923076924,908.2307692307693,161.38461538461524,111.40000000000009,2208.2,1399.6,172.4000000000001,99.0,2755.5,500.0,121.5,100.75,1407.25,1281.75,159.75,33.0,1908.6666666666667,668.6666666666666,35.0
532,96.25,2665.5,978.75,145.75,86.13333333333344,1451.9333333333334,1000.5333333333333,146.5333333333333,97.60000000000002,2909.2,765.4,165.0,90.0,1731.6666666666667,1352.3333333333333,162.0,108.39999999999998,1683.8,642.2,132.60000000000014,128.25,1922.75,568.75,141.25,88.46153846153845,2940.153846153846,907.6153846153846,162.69230769230762,110.79999999999995,2190.4,1406.2,162.79999999999973,99.00000000000006,2739.0,498.3333333333333,124.33333333333348,100.0,1379.0,1282.0,154.0,33.0,1892.3333333333333,685.3333333333334,35.0
533,96.9375,2659.625,977.0625,145.3125,86.86666666666656,1438.0666666666666,999.4666666666667,147.4666666666667,96.39999999999998,2905.3,765.85,165.0,90.5,1712.5,1350.0,157.0,111.0,1664.0,643.0,137.0,125.0,1909.0,580.0,139.0,88.0,2934.0,907.0,164.0,110.20000000000005,2172.6,1412.8,153.20000000000027,98.99999999999994,2722.5,496.6666666666667,127.16666666666652,94.33333333333326,1354.3333333333333,1285.0,166.33333333333348,33.0,1876.0,702.0,35.0
534,97.625,2653.75,975.375,144.875,87.60000000000002,1424.2,998.4,148.39999999999986,95.20000000000005,2901.4,766.3,165.0,91.0,1693.3333333333333,1347.6666666666667,152.0,112.0,1658.3333333333333,644.0,129.66666666666674,121.75,1895.25,591.25,136.75,87.42857142857144,2934.0,906.8571428571429,158.28571428571422,109.59999999999991,2154.8,1419.4,143.5999999999999,99.0,2706.0,495.0,130.0,88.66666666666674,1329.6666666666667,1288.0,178.66666666666652,33.0,1866.0,709.5,35.0
535,98.3125,2647.875,973.6875,144.4375,88.33333333333337,1410.3333333333333,997.3333333333334,149.33333333333348,94.0,2897.5,766.75,165.0,91.5,1674.1666666666667,1345.3333333333333,147.0,113.0,1652.6666666666667,645.0,122.33333333333326,118.5,1881.5,602.5,134.5,86.85714285714289,2934.0,906.7142857142857,152.57142857142844,109.0,2137.0,1426.0,134.0,97.0,2687.0,488.0,144.0,83.0,1305.0,1291.0,191.0,33.0,1856.0,717.0,35.0
536,99.0,2642.0,972.0,144.0,89.0666666666666,1396.4666666666667,996.2666666666667,150.26666666666665,92.79999999999995,2893.6,767.2,165.0,92.0,1655.0,1343.0,142.0,114.0,1647.0,646.0,115.0,115.25,1867.75,613.75,132.25,86.28571428571433,2934.0,906.5714285714286,146.85714285714266,108.0,2111.6,1433.4,140.0,97.39999999999998,2683.0,487.4,132.80000000000018,87.75,1285.5,1287.75,188.25,33.0,1847.0,723.0,35.0
537,99.75,2640.0,971.5,139.75,89.79999999999995,1382.6,995.2,151.20000000000005,91.60000000000002,2889.7,767.65,165.0,93.0,1626.25,1339.25,151.5,110.75,1632.5,651.5,112.25,112.0,1854.0,625.0,130.0,85.71428571428567,2934.0,906.4285714285714,141.14285714285734,107.0,2086.2,1440.8,146.0,97.80000000000001,2679.0,486.8,121.59999999999991,92.5,1266.0,1284.5,185.5,33.0,1838.0,729.0,35.0
538,100.5,2638.0,971.0,135.5,90.53333333333342,1368.7333333333333,994.1333333333333,152.13333333333344,90.39999999999998,2885.8,768.1,165.0,94.0,1597.5,1335.5,161.0,107.5,1618.0,657.0,109.5,122.5,1835.5,632.5,132.5,85.14285714285711,2934.0,906.2857142857143,135.42857142857156,106.0,2060.8,1448.2,152.0,98.19999999999999,2675.0,486.2,110.40000000000009,97.25,1246.5,1281.25,182.75,33.0,1829.0,735.0,35.0
539,101.25,2636.0,970.5,131.25,91.26666666666654,1354.8666666666668,993.0666666666667,153.0666666666666,89.20000000000005,2881.9,768.55,165.0,95.0,1568.75,1331.75,170.5,104.25,1603.5,662.5,106.75,133.0,1817.0,640.0,135.0,84.57142857142856,2934.0,906.1428571428571,129.71428571428578,105.0,2035.4,1455.6,158.0,98.60000000000002,2671.0,485.6,99.19999999999982,102.0,1227.0,1278.0,180.0,33.0,1820.0,741.0,35.0
540,102.0,2634.0,970.0,127.0,92.0,1341.0,992.0,154.0,88.0,2878.0,769.0,165.0,96.0,1540.0,1328.0,180.0,101.0,1589.0,668.0,104.0,126.0,1813.0,647.0,123.0,84.0,2934.0,906.0,124.0,104.0,2010.0,1463.0,164.0,99.0,2667.0,485.0,88.0,115.0,1208.0,1266.0,164.0,33.0,1811.0,747.0,35.0
541,101.59999999999991,2626.0,969.2,128.0,90.0,1325.5,990.75,151.75,88.39999999999998,2875.5,769.5,164.44999999999982,96.0,1519.75,1325.25,167.5,105.0,1566.0,668.6666666666666,110.33333333333326,127.75,1796.75,658.0,117.75,84.20000000000005,2924.4,905.8,129.4000000000001,104.75,1990.25,1468.5,151.5,99.5,2650.0,484.0,95.0,116.0,1187.5,1265.5,147.5,33.0,1797.6,753.4,35.0
542,101.19999999999993,2618.0,968.4,129.0,88.0,1310.0,989.5,149.5,88.79999999999995,2873.0,770.0,163.9000000000001,96.0,1499.5,1322.5,155.0,109.0,1543.0,669.3333333333334,116.66666666666674,129.5,1780.5,669.0,112.5,84.39999999999998,2914.8,905.6,134.79999999999973,105.5,1970.5,1474.0,139.0,100.0,2633.0,483.0,102.0,117.0,1167.0,1265.0,131.0,33.0,1784.2,759.8,35.0
543,100.80000000000007,2610.0,967.6,130.0,86.0,1294.5,988.25,147.25,89.20000000000005,2870.5,770.5,163.3499999999999,96.0,1479.25,1319.75,142.5,113.0,1520.0,670.0,123.0,131.25,1764.25,680.0,107.25,84.60000000000002,2905.2,905.4,140.20000000000027,106.25,1950.75,1479.5,126.5,100.0,2614.75,482.0,108.25,117.5,1152.0,1263.0,136.0,33.0,1770.8,766.2,35.0
544,100.40000000000009,2602.0,966.8,131.0,84.0,1279.0,987.0,145.0,89.60000000000002,2868.0,771.0,162.80000000000018,96.0,1459.0,1317.0,130.0,116.0,1507.6,671.0,125.60000000000014,133.0,1748.0,691.0,102.0,84.79999999999995,2895.6,905.2,145.5999999999999,107.0,1931.0,1485.0,114.0,100.0,2596.5,481.0,114.5,118.0,1137.0,1261.0,141.0,33.0,1757.4,772.6,35.0
545,100.0,2594.0,966.0,132.0,84.50000000000011,1265.7857142857142,985.5714285714286,146.1428571428571,90.0,2865.5,771.5,162.25,96.0,1438.6666666666667,1314.3333333333333,134.0,119.0,1495.2,672.0,128.20000000000005,137.0,1732.5,699.5,104.0,85.0,2886.0,905.0,151.0,109.25,1903.0,1490.25,132.0,100.0,2578.25,480.0,120.75,111.66666666666652,1117.0,1266.6666666666667,142.66666666666674,33.0,1744.0,779.0,35.0
546,99.59999999999991,2586.0,965.2,133.0,85.0,1252.5714285714287,984.1428571428571,147.28571428571422,90.39999999999998,2863.0,772.0,161.69999999999982,96.0,1418.3333333333333,1311.6666666666667,138.0,122.0,1482.8,673.0,130.79999999999995,141.0,1717.0,708.0,106.0,85.25,2882.75,904.3333333333334,149.91666666666652,111.5,1875.0,1495.5,150.0,100.0,2560.0,479.0,127.0,105.33333333333348,1097.0,1272.3333333333333,144.33333333333326,32.66666666666674,1721.3333333333333,780.6666666666666,34.333333333333485
547,99.19999999999993,2578.0,964.4,134.0,85.50000000000011,1239.357142857143,982.7142857142857,148.42857142857133,90.79999999999995,2860.5,772.5,161.1500000000001,96.0,1398.0,1309.0,142.0,125.0,1470.4,674.0,133.39999999999986,137.0,1698.0,711.5,107.5,85.5,2879.5,903.6666666666666,148.83333333333348,113.75,1847.0,1500.75,168.0,99.69999999999999,2547.4,477.2,127.29999999999973,99.0,1077.0,1278.0,146.0,32.33333333333326,1698.6666666666667,782.3333333333334,33.666666666666515
548,98.80000000000007,2570.0,963.6,135.0,85.99999999999989,1226.142857142857,981.2857142857143,149.57142857142867,91.20000000000005,2858.0,773.0,160.5999999999999,96.0,1378.0,1306.5,146.5,128.0,1458.0,675.0,136.0,133.0,1679.0,715.0,109.0,85.75,2876.25,903.0,147.75,116.0,1819.0,1506.0,186.0,99.39999999999998,2534.8,475.4,127.59999999999991,102.0,1053.5,1277.5,137.5,32.0,1676.0,784.0,33.0
549,98.40000000000009,2562.0,962.8,136.0,86.5,1212.9285714285713,979.8571428571429,150.71428571428578,91.60000000000002,2855.5,773.5,160.05000000000018,96.0,1358.0,1304.0,151.0,118.25,1444.25,685.75,138.75,136.33333333333326,1653.0,714.3333333333334,132.33333333333326,86.0,2873.0,902.3333333333334,146.66666666666652,116.19999999999982,1799.8,1512.4,171.60000000000014,99.10000000000002,2522.2,473.6,127.90000000000009,105.0,1030.0,1277.0,129.0,32.0,1648.5,776.0,32.0
550,98.0,2554.0,962.0,137.0,86.99999999999989,1199.7142857142858,978.4285714285714,151.8571428571429,92.0,2853.0,774.0,159.5,96.0,1337.8181818181818,1301.2727272727273,148.72727272727275,108.5,1430.5,696.5,141.5,139.66666666666674,1627.0,713.6666666666666,155.66666666666674,86.25,2869.75,901.6666666666666,145.58333333333348,116.40000000000009,1780.6,1518.8,157.20000000000005,98.80000000000001,2509.6,471.8,128.20000000000027,111.0,1008.0,1270.0,132.0,32.0,1621.0,768.0,31.0
551,97.33333333333337,2551.6666666666665,961.3333333333334,136.66666666666697,87.5,1186.5,977.0,153.0,92.39999999999998,2850.5,774.5,158.94999999999982,96.0,1317.6363636363637,1298.5454545454545,146.45454545454527,98.75,1416.75,707.25,144.25,143.0,1601.0,713.0,179.0,86.5,2866.5,901.0,144.5,116.59999999999991,1761.4,1525.2,142.79999999999995,98.5,2497.0,470.0,128.5,117.0,986.0,1263.0,135.0,32.5,1596.5,757.0,32.0
552,96.66666666666663,2549.3333333333335,960.6666666666666,136.33333333333303,88.00000000000011,1173.2857142857142,975.5714285714286,154.1428571428571,92.79999999999995,2848.0,775.0,158.4000000000001,96.0,1297.4545454545455,1295.8181818181818,144.18181818181824,89.0,1403.0,718.0,147.0,138.5,1584.5,711.0,179.5,86.75,2863.25,900.3333333333334,143.41666666666652,116.80000000000018,1742.2,1531.6,128.39999999999986,98.19999999999999,2484.4,468.2,128.79999999999973,123.5,969.0,1250.5,140.0,33.0,1572.0,746.0,33.0
553,96.0,2547.0,960.0,136.0,88.5,1160.0714285714287,974.1428571428571,155.28571428571422,93.20000000000005,2845.5,775.5,157.8499999999999,96.0,1277.2727272727273,1293.090909090909,141.909090909091,93.0,1395.25,721.75,143.125,134.0,1568.0,709.0,180.0,87.0,2860.0,899.6666666666666,142.33333333333348,117.0,1723.0,1538.0,114.0,97.89999999999998,2471.8,466.4,129.0999999999999,130.0,952.0,1238.0,145.0,33.66666666666674,1555.0,736.6666666666666,33.66666666666674
554,95.71428571428578,2544.4285714285716,959.1428571428571,129.71428571428578,89.00000000000011,1146.857142857143,972.7142857142857,156.42857142857133,93.60000000000002,2843.0,776.0,157.30000000000018,96.0,1257.090909090909,1290.3636363636363,139.63636363636374,97.0,1387.5,725.5,139.25,137.25,1553.75,705.25,169.75,87.25,2856.75,899.0,141.25,116.39999999999986,1694.0,1543.4,128.0,97.60000000000002,2459.2,464.6,129.4000000000001,129.5,935.0,1231.0,149.5,34.33333333333326,1538.0,727.3333333333334,34.33333333333326
555,95.42857142857144,2541.8571428571427,958.2857142857143,123.42857142857156,89.49999999999989,1133.642857142857,971.2857142857143,157.57142857142867,94.0,2840.5,776.5,156.75,96.0,1236.909090909091,1287.6363636363637,137.36363636363626,101.0,1379.75,729.25,135.375,140.5,1539.5,701.5,159.5,87.5,2853.5,898.3333333333334,140.16666666666652,115.79999999999995,1665.0,1548.8,142.0,97.30000000000001,2446.6,462.8,129.70000000000027,129.0,918.0,1224.0,154.0,35.0,1521.0,718.0,35.0
556,95.14285714285722,2539.285714285714,957.4285714285714,117.14285714285734,90.0,1120.4285714285716,969.8571428571429,158.71428571428555,94.39999999999998,2838.0,777.0,156.19999999999982,96.0,1216.7272727272727,1284.909090909091,135.090909090909,105.0,1372.0,733.0,131.5,143.75,1525.25,697.75,149.25,87.75,2850.25,897.6666666666666,139.08333333333348,115.20000000000005,1636.0,1554.2,156.0,97.0,2434.0,461.0,130.0,129.80000000000018,901.0,1209.6,148.0,35.0,1508.6,710.0,35.0
557,94.85714285714278,2536.714285714286,956.5714285714286,110.85714285714266,90.49999999999989,1107.2142857142858,968.4285714285714,159.85714285714266,94.79999999999995,2835.5,777.5,155.6500000000001,96.0,1196.5454545454545,1282.1818181818182,132.81818181818176,109.0,1364.25,736.75,127.625,147.0,1511.0,694.0,139.0,88.0,2847.0,897.0,138.0,114.60000000000014,1607.0,1559.6,170.0,98.0,2429.0,459.5,118.0,130.5999999999999,884.0,1195.2,142.0,35.0,1496.2,702.0,35.0
558,94.57142857142856,2534.1428571428573,955.7142857142857,104.57142857142844,91.0,1094.0,967.0,161.0,95.20000000000005,2833.0,778.0,155.0999999999999,96.0,1176.3636363636363,1279.4545454545455,130.54545454545473,113.0,1356.5,740.5,123.75,152.33333333333337,1485.3333333333333,687.6666666666666,154.66666666666674,88.0,2840.3333333333335,899.0,140.66666666666652,114.0,1578.0,1565.0,184.0,99.0,2424.0,458.0,106.0,131.4000000000001,867.0,1180.8,136.0,35.0,1483.8,694.0,35.0
559,94.28571428571422,2531.5714285714284,954.8571428571429,98.28571428571422,91.5,1081.0,967.5,157.5,95.60000000000002,2830.5,778.5,154.55000000000018,96.0,1156.1818181818182,1276.7272727272727,128.27272727272725,117.0,1348.75,744.25,119.875,157.66666666666663,1459.6666666666667,681.3333333333334,170.33333333333326,88.0,2833.6666666666665,901.0,143.33333333333348,127.5,1558.0,1557.0,174.0,100.0,2419.0,456.5,94.0,132.19999999999982,850.0,1166.4,130.0,35.0,1471.4,686.0,35.0
560,94.0,2529.0,954.0,92.0,92.0,1068.0,968.0,154.0,96.0,2828.0,779.0,154.0,96.0,1136.0,1274.0,126.0,121.0,1341.0,748.0,116.0,163.0,1434.0,675.0,186.0,88.0,2827.0,903.0,146.0,141.0,1538.0,1549.0,164.0,101.0,2414.0,455.0,82.0,133.0,833.0,1152.0,124.0,35.0,1459.0,678.0,35.0
561,94.0,2512.6,951.8,101.40000000000009,92.0,1054.65,967.25,154.89999999999986,96.35714285714289,2825.6428571428573,779.5,153.71428571428532,91.5,1119.5,1271.5,125.25,118.57142857142856,1325.5714285714287,750.0,122.85714285714266,157.0,1413.0,673.0,178.33333333333326,89.0,2826.6,902.3,145.55000000000018,142.33333333333326,1516.6666666666667,1551.6666666666667,151.66666666666652,104.5,2396.5,451.25,90.75,130.0,820.5,1148.5,130.0,34.60000000000002,1443.4,675.8,34.799999999999955
562,93.99999999999989,2496.2,949.6,110.80000000000018,92.0,1041.3,966.5,155.79999999999995,96.71428571428567,2823.285714285714,780.0,153.42857142857156,87.0,1103.0,1269.0,124.5,116.14285714285711,1310.142857142857,752.0,129.71428571428578,151.0,1392.0,671.0,170.66666666666674,90.0,2826.2,901.6,145.10000000000036,143.66666666666674,1495.3333333333333,1554.3333333333333,139.33333333333348,108.0,2379.0,447.5,99.5,127.0,808.0,1145.0,136.0,34.19999999999993,1427.8,673.6,34.600000000000136
563,94.00000000000011,2479.8,947.4,120.19999999999982,92.0,1027.95,965.75,156.70000000000005,97.07142857142856,2820.9285714285716,780.5,153.14285714285688,82.5,1086.5,1266.5,123.75,113.71428571428567,1294.7142857142858,754.0,136.57142857142844,145.0,1371.0,669.0,163.0,91.0,2825.8,900.9,144.64999999999964,145.0,1474.0,1557.0,127.0,111.5,2361.5,443.75,108.25,124.33333333333348,791.3333333333334,1136.3333333333333,141.66666666666663,33.80000000000007,1412.2,671.4,34.399999999999864
564,94.0,2463.4,945.2,129.5999999999999,92.0,1014.6,965.0,157.60000000000002,97.42857142857144,2818.5714285714284,781.0,152.85714285714312,78.0,1070.0,1264.0,123.0,111.28571428571433,1279.2857142857142,756.0,143.42857142857156,134.75,1349.0,669.75,173.0,92.0,2825.4,900.2,144.19999999999982,139.16666666666674,1452.5,1566.8333333333333,131.83333333333326,115.0,2344.0,440.0,117.0,121.66666666666652,774.6666666666666,1127.6666666666667,147.33333333333337,33.39999999999998,1396.6,669.2,34.200000000000045
565,94.0,2447.0,943.0,139.0,92.0,1001.25,964.25,158.5,97.78571428571433,2816.214285714286,781.5,152.57142857142844,79.625,1055.5625,1258.9375,122.0,108.85714285714289,1263.857142857143,758.0,150.28571428571422,124.5,1327.0,670.5,183.0,93.0,2825.0,899.5,143.75,133.33333333333326,1431.0,1576.6666666666667,136.66666666666674,117.40000000000003,2336.0,437.2,114.40000000000009,119.0,758.0,1119.0,153.0,33.0,1381.0,667.0,34.0
566,94.75,2439.0,941.5,143.5,92.0,987.9,963.5,159.39999999999998,98.14285714285711,2813.8571428571427,782.0,152.28571428571468,81.25,1041.125,1253.875,121.0,106.42857142857144,1248.4285714285713,760.0,157.14285714285734,114.25,1305.0,671.25,193.0,94.0,2824.6,898.8,143.30000000000018,127.5,1409.5,1586.5,141.5,119.80000000000007,2328.0,434.4,111.80000000000018,117.40000000000009,745.0,1107.6,147.39999999999998,33.0,1357.5,668.5,34.0
567,95.5,2431.0,940.0,148.0,92.0,974.55,962.75,160.29999999999995,98.5,2811.5,782.5,152.0,82.875,1026.6875,1248.8125,120.0,104.0,1233.0,762.0,164.0,104.0,1283.0,672.0,203.0,95.0,2824.2,898.1,142.85000000000036,121.66666666666674,1388.0,1596.3333333333333,146.33333333333326,122.19999999999993,2320.0,431.6,109.19999999999982,115.79999999999995,732.0,1096.2,141.79999999999995,33.0,1334.0,670.0,34.0
568,96.25,2423.0,938.5,152.5,92.0,961.2,962.0,161.20000000000005,98.85714285714289,2809.1428571428573,783.0,151.71428571428532,84.5,1012.25,1243.75,119.0,106.5,1216.0,763.0,170.0,102.5,1260.0,671.0,205.0,96.0,2823.8,897.4,142.39999999999964,115.83333333333326,1366.5,1606.1666666666667,151.16666666666674,124.59999999999997,2312.0,428.8,106.59999999999991,114.20000000000005,719.0,1084.8,136.20000000000005,33.0,1302.3333333333333,670.0,34.0
569,97.0,2415.0,937.0,157.0,92.0,947.85,961.25,162.10000000000002,99.21428571428567,2806.785714285714,783.5,151.42857142857156,86.125,997.8125,1238.6875,118.0,109.0,1199.0,764.0,176.0,101.0,1237.0,670.0,207.0,97.0,2823.4,896.7,141.94999999999982,110.0,1345.0,1616.0,156.0,127.0,2304.0,426.0,104.0,112.59999999999991,706.0,1073.4,130.60000000000002,33.0,1270.6666666666667,670.0,34.0
570,95.5454545454545,2408.4545454545455,937.2727272727273,155.5454545454545,92.0,934.5,960.5,163.0,99.57142857142856,2804.4285714285716,784.0,151.14285714285688,87.75,983.375,1233.625,117.0,110.5,1177.75,760.5,176.75,107.5,1213.5,673.5,194.5,98.0,2823.0,896.0,141.5,112.63636363636374,1323.6363636363637,1617.3636363636363,155.0,123.375,2294.0,424.625,105.25,111.0,693.0,1062.0,125.0,33.0,1239.0,670.0,34.0
571,94.09090909090924,2401.909090909091,937.5454545454545,154.090909090909,92.0,921.15,959.75,163.89999999999998,99.92857142857144,2802.0714285714284,784.5,150.85714285714312,89.375,968.9375,1228.5625,116.0,112.0,1156.5,757.0,177.5,114.0,1190.0,677.0,182.0,99.0,2822.6,895.3,141.05000000000018,115.27272727272725,1302.2727272727273,1618.7272727272727,154.0,119.75,2284.0,423.25,106.5,118.33333333333326,679.6666666666666,1046.0,129.33333333333337,33.0,1207.0,677.2,34.0
572,92.63636363636363,2395.3636363636365,937.8181818181819,152.6363636363635,92.0,907.8,959.0,164.79999999999995,100.28571428571433,2799.714285714286,785.0,150.57142857142844,91.0,954.5,1223.5,115.0,113.5,1135.25,753.5,178.25,112.0,1161.5,676.5,184.0,100.0,2822.2,894.6,140.60000000000036,117.90909090909099,1280.909090909091,1620.090909090909,153.0,116.125,2274.0,421.875,107.75,125.66666666666674,666.3333333333334,1030.0,133.66666666666663,33.0,1175.0,684.4,34.0
573,91.18181818181813,2388.818181818182,938.0909090909091,151.18181818181802,92.0,894.45,958.25,165.70000000000005,100.64285714285711,2797.3571428571427,785.5,150.28571428571468,92.625,940.0625,1218.4375,114.0,115.0,1114.0,750.0,179.0,110.0,1133.0,676.0,186.0,101.0,2821.8,893.9,140.14999999999964,120.5454545454545,1259.5454545454545,1621.4545454545455,152.0,112.5,2264.0,420.5,109.0,133.0,653.0,1014.0,138.0,33.0,1143.0,691.6,34.0
574,89.72727272727263,2382.2727272727275,938.3636363636364,149.72727272727252,92.0,881.1,957.5,166.60000000000002,101.0,2795.0,786.0,150.0,94.25,925.625,1213.375,113.0,114.0,1090.25,750.75,194.5,114.66666666666663,1113.6666666666667,680.3333333333334,193.33333333333326,102.0,2821.4,893.2,139.69999999999982,123.18181818181824,1238.1818181818182,1622.8181818181818,151.0,108.875,2254.0,419.125,110.25,133.33333333333337,641.0,999.3333333333334,136.33333333333337,33.0,1111.0,698.8,34.0
575,88.27272727272737,2375.7272727272725,938.6363636363636,148.27272727272748,92.0,867.75,956.75,167.5,100.33333333333337,2794.6666666666665,788.1666666666666,149.33333333333348,95.875,911.1875,1208.3125,112.0,113.0,1066.5,751.5,210.0,119.33333333333337,1094.3333333333333,684.6666666666666,200.66666666666674,103.0,2821.0,892.5,139.25,125.81818181818176,1216.8181818181818,1624.1818181818182,150.0,105.25,2244.0,417.75,111.5,133.66666666666663,629.0,984.6666666666666,134.66666666666663,33.0,1079.0,706.0,34.0
576,86.81818181818187,2369.181818181818,938.9090909090909,146.81818181818198,92.0,854.4,956.0,168.39999999999998,99.66666666666663,2794.3333333333335,790.3333333333334,148.66666666666652,97.5,896.75,1203.25,111.0,112.0,1042.75,752.25,225.5,124.0,1075.0,689.0,208.0,104.0,2820.6,891.8,138.80000000000018,128.4545454545455,1195.4545454545455,1625.5454545454545,149.0,101.625,2234.0,416.375,112.75,134.0,617.0,970.0,133.0,33.0,1058.5,711.0,34.0
577,85.36363636363637,2362.6363636363635,939.1818181818181,145.3636363636365,92.0,841.05,955.25,169.30000000000007,99.0,2794.0,792.5,148.0,99.125,882.3125,1198.1875,110.0,111.0,1019.0,753.0,241.0,116.0,1051.0,693.25,205.5,105.0,2820.2,891.1,138.35000000000036,131.090909090909,1174.090909090909,1626.909090909091,148.0,98.0,2224.0,415.0,114.0,131.75,609.0,951.0,129.75,33.0,1038.0,716.0,34.0
578,83.90909090909088,2356.090909090909,939.4545454545455,143.909090909091,92.0,827.7,954.5,170.19999999999993,98.33333333333337,2793.6666666666665,794.6666666666666,147.33333333333348,100.75,867.875,1193.125,109.0,105.0,997.3333333333334,761.0,240.33333333333337,108.0,1027.0,697.5,203.0,106.0,2819.8,890.4,137.89999999999964,133.72727272727275,1152.7272727272727,1628.2727272727273,147.0,97.0,2221.6666666666665,415.0,104.66666666666697,129.5,601.0,932.0,126.5,33.0,1019.0,722.0,34.0
579,82.45454545454538,2349.5454545454545,939.7272727272727,142.4545454545455,92.0,814.35,953.75,171.10000000000002,97.66666666666663,2793.3333333333335,796.8333333333334,146.66666666666652,102.375,853.4375,1188.0625,108.0,99.0,975.6666666666666,769.0,239.66666666666663,100.0,1003.0,701.75,200.5,107.0,2819.4,889.7,137.44999999999982,136.36363636363626,1131.3636363636365,1629.6363636363637,146.0,96.0,2219.3333333333335,415.0,95.33333333333303,127.25,593.0,913.0,123.25,33.0,999.0,720.5,34.0
580,81.0,2343.0,940.0,141.0,92.0,801.0,953.0,172.0,97.0,2793.0,799.0,146.0,104.0,839.0,1183.0,107.0,93.0,954.0,777.0,239.0,92.0,979.0,706.0,198.0,108.0,2819.0,889.0,137.0,139.0,1110.0,1631.0,145.0,95.0,2217.0,415.0,86.0,125.0,585.0,894.0,120.0,33.0,979.0,719.0,34.0
581,82.0625,2335.5625,938.25,140.875,92.77777777777771,790.0,950.4444444444445,169.44444444444446,96.60000000000002,2790.6,799.0,146.0,100.14285714285734,830.7142857142857,1182.4285714285713,104.85714285714289,85.0,929.0,782.0,230.0,100.25,957.75,707.0,193.25,108.0,2818.35,888.55,137.0,136.91666666666674,1092.5,1636.0833333333333,143.0,96.5,2208.0,412.3333333333333,91.16666666666652,124.5,581.0,887.5,121.0,33.0,961.5,719.0,34.0
582,83.125,2328.125,936.5,140.75,93.55555555555543,779.0,947.8888888888889,166.8888888888889,96.20000000000005,2788.2,799.0,146.0,96.28571428571422,822.4285714285714,1181.857142857143,102.71428571428567,88.33333333333337,918.6666666666666,785.0,226.66666666666663,108.5,936.5,708.0,188.5,108.0,2817.7,888.1,137.0,134.83333333333326,1075.0,1641.1666666666667,141.0,98.0,2199.0,409.6666666666667,96.33333333333348,124.0,577.0,881.0,122.0,33.0,944.0,719.0,34.0
583,84.1875,2320.6875,934.75,140.625,94.33333333333337,768.0,945.3333333333334,164.33333333333337,95.79999999999995,2785.8,799.0,146.0,92.42857142857156,814.1428571428571,1181.2857142857142,100.57142857142856,91.66666666666663,908.3333333333334,788.0,223.33333333333337,116.75,915.25,709.0,183.75,108.0,2817.05,887.65,137.0,132.75,1057.5,1646.25,139.0,99.5,2190.0,407.0,101.5,119.66666666666663,563.6666666666666,871.0,129.66666666666674,33.0,926.5,719.0,34.0
584,85.25,2313.25,933.0,140.5,95.11111111111109,757.0,942.7777777777778,161.77777777777783,95.39999999999998,2783.4,799.0,146.0,88.57142857142844,805.8571428571429,1180.7142857142858,98.42857142857144,95.0,898.0,791.0,220.0,125.0,894.0,710.0,179.0,108.0,2816.4,887.2,137.0,130.66666666666674,1040.0,1651.3333333333333,137.0,101.0,2181.0,404.3333333333333,106.66666666666652,115.33333333333337,550.3333333333334,861.0,137.33333333333326,33.0,909.0,719.0,34.0
585,86.3125,2305.8125,931.25,140.375,95.88888888888891,746.0,940.2222222222222,159.22222222222217,95.0,2781.0,799.0,146.0,84.71428571428578,797.5714285714286,1180.142857142857,96.28571428571433,108.0,903.0,794.0,201.5,119.0,874.0,719.5,186.5,108.0,2815.75,886.75,137.0,128.58333333333326,1022.5,1656.4166666666667,135.0,102.5,2172.0,401.6666666666667,111.83333333333348,111.0,537.0,851.0,145.0,33.0,890.0,724.0,34.0
586,87.375,2298.375,929.5,140.25,96.66666666666663,735.0,937.6666666666666,156.66666666666663,94.60000000000002,2780.4666666666667,799.4,146.0,80.85714285714266,789.2857142857143,1179.5714285714287,94.14285714285711,121.0,908.0,797.0,183.0,113.0,854.0,729.0,194.0,108.0,2815.1,886.3,137.0,126.5,1005.0,1661.5,133.0,104.0,2163.0,399.0,117.0,111.25,535.25,836.0,141.625,33.0,869.5,733.0,34.0
587,88.4375,2290.9375,927.75,140.125,97.44444444444457,724.0,935.1111111111111,154.1111111111111,94.20000000000005,2779.9333333333334,799.8,146.0,77.0,781.0,1179.0,92.0,122.0,896.0,800.3333333333334,177.33333333333326,110.66666666666663,832.5,739.3333333333334,188.5,108.0,2814.45,885.85,137.0,124.41666666666674,987.5,1666.5833333333333,131.0,106.60000000000002,2161.0,395.4,112.59999999999991,111.5,533.5,821.0,138.25,33.0,849.0,742.0,34.0
588,89.5,2283.5,926.0,140.0,98.22222222222229,713.0,932.5555555555555,151.55555555555554,93.79999999999995,2779.4,800.2,146.0,75.66666666666652,771.0,1176.6666666666667,99.66666666666663,123.0,884.0,803.6666666666666,171.66666666666674,108.33333333333337,811.0,749.6666666666666,183.0,108.0,2813.8,885.4,137.0,122.33333333333326,970.0,1671.6666666666667,129.0,109.19999999999999,2159.0,391.8,108.19999999999982,111.75,531.75,806.0,134.875,33.0,824.6666666666666,751.6666666666666,34.0
589,90.5625,2276.0625,924.25,139.875,99.0,702.0,930.0,149.0,93.39999999999998,2778.866666666667,800.6,146.0,74.33333333333348,761.0,1174.3333333333333,107.33333333333337,124.0,872.0,807.0,166.0,106.0,789.5,760.0,177.5,108.0,2813.15,884.95,137.0,120.25,952.5,1676.75,127.0,111.80000000000001,2157.0,388.2,103.80000000000018,112.0,530.0,791.0,131.5,33.0,800.3333333333334,761.3333333333334,34.0
590,91.625,2268.625,922.5,139.75,100.16666666666663,692.8333333333334,924.8333333333334,145.83333333333326,93.0,2778.3333333333335,801.0,146.0,73.0,751.0,1172.0,115.0,118.33333333333337,858.6666666666666,811.0,164.66666666666674,103.66666666666663,768.0,770.3333333333334,172.0,108.0,2812.5,884.5,137.0,118.16666666666674,935.0,1681.8333333333333,125.0,114.39999999999998,2155.0,384.6,99.40000000000009,112.25,528.25,776.0,128.125,33.0,776.0,771.0,34.0
591,92.6875,2261.1875,920.75,139.625,101.33333333333337,683.6666666666666,919.6666666666666,142.66666666666674,92.60000000000002,2777.8,801.4,146.0,77.0,741.3333333333334,1168.0,123.66666666666663,112.66666666666663,845.3333333333334,815.0,163.33333333333326,101.33333333333337,746.5,780.6666666666666,166.5,108.0,2811.85,884.05,137.0,116.08333333333326,917.5,1686.9166666666667,123.0,117.0,2153.0,381.0,95.0,112.5,526.5,761.0,124.75,33.0,748.0,781.6666666666666,34.0
592,93.75,2253.75,919.0,139.5,102.5,674.5,914.5,139.5,92.20000000000005,2777.266666666667,801.8,146.0,81.0,731.6666666666666,1164.0,132.33333333333337,107.0,832.0,819.0,162.0,99.0,725.0,791.0,161.0,108.0,2811.2,883.6,137.0,114.0,900.0,1692.0,121.0,111.19999999999999,2144.8,383.2,94.79999999999973,112.75,524.75,746.0,121.375,33.0,720.0,792.3333333333334,34.0
593,94.8125,2246.3125,917.25,139.375,103.66666666666663,665.3333333333334,909.3333333333334,136.33333333333326,91.79999999999995,2776.733333333333,802.2,146.0,85.0,722.0,1160.0,141.0,101.33333333333337,818.6666666666666,823.0,160.66666666666674,102.0,702.5,793.0,174.5,108.0,2810.55,883.15,137.0,112.375,883.375,1698.5,123.125,105.40000000000003,2136.6,385.4,94.59999999999991,113.0,523.0,731.0,118.0,33.0,692.0,803.0,34.0
594,95.875,2238.875,915.5,139.25,104.83333333333337,656.1666666666666,904.1666666666666,133.16666666666674,91.39999999999998,2776.2,802.6,146.0,85.5,715.5,1158.5,143.75,95.66666666666663,805.3333333333334,827.0,159.33333333333326,105.0,680.0,795.0,188.0,108.0,2809.9,882.7,137.0,110.75,866.75,1705.0,125.25,99.59999999999997,2128.4,387.6,94.40000000000009,103.66666666666674,520.0,727.6666666666666,120.33333333333337,33.0,668.5,809.5,34.0
595,96.9375,2231.4375,913.75,139.125,106.0,647.0,899.0,130.0,91.0,2775.6666666666665,803.0,146.0,86.0,709.0,1157.0,146.5,90.0,792.0,831.0,158.0,98.0,657.5,807.5,187.0,108.0,2809.25,882.25,137.0,109.125,850.125,1711.5,127.375,93.80000000000001,2120.2,389.8,94.20000000000027,94.33333333333326,517.0,724.3333333333334,122.66666666666663,33.0,645.0,816.0,34.0
596,98.0,2224.0,912.0,139.0,106.19999999999993,633.6,899.6,138.60000000000002,90.60000000000002,2775.133333333333,803.4,146.0,86.5,702.5,1155.5,149.25,89.60000000000002,781.8,833.4,160.4000000000001,91.0,635.0,820.0,186.0,108.0,2808.6,881.8,137.0,107.5,833.5,1718.0,129.5,88.0,2112.0,392.0,94.0,85.0,514.0,721.0,125.0,33.0,620.0,822.6,34.0
597,99.5,2219.5,911.5,134.75,106.39999999999998,620.2,900.2,147.19999999999993,90.20000000000005,2774.6,803.8,146.0,87.0,696.0,1154.0,152.0,89.20000000000005,771.6,835.8,162.79999999999995,78.0,605.0,833.0,170.0,108.0,2807.95,881.35,137.0,105.875,816.875,1724.5,131.625,89.5,2109.5,389.25,94.0,96.0,513.0,703.0,127.0,33.0,595.0,829.2,34.0
598,101.0,2215.0,911.0,130.5,106.60000000000002,606.8,900.8,155.80000000000007,89.79999999999995,2774.0666666666666,804.2,146.0,87.33333333333326,684.6666666666666,1151.6666666666667,149.33333333333337,88.79999999999995,761.4,838.2,165.20000000000005,99.0,584.0,841.0,155.0,108.0,2807.3,880.9,137.0,104.25,800.25,1731.0,133.75,91.0,2107.0,386.5,94.0,105.0,507.0,682.0,131.0,33.0,570.0,835.8,34.0
599,102.5,2210.5,910.5,126.25,106.80000000000007,593.4,901.4,164.39999999999998,89.39999999999998,2773.5333333333333,804.6,146.0,87.66666666666674,673.3333333333334,1149.3333333333333,146.66666666666663,88.39999999999998,751.2,840.6,167.5999999999999,91.0,564.5,845.0,168.0,108.0,2806.65,880.45,137.0,102.625,783.625,1737.5,135.875,92.5,2104.5,383.75,94.0,106.5,501.0,674.5,134.5,33.0,545.0,842.4,34.0
600,104.0,2206.0,910.0,122.0,107.0,580.0,902.0,173.0,89.0,2773.0,805.0,146.0,88.0,662.0,1147.0,144.0,88.0,741.0,843.0,170.0,83.0,545.0,849.0,181.0,108.0,2806.0,880.0,137.0,101.0,767.0,1744.0,138.0,94.0,2102.0,381.0,94.0,108.0,495.0,667.0,138.0,33.0,520.0,849.0,34.0
601,101.88888888888891,2197.222222222222,911.0,122.66666666666652,103.60000000000002,564.6,905.8,177.19999999999993,89.125,2770.25,805.375,148.375,88.0,656.3333333333334,1143.6666666666667,144.0,86.0,732.3333333333334,849.3333333333334,159.33333333333326,83.0,507.0,856.0,199.0,107.80000000000007,2805.45,880.3,136.55000000000018,100.85714285714289,755.0,1747.857142857143,134.42857142857144,95.22222222222223,2100.777777777778,380.1111111111111,93.0,105.0,491.2,666.8,141.2,33.0,494.0,856.3333333333334,34.0
602,99.77777777777783,2188.4444444444443,912.0,123.33333333333348,100.19999999999993,549.2,909.6,181.39999999999998,89.25,2767.5,805.75,150.75,88.0,650.6666666666666,1140.3333333333333,144.0,84.0,723.6666666666666,855.6666666666666,148.66666666666674,85.5,482.0,862.0,201.0,107.60000000000002,2804.9,880.6,136.0999999999999,100.71428571428555,743.0,1751.7142857142858,130.8571428571429,96.44444444444446,2099.5555555555557,379.22222222222223,92.0,102.0,487.4,666.6,144.39999999999998,33.0,468.0,863.6666666666666,34.0
603,97.66666666666663,2179.6666666666665,913.0,124.0,96.80000000000007,533.8,913.4,185.60000000000002,89.375,2764.75,806.125,153.125,88.0,645.0,1137.0,144.0,82.0,715.0,862.0,138.0,88.0,457.0,868.0,203.0,107.39999999999998,2804.35,880.9,135.6500000000001,100.57142857142844,731.0,1755.5714285714287,127.28571428571433,97.66666666666669,2098.3333333333335,378.3333333333333,91.0,99.0,483.6,666.4,147.60000000000002,33.0,442.0,871.0,34.0
604,95.55555555555554,2170.8888888888887,914.0,124.66666666666697,93.39999999999998,518.4,917.2,189.80000000000007,89.5,2762.0,806.5,155.5,88.0,640.5,1134.0,144.0,82.25,705.0,865.75,133.0,87.0,427.5,870.5,208.5,107.19999999999993,2803.8,881.2,135.19999999999982,100.42857142857156,719.0,1759.4285714285713,123.71428571428567,98.88888888888886,2097.1111111111113,377.44444444444446,90.0,96.0,479.8,666.2,150.8,33.0,418.0,879.0,34.0
605,93.44444444444446,2162.1111111111113,915.0,125.33333333333303,90.0,503.0,921.0,194.0,89.625,2759.25,806.875,157.875,88.0,636.0,1131.0,144.0,82.5,695.0,869.5,128.0,86.0,398.0,873.0,214.0,107.0,2803.25,881.5,134.75,100.28571428571445,707.0,1763.2857142857142,120.14285714285711,100.11111111111114,2095.8888888888887,376.55555555555554,89.0,93.0,476.0,666.0,154.0,33.0,394.0,887.0,34.0
606,91.33333333333337,2153.3333333333335,916.0,126.0,97.0,443.0,917.0,248.0,89.75,2756.5,807.25,160.25,86.33333333333326,628.6666666666666,1130.0,149.66666666666674,82.75,685.0,873.25,123.0,86.5,379.0,878.5,210.0,106.80000000000007,2802.7,881.8,134.30000000000018,100.14285714285711,695.0,1767.142857142857,116.57142857142856,101.33333333333331,2094.6666666666665,375.6666666666667,88.0,92.66666666666663,471.6666666666667,666.3333333333334,151.99999999999994,33.39999999999998,375.8,894.4,34.19999999999999
607,89.22222222222217,2144.5555555555557,917.0,126.66666666666652,99.5,427.5,918.0,258.0,89.875,2753.75,807.625,162.625,84.66666666666674,621.3333333333334,1129.0,155.33333333333326,83.0,675.0,877.0,118.0,87.0,360.0,884.0,206.0,106.60000000000002,2802.15,882.1,133.8499999999999,100.0,683.0,1771.0,113.0,102.55555555555554,2093.4444444444443,374.77777777777777,87.0,92.33333333333337,467.3333333333333,666.6666666666666,150.00000000000006,33.80000000000007,357.6,901.8,34.39999999999998
608,87.11111111111109,2135.777777777778,918.0,127.33333333333348,102.0,412.0,919.0,268.0,90.0,2751.0,808.0,165.0,83.0,614.0,1128.0,161.0,83.30769230769238,670.1538461538462,878.8461538461538,118.0769230769231,94.5,348.0,890.5,200.0,106.39999999999998,2801.6,882.4,133.4000000000001,98.69999999999982,672.7,1773.9,114.5,103.77777777777777,2092.222222222222,373.8888888888889,86.0,92.0,463.0,667.0,148.0,34.19999999999993,339.4,909.2,34.60000000000002
609,85.0,2127.0,919.0,128.0,106.0,429.0,919.0,245.0,90.16666666666674,2750.0,808.9166666666666,162.75,83.0,606.0,1127.0,161.0,83.61538461538453,665.3076923076923,880.6923076923077,118.15384615384619,102.0,336.0,897.0,194.0,106.19999999999993,2801.05,882.7,132.94999999999982,97.40000000000009,662.4,1776.8,116.0,105.0,2091.0,373.0,85.0,91.66666666666663,458.6666666666667,667.3333333333334,145.99999999999994,34.60000000000002,321.2,916.6,34.80000000000001
610,85.72727272727275,2123.090909090909,917.0909090909091,123.72727272727298,113.0,453.5,918.5,222.0,90.33333333333326,2749.0,809.8333333333334,160.5,83.0,598.0,1126.0,161.0,83.9230769230769,660.4615384615385,882.5384615384615,118.23076923076928,102.0,322.5,899.5,192.0,106.0,2800.5,883.0,132.5,96.09999999999991,652.1,1779.7,117.5,106.42857142857139,2091.1428571428573,374.42857142857144,85.4285714285711,91.33333333333337,454.3333333333333,667.6666666666666,144.00000000000006,35.0,303.0,924.0,35.0
611,86.4545454545455,2119.181818181818,915.1818181818181,119.4545454545455,120.0,478.0,918.0,199.0,90.5,2748.0,810.75,158.25,84.0,592.5,1122.0,160.60000000000002,84.23076923076928,655.6153846153846,884.3846153846154,118.30769230769226,102.0,309.0,902.0,190.0,105.80000000000007,2799.95,883.3,132.05000000000018,94.80000000000018,641.8,1782.6,119.0,107.85714285714289,2091.285714285714,375.85714285714283,85.85714285714312,91.0,450.0,668.0,142.0,35.59999999999991,288.2,932.2,36.80000000000001
612,87.18181818181824,2115.2727272727275,913.2727272727273,115.18181818181802,111.5,474.0,917.5,206.5,90.66666666666674,2747.0,811.6666666666666,156.0,85.0,587.0,1118.0,160.20000000000005,84.53846153846143,650.7692307692307,886.2307692307693,118.38461538461547,102.5,295.0,908.5,205.5,105.60000000000002,2799.4,883.6,131.5999999999999,93.5,631.5,1785.5,120.5,109.28571428571428,2091.4285714285716,377.2857142857143,86.28571428571422,90.66666666666674,449.1111111111111,669.1111111111111,140.0,36.200000000000045,273.4,940.4,38.60000000000002
613,87.90909090909088,2111.3636363636365,911.3636363636364,110.90909090909099,103.0,470.0,917.0,214.0,90.83333333333326,2746.0,812.5833333333334,153.75,86.0,581.5,1114.0,159.79999999999995,84.84615384615381,645.9230769230769,888.0769230769231,118.46153846153845,103.0,281.0,915.0,221.0,105.39999999999998,2798.85,883.9,131.1500000000001,92.19999999999982,621.2,1788.4,122.0,110.71428571428572,2091.5714285714284,378.7142857142857,86.71428571428578,90.33333333333337,448.22222222222223,670.2222222222222,137.99999999999994,36.799999999999955,258.6,948.6,40.39999999999998
614,88.63636363636363,2107.4545454545455,909.4545454545455,106.63636363636351,101.60000000000002,466.6,916.6,214.79999999999995,91.0,2745.0,813.5,151.5,87.0,576.0,1110.0,159.39999999999998,85.15384615384619,641.0769230769231,889.9230769230769,118.53846153846155,112.0,286.0,910.0,222.0,105.19999999999993,2798.3,884.2,130.69999999999982,90.90000000000009,610.9,1791.3,123.5,112.14285714285711,2091.714285714286,380.14285714285717,87.14285714285688,90.0,447.3333333333333,671.3333333333334,136.00000000000006,37.40000000000009,243.8,956.8,42.19999999999999
615,89.36363636363637,2103.5454545454545,907.5454545454545,102.36363636363649,100.19999999999993,463.2,916.2,215.59999999999997,91.16666666666674,2744.0,814.4166666666666,149.25,88.0,570.5,1106.0,159.0,85.46153846153857,636.2307692307693,891.7692307692307,118.61538461538453,113.75,287.25,913.0,211.0,105.0,2797.75,884.5,130.25,89.59999999999991,600.6,1794.2,125.0,113.57142857142861,2091.8571428571427,381.57142857142856,87.5714285714289,89.66666666666663,446.44444444444446,672.4444444444445,134.0,38.0,229.0,965.0,44.0
616,90.09090909090912,2099.6363636363635,905.6363636363636,98.09090909090901,98.80000000000007,459.8,915.8,216.40000000000003,91.33333333333326,2743.0,815.3333333333334,147.0,89.0,565.0,1102.0,158.60000000000002,85.76923076923072,631.3846153846154,893.6153846153846,118.69230769230774,115.5,288.5,916.0,200.0,104.80000000000007,2797.2,884.8,129.80000000000018,88.30000000000018,590.3,1797.1,126.5,115.0,2092.0,383.0,88.0,89.33333333333337,445.55555555555554,673.5555555555555,132.0,37.5,221.0,973.0,43.5
617,90.81818181818176,2095.7272727272725,903.7272727272727,93.81818181818198,97.39999999999998,456.4,915.4,217.20000000000005,91.5,2742.0,816.25,144.75,90.0,559.5,1098.0,158.20000000000005,86.0769230769231,626.5384615384615,895.4615384615385,118.76923076923072,117.25,289.75,919.0,189.0,104.60000000000002,2796.65,885.1,129.3499999999999,87.0,580.0,1800.0,128.0,114.75,2092.0,382.75,89.5,89.0,444.6666666666667,674.6666666666666,129.99999999999994,37.0,213.0,981.0,43.0
618,91.5454545454545,2091.818181818182,901.8181818181819,89.5454545454545,96.0,453.0,915.0,218.0,91.66666666666674,2741.0,817.1666666666666,142.5,91.0,554.0,1094.0,157.79999999999995,86.38461538461547,621.6923076923077,897.3076923076923,118.84615384615381,119.0,291.0,922.0,178.0,104.39999999999998,2796.1,885.4,128.9000000000001,88.66666666666674,577.0,1799.0,119.0,114.5,2092.0,382.5,91.0,88.66666666666663,443.77777777777777,675.7777777777778,128.00000000000006,36.66666666666674,218.0,986.6666666666666,42.666666666666686
619,92.27272727272725,2087.909090909091,899.9090909090909,85.27272727272702,93.0,446.5,914.5,194.5,91.83333333333326,2740.0,818.0833333333334,140.25,92.0,548.5,1090.0,157.39999999999998,86.69230769230762,616.8461538461538,899.1538461538462,118.9230769230769,117.5,283.5,938.5,175.0,104.19999999999993,2795.55,885.7,128.44999999999982,90.33333333333326,574.0,1798.0,110.0,114.25,2092.0,382.25,92.5,88.33333333333326,442.8888888888889,676.8888888888889,126.0,36.33333333333337,223.0,992.3333333333334,42.333333333333314
620,93.0,2084.0,898.0,81.0,90.0,440.0,914.0,171.0,92.0,2739.0,819.0,138.0,93.0,543.0,1086.0,157.0,87.0,612.0,901.0,119.0,116.0,276.0,955.0,172.0,104.0,2795.0,886.0,128.0,92.0,571.0,1797.0,101.0,114.0,2092.0,382.0,94.0,88.0,442.0,678.0,124.0,36.0,228.0,998.0,42.0
621,94.20000000000005,2070.4,896.0,91.40000000000009,86.66666666666674,432.3333333333333,912.6666666666666,174.66666666666669,92.25,2737.625,819.125,137.0,92.33333333333348,538.6666666666666,1085.3333333333333,159.33333333333337,88.0,609.0,902.6666666666666,120.33333333333337,111.33333333333326,272.6666666666667,966.0,161.66666666666663,103.79999999999995,2794.942857142857,886.0,128.0857142857144,93.375,566.125,1797.625,106.25,114.0,2091.85,381.85,94.0,88.0,442.1,683.0,128.19999999999993,36.0,237.2,1004.8,41.60000000000002
622,95.39999999999998,2056.8,894.0,101.79999999999973,83.33333333333326,424.6666666666667,911.3333333333334,178.33333333333331,92.5,2736.25,819.25,136.0,91.66666666666652,534.3333333333334,1084.6666666666667,161.66666666666663,89.0,606.0,904.3333333333334,121.66666666666663,106.66666666666674,269.3333333333333,977.0,151.33333333333337,103.60000000000002,2794.885714285714,886.0,128.1714285714288,94.75,561.25,1798.25,111.5,114.0,2091.7,381.7,94.0,88.0,442.2,688.0,132.40000000000003,35.999999999999886,246.4,1011.6,41.20000000000002
623,96.60000000000002,2043.2,892.0,112.20000000000005,80.0,417.0,910.0,182.0,92.75,2734.875,819.375,135.0,91.0,530.0,1084.0,164.0,90.0,603.0,906.0,123.0,102.0,266.0,988.0,141.0,103.39999999999998,2794.8285714285716,886.0,128.25714285714275,96.125,556.375,1798.875,116.75,114.0,2091.55,381.55,94.0,88.0,442.3,693.0,136.59999999999997,36.000000000000114,255.6,1018.4,40.79999999999998
624,97.79999999999995,2029.6,890.0,122.59999999999991,80.0,403.0,912.0,188.0,93.0,2733.5,819.5,134.0,90.5,525.75,1083.375,159.5,91.0,600.0,907.6666666666666,124.33333333333337,102.66666666666663,255.33333333333334,991.6666666666666,147.33333333333334,103.20000000000005,2794.7714285714287,886.0,128.34285714285716,97.5,551.5,1799.5,122.0,114.0,2091.4,381.4,94.0,88.0,442.4,698.0,140.80000000000007,36.0,264.8,1025.2,40.39999999999998
625,99.0,2016.0,888.0,133.0,80.75,396.75,910.5,177.0,93.25,2732.125,819.625,133.0,90.0,521.5,1082.75,155.0,92.0,597.0,909.3333333333334,125.66666666666663,103.33333333333337,244.66666666666666,995.3333333333334,153.66666666666666,103.0,2794.714285714286,886.0,128.42857142857156,98.875,546.625,1800.125,127.25,114.0,2091.25,381.25,94.0,88.0,442.5,703.0,145.0,36.0,274.0,1032.0,40.0
626,98.0,2010.5,888.25,136.25,81.5,390.5,909.0,166.0,93.5,2730.75,819.75,132.0,89.5,517.25,1082.125,150.5,93.0,594.0,911.0,127.0,104.0,234.0,999.0,160.0,102.79999999999995,2794.657142857143,886.0,128.5142857142855,100.25,541.75,1800.75,132.5,114.0,2091.1,381.1,94.0,88.0,442.6,708.0,149.19999999999993,36.0,285.5,1039.5,40.0
627,97.0,2005.0,888.5,139.5,82.25,384.25,907.5,155.0,93.75,2729.375,819.875,131.0,89.0,513.0,1081.5,146.0,91.60000000000002,593.6,913.8,127.0,109.5,236.5,1005.5,157.5,102.60000000000002,2794.6,886.0,128.5999999999999,101.625,536.875,1801.375,137.75,114.0,2090.95,380.95,94.0,88.0,442.7,713.0,153.40000000000003,36.0,297.0,1047.0,40.0
628,96.0,1999.5,888.75,142.75,83.0,378.0,906.0,144.0,94.0,2728.0,820.0,130.0,88.5,508.75,1080.875,141.5,90.19999999999993,593.2,916.6,127.0,115.0,239.0,1012.0,155.0,102.39999999999998,2794.542857142857,886.0,128.6857142857143,103.0,532.0,1802.0,143.0,114.0,2090.8,380.8,94.0,88.0,442.8,718.0,157.59999999999997,36.0,302.3333333333333,1052.3333333333333,40.0
629,95.0,1994.0,889.0,146.0,89.83333333333326,371.0,902.8333333333334,149.16666666666663,94.33333333333337,2727.1666666666665,821.75,129.08333333333348,88.0,504.5,1080.25,137.0,88.80000000000007,592.8,919.4,127.0,115.08333333333326,238.33333333333334,1013.0,152.58333333333334,102.20000000000005,2794.4857142857145,886.0,128.77142857142826,102.5,530.8333333333334,1802.5833333333333,144.58333333333326,114.0,2090.65,380.65,94.0,88.0,442.9,723.0,161.80000000000007,36.0,307.6666666666667,1057.6666666666667,40.0
630,94.0,1988.4545454545455,889.1818181818181,144.18181818181802,96.66666666666674,364.0,899.6666666666666,154.33333333333337,94.66666666666663,2726.3333333333335,823.5,128.16666666666652,87.5,500.25,1079.625,132.5,87.39999999999998,592.4,922.2,127.0,115.16666666666674,237.66666666666666,1014.0,150.16666666666666,102.0,2794.4285714285716,886.0,128.85714285714266,102.0,529.6666666666666,1803.1666666666667,146.16666666666674,114.0,2090.5,380.5,94.0,88.0,443.0,728.0,166.0,36.0,313.0,1063.0,40.0
631,93.0,1982.909090909091,889.3636363636364,142.3636363636365,103.5,357.0,896.5,159.5,95.0,2725.5,825.25,127.25,87.0,496.0,1079.0,128.0,86.0,592.0,925.0,127.0,115.25,237.0,1015.0,147.75,101.79999999999995,2794.3714285714286,886.0,128.94285714285706,101.5,528.5,1803.75,147.75,114.0,2090.35,380.35,94.0,88.25,444.75,730.75,165.0,36.0,320.2,1069.6,40.0
632,92.0,1977.3636363636363,889.5454545454545,140.54545454545473,110.33333333333326,350.0,893.3333333333334,164.66666666666663,95.33333333333337,2724.6666666666665,827.0,126.33333333333348,88.25,484.5,1077.0,138.25,85.0,594.625,925.5,125.875,115.33333333333326,236.33333333333334,1016.0,145.33333333333334,101.60000000000002,2794.3142857142857,886.0,129.02857142857147,101.0,527.3333333333334,1804.3333333333333,149.33333333333326,114.0,2090.2,380.2,94.0,88.5,446.5,733.5,164.0,36.0,327.4,1076.2,40.0
633,91.0,1971.8181818181818,889.7272727272727,138.72727272727275,117.16666666666674,343.0,890.1666666666666,169.83333333333337,95.66666666666663,2723.8333333333335,828.75,125.41666666666652,89.5,473.0,1075.0,148.5,84.0,597.25,926.0,124.75,115.41666666666674,235.66666666666666,1017.0,142.91666666666666,101.39999999999998,2794.2571428571428,886.0,129.11428571428587,100.5,526.1666666666666,1804.9166666666667,150.91666666666674,114.0,2090.05,380.05,94.0,88.75,448.25,736.25,163.0,36.0,334.6,1082.8,40.0
634,90.0,1966.2727272727273,889.9090909090909,136.90909090909076,124.0,336.0,887.0,175.0,96.0,2723.0,830.5,124.5,90.75,461.5,1073.0,158.75,83.0,599.875,926.5,123.625,115.5,235.0,1018.0,140.5,101.20000000000005,2794.2,886.0,129.20000000000027,100.0,525.0,1805.5,152.5,114.0,2089.9,379.9,94.0,89.0,450.0,739.0,162.0,36.0,341.8,1089.4,40.0
635,89.0,1960.7272727272727,890.0909090909091,135.09090909090924,119.0,330.5,889.5,171.16666666666669,96.33333333333337,2722.1666666666665,832.25,123.58333333333348,92.0,450.0,1071.0,169.0,82.0,602.5,927.0,122.5,115.58333333333326,234.33333333333334,1019.0,138.08333333333334,101.0,2794.1428571428573,886.0,129.28571428571422,99.5,523.8333333333334,1806.0833333333333,154.08333333333326,114.0,2089.75,379.75,94.0,85.0,451.8333333333333,746.0,160.83333333333331,36.0,349.0,1096.0,40.0
636,88.0,1955.1818181818182,890.2727272727273,133.27272727272725,114.0,325.0,892.0,167.33333333333331,96.66666666666663,2721.3333333333335,834.0,122.66666666666652,93.19999999999982,443.2,1073.4,173.2,81.0,605.125,927.5,121.375,115.66666666666674,233.66666666666666,1020.0,135.66666666666666,100.79999999999995,2794.0857142857144,886.0,129.37142857142862,99.0,522.6666666666666,1806.6666666666667,155.66666666666674,114.0,2089.6,379.6,94.0,81.0,453.6666666666667,753.0,159.66666666666669,36.0,360.0,1102.4,40.0
637,87.0,1949.6363636363637,890.4545454545455,131.45454545454527,109.0,319.5,894.5,163.5,97.0,2720.5,835.75,121.75,94.40000000000009,436.4,1075.8,177.39999999999998,80.0,607.75,928.0,120.25,115.75,233.0,1021.0,133.25,100.60000000000002,2794.0285714285715,886.0,129.45714285714303,98.5,521.5,1807.25,157.25,114.0,2089.45,379.45,94.0,77.0,455.5,760.0,158.5,36.0,371.0,1108.8,40.0
638,86.0,1944.090909090909,890.6363636363636,129.6363636363635,104.0,314.0,897.0,159.66666666666669,97.33333333333337,2719.6666666666665,837.5,120.83333333333348,95.59999999999991,429.6,1078.2,181.60000000000002,79.0,610.375,928.5,119.125,115.83333333333326,232.33333333333334,1022.0,130.83333333333334,100.39999999999998,2793.9714285714285,886.0,129.54285714285697,98.0,520.3333333333334,1807.8333333333333,158.83333333333326,114.0,2089.3,379.3,94.0,73.0,457.3333333333333,767.0,157.33333333333331,36.0,382.0,1115.2,40.0
639,85.0,1938.5454545454545,890.8181818181819,127.81818181818198,99.0,308.5,899.5,155.83333333333331,97.66666666666663,2718.8333333333335,839.25,119.91666666666652,96.80000000000018,422.8,1080.6,185.8,78.0,613.0,929.0,118.0,115.91666666666674,231.66666666666666,1023.0,128.41666666666666,100.20000000000005,2793.9142857142856,886.0,129.62857142857138,97.5,519.1666666666666,1808.4166666666667,160.41666666666674,114.0,2089.15,379.15,94.0,69.0,459.1666666666667,774.0,156.16666666666669,36.0,393.0,1121.6,40.0
640,84.0,1933.0,891.0,126.0,94.0,303.0,902.0,152.0,98.0,2718.0,841.0,119.0,98.0,416.0,1083.0,190.0,74.0,629.0,938.0,128.0,116.0,231.0,1024.0,126.0,100.0,2793.8571428571427,886.0,129.71428571428578,97.0,518.0,1809.0,162.0,114.0,2089.0,379.0,94.0,65.0,461.0,781.0,155.0,36.0,404.0,1128.0,40.0
641,84.66666666666663,1928.0,889.3333333333334,129.66666666666652,96.25,300.25,900.75,155.25,97.5,2716.6666666666665,844.1666666666666,119.66666666666697,98.75,419.0,1083.875,187.375,75.0,635.0,939.6666666666666,129.66666666666663,119.85714285714289,228.71428571428572,1023.8571428571429,126.42857142857144,99.79999999999995,2793.8,886.0,129.79999999999973,96.85714285714289,519.8571428571429,1809.857142857143,160.28571428571422,112.5,2088.8333333333335,379.3333333333333,94.5,77.0,462.5,781.75,154.75,36.0,418.5,1132.5,39.5
642,85.33333333333337,1923.0,887.6666666666666,133.33333333333348,98.5,297.5,899.5,158.5,97.0,2715.3333333333335,847.3333333333334,120.33333333333303,99.5,422.0,1084.75,184.75,76.0,641.0,941.3333333333334,131.33333333333337,123.71428571428567,226.42857142857142,1023.7142857142857,126.85714285714286,99.60000000000002,2793.7428571428572,886.0,129.88571428571413,96.71428571428555,521.7142857142857,1810.7142857142858,158.57142857142867,111.0,2088.6666666666665,379.6666666666667,95.0,89.0,464.0,782.5,154.5,36.0,433.0,1137.0,39.0
643,86.0,1918.0,886.0,137.0,100.75,294.75,898.25,161.75,96.5,2714.0,850.5,121.0,100.25,425.0,1085.625,182.125,77.0,647.0,943.0,133.0,127.57142857142856,224.14285714285714,1023.5714285714286,127.2857142857143,99.39999999999998,2793.6857142857143,886.0,129.97142857142853,96.57142857142844,523.5714285714286,1811.5714285714287,156.8571428571429,109.5,2088.5,380.0,95.5,101.0,465.5,783.25,154.25,35.5,440.0,1143.0,38.0
644,86.66666666666663,1913.1666666666667,884.5,134.41666666666652,103.0,292.0,897.0,165.0,96.0,2712.6666666666665,853.6666666666666,121.66666666666697,101.0,428.0,1086.5,179.5,75.60000000000002,654.4,942.8,128.0,131.42857142857144,221.85714285714286,1023.4285714285714,127.7142857142857,99.20000000000005,2793.6285714285714,886.0,130.05714285714294,96.42857142857156,525.4285714285714,1812.4285714285713,155.1428571428571,108.0,2088.3333333333335,380.3333333333333,96.0,113.0,467.0,784.0,154.0,35.0,447.0,1149.0,37.0
645,87.33333333333337,1908.3333333333333,883.0,131.83333333333348,104.0,288.85714285714283,898.4285714285714,165.71428571428572,95.5,2711.3333333333335,856.8333333333334,122.33333333333303,101.75,431.0,1087.375,176.875,74.19999999999993,661.8,942.6,123.0,135.28571428571433,219.57142857142858,1023.2857142857143,128.14285714285714,99.0,2793.5714285714284,886.0,130.14285714285734,96.28571428571445,527.2857142857143,1813.2857142857142,153.42857142857133,106.5,2088.1666666666665,380.6666666666667,96.5,113.25,467.0,786.0,152.5,35.0,451.0,1151.0,36.0
646,88.0,1903.5,881.5,129.25,105.0,285.7142857142857,899.8571428571429,166.42857142857144,95.0,2710.0,860.0,123.0,102.5,434.0,1088.25,174.25,72.80000000000007,669.2,942.4,118.0,139.1428571428571,217.28571428571428,1023.1428571428571,128.57142857142856,98.79999999999995,2793.5142857142855,886.0,130.22857142857174,96.14285714285711,529.1428571428571,1814.142857142857,151.71428571428578,105.0,2088.0,381.0,97.0,113.5,467.0,788.0,151.0,35.0,454.6,1152.2,36.0
647,88.66666666666663,1898.6666666666667,880.0,126.66666666666652,106.0,282.57142857142856,901.2857142857143,167.14285714285717,95.375,2704.25,864.125,125.625,103.25,437.0,1089.125,171.625,71.39999999999998,676.6,942.2,113.0,143.0,215.0,1023.0,129.0,98.60000000000002,2793.457142857143,886.0,130.3142857142857,96.0,531.0,1815.0,150.0,105.33333333333337,2088.5,381.3333333333333,97.33333333333348,113.75,467.0,790.0,149.5,35.0,458.2,1153.4,36.0
648,89.33333333333337,1893.8333333333333,878.5,124.08333333333348,107.0,279.42857142857144,902.7142857142857,167.85714285714283,95.75,2698.5,868.25,128.25,104.0,440.0,1090.0,169.0,70.0,684.0,942.0,108.0,136.22222222222217,212.88888888888889,1030.7777777777778,130.00000000000003,98.39999999999998,2793.4,886.0,130.4000000000001,96.0,533.6,1815.2,148.60000000000002,105.66666666666663,2089.0,381.6666666666667,97.66666666666652,114.0,467.0,792.0,148.0,35.0,461.8,1154.6,36.0
649,90.0,1889.0,877.0,121.5,108.0,276.2857142857143,904.1428571428571,168.57142857142856,96.125,2692.75,872.375,130.875,104.83333333333326,442.75,1093.25,166.33333333333337,82.0,701.5,944.5,105.0,129.44444444444434,210.77777777777777,1038.5555555555557,131.0,98.20000000000005,2793.342857142857,886.0,130.4857142857145,96.0,536.2,1815.4,147.19999999999993,106.0,2089.5,382.0,98.0,112.0,468.6666666666667,797.8333333333334,149.83333333333331,35.0,465.4,1155.8,36.0
650,90.66666666666663,1884.1666666666667,875.5,118.91666666666652,109.0,273.14285714285717,905.5714285714286,169.28571428571428,96.5,2687.0,876.5,133.5,105.66666666666674,445.5,1096.5,163.66666666666663,94.0,719.0,947.0,102.0,122.66666666666674,208.66666666666666,1046.3333333333333,132.00000000000003,98.0,2793.285714285714,886.0,130.57142857142844,96.0,538.8,1815.6,145.80000000000007,106.33333333333337,2090.0,382.3333333333333,98.33333333333348,110.0,470.3333333333333,803.6666666666666,151.66666666666669,35.0,469.0,1157.0,36.0
651,91.33333333333337,1879.3333333333333,874.0,116.33333333333348,110.0,270.0,907.0,170.0,96.875,2681.25,880.625,136.125,106.5,448.25,1099.75,161.0,93.66666666666663,728.3333333333334,948.3333333333334,115.33333333333326,115.88888888888891,206.55555555555554,1054.111111111111,133.0,97.79999999999995,2793.2285714285713,886.0,130.65714285714284,96.0,541.4,1815.8,144.39999999999998,106.66666666666663,2090.5,382.6666666666667,98.66666666666652,108.0,472.0,809.5,153.5,35.0,475.2,1157.0,36.0
652,92.0,1874.5,872.5,113.75,105.44444444444446,267.77777777777777,911.5555555555555,170.22222222222223,97.25,2675.5,884.75,138.75,107.33333333333326,451.0,1103.0,158.33333333333337,93.33333333333337,737.6666666666666,949.6666666666666,128.66666666666674,109.11111111111109,204.44444444444446,1061.888888888889,134.0,97.60000000000002,2793.1714285714284,886.0,130.74285714285725,96.0,544.0,1816.0,143.0,107.0,2091.0,383.0,99.0,106.0,473.6666666666667,815.3333333333334,155.33333333333331,35.0,481.4,1157.0,36.0
653,92.66666666666663,1869.6666666666667,871.0,111.16666666666652,100.88888888888891,265.55555555555554,916.1111111111111,170.44444444444446,97.625,2669.75,888.875,141.375,108.16666666666674,453.75,1106.25,155.66666666666663,93.0,747.0,951.0,142.0,102.33333333333326,202.33333333333334,1069.6666666666667,134.99999999999997,97.39999999999998,2793.114285714286,886.0,130.8285714285712,98.375,548.25,1810.25,143.875,103.0,2091.875,387.125,99.5,104.0,475.3333333333333,821.1666666666666,157.16666666666669,35.0,487.6,1157.0,36.0
654,93.33333333333337,1864.8333333333333,869.5,108.58333333333348,96.33333333333337,263.3333333333333,920.6666666666666,170.66666666666669,98.0,2664.0,893.0,144.0,109.0,456.5,1109.5,153.0,88.33333333333326,760.6666666666666,952.0,148.66666666666674,95.55555555555566,200.22222222222223,1077.4444444444443,136.0,97.20000000000005,2793.057142857143,886.0,130.9142857142856,100.75,552.5,1804.5,144.75,99.0,2092.75,391.25,100.0,102.0,477.0,827.0,159.0,35.0,493.8,1157.0,35.99999999999994
655,94.0,1860.0,868.0,106.0,91.77777777777783,261.1111111111111,925.2222222222222,170.8888888888889,96.66666666666663,2663.1666666666665,895.5,141.83333333333348,109.83333333333326,459.25,1112.75,150.33333333333337,83.66666666666674,774.3333333333334,953.0,155.33333333333326,88.77777777777783,198.11111111111111,1085.2222222222222,136.99999999999997,97.0,2793.0,886.0,131.0,103.125,556.75,1798.75,145.625,95.0,2093.625,395.375,100.5,100.0,478.6666666666667,832.8333333333334,160.83333333333331,35.0,500.0,1157.0,36.0
656,94.60000000000002,1858.2,866.4,104.79999999999995,87.22222222222217,258.8888888888889,929.7777777777778,171.1111111111111,95.33333333333337,2662.3333333333335,898.0,139.66666666666652,110.66666666666674,462.0,1116.0,147.66666666666663,79.0,788.0,954.0,162.0,82.0,196.0,1093.0,138.0,96.78571428571422,2792.6428571428573,886.8571428571429,131.07142857142844,105.5,561.0,1793.0,146.5,91.0,2094.5,399.5,101.0,98.0,480.3333333333333,838.6666666666666,162.66666666666669,35.0,509.3333333333333,1159.6666666666667,35.333333333333314
657,95.20000000000005,1856.4,864.8,103.59999999999991,82.66666666666663,256.6666666666667,934.3333333333334,171.33333333333331,94.0,2661.5,900.5,137.5,111.5,464.75,1119.25,145.0,82.5,803.0,957.25,161.75,90.0,196.0,1093.0,139.0,96.57142857142867,2792.285714285714,887.7142857142857,131.14285714285734,107.875,565.25,1787.25,147.375,87.0,2095.375,403.625,101.5,96.0,482.0,844.5,164.5,35.0,518.6666666666666,1162.3333333333333,34.66666666666674
658,95.79999999999995,1854.6,863.2,102.40000000000009,78.11111111111109,254.44444444444446,938.8888888888889,171.55555555555554,92.66666666666663,2660.6666666666665,903.0,135.33333333333348,112.33333333333326,467.5,1122.5,142.33333333333337,86.0,818.0,960.5,161.5,98.0,196.0,1093.0,140.0,96.35714285714289,2791.9285714285716,888.5714285714286,131.21428571428578,110.25,569.5,1781.5,148.25,83.0,2096.25,407.75,102.0,94.0,483.6666666666667,850.3333333333334,166.33333333333331,35.0,528.0,1165.0,34.0
659,96.39999999999998,1852.8,861.6,101.20000000000005,73.55555555555554,252.22222222222223,943.4444444444445,171.77777777777777,91.33333333333337,2659.8333333333335,905.5,133.16666666666652,113.16666666666674,470.25,1125.75,139.66666666666663,89.5,833.0,963.75,161.25,90.5,196.0,1098.5,141.0,96.14285714285711,2791.5714285714284,889.4285714285714,131.28571428571422,112.625,573.75,1775.75,149.125,79.0,2097.125,411.875,102.5,92.0,485.3333333333333,856.1666666666666,168.16666666666669,34.5,536.5,1173.0,34.0
660,97.0,1851.0,860.0,100.0,69.0,250.0,948.0,172.0,90.0,2659.0,908.0,131.0,114.0,473.0,1129.0,137.0,93.0,848.0,967.0,161.0,83.0,196.0,1104.0,142.0,95.92857142857133,2791.214285714286,890.2857142857143,131.35714285714266,115.0,578.0,1770.0,150.0,75.0,2098.0,416.0,103.0,90.0,487.0,862.0,170.0,34.0,545.0,1181.0,34.0
661,99.66666666666663,1853.6666666666667,856.3333333333334,102.16666666666652,70.71428571428567,250.28571428571428,949.2857142857143,172.0,92.31578947368428,2655.842105263158,911.1578947368421,131.2105263157896,120.5,477.5,1130.0,131.0,91.80000000000007,858.0,967.4,164.0,80.0,196.75,1111.25,143.75,95.71428571428578,2790.8571428571427,891.1428571428571,131.42857142857156,115.35000000000014,583.7,1768.85,150.5999999999999,79.0,2104.3333333333335,417.8333333333333,101.16666666666652,91.89999999999998,489.75,864.35,168.39999999999998,33.666666666666515,549.3333333333334,1190.6666666666667,33.33333333333326
662,102.33333333333337,1856.3333333333333,852.6666666666666,104.33333333333348,72.42857142857144,250.57142857142858,950.5714285714286,171.99999999999997,94.63157894736844,2652.684210526316,914.3157894736842,131.42105263157873,127.0,482.0,1131.0,125.0,90.60000000000014,868.0,967.8,167.0,77.0,197.5,1118.5,145.5,95.5,2790.5,892.0,131.5,115.70000000000005,589.4,1767.7,151.20000000000005,83.0,2110.6666666666665,419.6666666666667,99.33333333333348,93.79999999999995,492.5,866.7,166.79999999999995,33.333333333333485,553.6666666666666,1200.3333333333333,32.66666666666674
663,105.0,1859.0,849.0,106.5,74.14285714285711,250.85714285714286,951.8571428571429,171.99999999999997,96.9473684210526,2649.5263157894738,917.4736842105264,131.63157894736833,127.5,489.0,1129.5,116.5,89.39999999999986,878.0,968.2,170.0,74.0,198.25,1125.75,147.25,95.28571428571422,2790.1428571428573,892.8571428571429,131.57142857142844,116.04999999999995,595.1,1766.55,151.79999999999995,87.0,2117.0,421.5,97.5,95.70000000000005,495.25,869.05,165.20000000000005,33.0,558.0,1210.0,32.0
664,107.66666666666663,1861.6666666666667,845.3333333333334,108.66666666666652,75.85714285714289,251.14285714285714,953.1428571428571,172.00000000000003,99.26315789473676,2646.3684210526317,920.6315789473684,131.84210526315792,128.0,496.0,1128.0,108.0,88.19999999999993,888.0,968.6,173.0,71.0,199.0,1133.0,149.0,95.07142857142867,2789.785714285714,893.7142857142857,131.64285714285734,116.39999999999986,600.8,1765.4,152.4000000000001,91.00000000000006,2123.3333333333335,423.3333333333333,95.66666666666652,97.60000000000002,498.0,871.4,163.60000000000002,32.5,561.0,1218.5,31.0
665,110.33333333333337,1864.3333333333333,841.6666666666666,110.83333333333348,77.57142857142856,251.42857142857142,954.4285714285714,172.00000000000003,101.57894736842115,2643.2105263157896,923.7894736842105,132.05263157894706,130.5,503.5,1127.0,108.0,87.0,898.0,969.0,176.0,73.5,202.75,1134.5,155.0,94.85714285714289,2789.4285714285716,894.5714285714286,131.71428571428578,116.75,606.5,1764.25,153.0,94.99999999999994,2129.6666666666665,425.1666666666667,93.83333333333348,99.5,500.75,873.75,162.0,32.0,564.0,1227.0,30.0
666,113.0,1867.0,838.0,113.0,79.28571428571433,251.71428571428572,955.7142857142857,172.0,103.89473684210532,2640.0526315789475,926.9473684210526,132.26315789473665,133.0,511.0,1126.0,108.0,86.5,908.5,971.0,174.0,76.0,206.5,1136.0,161.0,94.64285714285711,2789.0714285714284,895.4285714285714,131.78571428571422,117.10000000000014,612.2,1763.1,153.5999999999999,99.0,2136.0,427.0,92.0,101.39999999999998,503.5,876.1,160.39999999999998,31.5,574.0,1234.5,31.5
667,111.14285714285711,1870.7142857142858,835.7857142857143,116.07142857142844,81.0,252.0,957.0,172.0,106.21052631578948,2636.8947368421054,930.1052631578947,132.47368421052624,129.5,521.5,1141.5,106.5,86.0,919.0,973.0,172.0,78.5,210.25,1137.5,167.0,94.42857142857133,2788.714285714286,896.2857142857143,131.85714285714266,117.45000000000005,617.9,1761.95,154.20000000000005,104.0,2138.3333333333335,434.0,94.0,103.29999999999995,506.25,878.45,158.79999999999995,31.0,584.0,1242.0,33.0
668,109.28571428571433,1874.4285714285713,833.5714285714286,119.14285714285734,82.76923076923083,254.46153846153845,958.3076923076923,171.9230769230769,108.52631578947353,2633.7368421052633,933.2631578947369,132.68421052631538,126.0,532.0,1157.0,105.0,89.28571428571422,938.1428571428571,974.1428571428571,165.57142857142867,81.0,214.0,1139.0,173.0,94.21428571428578,2788.3571428571427,897.1428571428571,131.92857142857156,117.79999999999995,623.6,1760.8,154.79999999999995,109.0,2140.6666666666665,441.0,96.0,105.20000000000005,509.0,880.8,157.20000000000005,31.333333333333258,600.0,1249.0,32.0
669,107.42857142857144,1878.142857142857,831.3571428571429,122.21428571428578,84.53846153846155,256.9230769230769,959.6153846153846,171.84615384615387,110.84210526315792,2630.5789473684213,936.421052631579,132.89473684210498,117.33333333333326,540.6666666666666,1171.0,107.33333333333337,92.57142857142856,957.2857142857143,975.2857142857143,159.142857142857,85.0,221.0,1142.0,170.0,94.0,2788.0,898.0,132.0,118.14999999999986,629.3,1759.65,155.4000000000001,114.0,2143.0,448.0,98.0,107.10000000000002,511.75,883.15,155.60000000000002,31.666666666666742,616.0,1256.0,31.0
670,105.57142857142856,1881.857142857143,829.1428571428571,125.28571428571422,86.30769230769238,259.38461538461536,960.9230769230769,171.76923076923077,113.15789473684208,2627.4210526315787,939.578947368421,133.10526315789502,108.66666666666674,549.3333333333334,1185.0,109.66666666666663,95.85714285714278,976.4285714285714,976.4285714285714,152.71428571428567,90.0,227.33333333333334,1142.3333333333333,166.66666666666666,93.78571428571422,2787.6428571428573,898.8571428571429,132.07142857142844,118.5,635.0,1758.5,156.0,112.5,2145.25,451.75,103.25,109.0,514.5,885.5,154.0,32.0,632.0,1263.0,30.0
671,103.71428571428567,1885.5714285714287,826.9285714285714,128.35714285714266,88.0769230769231,261.84615384615387,962.2307692307693,171.69230769230768,115.47368421052647,2624.2631578947367,942.7368421052631,133.31578947368462,100.0,558.0,1199.0,112.0,99.14285714285722,995.5714285714286,977.5714285714286,146.28571428571433,95.0,233.66666666666666,1142.6666666666667,163.33333333333334,93.57142857142867,2787.285714285714,899.7142857142857,132.14285714285734,118.85000000000014,640.7,1757.35,156.5999999999999,111.0,2147.5,455.5,108.5,110.89999999999998,517.25,887.85,152.39999999999998,31.666666666666742,648.0,1270.3333333333333,30.66666666666663
672,101.85714285714289,1889.2857142857142,824.7142857142857,131.42857142857156,89.84615384615392,264.3076923076923,963.5384615384615,171.61538461538458,117.78947368421063,2621.1052631578946,945.8947368421052,133.52631578947376,97.0,559.5,1202.5,114.0,102.42857142857144,1014.7142857142858,978.7142857142857,139.8571428571429,100.0,240.0,1143.0,160.0,93.35714285714289,2786.9285714285716,900.5714285714286,132.21428571428578,119.20000000000005,646.4,1756.2,157.20000000000005,109.5,2149.75,459.25,113.75,112.79999999999995,520.0,890.2,150.79999999999995,31.333333333333258,664.0,1277.6666666666667,31.33333333333337
673,100.0,1893.0,822.5,134.5,91.61538461538476,266.7692307692308,964.8461538461538,171.53846153846155,120.10526315789468,2617.9473684210525,949.0526315789474,133.73684210526335,94.0,561.0,1206.0,116.0,105.71428571428578,1033.857142857143,979.8571428571429,133.42857142857133,97.16666666666674,245.5,1146.5,154.0,93.14285714285711,2786.5714285714284,901.4285714285714,132.28571428571422,119.54999999999995,652.1,1755.05,157.79999999999995,108.0,2152.0,463.0,119.0,114.70000000000005,522.75,892.55,149.20000000000005,31.0,680.0,1285.0,32.0
674,98.14285714285711,1896.7142857142858,820.2857142857143,137.57142857142844,93.38461538461524,269.2307692307692,966.1538461538462,171.46153846153845,122.42105263157885,2614.7894736842104,952.2105263157895,133.94736842105294,96.5,568.0,1213.5,123.0,109.0,1053.0,981.0,127.0,94.33333333333326,251.0,1150.0,148.0,92.92857142857133,2786.214285714286,902.2857142857143,132.35714285714266,119.89999999999986,657.8,1753.9,158.4000000000001,108.28571428571433,2158.1428571428573,472.57142857142856,120.28571428571422,116.60000000000002,525.5,894.9,147.60000000000002,31.5,674.0,1288.5,31.0
675,96.28571428571433,1900.4285714285713,818.0714285714286,140.64285714285734,95.15384615384608,271.6923076923077,967.4615384615385,171.38461538461542,124.73684210526324,2611.6315789473683,955.3684210526316,134.15789473684208,99.0,575.0,1221.0,130.0,104.33333333333326,1068.3333333333333,985.5,130.5,91.5,256.5,1153.5,142.0,92.71428571428578,2785.8571428571427,903.1428571428571,132.42857142857156,120.25,663.5,1752.75,159.0,108.5714285714285,2164.285714285714,482.14285714285717,121.57142857142844,118.5,528.25,897.25,146.0,32.0,668.0,1292.0,30.0
676,94.42857142857144,1904.142857142857,815.8571428571429,143.71428571428578,96.9230769230769,274.15384615384613,968.7692307692307,171.30769230769232,127.0526315789474,2608.4736842105262,958.5263157894736,134.36842105263167,100.5,591.0,1226.5,117.0,99.66666666666674,1083.6666666666667,990.0,134.0,88.66666666666674,262.0,1157.0,136.0,92.5,2785.5,904.0,132.5,120.60000000000014,669.2,1751.6,159.5999999999999,108.85714285714283,2170.4285714285716,491.7142857142857,122.85714285714266,120.39999999999998,531.0,899.6,144.39999999999998,31.5,668.0,1298.0,33.0
677,92.57142857142856,1907.857142857143,813.6428571428571,146.78571428571445,98.69230769230762,276.61538461538464,970.0769230769231,171.23076923076923,129.36842105263145,2605.315789473684,961.6842105263158,134.57894736842127,102.0,607.0,1232.0,104.0,95.0,1099.0,994.5,137.5,85.83333333333326,267.5,1160.5,130.0,92.28571428571422,2785.1428571428573,904.8571428571429,132.57142857142844,120.95000000000005,674.9,1750.45,160.20000000000005,109.14285714285717,2176.5714285714284,501.2857142857143,124.14285714285734,122.29999999999995,533.75,901.95,142.79999999999995,31.0,668.0,1304.0,36.0
678,90.71428571428567,1911.5714285714287,811.4285714285714,149.8571428571429,100.46153846153845,279.0769230769231,971.3846153846154,171.15384615384613,131.68421052631584,2602.157894736842,964.8421052631579,134.7894736842104,100.33333333333326,623.3333333333334,1237.6666666666667,107.0,90.33333333333326,1114.3333333333333,999.0,141.0,83.0,273.0,1164.0,124.0,92.07142857142867,2784.785714285714,905.7142857142857,132.64285714285734,121.29999999999995,680.6,1749.3,160.79999999999995,109.42857142857144,2182.714285714286,510.8571428571429,125.42857142857156,124.20000000000005,536.5,904.3,141.20000000000005,31.0,672.6666666666666,1306.6666666666667,34.66666666666674
679,88.85714285714289,1915.2857142857142,809.2142857142857,152.92857142857156,102.23076923076917,281.53846153846155,972.6923076923077,171.0769230769231,134.0,2599.0,968.0,135.0,98.66666666666674,639.6666666666666,1243.3333333333333,110.0,85.66666666666674,1129.6666666666667,1003.5,144.5,83.0,283.0,1170.5,129.5,91.85714285714289,2784.4285714285716,906.5714285714286,132.71428571428578,121.64999999999986,686.3,1748.15,161.4000000000001,109.71428571428567,2188.8571428571427,520.4285714285714,126.71428571428578,126.10000000000002,539.25,906.65,139.60000000000002,31.0,677.3333333333334,1309.3333333333333,33.33333333333326
680,87.0,1919.0,807.0,156.0,104.0,284.0,974.0,171.0,143.0,2596.0,971.0,135.0,97.0,656.0,1249.0,113.0,81.0,1145.0,1008.0,148.0,83.0,293.0,1177.0,135.0,91.64285714285711,2784.0714285714284,907.4285714285714,132.78571428571422,122.0,692.0,1747.0,162.0,110.0,2195.0,530.0,128.0,128.0,542.0,909.0,138.0,31.0,682.0,1312.0,32.0
681,86.375,1927.25,804.3125,156.375,103.99999999999989,285.6666666666667,973.3333333333334,171.0,144.79999999999995,2593.0,979.2,132.19999999999982,99.0,660.0,1252.0,138.0,79.875,1160.875,1011.5,148.0,82.66666666666652,303.0,1179.6666666666667,141.33333333333331,91.42857142857133,2783.714285714286,908.2857142857143,132.85714285714266,120.85714285714289,698.1428571428571,1746.7857142857142,161.8571428571429,109.66666666666663,2205.0,539.7777777777778,126.22222222222217,125.5,542.6428571428571,913.0,140.8571428571429,31.0,711.6,1314.8,32.799999999999955
682,85.75,1935.5,801.625,156.75,104.00000000000011,287.3333333333333,972.6666666666666,171.0,146.60000000000002,2590.0,987.4,129.4000000000001,98.5,669.5,1258.5,147.0,78.75,1176.75,1015.0,148.0,82.33333333333348,313.0,1182.3333333333333,147.66666666666669,91.21428571428578,2783.3571428571427,909.1428571428571,132.92857142857156,119.71428571428555,704.2857142857143,1746.5714285714287,161.71428571428567,109.33333333333337,2215.0,549.5555555555555,124.44444444444434,123.0,543.2857142857143,917.0,143.71428571428567,31.0,741.2,1317.6,33.59999999999991
683,85.125,1943.75,798.9375,157.125,104.0,289.0,972.0,171.0,148.39999999999998,2587.0,995.6,126.59999999999991,98.0,679.0,1265.0,156.0,77.625,1192.625,1018.5,148.0,82.0,323.0,1185.0,154.0,91.0,2783.0,910.0,133.0,118.57142857142844,710.4285714285714,1746.357142857143,161.57142857142856,109.0,2225.0,559.3333333333334,122.66666666666652,120.5,543.9285714285714,921.0,146.57142857142856,31.0,770.8,1320.4,34.40000000000009
684,84.5,1952.0,796.25,157.5,103.16666666666674,292.3333333333333,976.0,167.83333333333337,150.20000000000005,2584.0,1003.8,123.80000000000018,92.0,703.3333333333334,1268.6666666666667,150.0,76.5,1208.5,1022.0,148.0,82.25,331.25,1185.75,151.0,90.7058823529411,2783.3529411764707,910.8235294117648,135.29411764705856,117.42857142857156,716.5714285714286,1746.142857142857,161.42857142857144,108.66666666666674,2235.0,569.1111111111111,120.88888888888869,118.0,544.5714285714286,925.0,149.42857142857144,31.0,800.4,1323.2,35.200000000000045
685,83.875,1960.25,793.5625,157.875,102.33333333333326,295.6666666666667,980.0,164.66666666666663,152.0,2581.0,1012.0,121.0,86.0,727.6666666666666,1272.3333333333333,144.0,75.375,1224.375,1025.5,148.0,82.5,339.5,1186.5,148.0,90.41176470588232,2783.705882352941,911.6470588235294,137.58823529411802,116.28571428571445,722.7142857142857,1745.9285714285713,161.28571428571433,108.33333333333326,2245.0,578.8888888888889,119.11111111111131,115.5,545.2142857142857,929.0,152.28571428571433,31.0,830.0,1326.0,36.0
686,83.25,1968.5,790.875,158.25,101.5,299.0,984.0,161.5,159.0,2580.0,1014.5,122.0,80.0,752.0,1276.0,138.0,74.25,1240.25,1029.0,148.0,82.75,347.75,1187.25,145.0,90.11764705882354,2784.0588235294117,912.4705882352941,139.88235294117658,115.14285714285711,728.8571428571429,1745.7142857142858,161.1428571428571,108.0,2255.0,588.6666666666666,117.33333333333348,113.0,545.8571428571429,933.0,155.1428571428571,31.0,860.4,1317.8,36.0
687,82.625,1976.75,788.1875,158.625,100.66666666666674,302.3333333333333,988.0,158.33333333333337,166.0,2579.0,1017.0,123.0,78.60000000000014,762.0,1279.8,143.79999999999995,73.125,1256.125,1032.5,148.0,83.0,356.0,1188.0,142.0,89.82352941176475,2784.4117647058824,913.2941176470588,142.17647058823513,114.0,735.0,1745.5,161.0,107.66666666666663,2265.0,598.4444444444445,115.55555555555566,110.5,546.5,937.0,158.0,31.0,890.8,1309.6,36.0
688,82.0,1985.0,785.5,159.0,99.83333333333326,305.6666666666667,992.0,155.16666666666663,164.0,2578.0,1028.25,124.0,77.20000000000005,772.0,1283.6,149.60000000000002,72.0,1272.0,1036.0,148.0,82.44444444444457,366.55555555555554,1189.4444444444443,143.0,89.52941176470586,2784.764705882353,914.1176470588235,144.4705882352937,112.85714285714289,741.1428571428571,1745.2857142857142,160.8571428571429,107.33333333333337,2275.0,608.2222222222222,113.77777777777783,108.0,547.1428571428571,941.0,160.8571428571429,31.0,921.2,1301.4,36.0
689,81.375,1993.25,782.8125,159.375,99.0,309.0,996.0,152.0,162.0,2577.0,1039.5,125.0,75.79999999999995,782.0,1287.4,155.39999999999998,79.33333333333326,1292.1666666666667,1035.0,140.83333333333326,81.88888888888891,377.1111111111111,1190.888888888889,144.0,89.23529411764696,2785.1176470588234,914.9411764705883,146.76470588235316,111.71428571428555,747.2857142857143,1745.0714285714287,160.71428571428567,107.0,2285.0,618.0,112.0,105.5,547.7857142857143,945.0,163.71428571428567,31.0,951.6,1293.2,36.0
690,80.75,2001.5,780.125,159.75,98.99999999999989,311.0,1001.8333333333334,156.0,160.0,2576.0,1050.75,126.0,74.39999999999986,792.0,1291.2,161.20000000000005,86.66666666666674,1312.3333333333333,1034.0,133.66666666666674,81.33333333333348,387.6666666666667,1192.3333333333333,144.99999999999994,88.94117647058829,2785.470588235294,915.7647058823529,149.0588235294117,110.57142857142844,753.4285714285714,1744.857142857143,160.57142857142856,113.33333333333337,2291.0,624.6666666666666,113.33333333333348,103.0,548.4285714285714,949.0,166.57142857142856,31.0,982.0,1285.0,36.0
691,80.125,2009.75,777.4375,160.125,99.00000000000011,313.0,1007.6666666666666,160.0,158.0,2575.0,1062.0,127.0,73.0,802.0,1295.0,167.0,94.0,1332.5,1033.0,126.5,80.77777777777783,398.22222222222223,1193.7777777777778,145.99999999999994,88.64705882352939,2785.823529411765,916.5882352941177,151.35294117647027,109.42857142857156,759.5714285714286,1744.642857142857,160.42857142857144,119.66666666666663,2297.0,631.3333333333334,114.66666666666652,100.5,549.0714285714286,953.0,169.42857142857144,31.0,1014.6,1275.8,35.999999999999886
692,79.5,2018.0,774.75,160.5,99.0,315.0,1013.5,164.0,150.0,2574.0,1079.5,128.0,74.66666666666674,822.0,1299.3333333333333,159.33333333333337,101.33333333333326,1352.6666666666667,1032.0,119.33333333333326,80.22222222222217,408.77777777777777,1195.2222222222222,147.00000000000006,88.35294117647061,2786.176470588235,917.4117647058823,153.64705882352973,108.28571428571445,765.7142857142857,1744.4285714285713,160.28571428571433,126.0,2303.0,638.0,116.0,98.0,549.7142857142857,957.0,172.28571428571433,31.0,1047.2,1266.6,36.0
693,78.875,2026.25,772.0625,160.875,98.99999999999989,317.0,1019.3333333333334,168.0,142.0,2573.0,1097.0,129.0,76.33333333333326,842.0,1303.6666666666667,151.66666666666663,108.66666666666674,1372.8333333333333,1031.0,112.16666666666674,79.66666666666652,419.3333333333333,1196.6666666666667,148.00000000000006,88.05882352941171,2786.529411764706,918.2352941176471,155.9411764705883,107.14285714285711,771.8571428571429,1744.2142857142858,160.1428571428571,118.5,2316.0,649.0,112.0,95.5,550.3571428571429,961.0,175.1428571428571,31.0,1079.8,1257.4,36.0
694,78.25,2034.5,769.375,161.25,99.0,319.0,1025.1666666666667,172.0,144.1428571428571,2574.0,1101.142857142857,129.85714285714266,78.0,862.0,1308.0,144.0,116.0,1393.0,1030.0,105.0,79.11111111111109,429.8888888888889,1198.111111111111,149.0,87.76470588235304,2786.8823529411766,919.0588235294117,158.23529411764684,106.0,778.0,1744.0,160.0,111.0,2329.0,660.0,108.0,93.0,551.0,965.0,178.0,31.0,1112.4,1248.2,36.0
695,77.625,2042.75,766.6875,161.625,99.0,321.0,1031.0,176.0,146.28571428571445,2575.0,1105.2857142857142,130.71428571428578,77.5,892.0,1312.5,119.0,116.33333333333326,1403.0,1034.6666666666667,123.33333333333326,78.55555555555543,440.44444444444446,1199.5555555555557,150.0,87.47058823529414,2787.235294117647,919.8823529411765,160.5294117647063,105.5,784.1666666666666,1743.1666666666667,155.16666666666674,106.83333333333326,2334.5,669.8333333333334,112.5,92.66666666666663,552.5,965.3333333333334,175.83333333333337,31.0,1145.0,1239.0,36.0
696,77.0,2051.0,764.0,162.0,100.0,326.0,1032.6,175.0,148.42857142857156,2576.0,1109.4285714285713,131.57142857142844,77.0,922.0,1317.0,94.0,116.66666666666674,1413.0,1039.3333333333333,141.66666666666674,78.0,451.0,1201.0,151.0,87.17647058823525,2787.5882352941176,920.7058823529412,162.82352941176487,105.0,790.3333333333334,1742.3333333333333,150.33333333333326,102.66666666666674,2340.0,679.6666666666666,117.0,92.33333333333337,554.0,965.6666666666666,173.66666666666663,31.0,1179.8,1229.8,36.0
697,76.25,2064.5,764.25,162.5,101.0,331.0,1034.2,174.0,150.57142857142844,2577.0,1113.5714285714287,132.42857142857156,78.66666666666652,934.0,1320.6666666666667,108.0,117.0,1423.0,1044.0,160.0,79.25,468.0,1200.0,138.75,86.88235294117646,2787.9411764705883,921.5294117647059,165.11764705882342,104.5,796.5,1741.5,145.5,98.5,2345.5,689.5,121.5,92.0,555.5,966.0,171.5,31.0,1214.6,1220.6,36.0
698,75.5,2078.0,764.5,163.0,102.0,336.0,1035.8,173.0,152.71428571428555,2578.0,1117.7142857142858,133.28571428571422,80.33333333333348,946.0,1324.3333333333333,122.0,106.0,1443.0,1050.3333333333333,147.33333333333326,80.5,485.0,1199.0,126.5,86.58823529411768,2788.294117647059,922.3529411764706,167.41176470588198,104.0,802.6666666666666,1740.6666666666667,140.66666666666674,94.33333333333326,2351.0,699.3333333333334,126.0,91.66666666666663,557.0,966.3333333333334,169.33333333333337,31.0,1249.4,1211.4,36.0
699,74.75,2091.5,764.75,163.5,103.0,341.0,1037.4,172.0,154.8571428571429,2579.0,1121.857142857143,134.14285714285734,82.0,958.0,1328.0,136.0,95.0,1463.0,1056.6666666666667,134.66666666666674,81.75,502.0,1198.0,114.25,86.2941176470589,2788.6470588235293,923.1764705882352,169.70588235294144,103.5,808.8333333333334,1739.8333333333333,135.83333333333326,90.16666666666674,2356.5,709.1666666666666,130.5,91.33333333333337,558.5,966.6666666666666,167.16666666666663,31.0,1284.2,1202.2,36.0
700,74.0,2105.0,765.0,164.0,104.0,346.0,1039.0,171.0,157.0,2580.0,1126.0,135.0,88.0,969.0,1328.0,159.0,84.0,1483.0,1063.0,122.0,83.0,519.0,1197.0,102.0,86.0,2789.0,924.0,172.0,103.0,815.0,1739.0,131.0,86.0,2362.0,719.0,135.0,91.0,560.0,967.0,165.0,31.0,1319.0,1193.0,36.0
701,76.04999999999995,2114.35,763.25,163.95000000000027,103.625,350.375,1041.25,167.5,154.33333333333326,2585.0,1134.6666666666667,134.0,88.0,980.0,1331.0,167.0,86.0,1489.0,1073.0,129.0,83.0,530.25,1196.0,112.75,88.0,2798.75,925.5,166.125,103.66666666666674,822.3333333333334,1738.2222222222222,133.22222222222217,86.63636363636363,2373.0,724.9090909090909,132.0,91.00000000000011,560.5,965.1666666666666,165.0,31.0,1354.6,1184.2,36.0
702,78.10000000000002,2123.7,761.5,163.9000000000001,103.25,354.75,1043.5,164.0,151.66666666666674,2590.0,1143.3333333333333,133.0,87.79999999999995,1005.0,1332.4,154.4000000000001,96.0,1503.0,1073.0,139.5,83.0,541.5,1195.0,123.5,90.0,2808.5,927.0,160.25,104.33333333333348,829.6666666666666,1737.4444444444443,135.44444444444446,87.27272727272725,2384.0,730.8181818181819,129.0,90.99999999999989,561.0,963.3333333333334,165.0,31.0,1390.2,1175.4,36.0
703,80.14999999999998,2133.05,759.75,163.8499999999999,102.875,359.125,1045.75,160.5,149.0,2595.0,1152.0,132.0,87.60000000000014,1030.0,1333.8,141.79999999999995,106.0,1517.0,1073.0,150.0,83.0,552.75,1194.0,134.25,92.0,2818.25,928.5,154.375,105.0,837.0,1736.6666666666667,137.66666666666663,87.90909090909088,2395.0,736.7272727272727,126.0,91.0,561.5,961.5,165.0,31.0,1425.8,1166.6,36.0
704,82.20000000000005,2142.4,758.0,163.79999999999973,102.5,363.5,1048.0,157.0,144.375,2601.125,1162.625,130.5,87.39999999999986,1055.0,1335.2,129.20000000000005,103.5,1532.0,1075.0,164.0,83.0,564.0,1193.0,145.0,94.0,2828.0,930.0,148.5,105.66666666666674,844.3333333333334,1735.888888888889,139.8888888888888,88.5454545454545,2406.0,742.6363636363636,123.0,91.00000000000011,562.0,959.6666666666666,165.0,31.0,1461.4,1157.8,36.0
705,84.25,2151.75,756.25,163.75,102.125,367.875,1050.25,153.5,139.75,2607.25,1173.25,129.0,87.20000000000005,1080.0,1336.6,116.59999999999991,101.0,1547.0,1077.0,178.0,83.0,575.5,1189.5,146.0,96.0,2837.75,931.5,142.625,106.33333333333326,851.6666666666666,1735.111111111111,142.1111111111112,89.18181818181824,2417.0,748.5454545454545,120.0,90.99999999999989,562.5,957.8333333333334,165.0,31.0,1497.0,1149.0,36.0
706,86.29999999999995,2161.1,754.5,163.70000000000027,101.75,372.25,1052.5,150.0,135.125,2613.375,1183.875,127.5,87.0,1105.0,1338.0,104.0,98.77777777777783,1567.111111111111,1079.4444444444443,174.44444444444457,83.0,587.0,1186.0,147.0,98.0,2847.5,933.0,136.75,107.0,859.0,1734.3333333333333,144.33333333333337,89.81818181818176,2428.0,754.4545454545455,117.0,91.0,563.0,956.0,165.0,31.5,1533.0,1141.0,35.0
707,88.35000000000002,2170.45,752.75,163.6500000000001,101.375,376.625,1054.75,146.5,130.5,2619.5,1194.5,126.0,87.0,1116.3333333333333,1341.0,121.0,96.55555555555543,1587.2222222222222,1081.888888888889,170.8888888888889,83.0,601.4,1183.8,137.80000000000007,100.0,2857.25,934.5,130.875,107.66666666666652,866.3333333333334,1733.5555555555557,146.55555555555554,90.4545454545455,2439.0,760.3636363636364,114.0,91.35714285714278,564.4285714285714,955.0714285714286,164.07142857142856,32.0,1569.0,1133.0,34.0
708,90.39999999999998,2179.8,751.0,163.5999999999999,101.0,381.0,1057.0,143.0,125.875,2625.625,1205.125,124.5,87.0,1127.6666666666667,1344.0,138.0,94.33333333333348,1607.3333333333333,1084.3333333333333,167.33333333333348,83.0,615.8,1181.6,128.60000000000002,102.0,2867.0,936.0,125.0,108.33333333333326,873.6666666666666,1732.7777777777778,148.77777777777783,91.09090909090912,2450.0,766.2727272727273,111.0,91.71428571428578,565.8571428571429,954.1428571428571,163.1428571428571,32.0,1606.0,1127.0,33.0
709,92.45000000000005,2189.15,749.25,163.54999999999973,98.83333333333348,385.3333333333333,1059.3333333333333,147.83333333333331,121.25,2631.75,1215.75,123.0,87.0,1139.0,1347.0,155.0,92.11111111111109,1627.4444444444443,1086.7777777777778,163.77777777777783,83.0,630.2,1179.4,119.39999999999998,100.66666666666663,2866.6666666666665,940.6666666666666,129.33333333333348,109.0,881.0,1732.0,151.0,91.72727272727263,2461.0,772.1818181818182,108.0,92.07142857142856,567.2857142857143,953.2142857142857,162.21428571428567,32.5,1631.5,1128.5,32.5
710,94.5,2198.5,747.5,163.5,96.66666666666652,389.6666666666667,1061.6666666666667,152.66666666666669,116.625,2637.875,1226.375,121.5,86.0,1147.0,1352.0,169.0,89.88888888888891,1647.5555555555557,1089.2222222222222,160.22222222222217,83.0,644.6,1177.2,110.19999999999993,99.33333333333337,2866.3333333333335,945.3333333333334,133.66666666666652,108.5454545454545,884.8181818181819,1731.4545454545455,149.45454545454538,92.36363636363637,2472.0,778.0909090909091,105.0,92.42857142857144,568.7142857142857,952.2857142857143,161.28571428571433,33.0,1657.0,1130.0,32.0
711,96.54999999999995,2207.85,745.75,163.45000000000027,94.5,394.0,1064.0,157.5,112.0,2644.0,1237.0,120.0,87.0,1170.0,1356.0,156.0,87.66666666666652,1667.6666666666667,1091.6666666666667,156.66666666666652,83.0,659.0,1175.0,101.0,98.0,2866.0,950.0,138.0,108.09090909090901,888.6363636363636,1730.909090909091,147.90909090909088,93.0,2483.0,784.0,102.0,92.78571428571422,570.1428571428571,951.3571428571429,160.3571428571429,33.0,1683.8,1133.0,32.0
712,98.60000000000002,2217.2,744.0,163.4000000000001,92.33333333333348,398.3333333333333,1066.3333333333333,162.33333333333331,118.0,2644.0,1239.6,124.59999999999991,86.5,1199.75,1360.75,142.25,85.44444444444457,1687.7777777777778,1094.111111111111,153.1111111111111,83.0,669.3333333333334,1172.6666666666667,117.33333333333326,97.55555555555543,2866.5555555555557,953.8888888888889,141.44444444444434,107.63636363636374,892.4545454545455,1730.3636363636363,146.36363636363626,90.5,2485.1666666666665,791.0,110.33333333333348,93.14285714285722,571.5714285714286,950.4285714285714,159.42857142857144,33.0,1710.6,1136.0,32.0
713,100.64999999999998,2226.55,742.25,163.3499999999999,90.16666666666652,402.6666666666667,1068.6666666666667,167.16666666666669,124.0,2644.0,1242.2,129.19999999999982,86.0,1229.5,1365.5,128.5,83.22222222222217,1707.888888888889,1096.5555555555557,149.55555555555543,83.0,679.6666666666666,1170.3333333333333,133.66666666666674,97.11111111111109,2867.1111111111113,957.7777777777778,144.8888888888887,107.18181818181824,896.2727272727273,1729.8181818181818,144.81818181818176,88.0,2487.3333333333335,798.0,118.66666666666652,93.5,573.0,949.5,158.5,33.0,1737.4,1139.0,32.0
714,102.70000000000005,2235.9,740.5,163.29999999999973,88.0,407.0,1071.0,172.0,130.0,2644.0,1244.8,133.80000000000018,85.5,1259.25,1370.25,114.75,81.0,1728.0,1099.0,146.0,83.0,690.0,1168.0,150.0,96.66666666666663,2867.6666666666665,961.6666666666666,148.33333333333348,106.72727272727275,900.0909090909091,1729.2727272727273,143.27272727272714,85.5,2489.5,805.0,127.0,93.85714285714278,574.4285714285714,948.5714285714286,157.57142857142856,33.0,1764.2,1142.0,32.0
715,104.75,2245.25,738.75,163.25,89.33333333333326,411.5,1073.1666666666667,168.16666666666663,136.0,2644.0,1247.4,138.4000000000001,85.0,1289.0,1375.0,101.0,86.0,1746.75,1096.25,133.5,83.0,704.5,1164.5,151.5,96.22222222222229,2868.222222222222,965.5555555555555,151.77777777777783,106.27272727272725,903.9090909090909,1728.7272727272727,141.72727272727286,83.0,2491.6666666666665,812.0,135.33333333333348,94.21428571428578,575.8571428571429,947.6428571428571,156.6428571428571,33.0,1791.0,1145.0,32.0
716,106.79999999999995,2254.6,737.0,163.20000000000027,90.66666666666674,416.0,1075.3333333333333,164.33333333333337,142.0,2644.0,1250.0,143.0,85.0,1296.5,1376.5,113.0,91.0,1765.5,1093.5,121.0,83.0,719.0,1161.0,153.0,95.77777777777771,2868.777777777778,969.4444444444445,155.22222222222217,105.81818181818176,907.7272727272727,1728.1818181818182,140.18181818181824,80.5,2493.8333333333335,819.0,143.66666666666652,94.57142857142856,577.2857142857143,946.7142857142857,155.71428571428567,33.0,1807.0,1149.2,32.0
717,108.85000000000002,2263.95,735.25,163.1500000000001,92.0,420.5,1077.5,160.5,137.5,2644.0,1257.25,147.75,85.0,1304.0,1378.0,125.0,96.0,1784.25,1090.75,108.5,83.0,733.75,1157.5,141.25,95.33333333333337,2869.3333333333335,973.3333333333334,158.66666666666652,105.36363636363626,911.5454545454545,1727.6363636363637,138.63636363636374,78.0,2496.0,826.0,152.0,94.92857142857144,578.7142857142857,945.7857142857143,154.78571428571433,33.0,1823.0,1153.4,32.0
718,110.89999999999998,2273.3,733.5,163.0999999999999,93.33333333333326,425.0,1079.6666666666667,156.66666666666663,133.0,2644.0,1264.5,152.5,84.5,1316.0,1380.5,147.0,101.0,1803.0,1088.0,96.0,83.0,748.5,1154.0,129.5,94.88888888888891,2869.8888888888887,977.2222222222222,162.1111111111113,104.90909090909099,915.3636363636364,1727.090909090909,137.09090909090912,75.66666666666663,2506.0,833.0,152.33333333333348,95.28571428571422,580.1428571428571,944.8571428571429,153.8571428571429,33.0,1839.0,1157.6,32.0
719,112.95000000000005,2282.65,731.75,163.04999999999973,94.66666666666674,429.5,1081.8333333333333,152.83333333333337,128.5,2644.0,1271.75,157.25,84.0,1328.0,1383.0,169.0,99.0,1820.0,1093.5,92.0,83.0,763.25,1150.5,117.75,94.44444444444457,2870.4444444444443,981.1111111111111,165.55555555555566,104.4545454545455,919.1818181818181,1726.5454545454545,135.54545454545462,73.33333333333337,2516.0,840.0,152.66666666666652,95.64285714285722,581.5714285714286,943.9285714285714,152.92857142857144,33.0,1855.0,1161.8,32.0
720,115.0,2292.0,730.0,163.0,96.0,434.0,1084.0,149.0,124.0,2644.0,1279.0,162.0,83.0,1352.0,1387.0,163.0,97.0,1837.0,1099.0,88.0,83.0,778.0,1147.0,106.0,94.0,2871.0,985.0,169.0,104.0,923.0,1726.0,134.0,71.0,2526.0,847.0,153.0,96.0,583.0,943.0,152.0,33.0,1871.0,1166.0,32.0
721,115.19999999999993,2301.9,729.85,162.5,96.16666666666674,438.3333333333333,1083.3333333333333,153.83333333333331,120.5454545454545,2654.3636363636365,1288.4545454545455,159.72727272727252,83.0,1384.3333333333333,1389.0,145.0,103.0,1851.0,1097.8,92.40000000000009,83.5,792.0,1142.0,110.5,93.66666666666663,2869.6666666666665,986.3333333333334,176.0,103.66666666666652,929.3333333333334,1723.6666666666667,137.9999999999999,74.42857142857144,2542.5714285714284,851.4285714285714,144.85714285714312,93.5,586.0,943.25,155.25,33.0,1886.8,1170.2,32.0
722,115.39999999999998,2311.8,729.7,162.0,96.33333333333326,442.6666666666667,1082.6666666666667,158.66666666666669,117.09090909090901,2664.7272727272725,1297.909090909091,157.4545454545455,83.0,1416.6666666666667,1391.0,127.0,109.0,1865.0,1096.6,96.79999999999995,84.0,806.0,1137.0,115.0,93.33333333333337,2868.3333333333335,987.6666666666666,183.0,103.33333333333348,935.6666666666666,1721.3333333333333,142.0000000000001,77.85714285714278,2559.1428571428573,855.8571428571429,136.71428571428532,91.0,589.0,943.5,158.5,33.0,1902.6,1174.4,32.0
723,115.60000000000002,2321.7,729.55,161.5,96.5,447.0,1082.0,163.5,113.63636363636374,2675.090909090909,1307.3636363636363,155.18181818181847,83.0,1449.0,1393.0,109.0,115.0,1879.0,1095.4,101.20000000000005,83.5,820.0,1132.5,129.0,93.0,2867.0,989.0,190.0,103.0,942.0,1719.0,146.0,81.28571428571422,2575.714285714286,860.2857142857143,128.57142857142844,88.5,592.0,943.75,161.75,33.0,1918.4,1178.6,32.0
724,115.80000000000007,2331.6,729.4,161.0,96.66666666666674,451.3333333333333,1081.3333333333333,168.33333333333331,110.18181818181824,2685.4545454545455,1316.8181818181818,152.909090909091,83.79999999999995,1463.6,1395.4,119.40000000000009,121.0,1893.0,1094.2,105.59999999999991,83.0,834.0,1128.0,143.0,92.82352941176475,2875.823529411765,990.1764705882352,186.705882352941,102.66666666666652,948.3333333333334,1716.6666666666667,149.9999999999999,84.71428571428578,2592.285714285714,864.7142857142857,120.42857142857156,86.0,595.0,944.0,165.0,33.0,1934.2,1182.8,32.0
725,116.0,2341.5,729.25,160.5,96.83333333333326,455.6666666666667,1080.6666666666667,173.16666666666669,106.72727272727275,2695.818181818182,1326.2727272727273,150.6363636363635,84.60000000000014,1478.2,1397.8,129.79999999999995,127.0,1907.0,1093.0,110.0,81.875,847.5,1124.25,138.75,92.64705882352939,2884.6470588235293,991.3529411764706,183.41176470588243,102.33333333333348,954.6666666666666,1714.3333333333333,154.0000000000001,88.14285714285722,2608.8571428571427,869.1428571428571,112.28571428571468,84.0,596.75,944.25,166.75,33.0,1950.0,1187.0,32.0
726,116.19999999999993,2351.4,729.1,160.0,97.0,460.0,1080.0,178.0,103.27272727272725,2706.181818181818,1335.7272727272727,148.3636363636365,85.39999999999986,1492.8,1400.2,140.20000000000005,126.75,1909.75,1093.25,120.0,80.75,861.0,1120.5,134.5,92.47058823529414,2893.470588235294,992.5294117647059,180.11764705882342,102.0,961.0,1712.0,158.0,91.57142857142856,2625.4285714285716,873.5714285714286,104.14285714285688,82.0,598.5,944.5,168.5,33.0,1963.0,1188.6666666666667,32.0
727,116.39999999999998,2361.3,728.95,159.5,97.0,465.5,1080.357142857143,177.5,99.81818181818176,2716.5454545454545,1345.1818181818182,146.090909090909,86.20000000000005,1507.4,1402.6,150.5999999999999,126.5,1912.5,1093.5,130.0,79.625,874.5,1116.75,130.25,92.29411764705878,2902.294117647059,993.7058823529412,176.8235294117644,103.19999999999982,967.3,1710.4,156.10000000000014,95.0,2642.0,878.0,96.0,80.0,600.25,944.75,170.25,33.0,1976.0,1190.3333333333333,32.0
728,116.60000000000002,2371.2,728.8,159.0,97.0,471.0,1080.7142857142858,177.0,96.36363636363626,2726.909090909091,1354.6363636363637,143.81818181818153,87.0,1522.0,1405.0,161.0,126.25,1915.25,1093.75,140.0,78.5,888.0,1113.0,126.0,92.11764705882354,2911.1176470588234,994.8823529411765,173.52941176470586,104.40000000000009,973.6,1708.8,154.19999999999993,95.75,2644.375,883.75,103.25,78.0,602.0,945.0,172.0,33.0,1989.0,1192.0,32.0
729,116.80000000000007,2381.1,728.65,158.5,97.0,476.5,1081.0714285714287,176.5,92.90909090909099,2737.2727272727275,1364.090909090909,141.5454545454545,87.0,1538.0,1407.0,163.0,126.0,1918.0,1094.0,150.0,77.375,901.5,1109.25,121.75,91.94117647058829,2919.9411764705883,996.0588235294117,170.23529411764684,105.59999999999991,979.9,1707.2,152.30000000000007,96.5,2646.75,889.5,110.5,77.66666666666663,605.25,945.25,169.41666666666663,33.0,2000.5,1189.5,32.0
730,117.0,2391.0,728.5,158.0,97.0,482.0,1081.4285714285713,176.0,89.4545454545455,2747.6363636363635,1373.5454545454545,139.27272727272748,86.75,1568.75,1409.25,150.0,116.0,1937.5,1104.5,139.0,76.25,915.0,1105.5,117.5,91.76470588235293,2928.764705882353,997.2352941176471,166.94117647058783,106.80000000000018,986.2,1705.6,150.39999999999986,97.25,2649.125,895.25,117.75,77.33333333333337,608.5,945.5,166.83333333333337,33.0,2012.0,1187.0,32.0
731,117.19999999999993,2400.9,728.35,157.5,97.0,487.5,1081.7857142857142,175.5,86.0,2758.0,1383.0,137.0,86.5,1599.5,1411.5,137.0,106.0,1957.0,1115.0,128.0,75.125,928.5,1101.75,113.25,91.58823529411768,2937.5882352941176,998.4117647058823,163.64705882352928,108.0,992.5,1704.0,148.5,98.0,2651.5,901.0,125.0,77.0,611.75,945.75,164.25,33.0,2027.25,1190.0,32.0
732,117.39999999999998,2410.8,728.2,157.0,97.0,493.0,1082.142857142857,175.0,87.40000000000009,2759.8,1387.0,143.0,86.25,1630.25,1413.75,124.0,104.66666666666652,1971.1666666666667,1119.6666666666667,131.49999999999977,74.0,942.0,1098.0,109.0,91.41176470588232,2946.4117647058824,999.5882352941177,160.35294117647072,109.19999999999982,998.8,1702.4,146.60000000000014,98.75,2653.875,906.75,132.25,76.66666666666663,615.0,946.0,161.66666666666663,33.0,2042.5,1193.0,32.0
733,117.60000000000002,2420.7,728.05,156.5,97.0,498.5,1082.5,174.5,88.79999999999995,2761.6,1391.0,149.0,86.0,1661.0,1416.0,111.0,103.33333333333348,1985.3333333333333,1124.3333333333333,135.00000000000023,77.0,954.5,1091.0,124.5,91.23529411764707,2955.235294117647,1000.7647058823529,157.05882352941217,110.40000000000009,1005.1,1700.8,144.69999999999993,99.5,2656.25,912.5,139.5,76.33333333333337,618.25,946.25,159.08333333333337,33.0,2057.75,1196.0,32.0
734,117.80000000000007,2430.6,727.9,156.0,97.0,504.0,1082.857142857143,174.0,90.20000000000005,2763.4,1395.0,155.0,85.5,1674.25,1419.0,120.25,102.0,1999.5,1129.0,138.5,80.0,967.0,1084.0,140.0,91.05882352941171,2964.0588235294117,1001.9411764705883,153.76470588235316,111.59999999999991,1011.4,1699.2,142.80000000000007,100.25,2658.625,918.25,146.75,76.0,621.5,946.5,156.5,33.0,2073.0,1199.0,32.0
735,118.0,2440.5,727.75,155.5,97.0,509.5,1083.2142857142858,173.5,91.59999999999991,2765.2,1399.0,161.0,85.0,1687.5,1422.0,129.5,100.66666666666652,2013.6666666666667,1133.6666666666667,141.99999999999977,83.0,979.0,1077.0,140.0,90.88235294117646,2972.8823529411766,1003.1176470588235,150.47058823529414,112.80000000000018,1017.7,1697.6,140.89999999999986,101.0,2661.0,924.0,154.0,75.66666666666663,624.75,946.75,153.91666666666663,33.0,2097.0,1203.0,32.0
736,118.19999999999993,2450.4,727.6,155.0,97.0,515.0,1083.5714285714287,173.0,93.0,2767.0,1403.0,167.0,84.5,1700.75,1425.0,138.75,99.33333333333348,2027.8333333333333,1138.3333333333333,145.50000000000023,83.0,995.2,1072.0,130.5999999999999,90.70588235294122,2981.705882352941,1004.2941176470588,147.1764705882356,114.0,1024.0,1696.0,139.0,98.0,2670.0,927.0,150.0,75.33333333333337,628.0,947.0,151.33333333333337,33.0,2121.8,1209.0,32.0
737,118.39999999999998,2460.3,727.45,154.5,97.0,520.5,1083.9285714285713,172.5,94.0,2772.5,1404.5,171.0,84.0,1714.0,1428.0,148.0,98.0,2042.0,1143.0,149.0,83.0,1011.4,1067.0,121.19999999999993,90.52941176470586,2990.529411764706,1005.4705882352941,143.88235294117658,115.25,1030.25,1694.25,141.25,95.25,2684.75,930.75,146.25,75.0,631.25,947.25,148.75,33.0,2146.6,1215.0,32.0
738,118.60000000000002,2470.2,727.3,154.0,97.0,526.0,1084.2857142857142,172.0,95.0,2778.0,1406.0,175.0,84.0,1738.0,1431.0,160.0,99.0,2066.3333333333335,1148.0,146.0,83.0,1027.6,1062.0,111.80000000000018,90.35294117647061,2999.3529411764707,1006.6470588235294,140.58823529411757,116.5,1036.5,1692.5,143.5,92.5,2699.5,934.5,142.5,74.66666666666663,634.5,947.5,146.16666666666663,33.0,2171.4,1221.0,32.0
739,118.80000000000007,2480.1,727.15,153.5,97.0,531.5,1084.642857142857,171.5,96.5,2793.5,1407.5,169.5,83.5,1762.0,1434.0,152.0,100.0,2090.6666666666665,1153.0,143.0,83.0,1043.8,1057.0,102.40000000000009,90.17647058823525,3008.176470588235,1007.8235294117648,137.294117647059,117.75,1042.75,1690.75,145.75,89.75,2714.25,938.25,138.75,74.33333333333337,637.75,947.75,143.58333333333337,33.0,2196.2,1227.0,32.0
740,119.0,2490.0,727.0,153.0,97.0,537.0,1085.0,171.0,98.0,2809.0,1409.0,164.0,83.0,1786.0,1437.0,144.0,101.0,2115.0,1158.0,140.0,83.0,1060.0,1052.0,93.0,90.0,3017.0,1009.0,134.0,119.0,1049.0,1689.0,148.0,87.0,2729.0,942.0,135.0,74.0,641.0,948.0,141.0,33.0,2221.0,1233.0,32.0
741,118.5,2501.125,727.25,156.25,99.0,541.6666666666666,1085.0,170.33333333333337,99.0,2825.0,1413.75,159.25,83.0,1820.0,1438.5,130.5,101.0,2134.0,1161.6666666666667,139.66666666666652,83.0,1070.75,1046.75,104.75,90.57142857142856,3017.4285714285716,1010.2857142857143,139.71428571428578,118.65000000000009,1054.1,1686.55,147.35000000000014,89.5,2753.0,944.0,118.5,74.35000000000002,642.0,947.15,140.10000000000002,32.799999999999955,2237.6,1237.4,32.20000000000027
742,118.0,2512.25,727.5,159.5,101.0,546.3333333333334,1085.0,169.66666666666663,100.0,2841.0,1418.5,154.5,83.0,1854.0,1440.0,117.0,101.0,2153.0,1165.3333333333333,139.33333333333348,83.0,1081.5,1041.5,116.5,91.14285714285722,3017.8571428571427,1011.5714285714286,145.42857142857156,118.30000000000018,1059.2,1684.1,146.70000000000005,92.0,2777.0,946.0,102.0,74.70000000000005,643.0,946.3,139.20000000000005,32.600000000000136,2254.2,1241.8,32.40000000000009
743,117.5,2523.375,727.75,162.75,103.0,551.0,1085.0,169.0,101.0,2857.0,1423.25,149.75,83.33333333333348,1867.3333333333333,1441.3333333333333,124.0,101.0,2172.0,1169.0,139.0,83.0,1092.25,1036.25,128.25,91.71428571428578,3018.285714285714,1012.8571428571429,151.14285714285734,117.94999999999982,1064.3,1681.65,146.04999999999995,94.42857142857144,2780.285714285714,948.2857142857143,106.0,75.04999999999995,644.0,945.45,138.29999999999995,32.399999999999864,2270.8,1246.2,32.59999999999991
744,117.0,2534.5,728.0,166.0,101.61538461538453,555.8461538461538,1085.076923076923,168.76923076923083,102.0,2873.0,1428.0,145.0,83.66666666666652,1880.6666666666667,1442.6666666666667,131.0,101.0,2177.5,1168.5,144.0,83.0,1103.0,1031.0,140.0,92.28571428571422,3018.714285714286,1014.1428571428571,156.85714285714266,117.59999999999991,1069.4,1679.2,145.39999999999986,96.85714285714278,2783.5714285714284,950.5714285714286,110.0,75.39999999999998,645.0,944.6,137.39999999999998,32.200000000000045,2287.4,1250.6,32.79999999999973
745,116.5,2545.625,728.25,169.25,100.23076923076928,560.6923076923077,1085.1538461538462,168.53846153846155,101.33333333333326,2878.6666666666665,1434.0,149.5,84.0,1894.0,1444.0,138.0,101.0,2183.0,1168.0,149.0,83.0,1114.5,1026.5,141.0,92.85714285714278,3019.1428571428573,1015.4285714285714,162.57142857142844,117.25,1074.5,1676.75,144.75,99.28571428571422,2786.8571428571427,952.8571428571429,114.0,75.75,646.0,943.75,136.5,32.0,2304.0,1255.0,33.0
746,116.0,2556.75,728.5,172.5,98.84615384615381,565.5384615384615,1085.2307692307693,168.30769230769226,100.66666666666674,2884.3333333333335,1440.0,154.0,84.0,1908.0,1445.5,144.5,105.75,2206.25,1171.0,142.75,83.0,1126.0,1022.0,142.0,93.42857142857144,3019.5714285714284,1016.7142857142857,168.28571428571422,116.90000000000009,1079.6,1674.3,144.10000000000014,101.71428571428578,2790.1428571428573,955.1428571428571,118.0,76.10000000000002,647.0,942.9,135.60000000000002,32.0,2316.4,1258.6,33.0
747,115.5,2567.875,728.75,175.75,97.46153846153834,570.3846153846154,1085.3076923076924,168.0769230769231,100.0,2890.0,1446.0,158.5,84.0,1922.0,1447.0,151.0,110.5,2229.5,1174.0,136.5,83.0,1138.0,1018.0,132.0,94.0,3020.0,1018.0,174.0,116.55000000000018,1084.7,1671.85,143.45000000000005,104.14285714285722,2793.4285714285716,957.4285714285714,122.0,76.45000000000005,648.0,942.05,134.70000000000005,32.0,2328.8,1262.2,33.0
748,115.0,2579.0,729.0,179.0,96.0769230769231,575.2307692307693,1085.3846153846155,167.8461538461538,99.33333333333326,2895.6666666666665,1452.0,163.0,84.0,1942.0,1448.5,159.5,115.25,2252.75,1177.0,130.25,82.99999999999989,1153.2857142857142,1013.4285714285714,132.1428571428571,94.66666666666663,3027.5,1019.1666666666666,172.66666666666652,116.19999999999982,1089.8,1669.4,142.79999999999995,106.57142857142856,2796.714285714286,959.7142857142857,126.0,76.79999999999995,649.0,941.2,133.79999999999995,32.0,2341.2,1265.8,33.0
749,115.91666666666663,2590.0833333333335,729.25,177.83333333333303,94.69230769230762,580.0769230769231,1085.4615384615386,167.61538461538464,98.66666666666674,2901.3333333333335,1458.0,167.5,84.0,1962.0,1450.0,168.0,120.0,2276.0,1180.0,124.0,83.0,1168.5714285714287,1008.8571428571429,132.28571428571422,95.33333333333337,3035.0,1020.3333333333334,171.33333333333348,115.84999999999991,1094.9,1666.95,142.14999999999986,109.0,2800.0,962.0,130.0,77.14999999999998,650.0,940.35,132.89999999999998,32.0,2353.6,1269.4,33.0
750,116.83333333333337,2601.1666666666665,729.5,176.66666666666697,93.30769230769238,584.9230769230769,1085.5384615384614,167.38461538461536,98.0,2907.0,1464.0,172.0,84.5,1992.5,1450.75,151.75,119.39999999999986,2288.2,1183.4,130.80000000000018,82.99999999999989,1183.857142857143,1004.2857142857143,132.42857142857133,96.0,3042.5,1021.5,170.0,115.5,1100.0,1664.5,141.5,112.0,2808.0,968.0,146.0,77.5,651.0,939.5,132.0,32.0,2366.0,1273.0,33.0
751,117.75,2612.25,729.75,175.5,91.9230769230769,589.7692307692307,1085.6153846153845,167.1538461538462,97.40000000000009,2916.0,1464.8,167.80000000000018,85.0,2023.0,1451.5,135.5,118.79999999999995,2300.4,1186.8,137.5999999999999,83.00000000000011,1199.142857142857,999.7142857142857,132.57142857142867,96.66666666666663,3050.0,1022.6666666666666,168.66666666666652,115.15000000000009,1105.1,1662.05,140.85000000000014,113.60000000000002,2814.6,969.6,147.20000000000027,77.85000000000002,652.0,938.65,131.10000000000002,32.0,2385.2,1274.4,33.0
752,118.66666666666663,2623.3333333333335,730.0,174.33333333333303,90.53846153846166,594.6153846153846,1085.6923076923076,166.9230769230769,96.80000000000018,2925.0,1465.6,163.5999999999999,85.5,2053.5,1452.25,119.25,118.20000000000005,2312.6,1190.2,144.4000000000001,83.0,1214.4285714285713,995.1428571428571,132.71428571428578,97.33333333333337,3057.5,1023.8333333333334,167.33333333333348,114.80000000000018,1110.2,1659.6,140.20000000000005,115.20000000000005,2821.2,971.2,148.4000000000001,78.20000000000005,653.0,937.8,130.20000000000005,32.0,2404.4,1275.8,33.0
753,119.58333333333337,2634.4166666666665,730.25,173.16666666666697,89.15384615384619,599.4615384615385,1085.7692307692307,166.69230769230774,96.19999999999982,2934.0,1466.4,159.4000000000001,86.0,2084.0,1453.0,103.0,117.60000000000014,2324.8,1193.6,151.19999999999982,83.00000000000011,1229.7142857142858,990.5714285714286,132.8571428571429,98.0,3065.0,1025.0,166.0,114.44999999999982,1115.3,1657.15,139.54999999999995,116.79999999999995,2827.8,972.8,149.5999999999999,78.54999999999995,654.0,936.95,129.29999999999995,32.0,2423.6,1277.2,33.0
754,120.5,2645.5,730.5,172.0,87.76923076923072,604.3076923076923,1085.8461538461538,166.46153846153845,95.59999999999991,2943.0,1467.2,155.19999999999982,86.33333333333326,2094.6666666666665,1454.6666666666667,113.66666666666697,117.0,2337.0,1197.0,158.0,83.0,1245.0,986.0,133.0,96.85714285714289,3076.4285714285716,1028.0,160.85714285714266,114.09999999999991,1120.4,1654.7,138.89999999999986,118.39999999999998,2834.4,974.4,150.79999999999973,78.89999999999998,655.0,936.1,128.39999999999998,32.0,2442.8,1278.6,33.0
755,121.41666666666663,2656.5833333333335,730.75,170.83333333333303,86.38461538461547,609.1538461538462,1085.923076923077,166.23076923076917,95.0,2952.0,1468.0,151.0,86.66666666666674,2105.3333333333335,1456.3333333333333,124.33333333333303,114.33333333333326,2358.6666666666665,1197.0,153.33333333333348,83.0,1260.6666666666667,981.0,126.33333333333326,95.71428571428578,3087.8571428571427,1031.0,155.71428571428578,113.75,1125.5,1652.25,138.25,120.0,2841.0,976.0,152.0,79.25,656.0,935.25,127.5,32.0,2462.0,1280.0,33.0
756,122.33333333333337,2667.6666666666665,731.0,169.66666666666697,85.0,614.0,1086.0,166.0,94.20000000000005,2961.4,1473.2,146.5999999999999,87.0,2116.0,1458.0,135.0,111.66666666666674,2380.3333333333335,1197.0,148.66666666666652,83.0,1276.3333333333333,976.0,119.66666666666674,94.57142857142867,3099.285714285714,1034.0,150.57142857142844,113.40000000000009,1130.6,1649.8,137.60000000000014,121.80000000000007,2857.4,976.4,142.79999999999973,79.60000000000002,657.0,934.4,126.60000000000002,32.0,2483.4,1278.6,33.0
757,123.25,2678.75,731.25,168.5,83.75,618.75,1086.0,163.0,93.39999999999986,2970.8,1478.4,142.19999999999982,87.5,2132.5,1459.5,144.5,109.0,2402.0,1197.0,144.0,83.0,1292.0,971.0,113.0,93.42857142857133,3110.714285714286,1037.0,145.42857142857156,113.05000000000018,1135.7,1647.35,136.95000000000005,123.60000000000014,2873.8,976.8,133.5999999999999,79.95000000000005,658.0,933.55,125.70000000000005,32.0,2504.8,1277.2,33.0
758,124.16666666666663,2689.8333333333335,731.5,167.33333333333303,82.5,623.5,1086.0,160.0,92.60000000000014,2980.2,1483.6,137.80000000000018,88.0,2149.0,1461.0,154.0,106.33333333333326,2423.6666666666665,1197.0,139.33333333333348,82.99999999999989,1313.0,966.3333333333334,101.33333333333326,92.28571428571422,3122.1428571428573,1040.0,140.28571428571422,112.69999999999982,1140.8,1644.9,136.29999999999995,125.39999999999986,2890.2,977.2,124.40000000000009,80.29999999999995,659.0,932.7,124.79999999999995,32.0,2526.2,1275.8,33.0
759,125.08333333333337,2700.9166666666665,731.75,166.16666666666697,81.25,628.25,1086.0,157.0,91.79999999999995,2989.6,1488.8,133.4000000000001,88.5,2165.5,1462.5,154.5,103.66666666666674,2445.3333333333335,1197.0,134.66666666666652,83.00000000000011,1334.0,961.6666666666666,89.66666666666674,91.14285714285711,3133.5714285714284,1043.0,135.14285714285734,112.34999999999991,1145.9,1642.45,135.64999999999986,127.19999999999993,2906.6,977.6,115.20000000000027,80.64999999999998,660.0,931.85,123.89999999999998,32.0,2547.6,1274.4,33.0
760,126.0,2712.0,732.0,165.0,80.0,633.0,1086.0,154.0,91.0,2999.0,1494.0,129.0,89.0,2182.0,1464.0,155.0,101.0,2467.0,1197.0,130.0,83.0,1355.0,957.0,78.0,90.0,3145.0,1046.0,130.0,112.0,1151.0,1640.0,135.0,129.0,2923.0,978.0,106.0,81.0,661.0,931.0,123.0,32.0,2569.0,1273.0,33.0
761,121.83333333333326,2727.1666666666665,734.3333333333334,163.83333333333348,84.28571428571445,638.0,1081.2857142857142,152.71428571428567,91.0,2998.0,1501.0,129.0,89.0,2206.6,1464.0,154.20000000000027,102.14285714285711,2485.8571428571427,1196.0,126.28571428571468,83.0,1358.5,952.5,98.5,94.42857142857156,3148.0,1047.4285714285713,130.28571428571422,111.79999999999995,1157.9,1639.2,135.79999999999995,131.1428571428571,2924.714285714286,978.8571428571429,108.14285714285688,80.75,660.25,930.0,123.5,32.0,2582.4,1271.8,33.0
762,117.66666666666674,2742.3333333333335,736.6666666666666,162.66666666666652,88.57142857142844,643.0,1076.5714285714287,151.42857142857144,91.0,2998.0,1502.0,137.5,89.0,2231.2,1464.0,153.4000000000001,103.28571428571422,2504.714285714286,1195.0,122.57142857142844,83.0,1362.0,948.0,119.0,98.85714285714289,3151.0,1048.857142857143,130.57142857142844,111.59999999999991,1164.8,1638.4,136.60000000000014,133.28571428571433,2926.4285714285716,979.7142857142857,110.28571428571422,80.5,659.5,929.0,124.0,32.0,2595.8,1270.6,33.0
763,113.5,2757.5,739.0,161.5,92.85714285714289,648.0,1071.857142857143,150.1428571428571,91.0,2998.0,1503.0,146.0,89.0,2255.8,1464.0,152.5999999999999,104.42857142857133,2523.5714285714284,1194.0,118.85714285714312,83.0,1371.0,944.0,129.66666666666674,103.28571428571445,3154.0,1050.2857142857142,130.85714285714266,111.40000000000009,1171.7,1637.6,137.39999999999986,135.42857142857144,2928.1428571428573,980.5714285714286,112.4285714285711,80.25,658.75,928.0,124.5,32.0,2609.2,1269.4,33.0
764,109.33333333333326,2772.6666666666665,741.3333333333334,160.33333333333348,97.14285714285711,653.0,1067.142857142857,148.8571428571429,93.25,3000.5,1503.0,150.5,89.0,2280.4,1464.0,151.79999999999973,105.57142857142867,2542.4285714285716,1193.0,115.14285714285688,83.0,1380.0,940.0,140.33333333333326,107.71428571428555,3157.0,1051.7142857142858,131.14285714285734,111.20000000000005,1178.6,1636.8,138.20000000000005,137.57142857142856,2929.8571428571427,981.4285714285714,114.5714285714289,80.0,658.0,927.0,125.0,32.0,2622.6,1268.2,33.0
765,105.16666666666674,2787.8333333333335,743.6666666666666,159.16666666666652,101.42857142857156,658.0,1062.4285714285713,147.57142857142856,95.5,3003.0,1503.0,155.0,89.0,2305.0,1464.0,151.0,106.71428571428578,2561.285714285714,1192.0,111.42857142857156,83.0,1389.0,936.0,151.0,112.14285714285711,3160.0,1053.142857142857,131.42857142857156,111.0,1185.5,1636.0,139.0,139.71428571428567,2931.5714285714284,982.2857142857143,116.71428571428578,82.0,656.75,925.25,127.0,32.0,2636.0,1267.0,33.0
766,101.0,2803.0,746.0,158.0,105.71428571428555,663.0,1057.7142857142858,146.28571428571433,97.75,3005.5,1503.0,159.5,89.0,2319.0,1462.6,150.19999999999982,107.85714285714289,2580.1428571428573,1191.0,107.71428571428532,83.0,1410.75,931.5,135.0,116.57142857142844,3163.0,1054.5714285714287,131.71428571428578,110.79999999999995,1192.4,1635.2,139.79999999999995,141.8571428571429,2933.285714285714,983.1428571428571,118.85714285714312,84.0,655.5,923.5,129.0,32.0,2650.0,1266.8,33.0
767,100.33333333333337,2817.5,748.6666666666666,155.16666666666652,110.0,668.0,1053.0,145.0,100.0,3008.0,1503.0,164.0,89.0,2333.0,1461.2,149.4000000000001,109.0,2599.0,1190.0,104.0,83.0,1432.5,927.0,119.0,121.0,3166.0,1056.0,132.0,110.59999999999991,1199.3,1634.4,140.60000000000014,144.0,2935.0,984.0,121.0,86.0,654.25,921.75,131.0,32.0,2664.0,1266.6,33.0
768,99.66666666666663,2832.0,751.3333333333334,152.33333333333348,108.66666666666674,673.0,1054.0,152.66666666666663,99.22222222222217,3018.777777777778,1503.7777777777778,159.55555555555566,89.0,2347.0,1459.8,148.5999999999999,107.46153846153834,2610.076923076923,1189.2307692307693,106.0,83.0,1454.25,922.5,103.0,122.0769230769231,3167.0,1059.3846153846155,133.69230769230762,110.40000000000009,1206.2,1633.6,141.39999999999986,146.20000000000005,2934.6,983.8,127.20000000000027,88.0,653.0,920.0,133.0,32.0,2678.0,1266.4,33.0
769,99.0,2846.5,754.0,149.5,107.33333333333326,678.0,1055.0,160.33333333333337,98.44444444444434,3029.5555555555557,1504.5555555555557,155.11111111111086,89.0,2361.0,1458.4,147.80000000000018,105.9230769230769,2621.153846153846,1188.4615384615386,108.0,83.0,1476.0,918.0,87.0,123.15384615384619,3168.0,1062.7692307692307,135.38461538461524,110.20000000000005,1213.1,1632.8,142.20000000000005,148.39999999999998,2934.2,983.6,133.4000000000001,87.0,656.0,918.0,137.5,32.0,2692.0,1266.2,33.0
770,98.33333333333337,2861.0,756.6666666666666,146.66666666666652,106.0,683.0,1056.0,168.0,97.66666666666674,3040.3333333333335,1505.3333333333333,150.66666666666652,89.0,2375.0,1457.0,147.0,104.38461538461547,2632.230769230769,1187.6923076923076,110.0,83.0,1485.4,914.0,98.19999999999982,124.23076923076928,3169.0,1066.1538461538462,137.07692307692287,110.0,1220.0,1632.0,143.0,150.60000000000002,2933.8,983.4,139.5999999999999,86.0,659.0,916.0,142.0,32.0,2706.0,1266.0,33.0
771,97.66666666666663,2875.5,759.3333333333334,143.83333333333348,105.0,688.0,1056.6666666666667,165.33333333333337,96.88888888888891,3051.1111111111113,1506.111111111111,146.22222222222217,88.79999999999995,2397.0,1455.2,141.5999999999999,102.84615384615381,2643.3076923076924,1186.923076923077,112.0,83.0,1494.8,910.0,109.40000000000009,125.30769230769238,3170.0,1069.5384615384614,138.76923076923094,109.70000000000005,1226.9,1631.2,138.29999999999995,152.79999999999995,2933.4,983.2,145.79999999999973,84.69999999999993,661.6,915.7,141.39999999999998,32.0,2721.0,1263.8,33.0
772,97.0,2890.0,762.0,141.0,104.0,693.0,1057.3333333333333,162.66666666666663,96.11111111111109,3061.8888888888887,1506.888888888889,141.77777777777783,88.59999999999991,2419.0,1453.4,136.19999999999982,101.30769230769238,2654.3846153846152,1186.1538461538462,114.0,83.0,1504.2,906.0,120.59999999999991,126.38461538461547,3171.0,1072.923076923077,140.46153846153857,109.39999999999986,1233.8,1630.4,133.60000000000014,155.0,2933.0,983.0,152.0,83.39999999999998,664.2,915.4,140.79999999999995,32.0,2736.0,1261.6,33.0
773,97.125,2893.625,761.75,147.125,103.0,698.0,1058.0,160.0,95.33333333333326,3072.6666666666665,1507.6666666666667,137.33333333333348,88.40000000000009,2441.0,1451.6,130.80000000000018,99.76923076923072,2665.4615384615386,1185.3846153846155,116.0,83.0,1513.6,902.0,131.80000000000018,127.46153846153834,3172.0,1076.3076923076924,142.1538461538462,109.10000000000014,1240.7,1629.6,128.89999999999986,150.5,2945.125,985.875,145.75,82.10000000000002,666.8,915.1,140.20000000000005,32.0,2751.0,1259.4,33.0
774,97.25,2897.25,761.5,153.25,99.85714285714289,703.1428571428571,1060.7142857142858,155.42857142857144,94.55555555555566,3083.4444444444443,1508.4444444444443,132.88888888888914,88.20000000000005,2463.0,1449.8,125.40000000000009,98.23076923076928,2676.5384615384614,1184.6153846153845,118.0,83.0,1523.0,898.0,143.0,128.53846153846166,3173.0,1079.6923076923076,143.8461538461538,108.79999999999995,1247.6,1628.8,124.20000000000005,146.0,2957.25,988.75,139.5,80.80000000000007,669.4,914.8,139.60000000000002,32.0,2766.0,1257.2,33.0
775,97.375,2900.875,761.25,159.375,96.71428571428578,708.2857142857143,1063.4285714285713,150.85714285714278,93.77777777777783,3094.222222222222,1509.2222222222222,128.44444444444434,88.0,2485.0,1448.0,120.0,96.69230769230762,2687.6153846153848,1183.8461538461538,120.0,89.0,1531.0,893.0,143.0,129.61538461538453,3174.0,1083.076923076923,145.53846153846143,108.5,1254.5,1628.0,119.5,141.5,2969.375,991.625,133.25,79.5,672.0,914.5,139.0,32.0,2781.0,1255.0,33.0
776,97.5,2904.5,761.0,165.5,93.57142857142867,713.4285714285714,1066.142857142857,146.28571428571422,93.0,3105.0,1510.0,124.0,88.20000000000005,2498.0,1446.0,123.80000000000018,95.15384615384619,2698.6923076923076,1183.076923076923,122.0,87.80000000000007,1552.0,888.4,130.0,130.69230769230762,3175.0,1086.4615384615386,147.23076923076906,108.20000000000005,1261.4,1627.2,114.79999999999995,137.0,2981.5,994.5,127.0,78.19999999999993,674.6,914.2,138.39999999999998,32.0,2790.2,1253.2,33.0
777,97.625,2908.125,760.75,171.625,90.42857142857133,718.5714285714286,1068.857142857143,141.71428571428578,92.5,3105.75,1510.25,125.25,88.40000000000009,2511.0,1444.0,127.59999999999991,93.61538461538453,2709.769230769231,1182.3076923076924,124.0,86.60000000000002,1573.0,883.8,117.0,131.76923076923072,3176.0,1089.8461538461538,148.92307692307713,107.89999999999986,1268.3,1626.4,110.10000000000014,132.5,2993.625,997.375,120.75,76.89999999999998,677.2,913.9,137.79999999999995,32.0,2799.4,1251.4,33.0
778,97.75,2911.75,760.5,177.75,87.28571428571422,723.7142857142857,1071.5714285714287,137.14285714285722,92.0,3106.5,1510.5,126.5,88.59999999999991,2524.0,1442.0,131.4000000000001,92.0769230769231,2720.846153846154,1181.5384615384614,126.0,85.39999999999998,1594.0,879.2,104.0,132.8461538461538,3177.0,1093.2307692307693,150.61538461538476,107.60000000000014,1275.2,1625.6,105.39999999999986,128.0,3005.75,1000.25,114.5,75.60000000000002,679.8,913.6,137.20000000000005,32.0,2808.6,1249.6,33.0
779,97.875,2915.375,760.25,183.875,84.14285714285711,728.8571428571429,1074.2857142857142,132.57142857142856,91.5,3107.25,1510.75,127.75,88.79999999999995,2537.0,1440.0,135.19999999999982,90.53846153846166,2731.923076923077,1180.7692307692307,128.0,84.19999999999993,1615.0,874.6,91.0,133.9230769230769,3178.0,1096.6153846153845,152.30769230769238,107.29999999999995,1282.1,1624.8,100.70000000000005,123.5,3017.875,1003.125,108.25,74.30000000000007,682.4,913.3,136.60000000000002,32.0,2817.8,1247.8,33.0
780,98.0,2919.0,760.0,190.0,81.0,734.0,1077.0,128.0,91.0,3108.0,1511.0,129.0,89.0,2550.0,1438.0,139.0,89.0,2743.0,1180.0,130.0,83.0,1636.0,870.0,78.0,135.0,3179.0,1100.0,154.0,107.0,1289.0,1624.0,96.0,119.0,3030.0,1006.0,102.0,73.0,685.0,913.0,136.0,32.0,2827.0,1246.0,33.0
781,95.88888888888891,2932.3333333333335,759.2222222222222,182.66666666666652,80.0,738.75,1078.5,133.75,92.3125,3109.9375,1511.4375,130.0,89.5,2572.5,1435.75,137.25,88.60000000000014,2752.4,1181.8,130.4000000000001,83.0,1641.0,866.0,94.66666666666674,135.0,3178.9,1099.5,153.0999999999999,106.16666666666652,1295.6666666666667,1623.1666666666667,101.5,118.75,3029.25,1006.25,107.5,73.0,685.65,912.85,135.39999999999998,32.0,2838.4,1245.2,33.0
782,93.77777777777771,2945.6666666666665,758.4444444444445,175.33333333333348,79.0,743.5,1080.0,139.5,93.625,3111.875,1511.875,131.0,90.0,2595.0,1433.5,135.5,88.20000000000005,2761.8,1183.6,130.79999999999973,83.0,1646.0,862.0,111.33333333333326,135.0,3178.8,1099.0,152.19999999999982,105.33333333333348,1302.3333333333333,1622.3333333333333,107.0,118.5,3028.5,1006.5,113.0,73.0,686.3,912.7,134.80000000000007,32.0,2849.8,1244.4,33.0
783,91.66666666666674,2959.0,757.6666666666666,168.0,78.0,748.25,1081.5,145.25,94.9375,3113.8125,1512.3125,132.0,90.5,2617.5,1431.25,133.75,87.79999999999995,2771.2,1185.4,131.20000000000027,83.0,1651.0,858.0,128.0,135.0,3178.7,1098.5,151.30000000000018,104.5,1309.0,1621.5,112.5,118.25,3027.75,1006.75,118.5,73.0,686.95,912.55,134.19999999999993,32.0,2861.2,1243.6,33.0
784,89.55555555555554,2972.3333333333335,756.8888888888889,160.66666666666652,77.0,753.0,1083.0,151.0,96.25,3115.75,1512.75,133.0,91.0,2640.0,1429.0,132.0,87.39999999999986,2780.6,1187.2,131.5999999999999,83.0,1660.0,855.0,135.5,135.0,3178.6,1098.0,150.4000000000001,103.66666666666652,1315.6666666666667,1620.6666666666667,118.0,118.0,3027.0,1007.0,124.0,73.0,687.6,912.4,133.60000000000002,32.0,2872.6,1242.8,33.0
785,87.44444444444446,2985.6666666666665,756.1111111111111,153.33333333333348,79.0,758.4,1083.4,150.0,97.5625,3117.6875,1513.1875,134.0,90.0625,2652.9375,1425.625,133.25,87.0,2790.0,1189.0,132.0,83.0,1669.0,852.0,143.0,135.0,3178.5,1097.5,149.5,102.83333333333348,1322.3333333333333,1619.8333333333333,123.5,115.81818181818187,3032.818181818182,1003.6363636363636,124.18181818181802,73.0,688.25,912.25,133.0,32.0,2884.0,1242.0,33.0
786,85.33333333333326,2999.0,755.3333333333334,146.0,81.0,763.8,1083.8,149.0,98.875,3119.625,1513.625,135.0,89.125,2665.875,1422.25,134.5,86.55555555555543,2801.0,1188.888888888889,129.1111111111113,83.0,1682.888888888889,849.1111111111111,142.66666666666674,135.0,3178.4,1097.0,148.5999999999999,102.0,1329.0,1619.0,129.0,113.63636363636374,3038.6363636363635,1000.2727272727273,124.36363636363649,73.0,688.9,912.1,132.39999999999998,32.0,2891.0,1238.8,33.0
787,83.22222222222229,3012.3333333333335,754.5555555555555,138.66666666666652,83.0,769.2,1084.2,148.0,100.1875,3121.5625,1514.0625,136.0,88.1875,2678.8125,1418.875,135.75,86.11111111111109,2812.0,1188.7777777777778,126.22222222222217,83.0,1696.7777777777778,846.2222222222222,142.33333333333326,135.0,3178.3,1096.5,147.69999999999982,100.75,1332.75,1619.25,128.5,111.45454545454538,3044.4545454545455,996.9090909090909,124.5454545454545,73.0,689.55,911.95,131.80000000000007,32.0,2898.0,1235.6,33.0
788,81.11111111111109,3025.6666666666665,753.7777777777778,131.33333333333348,85.0,774.6,1084.6,147.0,101.5,3123.5,1514.5,137.0,87.25,2691.75,1415.5,137.0,85.66666666666652,2823.0,1188.6666666666667,123.33333333333348,83.0,1710.6666666666667,843.3333333333334,142.0,135.0,3178.2,1096.0,146.80000000000018,99.5,1336.5,1619.5,128.0,109.27272727272725,3050.2727272727275,993.5454545454545,124.72727272727252,73.0,690.2,911.8,131.19999999999993,32.0,2905.0,1232.4,33.0
789,79.0,3039.0,753.0,124.0,87.0,780.0,1085.0,146.0,102.8125,3125.4375,1514.9375,138.0,86.3125,2704.6875,1412.125,138.25,85.22222222222217,2834.0,1188.5555555555557,120.44444444444434,83.0,1724.5555555555557,840.4444444444445,141.66666666666652,135.0,3178.1,1095.5,145.9000000000001,98.25,1340.25,1619.75,127.5,107.09090909090912,3056.090909090909,990.1818181818181,124.90909090909099,73.0,690.85,911.65,130.60000000000002,32.0,2912.0,1229.2,33.0
790,80.72727272727275,3039.818181818182,752.3636363636364,127.5454545454545,93.0,784.5,1079.5,141.5,104.125,3127.375,1515.375,139.0,85.375,2717.625,1408.75,139.5,84.77777777777783,2845.0,1188.4444444444443,117.55555555555566,83.0,1738.4444444444443,837.5555555555555,141.33333333333348,135.0,3178.0,1095.0,145.0,97.0,1344.0,1620.0,127.0,104.90909090909088,3061.909090909091,986.8181818181819,125.09090909090901,73.0,691.5,911.5,130.0,32.0,2919.0,1226.0,33.0
791,82.45454545454538,3040.6363636363635,751.7272727272727,131.090909090909,99.0,789.0,1074.0,137.0,105.4375,3129.3125,1515.8125,140.0,84.4375,2730.5625,1405.375,140.75,84.33333333333348,2856.0,1188.3333333333333,114.66666666666652,83.0,1752.3333333333333,834.6666666666666,141.0,135.0,3177.9,1094.5,144.0999999999999,97.79999999999995,1351.7,1619.4,126.5,102.72727272727275,3067.7272727272725,983.4545454545455,125.27272727272748,73.0,692.15,911.35,129.39999999999998,32.0,2928.0,1221.6666666666667,33.0
792,84.18181818181813,3041.4545454545455,751.0909090909091,134.6363636363635,105.0,793.5,1068.5,132.5,106.75,3131.25,1516.25,141.0,83.5,2743.5,1402.0,142.0,83.88888888888891,2867.0,1188.2222222222222,111.77777777777783,83.0,1766.2222222222222,831.7777777777778,140.66666666666674,135.0,3177.8,1094.0,143.19999999999982,98.60000000000014,1359.4,1618.8,126.0,100.54545454545462,3073.5454545454545,980.0909090909091,125.4545454545455,73.0,692.8,911.2,128.80000000000007,32.0,2937.0,1217.3333333333333,33.0
793,85.90909090909088,3042.2727272727275,750.4545454545455,138.18181818181802,111.0,798.0,1063.0,128.0,108.0625,3133.1875,1516.6875,142.0,82.5625,2756.4375,1398.625,143.25,83.44444444444457,2878.0,1188.111111111111,108.88888888888869,83.0,1780.111111111111,828.8888888888889,140.33333333333326,135.0,3177.7,1093.5,142.30000000000018,99.39999999999986,1367.1,1618.2,125.5,98.36363636363626,3079.3636363636365,976.7272727272727,125.63636363636351,73.0,693.45,911.05,128.19999999999993,32.0,2946.0,1213.0,33.0
794,87.63636363636363,3043.090909090909,749.8181818181819,141.72727272727298,107.71428571428555,802.1428571428571,1065.5714285714287,132.14285714285722,109.375,3135.125,1517.125,143.0,81.625,2769.375,1395.25,144.5,83.0,2889.0,1188.0,106.0,83.0,1794.0,826.0,140.0,135.0,3177.6,1093.0,141.4000000000001,100.20000000000005,1374.8,1617.6,125.0,96.18181818181813,3085.181818181818,973.3636363636364,125.81818181818198,73.0,694.1,910.9,127.60000000000002,32.0,2960.5,1203.5,33.0
795,89.36363636363637,3043.909090909091,749.1818181818181,145.27272727272702,104.42857142857156,806.2857142857143,1068.142857142857,136.28571428571422,110.6875,3137.0625,1517.5625,144.0,80.6875,2782.3125,1391.875,145.75,82.66666666666674,2892.1666666666665,1187.8333333333333,110.83333333333348,83.0,1812.0,822.6666666666666,130.83333333333326,135.0,3177.5,1092.5,140.5,101.0,1382.5,1617.0,124.5,94.0,3091.0,970.0,126.0,73.0,694.75,910.75,127.0,32.0,2975.0,1194.0,33.0
796,91.09090909090912,3044.7272727272725,748.5454545454545,148.81818181818198,101.14285714285711,810.4285714285714,1070.7142857142858,140.42857142857144,112.0,3139.0,1518.0,145.0,79.75,2795.25,1388.5,147.0,82.33333333333326,2895.3333333333335,1187.6666666666667,115.66666666666652,83.0,1830.0,819.3333333333334,121.66666666666674,135.0,3177.4,1092.0,139.5999999999999,101.79999999999995,1390.2,1616.4,124.0,97.60000000000014,3090.6,968.8,131.80000000000018,73.0,695.4,910.6,126.39999999999998,32.0,2984.0,1191.0,33.0
797,92.81818181818187,3045.5454545454545,747.9090909090909,152.3636363636365,97.85714285714289,814.5714285714286,1073.2857142857142,144.57142857142856,111.5,3140.0,1516.5,146.25,78.8125,2808.1875,1385.125,148.25,82.0,2898.5,1187.5,120.5,83.0,1848.0,816.0,112.5,135.0,3177.3,1091.5,138.69999999999982,102.60000000000014,1397.9,1615.8,123.5,101.19999999999993,3090.2,967.6,137.60000000000036,73.0,696.05,910.45,125.80000000000007,32.0,2993.0,1188.0,33.0
798,94.54545454545462,3046.3636363636365,747.2727272727273,155.909090909091,94.57142857142844,818.7142857142857,1075.857142857143,148.71428571428578,111.0,3141.0,1515.0,147.5,77.875,2821.125,1381.75,149.5,81.66666666666674,2901.6666666666665,1187.3333333333333,125.33333333333348,83.0,1866.0,812.6666666666666,103.33333333333326,135.0,3177.2,1091.0,137.80000000000018,103.39999999999986,1405.6,1615.2,123.0,104.80000000000007,3089.8,966.4,143.39999999999964,73.0,696.7,910.3,125.19999999999993,32.0,3002.0,1185.0,33.0
799,96.27272727272725,3047.181818181818,746.6363636363636,159.4545454545455,91.28571428571445,822.8571428571429,1078.4285714285713,152.85714285714278,110.5,3142.0,1513.5,148.75,76.9375,2834.0625,1378.375,150.75,81.33333333333326,2904.8333333333335,1187.1666666666667,130.16666666666652,83.0,1884.0,809.3333333333334,94.16666666666674,135.0,3177.1,1090.5,136.9000000000001,104.20000000000005,1413.3,1614.6,122.5,108.39999999999986,3089.4,965.2,149.19999999999982,73.0,697.35,910.15,124.60000000000002,32.0,3002.0,1190.5,33.0
800,98.0,3048.0,746.0,163.0,88.0,827.0,1081.0,157.0,110.0,3143.0,1512.0,150.0,76.0,2847.0,1375.0,152.0,81.0,2908.0,1187.0,135.0,83.0,1902.0,806.0,85.0,135.0,3177.0,1090.0,136.0,105.0,1421.0,1614.0,122.0,112.0,3089.0,964.0,155.0,73.0,698.0,910.0,124.0,32.0,3002.0,1196.0,33.0
801,96.0,3050.8,743.6,162.79999999999973,89.0,831.85,1081.15,156.25,106.71428571428578,3142.714285714286,1511.857142857143,152.0,76.57142857142844,2859.0,1370.0714285714287,151.14285714285734,79.66666666666674,2907.8333333333335,1187.0,137.83333333333303,79.0,1901.5,806.0,94.0,136.125,3174.75,1091.25,134.625,105.25,1423.5,1613.5,125.0,108.79999999999995,3093.0,963.8,156.4000000000001,76.0,699.75,908.25,123.0,32.0,2997.5,1204.0,33.0
802,94.0,3053.6,741.2,162.5999999999999,90.0,836.7,1081.3,155.5,103.42857142857133,3142.4285714285716,1511.7142857142858,154.0,77.14285714285711,2871.0,1365.142857142857,150.28571428571422,78.33333333333326,2907.6666666666665,1187.0,140.66666666666697,75.0,1901.0,806.0,103.0,137.25,3172.5,1092.5,133.25,105.5,1426.0,1613.0,128.0,105.60000000000002,3097.0,963.6,157.80000000000018,79.0,701.5,906.5,122.0,32.0,2993.0,1212.0,33.0
803,92.0,3056.4,738.8,162.4000000000001,91.0,841.55,1081.45,154.75,100.14285714285711,3142.1428571428573,1511.5714285714287,156.0,77.71428571428555,2883.0,1360.2142857142858,149.42857142857156,77.0,2907.5,1187.0,143.5,75.0,1914.0,804.0,128.0,138.375,3170.25,1093.75,131.875,105.75,1428.5,1612.5,131.0,102.39999999999998,3101.0,963.4,159.19999999999982,82.0,703.25,904.75,121.0,32.0,2992.0,1216.0,33.0
804,90.0,3059.2,736.4,162.20000000000027,92.0,846.4,1081.6,154.0,96.85714285714289,3141.8571428571427,1511.4285714285713,158.0,78.28571428571445,2895.0,1355.2857142857142,148.57142857142844,75.66666666666674,2907.3333333333335,1187.0,146.33333333333303,75.36363636363637,1926.1818181818182,802.1818181818181,128.09090909090924,139.5,3168.0,1095.0,130.5,106.0,1431.0,1612.0,134.0,99.20000000000005,3105.0,963.2,160.5999999999999,85.0,705.0,903.0,120.0,32.0,2991.0,1220.0,33.0
805,88.0,3062.0,734.0,162.0,93.0,851.25,1081.75,153.25,93.57142857142867,3141.5714285714284,1511.2857142857142,160.0,78.85714285714289,2907.0,1350.357142857143,147.71428571428578,74.33333333333326,2907.1666666666665,1187.0,149.16666666666697,75.72727272727275,1938.3636363636363,800.3636363636364,128.18181818181824,140.625,3165.75,1096.25,129.125,105.5,1438.5833333333333,1611.8333333333333,133.33333333333348,96.0,3109.0,963.0,162.0,86.0,706.25,902.3125,118.625,32.0,2990.0,1224.0,33.0
806,90.33333333333337,3062.0,734.0,160.4000000000001,94.0,856.1,1081.9,152.5,90.28571428571422,3141.285714285714,1511.142857142857,162.0,79.42857142857156,2919.0,1345.4285714285713,146.85714285714266,73.0,2907.0,1187.0,152.0,76.09090909090912,1950.5454545454545,798.5454545454545,128.27272727272748,141.75,3163.5,1097.5,127.75,105.0,1446.1666666666667,1611.6666666666667,132.66666666666652,96.0,3115.5,961.0,161.5,87.0,707.5,901.625,117.25,32.0,2994.5,1224.5,33.0
807,92.66666666666663,3062.0,734.0,158.80000000000018,95.0,860.95,1082.05,151.75,87.0,3141.0,1511.0,164.0,80.0,2931.0,1340.5,146.0,73.0,2909.2,1188.2,152.0,76.45454545454538,1962.7272727272727,796.7272727272727,128.36363636363626,142.875,3161.25,1098.75,126.375,104.5,1453.75,1611.5,132.0,96.0,3122.0,959.0,161.0,88.0,708.75,900.9375,115.875,32.0,2999.0,1225.0,33.0
808,95.0,3062.0,734.0,157.19999999999982,96.0,865.8,1082.2,151.0,89.57142857142844,3142.714285714286,1505.857142857143,162.57142857142844,80.57142857142844,2943.0,1335.5714285714287,145.14285714285734,73.0,2911.4,1189.4,152.0,76.81818181818187,1974.909090909091,794.9090909090909,128.4545454545455,144.0,3159.0,1100.0,125.0,104.0,1461.3333333333333,1611.3333333333333,131.33333333333348,96.0,3128.5,957.0,160.5,89.0,710.0,900.25,114.5,32.0,3003.5,1225.5,33.0
809,97.33333333333337,3062.0,734.0,155.5999999999999,97.0,870.65,1082.35,150.25,92.14285714285711,3144.4285714285716,1500.7142857142858,161.14285714285688,81.14285714285711,2955.0,1330.642857142857,144.28571428571422,73.0,2913.6,1190.6,152.0,77.18181818181813,1987.090909090909,793.0909090909091,128.5454545454545,138.33333333333326,3148.5,1101.6666666666667,130.16666666666652,103.5,1468.9166666666667,1611.1666666666667,130.66666666666652,96.0,3135.0,955.0,160.0,90.0,711.25,899.5625,113.125,32.0,3008.0,1226.0,33.0
810,99.66666666666663,3062.0,734.0,154.0,98.0,875.5,1082.5,149.5,94.71428571428555,3146.1428571428573,1495.5714285714287,159.71428571428532,81.71428571428555,2967.0,1325.7142857142858,143.42857142857156,73.0,2915.8,1191.8,152.0,77.54545454545462,1999.2727272727273,791.2727272727273,128.63636363636374,132.66666666666674,3138.0,1103.3333333333333,135.33333333333348,103.0,1476.5,1611.0,130.0,96.0,3139.181818181818,953.0,157.3636363636365,91.0,712.5,898.875,111.75,32.0,3019.0,1225.0,33.0
811,102.0,3062.0,734.0,152.4000000000001,99.0,880.35,1082.65,148.7499999999999,97.28571428571445,3147.8571428571427,1490.4285714285713,158.28571428571468,82.28571428571445,2979.0,1320.7857142857142,142.57142857142844,73.0,2918.0,1193.0,152.0,77.90909090909088,2011.4545454545455,789.4545454545455,128.72727272727252,127.0,3127.5,1105.0,140.5,102.5,1484.0833333333333,1610.8333333333333,129.33333333333348,96.0,3143.3636363636365,951.0,154.72727272727252,92.0,713.75,898.1875,110.375,32.0,3039.6,1219.8,33.0
812,104.33333333333337,3062.0,734.0,150.80000000000018,100.0,885.2,1082.8,148.0,99.85714285714289,3149.5714285714284,1485.2857142857142,156.85714285714312,82.85714285714289,2991.0,1315.857142857143,141.71428571428578,73.33333333333326,2918.0,1193.0,164.66666666666652,78.27272727272725,2023.6363636363637,787.6363636363636,128.81818181818176,121.33333333333326,3117.0,1106.6666666666667,145.66666666666652,102.0,1491.6666666666667,1610.6666666666667,128.66666666666652,96.0,3147.5454545454545,949.0,152.090909090909,93.0,715.0,897.5,109.0,32.0,3060.2,1214.6,33.0
813,106.66666666666663,3062.0,734.0,149.19999999999982,101.0,890.05,1082.95,147.25,102.42857142857156,3151.285714285714,1480.142857142857,155.42857142857156,83.42857142857156,3003.0,1310.9285714285713,140.85714285714266,73.66666666666674,2918.0,1193.0,177.33333333333348,78.63636363636363,2035.8181818181818,785.8181818181819,128.90909090909076,115.66666666666674,3106.5,1108.3333333333333,150.83333333333348,101.5,1499.25,1610.5,128.0,96.0,3151.7272727272725,947.0,149.4545454545455,94.0,716.25,896.8125,107.625,32.0,3080.8,1209.4,33.0
814,109.0,3062.0,734.0,147.5999999999999,102.0,894.9,1083.1,146.5000000000001,105.0,3153.0,1475.0,154.0,84.0,3015.0,1306.0,140.0,74.0,2918.0,1193.0,190.0,79.0,2048.0,784.0,129.0,110.0,3096.0,1110.0,156.0,101.0,1506.8333333333333,1610.3333333333333,127.33333333333348,96.0,3155.909090909091,945.0,146.81818181818153,95.0,717.5,896.125,106.25,32.0,3101.4,1204.2,33.0
815,111.33333333333337,3062.0,734.0,146.0,103.0,899.75,1083.25,145.75,102.16666666666652,3152.8333333333335,1475.1666666666667,152.5,84.5,3027.0,1299.8333333333333,139.16666666666652,74.5,2918.0,1193.0,192.0,79.33333333333337,2063.0,782.1666666666666,122.33333333333348,106.33333333333326,3095.8333333333335,1111.5,150.83333333333303,100.5,1514.4166666666667,1610.1666666666667,126.66666666666652,96.0,3160.090909090909,943.0,144.18181818181847,96.0,718.75,895.4375,104.875,32.0,3122.0,1199.0,33.0
816,113.66666666666663,3062.0,734.0,144.4000000000001,104.0,904.6,1083.4,144.9999999999999,99.33333333333348,3152.6666666666665,1475.3333333333333,151.0,85.0,3039.0,1293.6666666666667,138.33333333333348,75.0,2918.0,1193.0,194.0,79.66666666666663,2078.0,780.3333333333334,115.66666666666652,102.66666666666674,3095.6666666666665,1113.0,145.66666666666697,100.0,1522.0,1610.0,126.0,96.0,3164.2727272727275,941.0,141.5454545454545,97.0,720.0,894.75,103.5,33.0,3143.4,1192.0,34.0
817,116.0,3062.0,734.0,142.80000000000018,105.0,909.45,1083.55,144.25,96.5,3152.5,1475.5,149.5,85.5,3051.0,1287.5,137.5,76.25,2915.0,1193.25,190.5,80.0,2093.0,778.5,109.0,99.0,3095.5,1114.5,140.5,99.5,1525.25,1609.25,125.25,96.0,3168.4545454545455,939.0,138.909090909091,98.0,721.25,894.0625,102.125,34.0,3164.8,1185.0,35.0
818,118.33333333333337,3062.0,734.0,141.19999999999982,106.0,914.3,1083.7,143.5,93.66666666666652,3152.3333333333335,1475.6666666666667,148.0,86.0,3063.0,1281.3333333333333,136.66666666666652,77.5,2912.0,1193.5,187.0,80.33333333333337,2108.0,776.6666666666666,102.33333333333348,95.33333333333326,3095.3333333333335,1116.0,135.33333333333303,99.0,1528.5,1608.5,124.5,96.0,3172.6363636363635,937.0,136.27272727272748,99.0,722.5,893.375,100.75,35.0,3186.2,1178.0,36.0
819,120.66666666666663,3062.0,734.0,139.5999999999999,107.0,919.15,1083.85,142.7500000000001,90.83333333333348,3152.1666666666665,1475.8333333333333,146.5,86.5,3075.0,1275.1666666666667,135.83333333333348,78.75,2909.0,1193.75,183.5,80.66666666666663,2123.0,774.8333333333334,95.66666666666652,91.66666666666674,3095.1666666666665,1117.5,130.16666666666697,98.5,1531.75,1607.75,123.75,96.0,3176.818181818182,935.0,133.6363636363635,100.0,723.75,892.6875,99.375,36.0,3207.6,1171.0,37.0
820,123.0,3062.0,734.0,138.0,108.0,924.0,1084.0,142.0,88.0,3152.0,1476.0,145.0,87.0,3087.0,1269.0,135.0,80.0,2906.0,1194.0,180.0,81.0,2138.0,773.0,89.0,88.0,3095.0,1119.0,125.0,98.0,1535.0,1607.0,123.0,96.0,3181.0,933.0,131.0,101.0,725.0,892.0,98.0,37.0,3229.0,1164.0,38.0
821,122.5,3062.5,739.5,142.0,106.36363636363626,928.6363636363636,1085.909090909091,142.18181818181813,90.66666666666652,3152.25,1470.4166666666667,145.0,89.25,3098.5,1263.5,132.0,81.40000000000009,2905.2,1193.8,176.4000000000001,81.33333333333337,2141.3333333333335,771.6666666666666,100.0,88.875,3084.875,1118.5,131.0,98.0,1541.1538461538462,1606.3076923076924,122.9230769230769,94.75,3181.0,933.0,132.0,100.82142857142856,725.0,892.0,98.0,37.0,3247.6,1156.8,38.0
822,122.0,3063.0,745.0,146.0,104.72727272727275,933.2727272727273,1087.8181818181818,142.3636363636365,93.33333333333348,3152.5,1464.8333333333333,145.0,91.5,3110.0,1258.0,129.0,82.80000000000018,2904.4,1193.6,172.79999999999973,81.66666666666663,2144.6666666666665,770.3333333333334,111.0,89.75,3074.75,1118.0,137.0,98.0,1547.3076923076924,1605.6153846153845,122.84615384615381,93.5,3181.0,933.0,133.0,100.64285714285711,725.0,892.0,98.0,37.0,3266.2,1149.6,38.0
823,122.60000000000002,3060.0,757.6,147.80000000000018,103.09090909090901,937.9090909090909,1089.7272727272727,142.54545454545462,96.0,3152.75,1459.25,145.0,93.75,3121.5,1252.5,126.0,84.19999999999982,2903.6,1193.4,169.20000000000027,82.0,2148.0,769.0,122.0,90.625,3064.625,1117.5,143.0,98.0,1553.4615384615386,1604.923076923077,122.76923076923072,92.25,3181.0,933.0,134.0,100.46428571428567,725.0,892.0,98.0,37.0,3284.8,1142.4,38.0
824,123.19999999999993,3057.0,770.2,149.5999999999999,101.45454545454527,942.5454545454545,1091.6363636363637,142.72727272727275,98.66666666666652,3153.0,1453.6666666666667,145.0,96.0,3133.0,1247.0,123.0,85.59999999999991,2902.8,1193.2,165.5999999999999,81.8888888888888,2158.4444444444443,767.7777777777778,120.33333333333348,91.5,3054.5,1117.0,149.0,98.0,1559.6153846153845,1604.2307692307693,122.69230769230785,91.0,3181.0,933.0,135.0,100.28571428571433,725.0,892.0,98.0,37.0,3303.4,1135.2,38.0
825,123.80000000000007,3054.0,782.8,151.4000000000001,99.81818181818176,947.1818181818181,1093.5454545454545,142.90909090909088,101.33333333333348,3153.25,1448.0833333333333,145.0,103.33333333333326,3142.3333333333335,1236.0,120.66666666666652,87.0,2902.0,1193.0,162.0,81.77777777777783,2168.8888888888887,766.5555555555555,118.66666666666697,92.375,3044.375,1116.5,155.0,98.0,1565.7692307692307,1603.5384615384614,122.61538461538476,89.75,3181.0,933.0,136.0,100.10714285714289,725.0,892.0,98.0,37.0,3322.0,1128.0,38.0
826,124.39999999999998,3051.0,795.4,153.19999999999982,98.18181818181824,951.8181818181819,1095.4545454545455,143.09090909090912,104.0,3153.5,1442.5,145.0,110.66666666666674,3151.6666666666665,1225.0,118.33333333333348,88.20000000000005,2902.6,1195.6,158.4000000000001,81.66666666666663,2179.3333333333335,765.3333333333334,117.0,93.25,3034.25,1116.0,161.0,98.0,1571.923076923077,1602.8461538461538,122.53846153846166,88.5,3181.0,933.0,137.0,99.92857142857144,725.0,892.0,98.0,37.0,3336.8,1120.6,38.0
827,125.0,3048.0,808.0,155.0,96.54545454545473,956.4545454545455,1097.3636363636363,143.27272727272725,106.66666666666652,3153.75,1436.9166666666667,145.0,118.0,3161.0,1214.0,116.0,89.39999999999986,2903.2,1198.2,154.80000000000018,81.55555555555554,2189.777777777778,764.1111111111111,115.33333333333348,94.125,3024.125,1115.5,167.0,98.0,1578.076923076923,1602.1538461538462,122.46153846153834,87.25,3181.0,933.0,138.0,99.75,725.0,892.0,98.0,37.0,3351.6,1113.2,38.0
828,136.5,3050.5,809.5,160.0,94.90909090909099,961.0909090909091,1099.2727272727273,143.45454545454538,109.33333333333348,3154.0,1431.3333333333333,145.0,115.81818181818176,3164.909090909091,1206.6363636363637,117.4545454545455,90.60000000000014,2903.8,1200.8,151.19999999999982,81.44444444444446,2200.222222222222,762.8888888888889,113.66666666666652,95.0,3014.0,1115.0,173.0,98.0,1584.2307692307693,1601.4615384615386,122.38461538461524,86.0,3181.0,933.0,139.0,99.57142857142856,725.0,892.0,98.0,37.0,3366.4,1105.8,38.0
829,148.0,3053.0,811.0,165.0,93.27272727272725,965.7272727272727,1101.1818181818182,143.6363636363635,112.0,3154.25,1425.75,145.0,113.63636363636374,3168.818181818182,1199.2727272727273,118.90909090909054,91.79999999999995,2904.4,1203.4,147.5999999999999,81.33333333333337,2210.6666666666665,761.6666666666666,112.0,93.66666666666652,3013.4166666666665,1116.1666666666667,171.25,98.0,1590.3846153846155,1600.7692307692307,122.30769230769215,84.75,3181.0,933.0,140.0,99.39285714285711,725.0,892.0,98.0,37.0,3381.2,1098.4,38.0
830,148.33333333333337,3054.6666666666665,822.0,164.66666666666697,91.63636363636374,970.3636363636364,1103.090909090909,143.81818181818187,114.66666666666652,3154.5,1420.1666666666667,145.0,111.45454545454527,3172.7272727272725,1191.909090909091,120.36363636363649,93.0,2905.0,1206.0,144.0,81.22222222222217,2221.1111111111113,760.4444444444445,110.33333333333303,92.33333333333348,3012.8333333333335,1117.3333333333333,169.5,98.0,1596.5384615384614,1600.076923076923,122.23076923076928,83.5,3181.0,933.0,141.0,99.21428571428567,725.0,892.0,98.0,37.0,3396.0,1091.0,38.0
831,148.66666666666663,3056.3333333333335,833.0,164.33333333333303,90.0,975.0,1105.0,144.0,117.33333333333348,3154.75,1414.5833333333333,145.0,109.27272727272725,3176.6363636363635,1184.5454545454545,121.81818181818198,95.44444444444457,2905.4444444444443,1206.2222222222222,144.22222222222217,81.1111111111112,2231.5555555555557,759.2222222222222,108.66666666666652,91.0,3012.25,1118.5,167.75,98.0,1602.6923076923076,1599.3846153846155,122.15384615384619,82.25,3181.0,933.0,142.0,99.03571428571433,725.0,892.0,98.0,37.399999999999864,3405.8,1084.4,38.59999999999991
832,149.0,3058.0,844.0,164.0,89.66666666666674,979.6666666666666,1107.0,140.55555555555554,120.0,3155.0,1409.0,145.0,107.09090909090901,3180.5454545454545,1177.1818181818182,123.27272727272748,97.88888888888891,2905.8888888888887,1206.4444444444443,144.4444444444448,81.0,2242.0,758.0,107.0,89.66666666666652,3011.6666666666665,1119.6666666666667,166.0,98.0,1608.8461538461538,1598.6923076923076,122.0769230769231,81.0,3181.0,933.0,143.0,98.85714285714289,725.0,892.0,98.0,37.799999999999955,3415.6,1077.8,39.20000000000027
833,144.14285714285722,3059.5714285714284,855.1428571428571,170.42857142857156,89.33333333333326,984.3333333333334,1109.0,137.11111111111097,117.20000000000005,3155.0,1408.8,145.0,104.90909090909099,3184.4545454545455,1169.8181818181818,124.72727272727252,100.33333333333326,2906.3333333333335,1206.6666666666667,144.66666666666652,81.33333333333337,2246.3333333333335,757.0,110.66666666666652,88.33333333333348,3011.0833333333335,1120.8333333333333,164.25,98.0,1615.0,1598.0,122.0,79.75,3181.0,933.0,144.0,98.67857142857144,725.0,892.0,98.0,38.200000000000045,3425.4,1071.2,39.79999999999973
834,139.28571428571422,3061.1428571428573,866.2857142857143,176.85714285714266,89.0,989.0,1111.0,133.66666666666674,114.40000000000009,3155.0,1408.6,145.0,102.72727272727275,3188.3636363636365,1162.4545454545455,126.18181818181802,102.77777777777783,2906.777777777778,1206.888888888889,144.8888888888887,81.66666666666663,2250.6666666666665,756.0,114.33333333333348,87.0,3010.5,1122.0,162.5,98.0,1623.4285714285713,1597.857142857143,116.0,78.5,3181.0,933.0,145.0,98.5,725.0,892.0,98.0,38.600000000000136,3435.2,1064.6,40.40000000000009
835,134.42857142857144,3062.714285714286,877.4285714285714,183.28571428571422,88.66666666666674,993.6666666666666,1113.0,130.22222222222229,111.59999999999991,3155.0,1408.4,145.0,100.54545454545473,3192.2727272727275,1155.090909090909,127.63636363636351,105.22222222222217,2907.222222222222,1207.111111111111,145.1111111111113,82.0,2255.0,755.0,118.0,85.66666666666652,3009.9166666666665,1123.1666666666667,160.75,98.0,1631.857142857143,1597.7142857142858,110.0,77.25,3181.0,933.0,146.0,98.32142857142856,725.0,892.0,98.0,39.0,3445.0,1058.0,41.0
836,129.57142857142856,3064.285714285714,888.5714285714286,189.71428571428578,88.33333333333326,998.3333333333334,1115.0,126.77777777777771,108.79999999999995,3155.0,1408.2,145.0,98.36363636363626,3196.181818181818,1147.7272727272727,129.09090909090946,107.66666666666674,2907.6666666666665,1207.3333333333333,145.33333333333348,83.0,2268.0,753.0,115.5,84.33333333333348,3009.3333333333335,1124.3333333333333,159.0,98.0,1640.2857142857142,1597.5714285714287,104.0,76.0,3181.0,933.0,147.0,98.14285714285711,725.0,892.0,98.0,39.0,3452.0,1051.8,41.0
837,124.71428571428567,3065.8571428571427,899.7142857142857,196.14285714285734,88.0,1003.0,1117.0,123.33333333333326,106.0,3155.0,1408.0,145.0,96.18181818181824,3200.090909090909,1140.3636363636363,130.5454545454545,110.11111111111109,2908.1111111111113,1207.5555555555557,145.5555555555552,84.0,2281.0,751.0,113.0,83.0,3008.75,1125.5,157.25,98.0,1648.7142857142858,1597.4285714285713,98.0,74.75,3181.0,933.0,148.0,97.96428571428567,725.0,892.0,98.0,39.0,3459.0,1045.6,41.0
838,119.85714285714289,3067.4285714285716,910.8571428571429,202.57142857142844,87.66666666666674,1007.6666666666666,1119.0,119.88888888888903,100.0,3155.0,1408.0,145.0,94.0,3204.0,1133.0,132.0,112.55555555555543,2908.5555555555557,1207.7777777777778,145.77777777777783,85.0,2294.0,749.3333333333334,102.0,81.66666666666652,3008.1666666666665,1126.6666666666667,155.5,98.0,1657.142857142857,1597.2857142857142,92.0,73.5,3181.0,933.0,149.0,97.78571428571433,725.0,892.0,98.0,39.0,3466.0,1039.4,41.0
839,115.0,3069.0,922.0,209.0,87.33333333333326,1012.3333333333334,1121.0,116.44444444444446,94.0,3155.0,1408.0,145.0,90.5,3207.5,1129.5,133.5,115.0,2909.0,1208.0,146.0,86.0,2307.0,747.6666666666666,91.0,80.33333333333348,3007.5833333333335,1127.8333333333333,153.75,98.0,1665.5714285714287,1597.142857142857,86.0,72.25,3181.0,933.0,150.0,97.60714285714289,725.0,892.0,98.0,39.0,3473.0,1033.2,41.0
840,108.0,3083.0,945.0,219.0,87.0,1017.0,1123.0,113.0,88.0,3155.0,1408.0,145.0,87.0,3211.0,1126.0,135.0,104.0,2911.0,1221.0,147.0,87.0,2320.0,746.0,80.0,79.0,3007.0,1129.0,152.0,98.0,1674.0,1597.0,80.0,71.0,3181.0,933.0,151.0,97.42857142857144,725.0,892.0,98.0,39.0,3480.0,1027.0,41.0
841,109.83333333333326,3093.0,951.5,216.16666666666652,88.125,1021.375,1123.25,117.5,90.11111111111109,3152.4444444444443,1403.3333333333333,146.88888888888914,86.75,3211.75,1116.5,135.25,103.40000000000009,2911.7,1225.0,145.80000000000018,90.39999999999998,2320.6,744.0,92.0,79.15000000000009,3006.75,1128.6,152.9000000000001,97.57142857142867,1676.7142857142858,1596.142857142857,86.85714285714289,71.39999999999998,3181.0,932.6,152.80000000000018,97.25,725.0,892.0,98.0,38.59999999999991,3490.8,1027.2,40.19999999999982
842,111.66666666666674,3103.0,958.0,213.33333333333348,89.25,1025.75,1123.5,122.0,92.22222222222217,3149.8888888888887,1398.6666666666667,148.77777777777783,86.5,3212.5,1107.0,135.5,102.79999999999995,2912.4,1229.0,144.5999999999999,93.79999999999995,2321.2,742.0,104.0,79.29999999999995,3006.5,1128.2,153.80000000000018,97.14285714285711,1679.4285714285713,1595.2857142857142,93.71428571428578,71.79999999999995,3181.0,932.2,154.5999999999999,97.07142857142856,725.0,892.0,98.0,38.19999999999982,3501.6,1027.4,39.40000000000009
843,113.5,3113.0,964.5,210.5,90.375,1030.125,1123.75,126.5,94.33333333333326,3147.3333333333335,1394.0,150.66666666666652,86.25,3213.25,1097.5,135.75,102.20000000000005,2913.1,1233.0,143.4000000000001,97.20000000000005,2321.8,740.0,116.0,79.45000000000005,3006.25,1127.8,154.69999999999982,96.71428571428578,1682.142857142857,1594.4285714285713,100.57142857142867,72.20000000000005,3181.0,931.8,156.4000000000001,96.89285714285711,725.0,892.0,98.0,37.80000000000018,3512.4,1027.6,38.59999999999991
844,115.33333333333326,3123.0,971.0,207.66666666666652,91.5,1034.5,1124.0,131.0,96.44444444444457,3144.777777777778,1389.3333333333333,152.55555555555566,86.0,3214.0,1088.0,136.0,101.59999999999991,2913.8,1237.0,142.19999999999982,100.60000000000002,2322.4,738.0,128.0,79.59999999999991,3006.0,1127.4,155.5999999999999,96.28571428571422,1684.857142857143,1593.5714285714287,107.42857142857133,72.60000000000002,3181.0,931.4,158.19999999999982,96.71428571428567,725.0,892.0,98.0,37.40000000000009,3523.2,1027.8,37.80000000000018
845,117.16666666666674,3133.0,977.5,204.83333333333348,92.625,1038.875,1124.25,135.5,98.55555555555543,3142.222222222222,1384.6666666666667,154.44444444444434,95.5,3212.5,1072.5,139.5,101.0,2914.5,1241.0,141.0,104.0,2323.0,736.0,140.0,79.75,3005.75,1127.0,156.5,95.85714285714289,1687.5714285714287,1592.7142857142858,114.28571428571422,73.0,3181.0,931.0,160.0,96.53571428571433,725.0,892.0,98.0,37.0,3534.0,1028.0,37.0
846,119.0,3143.0,984.0,202.0,93.75,1043.25,1124.5,140.0,100.66666666666674,3139.6666666666665,1380.0,156.33333333333348,105.0,3211.0,1057.0,143.0,100.40000000000009,2915.2,1245.0,139.80000000000018,103.81818181818187,2331.3636363636365,734.0,137.81818181818153,79.90000000000009,3005.5,1126.6,157.4000000000001,95.42857142857133,1690.2857142857142,1591.857142857143,121.14285714285711,73.39999999999998,3181.0,930.6,161.80000000000018,96.35714285714289,725.0,892.0,98.0,37.0,3539.0,1027.0,38.0
847,118.25,3143.25,986.5,203.25,94.875,1047.625,1124.75,144.5,102.77777777777783,3137.1111111111113,1375.3333333333333,158.22222222222217,103.0,3208.0,1053.0,145.0,99.79999999999995,2915.9,1249.0,138.5999999999999,103.63636363636363,2339.7272727272725,732.0,135.63636363636397,80.04999999999995,3005.25,1126.2,158.30000000000018,95.0,1693.0,1591.0,128.0,73.79999999999995,3181.0,930.2,163.5999999999999,96.17857142857144,725.0,892.0,98.0,38.0,3535.0,1031.0,39.0
848,117.5,3143.5,989.0,204.5,96.0,1052.0,1125.0,149.0,104.88888888888891,3134.5555555555557,1370.6666666666667,160.11111111111086,101.0,3205.0,1049.0,147.0,99.20000000000005,2916.6,1253.0,137.4000000000001,103.4545454545455,2348.090909090909,730.0,133.4545454545455,80.20000000000005,3005.0,1125.8,159.19999999999982,95.0769230769231,1699.3076923076924,1590.1538461538462,127.69230769230762,74.20000000000005,3181.0,929.8,165.4000000000001,96.0,725.0,892.0,98.0,39.0,3532.0,1030.0,40.0
849,116.75,3143.75,991.5,205.75,95.41666666666652,1056.4166666666667,1125.1666666666667,148.16666666666652,107.0,3132.0,1366.0,162.0,99.5,3204.0,1048.5,153.5,98.59999999999991,2917.3,1257.0,136.19999999999982,103.27272727272725,2356.4545454545455,728.0,131.27272727272702,80.34999999999991,3004.75,1125.4,160.0999999999999,95.15384615384619,1705.6153846153845,1589.3076923076924,127.38461538461547,74.60000000000002,3181.0,929.4,167.19999999999982,95.78125,725.0,892.0,98.0,39.5,3527.0,1033.5,40.5
850,116.0,3144.0,994.0,207.0,94.83333333333348,1060.8333333333333,1125.3333333333333,147.33333333333348,104.18181818181824,3131.7272727272725,1365.7272727272727,161.4545454545455,98.0,3203.0,1048.0,160.0,98.0,2918.0,1261.0,135.0,103.09090909090912,2364.818181818182,726.0,129.090909090909,80.5,3004.5,1125.0,161.0,95.23076923076906,1711.923076923077,1588.4615384615386,127.0769230769231,75.0,3181.0,929.0,169.0,95.5625,725.0,892.0,98.0,40.0,3522.0,1037.0,41.0
851,115.19999999999993,3145.8,993.6,208.19999999999982,94.25,1065.25,1125.5,146.5,101.36363636363626,3131.4545454545455,1365.4545454545455,160.909090909091,96.5,3205.5,1046.875,168.125,99.79999999999995,2918.0,1261.4,132.5999999999999,102.90909090909088,2373.181818181818,724.0,126.90909090909099,80.65000000000009,3004.25,1124.6,161.9000000000001,95.30769230769238,1718.2307692307693,1587.6153846153845,126.76923076923072,77.89999999999998,3181.3,928.6,167.69999999999982,95.34375,725.0,892.0,98.0,40.0,3514.6,1039.4,41.0
852,114.39999999999986,3147.6,993.2,209.4000000000001,93.66666666666652,1069.6666666666667,1125.6666666666667,145.66666666666652,98.5454545454545,3131.181818181818,1365.1818181818182,160.3636363636365,95.0,3208.0,1045.75,176.25,101.60000000000014,2918.0,1261.8,130.19999999999982,102.72727272727275,2381.5454545454545,722.0,124.72727272727298,80.79999999999995,3004.0,1124.2,162.80000000000018,95.38461538461547,1724.5384615384614,1586.7692307692307,126.46153846153857,80.79999999999995,3181.6,928.2,166.4000000000001,95.125,725.0,892.0,98.0,40.0,3507.2,1041.8,41.0
853,113.60000000000014,3149.4,992.8,210.5999999999999,93.08333333333348,1074.0833333333333,1125.8333333333333,144.83333333333348,95.72727272727275,3130.909090909091,1364.909090909091,159.81818181818153,93.5,3210.5,1044.625,184.375,103.39999999999986,2918.0,1262.2,127.80000000000018,102.5454545454545,2389.909090909091,720.0,122.5454545454545,80.95000000000005,3003.75,1123.8,163.69999999999982,95.46153846153857,1730.8461538461538,1585.923076923077,126.15384615384619,83.70000000000005,3181.9,927.8,165.0999999999999,94.90625,725.0,892.0,98.0,40.0,3499.8,1044.2,41.0
854,112.80000000000007,3151.2,992.4,211.80000000000018,92.5,1078.5,1126.0,144.0,92.90909090909076,3130.6363636363635,1364.6363636363637,159.27272727272748,92.0,3213.0,1043.5,192.5,105.20000000000005,2918.0,1262.6,125.40000000000009,102.36363636363637,2398.2727272727275,718.0,120.36363636363603,81.09999999999991,3003.5,1123.4,164.5999999999999,95.53846153846143,1737.1538461538462,1585.076923076923,125.84615384615381,86.60000000000002,3182.2,927.4,163.80000000000018,94.6875,725.0,892.0,98.0,40.0,3492.4,1046.6,41.0
855,112.0,3153.0,992.0,213.0,91.91666666666652,1082.9166666666667,1126.1666666666667,143.16666666666652,90.09090909090924,3130.3636363636365,1364.3636363636363,158.72727272727252,90.5,3215.5,1042.375,200.625,107.0,2918.0,1263.0,123.0,102.18181818181813,2406.6363636363635,716.0,118.18181818181847,81.25,3003.25,1123.0,165.5,95.61538461538453,1743.4615384615386,1584.2307692307693,125.53846153846143,89.5,3182.5,927.0,162.5,94.46875,725.0,892.0,98.0,40.0,3485.0,1049.0,41.0
856,111.19999999999993,3154.8,991.6,214.19999999999982,91.33333333333348,1087.3333333333333,1126.3333333333333,142.33333333333348,87.27272727272725,3130.090909090909,1364.090909090909,158.18181818181847,89.0,3218.0,1041.25,208.75,102.80000000000018,2917.6,1269.6,124.20000000000027,102.0,2415.0,714.0,116.0,81.40000000000009,3003.0,1122.6,166.4000000000001,95.69230769230762,1749.7692307692307,1583.3846153846155,125.23076923076928,92.39999999999998,3182.8,926.6,161.19999999999982,94.25,725.0,892.0,98.0,40.0,3474.0,1051.0,41.0
857,110.39999999999986,3156.6,991.2,215.4000000000001,90.75,1091.75,1126.5,141.5,84.4545454545455,3129.818181818182,1363.8181818181818,157.6363636363635,87.5,3220.5,1040.125,216.875,98.59999999999991,2917.2,1276.2,125.40000000000009,102.0,2416.5,711.75,124.5,81.54999999999995,3002.75,1122.2,167.30000000000018,95.76923076923094,1756.076923076923,1582.5384615384614,124.9230769230769,95.29999999999995,3183.1,926.2,159.9000000000001,94.03125,725.0,892.0,98.0,40.0,3473.5,1050.5,41.0
858,109.60000000000014,3158.4,990.8,216.5999999999999,90.16666666666652,1096.1666666666667,1126.6666666666667,140.66666666666652,81.63636363636374,3129.5454545454545,1363.5454545454545,157.090909090909,86.0,3223.0,1039.0,225.0,94.40000000000009,2916.8,1282.8,126.59999999999991,102.0,2418.0,709.5,133.0,81.70000000000005,3002.5,1121.8,168.19999999999982,95.84615384615381,1762.3846153846155,1581.6923076923076,124.61538461538453,98.20000000000005,3183.4,925.8,158.5999999999999,93.8125,725.0,892.0,98.0,40.0,3473.0,1050.0,41.0
859,108.80000000000007,3160.2,990.4,217.80000000000018,89.58333333333348,1100.5833333333333,1126.8333333333333,139.83333333333348,78.81818181818176,3129.2727272727275,1363.2727272727273,156.5454545454545,84.5,3227.0,1039.5,226.0,90.19999999999982,2916.4,1289.4,127.79999999999973,102.0,2419.5,707.25,141.5,81.84999999999991,3002.25,1121.4,169.0999999999999,95.9230769230769,1768.6923076923076,1580.8461538461538,124.30769230769238,101.10000000000002,3183.7,925.4,157.30000000000018,93.59375,725.0,892.0,98.0,40.0,3476.5,1048.5,41.0
860,108.0,3162.0,990.0,219.0,89.0,1105.0,1127.0,139.0,76.0,3129.0,1363.0,156.0,83.0,3231.0,1040.0,227.0,86.0,2916.0,1296.0,129.0,102.0,2421.0,705.0,150.0,82.0,3002.0,1121.0,170.0,96.0,1775.0,1580.0,124.0,104.0,3184.0,925.0,156.0,93.375,725.0,892.0,98.0,40.0,3480.0,1047.0,41.0
861,106.64999999999998,3160.6,990.4,215.70000000000027,89.0,1110.4,1127.4,139.0,79.0,3127.0,1357.4,157.0,83.0,3236.0,1039.3333333333333,228.33333333333348,85.29999999999995,2915.1,1298.8,129.4000000000001,101.22222222222229,2429.1111111111113,703.6666666666666,145.0,82.81818181818176,3004.6363636363635,1118.5454545454545,170.0,96.0,1779.75,1579.25,124.0,101.39999999999998,3184.8,926.6,160.39999999999964,93.15625,725.0,892.0,98.0,40.0,3479.8,1046.8,41.0
862,105.29999999999995,3159.2,990.8,212.4000000000001,89.0,1115.8,1127.8,139.0,82.0,3125.0,1351.8,158.0,83.0,3241.0,1038.6666666666667,229.66666666666652,84.60000000000014,2914.2,1301.6,129.80000000000018,100.44444444444446,2437.222222222222,702.3333333333334,140.0,83.63636363636374,3007.2727272727275,1116.090909090909,170.0,96.0,1784.5,1578.5,124.0,98.79999999999995,3185.6,928.2,164.80000000000018,92.9375,725.0,892.0,98.0,40.0,3479.6,1046.6,41.0
863,103.95000000000005,3157.8,991.2,209.0999999999999,89.0,1121.2,1128.2,139.0,85.0,3123.0,1346.2,159.0,83.0,3246.0,1038.0,231.0,83.89999999999986,2913.3,1304.4,130.19999999999982,99.66666666666663,2445.3333333333335,701.0,135.0,84.45454545454527,3009.909090909091,1113.6363636363637,170.0,96.0,1789.25,1577.75,124.0,96.20000000000005,3186.4,929.8,169.19999999999982,92.71875,725.0,892.0,98.0,40.0,3479.4,1046.4,41.0
864,102.60000000000002,3156.4,991.6,205.79999999999973,89.0,1126.6,1128.6,139.0,88.0,3121.0,1340.6,160.0,88.0,3250.0,1035.0,227.66666666666652,83.20000000000005,2912.4,1307.2,130.5999999999999,98.88888888888891,2453.4444444444443,699.6666666666666,130.0,85.27272727272725,3012.5454545454545,1111.1818181818182,170.0,96.0,1794.0,1577.0,124.0,93.60000000000002,3187.2,931.4,173.60000000000036,92.5,725.0,892.0,98.0,40.0,3479.2,1046.2,41.0
865,101.25,3155.0,992.0,202.5,89.0,1132.0,1129.0,139.0,91.0,3119.0,1335.0,161.0,93.0,3254.0,1032.0,224.33333333333348,82.5,2911.5,1310.0,131.0,98.11111111111109,2461.5555555555557,698.3333333333334,125.0,86.09090909090901,3015.181818181818,1108.7272727272727,170.0,96.0,1798.75,1576.25,124.0,91.0,3188.0,933.0,178.0,92.28125,725.0,892.0,98.0,40.0,3479.0,1046.0,41.0
866,99.89999999999998,3153.6,992.4,199.20000000000027,89.0,1136.1333333333334,1129.2,139.0,90.72727272727275,3118.7272727272725,1332.909090909091,161.09090909090946,98.0,3258.0,1029.0,221.0,81.79999999999995,2910.6,1312.8,131.4000000000001,97.33333333333337,2469.6666666666665,697.0,120.0,86.90909090909099,3017.818181818182,1106.2727272727273,170.0,96.0,1803.5,1575.5,124.0,92.83333333333337,3187.8333333333335,935.1666666666666,180.0,92.0625,725.0,892.0,98.0,40.0,3474.6,1045.4,41.0
867,98.54999999999995,3152.2,992.8,195.9000000000001,89.0,1140.2666666666667,1129.4,139.0,90.4545454545455,3118.4545454545455,1330.8181818181818,161.18181818181802,99.5,3261.5,1027.0,209.5,81.10000000000014,2909.7,1315.6,131.80000000000018,96.55555555555554,2477.777777777778,695.6666666666666,115.0,87.72727272727275,3020.4545454545455,1103.8181818181818,170.0,96.0,1808.25,1574.75,124.0,94.66666666666663,3187.6666666666665,937.3333333333334,182.0,91.84375,725.0,892.0,98.0,40.0,3470.2,1044.8,41.0
868,97.20000000000005,3150.8,993.2,192.5999999999999,89.0,1144.4,1129.6,139.0,90.18181818181824,3118.181818181818,1328.7272727272727,161.27272727272748,101.0,3265.0,1025.0,198.0,80.39999999999986,2908.8,1318.4,132.19999999999982,95.77777777777771,2485.8888888888887,694.3333333333334,110.0,88.54545454545473,3023.090909090909,1101.3636363636363,170.0,96.0,1813.0,1574.0,124.0,96.5,3187.5,939.5,184.0,91.625,725.0,892.0,98.0,40.0,3465.8,1044.2,41.0
869,95.85000000000002,3149.4,993.6,189.29999999999973,89.0,1148.5333333333333,1129.8,139.0,89.90909090909076,3117.909090909091,1326.6363636363637,161.3636363636365,100.5,3266.0,1024.25,198.25,79.70000000000005,2907.9,1321.2,132.5999999999999,95.0,2494.0,693.0,105.0,89.36363636363626,3025.7272727272725,1098.909090909091,170.0,96.0,1817.75,1573.25,124.0,98.33333333333337,3187.3333333333335,941.6666666666666,186.0,91.40625,725.0,892.0,98.0,40.0,3461.4,1043.6,41.0
870,94.5,3148.0,994.0,186.0,89.0,1152.6666666666667,1130.0,139.0,89.63636363636374,3117.6363636363635,1324.5454545454545,161.4545454545455,100.0,3267.0,1023.5,198.5,79.0,2907.0,1324.0,133.0,94.0,2494.2,692.0,113.40000000000009,90.18181818181824,3028.3636363636365,1096.4545454545455,170.0,96.0,1822.5,1572.5,124.0,100.16666666666663,3187.1666666666665,943.8333333333334,188.0,91.1875,725.0,892.0,98.0,40.0,3457.0,1043.0,41.0
871,93.14999999999998,3146.6,994.4,182.70000000000027,89.0,1156.8,1130.2,139.0,89.36363636363626,3117.3636363636365,1322.4545454545455,161.5454545454545,99.5,3268.0,1022.75,198.75,78.20000000000005,2902.5,1325.8,133.4000000000001,93.0,2494.4,691.0,121.79999999999973,91.0,3031.0,1094.0,170.0,96.0,1827.25,1571.75,124.0,102.0,3187.0,946.0,190.0,90.96875,725.0,892.0,98.0,39.0,3449.8,1042.8,40.79999999999973
872,91.79999999999995,3145.2,994.8,179.4000000000001,89.0,1160.9333333333334,1130.4,139.0,89.09090909090924,3117.090909090909,1320.3636363636363,161.6363636363635,99.0,3269.0,1022.0,199.0,77.40000000000009,2898.0,1327.6,133.80000000000018,92.0,2494.6,690.0,130.20000000000027,91.77777777777783,3030.4444444444443,1092.2222222222222,170.0,96.0,1832.0,1571.0,124.0,98.55555555555566,3188.3333333333335,945.1111111111111,189.5555555555552,90.75,725.0,892.0,98.0,38.0,3442.6,1042.6,40.59999999999991
873,90.45000000000005,3143.8,995.2,176.0999999999999,89.0,1165.0666666666666,1130.6,139.0,88.81818181818176,3116.818181818182,1318.2727272727273,161.72727272727252,97.375,3266.625,1022.5,194.0,76.59999999999991,2893.5,1329.4,134.19999999999982,91.0,2494.8,689.0,138.5999999999999,92.55555555555566,3029.8888888888887,1090.4444444444443,170.0,96.0,1836.75,1570.25,124.0,95.11111111111109,3189.6666666666665,944.2222222222222,189.1111111111113,90.53125,725.0,892.0,98.0,37.0,3435.4,1042.4,40.40000000000009
874,89.10000000000002,3142.4,995.6,172.79999999999973,89.0,1169.2,1130.8,139.0,88.5454545454545,3116.5454545454545,1316.1818181818182,161.81818181818198,95.75,3264.25,1023.0,189.0,75.79999999999995,2889.0,1331.2,134.5999999999999,90.0,2495.0,688.0,147.0,93.33333333333326,3029.3333333333335,1088.6666666666667,170.0,96.0,1841.5,1569.5,124.0,91.66666666666663,3191.0,943.3333333333334,188.66666666666652,90.3125,725.0,892.0,98.0,36.0,3428.2,1042.2,40.20000000000027
875,87.75,3141.0,996.0,169.5,89.0,1173.3333333333333,1131.0,139.0,88.27272727272725,3116.2727272727275,1314.090909090909,161.90909090909054,94.125,3261.875,1023.5,184.0,75.0,2884.5,1333.0,135.0,89.0,2505.8333333333335,686.8333333333334,141.16666666666652,94.11111111111109,3028.777777777778,1086.888888888889,170.0,96.0,1846.25,1568.75,124.0,88.22222222222229,3192.3333333333335,942.4444444444445,188.22222222222217,90.09375,725.0,892.0,98.0,35.0,3421.0,1042.0,40.0
876,86.39999999999998,3139.6,996.4,166.20000000000027,89.0,1177.4666666666667,1131.2,139.0,88.0,3116.0,1312.0,162.0,92.5,3259.5,1024.0,179.0,74.20000000000005,2880.0,1334.8,135.4000000000001,88.0,2516.6666666666665,685.6666666666666,135.33333333333348,94.88888888888891,3028.222222222222,1085.111111111111,170.0,96.0,1851.0,1568.0,124.0,84.77777777777771,3193.6666666666665,941.5555555555555,187.77777777777783,89.875,725.0,892.0,98.0,35.25,3413.0,1038.25,39.0
877,85.04999999999995,3138.2,996.8,162.9000000000001,89.0,1181.6,1131.4,139.0,87.75,3109.5,1309.5,165.25,90.875,3257.125,1024.5,174.0,73.40000000000009,2875.5,1336.6,135.80000000000018,87.0,2527.5,684.5,129.5,95.66666666666674,3027.6666666666665,1083.3333333333333,170.0,96.0,1855.75,1567.25,124.0,81.33333333333337,3195.0,940.6666666666666,187.33333333333348,89.65625,725.0,892.0,98.0,35.5,3405.0,1034.5,38.0
878,83.70000000000005,3136.8,997.2,159.5999999999999,89.0,1185.7333333333333,1131.6,139.0,87.5,3103.0,1307.0,168.5,89.25,3254.75,1025.0,169.0,72.59999999999991,2871.0,1338.4,136.19999999999982,86.0,2538.3333333333335,683.3333333333334,123.66666666666652,96.44444444444434,3027.1111111111113,1081.5555555555557,170.0,96.0,1860.5,1566.5,124.0,77.8888888888888,3196.3333333333335,939.7777777777778,186.8888888888887,89.4375,725.0,892.0,98.0,35.75,3397.0,1030.75,37.0
879,82.35000000000002,3135.4,997.6,156.29999999999973,89.0,1189.8666666666666,1131.8,139.0,87.25,3096.5,1304.5,171.75,87.625,3252.375,1025.5,164.0,71.79999999999995,2866.5,1340.2,136.5999999999999,85.0,2549.1666666666665,682.1666666666666,117.83333333333348,97.22222222222217,3026.5555555555557,1079.7777777777778,170.0,96.0,1865.25,1565.75,124.0,74.44444444444446,3197.6666666666665,938.8888888888889,186.4444444444448,89.21875,725.0,892.0,98.0,36.0,3389.0,1027.0,36.0
880,81.0,3134.0,998.0,153.0,89.0,1194.0,1132.0,139.0,87.0,3090.0,1302.0,175.0,86.0,3250.0,1026.0,159.0,71.0,2862.0,1342.0,137.0,84.0,2560.0,681.0,112.0,98.0,3026.0,1078.0,170.0,96.0,1870.0,1565.0,124.0,71.0,3199.0,938.0,186.0,89.0,725.0,892.0,98.0,36.0,3386.0,1031.0,35.0
881,82.04761904761915,3129.1428571428573,995.6190476190476,152.7619047619046,89.64285714285711,1196.9285714285713,1130.5714285714287,139.21428571428578,87.33333333333326,3086.2380952380954,1300.5714285714287,174.0476190476188,89.75,3249.25,1025.25,164.25,72.30000000000018,2858.7,1342.1,132.60000000000036,84.375,2563.375,679.125,118.5,98.09523809523807,3024.9523809523807,1075.5238095238096,168.38095238095275,96.0,1874.8823529411766,1564.5294117647059,123.94117647058806,72.14285714285711,3201.8571428571427,935.8571428571429,184.0,89.0,725.0,892.0,98.0,36.0,3387.0,1038.0,35.0
882,83.09523809523807,3124.285714285714,993.2380952380952,152.52380952380963,90.28571428571422,1199.857142857143,1129.142857142857,139.42857142857133,87.66666666666674,3082.4761904761904,1299.142857142857,173.09523809523807,93.5,3248.5,1024.5,169.5,73.59999999999991,2855.4,1342.2,128.19999999999982,84.75,2566.75,677.25,125.0,98.19047619047615,3023.904761904762,1073.047619047619,166.7619047619046,96.0,1879.764705882353,1564.0588235294117,123.88235294117658,73.28571428571433,3204.714285714286,933.7142857142857,182.0,89.0,725.0,892.0,98.0,36.0,3391.25,1054.5,35.0
883,84.14285714285711,3119.4285714285716,990.8571428571429,152.28571428571422,90.92857142857133,1202.7857142857142,1127.7142857142858,139.6428571428571,88.0,3078.714285714286,1297.7142857142858,172.14285714285688,97.25,3247.75,1023.75,174.75,74.90000000000009,2852.1,1342.3,123.80000000000018,85.125,2570.125,675.375,131.5,98.28571428571422,3022.8571428571427,1070.5714285714287,165.14285714285734,96.0,1884.6470588235295,1563.5882352941176,123.82352941176464,74.42857142857144,3207.5714285714284,931.5714285714286,180.0,89.0,725.0,892.0,98.0,36.0,3395.5,1071.0,35.0
884,85.19047619047626,3114.5714285714284,988.4761904761905,152.04761904761926,91.57142857142867,1205.7142857142858,1126.2857142857142,139.8571428571429,88.33333333333348,3074.9523809523807,1296.2857142857142,171.1904761904766,101.0,3247.0,1023.0,180.0,76.19999999999982,2848.8,1342.4,119.39999999999964,85.5,2573.5,673.5,138.0,98.3809523809523,3021.809523809524,1068.095238095238,163.52380952380963,96.0,1889.5294117647059,1563.1176470588234,123.76470588235293,75.57142857142856,3210.4285714285716,929.4285714285714,178.0,89.0,725.0,892.0,98.0,36.0,3399.75,1087.5,35.0
885,86.23809523809518,3109.714285714286,986.0952380952381,151.80952380952385,92.21428571428578,1208.642857142857,1124.857142857143,140.07142857142867,88.66666666666674,3071.190476190476,1294.857142857143,170.2380952380954,114.5,3252.5,1022.0,179.0,77.5,2845.5,1342.5,115.0,85.875,2576.875,671.625,144.5,98.47619047619037,3020.7619047619046,1065.6190476190477,161.90476190476193,96.0,1894.4117647058824,1562.6470588235295,123.70588235294099,76.71428571428567,3213.285714285714,927.2857142857143,176.0,89.0,725.0,892.0,98.0,36.0,3404.0,1104.0,35.0
886,87.28571428571433,3104.8571428571427,983.7142857142857,151.5714285714289,92.85714285714289,1211.5714285714287,1123.4285714285713,140.28571428571422,89.0,3067.4285714285716,1293.4285714285713,169.28571428571422,128.0,3258.0,1021.0,178.0,78.80000000000018,2842.2,1342.6,110.60000000000036,86.25,2580.25,669.75,151.0,98.57142857142867,3019.714285714286,1063.142857142857,160.28571428571422,96.0,1899.2941176470588,1562.1764705882354,123.6470588235295,77.85714285714289,3216.1428571428573,925.1428571428571,174.0,89.0,725.0,892.0,98.0,36.0,3408.6666666666665,1113.6666666666667,35.0
887,88.33333333333337,3100.0,981.3333333333334,151.33333333333348,93.5,1214.5,1122.0,140.5,89.33333333333326,3063.6666666666665,1292.0,168.33333333333348,132.33333333333337,3263.0,1020.6666666666666,177.66666666666652,80.09999999999991,2838.9,1342.7,106.19999999999982,86.625,2583.625,667.875,157.5,98.66666666666652,3018.6666666666665,1060.6666666666667,158.66666666666697,96.0,1904.1764705882354,1561.7058823529412,123.58823529411757,79.0,3219.0,923.0,172.0,89.0,725.0,892.0,98.0,36.0,3413.3333333333335,1123.3333333333333,35.0
888,89.3809523809523,3095.1428571428573,978.952380952381,151.09523809523807,94.14285714285711,1217.4285714285713,1120.5714285714287,140.71428571428578,89.66666666666652,3059.904761904762,1290.5714285714287,167.3809523809523,136.66666666666663,3268.0,1020.3333333333334,177.33333333333348,81.40000000000009,2835.6,1342.8,101.80000000000018,87.0,2587.0,666.0,164.0,98.76190476190482,3017.6190476190477,1058.1904761904761,157.0476190476188,96.0,1909.0588235294117,1561.235294117647,123.52941176470586,82.75,3219.75,920.375,170.0,89.0,725.0,892.0,98.0,36.0,3418.0,1133.0,35.0
889,90.42857142857144,3090.285714285714,976.5714285714286,150.85714285714312,94.78571428571422,1220.357142857143,1119.142857142857,140.92857142857133,90.0,3056.1428571428573,1289.142857142857,166.4285714285711,141.0,3273.0,1020.0,177.0,82.69999999999982,2832.3,1342.9,97.39999999999964,87.33333333333337,2591.6666666666665,664.0,163.66666666666697,98.85714285714289,3016.5714285714284,1055.7142857142858,155.42857142857156,96.0,1913.9411764705883,1560.764705882353,123.47058823529414,86.5,3220.5,917.75,168.0,89.0,725.0,892.0,98.0,36.0,3431.0,1133.0,35.0
890,91.4761904761906,3085.4285714285716,974.1904761904761,150.6190476190477,95.42857142857133,1223.2857142857142,1117.7142857142858,141.1428571428571,90.33333333333326,3052.3809523809523,1287.7142857142858,165.47619047619037,118.5,3279.0,1019.0,186.5,84.0,2829.0,1343.0,93.0,87.66666666666663,2596.3333333333335,662.0,163.33333333333303,98.95238095238096,3015.5238095238096,1053.2380952380952,153.80952380952385,96.0,1918.8235294117646,1560.2941176470588,123.41176470588243,90.25,3221.25,915.125,166.0,89.0,725.0,892.0,98.0,36.0,3449.0,1133.0,35.0
891,92.5238095238094,3080.5714285714284,971.8095238095239,150.3809523809523,96.07142857142867,1226.2142857142858,1116.2857142857142,141.3571428571429,90.66666666666674,3048.6190476190477,1286.2857142857142,164.52380952380963,96.0,3285.0,1018.0,196.0,84.0,2817.25,1342.75,101.5,88.0,2601.0,660.0,163.0,99.04761904761904,3014.4761904761904,1050.7619047619048,152.19047619047615,96.0,1923.7058823529412,1559.8235294117646,123.3529411764705,94.0,3222.0,912.5,164.0,89.0,725.0,892.0,98.0,36.33333333333326,3463.6666666666665,1130.0,35.66666666666697
892,93.57142857142856,3075.714285714286,969.4285714285714,150.14285714285688,96.71428571428578,1229.142857142857,1114.857142857143,141.57142857142867,91.0,3044.8571428571427,1284.857142857143,163.5714285714289,97.66666666666674,3292.3333333333335,1013.0,190.66666666666652,84.0,2805.5,1342.5,110.0,88.5,2612.5,658.6666666666666,155.66666666666652,99.14285714285711,3013.4285714285716,1048.2857142857142,150.57142857142844,96.0,1928.5882352941176,1559.3529411764705,123.29411764705901,97.75,3222.75,909.875,162.0,89.0,725.0,892.0,98.0,36.66666666666674,3478.3333333333335,1127.0,36.33333333333303
893,94.6190476190477,3070.8571428571427,967.047619047619,149.90476190476193,97.35714285714289,1232.0714285714287,1113.4285714285713,141.78571428571422,91.33333333333348,3041.095238095238,1283.4285714285713,162.6190476190477,99.33333333333326,3299.6666666666665,1008.0,185.33333333333348,84.0,2793.75,1342.25,118.5,89.0,2624.0,657.3333333333334,148.33333333333348,99.23809523809518,3012.3809523809523,1045.8095238095239,148.9523809523812,96.0,1933.4705882352941,1558.8823529411766,123.23529411764684,101.5,3223.5,907.25,160.0,89.0,725.0,892.0,98.0,37.0,3493.0,1124.0,37.0
894,95.66666666666663,3066.0,964.6666666666666,149.66666666666652,98.0,1235.0,1112.0,142.0,91.66666666666674,3037.3333333333335,1282.0,161.66666666666652,101.0,3307.0,1003.0,180.0,84.0,2782.0,1342.0,127.0,89.5,2635.5,656.0,141.0,99.33333333333348,3011.3333333333335,1043.3333333333333,147.33333333333303,96.0,1938.3529411764705,1558.4117647058824,123.17647058823536,105.25,3224.25,904.625,158.0,89.0,725.0,892.0,98.0,37.0,3493.0,1120.0,37.5
895,96.71428571428567,3061.1428571428573,962.2857142857143,149.4285714285711,99.28571428571422,1237.857142857143,1111.5714285714287,139.42857142857133,92.0,3033.5714285714284,1280.5714285714287,160.71428571428578,101.66666666666663,3314.3333333333335,1002.3333333333334,174.0,84.0,2781.3333333333335,1341.3333333333333,123.33333333333303,90.0,2647.0,654.6666666666666,133.66666666666652,99.42857142857133,3010.285714285714,1040.857142857143,145.71428571428578,96.0,1943.235294117647,1557.9411764705883,123.11764705882365,109.0,3225.0,902.0,156.0,89.0,725.0,892.0,98.0,37.0,3493.0,1116.0,38.0
896,97.76190476190482,3056.285714285714,959.9047619047619,149.19047619047615,100.57142857142867,1240.7142857142858,1111.142857142857,136.8571428571429,92.33333333333326,3029.809523809524,1279.142857142857,159.7619047619046,102.33333333333337,3321.6666666666665,1001.6666666666666,168.0,84.0,2780.6666666666665,1340.6666666666667,119.66666666666697,90.5,2658.5,653.3333333333334,126.33333333333348,99.52380952380963,3009.2380952380954,1038.3809523809523,144.09523809523807,96.0,1948.1176470588234,1557.4705882352941,123.05882352941171,108.0,3225.6666666666665,899.3333333333334,154.0,89.0,725.0,892.0,98.0,37.0,3489.6666666666665,1110.8333333333333,38.5
897,98.80952380952374,3051.4285714285716,957.5238095238095,148.95238095238074,101.85714285714289,1243.5714285714287,1110.7142857142858,134.28571428571422,92.66666666666652,3026.0476190476193,1277.7142857142858,158.8095238095234,103.0,3329.0,1001.0,162.0,84.0,2780.0,1340.0,116.0,91.0,2670.0,652.0,119.0,99.6190476190477,3008.190476190476,1035.904761904762,142.47619047619037,96.0,1953.0,1557.0,123.0,107.0,3226.3333333333335,896.6666666666666,152.0,89.0,725.0,892.0,98.0,37.0,3486.3333333333335,1105.6666666666667,39.0
898,99.85714285714289,3046.5714285714284,955.1428571428571,148.71428571428578,103.14285714285711,1246.4285714285713,1110.2857142857142,131.71428571428578,93.0,3022.285714285714,1276.2857142857142,157.85714285714312,100.5,3332.25,1002.75,161.25,84.0,2770.0,1339.5,112.25,91.75,2670.25,650.5,123.0,99.71428571428578,3007.1428571428573,1033.4285714285713,140.85714285714266,96.0,1961.5,1557.25,116.75,106.0,3227.0,894.0,150.0,89.0,725.0,892.0,98.0,37.0,3483.0,1100.5,39.5
899,100.90476190476193,3041.714285714286,952.7619047619048,148.47619047619037,104.42857142857133,1249.2857142857142,1109.857142857143,129.1428571428571,93.33333333333326,3018.5238095238096,1274.857142857143,156.90476190476193,98.0,3335.5,1004.5,160.5,84.0,2760.0,1339.0,108.5,92.5,2670.5,649.0,127.0,99.80952380952385,3006.095238095238,1030.952380952381,139.2380952380954,96.0,1970.0,1557.5,110.5,96.33333333333326,3227.6666666666665,891.3333333333334,148.0,89.0,725.0,892.0,98.0,37.0,3479.6666666666665,1095.3333333333333,40.0
900,101.95238095238085,3036.8571428571427,950.3809523809524,148.2380952380954,105.71428571428578,1252.142857142857,1109.4285714285713,126.57142857142867,93.66666666666674,3014.7619047619046,1273.4285714285713,155.9523809523812,95.5,3338.75,1006.25,159.75,84.0,2750.0,1338.5,104.75,93.25,2670.75,647.5,131.0,99.90476190476193,3005.0476190476193,1028.4761904761904,137.61904761904725,96.0,1978.5,1557.75,104.25,86.66666666666674,3228.3333333333335,888.6666666666666,146.0,89.0,725.0,892.0,98.0,37.0,3476.3333333333335,1090.1666666666667,40.5
901,103.0,3032.0,948.0,148.0,107.0,1255.0,1109.0,124.0,94.0,3011.0,1272.0,155.0,93.0,3342.0,1008.0,159.0,84.0,2740.0,1338.0,101.0,94.0,2671.0,646.0,135.0,100.0,3004.0,1026.0,136.0,96.0,1987.0,1558.0,98.0,77.0,3229.0,886.0,144.0,89.0,725.0,892.0,98.0,37.0,3473.0,1085.0,41.0
