TeamID,0,0,0,0,0,0,0,0,0,0,0,0,0,0,0,0,0,0,0,0,1,1,1,1,1,1,1,1,1,1,1,1,1,1,1,1,1,1,1,1,BALL,BALL,BALL,BALL
PlayerID,1,1,1,1,2,2,2,2,3,3,3,3,4,4,4,4,5,5,5,5,0,0,0,0,1,1,1,1,2,2,2,2,3,3,3,3,4,4,4,4,BALL,BALL,BALL,BALL
Attributes,bb_height,bb_left,bb_top,bb_width,bb_height,bb_left,bb_top,bb_width,bb_height,bb_left,bb_top,bb_width,bb_height,bb_left,bb_top,bb_width,bb_height,bb_left,bb_top,bb_width,bb_height,bb_left,bb_top,bb_width,bb_height,bb_left,bb_top,bb_width,bb_height,bb_left,bb_top,bb_width,bb_height,bb_left,bb_top,bb_width,bb_height,bb_left,bb_top,bb_width,bb_height,bb_left,bb_top,bb_width
frame,,,,,,,,,,,,,,,,,,,,,,,,,,,,,,,,,,,,,,,,,,,,
1,77.0,571.0,1049.0,158.0,106.0,1153.0,838.0,120.0,110.0,575.0,735.0,113.0,86.0,706.0,1412.0,130.0,117.0,982.0,984.0,110.0,102.0,1317.0,997.0,135.0,126.0,615.0,786.0,132.0,122.0,744.0,1777.0,129.0,107.0,867.0,408.0,151.0,120.0,1308.0,1373.0,105.0,30.0,1323.0,1053.0,34.0
2,77.125,571.0,1048.875,158.0,110.14285714285711,1154.0,835.2857142857143,120.57142857142867,111.75,576.0,730.75,113.25,87.16666666666674,706.5,1411.0,133.16666666666663,117.63157894736833,982.0,984.0,109.78947368421063,105.42857142857156,1319.2857142857142,993.1428571428571,132.8571428571429,127.55555555555554,613.8888888888889,784.5555555555555,132.33333333333326,122.80000000000018,741.0,1779.6,132.20000000000005,106.4375,874.25,412.0,150.4375,118.80000000000018,1304.8,1376.6,108.20000000000005,30.0,1323.0,1052.0,34.0
3,77.25,571.0,1048.75,158.0,114.28571428571433,1155.0,832.5714285714286,121.14285714285711,113.5,577.0,726.5,113.5,88.33333333333326,707.0,1410.0,136.33333333333337,118.26315789473688,982.0,984.0,109.57894736842104,108.85714285714278,1321.5714285714287,989.2857142857143,130.71428571428555,129.1111111111111,612.7777777777778,783.1111111111111,132.66666666666663,123.59999999999991,738.0,1782.2,135.39999999999998,105.875,881.5,416.0,149.875,117.59999999999991,1301.6,1380.2,111.40000000000009,30.0,1321.0,1041.0,34.0
4,77.375,571.0,1048.625,158.0,118.42857142857144,1156.0,829.8571428571429,121.71428571428578,115.25,578.0,722.25,113.75,89.5,707.5,1409.0,139.5,118.8947368421052,982.0,984.0,109.36842105263167,112.28571428571433,1323.857142857143,985.4285714285714,128.57142857142844,130.66666666666674,611.6666666666666,781.6666666666666,133.0,124.40000000000009,735.0,1784.8,138.60000000000002,105.3125,888.75,420.0,149.3125,116.40000000000009,1298.4,1383.8,114.59999999999991,30.0,1327.5,1024.0,34.0
5,77.5,571.0,1048.5,158.0,122.57142857142856,1157.0,827.1428571428571,122.28571428571422,117.0,579.0,718.0,114.0,90.66666666666674,708.0,1408.0,142.66666666666663,119.52631578947376,982.0,984.0,109.15789473684208,115.71428571428567,1326.142857142857,981.5714285714286,126.42857142857156,132.22222222222229,610.5555555555555,780.2222222222222,133.33333333333337,125.19999999999982,732.0,1787.4,141.79999999999995,104.75,896.0,424.0,148.75,115.19999999999982,1295.2,1387.4,117.79999999999995,30.0,1334.0,1007.0,34.0
6,77.625,571.0,1048.375,158.0,126.71428571428567,1158.0,824.4285714285714,122.85714285714289,118.16666666666663,580.0,717.5,125.66666666666663,91.83333333333326,708.5,1407.0,145.83333333333337,120.15789473684208,982.0,984.0,108.94736842105272,119.14285714285722,1328.4285714285713,977.7142857142857,124.28571428571445,133.77777777777771,609.4444444444445,778.7777777777778,133.66666666666663,126.0,729.0,1790.0,145.0,104.1875,903.25,428.0,148.1875,114.0,1292.0,1391.0,121.0,30.0,1344.5,992.5,34.0
7,77.75,571.0,1048.25,158.0,130.8571428571429,1159.0,821.7142857142857,123.42857142857133,119.33333333333337,581.0,717.0,137.33333333333337,93.0,709.0,1406.0,149.0,120.78947368421063,982.0,984.0,108.73684210526312,122.57142857142844,1330.7142857142858,973.8571428571429,122.14285714285711,135.33333333333326,608.3333333333334,777.3333333333334,134.0,121.83333333333326,724.0,1797.6666666666667,143.83333333333337,103.625,910.5,432.0,147.625,119.0,1288.0,1389.0,119.0,30.0,1355.0,978.0,34.0
8,77.875,571.0,1048.125,158.0,135.0,1160.0,819.0,124.0,120.5,582.0,716.5,149.0,94.0769230769231,709.4615384615385,1405.076923076923,148.30769230769226,121.42105263157896,982.0,984.0,108.52631578947376,126.0,1333.0,970.0,120.0,136.8888888888889,607.2222222222222,775.8888888888889,134.33333333333337,117.66666666666674,719.0,1805.3333333333333,142.66666666666663,103.0625,917.75,436.0,147.0625,112.0,1283.5,1399.5,118.0,30.0,1369.5,975.5,34.0
9,78.0,571.0,1048.0,158.0,133.0,1161.125,816.375,124.375,121.66666666666663,583.0,716.0,160.66666666666663,95.15384615384619,709.9230769230769,1404.1538461538462,147.61538461538464,122.05263157894728,982.0,984.0,108.31578947368416,126.41666666666663,1332.3333333333333,969.8333333333334,119.0,138.44444444444446,606.1111111111111,774.4444444444445,134.66666666666674,113.5,714.0,1813.0,141.5,102.5,925.0,440.0,146.5,105.0,1279.0,1410.0,117.0,30.0,1384.0,973.0,34.0
10,78.125,571.0,1047.875,158.0,131.0,1162.25,813.75,124.75,122.83333333333337,584.0,715.5,172.33333333333337,96.23076923076928,710.3846153846154,1403.2307692307693,146.9230769230769,122.68421052631584,982.0,984.0,108.1052631578948,126.83333333333337,1331.6666666666667,969.6666666666666,118.0,140.0,605.0,773.0,135.0,109.33333333333326,709.0,1820.6666666666667,140.33333333333337,101.9375,932.25,444.0,145.9375,98.0,1274.5,1420.5,116.0,30.0,1395.0,972.0,34.0
11,78.25,571.0,1047.75,158.0,129.0,1163.375,811.125,125.125,124.0,585.0,715.0,184.0,97.30769230769215,710.8461538461538,1402.3076923076924,146.23076923076928,123.31578947368416,982.0,984.0,107.8947368421052,127.25,1331.0,969.5,117.0,141.0,603.4,771.6,134.80000000000007,105.16666666666674,704.0,1828.3333333333333,139.16666666666663,101.375,939.5,448.0,145.375,91.0,1270.0,1431.0,115.0,30.0,1396.0,971.5,34.0
12,78.375,571.0,1047.625,158.0,127.0,1164.5,808.5,125.5,121.66666666666663,588.6666666666666,714.0,188.66666666666674,98.38461538461524,711.3076923076923,1401.3846153846155,145.53846153846155,123.94736842105272,982.0,984.0,107.68421052631584,127.66666666666663,1330.3333333333333,969.3333333333334,116.0,142.0,601.8,770.2,134.60000000000002,101.0,699.0,1836.0,138.0,100.8125,946.75,452.0,144.8125,87.0,1267.6666666666667,1439.3333333333333,113.0,30.0,1397.0,971.0,34.0
13,78.5,571.0,1047.5,158.0,125.0,1165.625,805.875,125.875,119.33333333333337,592.3333333333334,713.0,193.33333333333326,99.46153846153834,711.7692307692307,1400.4615384615386,144.84615384615392,124.57894736842104,982.0,984.0,107.47368421052624,128.08333333333337,1329.6666666666667,969.1666666666666,115.0,143.0,600.2,768.8,134.39999999999998,103.625,697.375,1836.625,136.875,100.25,954.0,456.0,144.25,83.0,1265.3333333333333,1447.6666666666667,111.0,30.0,1390.0,969.6666666666666,34.0
14,78.625,571.0,1047.375,158.0,123.0,1166.75,803.25,126.25,117.0,596.0,712.0,198.0,100.53846153846166,712.2307692307693,1399.5384615384614,144.15384615384608,125.21052631578937,982.0,984.0,107.26315789473688,128.5,1329.0,969.0,114.0,144.0,598.6,767.4,134.19999999999993,106.25,695.75,1837.25,135.75,99.6875,961.25,460.0,143.6875,79.0,1263.0,1456.0,109.0,30.0,1383.0,968.3333333333334,34.0
15,78.75,571.0,1047.25,158.0,121.0,1167.875,800.625,126.625,112.0,595.8333333333334,711.6666666666666,203.16666666666663,101.61538461538476,712.6923076923077,1398.6153846153845,143.46153846153845,125.84210526315792,982.0,984.0,107.05263157894728,128.91666666666663,1328.3333333333333,968.8333333333334,113.0,145.0,597.0,766.0,134.0,108.875,694.125,1837.875,134.625,99.125,968.5,464.0,143.125,85.83333333333348,1260.6666666666667,1453.3333333333333,107.16666666666652,30.0,1376.0,967.0,34.0
16,78.875,571.0,1047.125,158.0,119.0,1169.0,798.0,127.0,107.0,595.6666666666666,711.3333333333334,208.33333333333337,102.69230769230785,713.1538461538462,1397.6923076923076,142.76923076923072,126.47368421052624,982.0,984.0,106.84210526315792,129.33333333333337,1327.6666666666667,968.6666666666666,112.0,142.0,593.0,760.5,134.5,111.5,692.5,1838.5,133.5,98.5625,975.75,468.0,142.5625,92.66666666666652,1258.3333333333333,1450.6666666666667,105.33333333333348,30.0,1366.5,972.0,34.0
17,79.0,571.0,1047.0,158.0,127.75,1169.0,792.75,127.5,102.0,595.5,711.0,213.5,103.76923076923072,713.6153846153846,1396.7692307692307,142.0769230769231,127.1052631578948,982.0,984.0,106.63157894736833,129.75,1327.0,968.5,111.0,139.0,589.0,755.0,135.0,114.125,690.875,1839.125,132.375,98.0,983.0,472.0,142.0,99.5,1256.0,1448.0,103.5,30.0,1357.0,977.0,34.0
18,79.125,571.0,1046.875,158.0,136.5,1169.0,787.5,128.0,97.0,595.3333333333334,710.6666666666666,218.66666666666663,104.84615384615381,714.0769230769231,1395.8461538461538,141.38461538461536,127.73684210526312,982.0,984.0,106.42105263157896,130.16666666666663,1326.3333333333333,968.3333333333334,110.0,136.33333333333337,588.0,755.0,135.33333333333337,116.75,689.25,1839.75,131.25,99.66666666666669,989.0,475.6666666666667,147.66666666666674,106.33333333333348,1253.6666666666667,1445.3333333333333,101.66666666666652,30.0,1350.6666666666667,989.0,34.0
19,79.25,571.0,1046.75,158.0,145.25,1169.0,782.25,128.5,92.0,595.1666666666666,710.3333333333334,223.83333333333337,105.9230769230769,714.5384615384615,1394.923076923077,140.69230769230774,128.36842105263167,982.0,984.0,106.21052631578937,130.58333333333337,1325.6666666666667,968.1666666666666,109.0,133.66666666666663,587.0,755.0,135.66666666666663,119.375,687.625,1840.375,130.125,101.33333333333331,995.0,479.3333333333333,153.33333333333326,113.16666666666652,1251.3333333333333,1442.6666666666667,99.83333333333348,30.0,1344.3333333333333,1001.0,34.0
20,79.375,571.0,1046.625,158.0,154.0,1169.0,777.0,129.0,87.0,595.0,710.0,229.0,107.0,715.0,1394.0,140.0,129.0,982.0,984.0,106.0,131.0,1325.0,968.0,108.0,131.0,586.0,755.0,136.0,122.0,686.0,1841.0,129.0,103.0,1001.0,483.0,159.0,120.0,1249.0,1440.0,98.0,30.0,1338.0,1013.0,34.0
21,79.5,571.0,1046.5,158.0,173.0,1174.0,776.0,129.0,91.39999999999998,598.4,710.6,224.60000000000002,107.25,715.25,1393.8333333333333,141.0,127.66666666666663,983.6666666666666,981.3333333333334,106.00000000000011,132.25,1324.25,970.25,108.25,128.20000000000005,586.0,758.0,136.0,120.36363636363626,682.6363636363636,1843.6363636363637,131.36363636363637,104.88888888888891,1003.7777777777778,487.55555555555554,157.55555555555543,127.0,1247.0,1434.0,99.5,30.0,1328.0,1027.0,34.0
22,79.625,571.0,1046.375,158.0,179.71428571428567,1180.857142857143,767.8571428571429,129.0,95.79999999999995,601.8,711.2,220.20000000000005,107.5,715.5,1393.6666666666667,142.0,126.33333333333337,985.3333333333334,978.6666666666666,105.99999999999989,133.5,1323.5,972.5,108.5,125.39999999999998,586.0,761.0,136.0,118.72727272727275,679.2727272727273,1846.2727272727273,133.72727272727275,106.77777777777783,1006.5555555555555,492.1111111111111,156.1111111111112,134.0,1245.0,1428.0,101.0,30.0,1320.0,1042.0,34.0
23,79.75,571.0,1046.25,158.0,186.42857142857144,1187.7142857142858,759.7142857142857,129.0,100.20000000000005,605.2,711.8,215.79999999999995,107.75,715.75,1393.5,143.0,125.0,987.0,976.0,106.0,134.75,1322.75,974.75,108.75,122.60000000000002,586.0,764.0,136.0,117.09090909090901,675.9090909090909,1848.909090909091,136.09090909090912,108.66666666666669,1009.3333333333334,496.6666666666667,154.66666666666663,132.0,1244.1666666666667,1429.6666666666667,102.66666666666652,30.0,1312.0,1057.0,34.0
24,79.875,571.0,1046.125,158.0,193.1428571428571,1194.5714285714287,751.5714285714286,129.0,104.60000000000002,608.6,712.4,211.39999999999998,108.0,716.0,1393.3333333333333,144.0,128.66666666666663,991.6666666666666,972.3333333333334,109.33333333333337,136.0,1322.0,977.0,109.0,119.79999999999995,586.0,767.0,136.0,115.4545454545455,672.5454545454545,1851.5454545454545,138.4545454545455,110.5555555555556,1012.1111111111111,501.22222222222223,153.22222222222217,130.0,1243.3333333333333,1431.3333333333333,104.33333333333348,30.0,1305.5,1087.5,34.0
25,80.0,571.0,1046.0,158.0,199.8571428571429,1201.4285714285713,743.4285714285714,129.0,109.0,612.0,713.0,207.0,108.25,716.25,1393.1666666666667,145.0,132.33333333333337,996.3333333333334,968.6666666666666,112.66666666666663,134.45454545454538,1321.090909090909,976.6363636363636,109.63636363636374,117.0,586.0,770.0,136.0,113.81818181818176,669.1818181818181,1854.1818181818182,140.81818181818187,112.4444444444444,1014.8888888888889,505.77777777777777,151.77777777777783,128.0,1242.5,1433.0,106.0,30.0,1299.0,1118.0,34.0
26,80.125,571.0,1045.875,158.0,206.57142857142856,1208.2857142857142,735.2857142857143,129.0,120.33333333333337,614.6666666666666,714.0,203.66666666666674,108.5,716.5,1393.0,146.0,136.0,1001.0,965.0,116.0,132.909090909091,1320.1818181818182,976.2727272727273,110.27272727272725,114.20000000000005,586.0,773.0,136.0,112.18181818181824,665.8181818181819,1856.8181818181818,143.18181818181813,114.33333333333331,1017.6666666666666,510.3333333333333,150.33333333333337,126.0,1241.6666666666667,1434.6666666666667,107.66666666666652,31.600000000000136,1293.4,1149.6,34.59999999999991
27,80.25,571.0,1045.75,158.0,213.28571428571433,1215.142857142857,727.1428571428571,129.0,131.66666666666663,617.3333333333334,715.0,200.33333333333326,108.75,716.75,1392.8333333333333,147.0,137.5,1005.0,964.5,116.5,131.36363636363637,1319.2727272727273,975.9090909090909,110.90909090909099,111.39999999999998,586.0,776.0,136.0,110.5454545454545,662.4545454545455,1859.4545454545455,145.5454545454545,116.22222222222217,1020.4444444444445,514.8888888888889,148.8888888888888,124.0,1240.8333333333333,1436.3333333333333,109.33333333333348,33.200000000000045,1287.8,1181.2,35.200000000000045
28,80.375,571.0,1045.625,158.0,220.0,1222.0,719.0,129.0,143.0,620.0,716.0,197.0,109.0,717.0,1392.6666666666667,148.0,139.0,1009.0,964.0,117.0,129.81818181818176,1318.3636363636363,975.5454545454545,111.54545454545473,108.60000000000002,586.0,779.0,136.0,108.90909090909099,659.0909090909091,1862.090909090909,147.90909090909088,118.11111111111109,1023.2222222222222,519.4444444444445,147.44444444444457,122.0,1240.0,1438.0,111.0,34.799999999999955,1282.2,1212.8,35.799999999999955
29,80.5,571.0,1045.5,158.0,209.25,1229.5,722.0,129.0,162.0,627.0,709.0,194.0,109.25,717.25,1392.5,149.0,138.5,1010.25,964.75,116.25,128.27272727272737,1317.4545454545455,975.1818181818181,112.18181818181824,105.79999999999995,586.0,782.0,136.0,107.27272727272725,655.7272727272727,1864.7272727272727,150.27272727272725,120.0,1026.0,524.0,146.0,121.0,1238.25,1438.25,112.75,36.399999999999864,1276.6,1244.4,36.40000000000009
30,80.625,571.0,1045.375,158.0,198.5,1237.0,725.0,129.0,162.0,628.6666666666666,711.3333333333334,190.66666666666674,109.5,717.5,1392.3333333333333,150.0,138.0,1011.5,965.5,115.5,126.72727272727263,1316.5454545454545,974.8181818181819,112.81818181818176,103.0,586.0,785.0,136.0,105.63636363636374,652.3636363636364,1867.3636363636363,152.63636363636363,118.90909090909088,1027.1818181818182,528.2727272727273,144.5454545454545,120.0,1236.5,1438.5,114.5,38.0,1271.0,1276.0,37.0
31,80.75,571.0,1045.25,158.0,187.75,1244.5,728.0,129.0,162.0,630.3333333333334,713.6666666666666,187.33333333333326,109.75,717.75,1392.1666666666667,151.0,137.5,1012.75,966.25,114.75,125.18181818181824,1315.6363636363637,974.4545454545455,113.45454545454527,105.79999999999995,585.3,784.7,136.0,104.0,649.0,1870.0,155.0,117.81818181818187,1028.3636363636363,532.5454545454545,143.09090909090924,119.0,1234.75,1438.75,116.25,37.59999999999991,1267.6,1308.0,36.80000000000018
32,80.875,571.0,1045.125,158.0,177.0,1252.0,731.0,129.0,162.0,632.0,716.0,184.0,110.0,718.0,1392.0,152.0,137.0,1014.0,967.0,114.0,123.63636363636363,1314.7272727272727,974.0909090909091,114.09090909090901,108.60000000000002,584.6,784.4,136.0,104.11111111111109,646.0,1869.6666666666667,157.33333333333337,116.72727272727263,1029.5454545454545,536.8181818181819,141.63636363636374,118.0,1233.0,1439.0,118.0,37.200000000000045,1264.2,1340.0,36.59999999999991
33,81.0,571.0,1045.0,158.0,163.20000000000005,1254.0,734.8,129.0,155.25,633.5,724.875,181.0,111.75,719.25,1392.75,150.5,132.5,1015.0,972.0,113.0,122.09090909090901,1313.8181818181818,973.7272727272727,114.72727272727275,111.39999999999998,583.9,784.1,136.0,104.2222222222224,643.0,1869.3333333333333,159.66666666666663,115.63636363636363,1030.7272727272727,541.0909090909091,140.18181818181824,120.0,1230.25,1443.25,119.75,36.799999999999955,1260.8,1372.0,36.40000000000009
34,81.125,571.0,1044.875,158.0,149.39999999999998,1256.0,738.6,129.0,148.5,635.0,733.75,178.0,113.5,720.5,1393.5,149.0,128.0,1016.0,977.0,112.0,120.54545454545462,1312.909090909091,973.3636363636364,115.36363636363626,114.20000000000005,583.2,783.8,136.0,104.33333333333326,640.0,1869.0,162.0,114.5454545454545,1031.909090909091,545.3636363636364,138.72727272727275,122.0,1227.5,1447.5,121.5,36.40000000000009,1257.4,1404.0,36.19999999999982
35,81.25,571.0,1044.75,158.0,135.60000000000002,1258.0,742.4,129.0,141.75,636.5,742.625,175.0,115.25,721.75,1394.25,147.5,123.5,1017.0,982.0,111.0,119.0,1312.0,973.0,116.0,117.0,582.5,783.5,136.0,104.44444444444434,637.0,1868.6666666666667,164.33333333333337,113.4545454545455,1033.090909090909,549.6363636363636,137.27272727272725,124.0,1224.75,1451.75,123.25,36.0,1254.0,1436.0,36.0
36,81.375,571.0,1044.625,158.0,121.79999999999995,1260.0,746.2,129.0,135.0,638.0,751.5,172.0,117.0,723.0,1395.0,146.0,119.0,1018.0,987.0,110.0,118.0,1311.0,974.0,116.0,119.79999999999995,581.8,783.2,136.0,104.55555555555566,634.0,1868.3333333333333,166.66666666666663,112.36363636363637,1034.2727272727273,553.9090909090909,135.81818181818176,126.0,1222.0,1456.0,125.0,36.0,1248.5,1450.0,36.0
37,81.5,571.0,1044.5,158.0,108.0,1262.0,750.0,129.0,128.25,639.5,760.375,169.0,114.5,724.25,1400.0,144.5,114.5,1018.75,996.75,109.0,109.25,1310.25,975.0,116.0,122.60000000000002,581.1,782.9,136.0,104.66666666666674,631.0,1868.0,169.0,111.27272727272737,1035.4545454545455,558.1818181818181,134.36363636363626,122.25,1219.25,1460.25,126.5,36.0,1243.0,1464.0,36.0
38,81.625,571.0,1044.375,158.0,103.0,1264.0,754.0,129.0,121.5,641.0,769.25,166.0,112.0,725.5,1405.0,143.0,110.0,1019.5,1006.5,108.0,100.5,1309.5,976.0,116.0,125.39999999999998,580.4,782.6,136.0,104.7777777777776,628.0,1867.6666666666667,171.33333333333337,110.18181818181813,1036.6363636363637,562.4545454545455,132.90909090909076,118.5,1216.5,1464.5,128.0,36.0,1237.6666666666667,1471.0,36.0
39,81.75,571.0,1044.25,158.0,98.0,1266.0,758.0,129.0,114.75,642.5,778.125,163.0,109.5,726.75,1410.0,141.5,105.5,1020.25,1016.25,107.0,91.75,1308.75,977.0,116.0,128.20000000000005,579.7,782.3,136.0,104.88888888888891,625.0,1867.3333333333333,173.66666666666663,109.09090909090912,1037.8181818181818,566.7272727272727,131.4545454545455,114.75,1213.75,1468.75,129.5,36.0,1232.3333333333333,1478.0,36.0
40,81.875,571.0,1044.125,158.0,93.0,1268.0,762.0,129.0,108.0,644.0,787.0,160.0,107.0,728.0,1415.0,140.0,101.0,1021.0,1026.0,106.0,83.0,1308.0,978.0,116.0,131.0,579.0,782.0,136.0,105.0,622.0,1867.0,176.0,108.0,1039.0,571.0,130.0,111.0,1211.0,1473.0,131.0,36.0,1227.0,1485.0,36.0
41,82.0,571.0,1044.0,158.0,93.39999999999998,1266.8,762.7,130.4000000000001,113.0,644.0,793.0,160.66666666666663,107.125,727.875,1415.375,139.5,103.0,1020.5,1030.5,112.5,86.0,1305.6666666666667,980.0,120.66666666666652,127.0,575.0,793.0,146.0,105.0,618.8,1866.6,176.20000000000005,107.35000000000002,1037.75,572.5,131.3499999999999,109.125,1206.875,1475.5,129.875,36.0,1220.8,1488.0,36.0
42,84.11111111111109,571.0,1044.0,158.0,93.80000000000007,1265.6,763.4,131.80000000000018,118.0,644.0,799.0,161.33333333333337,107.25,727.75,1415.75,139.0,105.0,1020.0,1035.0,119.0,89.0,1303.3333333333333,982.0,125.33333333333348,136.66666666666663,577.6666666666666,794.0,149.0,105.0,615.6,1866.2,176.39999999999998,106.70000000000005,1036.5,574.0,132.70000000000005,107.25,1202.75,1478.0,128.75,36.0,1214.6,1491.0,36.0
43,86.22222222222217,571.0,1044.0,158.0,94.19999999999993,1264.4,764.1,133.19999999999982,123.0,644.0,805.0,162.0,107.375,727.625,1416.125,138.5,116.0,1020.0,1041.6666666666667,119.0,92.0,1301.0,984.0,130.0,146.33333333333337,580.3333333333334,795.0,152.0,105.0,612.4,1865.8,176.60000000000002,106.04999999999995,1035.25,575.5,134.04999999999995,105.375,1198.625,1480.5,127.625,36.0,1208.4,1494.0,36.0
44,88.33333333333326,571.0,1044.0,158.0,94.60000000000002,1263.2,764.8,134.5999999999999,120.5,643.0,814.0,162.5,107.5,727.5,1416.5,138.0,127.0,1020.0,1048.3333333333333,119.0,94.0,1302.6666666666667,985.0,129.0,156.0,583.0,796.0,155.0,105.0,609.2,1865.4,176.79999999999995,105.39999999999998,1034.0,577.0,135.4000000000001,103.5,1194.5,1483.0,126.5,36.0,1202.2,1497.0,36.0
45,90.44444444444434,571.0,1044.0,158.0,95.0,1262.0,765.5,136.0,118.0,642.0,823.0,163.0,107.625,727.375,1416.875,137.5,138.0,1020.0,1055.0,119.0,96.0,1304.3333333333333,986.0,128.0,146.0,591.5,806.0,152.0,105.0,606.0,1865.0,177.0,104.75,1032.75,578.5,136.75,101.625,1190.375,1485.5,125.375,36.0,1196.0,1500.0,36.0
46,92.55555555555566,571.0,1044.0,158.0,95.39999999999998,1260.8,766.2,137.4000000000001,115.40000000000009,642.3333333333334,824.6666666666666,163.5333333333333,107.75,727.25,1417.25,137.0,148.0,1020.0,1056.0,119.0,98.0,1306.0,987.0,127.0,136.0,600.0,816.0,149.0,105.0,604.4666666666667,1864.5333333333333,174.66666666666663,104.10000000000002,1031.5,580.0,138.0999999999999,99.75,1186.25,1488.0,124.25,36.0,1192.0,1501.4,36.0
47,94.66666666666674,571.0,1044.0,158.0,95.80000000000007,1259.6,766.9,138.80000000000018,112.79999999999995,642.6666666666666,826.3333333333334,164.06666666666672,107.875,727.125,1417.625,136.5,158.0,1020.0,1057.0,119.0,95.66666666666663,1302.3333333333333,987.3333333333334,129.66666666666674,125.75,608.25,834.75,146.25,105.0,602.9333333333333,1864.0666666666666,172.33333333333337,103.45000000000005,1030.25,581.5,139.45000000000005,97.875,1182.125,1490.5,123.125,36.0,1188.0,1502.8,36.0
48,96.77777777777783,571.0,1044.0,158.0,96.19999999999993,1258.4,767.6,140.19999999999982,110.20000000000005,643.0,828.0,164.60000000000002,108.0,727.0,1418.0,136.0,160.5,1015.0,1054.0,122.5,93.33333333333337,1298.6666666666667,987.6666666666666,132.33333333333326,115.5,616.5,853.5,143.5,105.0,601.4,1863.6,170.0,102.79999999999995,1029.0,583.0,140.79999999999995,96.0,1178.0,1493.0,122.0,36.0,1184.0,1504.2,36.0
49,98.88888888888891,571.0,1044.0,158.0,96.60000000000002,1257.2,768.3,141.5999999999999,107.60000000000002,643.3333333333334,829.6666666666666,165.13333333333333,110.0,728.2,1418.4,131.5999999999999,163.0,1010.0,1051.0,126.0,91.0,1295.0,988.0,135.0,105.25,624.75,872.25,140.75,105.0,599.8666666666667,1863.1333333333334,167.66666666666663,102.14999999999998,1027.75,584.5,142.1500000000001,97.75,1174.25,1490.5,125.5,36.0,1180.0,1505.6,36.0
50,101.0,571.0,1044.0,158.0,97.0,1256.0,769.0,143.0,105.0,643.6666666666666,831.3333333333334,165.66666666666674,112.0,729.4,1418.8,127.20000000000005,155.0,1011.0,1065.5,125.5,91.09090909090901,1291.4545454545455,989.7272727272727,132.27272727272725,95.0,633.0,891.0,138.0,105.0,598.3333333333334,1862.6666666666667,165.33333333333326,101.5,1026.5,586.0,143.5,99.5,1170.5,1488.0,129.0,36.0,1176.0,1507.0,36.0
51,100.59999999999991,569.7,1044.4,158.79999999999995,98.70000000000005,1254.9,769.8,141.5999999999999,102.39999999999998,644.0,833.0,166.20000000000005,114.0,730.6,1419.2,122.79999999999995,147.0,1012.0,1080.0,125.0,91.18181818181824,1287.909090909091,991.4545454545455,129.5454545454545,107.0,639.25,893.25,145.75,105.0,596.8,1862.2,163.0,100.85000000000002,1025.25,587.5,144.8499999999999,101.25,1166.75,1485.5,132.5,35.799999999999955,1171.6,1507.8,35.600000000000136
52,100.20000000000005,568.4,1044.8,159.60000000000002,100.39999999999998,1253.8,770.6,140.20000000000005,99.80000000000007,644.3333333333334,834.6666666666666,166.73333333333335,116.0,731.8,1419.6,118.40000000000009,141.5999999999999,1011.8,1098.0,130.0,91.27272727272737,1284.3636363636363,993.1818181818181,126.81818181818198,119.0,645.5,895.5,153.5,105.0,595.2666666666667,1861.7333333333333,160.66666666666663,100.20000000000005,1024.0,589.0,146.20000000000005,103.0,1163.0,1483.0,136.0,35.600000000000136,1167.2,1508.6,35.200000000000045
53,99.79999999999995,567.1,1045.2,160.39999999999998,102.10000000000002,1252.7,771.4,138.79999999999995,97.19999999999993,644.6666666666666,836.3333333333334,167.26666666666665,118.0,733.0,1420.0,114.0,136.20000000000005,1011.6,1116.0,134.9999999999999,91.36363636363637,1280.8181818181818,994.9090909090909,124.09090909090924,131.0,651.75,897.75,161.25,105.0,593.7333333333333,1861.2666666666667,158.33333333333337,99.54999999999995,1022.75,590.5,147.54999999999995,105.0,1158.0,1482.0,140.0,35.399999999999864,1162.8,1509.4,34.799999999999955
54,99.40000000000009,565.8,1045.6,161.20000000000005,103.79999999999995,1251.6,772.2,137.4000000000001,94.60000000000002,645.0,838.0,167.79999999999995,114.0,737.4285714285714,1425.7142857142858,123.28571428571422,130.79999999999995,1011.4,1134.0,140.0000000000001,91.45454545454538,1277.2727272727273,996.6363636363636,121.36363636363649,143.0,658.0,900.0,169.0,105.0,592.2,1860.8,156.0,98.89999999999998,1021.5,592.0,148.9000000000001,107.0,1153.4285714285713,1481.142857142857,135.42857142857156,35.200000000000045,1158.4,1510.2,34.399999999999864
55,99.0,564.5,1046.0,162.0,105.5,1250.5,773.0,136.0,92.0,645.3333333333334,839.6666666666666,168.33333333333326,110.0,741.8571428571429,1431.4285714285713,132.57142857142856,125.40000000000009,1011.2,1152.0,145.0,91.54545454545462,1273.7272727272727,998.3636363636364,118.63636363636351,134.66666666666674,660.5,911.5,168.0,105.0,590.6666666666666,1860.3333333333333,153.66666666666674,98.25,1020.25,593.5,150.25,109.0,1148.857142857143,1480.2857142857142,130.8571428571429,35.0,1154.0,1511.0,34.0
56,98.59999999999991,563.2,1046.4,162.79999999999995,107.20000000000005,1249.4,773.8,134.5999999999999,89.39999999999998,645.6666666666666,841.3333333333334,168.86666666666667,106.0,746.2857142857143,1437.142857142857,141.85714285714278,120.0,1011.0,1170.0,150.0,91.63636363636363,1270.1818181818182,1000.0909090909091,115.90909090909076,126.33333333333326,663.0,923.0,167.0,105.0,589.1333333333333,1859.8666666666666,151.33333333333337,97.60000000000002,1019.0,595.0,151.5999999999999,111.0,1144.2857142857142,1479.4285714285713,126.28571428571445,35.0,1153.0,1514.5,34.0
57,98.20000000000005,561.9,1046.8,163.60000000000002,108.89999999999998,1248.3,774.6,133.20000000000005,86.79999999999995,646.0,843.0,169.39999999999998,102.0,750.7142857142857,1442.857142857143,151.14285714285722,127.5,1013.5,1179.5,142.5,91.72727272727263,1266.6363636363637,1001.8181818181819,113.18181818181802,118.0,665.5,934.5,166.0,105.0,587.6,1859.4,149.0,96.95000000000005,1017.75,596.5,152.95000000000005,113.0,1139.7142857142858,1478.5714285714287,121.71428571428555,35.0,1152.0,1518.0,34.0
58,97.79999999999995,560.6,1047.2,164.39999999999998,110.60000000000002,1247.2,775.4,131.79999999999995,84.20000000000005,646.3333333333334,844.6666666666666,169.93333333333328,98.0,755.1428571428571,1448.5714285714287,160.42857142857144,135.0,1016.0,1189.0,135.0,91.81818181818176,1263.090909090909,1003.5454545454545,110.4545454545455,109.66666666666674,668.0,946.0,165.0,105.0,586.0666666666667,1858.9333333333334,146.66666666666663,96.29999999999995,1016.5,598.0,154.29999999999995,115.0,1135.142857142857,1477.7142857142858,117.14285714285711,35.0,1154.3333333333333,1523.3333333333333,34.0
59,97.40000000000009,559.3,1047.6,165.20000000000005,112.29999999999995,1246.1,776.2,130.4000000000001,81.59999999999991,646.6666666666666,846.3333333333334,170.4666666666667,94.0,759.5714285714286,1454.2857142857142,169.71428571428567,142.5,1018.5,1198.5,127.5,91.90909090909099,1259.5454545454545,1005.2727272727273,107.72727272727275,101.33333333333326,670.5,957.5,164.0,105.0,584.5333333333333,1858.4666666666667,144.33333333333337,95.64999999999998,1015.25,599.5,155.6500000000001,117.0,1130.5714285714287,1476.857142857143,112.57142857142844,35.0,1156.6666666666667,1528.6666666666667,34.0
60,97.0,558.0,1048.0,166.0,114.0,1245.0,777.0,129.0,79.0,647.0,848.0,171.0,90.0,764.0,1460.0,179.0,150.0,1021.0,1208.0,120.0,92.0,1256.0,1007.0,105.0,93.0,673.0,969.0,163.0,105.0,583.0,1858.0,142.0,95.0,1014.0,601.0,157.0,119.0,1126.0,1476.0,108.0,35.0,1159.0,1534.0,34.0
61,96.59999999999991,556.8,1050.2,167.20000000000005,113.75,1243.35,779.95,128.45000000000005,81.0,644.5,848.25,173.5,90.0,761.0,1461.0,189.0,139.79999999999995,1021.2,1223.4,119.39999999999986,93.00000000000011,1252.0,1008.4,108.0,100.75,679.0,976.25,163.0,105.0,581.8,1858.0,143.20000000000005,94.66666666666674,1010.3333333333334,602.6666666666666,157.33333333333337,129.5,1123.5,1465.5,111.0,35.0,1155.3333333333333,1520.0,34.0
62,96.19999999999982,555.6,1052.4,168.39999999999998,113.5,1241.7,782.9,127.89999999999986,83.0,642.0,848.5,176.0,91.33333333333326,761.1666666666666,1460.5,189.66666666666674,129.60000000000014,1021.4,1238.8,118.80000000000007,94.0,1248.0,1009.8,111.0,108.5,685.0,983.5,163.0,105.0,580.6,1858.0,144.39999999999998,94.33333333333326,1006.6666666666666,604.3333333333334,157.66666666666663,140.0,1121.0,1455.0,114.0,35.0,1151.6666666666667,1506.0,34.0
63,95.80000000000018,554.4,1054.6,169.60000000000002,113.25,1240.05,785.85,127.35000000000014,85.0,639.5,848.75,178.5,92.66666666666674,761.3333333333334,1460.0,190.33333333333326,119.39999999999986,1021.6,1254.2,118.19999999999993,95.0,1244.0,1011.2,114.0,116.25,691.0,990.75,163.0,105.0,579.4,1858.0,145.60000000000002,94.0,1003.0,606.0,158.0,144.33333333333326,1126.0,1449.6666666666667,116.66666666666674,35.0,1148.0,1492.0,34.0
64,95.40000000000009,553.2,1056.8,170.79999999999995,113.0,1238.4,788.8,126.79999999999995,87.0,637.0,849.0,181.0,94.0,761.5,1459.5,191.0,109.20000000000005,1021.8,1269.6,117.60000000000014,95.99999999999989,1240.0,1012.6,117.0,124.0,697.0,998.0,163.0,105.0,578.2,1858.0,146.79999999999995,93.76470588235293,999.1764705882352,606.2941176470588,158.41176470588232,148.66666666666674,1131.0,1444.3333333333333,119.33333333333326,35.0,1154.0,1472.5,34.0
65,95.0,552.0,1059.0,172.0,112.75,1236.75,791.75,126.25,89.33333333333337,632.0,848.6666666666666,178.66666666666663,95.33333333333326,761.6666666666666,1459.0,191.66666666666674,99.0,1022.0,1285.0,117.0,97.0,1236.0,1014.0,120.0,127.5,702.0,1004.5,160.5,105.0,577.0,1858.0,148.0,93.52941176470586,995.3529411764706,606.5882352941177,158.82352941176475,153.0,1136.0,1439.0,122.0,35.0,1160.0,1453.0,34.0
66,92.57142857142844,551.1428571428571,1062.5714285714287,173.42857142857144,112.5,1235.1,794.7,125.70000000000005,91.66666666666663,627.0,848.3333333333334,176.33333333333337,96.66666666666674,761.8333333333334,1458.5,192.33333333333326,106.5,1019.5,1299.5,128.5,94.19999999999993,1234.4,1018.6,114.0,131.0,707.0,1011.0,158.0,105.0,575.8,1858.0,149.20000000000005,93.29411764705878,991.5294117647059,606.8823529411765,159.23529411764707,159.5,1137.0,1430.0,126.5,35.0,1164.6,1436.0,34.0
67,90.14285714285711,550.2857142857143,1066.142857142857,174.85714285714278,112.25,1233.45,797.65,125.14999999999986,94.0,622.0,848.0,174.0,98.0,762.0,1458.0,193.0,114.0,1017.0,1314.0,140.0,91.39999999999986,1232.8,1023.2,108.0,126.5,712.0,1017.25,155.25,105.0,574.6,1858.0,150.39999999999998,93.05882352941182,987.7058823529412,607.1764705882352,159.64705882352928,166.0,1138.0,1421.0,131.0,35.0,1169.2,1419.0,34.0
68,87.71428571428555,549.4285714285714,1069.7142857142858,176.28571428571422,112.0,1231.8,800.6,124.60000000000014,96.33333333333337,617.0,847.6666666666666,171.66666666666663,97.66666666666674,757.3333333333334,1459.0,196.66666666666663,111.0,1017.5,1320.0,142.5,88.60000000000014,1231.2,1027.8,102.0,122.0,717.0,1023.5,152.5,105.0,573.4,1858.0,151.60000000000002,92.82352941176464,983.8823529411765,607.4705882352941,160.05882352941182,165.0,1137.6666666666667,1404.6666666666667,133.66666666666652,35.0,1173.8,1402.0,34.0
69,85.28571428571445,548.5714285714286,1073.2857142857142,177.71428571428578,111.75,1230.15,803.55,124.04999999999995,98.66666666666663,612.0,847.3333333333334,169.33333333333337,97.33333333333326,752.6666666666666,1460.0,200.33333333333337,108.0,1018.0,1326.0,145.0,85.79999999999995,1229.6,1032.4,96.0,117.5,722.0,1029.75,149.75,105.0,572.2,1858.0,152.79999999999995,92.58823529411768,980.0588235294117,607.7647058823529,160.47058823529414,164.0,1137.3333333333333,1388.3333333333333,136.33333333333348,35.0,1178.4,1385.0,34.0
70,82.85714285714289,547.7142857142857,1076.857142857143,179.14285714285722,111.5,1228.5,806.5,123.5,101.0,607.0,847.0,167.0,97.0,748.0,1461.0,204.0,105.0,1018.5,1332.0,147.5,83.0,1228.0,1037.0,90.0,113.0,727.0,1036.0,147.0,105.0,571.0,1858.0,154.0,92.35294117647061,976.2352941176471,608.0588235294117,160.88235294117635,163.0,1137.0,1372.0,139.0,35.0,1183.0,1368.0,34.0
71,80.42857142857156,546.8571428571429,1080.4285714285713,180.57142857142856,111.25,1226.85,809.45,122.95000000000005,101.75,603.0,848.25,156.25,96.29999999999995,743.3,1462.2,199.60000000000002,102.0,1019.0,1338.0,150.0,86.10000000000014,1227.9,1037.6,92.09999999999991,110.0,731.6666666666666,1039.0,156.66666666666674,105.0,569.8,1858.0,155.20000000000005,92.11764705882354,972.4117647058823,608.3529411764706,161.2941176470589,153.33333333333326,1135.0,1360.6666666666667,141.33333333333326,35.0,1190.5,1350.0,34.0
72,78.0,546.0,1084.0,182.0,111.0,1225.2,812.4,122.39999999999986,102.5,599.0,849.5,145.5,95.59999999999991,738.6,1463.4,195.19999999999993,109.0,1019.6666666666666,1338.1666666666667,145.16666666666663,89.20000000000005,1227.8,1038.2,94.20000000000005,107.0,736.3333333333334,1042.0,166.33333333333326,105.0,568.6,1858.0,156.39999999999998,91.88235294117646,968.5882352941177,608.6470588235294,161.7058823529411,143.66666666666674,1133.0,1349.3333333333333,143.66666666666674,35.0,1198.0,1332.0,34.0
73,78.75,547.375,1085.125,180.0,110.75,1223.55,815.35,121.85000000000014,103.25,595.0,850.75,134.75,94.90000000000009,733.9,1464.6,190.80000000000007,116.0,1020.3333333333334,1338.3333333333333,140.33333333333337,92.29999999999995,1227.7,1038.8,96.29999999999995,104.0,741.0,1045.0,176.0,105.0,567.4,1858.0,157.60000000000002,91.64705882352939,964.7647058823529,608.9411764705883,162.11764705882365,134.0,1131.0,1338.0,146.0,35.0,1194.6666666666667,1326.6666666666667,34.0
74,79.5,548.75,1086.25,178.0,110.5,1221.9,818.3,121.29999999999995,104.0,591.0,852.0,124.0,94.20000000000005,729.2,1465.8,186.39999999999998,123.0,1021.0,1338.5,135.5,95.39999999999986,1227.6,1039.4,98.40000000000009,115.0,744.5,1041.5,182.0,105.0,566.2,1858.0,158.79999999999995,91.41176470588232,960.9411764705883,609.2352941176471,162.52941176470586,142.0,1122.0,1328.0,152.0,35.0,1191.3333333333333,1321.3333333333333,34.0
75,80.25,550.125,1087.375,176.0,110.25,1220.25,821.25,120.75,108.66666666666663,589.1666666666666,852.3333333333334,126.16666666666674,93.5,724.5,1467.0,182.0,130.0,1021.6666666666666,1338.6666666666667,130.66666666666663,98.5,1227.5,1040.0,100.5,126.0,748.0,1038.0,188.0,105.0,565.0,1858.0,160.0,91.17647058823536,957.1176470588235,609.5294117647059,162.94117647058818,150.0,1113.0,1318.0,158.0,35.0,1188.0,1316.0,34.0
76,81.0,551.5,1088.5,174.0,110.0,1218.6,824.2,120.20000000000005,113.33333333333337,587.3333333333334,852.6666666666666,128.33333333333326,92.79999999999995,719.8,1468.2,177.60000000000002,137.0,1022.3333333333334,1338.8333333333333,125.83333333333337,101.60000000000014,1227.4,1040.6,102.59999999999991,135.20000000000005,751.6,1034.6,184.19999999999993,105.0,563.8,1858.0,161.20000000000005,90.94117647058818,953.2941176470588,609.8235294117648,163.35294117647072,146.0,1106.0,1308.0,159.0,35.0,1179.8,1308.0,34.0
77,81.75,552.875,1089.625,172.0,109.75,1216.95,827.15,119.64999999999986,118.0,585.5,853.0,130.5,92.09999999999991,715.1,1469.4,173.19999999999993,144.0,1023.0,1339.0,121.0,104.70000000000005,1227.3,1041.2,104.70000000000005,144.39999999999986,755.2,1031.2,180.39999999999998,105.0,562.6,1858.0,162.39999999999998,90.70588235294122,949.4705882352941,610.1176470588235,163.76470588235293,142.0,1099.0,1298.0,160.0,35.0,1171.6,1300.0,34.0
78,82.5,554.25,1090.75,170.0,109.5,1215.3,830.1,119.10000000000014,122.66666666666663,583.6666666666666,853.3333333333334,132.66666666666674,91.40000000000009,710.4,1470.6,168.80000000000007,145.0,1023.6666666666666,1339.0,116.33333333333337,107.79999999999995,1227.2,1041.8,106.79999999999995,153.60000000000014,758.8,1027.8,176.60000000000002,105.0,561.4,1858.0,163.60000000000002,90.47058823529414,945.6470588235294,610.4117647058823,164.17647058823525,126.0,1091.6666666666667,1288.0,161.0,35.0,1163.4,1292.0,34.0
79,83.25,555.625,1091.875,168.0,109.25,1213.65,833.05,118.54999999999995,127.33333333333337,581.8333333333334,853.6666666666666,134.83333333333326,90.70000000000005,705.7,1471.8,164.39999999999998,146.0,1024.3333333333333,1339.0,111.66666666666674,110.89999999999986,1227.1,1042.4,108.90000000000009,162.79999999999995,762.4,1024.4,172.80000000000007,105.0,560.2,1858.0,164.79999999999995,90.23529411764707,941.8235294117648,610.7058823529412,164.58823529411768,110.0,1084.3333333333333,1278.0,162.0,35.0,1155.2,1284.0,34.0
80,84.0,557.0,1093.0,166.0,109.0,1212.0,836.0,118.0,132.0,580.0,854.0,137.0,90.0,701.0,1473.0,160.0,147.0,1025.0,1339.0,107.0,114.0,1227.0,1043.0,111.0,172.0,766.0,1021.0,169.0,105.0,559.0,1858.0,166.0,90.0,938.0,611.0,165.0,94.0,1077.0,1268.0,163.0,35.0,1147.0,1276.0,34.0
81,84.25,558.5,1093.75,165.0,108.55000000000007,1210.6,839.4,118.60000000000014,130.71428571428578,578.2857142857143,858.1428571428571,136.57142857142856,90.59999999999991,696.6,1472.2,162.60000000000002,149.5999999999999,1019.2,1334.4,112.0,110.55555555555543,1227.5555555555557,1047.7777777777778,112.33333333333326,170.5,767.0,1021.0,167.5,105.0,557.0,1858.25,168.125,89.76923076923072,931.3076923076923,612.1538461538462,165.84615384615392,103.66666666666652,1068.0,1247.6666666666667,166.66666666666674,35.0,1134.2,1258.4,34.0
82,84.5,560.0,1094.5,164.0,108.10000000000002,1209.2,842.8,119.20000000000005,129.42857142857133,576.5714285714286,862.2857142857143,136.1428571428571,91.19999999999982,692.2,1471.4,165.19999999999993,152.20000000000005,1013.4,1329.8,117.00000000000011,107.11111111111109,1228.111111111111,1052.5555555555557,113.66666666666674,169.0,768.0,1021.0,166.0,105.0,555.0,1858.5,170.25,89.53846153846155,924.6153846153846,613.3076923076923,166.69230769230774,113.33333333333348,1059.0,1227.3333333333333,170.33333333333326,35.0,1121.4,1240.8,34.0
83,84.75,561.5,1095.25,163.0,107.64999999999998,1207.8,846.2,119.79999999999995,128.1428571428571,574.8571428571429,866.4285714285714,135.71428571428567,91.80000000000018,687.8,1470.6,167.80000000000007,154.79999999999995,1007.6,1325.2,121.99999999999989,103.66666666666674,1228.6666666666667,1057.3333333333333,115.0,169.16666666666674,766.5,1018.0,162.16666666666663,105.0,553.0,1858.75,172.375,89.30769230769226,917.9230769230769,614.4615384615385,167.53846153846166,123.0,1050.0,1207.0,174.0,35.0,1108.6,1223.2,34.0
84,85.0,563.0,1096.0,162.0,107.19999999999993,1206.4,849.6,120.39999999999986,126.85714285714289,573.1428571428571,870.5714285714286,135.28571428571433,92.40000000000009,683.4,1469.8,170.39999999999998,157.4000000000001,1001.8,1320.6,127.0,100.22222222222217,1229.2222222222222,1062.111111111111,116.33333333333348,169.33333333333326,765.0,1015.0,158.33333333333337,105.0,551.0,1859.0,174.5,89.0769230769231,911.2307692307693,615.6153846153846,168.38461538461524,140.5,1038.0,1182.5,178.5,35.0,1095.8,1205.6,34.0
85,88.14285714285711,564.4285714285714,1094.5714285714287,160.8571428571429,106.75,1205.0,853.0,121.0,125.57142857142867,571.4285714285714,874.7142857142857,134.8571428571429,93.0,679.0,1469.0,173.0,160.0,996.0,1316.0,132.0,96.77777777777783,1229.7777777777778,1066.888888888889,117.66666666666652,169.5,763.5,1012.0,154.5,105.0,549.0,1859.25,176.625,88.84615384615392,904.5384615384615,616.7692307692307,169.23076923076917,158.0,1026.0,1158.0,183.0,35.0,1083.0,1188.0,34.0
86,91.28571428571422,565.8571428571429,1093.142857142857,159.71428571428567,106.30000000000007,1203.6,856.4,121.60000000000014,124.28571428571422,569.7142857142857,878.8571428571429,134.42857142857144,93.4666666666667,674.5333333333333,1468.2666666666667,172.13333333333333,154.29999999999995,993.0,1312.0,132.20000000000005,93.33333333333326,1230.3333333333333,1071.6666666666667,119.0,169.66666666666674,762.0,1009.0,150.66666666666663,105.0,547.0,1859.5,178.75,88.61538461538464,897.8461538461538,617.9230769230769,170.0769230769231,158.0,1020.0,1151.0,182.0,34.59999999999991,1067.6,1170.0,33.600000000000136
87,94.42857142857133,567.2857142857143,1091.7142857142858,158.57142857142856,105.85000000000002,1202.2,859.8,122.20000000000005,123.0,568.0,883.0,134.0,93.9333333333334,670.0666666666667,1467.5333333333333,171.26666666666665,148.5999999999999,990.0,1308.0,132.4000000000001,89.88888888888891,1230.888888888889,1076.4444444444443,120.33333333333326,169.83333333333326,760.5,1006.0,146.83333333333337,105.0,545.0,1859.75,180.875,88.38461538461536,891.1538461538462,619.0769230769231,170.9230769230769,147.0,1011.0,1141.0,172.5,34.200000000000045,1052.2,1152.0,33.200000000000045
88,97.57142857142867,568.7142857142857,1090.2857142857142,157.42857142857144,105.39999999999998,1200.8,863.2,122.79999999999995,121.69230769230774,569.4615384615385,886.7692307692307,133.69230769230774,94.40000000000009,665.6,1466.8,170.39999999999998,142.9000000000001,987.0,1304.0,132.5999999999999,86.44444444444457,1231.4444444444443,1081.2222222222222,121.66666666666674,170.0,759.0,1003.0,143.0,105.0,543.0,1860.0,183.0,88.15384615384608,884.4615384615385,620.2307692307693,171.76923076923083,136.0,1002.0,1131.0,163.0,33.799999999999955,1036.8,1134.0,32.799999999999955
89,100.71428571428578,570.1428571428571,1088.857142857143,156.28571428571433,104.94999999999993,1199.4,866.6,123.39999999999986,120.38461538461536,570.9230769230769,890.5384615384615,133.38461538461536,94.86666666666679,661.1333333333333,1466.0666666666666,169.5333333333333,137.20000000000005,984.0,1300.0,132.79999999999995,83.0,1232.0,1086.0,123.0,164.5,751.5,996.5,150.0,105.0,541.0,1859.3333333333333,181.58333333333337,87.9230769230769,877.7692307692307,621.3846153846154,172.61538461538476,133.75,987.25,1117.75,171.75,33.40000000000009,1021.4,1116.0,32.39999999999998
90,103.85714285714289,571.5714285714286,1087.4285714285713,155.1428571428571,104.5,1198.0,870.0,124.0,119.0769230769231,572.3846153846154,894.3076923076923,133.0769230769231,95.33333333333348,656.6666666666666,1465.3333333333333,168.66666666666674,131.5,981.0,1296.0,133.0,90.60000000000014,1232.6,1086.8,122.20000000000005,159.0,744.0,990.0,157.0,105.0,539.0,1858.6666666666667,180.16666666666663,87.69230769230774,871.0769230769231,622.5384615384615,173.46153846153834,131.5,972.5,1104.5,180.5,33.0,1006.0,1098.0,32.0
91,107.0,573.0,1086.0,154.0,104.05000000000007,1196.6,873.4,124.60000000000014,117.76923076923072,573.8461538461538,898.0769230769231,132.76923076923083,95.80000000000018,652.2,1464.6,167.79999999999995,125.79999999999995,978.0,1292.0,133.20000000000005,98.20000000000005,1233.2,1087.6,121.39999999999986,151.19999999999993,740.6,985.6,158.19999999999993,105.0,537.0,1858.0,178.75,87.46153846153845,864.3846153846154,623.6923076923077,174.30769230769226,129.25,957.75,1091.25,189.25,33.0,1000.5,1077.5,32.0
92,121.79999999999995,573.6,1076.4,153.19999999999993,103.60000000000002,1195.2,876.8,125.20000000000005,116.46153846153845,575.3076923076923,901.8461538461538,132.46153846153845,96.26666666666688,647.7333333333333,1463.8666666666666,166.93333333333328,120.09999999999991,975.0,1288.0,133.4000000000001,105.79999999999995,1233.8,1088.4,120.60000000000014,143.39999999999986,737.2,981.2,159.39999999999998,105.0,535.0,1857.3333333333333,177.33333333333337,87.23076923076928,857.6923076923077,624.8461538461538,175.15384615384608,127.0,943.0,1078.0,198.0,33.0,995.0,1057.0,32.0
93,136.60000000000014,574.2,1066.8,152.39999999999998,103.14999999999998,1193.8,880.2,125.79999999999995,115.15384615384608,576.7692307692307,905.6153846153846,132.1538461538462,96.73333333333312,643.2666666666667,1463.1333333333334,166.06666666666672,114.40000000000009,972.0,1284.0,133.5999999999999,113.39999999999986,1234.4,1089.2,119.79999999999995,135.60000000000014,733.8,976.8,160.60000000000002,105.0,533.0,1856.6666666666667,175.91666666666663,87.0,851.0,626.0,176.0,133.0,929.0,1059.0,206.0,33.0,984.5,1045.5,32.0
94,151.39999999999986,574.8,1057.2,151.60000000000002,102.69999999999993,1192.4,883.6,126.39999999999986,113.84615384615392,578.2307692307693,909.3846153846154,131.8461538461538,97.19999999999982,638.8,1462.4,165.20000000000005,108.70000000000005,969.0,1280.0,133.79999999999995,121.0,1235.0,1090.0,119.0,127.80000000000007,730.4,972.4,161.80000000000007,105.0,531.0,1856.0,174.5,87.0,843.3333333333334,626.0,176.66666666666663,132.0,916.5,1046.5,206.5,33.0,974.0,1034.0,32.0
95,166.20000000000005,575.4,1047.6,150.80000000000007,102.25,1191.0,887.0,127.0,112.53846153846143,579.6923076923077,913.1538461538462,131.53846153846155,97.66666666666652,634.3333333333334,1461.6666666666667,164.33333333333326,103.0,966.0,1276.0,134.0,118.0,1236.0,1091.0,118.5,120.0,727.0,968.0,163.0,105.0,529.0,1855.3333333333333,173.08333333333337,87.0,835.6666666666666,626.0,177.33333333333337,131.0,904.0,1034.0,207.0,33.0,963.0,1023.0,32.0
96,181.0,576.0,1038.0,150.0,101.80000000000007,1189.6,890.4,127.60000000000014,111.23076923076928,581.1538461538462,916.9230769230769,131.23076923076917,98.13333333333321,629.8666666666667,1460.9333333333334,163.4666666666667,111.80000000000018,964.4,1265.6,130.80000000000007,115.0,1237.0,1092.0,118.0,120.60000000000014,723.6,963.8,159.19999999999993,105.0,527.0,1854.6666666666667,171.66666666666663,87.0,828.0,626.0,178.0,131.19999999999993,891.4,1021.6,199.60000000000002,33.0,952.6,1011.8,32.0
97,185.5,578.0,1033.75,149.0,101.35000000000002,1188.2,893.8,128.20000000000005,109.92307692307679,582.6153846153846,920.6923076923077,130.9230769230769,98.59999999999991,625.4,1460.2,162.60000000000002,120.59999999999991,962.8,1255.2,127.60000000000014,112.25,1237.0,1098.0,117.0,121.19999999999993,720.2,959.6,155.39999999999998,105.0,525.0,1854.0,170.25,86.75,822.0,628.0,169.25,131.39999999999986,878.8,1009.2,192.20000000000005,32.999999999999886,942.2,1000.6,32.0
98,190.0,580.0,1029.5,148.0,100.89999999999998,1186.8,897.2,128.79999999999995,108.61538461538464,584.0769230769231,924.4615384615385,130.61538461538464,99.0666666666666,620.9333333333333,1459.4666666666667,161.73333333333335,129.4000000000001,961.2,1244.8,124.39999999999986,109.5,1237.0,1104.0,116.0,121.80000000000007,716.8,955.4,151.60000000000002,105.0,523.0,1853.3333333333333,168.83333333333337,86.5,816.0,630.0,160.5,131.60000000000014,866.2,996.8,184.79999999999995,33.0,931.8,989.4,32.0
99,194.5,582.0,1025.25,147.0,100.44999999999993,1185.4,900.6,129.39999999999986,107.30769230769215,585.5384615384615,928.2307692307693,130.30769230769226,99.5333333333333,616.4666666666667,1458.7333333333333,160.86666666666667,138.19999999999982,959.6,1234.4,121.19999999999993,106.75,1237.0,1110.0,115.0,122.39999999999986,713.4,951.2,147.80000000000007,105.0,521.0,1852.6666666666667,167.41666666666663,86.25,810.0,632.0,151.75,131.80000000000007,853.6,984.4,177.39999999999998,33.0,921.4,978.2,32.0
100,199.0,584.0,1021.0,146.0,100.0,1184.0,904.0,130.0,106.0,587.0,932.0,130.0,100.0,612.0,1458.0,160.0,147.0,958.0,1224.0,118.0,104.0,1237.0,1116.0,114.0,123.0,710.0,947.0,144.0,105.0,519.0,1852.0,166.0,86.0,804.0,634.0,143.0,132.0,841.0,972.0,170.0,33.0,911.0,967.0,32.0
101,196.0,584.0,1021.0,146.0,100.0,1186.8,903.95,130.04999999999995,108.0,587.0,930.0,132.39999999999998,104.77777777777783,607.2222222222222,1454.0,160.0,142.1111111111111,956.4444444444445,1219.7777777777778,118.77777777777771,103.10000000000014,1235.5,1121.6,114.90000000000009,121.16666666666674,706.8333333333334,948.0,143.16666666666663,105.57142857142867,517.5714285714286,1852.0,167.5,86.85714285714289,799.0,635.5714285714286,141.42857142857144,150.5,829.0,950.0,172.0,33.0,898.5,961.5,32.0
102,193.0,584.0,1021.0,146.0,100.0,1189.6,903.9,130.10000000000014,110.0,587.0,928.0,134.79999999999995,109.55555555555566,602.4444444444445,1450.0,160.0,137.22222222222217,954.8888888888889,1215.5555555555557,119.55555555555543,102.20000000000005,1234.0,1127.2,115.79999999999995,119.33333333333326,703.6666666666666,949.0,142.33333333333337,106.14285714285711,516.1428571428571,1852.0,169.0,87.71428571428578,794.0,637.1428571428571,139.8571428571429,169.0,817.0,928.0,174.0,33.0,886.0,956.0,32.0
103,190.0,584.0,1021.0,146.0,100.0,1192.4,903.85,130.14999999999986,112.0,587.0,926.0,137.20000000000005,114.33333333333326,597.6666666666666,1446.0,160.0,132.33333333333348,953.3333333333334,1211.3333333333333,120.33333333333337,101.29999999999995,1232.5,1132.8,116.70000000000005,117.5,700.5,950.0,141.5,106.71428571428578,514.7142857142857,1852.0,170.5,88.57142857142867,789.0,638.7142857142857,138.28571428571433,169.0,806.3333333333334,913.0,174.0,33.0,872.3333333333334,945.6666666666666,32.0
104,187.0,584.0,1021.0,146.0,100.0,1195.2,903.8,130.20000000000005,114.0,587.0,924.0,139.60000000000002,119.11111111111109,592.8888888888889,1442.0,160.0,127.44444444444457,951.7777777777778,1207.111111111111,121.11111111111109,100.39999999999986,1231.0,1138.4,117.59999999999991,115.66666666666674,697.3333333333334,951.0,140.66666666666663,107.28571428571422,513.2857142857143,1852.0,172.0,89.42857142857133,784.0,640.2857142857143,136.71428571428567,169.0,795.6666666666666,898.0,174.0,33.0,858.6666666666666,935.3333333333334,32.0
105,176.125,583.0,1021.75,149.25,100.0,1198.0,903.75,130.25,116.0,587.0,922.0,142.0,123.88888888888891,588.1111111111111,1438.0,160.0,122.55555555555543,950.2222222222222,1202.888888888889,121.88888888888891,99.5,1229.5,1144.0,118.5,113.83333333333326,694.1666666666666,952.0,139.83333333333337,107.85714285714289,511.85714285714283,1852.0,173.50000000000006,90.28571428571422,779.0,641.8571428571429,135.1428571428571,169.0,785.0,883.0,174.0,33.0,845.0,925.0,32.0
106,165.25,582.0,1022.5,152.5,100.0,1200.8,903.7,130.29999999999995,116.33333333333326,587.3333333333334,920.0,141.66666666666663,128.66666666666674,583.3333333333334,1434.0,160.0,117.66666666666652,948.6666666666666,1198.6666666666667,122.66666666666663,98.60000000000014,1228.0,1149.6,119.40000000000009,112.0,691.0,953.0,139.0,108.42857142857133,510.42857142857144,1852.0,175.0,91.14285714285711,774.0,643.4285714285714,133.57142857142856,144.66666666666674,772.6666666666666,881.0,166.0,33.0,826.5,908.5,32.0
107,154.375,581.0,1023.25,155.75,100.0,1203.6,903.65,130.35000000000014,116.66666666666674,587.6666666666666,918.0,141.33333333333337,133.44444444444434,578.5555555555555,1430.0,160.0,112.77777777777783,947.1111111111111,1194.4444444444443,123.44444444444457,97.70000000000005,1226.5,1155.2,120.29999999999995,111.0,689.3333333333334,956.0,135.33333333333326,109.0,509.0,1852.0,176.5,92.0,769.0,645.0,132.0,120.33333333333337,760.3333333333334,879.0,158.0,33.0,808.0,892.0,32.0
108,143.5,580.0,1024.0,159.0,100.0,1206.4,903.6,130.39999999999986,117.0,588.0,916.0,141.0,138.22222222222217,573.7777777777778,1426.0,160.0,107.88888888888891,945.5555555555555,1190.2222222222222,124.22222222222229,96.79999999999995,1225.0,1160.8,121.20000000000005,110.0,687.6666666666666,959.0,131.66666666666674,109.57142857142867,507.57142857142856,1852.0,178.0,93.53846153846155,765.5384615384615,643.9230769230769,132.8461538461538,96.0,748.0,877.0,150.0,33.0,781.0,882.5,32.0
109,132.625,579.0,1024.75,162.25,100.0,1209.2,903.55,130.45000000000005,117.33333333333326,588.3333333333334,914.0,140.66666666666663,143.0,569.0,1422.0,160.0,103.0,944.0,1186.0,125.0,95.89999999999986,1223.5,1166.4,122.09999999999991,109.0,686.0,962.0,128.0,110.14285714285711,506.14285714285717,1852.0,179.49999999999994,95.0769230769231,762.0769230769231,642.8461538461538,133.69230769230762,93.0,729.0,875.5,163.5,33.0,754.0,873.0,32.0
110,121.75,578.0,1025.5,165.5,100.0,1212.0,903.5,130.5,117.66666666666674,588.6666666666666,912.0,140.33333333333337,144.0,567.3333333333334,1421.3333333333333,158.0,105.875,942.5,1180.375,126.375,95.0,1222.0,1172.0,123.0,104.0,680.0,972.0,135.0,110.71428571428578,504.7142857142857,1852.0,180.99999999999994,96.61538461538464,758.6153846153846,641.7692307692307,134.53846153846155,90.0,710.0,874.0,177.0,33.0,725.0,883.0,32.0
111,110.875,577.0,1026.25,168.75,100.0,1214.8,903.45,130.54999999999995,118.0,589.0,910.0,140.0,145.0,565.6666666666666,1420.6666666666667,156.0,108.75,941.0,1174.75,127.75,97.25,1219.75,1173.25,123.25,102.19999999999993,675.8,972.6,138.4000000000001,111.28571428571422,503.2857142857143,1852.0,182.50000000000006,98.15384615384608,755.1538461538462,640.6923076923077,135.38461538461536,87.0,691.0,872.5,190.5,33.0,702.0,887.0,32.0
112,100.0,576.0,1027.0,172.0,100.0,1217.6,903.4,130.60000000000014,118.33333333333326,579.2222222222222,908.0,149.66666666666674,146.0,564.0,1420.0,154.0,111.625,939.5,1169.125,129.125,99.5,1217.5,1174.5,123.5,100.39999999999986,671.6,973.2,141.79999999999995,111.85714285714289,501.85714285714283,1852.0,184.00000000000006,99.69230769230762,751.6923076923077,639.6153846153846,136.23076923076917,84.0,672.0,871.0,204.0,33.0,679.0,891.0,32.0
113,99.0,571.625,1026.625,175.25,100.0,1220.4,903.35,130.64999999999986,118.66666666666674,569.4444444444445,906.0,159.33333333333337,137.0,559.5,1419.25,154.75,114.5,938.0,1163.5,130.5,101.75,1215.25,1175.75,123.75,98.60000000000014,667.4,973.8,145.20000000000005,112.42857142857133,500.42857142857144,1852.0,185.5,101.23076923076917,748.2307692307693,638.5384615384615,137.07692307692298,85.5,657.0,868.5,212.5,33.0,664.6666666666666,895.0,32.0
114,98.0,567.25,1026.25,178.5,100.0,1223.2,903.3,130.70000000000005,119.0,559.6666666666666,904.0,169.0,128.0,555.0,1418.5,155.5,117.375,936.5,1157.875,131.875,104.0,1213.0,1177.0,124.0,96.80000000000007,663.2,974.4,148.5999999999999,113.0,499.0,1852.0,187.0,102.76923076923083,744.7692307692307,637.4615384615385,137.92307692307702,87.0,642.0,866.0,221.0,33.0,650.3333333333334,899.0,32.0
115,97.0,562.875,1025.875,181.75,100.0,1226.0,903.25,130.75,119.33333333333337,549.8888888888889,902.0,178.66666666666663,119.0,550.5,1417.75,156.25,120.25,935.0,1152.25,133.25,100.5,1210.8333333333333,1183.8333333333333,122.33333333333348,95.0,659.0,975.0,152.0,113.0,496.5,1853.6666666666667,187.0,104.30769230769238,741.3076923076923,636.3846153846154,138.76923076923083,88.5,626.5,858.5,215.5,33.0,636.0,903.0,32.0
116,96.0,558.5,1025.5,185.0,100.0,1228.8,903.2,130.79999999999995,119.66666666666663,540.1111111111111,900.0,188.33333333333337,110.0,546.0,1417.0,157.0,123.125,933.5,1146.625,134.625,97.0,1208.6666666666667,1190.6666666666667,120.66666666666652,93.19999999999993,658.4,975.6,152.0,113.0,494.0,1855.3333333333333,187.0,105.84615384615392,737.8461538461538,635.3076923076923,139.61538461538464,90.0,611.0,851.0,210.0,33.0,632.5,884.0,32.0
117,95.0,554.125,1025.125,188.25,100.0,1231.6,903.15,130.85000000000014,120.0,530.3333333333334,898.0,198.0,101.0,541.5,1416.25,157.75,126.0,932.0,1141.0,136.0,93.5,1206.5,1197.5,119.0,91.39999999999986,657.8,976.2,152.0,113.0,491.5,1857.0,187.0,107.38461538461536,734.3846153846154,634.2307692307693,140.46153846153845,87.75,597.25,843.25,192.5,33.0,629.0,865.0,32.0
118,94.0,549.75,1024.75,191.5,100.0,1234.4,903.1,130.89999999999986,120.33333333333337,520.5555555555555,896.0,207.66666666666663,92.0,537.0,1415.5,158.5,118.0,930.0,1140.3333333333333,136.0,90.0,1204.3333333333333,1204.3333333333333,117.33333333333348,89.60000000000014,657.2,976.8,152.0,113.0,489.0,1858.6666666666667,187.0,108.9230769230769,730.9230769230769,633.1538461538462,141.30769230769238,85.5,583.5,835.5,175.0,33.0,606.3333333333334,856.0,32.0
119,93.0,545.375,1024.375,194.75,100.0,1237.2,903.05,130.95000000000005,120.66666666666663,510.77777777777777,894.0,217.33333333333331,83.0,532.5,1414.75,159.25,110.0,928.0,1139.6666666666667,136.0,86.5,1202.1666666666667,1211.1666666666667,115.66666666666652,87.80000000000007,656.6,977.4,152.0,113.0,486.5,1860.3333333333333,187.0,110.46153846153845,727.4615384615385,632.0769230769231,142.1538461538462,83.25,569.75,827.75,157.5,33.0,583.6666666666666,847.0,32.0
120,92.0,541.0,1024.0,198.0,100.0,1240.0,903.0,131.0,121.0,501.0,892.0,227.0,74.0,528.0,1414.0,160.0,102.0,926.0,1139.0,136.0,83.0,1200.0,1218.0,114.0,86.0,656.0,978.0,152.0,113.0,484.0,1862.0,187.0,112.0,724.0,631.0,143.0,81.0,556.0,820.0,140.0,33.0,561.0,838.0,32.0
121,92.375,537.25,1022.875,195.125,100.0,1243.6,901.8,131.0,120.0,479.5,888.5,239.5,83.16666666666652,525.1666666666666,1401.1666666666667,158.16666666666674,104.66666666666652,925.4444444444445,1132.7777777777778,134.8888888888888,86.5,1197.1666666666667,1221.3333333333333,112.16666666666652,86.59999999999991,651.7,978.0,156.39999999999998,113.39999999999986,483.2,1861.95,186.75000000000006,112.35714285714289,724.1428571428571,630.2142857142857,142.21428571428578,92.0,537.0,806.2,149.20000000000005,34.0,539.0,821.0,33.0
122,92.75,533.5,1021.75,192.25,100.0,1247.2,900.6,131.0,119.0,458.0,885.0,252.0,92.33333333333348,522.3333333333334,1388.3333333333333,156.33333333333326,107.33333333333326,924.8888888888889,1126.5555555555557,133.77777777777783,90.0,1194.3333333333333,1224.6666666666667,110.33333333333348,87.20000000000005,647.4,978.0,160.80000000000007,113.79999999999995,482.4,1861.9,186.5,112.71428571428567,724.2857142857143,629.4285714285714,141.42857142857133,103.0,518.0,792.4,158.39999999999998,34.75,520.0,813.0,34.5
123,93.125,529.75,1020.625,189.375,100.0,1250.8,899.4,131.0,117.66666666666663,445.6666666666667,878.3333333333334,247.99999999999994,101.5,519.5,1375.5,154.5,110.0,924.3333333333334,1120.3333333333333,132.66666666666663,93.5,1191.5,1228.0,108.5,87.79999999999995,643.1,978.0,165.19999999999993,114.20000000000005,481.6,1861.85,186.25,113.07142857142856,724.4285714285714,628.6428571428571,140.6428571428571,114.0,499.0,778.6,167.60000000000002,35.5,501.0,805.0,36.0
124,93.5,526.0,1019.5,186.5,100.0,1254.4,898.2,131.0,116.33333333333337,433.3333333333333,871.6666666666666,244.00000000000006,110.66666666666652,516.6666666666666,1362.6666666666667,152.66666666666674,112.66666666666674,923.7777777777778,1114.111111111111,131.55555555555543,97.0,1188.6666666666667,1231.3333333333333,106.66666666666652,88.40000000000009,638.8,978.0,169.60000000000002,114.60000000000014,480.8,1861.8,185.99999999999994,113.42857142857144,724.5714285714286,627.8571428571429,139.8571428571429,125.0,480.0,764.8,176.79999999999995,36.25,482.0,797.0,37.5
125,93.875,522.25,1018.375,183.625,100.0,1258.0,897.0,131.0,115.0,421.0,865.0,240.0,119.83333333333348,513.8333333333334,1349.8333333333333,150.83333333333326,115.33333333333326,923.2222222222222,1107.888888888889,130.44444444444457,100.5,1185.8333333333333,1234.6666666666667,104.83333333333348,89.0,634.5,978.0,174.0,115.0,480.0,1861.75,185.75,113.78571428571433,724.7142857142857,627.0714285714286,139.07142857142867,136.0,461.0,751.0,186.0,37.0,463.0,789.0,39.0
126,94.25,518.5,1017.25,180.75,100.0,1261.6,895.8,131.0,114.33333333333326,410.3333333333333,858.3333333333334,239.66666666666669,129.0,511.0,1337.0,149.0,118.0,922.6666666666666,1101.6666666666667,129.33333333333337,104.0,1183.0,1238.0,103.0,89.59999999999991,630.2,978.0,178.39999999999998,115.39999999999986,479.2,1861.7,185.50000000000006,114.14285714285711,724.8571428571429,626.2857142857143,138.28571428571422,136.80000000000007,450.8,744.8,187.99999999999994,37.0,453.3333333333333,780.3333333333334,39.0
127,94.625,514.75,1016.125,177.875,100.0,1265.2,894.6,131.0,113.66666666666674,399.6666666666667,851.6666666666666,239.33333333333331,128.0,509.6,1335.8,150.19999999999993,120.66666666666674,922.1111111111111,1095.4444444444443,128.22222222222217,103.5,1182.5,1239.625,103.0,90.20000000000005,625.9,978.0,182.80000000000007,115.79999999999995,478.4,1861.65,185.25,114.5,725.0,625.5,137.5,137.60000000000002,440.6,738.6,190.0,37.0,443.6666666666667,771.6666666666666,39.0
128,95.0,511.0,1015.0,175.0,100.0,1268.8,893.4,131.0,113.0,389.0,845.0,239.0,127.0,508.2,1334.6,151.40000000000003,123.33333333333348,921.5555555555555,1089.2222222222222,127.1111111111112,103.0,1182.0,1241.25,103.0,90.79999999999995,621.6,978.0,187.19999999999993,116.20000000000005,477.6,1861.6,185.0,114.85714285714289,725.1428571428571,624.7142857142857,136.71428571428578,138.39999999999998,430.4,732.4,192.0,37.0,434.0,763.0,39.0
129,95.375,509.125,1015.875,174.875,100.0,1272.4,892.2,131.0,112.66666666666663,375.0,838.3333333333334,244.0,126.0,506.8,1333.4,152.59999999999997,126.0,921.0,1083.0,126.0,102.5,1181.5,1242.875,103.0,91.40000000000009,617.3,978.0,191.60000000000002,116.60000000000014,476.8,1861.55,184.74999999999994,115.21428571428567,725.2857142857143,623.9285714285714,135.92857142857133,139.19999999999993,420.2,726.2,194.00000000000006,37.0,421.0,756.0,39.0
130,95.75,507.25,1016.75,174.75,100.0,1276.0,891.0,131.0,112.33333333333337,361.0,831.6666666666666,249.0,125.0,505.4,1332.2,153.80000000000007,123.5,918.5,1083.0,125.0,102.0,1181.0,1244.5,103.0,92.0,613.0,978.0,196.0,117.0,476.0,1861.5,184.5,115.57142857142856,725.4285714285714,623.1428571428571,135.1428571428571,140.0,410.0,720.0,196.0,37.0,408.0,749.0,39.0
131,96.125,505.375,1017.625,174.625,100.0,1279.6,889.8,131.0,112.0,347.0,825.0,254.0,124.0,504.0,1331.0,155.0,121.0,916.0,1083.0,124.0,101.5,1180.5,1246.125,103.0,93.0,601.5,976.0,206.0,117.39999999999986,475.2,1861.45,184.25000000000006,115.92857142857144,725.5714285714286,622.3571428571429,134.3571428571429,137.20000000000005,399.8,721.4,195.99999999999994,37.0,394.2,749.2,39.0
132,96.5,503.5,1018.5,174.5,100.0,1283.2,888.6,131.0,109.5,340.75,824.0,255.0,122.33333333333326,502.55555555555554,1324.5555555555557,156.55555555555554,118.11111111111131,916.4444444444445,1079.4444444444443,122.8888888888888,101.0,1180.0,1247.75,103.0,94.0,590.0,974.0,216.0,117.79999999999995,474.4,1861.4,184.0,116.28571428571433,725.7142857142857,621.5714285714286,133.57142857142867,134.4000000000001,389.6,722.8,196.0,37.0,380.4,749.4,39.0
133,96.875,501.625,1019.375,174.375,100.0,1286.8,887.4,131.0,107.0,334.5,823.0,256.0,120.66666666666674,501.1111111111111,1318.111111111111,158.1111111111111,115.22222222222217,916.8888888888889,1075.888888888889,121.77777777777783,100.5,1179.5,1249.375,103.0,94.625,578.75,972.25,215.625,118.20000000000005,473.6,1861.35,183.75,116.64285714285711,725.8571428571429,620.7857142857143,132.78571428571422,131.5999999999999,379.4,724.2,196.0,37.0,366.6,749.6,39.0
134,97.25,499.75,1020.25,174.25,100.0,1290.4,886.2,131.0,104.5,328.25,822.0,257.0,119.0,499.6666666666667,1311.6666666666667,159.66666666666669,112.33333333333348,917.3333333333334,1072.3333333333333,120.66666666666663,100.0,1179.0,1251.0,103.0,95.25,567.5,970.5,215.25,118.60000000000014,472.8,1861.3,183.49999999999994,117.0,726.0,620.0,132.0,128.79999999999995,369.2,725.6,196.00000000000006,37.0,352.8,749.8,39.0
135,97.625,497.875,1021.125,174.125,100.0,1294.0,885.0,131.0,102.0,322.0,821.0,258.0,117.33333333333348,498.22222222222223,1305.2222222222222,161.22222222222223,109.44444444444434,917.7777777777778,1068.7777777777778,119.55555555555543,99.5,1177.1666666666667,1254.8333333333333,103.0,95.875,556.25,968.75,214.875,119.0,472.0,1861.25,183.25,113.66666666666674,726.1666666666666,619.1666666666666,136.0,126.0,359.0,727.0,196.0,37.0,339.0,750.0,39.0
136,98.0,496.0,1022.0,174.0,100.0,1297.6,883.8,131.0,100.0,326.0,829.0,259.0,115.66666666666652,496.77777777777777,1298.7777777777778,162.77777777777777,106.55555555555566,918.2222222222222,1065.2222222222222,118.44444444444457,99.0,1175.3333333333333,1258.6666666666667,103.0,96.5,545.0,967.0,214.5,119.39999999999986,471.2,1861.2,183.00000000000006,110.33333333333326,726.3333333333334,618.3333333333334,140.0,126.0,353.2,727.2,193.59999999999997,37.0,327.0,766.2,39.0
137,98.5,490.75,1021.75,173.75,100.0,1301.2,882.6,131.0,100.0,336.5,827.25,239.5,114.0,495.3333333333333,1292.3333333333333,164.33333333333331,103.66666666666652,918.6666666666666,1061.6666666666667,117.33333333333337,98.5,1173.5,1262.5,103.0,97.125,533.75,965.25,214.125,119.79999999999995,470.4,1861.15,182.75,107.0,726.5,617.5,144.0,126.0,347.4,727.4,191.20000000000005,37.0,315.0,782.4,39.0
138,99.0,485.5,1021.5,173.5,100.0,1304.8,881.4,131.0,100.0,347.0,825.5,220.0,112.33333333333326,493.8888888888889,1285.888888888889,165.8888888888889,100.77777777777783,919.1111111111111,1058.111111111111,116.22222222222217,98.0,1171.6666666666667,1266.3333333333333,103.0,97.75,522.5,963.5,213.75,120.20000000000005,469.6,1861.1,182.5,103.66666666666674,726.6666666666666,616.6666666666666,148.0,126.0,341.6,727.6,188.79999999999995,37.0,303.0,798.6,39.0
139,99.5,480.25,1021.25,173.25,100.0,1308.4,880.2,131.0,100.0,357.5,823.75,200.5,110.66666666666674,492.44444444444446,1279.4444444444443,167.44444444444446,97.88888888888869,919.5555555555555,1054.5555555555557,115.1111111111112,97.5,1169.8333333333333,1270.1666666666667,103.0,98.375,511.25,961.75,213.375,120.60000000000014,468.8,1861.05,182.24999999999994,100.33333333333326,726.8333333333334,615.8333333333334,152.0,126.0,335.8,727.8,186.40000000000003,37.0,291.0,814.8,39.0
140,100.0,475.0,1021.0,173.0,100.0,1312.0,879.0,131.0,100.0,368.0,822.0,181.0,109.0,491.0,1273.0,169.0,95.0,920.0,1051.0,114.0,97.0,1168.0,1274.0,103.0,99.0,500.0,960.0,213.0,121.0,468.0,1861.0,182.0,97.0,727.0,615.0,156.0,126.0,330.0,728.0,184.0,37.0,279.0,831.0,39.0
141,101.25,471.25,1020.05,174.75,99.83333333333326,1316.6666666666667,878.0833333333334,131.25,101.0,356.6666666666667,819.6666666666666,182.66666666666669,111.5,489.5,1269.5,168.0,102.25,918.75,1042.25,116.0,96.33333333333348,1166.7777777777778,1275.2222222222222,104.11111111111109,97.79999999999995,496.4,958.2,204.60000000000002,121.0,467.85,1861.2,182.0,96.5,729.05,614.7,155.10000000000002,119.80000000000007,332.4,725.8,173.60000000000002,37.0,272.6,849.2,39.0
142,102.49999999999989,467.5,1019.1,176.5,99.66666666666674,1321.3333333333333,877.1666666666666,131.5,102.0,345.3333333333333,817.3333333333334,184.33333333333331,114.0,488.0,1266.0,167.0,109.5,917.5,1033.5,118.0,95.66666666666674,1165.5555555555557,1276.4444444444443,105.22222222222217,96.60000000000002,492.8,956.4,196.2,121.0,467.7,1861.4,182.00000000000006,96.0,731.1,614.4,154.19999999999993,113.60000000000002,334.8,723.6,163.2,37.0,266.2,867.4,39.0
143,103.75000000000011,463.75,1018.15,178.25,99.5,1326.0,876.25,131.75,103.0,334.0,815.0,186.0,113.09090909090901,486.0,1261.2727272727273,166.5454545454545,116.75,916.25,1024.75,120.0,95.0,1164.3333333333333,1277.6666666666667,106.33333333333348,95.39999999999998,489.2,954.6,187.8,121.0,467.55,1861.6,181.99999999999994,95.5,733.15,614.1,153.30000000000007,107.39999999999998,337.2,721.4,152.8,37.0,259.8,885.6,39.0
144,105.0,460.0,1017.2,180.0,99.33333333333326,1330.6666666666667,875.3333333333334,132.0,103.75,331.25,808.0,187.75,112.18181818181824,484.0,1256.5454545454545,166.09090909090912,124.0,915.0,1016.0,122.0,94.33333333333326,1163.111111111111,1278.888888888889,107.44444444444457,94.20000000000005,485.6,952.8,179.39999999999998,121.0,467.4,1861.8,182.0,95.0,735.2,613.8,152.39999999999998,101.19999999999993,339.6,719.2,142.39999999999998,37.0,253.4,903.8,38.99999999999997
145,106.25,456.25,1016.25,181.75,99.16666666666674,1335.3333333333333,874.4166666666666,132.25,104.5,328.5,801.0,189.5,111.27272727272725,482.0,1251.8181818181818,165.63636363636363,122.1875,915.0625,1013.625,122.4375,93.66666666666674,1161.888888888889,1280.111111111111,108.55555555555543,93.0,482.0,951.0,171.0,121.0,467.25,1862.0,182.0,94.5,737.25,613.5,151.5,95.0,342.0,717.0,132.0,37.0,247.0,922.0,39.0
146,107.5,452.5,1015.3,183.5,99.0,1340.0,873.5,132.5,105.25,325.75,794.0,191.25,110.36363636363649,480.0,1247.090909090909,165.18181818181813,120.375,915.125,1011.25,122.875,93.0,1160.6666666666667,1281.3333333333333,109.66666666666652,91.80000000000007,478.2,951.6,171.2,121.0,467.1,1862.2,182.0,94.0,739.3,613.2,150.60000000000002,101.39999999999998,341.4,710.2,134.20000000000005,37.0,244.8,940.8,39.0
147,108.74999999999989,448.75,1014.35,185.25,98.83333333333326,1344.6666666666667,872.5833333333334,132.75,106.0,323.0,787.0,193.0,109.4545454545455,478.0,1242.3636363636363,164.72727272727275,118.5625,915.1875,1008.875,123.3125,92.33333333333326,1159.4444444444443,1282.5555555555557,110.77777777777783,90.59999999999991,474.4,952.2,171.39999999999998,121.0,466.95,1862.4,182.00000000000006,93.5,741.35,612.9,149.69999999999993,107.80000000000007,340.8,703.4,136.39999999999998,37.0,242.6,959.6,39.00000000000003
148,110.00000000000011,445.0,1013.4,187.0,98.66666666666674,1349.3333333333333,871.6666666666666,133.0,103.25,319.75,783.75,199.0,108.5454545454545,476.0,1237.6363636363637,164.27272727272725,116.75,915.25,1006.5,123.75,91.66666666666652,1158.2222222222222,1283.7777777777778,111.88888888888891,89.40000000000009,470.6,952.8,171.60000000000002,121.0,466.8,1862.6,181.99999999999994,93.0,743.4,612.6,148.80000000000007,114.19999999999993,340.2,696.6,138.60000000000002,37.0,240.4,978.4,38.99999999999997
149,111.25,441.25,1012.45,188.75,98.5,1354.0,870.75,133.25,100.5,316.5,780.5,205.0,107.63636363636351,474.0,1232.909090909091,163.81818181818187,114.9375,915.3125,1004.125,124.1875,91.0,1157.0,1285.0,113.0,88.19999999999993,466.8,953.4,171.8,121.0,466.65,1862.8,182.0,92.5,745.45,612.3,147.89999999999998,120.60000000000002,339.6,689.8,140.79999999999995,37.0,238.2,997.2,39.0
150,112.5,437.5,1011.5,190.5,98.33333333333326,1358.6666666666667,869.8333333333334,133.5,97.75,313.25,777.25,211.0,106.72727272727275,472.0,1228.1818181818182,163.36363636363637,113.125,915.375,1001.75,124.625,91.09090909090901,1158.0,1286.6363636363637,112.72727272727275,87.0,463.0,954.0,172.0,121.0,466.5,1863.0,182.0,92.0,747.5,612.0,147.0,127.0,339.0,683.0,143.0,37.0,236.0,1016.0,39.0
151,113.75,433.75,1010.55,192.25,98.16666666666674,1363.3333333333333,868.9166666666666,133.75,95.0,310.0,774.0,217.0,105.81818181818176,470.0,1223.4545454545455,162.90909090909088,111.3125,915.4375,999.375,125.0625,91.18181818181824,1159.0,1288.2727272727273,112.4545454545455,87.0,459.3,953.5,169.90000000000003,121.0,466.35,1863.2,182.0,91.5,749.55,611.7,146.10000000000002,118.79999999999995,335.8,678.0,149.8,37.0,239.2,1034.0,39.0
152,114.99999999999989,430.0,1009.6,194.0,98.0,1368.0,868.0,134.0,96.625,309.375,775.125,216.375,104.90909090909099,468.0,1218.7272727272727,162.4545454545455,109.5,915.5,997.0,125.5,91.27272727272725,1160.0,1289.909090909091,112.18181818181824,87.0,455.6,953.0,167.79999999999995,121.0,466.2,1863.4,182.00000000000006,91.0,751.6,611.4,145.19999999999993,110.60000000000002,332.6,673.0,156.59999999999997,37.0,242.4,1052.0,38.99999999999997
153,116.25000000000011,426.25,1008.65,195.75,98.25,1373.75,865.25,129.0,98.25,308.75,776.25,215.75,104.0,466.0,1214.0,162.0,107.6875,915.5625,994.625,125.9375,91.36363636363649,1161.0,1291.5454545454545,111.90909090909099,87.0,451.9,952.5,165.70000000000005,121.0,466.05,1863.6,181.99999999999994,90.5,753.65,611.1,144.30000000000007,102.39999999999998,329.4,668.0,163.40000000000003,37.0,245.6,1070.0,39.00000000000003
154,117.5,422.5,1007.7,197.5,98.5,1379.5,862.5,124.0,99.875,308.125,777.375,215.125,103.14285714285734,465.2857142857143,1212.4285714285713,161.4285714285714,105.875,915.625,992.25,126.375,91.4545454545455,1162.0,1293.1818181818182,111.63636363636374,87.0,448.2,952.0,163.59999999999997,121.0,465.9,1863.8,182.0,90.0,755.7,610.8,143.39999999999998,94.20000000000005,326.2,663.0,170.2,37.0,248.8,1088.0,39.0
155,118.75,418.75,1006.75,199.25,98.75,1385.25,859.75,119.0,101.5,307.5,778.5,214.5,102.28571428571422,464.57142857142856,1210.857142857143,160.8571428571429,104.0625,915.6875,989.875,126.8125,91.5454545454545,1163.0,1294.8181818181818,111.36363636363626,87.0,444.5,951.5,161.5,121.0,465.75,1864.0,182.0,89.5,757.75,610.5,142.5,86.0,323.0,658.0,177.0,37.0,252.0,1106.0,39.0
156,120.0,415.0,1005.8,201.0,99.0,1391.0,857.0,114.0,103.125,306.875,779.625,213.875,101.42857142857156,463.85714285714283,1209.2857142857142,160.28571428571428,102.25,915.75,987.5,127.25,91.63636363636351,1164.0,1296.4545454545455,111.09090909090901,87.0,440.8,951.0,159.40000000000003,121.0,465.6,1864.2,182.0,89.0,759.8,610.2,141.60000000000002,94.0,325.6,648.2,177.0,37.0,242.2,1096.2,39.0
157,121.24999999999989,411.25,1004.85,202.75,99.25,1396.75,854.25,109.0,104.75,306.25,780.75,213.25,100.57142857142844,463.14285714285717,1207.7142857142858,159.71428571428572,100.4375,915.8125,985.125,127.6875,91.72727272727275,1165.0,1298.090909090909,110.81818181818176,87.0,437.1,950.5,157.29999999999995,121.0,465.45,1864.4,182.00000000000006,88.5,761.85,609.9,140.69999999999993,102.0,328.2,638.4,177.0,37.0,232.4,1086.4,38.99999999999997
158,122.50000000000011,407.5,1003.9,204.5,99.5,1402.5,851.5,104.0,106.375,305.625,781.875,212.625,99.71428571428578,462.42857142857144,1206.142857142857,159.1428571428571,98.625,915.875,982.75,128.125,91.81818181818176,1166.0,1299.7272727272727,110.5454545454545,87.0,433.4,950.0,155.20000000000005,121.0,465.3,1864.6,181.99999999999994,88.0,763.9,609.6,139.80000000000007,110.0,330.8,628.6,177.0,37.0,222.6,1076.6,39.00000000000003
159,123.75,403.75,1002.95,206.25,99.75,1408.25,848.75,99.0,108.0,305.0,783.0,212.0,98.85714285714266,461.7142857142857,1204.5714285714287,158.5714285714286,96.8125,915.9375,980.375,128.5625,91.90909090909099,1167.0,1301.3636363636363,110.27272727272725,87.0,429.7,949.5,153.09999999999997,121.0,465.15,1864.8,182.0,87.5,765.95,609.3,138.89999999999998,118.0,333.4,618.8,177.0,37.0,212.8,1066.8,39.0
160,125.0,400.0,1002.0,208.0,100.0,1414.0,846.0,94.0,117.0,303.0,785.0,216.0,98.0,461.0,1203.0,158.0,95.0,916.0,978.0,129.0,92.0,1168.0,1303.0,110.0,87.0,426.0,949.0,151.0,121.0,465.0,1865.0,182.0,87.0,768.0,609.0,138.0,126.0,336.0,609.0,177.0,37.0,203.0,1057.0,39.0
161,123.75,395.5,1002.0,213.25,102.5,1418.75,843.0,98.125,123.25,307.0,783.25,214.75,99.10000000000014,459.8,1201.1,159.2,95.00000000000011,916.5555555555555,977.6666666666666,130.8888888888888,92.0,1168.1666666666667,1304.1666666666667,111.0,86.60000000000002,416.9,948.6,159.39999999999998,121.0,465.6,1864.55,182.0,86.30000000000007,769.4,608.65,139.30000000000007,122.20000000000005,338.6,603.3,177.19999999999993,37.0,198.2,1046.4,39.0
162,122.5,391.0,1002.0,218.5,105.0,1423.5,840.0,102.25,129.5,311.0,781.5,213.5,100.20000000000005,458.6,1199.2,160.39999999999998,94.99999999999989,917.1111111111111,977.3333333333334,132.77777777777783,92.0,1168.3333333333333,1305.3333333333333,112.0,86.20000000000005,407.8,948.2,167.8,121.0,466.2,1864.1,182.00000000000006,85.60000000000002,770.8,608.3,140.60000000000002,118.39999999999998,341.2,597.6,177.40000000000003,37.0,193.4,1035.8,39.0
163,121.25,386.5,1002.0,223.75,107.5,1428.25,837.0,106.375,135.75,315.0,779.75,212.25,101.29999999999995,457.4,1197.3,161.60000000000002,95.0,917.6666666666666,977.0,134.66666666666663,92.0,1168.5,1306.5,113.0,85.79999999999995,398.7,947.8,176.2,121.0,466.8,1863.65,181.99999999999994,84.89999999999998,772.2,607.95,141.89999999999998,114.60000000000002,343.8,591.9,177.59999999999997,37.0,188.6,1025.2,39.0
164,120.0,382.0,1002.0,229.0,110.0,1433.0,834.0,110.5,142.0,319.0,778.0,211.0,102.39999999999986,456.2,1195.4,162.8,95.00000000000011,918.2222222222222,976.6666666666666,136.55555555555566,92.0,1168.6666666666667,1307.6666666666667,114.0,85.39999999999998,389.6,947.4,184.60000000000002,121.0,467.4,1863.2,182.0,84.19999999999993,773.6,607.6,143.19999999999993,110.79999999999995,346.4,586.2,177.80000000000007,36.999999999999886,183.8,1014.6,39.0
165,123.71428571428578,379.85714285714283,999.8571428571429,230.5714285714286,112.5,1437.75,831.0,114.625,140.25,321.75,782.0,210.25,103.5,455.0,1193.5,164.0,94.99999999999989,918.7777777777778,976.3333333333334,138.44444444444434,92.0,1168.8333333333333,1308.8333333333333,115.0,85.0,380.5,947.0,193.0,121.0,468.0,1862.75,182.0,83.5,775.0,607.25,144.5,107.0,349.0,580.5,178.0,37.0,179.0,1004.0,39.0
166,127.42857142857144,377.7142857142857,997.7142857142857,232.14285714285717,115.0,1442.5,828.0,118.75,138.5,324.5,786.0,209.5,104.60000000000014,453.8,1191.6,165.2,95.0,919.3333333333334,976.0,140.33333333333337,92.0,1169.0,1310.0,116.0,84.60000000000002,371.4,946.6,201.39999999999998,121.0,468.6,1862.3,182.0,82.80000000000007,776.4,606.9,145.80000000000007,103.20000000000005,351.6,574.8,178.19999999999993,37.0,181.0,996.5,39.0
167,131.14285714285722,375.57142857142856,995.5714285714286,233.71428571428578,117.5,1447.25,825.0,122.875,136.75,327.25,790.0,208.75,105.70000000000005,452.6,1189.7,166.39999999999998,95.00000000000011,919.8888888888889,975.6666666666666,142.22222222222217,92.5,1172.0,1310.75,113.75,84.20000000000005,362.3,946.2,209.8,121.0,469.2,1861.85,182.00000000000006,82.10000000000002,777.8,606.55,147.10000000000002,99.39999999999998,354.2,569.1,178.40000000000003,37.0,183.0,989.0,39.0
168,134.85714285714278,373.42857142857144,993.4285714285714,235.28571428571422,120.0,1452.0,822.0,127.0,135.0,330.0,794.0,208.0,106.79999999999995,451.4,1187.8,167.60000000000002,94.99999999999989,920.4444444444445,975.3333333333334,144.1111111111112,93.0,1175.0,1311.5,111.5,83.79999999999995,353.2,945.8,218.2,121.0,469.8,1861.4,181.99999999999994,81.39999999999998,779.2,606.2,148.39999999999998,95.60000000000002,356.8,563.4,178.59999999999997,37.0,188.0,980.6666666666666,39.0
169,138.57142857142856,371.2857142857143,991.2857142857143,236.85714285714283,118.0,1451.5,821.5,129.0,137.66666666666674,334.6666666666667,797.6666666666666,199.66666666666669,107.89999999999986,450.2,1185.9,168.8,95.0,921.0,975.0,146.0,93.5,1178.0,1312.25,109.25,83.39999999999998,344.1,945.4,226.60000000000002,121.0,470.4,1860.95,182.0,80.69999999999993,780.6,605.85,149.69999999999993,91.79999999999995,359.4,557.7,178.80000000000007,37.0,193.0,972.3333333333334,39.0
170,142.28571428571422,369.14285714285717,989.1428571428571,238.4285714285714,116.0,1451.0,821.0,131.0,140.33333333333326,339.3333333333333,801.3333333333334,191.33333333333331,109.0,449.0,1184.0,170.0,95.0,923.5,974.5,148.25,94.0,1181.0,1313.0,107.0,83.0,335.0,945.0,235.0,121.0,471.0,1860.5,182.0,80.0,782.0,605.5,151.0,88.0,362.0,552.0,179.0,37.0,198.0,964.0,39.0
171,146.0,367.0,987.0,240.0,114.33333333333326,1465.0,820.3333333333334,118.33333333333326,143.0,344.0,805.0,183.0,106.39999999999986,447.7,1185.9,171.3,95.0,926.0,974.0,150.5,93.83333333333326,1184.5,1313.6666666666667,111.66666666666674,86.00000000000011,328.0,940.4,237.0,121.0,471.6,1860.05,182.0,79.30000000000007,783.4,605.15,152.30000000000007,92.39999999999998,368.6,545.2,176.60000000000002,37.0,207.2,957.8,39.0
172,158.0,363.2,976.0,239.8,112.66666666666674,1479.0,819.6666666666666,105.66666666666674,139.19999999999993,336.6,806.2,190.79999999999995,103.79999999999995,446.4,1187.8,172.60000000000002,95.0,928.5,973.5,152.75,93.66666666666674,1188.0,1314.3333333333333,116.33333333333326,89.0,321.0,935.8,239.0,121.0,472.2,1859.6,182.00000000000006,78.60000000000002,784.8,604.8,153.60000000000002,96.80000000000007,375.2,538.4,174.2,37.0,216.4,951.6,39.0
173,170.0,359.4,965.0,239.60000000000002,111.0,1493.0,819.0,93.0,135.39999999999998,329.2,807.4,198.59999999999997,101.20000000000005,445.1,1189.7,173.89999999999998,95.0,931.0,973.0,155.0,93.5,1191.5,1315.0,121.0,92.0,314.0,931.2,241.0,121.0,472.8,1859.15,181.99999999999994,77.89999999999998,786.2,604.45,154.89999999999998,101.19999999999993,381.8,531.6,171.8,37.0,225.6,945.4,39.00000000000003
174,182.0,355.6,954.0,239.39999999999998,109.42857142857133,1501.142857142857,818.2857142857143,93.14285714285711,131.60000000000002,321.8,808.6,206.40000000000003,98.60000000000014,443.8,1191.6,175.2,94.85714285714278,934.2857142857143,973.4285714285714,152.57142857142856,93.33333333333326,1195.0,1315.6666666666667,125.66666666666674,95.0,307.0,926.6,243.0,121.0,473.4,1858.7,182.0,77.19999999999993,787.6,604.1,156.19999999999993,105.60000000000002,388.4,524.8,169.39999999999998,37.0,234.8,939.2,39.0
175,194.0,351.8,943.0,239.2,107.85714285714289,1509.2857142857142,817.5714285714286,93.28571428571445,127.80000000000007,314.4,809.8,214.20000000000005,96.0,442.5,1193.5,176.5,94.71428571428578,937.5714285714286,973.8571428571429,150.14285714285722,93.16666666666674,1198.5,1316.3333333333333,130.33333333333326,98.0,300.0,922.0,245.0,121.0,474.0,1858.25,182.0,76.5,789.0,603.75,157.5,110.0,395.0,518.0,167.0,37.0,244.0,933.0,39.0
176,206.0,348.0,932.0,239.0,106.28571428571422,1517.4285714285713,816.8571428571429,93.42857142857156,124.0,307.0,811.0,222.0,93.39999999999986,441.2,1195.4,177.8,94.57142857142856,940.8571428571429,974.2857142857143,147.71428571428578,93.0,1202.0,1317.0,135.0,96.79999999999995,302.0,919.6,237.79999999999995,121.0,474.6,1857.8,182.0,75.80000000000007,790.4,603.4,158.80000000000007,108.60000000000002,397.2,512.8,164.59999999999997,37.0,254.4,928.0,38.99999999999997
177,198.75,343.5,929.25,237.25,104.71428571428578,1525.5714285714287,816.1428571428571,93.57142857142844,116.75,306.0,817.5,214.0,90.79999999999995,439.9,1197.3,179.10000000000002,94.42857142857144,944.1428571428571,974.7142857142857,145.28571428571422,92.75,1205.5,1317.75,133.25,95.59999999999991,304.0,917.2,230.60000000000002,121.0,475.2,1857.35,182.00000000000006,75.10000000000002,791.8,603.05,160.10000000000002,107.19999999999993,399.4,507.6,162.20000000000005,37.0,264.8,923.0,39.0
178,191.5,339.0,926.5,235.5,103.14285714285711,1533.7142857142858,815.4285714285714,93.71428571428555,109.5,305.0,824.0,206.0,88.20000000000005,438.6,1199.2,180.39999999999998,94.28571428571422,947.4285714285714,975.1428571428571,142.85714285714278,92.5,1209.0,1318.5,131.5,94.40000000000009,306.0,914.8,223.39999999999998,121.0,475.8,1856.9,181.99999999999994,74.39999999999998,793.2,602.7,161.39999999999998,105.80000000000007,401.6,502.4,159.79999999999995,37.0,275.2,918.0,39.0
179,184.25,334.5,923.75,233.75,101.57142857142867,1541.857142857143,814.7142857142857,93.85714285714289,102.25,304.0,830.5,198.0,85.60000000000014,437.3,1201.1,181.7,94.14285714285722,950.7142857142857,975.5714285714286,140.42857142857144,92.25,1212.5,1319.25,129.75,93.20000000000005,308.0,912.4,216.20000000000005,121.0,476.4,1856.45,182.0,73.69999999999993,794.6,602.35,162.69999999999993,104.40000000000003,403.8,497.2,157.40000000000003,37.0,285.6,913.0,39.0
180,177.0,330.0,921.0,232.0,100.0,1550.0,814.0,94.0,95.0,303.0,837.0,190.0,83.0,436.0,1203.0,183.0,94.0,954.0,976.0,138.0,92.0,1216.0,1320.0,128.0,92.0,310.0,910.0,209.0,121.0,477.0,1856.0,182.0,73.0,796.0,602.0,164.0,103.0,406.0,492.0,155.0,37.0,296.0,908.0,39.0
181,166.0,310.5,929.5,250.5,100.0,1559.5,813.0,98.75,95.0,306.5,839.75,193.75,83.0,435.85,1202.6,183.0,94.19999999999993,957.5,974.6,138.70000000000005,92.0,1218.3333333333333,1320.2222222222222,126.77777777777783,91.60000000000002,318.4,908.8,200.80000000000007,121.5,478.5,1853.0,180.75,76.5,795.9,603.5,163.60000000000002,101.39999999999998,410.4,487.4,154.39999999999998,37.0,303.3333333333333,903.6666666666666,39.0
182,155.0,291.0,938.0,269.0,100.0,1569.0,812.0,103.5,95.0,310.0,842.5,197.5,83.0,435.7,1202.2,183.00000000000006,94.39999999999986,961.0,973.2,139.4000000000001,92.0,1220.6666666666667,1320.4444444444443,125.55555555555543,91.19999999999993,326.8,907.6,192.59999999999997,122.0,480.0,1850.0,179.5,80.0,795.8,605.0,163.20000000000005,99.80000000000001,414.8,482.8,153.8,37.0,310.6666666666667,899.3333333333334,39.0
183,148.9999999999999,284.6666666666667,947.3333333333334,272.99999999999994,100.0,1578.5,811.0,108.25,95.0,313.5,845.25,201.25,83.0,435.55,1201.8,182.99999999999994,94.60000000000014,964.5,971.8,140.0999999999999,92.0,1223.0,1320.6666666666667,124.33333333333326,90.80000000000007,335.2,906.4,184.40000000000003,122.5,481.5,1847.0,178.25,83.5,795.7,606.5,162.79999999999995,98.19999999999999,419.2,478.2,153.2,37.0,318.0,895.0,39.0
184,143.0000000000001,278.3333333333333,956.6666666666666,277.00000000000006,100.0,1588.0,810.0,113.0,95.0,317.0,848.0,205.0,83.0,435.4,1201.4,183.0,94.80000000000007,968.0,970.4,140.79999999999995,92.0,1225.3333333333333,1320.888888888889,123.11111111111109,90.39999999999998,343.6,905.2,176.19999999999993,123.0,483.0,1844.0,177.0,87.0,795.6,608.0,162.39999999999998,96.60000000000002,423.6,473.6,152.60000000000002,37.0,336.0,895.0,39.0
185,137.0,272.0,966.0,281.0,100.0,1590.0,809.0,119.33333333333326,96.75,320.75,847.75,214.25,83.0,435.25,1201.0,183.0,95.0,971.5,969.0,141.5,92.0,1227.6666666666667,1321.111111111111,121.88888888888891,90.0,352.0,904.0,168.0,123.5,484.5,1841.0,175.75,90.5,795.5,609.5,162.0,95.0,428.0,469.0,152.0,37.0,354.0,895.0,39.0
186,144.5,281.5,962.0,269.5,100.0,1592.0,808.0,125.66666666666674,98.5,324.5,847.5,223.5,83.0,435.1,1200.6,183.0,95.19999999999993,975.0,967.6,142.20000000000005,92.0,1230.0,1321.3333333333333,120.66666666666674,89.60000000000002,360.6,903.0,163.79999999999995,124.0,486.0,1838.0,174.5,94.0,795.4,611.0,161.60000000000002,92.19999999999993,435.8,467.6,160.2,37.0,369.75,897.5,39.0
187,152.0,291.0,958.0,258.0,100.0,1594.0,807.0,132.0,100.25,328.25,847.25,232.75,83.0,434.95,1200.2,183.00000000000006,95.39999999999986,978.5,966.2,142.9000000000001,92.0,1232.3333333333333,1321.5555555555557,119.44444444444457,89.20000000000005,369.2,902.0,159.59999999999997,124.5,487.5,1835.0,173.25,97.5,795.3,612.5,161.20000000000005,89.40000000000003,443.6,466.2,168.39999999999998,37.0,385.5,900.0,39.0
188,149.42857142857133,295.42857142857144,954.0,253.57142857142856,100.0,1605.3846153846155,806.0769230769231,129.0769230769231,102.0,332.0,847.0,242.0,83.0,434.8,1199.8,182.99999999999994,95.60000000000014,982.0,964.8,143.5999999999999,92.0,1234.6666666666667,1321.7777777777778,118.22222222222217,88.79999999999995,377.8,901.0,155.40000000000003,125.0,489.0,1832.0,172.0,101.0,795.2,614.0,160.79999999999995,86.59999999999997,451.4,464.8,176.60000000000002,37.0,401.25,902.5,39.0
189,146.8571428571429,299.85714285714283,950.0,249.14285714285717,100.0,1616.7692307692307,805.1538461538462,126.15384615384619,104.0,339.5,848.0,234.0,83.0,434.65,1199.4,183.0,95.80000000000007,985.5,963.4,144.29999999999995,92.0,1237.0,1322.0,117.0,88.39999999999998,386.4,900.0,151.20000000000005,125.5,490.5,1829.0,170.75,104.5,795.1,615.5,160.39999999999998,83.80000000000007,459.2,463.4,184.8,37.0,417.0,905.0,39.0
190,144.28571428571422,304.2857142857143,946.0,244.71428571428572,100.0,1628.1538461538462,804.2307692307693,123.23076923076928,106.0,347.0,849.0,226.0,83.0,434.5,1199.0,183.0,96.0,989.0,962.0,145.0,93.25,1237.25,1323.0,125.5,88.0,395.0,899.0,147.0,126.0,492.0,1826.0,169.5,108.0,795.0,617.0,160.0,81.0,467.0,462.0,193.0,37.0,426.0,905.0,39.0
191,141.71428571428578,308.7142857142857,942.0,240.28571428571428,100.0,1639.5384615384614,803.3076923076923,120.30769230769238,109.25,352.0,849.5,219.5,83.0,434.35,1198.6,183.0,96.20000000000005,989.7,960.2,145.5999999999999,94.5,1237.5,1324.0,134.0,90.0,397.5,900.0,140.0,126.5,493.5,1823.0,168.25,112.42857142857144,790.5714285714286,617.8571428571429,164.42857142857144,82.80000000000001,472.2,461.7,189.09999999999997,37.0,428.5,906.5,39.0
192,139.1428571428571,313.14285714285717,938.0,235.85714285714283,100.0,1650.923076923077,802.3846153846154,117.38461538461547,112.5,357.0,850.0,213.0,83.0,434.2,1198.2,183.00000000000006,96.39999999999998,990.4,958.4,146.19999999999993,95.75,1237.75,1325.0,142.5,92.0,400.0,901.0,133.0,127.0,495.0,1820.0,167.0,116.85714285714289,786.1428571428571,618.7142857142857,168.8571428571429,84.60000000000002,477.4,461.4,185.20000000000005,37.0,431.0,908.0,39.0
193,136.57142857142867,317.57142857142856,934.0,231.42857142857144,100.0,1662.3076923076924,801.4615384615385,114.46153846153834,115.75,362.0,850.5,206.5,83.0,434.05,1197.8,182.99999999999994,96.60000000000002,991.1,956.6,146.80000000000007,97.0,1238.0,1326.0,151.0,93.75,402.25,902.0,133.0,127.5,496.5,1817.0,165.75,121.28571428571433,781.7142857142857,619.5714285714286,173.28571428571433,86.39999999999998,482.6,461.1,181.29999999999995,37.0,429.6666666666667,910.3333333333334,39.0
194,134.0,322.0,930.0,227.0,100.0,1673.6923076923076,800.5384615384615,111.53846153846166,119.0,367.0,851.0,200.0,83.0,433.9,1197.4,183.0,96.79999999999995,991.8,954.8,147.4000000000001,96.0,1240.3333333333333,1326.3333333333333,155.0,95.5,404.5,903.0,133.0,128.0,498.0,1814.0,164.5,125.71428571428567,777.2857142857143,620.4285714285714,177.71428571428567,88.19999999999999,487.8,460.8,177.40000000000003,37.0,428.3333333333333,912.6666666666666,39.0
195,131.33333333333337,324.6666666666667,930.6666666666666,222.66666666666669,100.0,1685.076923076923,799.6153846153846,108.61538461538453,121.33333333333326,368.3333333333333,850.3333333333334,199.66666666666669,83.0,433.75,1197.0,183.0,97.0,992.5,953.0,148.0,95.0,1242.6666666666667,1326.6666666666667,159.0,97.25,406.75,904.0,133.0,128.5,499.5,1811.0,163.25,130.1428571428571,772.8571428571429,621.2857142857143,182.1428571428571,90.0,493.0,460.5,173.5,37.0,427.0,915.0,39.0
196,128.66666666666663,327.3333333333333,931.3333333333334,218.33333333333331,100.0,1696.4615384615386,798.6923076923077,105.69230769230762,123.66666666666674,369.6666666666667,849.6666666666666,199.33333333333331,83.0,433.6,1196.6,183.0,97.20000000000005,993.2,951.2,148.5999999999999,94.0,1245.0,1327.0,163.0,99.0,409.0,905.0,133.0,129.0,501.0,1808.0,162.0,134.57142857142856,768.4285714285714,622.1428571428571,186.57142857142856,91.80000000000001,498.2,460.2,169.59999999999997,37.0,427.2,915.4,39.0
197,126.0,330.0,932.0,214.0,100.0,1707.8461538461538,797.7692307692307,102.76923076923072,126.0,371.0,849.0,199.0,83.0,433.45,1196.2,183.00000000000006,97.39999999999998,993.9,949.4,149.19999999999993,93.5,1243.5,1328.5,162.25,101.0,411.25,906.0,149.25,129.5,502.5,1805.0,160.75,139.0,764.0,623.0,191.0,93.60000000000002,503.4,459.9,165.70000000000005,37.0,427.4,915.8,39.0
198,123.33333333333337,332.6666666666667,932.6666666666666,209.66666666666669,100.0,1719.2307692307693,796.8461538461538,99.84615384615381,122.33333333333337,373.3333333333333,847.6666666666666,201.66666666666669,83.0,433.3,1195.8,182.99999999999994,97.60000000000002,994.6,947.6,149.80000000000007,93.0,1242.0,1330.0,161.5,103.0,413.5,907.0,165.5,130.0,504.0,1802.0,159.5,135.66666666666663,753.3333333333334,632.0,190.66666666666663,95.39999999999998,508.6,459.6,161.79999999999995,37.0,427.6,916.2,39.0
199,120.66666666666663,335.3333333333333,933.3333333333334,205.33333333333331,100.0,1730.6153846153845,795.9230769230769,96.9230769230769,118.66666666666663,375.6666666666667,846.3333333333334,204.33333333333331,83.0,433.15,1195.4,183.0,97.79999999999995,995.3,945.8,150.4000000000001,92.5,1240.5,1331.5,160.75,105.0,415.75,908.0,181.75,130.5,505.5,1799.0,158.25,132.33333333333337,742.6666666666666,641.0,190.33333333333337,97.19999999999999,513.8,459.3,157.9000000000001,37.0,427.8,916.6,39.0
200,118.0,338.0,934.0,201.0,100.0,1742.0,795.0,94.0,115.0,378.0,845.0,207.0,83.0,433.0,1195.0,183.0,98.0,996.0,944.0,151.0,92.0,1239.0,1333.0,160.0,107.0,418.0,909.0,198.0,131.0,507.0,1796.0,157.0,129.0,732.0,650.0,190.0,99.0,519.0,459.0,154.0,37.0,428.0,917.0,39.0
201,118.0,340.54545454545456,934.0,198.45454545454544,100.0,1746.0,795.0,106.5,110.79999999999995,382.8,845.0,206.2,83.05555555555566,433.3333333333333,1194.9444444444443,182.9444444444445,98.0,996.75,942.75,151.0,96.0,1237.5,1331.75,152.75,104.66666666666663,418.0,911.3333333333334,207.0,129.58333333333348,508.0833333333333,1795.8333333333333,159.58333333333331,131.0,726.3333333333334,655.0,185.0,107.0,522.25,460.25,151.5,37.0,432.8,916.4,39.0
202,118.0,343.09090909090907,934.0,195.90909090909093,100.0,1750.0,795.0,119.0,106.60000000000002,387.6,845.0,205.39999999999998,83.11111111111109,433.6666666666667,1194.888888888889,182.88888888888886,98.0,997.5,941.5,151.0,100.0,1236.0,1330.5,145.5,102.33333333333337,418.0,913.6666666666666,216.0,128.16666666666652,509.1666666666667,1795.6666666666667,162.16666666666669,133.0,720.6666666666666,660.0,180.0,115.0,525.5,461.5,149.0,37.0,437.6,915.8,39.0
203,118.0,345.6363636363636,934.0,193.36363636363637,100.0,1758.388888888889,794.0555555555555,119.0,102.39999999999998,392.4,845.0,204.60000000000002,83.16666666666674,434.0,1194.8333333333333,182.83333333333337,98.0,998.25,940.25,151.0,104.0,1234.5,1329.25,138.25,100.0,418.0,916.0,225.0,126.75,510.25,1795.5,164.75,135.0,715.0,665.0,175.0,123.0,528.75,462.75,146.5,37.0,442.4,915.2,39.0
204,118.0,348.1818181818182,934.0,190.8181818181818,100.0,1766.7777777777778,793.1111111111111,119.0,98.20000000000005,397.2,845.0,203.8,83.22222222222217,434.3333333333333,1194.7777777777778,182.77777777777777,98.0,999.0,939.0,151.0,108.0,1233.0,1328.0,131.0,98.33333333333337,420.1111111111111,918.0,223.77777777777783,125.33333333333348,511.3333333333333,1795.3333333333333,167.33333333333331,142.33333333333337,708.3333333333334,667.6666666666666,175.0,131.0,532.0,464.0,144.0,37.0,447.2,914.6,39.0
205,118.0,350.72727272727275,934.0,188.27272727272725,100.0,1775.1666666666667,792.1666666666666,119.0,94.0,402.0,845.0,203.0,83.27777777777783,434.6666666666667,1194.7222222222222,182.72222222222223,98.0,999.125,938.875,150.6875,109.66666666666674,1227.6666666666667,1330.0,132.66666666666652,96.66666666666663,422.22222222222223,920.0,222.5555555555556,123.91666666666652,512.4166666666666,1795.1666666666667,169.91666666666674,149.66666666666663,701.6666666666666,670.3333333333334,175.0,131.66666666666669,534.6666666666666,466.1666666666667,145.66666666666674,37.0,452.0,914.0,39.0
206,118.0,353.27272727272725,934.0,185.72727272727275,100.0,1783.5555555555557,791.2222222222222,119.0,97.75,413.125,842.75,194.75,83.33333333333326,435.0,1194.6666666666667,182.66666666666663,98.0,999.25,938.75,150.375,111.33333333333326,1222.3333333333333,1332.0,134.33333333333348,95.0,424.3333333333333,922.0,221.33333333333331,122.5,513.5,1795.0,172.5,157.0,695.0,673.0,175.0,132.33333333333331,537.3333333333334,468.3333333333333,147.33333333333326,37.0,459.4,912.2,39.0
207,118.0,355.8181818181818,934.0,183.1818181818182,100.0,1791.9444444444443,790.2777777777778,119.0,101.5,424.25,840.5,186.5,83.38888888888891,435.3333333333333,1194.611111111111,182.61111111111114,98.0,999.375,938.625,150.0625,113.0,1217.0,1334.0,136.0,93.33333333333337,426.44444444444446,924.0,220.1111111111111,121.08333333333348,514.5833333333334,1794.8333333333333,175.08333333333326,154.125,690.25,685.625,175.0,133.0,540.0,470.5,149.0,37.0,466.8,910.4,39.0
208,118.0,358.3636363636364,934.0,180.63636363636363,100.0,1800.3333333333333,789.3333333333334,119.0,105.25,435.375,838.25,178.25,83.44444444444434,435.6666666666667,1194.5555555555557,182.5555555555555,98.0,999.5,938.5,149.75,112.5454545454545,1213.7272727272727,1338.0,135.5454545454545,91.66666666666663,428.55555555555554,926.0,218.8888888888889,119.66666666666652,515.6666666666666,1794.6666666666667,177.66666666666674,151.25,685.5,698.25,175.0,133.66666666666669,542.6666666666666,472.6666666666667,150.66666666666674,37.0,474.2,908.6,39.00000000000006
209,118.0,360.90909090909093,934.0,178.09090909090907,100.0,1808.7222222222222,788.3888888888889,119.0,109.0,446.5,836.0,170.0,83.5,436.0,1194.5,182.5,98.0,999.625,938.375,149.4375,112.09090909090901,1210.4545454545455,1342.0,135.090909090909,90.0,430.6666666666667,928.0,217.66666666666669,118.25,516.75,1794.5,180.25,148.375,680.75,710.875,175.0,134.33333333333331,545.3333333333334,474.8333333333333,152.33333333333326,37.0,481.6,906.8,39.0
210,118.0,363.45454545454544,934.0,175.54545454545456,100.0,1817.111111111111,787.4444444444445,119.0,112.75,457.625,833.75,161.75,83.55555555555566,436.3333333333333,1194.4444444444443,182.4444444444445,98.0,999.75,938.25,149.125,111.63636363636374,1207.1818181818182,1346.0,134.6363636363635,88.33333333333337,432.77777777777777,930.0,216.4444444444444,116.83333333333348,517.8333333333334,1794.3333333333333,182.83333333333326,145.5,676.0,723.5,175.0,135.0,548.0,477.0,154.0,37.0,489.0,905.0,39.0
211,118.0,366.0,934.0,173.0,100.0,1825.5,786.5,119.0,116.5,468.75,831.5,153.5,83.61111111111109,436.6666666666667,1194.388888888889,182.38888888888886,98.0,999.875,938.125,148.8125,111.18181818181824,1203.909090909091,1350.0,134.18181818181802,86.66666666666663,434.8888888888889,932.0,215.22222222222217,115.41666666666652,518.9166666666666,1794.1666666666667,185.41666666666674,142.625,671.25,736.125,175.0,131.49999999999994,550.9,481.8,155.60000000000002,37.0,500.8,904.4,38.99999999999994
212,115.77777777777783,369.1111111111111,933.8888888888889,173.33333333333337,100.0,1833.888888888889,785.5555555555555,119.0,120.25,479.875,829.25,145.25,83.66666666666674,437.0,1194.3333333333333,182.33333333333337,98.0,1000.0,938.0,148.5,110.72727272727275,1200.6363636363637,1354.0,133.72727272727252,85.0,437.0,934.0,214.0,114.0,520.0,1794.0,188.0,139.75,666.5,748.75,175.0,128.0,553.8,486.6,157.20000000000005,37.0,512.6,903.8,39.0
213,113.55555555555543,372.22222222222223,933.7777777777778,173.66666666666669,100.0,1842.2777777777778,784.6111111111111,119.0,124.0,491.0,827.0,137.0,83.72222222222217,437.3333333333333,1194.2777777777778,182.27777777777777,98.0,1000.125,937.875,148.1875,110.27272727272725,1197.3636363636363,1358.0,133.27272727272748,85.375,439.5,933.625,211.5,114.59999999999991,521.8,1794.0,186.20000000000005,136.875,661.75,761.375,175.0,124.5,556.7,491.4,158.79999999999995,37.0,524.4,903.2,39.0
214,111.33333333333337,375.3333333333333,933.6666666666666,174.00000000000006,100.0,1850.6666666666667,783.6666666666666,119.0,119.5,497.75,831.75,132.25,83.77777777777783,437.6666666666667,1194.2222222222222,182.22222222222223,98.0,1000.25,937.75,147.875,109.81818181818176,1194.090909090909,1362.0,132.81818181818198,85.75,442.0,933.25,209.0,115.20000000000005,523.6,1794.0,184.39999999999998,134.0,657.0,774.0,175.0,121.00000000000006,559.6,496.2,160.39999999999998,37.0,536.2,902.6,39.0
215,109.1111111111112,378.44444444444446,933.5555555555555,174.33333333333337,100.0,1859.0555555555557,782.7222222222222,119.0,115.0,504.5,836.5,127.5,83.83333333333326,438.0,1194.1666666666667,182.16666666666663,98.0,1000.375,937.625,147.5625,109.36363636363626,1190.8181818181818,1366.0,132.3636363636365,86.125,444.5,932.875,206.5,115.79999999999995,525.4,1794.0,182.60000000000002,140.33333333333326,652.3333333333334,777.3333333333334,174.83333333333326,117.5,562.5,501.0,162.0,37.0,548.0,902.0,39.0
216,106.8888888888888,381.55555555555554,933.4444444444445,174.66666666666663,100.0,1867.4444444444443,781.7777777777778,119.0,110.5,511.25,841.25,122.75,83.88888888888891,438.3333333333333,1194.111111111111,182.11111111111114,98.0,1000.5,937.5,147.25,108.90909090909099,1187.5454545454545,1370.0,131.909090909091,86.5,447.0,932.5,204.0,116.40000000000009,527.2,1794.0,180.79999999999995,146.66666666666674,647.6666666666666,780.6666666666666,174.66666666666674,113.99999999999994,565.4,505.8,163.60000000000002,37.0,558.4,903.0,39.0
217,104.66666666666663,384.6666666666667,933.3333333333334,174.99999999999994,100.0,1875.8333333333333,780.8333333333334,119.0,106.0,518.0,846.0,118.0,83.94444444444434,438.6666666666667,1194.0555555555557,182.0555555555555,98.0,1000.625,937.375,146.9375,108.4545454545455,1184.2727272727273,1374.0,131.4545454545455,86.875,449.5,932.125,201.5,117.0,529.0,1794.0,179.0,153.0,643.0,784.0,174.5,110.5,568.3,510.6,165.20000000000005,37.0,568.8,904.0,39.0
218,102.44444444444457,387.77777777777777,933.2222222222222,175.33333333333331,100.0,1884.2222222222222,779.8888888888889,119.0,101.0,524.6666666666666,850.6666666666666,142.66666666666674,84.0,439.0,1194.0,182.0,98.0,1000.75,937.25,146.625,108.0,1181.0,1378.0,131.0,87.25,452.0,931.75,199.0,117.59999999999991,530.8,1794.0,177.20000000000005,159.33333333333326,638.3333333333334,787.3333333333334,174.33333333333326,107.0,571.2,515.4,166.79999999999995,37.0,579.2,905.0,39.0
219,100.22222222222217,390.8888888888889,933.1111111111111,175.66666666666663,100.0,1892.611111111111,778.9444444444445,119.0,96.0,531.3333333333334,855.3333333333334,167.33333333333326,83.94117647058829,441.0,1194.235294117647,181.23529411764707,98.0,1000.875,937.125,146.3125,106.79999999999995,1179.6,1382.0,130.4000000000001,87.625,454.5,931.375,196.5,118.20000000000005,532.6,1794.0,175.39999999999998,165.66666666666674,633.6666666666666,790.6666666666666,174.16666666666674,103.5,574.1,520.2,168.39999999999998,37.0,589.6,906.0,39.0
220,98.0,394.0,933.0,176.0,100.0,1901.0,778.0,119.0,91.0,538.0,860.0,192.0,83.88235294117635,443.0,1194.4705882352941,180.47058823529414,98.0,1001.0,937.0,146.0,105.59999999999991,1178.2,1386.0,129.79999999999995,88.0,457.0,931.0,194.0,118.79999999999995,534.4,1794.0,173.60000000000002,172.0,629.0,794.0,174.0,100.0,577.0,525.0,170.0,37.0,600.0,907.0,39.0
221,99.83333333333337,393.75,932.8333333333334,177.25,100.0,1909.55,777.85,119.0,101.25,553.25,857.0,184.75,83.82352941176464,445.0,1194.7058823529412,179.70588235294122,101.99999999999989,1003.0,931.3333333333334,145.66666666666674,104.40000000000009,1176.8,1390.0,129.20000000000005,91.60000000000002,459.6,927.8,192.0,119.40000000000009,536.2,1794.0,171.79999999999995,161.83333333333337,632.8333333333334,810.1666666666666,171.83333333333326,99.69999999999993,581.0,528.6,168.5,37.0,607.5,912.5,39.0
222,101.66666666666663,393.5,932.6666666666666,178.5,100.0,1918.1,777.7,119.0,111.5,568.5,854.0,177.5,83.76470588235293,447.0,1194.9411764705883,178.9411764705883,106.00000000000011,1005.0,925.6666666666666,145.33333333333326,103.20000000000005,1175.4,1394.0,128.5999999999999,95.19999999999993,462.2,924.6,190.00000000000006,120.0,538.0,1794.0,170.0,151.66666666666663,636.6666666666666,826.3333333333334,169.66666666666674,99.39999999999998,585.0,532.2,167.0,37.0,615.0,918.0,39.0
223,103.5,393.25,932.5,179.75,100.0,1926.65,777.55,119.0,121.75,583.75,851.0,170.25,83.70588235294122,449.0,1195.1764705882354,178.17647058823525,110.0,1007.0,920.0,145.0,102.0,1174.0,1398.0,128.0,98.80000000000007,464.8,921.4,187.99999999999994,120.59999999999991,539.8,1794.0,168.20000000000005,141.5,640.5,842.5,167.5,99.10000000000002,589.0,535.8,165.5,37.0,625.3333333333334,916.3333333333334,39.0
224,105.33333333333337,393.0,932.3333333333334,181.0,100.0,1935.2,777.4,118.99999999999977,132.0,599.0,848.0,163.0,83.64705882352928,451.0,1195.4117647058824,177.41176470588232,117.33333333333337,1009.0,915.3333333333334,144.66666666666674,100.83333333333348,1172.6666666666667,1401.8333333333333,124.0,102.39999999999998,467.4,918.2,186.0,121.20000000000005,541.6,1794.0,166.39999999999998,131.33333333333337,644.3333333333334,858.6666666666666,165.33333333333326,98.80000000000007,593.0,539.4,164.0,37.0,635.6666666666666,914.6666666666666,39.0
225,107.16666666666663,392.75,932.1666666666666,182.25,100.0,1943.75,777.25,119.0,155.0,606.0,849.0,157.0,83.58823529411757,453.0,1195.6470588235295,176.6470588235294,124.66666666666663,1011.0,910.6666666666666,144.33333333333326,99.66666666666652,1171.3333333333333,1405.6666666666667,120.0,106.0,470.0,915.0,184.0,121.79999999999995,543.4,1794.0,164.60000000000002,121.16666666666663,648.1666666666666,874.8333333333334,163.16666666666674,98.5,597.0,543.0,162.5,37.0,646.0,913.0,39.0
226,109.0,392.5,932.0,183.5,100.0,1952.3,777.1,119.00000000000023,160.5,612.5,850.5,152.0,83.52941176470586,455.0,1195.8823529411766,175.88235294117646,132.0,1013.0,906.0,144.0,98.5,1170.0,1409.5,116.0,106.86666666666667,472.46666666666664,914.6,182.00000000000006,122.40000000000009,545.2,1794.0,162.79999999999995,111.0,652.0,891.0,161.0,98.19999999999993,601.0,546.6,161.0,37.0,647.0,923.6,39.0
227,110.83333333333337,392.25,931.8333333333334,184.75,100.0,1960.85,776.95,119.0,166.0,619.0,852.0,147.0,83.47058823529414,457.0,1196.1176470588234,175.11764705882354,129.66666666666663,1014.1666666666666,902.1666666666666,143.5000000000001,97.33333333333348,1168.6666666666667,1413.3333333333333,112.0,107.73333333333323,474.93333333333334,914.2,179.99999999999994,123.0,547.0,1794.0,161.0,126.66666666666663,663.0,892.0,156.66666666666663,97.89999999999998,605.0,550.2,159.5,37.0,648.0,934.2,39.0
228,112.66666666666663,392.0,931.6666666666666,186.0,100.0,1969.4,776.8,119.0,166.0,622.5,856.5,145.0,83.41176470588243,459.0,1196.3529411764705,174.3529411764706,127.33333333333337,1015.3333333333334,898.3333333333334,142.9999999999999,96.16666666666652,1167.3333333333333,1417.1666666666667,108.0,108.60000000000002,477.4,913.8,178.0,123.0,548.6666666666666,1794.7777777777778,161.0,142.33333333333326,674.0,893.0,152.33333333333337,97.60000000000002,609.0,553.8,158.0,37.0,649.0,944.8,39.0
229,114.5,391.75,931.5,187.25,100.0,1977.95,776.65,118.99999999999977,166.0,626.0,861.0,143.0,83.35294117647072,461.0,1196.5882352941176,173.58823529411768,125.0,1016.5,894.5,142.5,95.0,1166.0,1421.0,104.0,109.4666666666667,479.8666666666667,913.4,176.0,123.0,550.3333333333334,1795.5555555555557,161.0,158.0,685.0,894.0,148.0,97.30000000000007,613.0,557.4,156.5,37.0,650.0,955.4,39.0
230,116.33333333333337,391.5,931.3333333333334,188.5,100.0,1986.5,776.5,119.0,165.5,631.0,867.0,141.5,83.29411764705878,463.0,1196.8235294117646,172.82352941176475,122.66666666666674,1017.6666666666666,890.6666666666666,142.0000000000001,96.59999999999991,1164.8,1424.0,102.79999999999995,110.33333333333337,482.3333333333333,913.0,174.00000000000006,123.0,552.0,1796.3333333333333,161.0,155.090909090909,687.0,900.0,152.09090909090912,97.0,617.0,561.0,155.0,37.0,651.0,966.0,39.0
231,118.16666666666663,391.25,931.1666666666666,189.75,100.0,1995.05,776.35,119.00000000000023,165.0,636.0,873.0,140.0,83.23529411764707,465.0,1197.0588235294117,172.0588235294117,120.33333333333326,1018.8333333333334,886.8333333333334,141.4999999999999,98.20000000000005,1163.6,1427.0,101.60000000000014,111.19999999999993,484.8,912.6,171.99999999999994,123.0,553.6666666666666,1797.111111111111,161.0,152.18181818181824,689.0,906.0,156.18181818181813,96.83333333333337,622.6666666666666,566.5,152.66666666666674,37.0,656.0,976.6,39.0
232,120.0,391.0,931.0,191.0,100.0,2003.6,776.2,119.0,164.66666666666663,640.8888888888889,885.4444444444445,138.33333333333326,83.17647058823536,467.0,1197.2941176470588,171.29411764705878,118.0,1020.0,883.0,141.0,99.79999999999995,1162.4,1430.0,100.39999999999986,112.0666666666666,487.26666666666665,912.2,170.0,123.0,555.3333333333334,1797.888888888889,161.0,149.27272727272725,691.0,912.0,160.27272727272725,96.66666666666663,628.3333333333334,572.0,150.33333333333326,37.0,661.0,987.2,39.0
233,119.125,393.0,933.625,190.0,100.0,2012.15,776.05,119.0,164.33333333333326,645.7777777777778,897.8888888888889,136.66666666666663,83.11764705882365,469.0,1197.5294117647059,170.52941176470586,115.75,1024.375,878.5,140.625,101.40000000000009,1161.2,1433.0,99.20000000000005,112.9333333333334,489.73333333333335,911.8,168.0,123.0,557.0,1798.6666666666667,161.0,146.36363636363626,693.0,918.0,164.36363636363637,96.5,634.0,577.5,148.0,37.0,666.0,997.8,39.0
234,118.25,395.0,936.25,189.0,100.0,2020.7,775.9,118.99999999999977,163.9999999999999,650.6666666666666,910.3333333333334,135.0,83.05882352941171,471.0,1197.764705882353,169.76470588235293,113.5,1028.75,874.0,140.25,103.0,1160.0,1436.0,98.0,113.80000000000007,492.2,911.4,166.00000000000006,123.0,558.6666666666666,1799.4444444444443,161.0,143.4545454545455,695.0,924.0,168.4545454545455,96.33333333333337,639.6666666666666,583.0,145.66666666666674,37.000000000000114,671.0,1008.4,39.0
235,117.375,397.0,938.875,188.0,100.0,2029.25,775.75,119.0,163.66666666666652,655.5555555555555,922.7777777777778,133.33333333333337,83.0,473.0,1198.0,169.0,111.25,1033.125,869.5,139.875,101.16666666666652,1158.3333333333333,1437.1666666666667,103.5,114.66666666666674,494.6666666666667,911.0,163.99999999999994,123.0,560.3333333333334,1800.2222222222222,161.0,140.5454545454545,697.0,930.0,172.5454545454545,96.16666666666663,645.3333333333334,588.5,143.33333333333326,37.0,676.0,1019.0,39.0
236,116.5,399.0,941.5,187.0,100.0,2037.8,775.6,119.00000000000023,163.33333333333348,660.4444444444445,935.2222222222222,131.66666666666663,84.79999999999995,475.0,1198.2,164.60000000000002,109.0,1037.5,865.0,139.5,99.33333333333348,1156.6666666666667,1438.3333333333333,109.0,115.53333333333342,497.1333333333333,910.6,162.0,123.0,562.0,1801.0,161.0,137.63636363636374,699.0,936.0,176.63636363636363,96.0,651.0,594.0,141.0,37.0,689.0,1036.6,39.0
237,115.625,401.0,944.125,186.0,100.0,2046.35,775.45,119.0,163.0000000000001,665.3333333333334,947.6666666666666,130.0,86.59999999999991,477.0,1198.4,160.20000000000005,106.75,1041.875,860.5,139.125,97.5,1155.0,1439.5,114.5,116.39999999999986,499.6,910.2,160.0,123.0,566.75,1801.0,156.25,134.72727272727275,701.0,942.0,180.72727272727275,95.75,662.25,597.5,141.0,37.0,702.0,1054.2,39.0
238,114.75,403.0,946.75,185.0,100.0,2054.9,775.3,119.0,162.66666666666674,670.2222222222222,960.1111111111111,128.33333333333337,88.40000000000009,479.0,1198.6,155.79999999999995,104.5,1046.25,856.0,138.75,95.66666666666652,1153.3333333333333,1440.6666666666667,120.0,117.26666666666665,502.06666666666666,909.8,158.00000000000006,123.0,571.5,1801.0,151.5,131.81818181818176,703.0,948.0,184.81818181818187,95.5,673.5,601.0,141.0,37.0,715.0,1071.8,39.0
239,113.875,405.0,949.375,184.0,100.0,2063.45,775.15,119.0,162.33333333333337,675.1111111111111,972.5555555555555,126.66666666666674,90.20000000000005,481.0,1198.8,151.39999999999998,102.25,1050.625,851.5,138.375,93.83333333333348,1151.6666666666667,1441.8333333333333,125.5,118.13333333333333,504.5333333333333,909.4,156.0,123.0,576.25,1801.0,146.75,128.909090909091,705.0,954.0,188.90909090909088,95.25,684.75,604.5,141.0,37.0,728.0,1089.4,39.0
240,113.0,407.0,952.0,183.0,100.0,2072.0,775.0,119.0,162.0,680.0,985.0,125.0,92.0,483.0,1199.0,147.0,100.0,1055.0,847.0,138.0,92.0,1150.0,1443.0,131.0,119.0,507.0,909.0,154.0,123.0,581.0,1801.0,142.0,126.0,707.0,960.0,193.0,95.0,696.0,608.0,141.0,37.0,741.0,1107.0,39.0
241,112.14285714285722,410.0,954.7142857142857,180.1428571428571,100.0,2081.6875,775.625,119.6875,163.5,682.0,991.5,113.5,92.0,486.125,1201.125,145.125,100.5,1058.75,846.0,136.5,96.33333333333348,1157.3333333333333,1439.3333333333333,125.0,117.76470588235293,507.70588235294116,909.7058823529412,153.8235294117647,123.16666666666674,585.5,1799.0,143.5,122.16666666666663,717.3333333333334,961.3333333333334,189.5,95.33333333333337,697.0,612.0,141.33333333333337,37.0,753.3333333333334,1121.3333333333333,39.0
242,111.28571428571433,413.0,957.4285714285714,177.28571428571433,100.0,2091.375,776.25,120.375,165.0,684.0,998.0,102.0,92.0,489.25,1203.25,143.25,101.0,1062.5,845.0,135.0,100.66666666666652,1164.6666666666667,1435.6666666666667,119.0,116.52941176470597,508.4117647058824,910.4117647058823,153.64705882352933,123.33333333333326,590.0,1797.0,145.0,118.33333333333337,727.6666666666666,962.6666666666666,186.0,95.66666666666663,698.0,616.0,141.66666666666663,37.0,765.6666666666666,1135.6666666666667,39.0
243,110.42857142857156,416.0,960.1428571428571,174.42857142857144,100.0,2101.0625,776.875,121.0625,163.5,688.75,1010.0,99.75,92.0,492.375,1205.375,141.375,101.5,1066.25,844.0,133.5,105.0,1172.0,1432.0,113.0,115.2941176470589,509.11764705882354,911.1176470588235,153.47058823529414,123.5,594.5,1795.0,146.5,114.5,738.0,964.0,182.5,96.0,699.0,620.0,142.0,37.0,778.0,1150.0,39.0
244,109.57142857142844,419.0,962.8571428571429,171.57142857142856,100.0,2110.75,777.5,121.75,162.0,693.5,1022.0,97.5,92.0,495.5,1207.5,139.5,102.0,1070.0,843.0,132.0,109.5,1176.0,1426.25,113.25,114.05882352941182,509.8235294117647,911.8235294117648,153.29411764705884,123.66666666666674,599.0,1793.0,148.0,110.66666666666663,748.3333333333334,965.3333333333334,179.0,97.0,711.1428571428571,625.5714285714286,138.0,37.0,770.5,1159.0,39.0
245,108.71428571428567,422.0,965.5714285714286,168.71428571428567,100.0,2120.4375,778.125,122.4375,160.5,698.25,1034.0,95.25,92.0,498.625,1209.625,137.625,98.80000000000007,1084.0,839.8,133.79999999999995,114.0,1180.0,1420.5,113.5,112.82352941176464,510.52941176470586,912.5294117647059,153.11764705882354,123.83333333333326,603.5,1791.0,149.5,106.83333333333337,758.6666666666666,966.6666666666666,175.5,98.0,723.2857142857143,631.1428571428571,134.0,37.0,763.0,1168.0,39.0
246,107.85714285714278,425.0,968.2857142857143,165.8571428571429,100.0,2130.125,778.75,123.125,159.0,703.0,1046.0,93.0,92.0,501.75,1211.75,135.75,95.60000000000002,1098.0,836.6,135.5999999999999,118.5,1184.0,1414.75,113.75,111.58823529411757,511.2352941176471,913.2352941176471,152.94117647058818,124.0,608.0,1789.0,151.0,103.0,769.0,968.0,172.0,99.0,735.4285714285714,636.7142857142857,130.0,37.0,756.0,1177.3333333333333,39.0
247,107.0,428.0,971.0,163.0,100.0,2139.8125,779.375,123.8125,157.39999999999986,707.6,1058.2,97.39999999999998,92.0,504.875,1213.875,133.875,92.39999999999998,1112.0,833.4,137.4000000000001,123.0,1188.0,1409.0,114.0,110.3529411764705,511.94117647058823,913.9411764705883,152.76470588235298,123.92857142857133,614.4285714285714,1786.357142857143,147.0,101.33333333333326,779.0,973.0,163.16666666666663,100.0,747.5714285714286,642.2857142857143,126.0,37.0,749.0,1186.6666666666667,39.0
248,106.14285714285722,431.14285714285717,973.5714285714286,160.4285714285714,100.0,2149.5,780.0,124.5,155.79999999999995,712.2,1070.4,101.79999999999995,92.0,508.0,1216.0,132.0,89.19999999999993,1126.0,830.2,139.20000000000005,127.5,1193.5,1397.5,122.0,109.11764705882354,512.6470588235294,914.6470588235294,152.58823529411768,123.85714285714289,620.8571428571429,1783.7142857142858,143.0,99.66666666666674,789.0,978.0,154.33333333333337,101.0,759.7142857142857,647.8571428571429,122.0,37.0,742.0,1196.0,39.0
249,105.28571428571422,434.2857142857143,976.1428571428571,157.85714285714283,100.0,2159.1875,780.625,125.1875,154.20000000000005,716.8,1082.6,106.20000000000005,91.0,512.8333333333334,1217.5,136.83333333333326,86.0,1140.0,827.0,141.0,132.0,1199.0,1386.0,130.0,107.88235294117646,513.3529411764706,915.3529411764706,152.41176470588232,123.78571428571422,627.2857142857143,1781.0714285714287,139.0,98.0,799.0,983.0,145.5,102.0,771.8571428571429,653.4285714285714,118.0,37.0,748.0,1204.0,39.0
250,104.42857142857144,437.42857142857144,978.7142857142857,155.28571428571422,100.0,2168.875,781.25,125.875,152.60000000000014,721.4,1094.8,110.60000000000002,90.0,517.6666666666666,1219.0,141.66666666666674,90.33333333333337,1145.0,822.6666666666666,148.0,132.0,1211.5,1374.0,132.5,106.6470588235295,514.0588235294117,916.0588235294117,152.23529411764707,123.71428571428578,633.7142857142857,1778.4285714285713,135.0,96.33333333333326,809.0,988.0,136.66666666666663,103.0,784.0,659.0,114.0,37.0,754.0,1212.0,39.0
251,103.57142857142856,440.57142857142856,981.2857142857143,152.71428571428578,100.0,2178.5625,781.875,126.5625,151.0,726.0,1107.0,115.0,89.0,522.5,1220.5,146.5,94.66666666666663,1150.0,818.3333333333334,155.0,132.0,1224.0,1362.0,135.0,105.41176470588232,514.7647058823529,916.7647058823529,152.05882352941182,123.64285714285711,640.1428571428571,1775.7857142857142,131.0,94.66666666666674,819.0,993.0,127.83333333333337,104.39999999999998,797.4,662.0,111.20000000000005,37.0,762.5,1224.0,39.0
252,102.71428571428578,443.7142857142857,983.8571428571429,150.14285714285717,100.0,2188.25,782.5,127.25,146.20000000000005,741.2,1122.2,113.59999999999991,88.0,527.3333333333334,1222.0,151.33333333333326,99.0,1155.0,814.0,162.0,131.0,1228.0,1357.0,135.66666666666674,104.17647058823525,515.4705882352941,917.4705882352941,151.88235294117646,123.57142857142867,646.5714285714286,1773.142857142857,127.0,93.0,829.0,998.0,119.0,105.79999999999995,810.8,665.0,108.40000000000009,37.0,771.0,1236.0,39.0
253,101.85714285714278,446.85714285714283,986.4285714285714,147.5714285714286,100.0,2197.9375,783.125,127.9375,141.39999999999986,756.4,1137.4,112.20000000000005,87.0,532.1666666666666,1223.5,156.16666666666674,100.75,1175.0,812.75,148.25,130.0,1232.0,1352.0,136.33333333333326,102.94117647058829,516.1764705882352,918.1764705882352,151.70588235294122,123.5,653.0,1770.5,123.0,94.5,839.0,1003.0,119.625,107.20000000000005,824.2,668.0,105.59999999999991,37.0,789.6666666666666,1251.0,39.0
254,101.0,450.0,989.0,145.0,100.0,2207.625,783.75,128.625,136.60000000000014,771.6,1152.6,110.79999999999995,86.0,537.0,1225.0,161.0,102.5,1195.0,811.5,134.5,129.0,1236.0,1347.0,137.0,101.70588235294122,516.8823529411765,918.8823529411765,151.52941176470586,123.42857142857133,659.4285714285714,1767.857142857143,119.0,96.0,849.0,1008.0,120.25,108.60000000000002,837.6,671.0,102.79999999999995,37.0,808.3333333333334,1266.0,39.0
255,100.16666666666663,453.0,991.6666666666666,152.83333333333337,100.0,2217.3125,784.375,129.3125,131.79999999999995,786.8,1167.8,109.40000000000009,87.0,544.1666666666666,1225.0,158.66666666666674,104.25,1215.0,810.25,120.75,127.0,1248.3333333333333,1343.3333333333333,134.0,100.47058823529403,517.5882352941177,919.5882352941177,151.3529411764706,123.35714285714289,665.8571428571429,1765.2142857142858,115.0,97.5,859.0,1013.0,120.875,110.0,851.0,674.0,100.0,37.0,827.0,1281.0,39.0
256,99.33333333333337,456.0,994.3333333333334,160.66666666666663,100.0,2227.0,785.0,130.0,127.0,802.0,1183.0,108.0,88.0,551.3333333333334,1225.0,156.33333333333326,106.0,1235.0,809.0,107.0,125.0,1260.6666666666667,1339.6666666666667,131.0,99.23529411764707,518.2941176470588,920.2941176470588,151.17647058823536,123.28571428571422,672.2857142857143,1762.5714285714287,111.0,99.0,869.0,1018.0,121.5,108.0,859.6,677.4,110.19999999999993,37.0,854.6,1294.4,39.0
257,98.5,459.0,997.0,168.5,100.0,2243.5,785.75,124.0,133.5,808.5,1192.5,115.0,89.0,558.5,1225.0,154.0,112.5,1244.5,801.75,115.0,123.0,1273.0,1336.0,128.0,98.0,519.0,921.0,151.0,123.21428571428578,678.7142857142857,1759.9285714285713,107.0,100.5,879.0,1023.0,122.125,106.0,868.2,680.8,120.39999999999998,37.0,882.2,1307.8,39.0
258,97.66666666666663,462.0,999.6666666666666,176.33333333333337,100.0,2260.0,786.5,118.0,140.0,815.0,1202.0,122.0,90.0,565.6666666666666,1225.0,151.66666666666674,119.0,1254.0,794.5,123.0,120.33333333333326,1292.0,1322.6666666666667,115.33333333333326,96.66666666666674,524.3333333333334,921.6666666666666,146.33333333333326,123.14285714285711,685.1428571428571,1757.2857142857142,103.0,102.0,889.0,1028.0,122.75,104.0,876.8,684.2,130.60000000000002,37.0,909.8,1321.2,39.0
259,96.83333333333337,465.0,1002.3333333333334,184.16666666666663,100.0,2276.5,787.25,112.0,135.0,821.5,1212.0,129.5,91.0,572.8333333333334,1225.0,149.33333333333326,125.5,1263.5,787.25,131.0,117.66666666666674,1311.0,1309.3333333333333,102.66666666666674,95.33333333333326,529.6666666666666,922.3333333333334,141.66666666666674,123.07142857142867,691.5714285714286,1754.642857142857,99.0,103.5,899.0,1033.0,123.375,102.0,885.4,687.6,140.80000000000007,37.0,937.4,1334.6,39.0
260,96.0,468.0,1005.0,192.0,100.0,2293.0,788.0,106.0,130.0,828.0,1222.0,137.0,92.0,580.0,1225.0,147.0,132.0,1273.0,780.0,139.0,115.0,1330.0,1296.0,90.0,94.0,535.0,923.0,137.0,123.0,698.0,1752.0,95.0,105.0,909.0,1038.0,124.0,100.0,894.0,691.0,151.0,37.0,965.0,1348.0,39.0
261,95.99999999999989,473.2,1005.6,188.90000000000003,99.84615384615381,2301.076923076923,787.9230769230769,107.3846153846157,129.5,841.0,1240.0,139.5,92.16666666666674,584.8333333333334,1225.25,148.75,125.625,1287.625,780.25,142.125,108.5,1334.0,1297.5,103.5,94.0,539.0,922.5,134.16666666666663,121.57142857142867,704.7142857142857,1749.2857142857142,100.85714285714289,105.09999999999991,919.2,1041.4,126.0,99.33333333333326,909.5,699.3333333333334,149.66666666666674,36.0,973.0,1356.0,36.5
262,96.0,478.4,1006.2,185.80000000000007,99.69230769230774,2309.153846153846,787.8461538461538,108.76923076923094,129.0,854.0,1258.0,142.0,92.33333333333326,589.6666666666666,1225.5,150.5,119.25,1302.25,780.5,145.25,102.0,1338.0,1299.0,117.0,94.0,543.0,922.0,131.33333333333337,120.14285714285711,711.4285714285714,1746.5714285714287,106.71428571428567,105.20000000000005,929.4,1044.8,128.0000000000001,98.66666666666674,925.0,707.6666666666666,148.33333333333326,35.0,981.0,1364.0,34.0
263,96.0,483.6,1006.8,182.69999999999993,99.53846153846155,2317.230769230769,787.7692307692307,110.15384615384619,128.125,869.5,1266.625,144.125,92.5,594.5,1225.75,152.25,112.875,1316.875,780.75,148.375,100.0,1335.0,1293.0,140.0,94.0,547.0,921.5,128.5,118.71428571428578,718.1428571428571,1743.857142857143,112.57142857142856,105.29999999999995,939.6,1048.2,129.9999999999999,98.0,940.5,716.0,147.0,35.66666666666674,982.0,1370.3333333333333,35.66666666666663
264,96.00000000000011,488.8,1007.4,179.59999999999997,99.38461538461536,2325.3076923076924,787.6923076923077,111.53846153846143,127.25,885.0,1275.25,146.25,92.66666666666674,599.3333333333334,1226.0,154.0,106.5,1331.5,781.0,151.5,99.42857142857156,1351.857142857143,1285.142857142857,141.28571428571422,94.0,551.0,921.0,125.66666666666663,117.28571428571422,724.8571428571429,1741.142857142857,118.42857142857144,105.40000000000009,949.8,1051.6,132.0,97.33333333333326,956.0,724.3333333333334,145.66666666666674,36.33333333333326,983.0,1376.6666666666667,37.33333333333337
265,96.0,494.0,1008.0,176.5,99.23076923076917,2333.3846153846152,787.6153846153846,112.92307692307713,126.375,900.5,1283.875,148.375,92.83333333333326,604.1666666666666,1226.25,155.75,100.125,1346.125,781.25,154.625,98.85714285714289,1368.7142857142858,1277.2857142857142,142.57142857142844,94.0,555.0,920.5,122.83333333333337,115.85714285714289,731.5714285714286,1738.4285714285713,124.28571428571433,105.5,960.0,1055.0,134.0,96.66666666666674,971.5,732.6666666666666,144.33333333333326,37.0,984.0,1383.0,39.0
266,95.99999999999989,499.2,1008.6,173.40000000000003,99.0769230769231,2341.4615384615386,787.5384615384615,114.30769230769238,125.5,916.0,1292.5,150.5,93.0,609.0,1226.5,157.5,93.75,1360.75,781.5,157.75,98.28571428571445,1385.5714285714287,1269.4285714285713,143.85714285714266,94.0,559.0,920.0,120.0,114.42857142857133,738.2857142857143,1735.7142857142858,130.1428571428571,105.59999999999991,970.2,1058.4,136.0,96.0,987.0,741.0,143.0,36.333333333333485,993.6666666666666,1390.3333333333333,38.000000000000114
267,96.0,504.4,1009.2,170.30000000000007,98.9230769230769,2349.5384615384614,787.4615384615385,115.69230769230762,124.625,931.5,1301.125,152.625,93.16666666666674,613.8333333333334,1226.75,159.25,87.375,1375.375,781.75,160.875,97.71428571428555,1402.4285714285713,1261.5714285714287,145.14285714285734,95.14285714285711,565.7142857142857,918.0,123.71428571428578,113.0,745.0,1733.0,136.0,105.70000000000005,980.4,1061.8,138.0000000000001,95.33333333333337,1006.3333333333334,748.0,141.66666666666663,35.666666666666515,1003.3333333333334,1397.6666666666667,36.999999999999886
268,96.0,509.6,1009.8,167.19999999999993,98.76923076923083,2357.6153846153848,787.3846153846154,117.07692307692287,123.75,947.0,1309.75,154.75,93.33333333333326,618.6666666666666,1227.0,161.0,81.0,1390.0,782.0,164.0,97.14285714285711,1419.2857142857142,1253.7142857142858,146.42857142857156,96.28571428571433,572.4285714285714,916.0,127.42857142857144,112.46153846153834,755.2307692307693,1729.3076923076924,136.61538461538453,105.79999999999995,990.6,1065.2,139.9999999999999,94.66666666666663,1025.6666666666667,755.0,140.33333333333326,35.0,1013.0,1405.0,36.0
269,96.00000000000011,514.8,1010.4,164.10000000000002,98.61538461538464,2365.6923076923076,787.3076923076923,118.46153846153857,122.875,962.5,1318.375,156.875,93.5,623.5,1227.25,162.75,83.80000000000007,1408.5,777.9,163.79999999999995,96.57142857142844,1436.142857142857,1245.857142857143,147.71428571428578,97.42857142857144,579.1428571428571,914.0,131.14285714285722,111.9230769230769,765.4615384615385,1725.6153846153845,137.23076923076928,105.90000000000009,1000.8,1068.6,142.0,94.0,1045.0,762.0,139.0,34.5,1028.5,1413.5,35.0
270,96.0,520.0,1011.0,161.0,98.46153846153845,2373.769230769231,787.2307692307693,119.84615384615381,122.0,978.0,1327.0,159.0,93.66666666666674,628.3333333333334,1227.5,164.5,86.60000000000002,1427.0,773.8,163.5999999999999,96.0,1453.0,1238.0,149.0,98.57142857142856,585.8571428571429,912.0,134.85714285714278,111.38461538461547,775.6923076923077,1721.923076923077,137.8461538461538,106.0,1011.0,1072.0,144.0,98.20000000000005,1066.6,760.4,138.4000000000001,34.0,1044.0,1422.0,34.0
271,96.0,525.2,1011.7,163.19999999999993,98.30769230769226,2381.846153846154,787.1538461538462,121.23076923076906,129.0,995.0,1324.0,151.0,93.83333333333326,633.1666666666666,1227.75,166.25,89.39999999999998,1445.5,769.7,163.4000000000001,94.0,1466.0,1233.0,157.0,99.71428571428567,592.5714285714286,910.0,138.57142857142856,110.84615384615381,785.9230769230769,1718.2307692307693,138.46153846153845,100.0,1027.25,1077.75,133.5,102.40000000000009,1088.2,758.8,137.79999999999995,34.0,1065.0,1428.6666666666667,34.0
272,96.00000000000011,530.4,1012.4,165.39999999999998,98.15384615384619,2389.923076923077,787.0769230769231,122.6153846153843,132.0,1016.0,1325.0,135.0,94.0,638.0,1228.0,168.0,92.19999999999993,1464.0,765.6,163.20000000000005,96.20000000000005,1487.8,1227.8,157.0,100.85714285714289,599.2857142857143,908.0,142.28571428571422,110.30769230769238,796.1538461538462,1714.5384615384614,139.0769230769231,94.0,1043.5,1083.5,123.0,106.59999999999991,1109.8,757.2,137.20000000000005,34.0,1086.0,1435.3333333333333,34.0
273,95.99999999999989,535.6,1013.1,167.60000000000002,98.0,2398.0,787.0,124.0,129.75,1032.25,1331.75,140.75,93.75,642.875,1227.25,165.375,95.0,1482.5,761.5,163.0,98.40000000000009,1509.6,1222.6,157.0,102.0,606.0,906.0,146.0,109.76923076923072,806.3846153846154,1710.8461538461538,139.69230769230774,88.0,1059.75,1089.25,112.5,110.79999999999995,1131.4,755.6,136.5999999999999,34.0,1107.0,1442.0,34.0
274,96.0,540.8,1013.8,169.80000000000007,97.85714285714278,2408.8571428571427,786.8571428571429,125.42857142857156,127.5,1048.5,1338.5,146.5,93.5,647.75,1226.5,162.75,97.80000000000007,1501.0,757.4,162.79999999999995,100.59999999999991,1531.4,1217.4,157.0,105.5,613.0,902.5,146.5,109.23076923076928,816.6153846153846,1707.1538461538462,140.30769230769226,82.0,1076.0,1095.0,102.0,115.0,1153.0,754.0,136.0,34.0,1134.5,1440.0,34.0
275,96.0,546.0,1014.5,172.0,97.71428571428578,2419.714285714286,786.7142857142857,126.85714285714266,125.25,1064.75,1345.25,152.25,93.25,652.625,1225.75,160.125,100.60000000000002,1519.5,753.3,162.5999999999999,102.79999999999995,1553.2,1212.2,157.0,109.0,620.0,899.0,147.0,108.69230769230762,826.8461538461538,1703.4615384615386,140.9230769230769,83.0,1087.8333333333333,1096.5,109.16666666666674,110.5,1164.5,761.5,155.0,34.0,1162.0,1438.0,34.0
276,96.0,551.2,1015.2,174.19999999999993,97.57142857142856,2430.5714285714284,786.5714285714286,128.28571428571422,123.0,1081.0,1352.0,158.0,93.0,657.5,1225.0,157.5,103.39999999999998,1538.0,749.2,162.4000000000001,105.0,1575.0,1207.0,157.0,105.20000000000005,625.4,897.8,142.20000000000005,108.15384615384619,837.0769230769231,1699.7692307692307,141.53846153846155,84.0,1099.6666666666667,1098.0,116.33333333333326,106.0,1176.0,769.0,174.0,35.0,1195.0,1430.0,36.0
277,96.00000000000011,556.4,1015.9,176.39999999999998,97.42857142857144,2441.4285714285716,786.4285714285714,129.71428571428578,120.75,1097.25,1358.75,163.75,92.75,662.375,1224.25,154.875,106.19999999999993,1556.5,745.1,162.20000000000005,98.5,1591.0,1202.0,160.0,101.39999999999998,630.8,896.6,137.4000000000001,107.61538461538453,847.3076923076923,1696.076923076923,142.1538461538462,85.0,1111.5,1099.5,123.5,101.5,1206.75,778.5,162.25,35.75,1238.5,1415.25,37.25
278,95.99999999999989,561.6,1016.6,178.60000000000002,97.28571428571422,2452.285714285714,786.2857142857143,131.14285714285734,118.5,1113.5,1365.5,169.5,92.5,667.25,1223.5,152.25,109.0,1575.0,741.0,162.0,92.0,1607.0,1197.0,163.0,97.60000000000002,636.2,895.4,132.5999999999999,107.0769230769231,857.5384615384615,1692.3846153846155,142.76923076923072,86.0,1123.3333333333333,1101.0,130.66666666666674,97.0,1237.5,788.0,150.5,36.5,1282.0,1400.5,38.5
279,96.0,566.8,1017.3,180.80000000000007,97.14285714285722,2463.1428571428573,786.1428571428571,132.57142857142844,116.25,1129.75,1372.25,175.25,92.25,672.125,1222.75,149.625,112.0,1600.5,742.0,150.5,85.5,1642.0,1192.0,147.0,93.79999999999995,641.6,894.2,127.79999999999995,106.53846153846166,867.7692307692307,1688.6923076923076,143.38461538461547,87.0,1135.1666666666667,1102.5,137.83333333333326,92.5,1268.25,797.5,138.75,37.25,1325.5,1385.75,39.75
280,96.0,572.0,1018.0,183.0,97.0,2474.0,786.0,134.0,114.0,1146.0,1379.0,181.0,92.0,677.0,1222.0,147.0,115.0,1626.0,743.0,139.0,79.0,1677.0,1187.0,131.0,90.0,647.0,893.0,123.0,106.0,878.0,1685.0,144.0,88.0,1147.0,1104.0,145.0,88.0,1299.0,807.0,127.0,38.0,1369.0,1371.0,41.0
281,96.875,577.125,1018.375,179.875,97.0,2481.818181818182,786.2727272727273,137.27272727272702,109.85714285714289,1166.4285714285713,1386.4285714285713,172.28571428571445,90.25,682.5,1221.75,156.0,109.33333333333326,1647.3333333333333,742.3333333333334,143.66666666666674,80.75,1693.75,1181.0,138.0,90.5,650.75,890.25,132.0,105.83333333333326,891.3333333333334,1685.5,136.66666666666663,89.5,1165.75,1102.0,130.5,88.66666666666663,1308.6666666666667,813.0,141.33333333333326,38.0,1415.6,1355.6,41.0
282,97.75,582.25,1018.75,176.75,97.0,2489.6363636363635,786.5454545454545,140.5454545454545,105.71428571428578,1186.857142857143,1393.857142857143,163.57142857142844,88.5,688.0,1221.5,165.0,103.66666666666674,1668.6666666666667,741.6666666666666,148.33333333333326,82.5,1710.5,1175.0,145.0,91.0,654.5,887.5,141.0,105.66666666666674,904.6666666666666,1686.0,129.33333333333337,91.0,1184.5,1100.0,116.0,89.33333333333337,1318.3333333333333,819.0,155.66666666666674,38.0,1462.2,1340.2,41.0
283,98.625,587.375,1019.125,173.625,97.0,2497.4545454545455,786.8181818181819,143.81818181818198,101.57142857142867,1207.2857142857142,1401.2857142857142,154.8571428571429,86.75,693.5,1221.25,174.0,98.0,1690.0,741.0,153.0,84.25,1727.25,1169.0,152.0,91.5,658.25,884.75,150.0,105.5,918.0,1686.5,122.0,92.5,1203.25,1098.0,101.5,90.0,1328.0,825.0,170.0,38.0,1508.8,1324.8,41.0
284,99.5,592.5,1019.5,170.5,97.0,2505.2727272727275,787.0909090909091,147.090909090909,97.42857142857133,1227.7142857142858,1408.7142857142858,146.1428571428571,85.0,699.0,1221.0,183.0,94.0,1702.0,740.3333333333334,160.66666666666674,86.0,1744.0,1163.0,159.0,92.0,662.0,882.0,159.0,105.33333333333326,931.3333333333334,1687.0,114.66666666666663,94.0,1222.0,1096.0,87.0,92.19999999999993,1359.0,827.2,159.20000000000005,38.0,1555.4,1309.4,41.0
285,100.375,597.625,1019.875,167.375,97.0,2513.090909090909,787.3636363636364,150.3636363636365,93.28571428571422,1248.142857142857,1416.142857142857,137.42857142857156,85.4375,704.375,1220.625,182.3125,90.0,1714.0,739.6666666666666,168.33333333333326,88.16666666666674,1769.1666666666667,1158.0,161.83333333333326,92.33333333333326,668.3333333333334,880.3333333333334,161.33333333333326,105.16666666666674,944.6666666666666,1687.5,107.33333333333337,93.80000000000018,1233.0,1095.6,97.79999999999995,94.39999999999998,1390.0,829.4,148.4000000000001,38.0,1602.0,1294.0,41.0
286,101.25,602.75,1020.25,164.25,97.0,2520.909090909091,787.6363636363636,153.6363636363635,89.14285714285711,1268.5714285714287,1423.5714285714287,128.71428571428555,85.875,709.75,1220.25,181.625,86.0,1726.0,739.0,176.0,90.33333333333326,1794.3333333333333,1153.0,164.66666666666674,92.66666666666674,674.6666666666666,878.6666666666666,163.66666666666674,105.0,958.0,1688.0,100.0,93.59999999999991,1244.0,1095.2,108.59999999999991,96.60000000000002,1421.0,831.6,137.5999999999999,38.0,1651.0,1278.2,41.0
287,102.125,607.875,1020.625,161.125,97.0,2528.7272727272725,787.9090909090909,156.909090909091,85.0,1289.0,1431.0,120.0,86.3125,715.125,1219.875,180.9375,86.55555555555554,1746.4444444444443,737.7777777777778,176.1111111111113,92.5,1819.5,1148.0,167.5,93.0,681.0,877.0,166.0,105.0,967.0,1687.25,112.75,93.40000000000009,1255.0,1094.8,119.40000000000009,98.80000000000007,1452.0,833.8,126.79999999999995,38.0,1700.0,1262.4,41.0
288,103.0,613.0,1021.0,158.0,97.0,2536.5454545454545,788.1818181818181,160.18181818181802,89.0,1302.0,1435.0,139.0,86.75,720.5,1219.5,180.25,87.11111111111109,1766.888888888889,736.5555555555555,176.22222222222217,94.66666666666674,1844.6666666666667,1143.0,170.33333333333326,93.23076923076917,679.9230769230769,876.2307692307693,167.38461538461536,105.0,976.0,1686.5,125.5,93.19999999999982,1266.0,1094.4,130.20000000000005,101.0,1483.0,836.0,116.0,38.0,1749.0,1246.6,41.0
289,103.66666666666674,618.0,1021.5,164.33333333333337,97.0,2544.3636363636365,788.4545454545455,163.4545454545455,97.5,1315.5,1438.5,154.5,87.1875,725.875,1219.125,179.5625,87.66666666666663,1787.3333333333333,735.3333333333334,176.33333333333348,96.83333333333326,1869.8333333333333,1138.0,173.16666666666674,93.46153846153845,678.8461538461538,875.4615384615385,168.76923076923083,105.0,985.0,1685.75,138.25,93.0,1277.0,1094.0,141.0,101.0,1494.6666666666667,836.0,132.0,38.0,1798.0,1230.8,41.0
290,104.33333333333326,623.0,1022.0,170.66666666666663,97.0,2552.181818181818,788.7272727272727,166.72727272727298,106.0,1329.0,1442.0,170.0,87.625,731.25,1218.75,178.875,88.22222222222229,1807.7777777777778,734.1111111111111,176.44444444444434,99.0,1895.0,1133.0,176.0,93.69230769230762,677.7692307692307,874.6923076923077,170.1538461538462,105.0,994.0,1685.0,151.0,92.59999999999991,1296.0,1093.0,132.5999999999999,101.0,1506.3333333333333,836.0,148.0,38.0,1847.0,1215.0,41.0
291,105.0,628.0,1022.5,177.0,97.0,2560.0,789.0,170.0,117.66666666666674,1345.6666666666667,1442.0,164.66666666666652,88.0625,736.625,1218.375,178.1875,88.77777777777771,1828.2222222222222,732.8888888888889,176.55555555555566,101.90000000000009,1919.4,1126.1,175.5999999999999,93.9230769230769,676.6923076923077,873.9230769230769,171.53846153846155,105.0,1005.9,1683.2,149.0000000000001,92.20000000000005,1315.0,1092.0,124.20000000000005,101.0,1518.0,836.0,164.0,38.0,1894.0,1199.6,41.0
292,105.66666666666674,633.0,1023.0,183.33333333333337,97.0,2576.3333333333335,789.2222222222222,164.66666666666652,129.33333333333326,1362.3333333333333,1442.0,159.33333333333348,88.5,742.0,1218.0,177.5,89.33333333333337,1848.6666666666667,731.6666666666666,176.66666666666652,104.79999999999995,1943.8,1119.2,175.20000000000005,94.15384615384608,675.6153846153846,873.1538461538462,172.9230769230769,105.0,1017.8,1681.4,147.0,91.79999999999995,1334.0,1091.0,115.79999999999995,101.0,1546.0,842.75,159.75,38.0,1941.0,1184.2,41.0
293,106.33333333333326,638.0,1023.5,189.66666666666663,97.0,2592.6666666666665,789.4444444444445,159.33333333333348,141.0,1379.0,1442.0,154.0,88.9375,747.375,1217.625,176.8125,89.88888888888891,1869.111111111111,730.4444444444445,176.77777777777783,107.70000000000005,1968.2,1112.3,174.79999999999995,94.38461538461536,674.5384615384615,872.3846153846154,174.30769230769226,105.0,1029.7,1679.6,145.0,91.40000000000009,1353.0,1090.0,107.40000000000009,101.0,1574.0,849.5,155.5,38.0,1988.0,1168.8,41.0
294,107.0,643.0,1024.0,196.0,97.0,2609.0,789.6666666666666,154.0,134.5,1391.25,1447.0,149.0,89.375,752.75,1217.25,176.125,90.44444444444446,1889.5555555555557,729.2222222222222,176.8888888888887,110.59999999999991,1992.6,1105.4,174.4000000000001,94.61538461538464,673.4615384615385,871.6153846153846,175.69230769230774,105.0,1041.6,1677.8,143.0,91.0,1372.0,1089.0,99.0,101.0,1602.0,856.25,151.25,38.0,2035.0,1153.4,41.0
295,107.83333333333326,648.0,1024.5,193.83333333333337,97.0,2625.3333333333335,789.8888888888889,148.66666666666652,128.0,1403.5,1452.0,144.0,89.8125,758.125,1216.875,175.4375,91.0,1910.0,728.0,177.0,113.5,2017.0,1098.5,174.0,94.84615384615392,672.3846153846154,870.8461538461538,177.0769230769231,105.0,1053.5,1676.0,141.0,90.5,1383.5,1084.0,108.5,101.0,1630.0,863.0,147.0,38.0,2082.0,1138.0,41.0
296,108.66666666666674,653.0,1025.0,191.66666666666663,97.0,2641.6666666666665,790.1111111111111,143.33333333333348,121.5,1415.75,1457.0,139.0,90.25,763.5,1216.5,174.75,91.39999999999998,1938.2,728.4,166.39999999999986,116.40000000000009,2041.4,1091.6,173.5999999999999,95.0769230769231,671.3076923076923,870.0769230769231,178.46153846153845,105.0,1065.4,1674.2,139.0,90.0,1395.0,1079.0,118.0,101.0,1651.8,867.6,154.4000000000001,38.0,2131.4,1122.2,41.0
297,109.5,658.0,1025.5,189.5,97.0,2658.0,790.3333333333334,138.0,115.0,1428.0,1462.0,134.0,90.6875,768.875,1216.125,174.0625,91.80000000000007,1966.4,728.8,155.79999999999973,119.29999999999995,2065.8,1084.7,173.19999999999982,95.30769230769238,670.2307692307693,869.3076923076923,179.8461538461538,105.0,1077.3,1672.4,137.0,89.5,1406.5,1074.0,127.5,101.0,1673.6,872.2,161.80000000000018,38.0,2180.8,1106.4,41.0
298,110.33333333333326,663.0,1026.0,187.33333333333337,97.0,2674.3333333333335,790.5555555555555,132.66666666666652,108.66666666666674,1440.0,1467.0,142.33333333333326,91.125,774.25,1215.75,173.375,92.19999999999993,1994.6,729.2,145.20000000000027,122.20000000000005,2090.2,1077.8,172.80000000000018,95.53846153846155,669.1538461538462,868.5384615384615,181.23076923076917,105.0,1089.2,1670.6,135.0,89.0,1418.0,1069.0,137.0,101.0,1695.4,876.8,169.19999999999982,38.0,2230.2,1090.6,41.0
299,111.16666666666674,668.0,1026.5,185.16666666666663,97.0,2690.6666666666665,790.7777777777778,127.33333333333348,102.33333333333326,1452.0,1472.0,150.66666666666674,91.5625,779.625,1215.375,172.6875,92.60000000000002,2022.8,729.6,134.60000000000014,125.09999999999991,2114.6,1070.9,172.4000000000001,95.76923076923083,668.0769230769231,867.7692307692307,182.61538461538464,105.0,1101.1,1668.8,133.0,88.5,1429.5,1064.0,132.0,101.0,1717.2,881.4,176.5999999999999,38.0,2279.6,1074.8,41.0
300,112.0,673.0,1027.0,183.0,97.0,2707.0,791.0,122.0,96.0,1464.0,1477.0,159.0,92.0,785.0,1215.0,172.0,93.0,2051.0,730.0,124.0,128.0,2139.0,1064.0,172.0,96.0,667.0,867.0,184.0,105.0,1113.0,1667.0,131.0,88.0,1441.0,1059.0,127.0,101.0,1739.0,886.0,184.0,38.0,2329.0,1059.0,41.0
301,111.22222222222217,678.1111111111111,1027.0,184.55555555555554,96.0,2709.1428571428573,792.1428571428571,130.71428571428532,96.30000000000018,1474.2,1478.6,157.0999999999999,92.0,789.2857142857143,1215.0,167.57142857142856,93.0,2062.6666666666665,729.6666666666666,135.0,126.59999999999991,2165.8,1059.0,171.0,96.0,661.6666666666666,867.0,189.33333333333337,105.33333333333326,1123.6666666666667,1666.0,133.66666666666652,89.75,1458.25,1055.0,120.75,101.0,1770.4,886.2,176.39999999999986,38.0,2372.8,1044.6,41.0
302,110.44444444444434,683.2222222222222,1027.0,186.1111111111112,95.0,2711.285714285714,793.2857142857143,139.42857142857156,96.59999999999991,1484.4,1480.2,155.19999999999982,92.0,793.5714285714286,1215.0,163.1428571428571,93.0,2074.3333333333335,729.3333333333334,146.0,125.20000000000005,2192.6,1054.0,170.0,96.0,656.3333333333334,867.0,194.66666666666663,105.66666666666674,1134.3333333333333,1665.0,136.33333333333348,91.5,1475.5,1051.0,114.5,101.0,1801.8,886.4,168.79999999999995,38.0,2416.6,1030.2,41.0
303,109.66666666666674,688.3333333333334,1027.0,187.66666666666663,94.0,2713.4285714285716,794.4285714285714,148.14285714285688,96.90000000000009,1494.6,1481.8,153.30000000000018,92.0,797.8571428571429,1215.0,158.71428571428567,93.0,2086.0,729.0,157.0,123.79999999999995,2219.4,1049.0,169.0,96.0,651.0,867.0,200.0,106.0,1145.0,1664.0,139.0,93.25,1492.75,1047.0,108.25,101.0,1833.2,886.6,161.20000000000005,38.0,2460.4,1015.8,41.0
304,108.88888888888891,693.4444444444445,1027.0,189.22222222222217,93.0,2715.5714285714284,795.5714285714286,156.85714285714312,97.19999999999982,1504.8,1483.4,151.4000000000001,92.0,802.1428571428571,1215.0,154.28571428571433,93.85714285714289,2107.8571428571427,729.1428571428571,154.28571428571468,122.40000000000009,2246.2,1044.0,168.0,96.0,647.5,866.5,201.0,106.44444444444457,1156.0,1664.2222222222222,138.55555555555566,95.0,1510.0,1043.0,102.0,101.0,1864.6,886.8,153.60000000000014,38.000000000000114,2504.2,1001.4,41.0
305,108.11111111111109,698.5555555555555,1027.0,190.77777777777783,92.0,2717.714285714286,796.7142857142857,165.57142857142844,97.5,1515.0,1485.0,149.5,92.0,806.4285714285714,1215.0,149.8571428571429,94.71428571428567,2129.714285714286,729.2857142857143,151.57142857142844,121.0,2273.0,1039.0,167.0,96.0,644.0,866.0,202.0,106.88888888888891,1167.0,1664.4444444444443,138.1111111111111,94.66666666666674,1521.3333333333333,1039.0,115.66666666666674,101.0,1896.0,887.0,146.0,38.0,2548.0,987.0,41.0
306,107.33333333333326,703.6666666666666,1027.0,192.33333333333337,91.0,2719.8571428571427,797.8571428571429,174.28571428571468,97.80000000000018,1525.2,1486.6,147.5999999999999,92.0,810.7142857142857,1215.0,145.42857142857144,95.57142857142856,2151.5714285714284,729.4285714285714,148.85714285714312,119.59999999999991,2297.5333333333333,1034.4666666666667,166.0666666666666,96.0,640.5,865.5,203.0,107.33333333333326,1178.0,1664.6666666666667,137.66666666666674,94.33333333333326,1532.6666666666667,1035.0,129.33333333333326,104.0,1915.5,885.75,156.25,38.0,2587.6,973.2,41.0
307,106.55555555555566,708.7777777777778,1027.0,193.8888888888888,90.0,2722.0,799.0,183.0,98.09999999999991,1535.4,1488.2,145.69999999999982,92.0,815.0,1215.0,141.0,96.42857142857144,2173.4285714285716,729.5714285714286,146.14285714285688,118.20000000000005,2322.0666666666666,1029.9333333333334,165.1333333333332,96.0,637.0,865.0,204.0,107.77777777777783,1189.0,1664.888888888889,137.22222222222217,94.0,1544.0,1031.0,143.0,107.0,1935.0,884.5,166.5,38.0,2627.2,959.4,41.0
308,105.77777777777783,713.8888888888889,1027.0,195.44444444444446,90.79999999999995,2743.8,800.2,176.39999999999964,98.40000000000009,1545.6,1489.8,143.80000000000018,91.28571428571422,819.5714285714286,1215.5714285714287,145.71428571428578,97.28571428571433,2195.285714285714,729.7142857142857,143.42857142857156,116.79999999999995,2346.6,1025.4,164.20000000000027,96.0,633.3333333333334,864.4444444444445,201.8888888888888,108.22222222222217,1200.0,1665.111111111111,136.77777777777783,93.66666666666674,1562.8333333333333,1026.5,137.0,110.0,1954.5,883.25,176.75,38.0,2666.8,945.6,41.0
309,105.0,719.0,1027.0,197.0,91.60000000000002,2765.6,801.4,169.80000000000018,98.69999999999982,1555.8,1491.4,141.9000000000001,90.57142857142867,824.1428571428571,1216.142857142857,150.42857142857144,98.14285714285711,2217.1428571428573,729.8571428571429,140.71428571428532,115.39999999999998,2371.133333333333,1020.8666666666667,163.26666666666688,96.0,629.6666666666666,863.8888888888889,199.77777777777783,108.66666666666674,1211.0,1665.3333333333333,136.33333333333326,93.33333333333326,1581.6666666666667,1022.0,131.0,113.0,1974.0,882.0,187.0,38.0,2706.4,931.8,41.0
310,104.27272727272725,724.0909090909091,1027.0,194.18181818181813,92.39999999999998,2787.4,802.6,163.19999999999982,99.0,1566.0,1493.0,140.0,89.85714285714289,828.7142857142857,1216.7142857142858,155.14285714285722,99.0,2239.0,730.0,138.0,113.99999999999989,2395.6666666666665,1016.3333333333334,162.33333333333348,96.0,626.0,863.3333333333334,197.66666666666663,109.11111111111109,1222.0,1665.5555555555557,135.8888888888889,93.0,1600.5,1017.5,125.0,113.5,2010.5,885.5,173.5,38.0,2746.0,918.0,41.0
311,103.5454545454545,729.1818181818181,1027.0,191.36363636363637,93.20000000000005,2809.2,803.8,156.60000000000036,103.79999999999995,1573.0,1494.2,139.0,89.14285714285711,833.2857142857143,1217.2857142857142,159.85714285714278,98.60000000000002,2258.2,732.5,140.5,112.60000000000014,2420.2,1011.8,161.4000000000001,96.0,622.3333333333334,862.7777777777778,195.55555555555554,109.55555555555543,1233.0,1665.7777777777778,135.44444444444434,92.66666666666674,1619.3333333333333,1013.0,119.0,114.0,2047.0,889.0,160.0,37.39999999999998,2781.2,906.6,40.40000000000009
312,102.81818181818176,734.2727272727273,1027.0,188.54545454545462,94.0,2831.0,805.0,150.0,108.59999999999991,1580.0,1495.4,138.0,88.42857142857133,837.8571428571429,1217.857142857143,164.57142857142856,98.20000000000005,2277.4,735.0,143.0,111.20000000000005,2444.7333333333336,1007.2666666666667,160.46666666666624,96.0,618.6666666666666,862.2222222222222,193.44444444444446,110.0,1244.0,1666.0,135.0,92.33333333333326,1638.1666666666667,1008.5,113.0,114.5,2083.5,892.5,146.5,36.799999999999955,2816.4,895.2,39.79999999999973
313,102.09090909090901,739.3636363636364,1027.0,185.72727272727275,94.59999999999991,2849.4,805.2,142.19999999999982,113.40000000000009,1587.0,1496.6,137.0,87.71428571428578,842.4285714285714,1218.4285714285713,169.28571428571422,97.79999999999995,2296.6,737.5,145.5,109.79999999999995,2469.2666666666664,1002.7333333333333,159.53333333333376,96.0,615.0,861.6666666666666,191.33333333333337,111.0,1254.0,1663.5,134.0,92.0,1657.0,1004.0,107.0,115.0,2120.0,896.0,133.0,36.200000000000045,2851.6,883.8,39.20000000000027
314,101.36363636363626,744.4545454545455,1027.0,182.90909090909088,95.20000000000005,2867.8,805.4,134.39999999999964,118.20000000000005,1594.0,1497.8,136.0,87.0,847.0,1219.0,174.0,97.39999999999998,2315.8,740.0,148.0,108.39999999999986,2493.8,998.2,158.5999999999999,96.0,611.3333333333334,861.1111111111111,189.22222222222217,112.0,1264.0,1661.0,133.0,91.5,1667.75,998.75,118.25,115.0,2125.0,900.0,151.0,35.60000000000002,2886.8,872.4,38.59999999999991
315,100.63636363636374,749.5454545454545,1027.0,180.09090909090912,95.79999999999995,2886.2,805.6,126.60000000000036,123.0,1601.0,1499.0,135.0,86.33333333333326,851.5,1219.6666666666667,170.66666666666663,97.0,2335.0,742.5,150.5,107.00000000000011,2518.3333333333335,993.6666666666666,157.66666666666652,96.0,607.6666666666666,860.5555555555555,187.1111111111112,113.0,1274.0,1658.5,132.0,91.0,1678.5,993.5,129.5,115.25,2146.5,902.25,158.5,35.0,2922.0,861.0,38.0
316,99.90909090909099,754.6363636363636,1027.0,177.27272727272725,96.40000000000009,2904.6,805.8,118.80000000000018,119.0,1608.2,1500.4,127.39999999999986,85.66666666666674,856.0,1220.3333333333333,167.33333333333337,96.60000000000002,2354.2,745.0,153.0,105.60000000000002,2542.866666666667,989.1333333333333,156.73333333333312,96.0,604.0,860.0,185.0,114.0,1284.0,1656.0,131.0,90.5,1689.25,988.25,140.75,115.5,2168.0,904.5,166.0,35.0,2936.0,864.0,38.0
317,99.18181818181824,759.7272727272727,1027.0,174.45454545454538,97.0,2923.0,806.0,111.0,115.0,1615.4,1501.8,119.79999999999995,85.0,860.5,1221.0,164.0,96.20000000000005,2373.4,747.5,155.5,104.19999999999993,2567.4,984.6,155.79999999999973,96.0,600.5,859.5,188.75,113.5,1294.0,1653.75,122.25,90.0,1700.0,983.0,152.0,115.75,2189.5,906.75,173.5,35.0,2950.0,867.0,38.0
318,98.4545454545455,764.8181818181819,1027.0,171.63636363636363,98.0,2932.3333333333335,810.3333333333334,110.33333333333303,111.0,1622.6,1503.2,112.20000000000005,84.33333333333326,865.0,1221.6666666666667,160.66666666666674,95.79999999999995,2392.6,750.0,158.0,102.79999999999995,2591.9333333333334,980.0666666666666,154.8666666666668,96.0,597.0,859.0,192.5,113.0,1304.0,1651.5,113.5,89.33333333333337,1720.0,978.3333333333334,138.33333333333326,116.0,2211.0,909.0,181.0,35.0,2964.0,870.0,38.0
319,97.72727272727275,769.9090909090909,1027.0,168.81818181818187,99.0,2941.6666666666665,814.6666666666666,109.66666666666697,107.0,1629.8,1504.6,104.60000000000014,83.66666666666674,869.5,1222.3333333333333,157.33333333333326,95.39999999999998,2411.8,752.5,160.5,101.40000000000009,2616.4666666666667,975.5333333333333,153.9333333333334,96.0,593.5,858.5,196.25,112.5,1314.0,1649.25,104.75,88.66666666666663,1740.0,973.6666666666666,124.66666666666674,108.5,2251.5,913.0,170.5,35.0,2978.0,873.0,38.0
320,97.0,775.0,1027.0,166.0,100.0,2951.0,819.0,109.0,103.0,1637.0,1506.0,97.0,83.0,874.0,1223.0,154.0,95.0,2431.0,755.0,163.0,100.0,2641.0,971.0,153.0,96.0,590.0,858.0,200.0,112.0,1324.0,1647.0,96.0,88.0,1760.0,969.0,111.0,101.0,2292.0,917.0,160.0,35.0,2989.0,878.0,38.0
321,97.0,780.0,1027.375,169.625,100.60000000000002,2952.8,821.0,121.19999999999982,103.625,1641.0,1502.875,97.75,83.0,877.1538461538462,1224.2307692307693,154.0,95.0,2452.3,758.1,161.0,102.0,2665.25,967.5,146.5,95.625,587.25,858.0,195.875,112.0,1331.25,1647.75,105.75,87.99999999999989,1774.7142857142858,965.2857142857143,114.85714285714289,99.20000000000005,2313.6,917.8,162.20000000000027,35.0,3002.6666666666665,883.3333333333334,38.0
322,97.0,785.0,1027.75,173.25,101.20000000000005,2954.6,823.0,133.4000000000001,104.25,1645.0,1499.75,98.5,83.0,880.3076923076923,1225.4615384615386,154.0000000000001,95.0,2473.6,761.2,159.0,104.0,2689.5,964.0,140.0,95.25,584.5,858.0,191.75,112.0,1338.5,1648.5,115.5,88.00000000000011,1789.4285714285713,961.5714285714286,118.71428571428578,97.39999999999998,2335.2,918.6,164.4000000000001,35.0,3016.3333333333335,888.6666666666666,38.0
323,97.0,790.0,1028.125,176.875,101.79999999999995,2956.4,825.0,145.5999999999999,104.875,1649.0,1496.625,99.25,83.0,883.4615384615385,1226.6923076923076,154.0000000000001,95.0,2494.9,764.3,157.0,106.0,2713.75,960.5,133.5,94.875,581.75,858.0,187.625,112.0,1345.75,1649.25,125.25,88.0,1804.142857142857,957.8571428571429,122.57142857142867,95.60000000000002,2356.8,919.4,166.5999999999999,35.0,3030.0,894.0,38.0
324,97.0,795.0,1028.5,180.5,102.39999999999998,2958.2,827.0,157.80000000000018,105.5,1653.0,1493.5,100.0,83.0,886.6153846153846,1227.923076923077,153.9999999999999,95.0,2516.2,767.4,155.0,108.0,2738.0,957.0,127.0,94.5,579.0,858.0,183.5,112.0,1353.0,1650.0,135.0,88.0,1818.857142857143,954.1428571428571,126.42857142857133,93.79999999999995,2378.4,920.2,168.79999999999973,35.0,3045.5,893.0,38.0
325,97.0,800.0,1028.875,184.125,103.0,2960.0,829.0,170.0,106.125,1657.0,1490.375,100.75,83.0,889.7692307692307,1229.1538461538462,154.0,95.0,2537.5,770.5,153.0,109.0,2769.0,949.5,115.5,94.125,576.25,858.0,179.375,112.25,1360.1875,1650.625,135.125,87.99999999999989,1833.5714285714287,950.4285714285714,130.28571428571422,92.0,2400.0,921.0,171.0,35.0,3061.0,892.0,38.0
326,97.0,805.0,1029.25,187.75,100.5,2958.5,831.5,185.5,106.75,1661.0,1487.25,101.5,83.0,892.9230769230769,1230.3846153846155,154.0,95.0,2558.8,773.6,151.0,110.0,2800.0,942.0,104.0,93.75,573.5,858.0,175.25,112.5,1367.375,1651.25,135.25,88.00000000000011,1848.2857142857142,946.7142857142857,134.1428571428571,93.0,2427.3,921.9,167.5,35.0,3076.8,890.2,38.0
327,97.0,810.0,1029.625,191.375,98.0,2957.0,834.0,201.0,107.375,1665.0,1484.125,102.25,83.0,896.0769230769231,1231.6153846153845,154.0,95.0,2580.1,776.7,149.0,100.5,2811.0,948.5,118.5,93.375,570.75,858.0,171.125,112.75,1374.5625,1651.875,135.375,88.0,1863.0,943.0,138.0,94.0,2454.6,922.8,164.0,35.0,3092.6,888.4,38.0
328,97.0,815.0,1030.0,195.0,100.16666666666663,2977.8333333333335,838.5,194.0,108.0,1669.0,1481.0,103.0,83.0,899.2307692307693,1232.8461538461538,154.0,95.0,2601.4,779.8,147.0,91.0,2822.0,955.0,133.0,93.0,568.0,858.0,167.0,113.0,1381.75,1652.5,135.5,88.0,1879.0,938.7,137.79999999999995,95.0,2481.9,923.7,160.5,35.0,3108.4,886.6,38.0
329,97.0,819.5833333333334,1029.6666666666667,191.91666666666663,102.33333333333337,2998.6666666666665,843.0,187.0,107.58333333333348,1672.0,1480.5833333333333,102.0,83.0,902.3846153846154,1234.076923076923,154.0000000000001,95.0,2622.7,782.9,145.0,91.75,2838.6666666666665,953.75,132.41666666666697,92.75,565.25,857.9166666666666,168.25,113.25,1388.9375,1653.125,135.625,88.0,1895.0,934.4,137.5999999999999,96.0,2509.2,924.6,157.0,35.0,3124.2,884.8,38.0
330,97.0,824.1666666666666,1029.3333333333333,188.83333333333337,104.5,3019.5,847.5,180.0,107.16666666666652,1675.0,1480.1666666666667,101.0,83.0,905.5384615384615,1235.3076923076924,153.9999999999999,95.0,2644.0,786.0,143.0,92.5,2855.3333333333335,952.5,131.83333333333303,92.5,562.5,857.8333333333334,169.5,113.5,1396.125,1653.75,135.75,88.0,1911.0,930.1,137.4000000000001,97.0,2536.5,925.5,153.5,35.0,3140.0,883.0,38.0
331,97.0,828.75,1029.0,185.75,106.66666666666663,3040.3333333333335,852.0,173.0,106.75,1678.0,1479.75,100.0,83.0,908.6923076923077,1236.5384615384614,153.9999999999999,96.71428571428567,2660.4285714285716,790.2857142857143,143.71428571428578,93.25,2872.0,951.25,131.25,92.25,559.75,857.75,170.75,113.75,1403.3125,1654.375,135.875,88.0,1927.0,925.8,137.19999999999982,98.00000000000011,2563.8,926.4,150.0,35.0,3153.6666666666665,891.3333333333334,38.0
332,97.0,833.3333333333334,1028.6666666666667,182.66666666666663,108.83333333333337,3061.1666666666665,856.5,166.0,106.33333333333348,1681.0,1479.3333333333333,99.0,83.0,911.8461538461538,1237.7692307692307,154.0,98.42857142857144,2676.8571428571427,794.5714285714286,144.42857142857156,94.0,2888.6666666666665,950.0,130.66666666666697,92.0,557.0,857.6666666666666,172.0,114.0,1410.5,1655.0,136.0,88.0,1943.0,921.5,137.0,99.0,2591.1,927.3,146.5,35.0,3167.3333333333335,899.6666666666666,38.0
333,97.0,837.9166666666666,1028.3333333333333,179.58333333333337,111.0,3082.0,861.0,159.0,105.91666666666652,1684.0,1478.9166666666667,98.0,83.0,915.0,1239.0,154.0,100.14285714285711,2693.285714285714,798.8571428571429,145.14285714285734,94.75,2905.3333333333335,948.75,130.08333333333303,91.75,554.25,857.5833333333334,173.25,114.25,1417.6875,1655.625,136.125,88.0,1959.0,917.2,136.80000000000018,100.0,2618.4,928.2,143.0,35.0,3181.0,908.0,38.0
334,97.0,842.5,1028.0,176.5,114.14285714285722,3092.5714285714284,867.1428571428571,167.5714285714289,105.5,1687.0,1478.5,97.0,83.0,915.8571428571429,1239.4285714285713,154.0,101.85714285714289,2709.714285714286,803.1428571428571,145.85714285714266,95.5,2922.0,947.5,129.5,91.5,551.5,857.5,174.5,114.5,1424.875,1656.25,136.25,88.0,1975.0,912.9,136.5999999999999,100.99999999999989,2645.7,929.1,139.5,35.0,3206.0,925.0,38.0
335,97.0,847.0833333333334,1027.6666666666667,173.41666666666663,117.28571428571422,3103.1428571428573,873.2857142857143,176.14285714285688,105.08333333333348,1690.0,1478.0833333333333,96.0,83.0,916.7142857142857,1239.857142857143,154.0000000000001,103.57142857142856,2726.1428571428573,807.4285714285714,146.57142857142844,96.25,2938.6666666666665,946.25,128.91666666666697,91.25,548.75,857.4166666666666,175.75,114.75,1432.0625,1656.875,136.375,88.0,1991.0,908.6,136.4000000000001,102.0,2673.0,930.0,136.0,35.0,3231.0,942.0,38.0
336,97.0,851.6666666666666,1027.3333333333333,170.33333333333337,120.42857142857144,3113.714285714286,879.4285714285714,184.71428571428578,104.66666666666652,1693.0,1477.6666666666667,95.0,83.0,917.5714285714286,1240.2857142857142,154.0000000000001,105.28571428571433,2742.5714285714284,811.7142857142857,147.28571428571422,97.0,2955.3333333333335,945.0,128.33333333333303,91.0,546.0,857.3333333333334,177.0,115.0,1439.25,1657.5,136.5,88.0,2007.0,904.3,136.19999999999982,99.60000000000002,2696.8,932.6,134.5999999999999,35.0,3251.2,951.6,38.0
337,97.0,856.25,1027.0,167.25,123.57142857142856,3124.285714285714,885.5714285714286,193.28571428571422,104.25,1696.0,1477.25,94.0,83.0,918.4285714285714,1240.7142857142858,153.9999999999999,107.0,2759.0,816.0,148.0,97.75,2972.0,943.75,127.75,90.75,543.25,857.25,178.25,115.25,1446.4375,1658.125,136.625,88.0,2023.0,900.0,136.0,97.20000000000005,2720.6,935.2,133.20000000000027,35.0,3271.4,961.2,38.0
338,97.0,860.8333333333334,1026.6666666666667,164.16666666666663,126.71428571428578,3134.8571428571427,891.7142857142857,201.85714285714312,103.83333333333348,1699.0,1476.8333333333333,93.0,83.0,919.2857142857143,1241.142857142857,153.9999999999999,103.0,2779.3333333333335,819.0,140.0,98.5,2988.6666666666665,942.5,127.16666666666697,90.5,540.5,857.1666666666666,179.5,115.5,1453.625,1658.75,136.75,88.0,2044.3333333333333,897.0,127.66666666666674,94.79999999999995,2744.4,937.8,131.79999999999973,35.0,3291.6,970.8,38.0
339,97.0,865.4166666666666,1026.3333333333333,161.08333333333337,129.8571428571429,3145.4285714285716,897.8571428571429,210.4285714285711,103.41666666666652,1702.0,1476.4166666666667,92.0,83.0,920.1428571428571,1241.5714285714287,154.0,99.0,2799.6666666666665,822.0,132.0,99.25,3005.3333333333335,941.25,126.58333333333303,90.25,537.75,857.0833333333334,180.75,115.75,1460.8125,1659.375,136.875,88.0,2065.6666666666665,894.0,119.33333333333348,92.39999999999998,2768.2,940.4,130.4000000000001,35.0,3311.8,980.4,38.0
340,97.0,870.0,1026.0,158.0,133.0,3156.0,904.0,219.0,103.0,1705.0,1476.0,91.0,83.0,921.0,1242.0,154.0,95.0,2820.0,825.0,124.0,100.0,3022.0,940.0,126.0,90.0,535.0,857.0,182.0,116.0,1468.0,1660.0,137.0,88.0,2087.0,891.0,111.0,90.0,2792.0,943.0,129.0,35.0,3332.0,990.0,38.0
341,97.0,875.3333333333334,1026.1666666666667,161.4999999999999,126.99999999999989,3165.714285714286,912.2857142857143,221.85714285714266,105.0,1708.8,1474.2,92.40000000000009,83.0,921.5,1242.1875,153.5,96.29999999999995,2836.7,826.5,122.60000000000036,99.49999999999989,3034.1666666666665,939.8333333333334,126.5,90.0,533.0,856.7,181.39999999999998,115.3125,1473.75,1660.375,136.625,88.0,2102.3333333333335,888.6666666666666,115.0,90.0,2812.375,944.25,126.125,34.999999999999886,3349.4,993.6,38.0
342,97.0,880.6666666666666,1026.3333333333333,165.0000000000001,121.00000000000011,3175.4285714285716,920.5714285714286,224.71428571428578,107.0,1712.6,1472.4,93.80000000000018,83.0,922.0,1242.375,153.0,97.60000000000002,2853.4,828.0,121.19999999999982,99.00000000000011,3046.3333333333335,939.6666666666666,127.0,90.0,531.0,856.4,180.79999999999995,114.625,1479.5,1660.75,136.25,88.0,2117.6666666666665,886.3333333333334,119.0,90.0,2832.75,945.5,123.25,35.0,3366.8,997.2,38.0
343,97.0,886.0,1026.5,168.5,115.0,3185.1428571428573,928.8571428571429,227.57142857142844,109.0,1716.4,1470.6,95.19999999999982,83.0,922.5,1242.5625,152.5,98.89999999999998,2870.1,829.5,119.80000000000018,98.5,3058.5,939.5,127.5,90.0,529.0,856.1,180.20000000000005,113.9375,1485.25,1661.125,135.875,88.0,2133.0,884.0,123.0,90.0,2853.125,946.75,120.375,35.0,3384.2,1000.8,38.0
344,97.0,891.3333333333334,1026.6666666666667,171.9999999999999,109.0,3194.8571428571427,937.1428571428571,230.42857142857156,111.0,1720.2,1468.8,96.59999999999991,83.0,923.0,1242.75,152.0,100.20000000000005,2886.8,831.0,118.39999999999964,97.99999999999989,3070.6666666666665,939.3333333333334,128.0,90.0,527.0,855.8,179.60000000000002,113.25,1491.0,1661.5,135.5,88.0,2140.5,881.5,130.5,90.0,2873.5,948.0,117.5,35.000000000000114,3401.6,1004.4,38.0
345,97.0,896.6666666666666,1026.8333333333333,175.5000000000001,102.99999999999989,3204.5714285714284,945.4285714285714,233.28571428571422,113.0,1724.0,1467.0,98.0,83.0,923.5,1242.9375,151.5,101.5,2903.5,832.5,117.0,97.50000000000011,3082.8333333333335,939.1666666666666,128.5,90.0,525.0,855.5,179.0,112.5625,1496.75,1661.875,135.125,88.0,2148.0,879.0,138.0,90.0,2893.875,949.25,114.625,35.0,3419.0,1008.0,38.0
346,97.0,902.0,1027.0,179.0,97.00000000000011,3214.285714285714,953.7142857142857,236.14285714285734,113.0,1725.4,1464.1333333333334,98.5333333333333,83.0,924.0,1243.125,151.0,102.79999999999995,2920.2,834.0,115.60000000000036,97.0,3095.0,939.0,129.0,90.0,523.0,855.2,178.39999999999998,111.875,1502.5,1662.25,134.75,88.0,2165.1428571428573,875.8571428571429,135.57142857142844,90.0,2914.25,950.5,111.75,35.000000000000114,3430.6,1008.4,38.0
347,97.0,905.3571428571429,1027.2142857142858,177.5,91.0,3224.0,962.0,239.0,113.0,1726.8,1461.2666666666667,99.0666666666666,83.0,924.5,1243.3125,150.5,104.10000000000002,2936.9,835.5,114.19999999999982,96.35714285714289,3103.4285714285716,938.3571428571429,129.5,90.0,521.0,854.9,177.79999999999995,111.1875,1508.25,1662.625,134.375,88.0,2182.285714285714,872.7142857142857,133.14285714285734,90.0,2934.625,951.75,108.875,35.0,3442.2,1008.8,38.0
348,97.0,908.7142857142857,1027.4285714285713,176.0000000000001,92.39999999999998,3232.4,966.6,238.4000000000001,113.0,1728.2,1458.4,99.59999999999991,83.0,925.0,1243.5,150.0,105.39999999999998,2953.6,837.0,112.80000000000018,95.71428571428567,3111.8571428571427,937.7142857142857,130.0,90.0,519.0,854.6,177.20000000000005,110.5,1514.0,1663.0,134.0,88.0,2199.4285714285716,869.5714285714286,130.71428571428578,90.0,2955.0,953.0,106.0,35.0,3453.8,1009.2,38.0
349,97.0,912.0714285714286,1027.642857142857,174.5000000000001,93.79999999999995,3240.8,971.2,237.79999999999973,113.0,1729.6,1455.5333333333333,100.13333333333344,83.0,925.5,1243.6875,149.5,106.70000000000005,2970.3,838.5,111.39999999999964,95.07142857142856,3120.285714285714,937.0714285714286,130.5,90.0,517.0,854.3,176.60000000000002,109.8125,1519.75,1663.375,133.625,88.0,2216.5714285714284,866.4285714285714,128.28571428571422,89.0,2965.875,954.75,108.75,34.999999999999886,3465.4,1009.6,38.0
350,97.0,915.4285714285714,1027.857142857143,172.9999999999999,95.20000000000005,3249.2,975.8,237.20000000000027,113.0,1731.0,1452.6666666666667,100.66666666666674,83.0,926.0,1243.875,149.0,108.0,2987.0,840.0,110.0,94.42857142857144,3128.714285714286,936.4285714285714,131.0,90.0,515.0,854.0,176.0,109.125,1525.5,1663.75,133.25,88.0,2233.714285714286,863.2857142857143,125.85714285714266,88.0,2976.75,956.5,111.5,35.0,3477.0,1010.0,38.0
351,97.0,918.7857142857143,1028.0714285714287,171.4999999999999,96.60000000000002,3257.6,980.4,236.5999999999999,113.0,1732.4,1449.8,101.19999999999982,83.0,926.5,1244.0625,148.5,102.33333333333337,2993.0,845.0,113.33333333333348,93.78571428571433,3137.1428571428573,935.7857142857143,131.5,90.0,515.0,853.7,175.29999999999995,108.4375,1531.25,1664.125,132.875,88.0,2250.8571428571427,860.1428571428571,123.42857142857156,87.0,2987.625,958.25,114.25,34.999999999999886,3485.8,1010.6,38.0
352,97.0,922.1428571428571,1028.2857142857142,170.0,98.0,3266.0,985.0,236.0,113.0,1733.8,1446.9333333333334,101.73333333333335,83.0,927.0,1244.25,148.0,96.66666666666663,2999.0,850.0,116.66666666666652,93.14285714285711,3145.5714285714284,935.1428571428571,132.0,90.0,515.0,853.4,174.60000000000002,107.75,1537.0,1664.5,132.5,88.0,2268.0,857.0,121.0,86.0,2998.5,960.0,117.0,35.0,3494.6,1011.2,38.0
353,97.0,925.5,1028.5,168.5,98.79999999999995,3273.0,994.0,236.80000000000018,113.0,1735.2,1444.0666666666666,102.26666666666665,83.0,927.5,1244.4375,147.5,91.0,3005.0,855.0,120.0,92.5,3154.0,934.5,132.5,90.0,515.0,853.1,173.89999999999998,107.0625,1542.75,1664.875,132.125,89.5,2278.5,854.0,126.0,85.0,3009.375,961.75,119.75,35.0,3503.4,1011.8,38.0
354,97.0,928.8571428571429,1028.7142857142858,167.0,99.59999999999991,3280.0,1003.0,237.5999999999999,113.0,1736.6,1441.2,102.80000000000018,83.0,928.0,1244.625,147.0,90.14285714285722,3018.714285714286,856.1428571428571,116.28571428571422,91.85714285714289,3162.4285714285716,933.8571428571429,133.0,90.0,515.0,852.8,173.20000000000005,106.375,1548.5,1665.25,131.75,91.0,2289.0,851.0,131.0,84.0,3020.25,963.5,122.5,35.000000000000114,3512.2,1012.4,38.0
355,97.0,932.2142857142857,1028.9285714285713,165.5000000000001,100.40000000000009,3287.0,1012.0,238.4000000000001,113.0,1738.0,1438.3333333333333,103.33333333333326,83.0,928.5,1244.8125,146.5,89.28571428571422,3032.4285714285716,857.2857142857143,112.57142857142844,91.21428571428567,3170.8571428571427,933.2142857142857,133.5,90.0,515.0,852.5,172.5,105.6875,1554.25,1665.625,131.375,92.5,2299.5,848.0,136.0,83.0,3031.125,965.25,125.25,35.0,3521.0,1013.0,38.0
356,97.0,935.5714285714286,1029.142857142857,164.0000000000001,101.20000000000005,3294.0,1021.0,239.19999999999982,113.0,1739.4,1435.4666666666667,103.86666666666656,83.0,929.0,1245.0,146.0,88.42857142857144,3046.1428571428573,858.4285714285714,108.85714285714266,90.57142857142856,3179.285714285714,932.5714285714286,134.0,90.0,515.0,852.2,171.79999999999995,105.0,1560.0,1666.0,131.0,94.0,2310.0,845.0,141.0,82.0,3042.0,967.0,128.0,35.0,3527.5,1014.0,38.0
357,97.0,938.9285714285714,1029.357142857143,162.4999999999999,102.0,3301.0,1030.0,240.0,113.0,1740.8,1432.6,104.40000000000009,83.04166666666674,927.5,1244.75,146.625,87.57142857142856,3059.8571428571427,859.5714285714286,105.14285714285734,89.92857142857144,3187.714285714286,931.9285714285714,134.5,90.0,515.0,851.9,171.10000000000002,104.5,1565.75,1666.25,126.75,92.5,2331.5,844.25,133.5,84.0,3057.5,969.5,124.25,35.0,3534.0,1015.0,38.0
358,97.0,942.2857142857143,1029.5714285714287,160.9999999999999,97.33333333333326,3317.6666666666665,1043.0,214.33333333333348,113.0,1742.2,1429.7333333333333,104.9333333333334,83.08333333333326,926.0,1244.5,147.25,86.71428571428578,3073.5714285714284,860.7142857142857,101.42857142857156,89.28571428571422,3196.1428571428573,931.2857142857143,135.0,90.0,515.0,851.6,170.39999999999998,104.0,1571.5,1666.5,122.5,91.0,2353.0,843.5,126.0,86.0,3073.0,972.0,120.5,35.0,3535.6666666666665,1016.0,38.0
359,97.0,945.6428571428571,1029.7857142857142,159.5,92.66666666666674,3334.3333333333335,1056.0,188.66666666666652,113.0,1743.6,1426.8666666666666,105.4666666666667,83.125,924.5,1244.25,147.875,85.85714285714278,3087.285714285714,861.8571428571429,97.71428571428578,88.64285714285722,3204.5714285714284,930.6428571428571,135.5,90.0,515.0,851.3,169.70000000000005,103.5,1577.25,1666.75,118.25,89.5,2374.5,842.75,118.5,88.0,3088.5,974.5,116.75,35.0,3537.3333333333335,1017.0,38.0
360,97.0,949.0,1030.0,158.0,88.0,3351.0,1069.0,163.0,113.0,1745.0,1424.0,106.0,83.16666666666674,923.0,1244.0,148.5,85.0,3101.0,863.0,94.0,88.0,3213.0,930.0,136.0,90.0,515.0,851.0,169.0,103.0,1583.0,1667.0,114.0,88.0,2396.0,842.0,111.0,90.0,3104.0,977.0,113.0,35.0,3539.0,1018.0,38.0
361,97.0,953.6666666666666,1030.0,165.0000000000001,96.66666666666652,3356.3333333333335,1071.6666666666667,168.33333333333303,113.0,1745.0,1419.0,108.66666666666674,83.20833333333326,921.5,1243.75,149.125,86.10000000000002,3105.9,863.3,95.19999999999982,88.57142857142856,3217.714285714286,929.0,137.0,90.5454545454545,516.0909090909091,850.7272727272727,168.18181818181813,103.0,1589.0,1667.6,114.79999999999995,88.0,2401.5,841.5,123.5,93.0,3112.5,979.0,112.83333333333348,35.0,3538.8,1019.0,38.0
362,97.0,958.3333333333334,1030.0,171.9999999999999,105.33333333333348,3361.6666666666665,1074.3333333333333,173.66666666666697,113.0,1745.0,1414.0,111.33333333333326,83.25,920.0,1243.5,149.75,87.19999999999993,3110.8,863.6,96.39999999999964,89.14285714285711,3222.4285714285716,928.0,138.0,91.09090909090901,517.1818181818181,850.4545454545455,167.36363636363637,103.0,1595.0,1668.2,115.59999999999991,88.0,2407.0,841.0,136.0,96.0,3121.0,981.0,112.66666666666652,35.0,3538.6,1020.0,38.0
363,97.0,963.0,1030.0,179.0,114.0,3367.0,1077.0,179.0,113.0,1745.0,1409.0,114.0,83.29166666666674,918.5,1243.25,150.375,88.30000000000007,3115.7,863.9,97.60000000000036,89.71428571428567,3227.1428571428573,927.0,139.0,91.63636363636374,518.2727272727273,850.1818181818181,166.54545454545462,103.0,1601.0,1668.8,116.40000000000009,88.0,2419.714285714286,839.2857142857143,136.35714285714266,99.0,3129.5,983.0,112.5,35.0,3538.4,1021.0,38.0
364,97.0,966.7058823529412,1028.6470588235295,177.76470588235293,114.7777777777776,3374.6666666666665,1083.6666666666667,178.33333333333348,113.05882352941171,1743.2941176470588,1405.8823529411766,112.88235294117658,83.33333333333326,917.0,1243.0,151.0,89.39999999999998,3120.6,864.2,98.80000000000018,90.28571428571433,3231.8571428571427,926.0,140.0,92.18181818181824,519.3636363636364,849.9090909090909,165.72727272727275,103.0,1607.0,1669.4,117.20000000000005,88.0,2432.4285714285716,837.5714285714286,136.71428571428578,102.0,3138.0,985.0,112.33333333333348,35.0,3538.2,1022.0,38.0
365,97.0,970.4117647058823,1027.2941176470588,176.52941176470597,115.55555555555566,3382.3333333333335,1090.3333333333333,177.66666666666652,113.11764705882365,1741.5882352941176,1402.764705882353,111.76470588235293,83.375,915.5,1242.75,151.625,90.5,3125.5,864.5,100.0,90.85714285714289,3236.5714285714284,925.0,141.0,92.72727272727275,520.4545454545455,849.6363636363636,164.90909090909088,103.0,1613.0,1670.0,118.0,88.0,2445.1428571428573,835.8571428571429,137.07142857142844,105.0,3146.5,987.0,112.16666666666652,35.0,3538.0,1023.0,38.0
366,97.0,974.1176470588235,1025.9411764705883,175.2941176470589,116.33333333333326,3390.0,1097.0,177.0,113.17647058823513,1739.8823529411766,1399.6470588235295,110.64705882352928,83.41666666666674,914.0,1242.5,152.25,91.60000000000002,3130.4,864.8,101.19999999999982,91.42857142857144,3241.285714285714,924.0,142.0,93.27272727272725,521.5454545454545,849.3636363636364,164.09090909090912,103.0,1619.0,1670.6,118.79999999999995,88.0,2457.8571428571427,834.1428571428571,137.42857142857156,108.0,3155.0,989.0,112.0,35.000000000000114,3533.4,1023.4,38.0
367,97.0,977.8235294117648,1024.5882352941176,174.05882352941182,117.11111111111109,3397.6666666666665,1103.6666666666667,176.33333333333348,113.23529411764707,1738.1764705882354,1396.5294117647059,109.52941176470586,83.45833333333326,912.5,1242.25,152.875,92.69999999999993,3135.3,865.1,102.39999999999964,92.0,3246.0,923.0,143.0,93.81818181818176,522.6363636363636,849.0909090909091,163.27272727272725,103.0,1625.0,1671.2,119.59999999999991,88.0,2470.5714285714284,832.4285714285714,137.78571428571422,105.0,3157.0,991.0,119.33333333333348,35.0,3528.8,1023.8,38.0
368,97.0,981.5294117647059,1023.2352941176471,172.82352941176464,117.88888888888891,3405.3333333333335,1110.3333333333333,175.66666666666652,113.29411764705878,1736.4705882352941,1393.4117647058824,108.41176470588243,83.5,911.0,1242.0,153.5,93.80000000000007,3140.2,865.4,103.60000000000036,95.0,3247.8333333333335,923.6666666666666,148.5,94.36363636363626,523.7272727272727,848.8181818181819,162.45454545454538,103.0,1631.0,1671.8,120.40000000000009,88.0,2483.285714285714,830.7142857142857,138.14285714285734,102.0,3159.0,993.0,126.66666666666652,35.0,3524.2,1024.2,38.0
369,97.00000000000011,985.2352941176471,1021.8823529411765,171.58823529411757,118.66666666666674,3413.0,1117.0,175.0,113.35294117647072,1734.764705882353,1390.2941176470588,107.29411764705878,83.54166666666674,909.5,1241.75,154.125,94.89999999999998,3145.1,865.7,104.80000000000018,98.0,3249.6666666666665,924.3333333333334,154.0,94.90909090909099,524.8181818181819,848.5454545454545,161.63636363636363,103.0,1637.0,1672.4,121.20000000000005,88.0,2496.0,829.0,138.5,99.0,3161.0,995.0,134.0,35.0,3519.6,1024.6,38.0
370,97.0,988.9411764705883,1020.5294117647059,170.3529411764705,119.44444444444434,3420.6666666666665,1123.6666666666667,174.33333333333348,113.4117647058822,1733.0588235294117,1387.1764705882354,106.17647058823536,83.58333333333326,908.0,1241.5,154.75,96.0,3150.0,866.0,106.0,101.0,3251.5,925.0,159.5,95.4545454545455,525.9090909090909,848.2727272727273,160.81818181818187,103.0,1643.0,1673.0,122.0,88.0,2508.714285714286,827.2857142857143,138.85714285714266,98.0,3164.0,998.5,144.0,35.0,3515.0,1025.0,38.0
371,97.00000000000011,992.6470588235294,1019.1764705882352,169.11764705882354,120.2222222222224,3428.3333333333335,1130.3333333333333,173.66666666666652,113.47058823529414,1731.3529411764705,1384.0588235294117,105.05882352941194,83.625,906.5,1241.25,155.375,91.60000000000002,3151.8,865.4,109.0,104.00000000000011,3253.3333333333335,925.6666666666666,165.0,96.0,527.0,848.0,160.0,103.0,1648.0,1672.5,119.70000000000005,88.0,2521.4285714285716,825.5714285714286,139.21428571428578,97.0,3167.0,1002.0,154.0,35.0,3504.8,1025.0,38.0
372,96.99999999999989,996.3529411764706,1017.8235294117648,167.88235294117646,121.0,3436.0,1137.0,173.0,113.52941176470586,1729.6470588235295,1380.9411764705883,103.94117647058806,83.66666666666674,905.0,1241.0,156.0,87.20000000000005,3153.6,864.8,112.0,106.99999999999989,3255.1666666666665,926.3333333333334,170.5,97.8888888888888,528.1111111111111,847.7777777777778,159.1111111111111,103.0,1653.0,1672.0,117.40000000000009,88.0,2534.1428571428573,823.8571428571429,139.57142857142844,95.16666666666663,3170.1666666666665,1006.8333333333334,152.33333333333348,35.0,3494.6,1025.0,38.0
373,97.0,1000.0588235294117,1016.4705882352941,166.6470588235295,130.20000000000005,3443.6,1140.0,169.20000000000027,113.5882352941178,1727.9411764705883,1377.8235294117646,102.82352941176464,83.70833333333326,903.5,1240.75,156.625,82.79999999999995,3155.4,864.2,115.0,110.0,3257.0,927.0,176.0,99.77777777777783,529.2222222222222,847.5555555555555,158.22222222222229,103.0,1658.0,1671.5,115.09999999999991,88.0,2546.8571428571427,822.1428571428571,139.92857142857156,93.33333333333337,3173.3333333333335,1011.6666666666666,150.66666666666652,35.0,3484.4,1025.0,38.0
374,96.99999999999989,1003.7647058823529,1015.1176470588235,165.41176470588243,139.4000000000001,3451.2,1143.0,165.4000000000001,113.64705882352928,1726.235294117647,1374.7058823529412,101.70588235294122,83.75,902.0,1240.5,157.25,78.39999999999998,3157.2,863.6,118.0,113.85714285714289,3264.285714285714,927.0,173.14285714285734,101.66666666666663,530.3333333333334,847.3333333333334,157.33333333333326,103.0,1663.0,1671.0,112.79999999999995,88.0,2559.5714285714284,820.4285714285714,140.28571428571422,91.5,3176.5,1016.5,149.0,35.0,3474.2,1025.0,38.0
375,97.0,1007.4705882352941,1013.7647058823529,164.17647058823536,148.5999999999999,3458.8,1146.0,161.5999999999999,113.70588235294122,1724.5294117647059,1371.5882352941176,100.58823529411757,83.79166666666674,900.5,1240.25,157.875,74.0,3159.0,863.0,121.0,117.71428571428578,3271.5714285714284,927.0,170.28571428571422,103.55555555555554,531.4444444444445,847.1111111111111,156.44444444444446,103.0,1668.0,1670.5,110.5,88.0,2572.285714285714,818.7142857142857,140.64285714285734,89.66666666666663,3179.6666666666665,1021.3333333333334,147.33333333333348,35.0,3464.0,1025.0,38.0
376,97.00000000000011,1011.1764705882352,1012.4117647058823,162.94117647058818,157.79999999999995,3466.4,1149.0,157.79999999999973,113.76470588235293,1722.8235294117646,1368.4705882352941,99.47058823529414,83.83333333333326,899.0,1240.0,158.5,76.20000000000005,3157.2,859.4,121.40000000000009,121.57142857142867,3278.8571428571427,927.0,167.42857142857156,105.44444444444446,532.5555555555555,846.8888888888889,155.55555555555554,103.0,1673.0,1670.0,108.20000000000005,88.0,2585.0,817.0,141.0,87.83333333333326,3182.8333333333335,1026.1666666666667,145.66666666666652,35.0,3452.0,1025.3333333333333,38.0
377,97.0,1014.8823529411765,1011.0588235294117,161.7058823529411,167.0,3474.0,1152.0,154.0,113.82352941176487,1721.1176470588234,1365.3529411764705,98.35294117647072,83.875,897.5,1239.75,159.125,78.40000000000009,3155.4,855.8,121.79999999999973,125.42857142857133,3286.1428571428573,927.0,164.57142857142844,107.33333333333337,533.6666666666666,846.6666666666666,154.66666666666674,103.0,1678.0,1669.5,105.90000000000009,88.0,2601.75,816.0,137.5,86.0,3186.0,1031.0,144.0,35.0,3440.0,1025.6666666666667,38.0
378,97.0,1018.5882352941177,1009.7058823529412,160.47058823529403,154.0,3481.6666666666665,1164.6666666666667,150.0,113.88235294117635,1719.4117647058824,1362.235294117647,97.23529411764707,83.91666666666674,896.0,1239.5,159.75,80.59999999999991,3153.6,852.2,122.20000000000027,129.28571428571422,3293.4285714285716,927.0,161.71428571428578,109.22222222222217,534.7777777777778,846.4444444444445,153.77777777777771,103.0,1683.0,1669.0,103.59999999999991,88.0,2618.5,815.0,134.0,88.0,3189.3333333333335,1032.0,145.66666666666652,35.0,3428.0,1026.0,38.0
379,96.99999999999989,1022.2941176470588,1008.3529411764706,159.23529411764707,141.0,3489.3333333333335,1177.3333333333333,146.0,113.94117647058829,1717.7058823529412,1359.1176470588234,96.11764705882342,83.95833333333326,894.5,1239.25,160.375,82.79999999999995,3151.8,848.6,122.59999999999991,133.1428571428571,3300.714285714286,927.0,158.85714285714266,111.1111111111112,535.8888888888889,846.2222222222222,152.8888888888889,103.0,1688.0,1668.5,101.29999999999995,88.0,2635.25,814.0,130.5,90.0,3192.6666666666665,1033.0,147.33333333333348,35.0,3420.5,1027.0,38.0
380,97.0,1026.0,1007.0,158.0,128.0,3497.0,1190.0,142.0,114.0,1716.0,1356.0,95.0,84.0,893.0,1239.0,161.0,85.0,3150.0,845.0,123.0,137.0,3308.0,927.0,156.0,113.0,537.0,846.0,152.0,103.0,1693.0,1668.0,99.0,88.0,2652.0,813.0,127.0,92.0,3196.0,1034.0,149.0,35.0,3413.0,1028.0,38.0
381,96.99999999999989,1029.0,1006.3333333333334,164.66666666666674,121.0,3499.0,1200.6666666666667,145.66666666666652,114.57142857142867,1712.5714285714287,1353.2857142857142,96.85714285714266,84.0,890.55,1239.15,161.0,87.19999999999993,3145.2,841.6,125.20000000000027,132.0,3309.2,928.8,157.80000000000018,113.44444444444446,538.4444444444445,846.4444444444445,150.66666666666663,103.57142857142867,1697.0,1666.142857142857,103.42857142857133,88.0,2661.0,811.3333333333334,129.66666666666652,94.66666666666674,3194.3333333333335,1031.3333333333333,149.0,35.0,3411.6666666666665,1026.3333333333333,38.0
382,97.00000000000011,1032.0,1005.6666666666666,171.33333333333326,114.0,3501.0,1211.3333333333333,149.33333333333348,115.14285714285711,1709.142857142857,1350.5714285714287,98.71428571428578,84.0,888.1,1239.3,160.9999999999999,89.39999999999998,3140.4,838.2,127.40000000000009,126.99999999999989,3310.4,930.6,159.5999999999999,113.88888888888891,539.8888888888889,846.8888888888889,149.33333333333326,104.14285714285711,1701.0,1664.2857142857142,107.85714285714289,88.0,2670.0,809.6666666666666,132.33333333333348,97.33333333333326,3192.6666666666665,1028.6666666666667,149.0,35.0,3410.3333333333335,1024.6666666666667,38.0
383,97.0,1035.0,1005.0,178.0,107.0,3503.0,1222.0,153.0,115.71428571428578,1705.7142857142858,1347.857142857143,100.57142857142844,84.0,885.65,1239.45,161.0000000000001,91.60000000000002,3135.6,834.8,129.5999999999999,122.00000000000011,3311.6,932.4,161.4000000000001,114.33333333333326,541.3333333333334,847.3333333333334,148.0,104.71428571428578,1705.0,1662.4285714285713,112.28571428571422,88.0,2679.0,808.0,135.0,100.0,3191.0,1026.0,149.0,35.0,3409.0,1023.0,38.0
384,97.00000000000011,1038.0,1004.4117647058823,175.9411764705883,104.39999999999986,3508.2,1226.2,154.4000000000001,116.28571428571422,1702.2857142857142,1345.142857142857,102.42857142857156,84.0,883.2,1239.6,161.0,93.80000000000007,3130.8,831.4,131.79999999999973,117.0,3312.8,934.2,163.19999999999982,114.77777777777771,542.7777777777778,847.7777777777778,146.66666666666663,105.28571428571422,1709.0,1660.5714285714287,116.71428571428578,88.0,2688.0,806.3333333333334,137.66666666666652,102.66666666666663,3189.3333333333335,1023.3333333333334,149.0,35.0,3410.5,1020.0,38.0
385,96.99999999999989,1041.0,1003.8235294117648,173.88235294117658,101.79999999999995,3513.4,1230.4,155.79999999999973,116.85714285714289,1698.857142857143,1342.4285714285713,104.28571428571422,84.0,880.75,1239.75,161.0,96.0,3126.0,828.0,134.0,112.0,3314.0,936.0,165.0,115.22222222222229,544.2222222222222,848.2222222222222,145.33333333333337,105.85714285714289,1713.0,1658.7142857142858,121.14285714285711,88.0,2697.0,804.6666666666666,140.33333333333348,105.33333333333337,3187.6666666666665,1020.6666666666666,149.0,35.0,3412.0,1017.0,38.0
386,97.0,1044.0,1003.2352941176471,171.82352941176464,99.20000000000005,3518.6,1234.6,157.20000000000027,117.42857142857133,1695.4285714285713,1339.7142857142858,106.14285714285734,84.0,878.3,1239.9,161.0,99.0,3124.4,823.0,131.79999999999973,109.25,3315.25,935.25,167.5,115.66666666666674,545.6666666666666,848.6666666666666,144.0,106.42857142857133,1717.0,1656.857142857143,125.57142857142867,88.0,2706.0,803.0,143.0,108.0,3186.0,1018.0,149.0,35.0,3415.4,1014.0,38.0
387,97.00000000000011,1047.0,1002.6470588235294,169.76470588235293,96.60000000000014,3523.8,1238.8,158.5999999999999,118.0,1692.0,1337.0,108.0,84.0,875.85,1240.05,160.9999999999999,102.0,3122.8,818.0,129.5999999999999,106.5,3316.5,934.5,170.0,116.11111111111109,547.1111111111111,849.1111111111111,142.66666666666674,107.0,1721.0,1655.0,130.0,88.5,2720.0,801.5,137.25,106.0,3180.0,1022.0,153.19999999999982,35.0,3418.8,1011.0,38.0
388,97.0,1050.0,1002.0588235294117,167.70588235294122,94.0,3529.0,1243.0,160.0,118.69230769230762,1687.3076923076924,1334.2307692307693,109.76923076923072,84.0,873.4,1240.2,161.0000000000001,105.0,3121.2,813.0,127.40000000000009,103.75,3317.75,933.75,172.5,116.55555555555554,548.5555555555555,849.5555555555555,141.33333333333337,105.84615384615381,1727.2307692307693,1654.2307692307693,127.15384615384619,89.0,2734.0,800.0,131.5,104.0,3174.0,1026.0,157.4000000000001,35.0,3422.2,1008.0,38.0
389,97.0,1053.0,1001.4705882352941,165.6470588235295,94.39999999999986,3532.6,1246.4,160.0,119.38461538461524,1682.6153846153845,1331.4615384615386,111.53846153846166,84.0,870.95,1240.35,161.0,108.0,3119.6,808.0,125.20000000000027,101.0,3319.0,933.0,175.0,117.0,550.0,850.0,140.0,104.69230769230762,1733.4615384615386,1653.4615384615386,124.30769230769215,89.5,2748.0,798.5,125.75,102.0,3168.0,1030.0,161.5999999999999,35.0,3425.6,1005.0,38.0
390,97.00000000000011,1056.0,1000.8823529411765,163.58823529411757,94.79999999999995,3536.2,1249.8,160.0,120.0769230769231,1677.923076923077,1328.6923076923076,113.30769230769238,84.0,868.5,1240.5,161.0,111.0,3118.0,803.0,123.0,102.09090909090912,3324.5454545454545,932.1818181818181,173.27272727272748,117.45454545454538,549.0909090909091,850.4545454545455,141.090909090909,103.53846153846166,1739.6923076923076,1652.6923076923076,121.46153846153857,90.0,2762.0,797.0,120.0,100.0,3162.0,1034.0,165.80000000000018,35.0,3429.0,1002.0,38.0
391,97.0,1059.0,1000.2941176470588,161.52941176470586,95.20000000000005,3539.8,1253.2,160.0,120.76923076923072,1673.2307692307693,1325.923076923077,115.0769230769231,84.0,866.05,1240.65,161.0,109.69999999999993,3110.6,800.7,125.59999999999991,103.18181818181813,3330.090909090909,931.3636363636364,171.5454545454545,117.90909090909099,548.1818181818181,850.9090909090909,142.18181818181824,102.38461538461547,1745.923076923077,1651.923076923077,118.61538461538453,91.0,2770.0,795.3333333333334,119.77777777777783,98.0,3156.0,1038.0,170.0,35.0,3432.0,1000.8,38.0
392,97.0,1062.0,999.7058823529412,159.47058823529414,95.60000000000014,3543.4,1256.6,160.0,121.46153846153834,1668.5384615384614,1323.1538461538462,116.84615384615404,84.0,863.6,1240.8,160.9999999999999,108.39999999999998,3103.2,798.4,128.20000000000027,104.27272727272725,3335.6363636363635,930.5454545454545,169.81818181818198,118.36363636363637,547.2727272727273,851.3636363636364,143.27272727272725,101.23076923076928,1752.1538461538462,1651.1538461538462,115.76923076923072,92.0,2778.0,793.6666666666666,119.55555555555566,100.5,3156.75,1039.0,167.5,34.999999999999886,3435.0,999.6,38.0
393,96.99999999999989,1065.0,999.1176470588235,157.41176470588243,96.0,3547.0,1260.0,160.0,122.15384615384596,1663.8461538461538,1320.3846153846155,118.61538461538476,84.0,861.15,1240.95,161.0,107.10000000000002,3095.8,796.1,130.79999999999973,105.36363636363626,3341.181818181818,929.7272727272727,168.09090909090946,118.81818181818176,546.3636363636364,851.8181818181819,144.36363636363637,100.0769230769231,1758.3846153846155,1650.3846153846155,112.9230769230769,93.0,2786.0,792.0,119.33333333333348,103.0,3157.5,1040.0,165.0,35.000000000000114,3438.0,998.4,38.0
394,97.0,1068.0,998.5294117647059,155.3529411764705,96.57142857142867,3548.285714285714,1261.4285714285713,160.0,122.84615384615404,1659.1538461538462,1317.6153846153845,120.38461538461524,84.0,858.7,1241.1,161.0,105.80000000000007,3088.4,793.8,133.4000000000001,106.45454545454538,3346.7272727272725,928.9090909090909,166.3636363636365,119.27272727272725,545.4545454545455,852.2727272727273,145.45454545454538,98.9230769230769,1764.6153846153845,1649.6153846153845,110.0769230769231,94.0,2794.0,790.3333333333334,119.11111111111131,105.5,3158.25,1041.0,162.5,35.0,3441.0,997.2,38.0
395,97.0,1071.0,997.9411764705883,153.29411764705878,97.14285714285711,3549.5714285714284,1262.857142857143,160.0,123.53846153846166,1654.4615384615386,1314.8461538461538,122.15384615384596,84.0,856.25,1241.25,161.0,104.5,3081.0,791.5,136.0,107.54545454545462,3352.2727272727275,928.0909090909091,164.6363636363635,119.72727272727275,544.5454545454545,852.7272727272727,146.54545454545462,97.76923076923072,1770.8461538461538,1648.8461538461538,107.23076923076928,95.0,2802.0,788.6666666666666,118.88888888888869,108.0,3159.0,1042.0,160.0,35.0,3444.0,996.0,38.0
396,96.99999999999989,1074.0,997.3529411764706,151.23529411764707,97.71428571428578,3550.8571428571427,1264.2857142857142,160.0,124.23076923076928,1649.7692307692307,1312.076923076923,123.9230769230769,84.0,853.8,1241.4,161.0,103.19999999999993,3073.6,789.2,138.5999999999999,108.63636363636374,3357.818181818182,927.2727272727273,162.90909090909054,120.18181818181824,543.6363636363636,853.1818181818181,147.63636363636363,96.61538461538453,1777.076923076923,1648.076923076923,104.38461538461547,96.0,2810.0,787.0,118.66666666666652,102.20000000000005,3159.6,1042.8,157.80000000000018,35.0,3444.6,994.2,38.0
397,97.0,1077.0,996.7647058823529,149.17647058823536,98.28571428571422,3552.1428571428573,1265.7142857142858,160.0,124.9230769230769,1645.076923076923,1309.3076923076924,125.69230769230762,84.0,851.35,1241.55,161.0,101.89999999999998,3066.2,786.9,141.20000000000027,109.72727272727275,3363.3636363636365,926.4545454545455,161.18181818181802,120.63636363636363,542.7272727272727,853.6363636363636,148.72727272727275,95.46153846153834,1783.3076923076924,1647.3076923076924,101.53846153846143,97.0,2818.0,785.3333333333334,118.44444444444434,96.40000000000009,3160.2,1043.6,155.60000000000036,35.000000000000114,3445.2,992.4,38.0
398,97.00000000000011,1080.0,996.1764705882352,147.11764705882342,98.85714285714289,3553.4285714285716,1267.142857142857,160.0,125.61538461538476,1640.3846153846155,1306.5384615384614,127.46153846153834,84.0,848.9,1241.7,161.0,100.60000000000002,3058.8,784.6,143.79999999999973,110.81818181818187,3368.909090909091,925.6363636363636,159.4545454545455,121.09090909090901,541.8181818181819,854.0909090909091,149.81818181818176,94.30769230769238,1789.5384615384614,1646.5384615384614,98.69230769230785,98.0,2826.0,783.6666666666666,118.22222222222217,90.59999999999991,3160.8,1044.4,153.39999999999964,34.999999999999886,3445.8,990.6,38.0
399,96.99999999999989,1083.0,995.5882352941177,145.0588235294117,99.42857142857133,3554.714285714286,1268.5714285714287,160.0,126.30769230769238,1635.6923076923076,1303.7692307692307,129.23076923076928,84.0,846.45,1241.85,161.0,99.30000000000007,3051.4,782.3,146.4000000000001,111.90909090909088,3374.4545454545455,924.8181818181819,157.72727272727252,121.54545454545462,540.9090909090909,854.5454545454545,150.909090909091,93.15384615384619,1795.7692307692307,1645.7692307692307,95.84615384615381,99.0,2834.0,782.0,118.0,84.79999999999995,3161.4,1045.2,151.19999999999982,35.0,3446.4,988.8,38.0
400,97.0,1086.0,995.0,143.0,100.0,3556.0,1270.0,160.0,127.0,1631.0,1301.0,131.0,84.0,844.0,1242.0,161.0,98.0,3044.0,780.0,149.0,113.0,3380.0,924.0,156.0,122.0,540.0,855.0,152.0,92.0,1802.0,1645.0,93.0,88.0,2833.0,780.0,127.0,79.0,3162.0,1046.0,149.0,35.0,3447.0,987.0,38.0
401,97.33333333333337,1088.5,993.1666666666666,144.16666666666674,100.0,3559.6666666666665,1273.3333333333333,160.0,125.29999999999995,1625.55,1299.25,131.70000000000005,84.94999999999982,842.0,1242.4,160.14999999999998,98.0,3044.1666666666665,780.1666666666666,144.33333333333348,110.625,3379.75,921.75,158.75,122.39999999999998,540.0,855.4,150.60000000000002,94.0,1803.6666666666667,1644.3333333333333,102.0,88.0,2836.5,779.75,127.0,80.5,3160.5,1044.0,149.0,35.0,3443.2,986.4,38.0
402,97.66666666666663,1091.0,991.3333333333334,145.33333333333326,100.0,3563.3333333333335,1276.6666666666667,160.0,123.59999999999991,1620.1,1297.5,132.4000000000001,85.90000000000009,840.0,1242.8,159.29999999999995,98.0,3044.3333333333335,780.3333333333334,139.66666666666652,108.25,3379.5,919.5,161.5,122.80000000000007,540.0,855.8,149.20000000000005,96.0,1805.3333333333333,1643.6666666666667,111.0,88.0,2840.0,779.5,127.0,82.0,3159.0,1042.0,149.0,35.0,3439.4,985.8,38.0
403,98.0,1093.5,989.5,146.5,100.0,3567.0,1280.0,160.0,121.90000000000009,1614.65,1295.75,133.0999999999999,86.84999999999991,838.0,1243.2,158.45000000000005,98.0,3044.5,780.5,135.0,105.875,3379.25,917.25,164.25,123.19999999999993,540.0,856.2,147.79999999999995,98.0,1807.0,1643.0,120.0,88.0,2843.5,779.25,127.0,83.5,3157.5,1040.0,149.0,35.0,3435.6,985.2,38.0
404,98.33333333333337,1096.0,987.6666666666666,147.66666666666674,100.0,3563.8823529411766,1281.9411764705883,161.23529411764684,120.20000000000005,1609.2,1294.0,133.79999999999995,87.80000000000018,836.0,1243.6,157.60000000000002,98.0,3044.6666666666665,780.6666666666666,130.33333333333348,103.5,3379.0,915.0,167.0,123.60000000000002,540.0,856.6,146.39999999999998,100.0,1809.0,1639.0,119.66666666666674,88.0,2847.0,779.0,127.0,85.0,3156.0,1038.0,149.0,35.0,3431.8,984.6,38.0
405,98.66666666666663,1098.5,985.8333333333334,148.83333333333326,100.0,3560.764705882353,1283.8823529411766,162.4705882352937,118.5,1603.75,1292.25,134.5,88.75,834.0,1244.0,156.75,98.0,3044.8333333333335,780.8333333333334,125.66666666666652,101.125,3378.75,912.75,169.75,124.0,540.0,857.0,145.0,102.0,1811.0,1635.0,119.33333333333326,88.71428571428567,2854.1428571428573,776.8571428571429,123.4285714285711,86.5,3154.5,1036.0,149.0,35.0,3428.0,984.0,38.0
406,99.0,1101.0,984.0,150.0,100.0,3557.6470588235293,1285.8235294117646,163.70588235294144,116.79999999999995,1598.3,1290.5,135.20000000000005,89.69999999999982,832.0,1244.4,155.89999999999998,98.0,3045.0,781.0,121.0,98.75,3378.5,910.5,172.5,126.66666666666674,540.7777777777778,858.6666666666666,142.8888888888888,104.0,1813.0,1631.0,119.0,89.42857142857144,2861.285714285714,774.7142857142857,119.85714285714312,88.0,3153.0,1034.0,149.0,35.0,3422.6666666666665,984.6666666666666,38.0
407,99.21428571428567,1103.4285714285713,982.2142857142857,148.14285714285734,100.0,3554.529411764706,1287.764705882353,164.9411764705883,115.09999999999991,1592.85,1288.75,135.9000000000001,90.65000000000009,830.0,1244.8,155.04999999999995,97.5,3036.8333333333335,779.8333333333334,123.66666666666652,96.375,3378.25,908.25,175.25,129.33333333333326,541.5555555555555,860.3333333333334,140.77777777777783,105.81818181818176,1818.4545454545455,1628.909090909091,119.09090909090901,90.14285714285711,2868.4285714285716,772.5714285714286,116.28571428571422,89.5,3151.5,1032.0,149.0,35.0,3417.3333333333335,985.3333333333334,38.0
408,99.42857142857144,1105.857142857143,980.4285714285714,146.28571428571422,100.0,3551.4117647058824,1289.7058823529412,166.17647058823513,113.40000000000009,1587.4,1287.0,136.5999999999999,91.59999999999991,828.0,1245.2,154.20000000000005,97.0,3028.6666666666665,778.6666666666666,126.33333333333348,94.0,3378.0,906.0,178.0,132.0,542.3333333333334,862.0,138.66666666666663,107.63636363636374,1823.909090909091,1626.8181818181818,119.18181818181802,90.85714285714289,2875.5714285714284,770.4285714285714,112.71428571428578,91.0,3150.0,1030.0,149.0,35.0,3412.0,986.0,38.0
409,99.64285714285711,1108.2857142857142,978.6428571428571,144.42857142857156,100.0,3548.294117647059,1291.6470588235295,167.41176470588198,111.70000000000005,1581.95,1285.25,137.29999999999995,92.55000000000018,826.0,1245.6,153.35000000000002,96.5,3020.5,777.5,129.0,96.28571428571433,3382.8571428571427,903.7142857142857,175.5714285714289,134.66666666666674,543.1111111111111,863.6666666666666,136.55555555555554,109.4545454545455,1829.3636363636363,1624.7272727272727,119.27272727272748,91.57142857142856,2882.714285714286,768.2857142857143,109.14285714285688,91.0,3150.5454545454545,1030.090909090909,149.0,35.0,3412.0,986.0,38.0
410,99.85714285714289,1110.7142857142858,976.8571428571429,142.57142857142844,100.0,3545.176470588235,1293.5882352941176,168.64705882352973,110.0,1576.5,1283.5,138.0,93.5,824.0,1246.0,152.5,96.0,3012.3333333333335,776.3333333333334,131.66666666666652,98.57142857142856,3387.714285714286,901.4285714285714,173.14285714285688,137.33333333333326,543.8888888888889,865.3333333333334,134.44444444444446,111.27272727272725,1834.8181818181818,1622.6363636363637,119.36363636363649,92.28571428571433,2889.8571428571427,766.1428571428571,105.5714285714289,91.0,3151.090909090909,1030.1818181818182,149.0,35.0,3423.0,985.0,38.0
411,100.07142857142856,1113.142857142857,975.0714285714286,140.71428571428578,100.0,3542.0588235294117,1295.5294117647059,169.88235294117658,108.29999999999995,1571.05,1281.75,138.70000000000005,94.44999999999982,822.0,1246.4,151.64999999999998,95.5,3004.1666666666665,775.1666666666666,134.33333333333348,100.85714285714289,3392.5714285714284,899.1428571428571,170.71428571428578,140.0,544.6666666666666,867.0,132.33333333333337,113.09090909090924,1840.2727272727273,1620.5454545454545,119.4545454545455,93.0,2897.0,764.0,102.0,91.0,3151.6363636363635,1030.2727272727273,149.0,35.0,3433.4,981.6,38.0
412,100.28571428571433,1115.5714285714287,973.2857142857143,138.85714285714266,100.0,3538.9411764705883,1297.4705882352941,171.11764705882342,106.59999999999991,1565.6,1280.0,139.4000000000001,95.40000000000009,820.0,1246.8,150.79999999999995,95.0,2996.0,774.0,137.0,103.14285714285711,3397.4285714285716,896.8571428571429,168.28571428571422,142.66666666666674,545.4444444444445,868.6666666666666,130.22222222222217,114.90909090909076,1845.7272727272727,1618.4545454545455,119.5454545454545,93.55555555555554,2897.5555555555557,761.8888888888889,105.11111111111086,91.0,3152.181818181818,1030.3636363636363,149.0,35.0,3443.8,978.2,38.0
413,100.5,1118.0,971.5,137.0,100.0,3535.823529411765,1299.4117647058824,172.35294117647027,104.90000000000009,1560.15,1278.25,140.0999999999999,96.34999999999991,818.0,1247.2,149.95000000000005,94.42857142857144,2995.1428571428573,775.0,133.0,105.42857142857144,3402.285714285714,894.5714285714286,165.85714285714312,145.33333333333326,546.2222222222222,870.3333333333334,128.1111111111112,116.72727272727275,1851.1818181818182,1616.3636363636363,119.63636363636351,94.11111111111109,2898.1111111111113,759.7777777777778,108.22222222222217,91.0,3152.7272727272725,1030.4545454545455,149.0,35.0,3454.2,974.8,38.0
414,100.71428571428567,1120.4285714285713,969.7142857142857,135.14285714285734,100.0,3532.705882352941,1301.3529411764705,173.58823529411802,103.20000000000005,1554.7,1276.5,140.79999999999995,97.30000000000018,816.0,1247.6,149.10000000000002,93.85714285714289,2994.285714285714,776.0,129.0,107.71428571428567,3407.1428571428573,892.2857142857143,163.4285714285711,148.0,547.0,872.0,126.0,118.5454545454545,1856.6363636363637,1614.2727272727273,119.72727272727252,94.66666666666674,2898.6666666666665,757.6666666666666,111.33333333333348,91.0,3153.2727272727275,1030.5454545454545,149.0,35.0,3464.6,971.4,38.0
415,100.92857142857144,1122.857142857143,967.9285714285714,133.28571428571422,100.0,3529.5882352941176,1303.2941176470588,174.82352941176487,101.5,1549.25,1274.75,141.5,98.25,814.0,1248.0,148.25,93.28571428571433,2993.4285714285716,777.0,125.0,110.0,3412.0,890.0,161.0,149.5,548.0,875.0,122.0,120.36363636363626,1862.090909090909,1612.1818181818182,119.81818181818198,95.22222222222229,2899.222222222222,755.5555555555555,114.44444444444434,91.0,3153.818181818182,1030.6363636363637,149.0,35.0,3475.0,968.0,38.0
416,101.14285714285711,1125.2857142857142,966.1428571428571,131.42857142857156,100.0,3526.470588235294,1305.235294117647,176.0588235294117,99.79999999999995,1543.8,1273.0,142.20000000000005,99.19999999999982,812.0,1248.4,147.39999999999998,92.71428571428567,2992.5714285714284,778.0,121.0,110.0,3411.8,887.6,163.5999999999999,151.0,549.0,878.0,118.0,122.18181818181824,1867.5454545454545,1610.090909090909,119.90909090909099,95.77777777777771,2899.777777777778,753.4444444444445,117.55555555555566,91.0,3154.3636363636365,1030.7272727272727,149.0,35.0,3478.4,965.8,38.0
417,101.35714285714289,1127.7142857142858,964.3571428571429,129.57142857142844,100.0,3523.3529411764707,1307.1764705882354,177.29411764705856,98.09999999999991,1538.35,1271.25,142.9000000000001,100.15000000000009,810.0,1248.8,146.54999999999995,92.14285714285711,2991.714285714286,779.0,117.0,110.0,3411.6,885.2,166.20000000000027,145.5,549.75,887.75,117.5,124.0,1873.0,1608.0,120.0,96.33333333333326,2900.3333333333335,751.3333333333334,120.66666666666652,91.0,3154.909090909091,1030.8181818181818,149.0,35.0,3481.8,963.6,38.0
418,101.57142857142856,1130.142857142857,962.5714285714286,127.71428571428578,100.0,3520.235294117647,1309.1176470588234,178.5294117647063,96.40000000000009,1532.9,1269.5,143.5999999999999,101.09999999999991,808.0,1249.2,145.70000000000005,91.57142857142856,2990.8571428571427,780.0,113.0,110.0,3411.4,882.8,168.79999999999973,140.0,550.5,897.5,117.0,125.0,1876.3333333333333,1605.6666666666667,119.66666666666674,96.88888888888891,2900.8888888888887,749.2222222222222,123.77777777777783,91.0,3155.4545454545455,1030.909090909091,149.0,35.0,3485.2,961.4,38.0
419,101.78571428571433,1132.5714285714287,960.7857142857143,125.85714285714266,100.0,3517.1176470588234,1311.0588235294117,179.76470588235316,94.70000000000005,1527.45,1267.75,144.29999999999995,102.05000000000018,806.0,1249.6,144.85000000000002,91.0,2990.0,781.0,109.0,110.0,3411.2,880.4,171.4000000000001,134.5,551.25,907.25,116.5,126.0,1879.6666666666667,1603.3333333333333,119.33333333333326,97.44444444444446,2901.4444444444443,747.1111111111111,126.88888888888914,91.0,3156.0,1031.0,149.0,35.0,3488.6,959.2,38.0
420,102.0,1135.0,959.0,124.0,100.0,3514.0,1313.0,181.0,93.0,1522.0,1266.0,145.0,103.0,804.0,1250.0,144.0,92.25,2978.25,783.25,115.75,110.0,3411.0,878.0,174.0,129.0,552.0,917.0,116.0,127.0,1883.0,1601.0,119.0,98.0,2902.0,745.0,130.0,91.0,3156.4,1033.6,149.0,35.0,3492.0,957.0,38.0
421,102.5,1136.5,958.0,128.0,100.0,3510.85,1315.3,181.0,95.0,1517.7142857142858,1263.142857142857,139.57142857142844,102.0,802.4,1253.9,143.89999999999998,93.5,2966.5,785.5,122.5,110.33333333333326,3411.1666666666665,875.8333333333334,176.0,129.57142857142856,551.1428571428571,920.5714285714286,116.85714285714289,125.46153846153857,1889.076923076923,1600.7692307692307,119.0,98.79999999999995,2904.0,742.6,130.0,91.0,3156.8,1036.2,149.0,35.0,3492.6,954.4,38.0
422,103.0,1138.0,957.0,132.0,100.0,3507.7,1317.6,181.0,97.0,1513.4285714285713,1260.2857142857142,134.14285714285734,101.0,800.8,1257.8,143.80000000000007,94.75,2954.75,787.75,129.25,110.66666666666674,3411.3333333333335,873.6666666666666,178.0,130.1428571428571,550.2857142857143,924.1428571428571,117.71428571428567,123.92307692307713,1895.1538461538462,1600.5384615384614,119.0,99.59999999999991,2906.0,740.2,130.0,91.0,3157.2,1038.8,149.0,35.0,3493.2,951.8,38.0
423,103.5,1139.5,956.0,136.0,100.0,3504.55,1319.9,181.0,99.0,1509.142857142857,1257.4285714285713,128.71428571428578,100.0,799.2,1261.7,143.69999999999993,96.0,2943.0,790.0,136.0,111.0,3411.5,871.5,180.0,130.71428571428567,549.4285714285714,927.7142857142857,118.57142857142856,122.38461538461524,1901.2307692307693,1600.3076923076924,119.0,100.40000000000009,2908.0,737.8,130.0,91.0,3157.6,1041.4,149.0,35.0,3493.8,949.2,38.0
424,104.0,1141.0,955.0,140.0,100.0,3501.4,1322.2,181.0,101.0,1504.857142857143,1254.5714285714287,123.28571428571422,99.0,797.6,1265.6,143.60000000000002,94.28571428571422,2940.8571428571427,792.2857142857143,133.0,111.33333333333326,3411.6666666666665,869.3333333333334,182.0,131.28571428571433,548.5714285714286,931.2857142857143,119.42857142857144,120.84615384615381,1907.3076923076924,1600.076923076923,119.0,101.20000000000005,2910.0,735.4,130.0,91.0,3158.0,1044.0,149.0,35.0,3494.4,946.6,38.0
425,104.5,1142.5,954.0,144.0,100.0,3498.25,1324.5,181.0,103.0,1500.5714285714287,1251.7142857142858,117.85714285714266,98.0,796.0,1269.5,143.5,92.57142857142856,2938.714285714286,794.5714285714286,130.0,111.66666666666674,3411.8333333333335,867.1666666666666,184.0,131.8571428571429,547.7142857142857,934.8571428571429,120.28571428571433,119.30769230769238,1913.3846153846155,1599.8461538461538,119.0,102.0,2912.0,733.0,130.0,91.0,3158.125,1045.0625,149.0,35.0,3495.0,944.0,38.0
426,105.0,1144.0,953.0,148.0,100.0,3495.1,1326.8,181.0,105.0,1496.2857142857142,1248.857142857143,112.42857142857156,97.0,794.4,1273.4,143.39999999999998,90.85714285714278,2936.5714285714284,796.8571428571429,127.0,112.0,3412.0,865.0,186.0,132.42857142857144,546.8571428571429,938.4285714285714,121.14285714285711,117.76923076923094,1919.4615384615386,1599.6153846153845,119.0,102.79999999999995,2914.0,730.6,130.0,91.0,3158.25,1046.125,149.0,35.0,3495.0,939.4,38.0
427,105.5,1145.5,952.0,152.0,100.0,3491.95,1329.1,181.0,107.0,1492.0,1246.0,107.0,96.0,792.8,1277.3,143.30000000000007,89.14285714285722,2934.4285714285716,799.1428571428571,124.0,110.22222222222217,3416.3333333333335,863.3333333333334,183.44444444444434,133.0,546.0,942.0,122.0,116.23076923076906,1925.5384615384614,1599.3846153846155,119.0,103.59999999999991,2916.0,728.2,130.0,91.0,3158.375,1047.1875,149.0,35.0,3495.0,934.8,38.0
428,106.0,1147.0,951.0,156.0,100.0,3488.8,1331.4,181.0,108.60000000000014,1483.4,1245.6,114.79999999999995,95.0,791.2,1281.2,143.19999999999993,87.42857142857144,2932.285714285714,801.4285714285714,121.0,108.44444444444446,3420.6666666666665,861.6666666666666,180.88888888888914,130.84615384615392,545.3076923076923,944.3076923076923,122.76923076923083,114.69230769230762,1931.6153846153845,1599.1538461538462,119.00000000000023,104.40000000000009,2918.0,725.8,130.0,91.0,3158.5,1048.25,149.0,35.0,3495.0,930.2,38.0
429,104.41666666666663,1148.5833333333333,949.9166666666666,154.58333333333348,100.0,3485.65,1333.7,181.0,110.20000000000005,1474.8,1245.2,122.60000000000014,94.0,789.6,1285.1,143.10000000000002,85.71428571428578,2930.1428571428573,803.7142857142857,118.0,106.66666666666663,3425.0,860.0,178.33333333333348,128.69230769230774,544.6153846153846,946.6153846153846,123.53846153846155,113.15384615384619,1937.6923076923076,1598.923076923077,119.0,105.20000000000005,2920.0,723.4,130.0,91.0,3158.625,1049.3125,149.0,35.0,3495.0,925.6,38.0
430,102.83333333333337,1150.1666666666667,948.8333333333334,153.16666666666652,100.0,3482.5,1336.0,181.0,111.79999999999995,1466.2,1244.8,130.39999999999986,93.0,788.0,1289.0,143.0,84.0,2928.0,806.0,115.0,104.8888888888888,3429.3333333333335,858.3333333333334,175.77777777777783,126.53846153846166,543.9230769230769,948.9230769230769,124.30769230769238,111.61538461538476,1943.7692307692307,1598.6923076923076,119.00000000000023,106.0,2922.0,721.0,130.0,91.0,3158.75,1050.375,149.0,35.0,3495.0,921.0,38.0
431,101.25,1151.75,947.75,151.75,100.0,3479.35,1338.3,181.0,113.39999999999986,1457.6,1244.4,138.20000000000005,97.28571428571422,787.5714285714286,1290.142857142857,141.0,85.89999999999998,2918.2,806.4,118.10000000000036,103.1111111111112,3433.6666666666665,856.6666666666666,173.22222222222217,124.38461538461524,543.2307692307693,951.2307692307693,125.07692307692298,110.07692307692287,1949.8461538461538,1598.4615384615386,119.0,106.79999999999995,2924.0,718.6,130.0,91.0,3158.875,1051.4375,149.0,35.0,3496.4,915.0,38.0
432,99.66666666666663,1153.3333333333333,946.6666666666666,150.33333333333348,100.0,3476.2,1340.6,181.0,115.0,1449.0,1244.0,146.0,101.57142857142867,787.1428571428571,1291.2857142857142,139.0,87.80000000000007,2908.4,806.8,121.19999999999982,101.33333333333337,3438.0,855.0,170.66666666666652,122.23076923076917,542.5384615384615,953.5384615384615,125.84615384615381,108.53846153846143,1955.923076923077,1598.2307692307693,119.00000000000023,107.59999999999991,2926.0,716.2,130.0,91.0,3159.0,1052.5,149.0,35.0,3497.8,909.0,38.0
433,98.08333333333337,1154.9166666666667,945.5833333333334,148.91666666666652,100.0,3473.05,1342.9,181.0,112.0,1440.5,1243.5,154.0,105.85714285714289,786.7142857142857,1292.4285714285713,137.0,89.69999999999993,2898.6,807.2,124.30000000000018,99.55555555555554,3442.3333333333335,853.3333333333334,168.11111111111086,120.0769230769231,541.8461538461538,955.8461538461538,126.61538461538464,107.0,1962.0,1598.0,119.0,108.40000000000009,2928.0,713.8,130.0,91.0,3159.125,1053.5625,149.0,35.0,3499.2,903.0,38.0
434,96.5,1156.5,944.5,147.5,100.0,3469.9,1345.2,181.0,109.0,1432.0,1243.0,162.0,110.14285714285711,786.2857142857143,1293.5714285714287,135.0,91.60000000000002,2888.8,807.6,127.39999999999964,97.77777777777783,3446.6666666666665,851.6666666666666,165.55555555555566,117.9230769230769,541.1538461538462,958.1538461538462,127.38461538461536,105.20000000000005,1962.8,1598.8,120.60000000000014,109.20000000000005,2930.0,711.4,130.0,91.0,3159.25,1054.625,149.0,35.0,3500.6,897.0,38.0
435,94.91666666666663,1158.0833333333333,943.4166666666666,146.08333333333348,100.0,3466.75,1347.5,181.0,106.33333333333326,1423.5,1242.5,159.16666666666674,114.42857142857133,785.8571428571429,1294.7142857142858,133.0,93.5,2879.0,808.0,130.5,96.0,3451.0,850.0,163.0,115.76923076923083,540.4615384615385,960.4615384615385,128.1538461538462,103.40000000000009,1963.6,1599.6,122.20000000000027,110.0,2932.0,709.0,130.0,91.0,3159.375,1055.6875,149.0,35.0,3502.0,891.0,38.0
436,93.33333333333337,1159.6666666666667,942.3333333333334,144.66666666666652,100.0,3463.6,1349.8,181.0,103.66666666666674,1415.0,1242.0,156.33333333333326,118.71428571428578,785.4285714285714,1295.857142857143,131.0,95.39999999999998,2869.2,808.4,133.60000000000036,97.60000000000002,3451.8,847.0,165.19999999999982,113.61538461538476,539.7692307692307,962.7692307692307,128.92307692307702,101.59999999999991,1964.4,1600.4,123.79999999999973,110.79999999999995,2934.0,706.6,130.0,91.0,3159.5,1056.75,149.0,35.0,3504.4,884.6,38.0
437,91.75,1161.25,941.25,143.25,100.0,3460.45,1352.1,181.0,101.0,1406.5,1241.5,153.5,123.0,785.0,1297.0,129.0,97.30000000000007,2859.4,808.8,136.69999999999982,99.20000000000005,3452.6,844.0,167.4000000000001,111.46153846153834,539.0769230769231,965.0769230769231,129.69230769230762,99.79999999999995,1965.2,1601.2,125.39999999999986,111.59999999999991,2936.0,704.2,130.0,91.0,3159.625,1057.8125,149.0,35.0,3506.8,878.2,38.0
438,90.16666666666663,1162.8333333333333,940.1666666666666,141.83333333333348,100.0,3457.3,1354.4,181.0,98.33333333333326,1398.0,1241.0,150.66666666666674,121.33333333333348,784.3333333333334,1300.3333333333333,127.0,99.19999999999993,2849.6,809.2,139.80000000000018,100.79999999999995,3453.4,841.0,169.5999999999999,109.30769230769226,538.3846153846154,967.3846153846154,130.46153846153845,98.0,1966.0,1602.0,127.0,112.40000000000009,2938.0,701.8,130.0,91.0,3159.75,1058.875,149.0,35.0,3509.2,871.8,38.0
439,88.58333333333337,1164.4166666666667,939.0833333333334,140.41666666666652,100.0,3454.15,1356.7,181.0,95.66666666666674,1389.5,1240.5,147.83333333333326,119.66666666666652,783.6666666666666,1303.6666666666667,125.0,101.10000000000002,2839.8,809.6,142.89999999999964,102.39999999999998,3454.2,838.0,171.80000000000018,107.15384615384608,537.6923076923077,969.6923076923077,131.23076923076917,100.5,1967.0,1603.0,123.0,113.20000000000005,2940.0,699.4,130.0,91.0,3159.875,1059.9375,149.0,35.0,3511.6,865.4,38.0
440,87.0,1166.0,938.0,139.0,100.0,3451.0,1359.0,181.0,93.0,1381.0,1240.0,145.0,118.0,783.0,1307.0,123.0,103.0,2830.0,810.0,146.0,104.0,3455.0,835.0,174.0,105.0,537.0,972.0,132.0,103.0,1968.0,1604.0,119.0,114.0,2942.0,697.0,130.0,91.0,3160.0,1061.0,149.0,35.0,3514.0,859.0,38.0
441,90.09090909090912,1164.909090909091,933.6363636363636,140.45454545454527,99.57142857142844,3445.4285714285716,1360.7142857142858,182.14285714285688,93.28571428571445,1372.7142857142858,1238.2857142857142,147.0,117.125,782.5,1310.75,123.5625,102.60000000000002,2825.2,812.3,144.60000000000036,100.33333333333326,3455.6666666666665,835.3333333333334,173.0,104.66666666666663,536.0,972.1666666666666,132.66666666666663,104.75,1968.25,1603.5,120.0,112.83333333333326,2941.6666666666665,693.8333333333334,130.66666666666697,91.5,3160.5,1061.75,150.0,35.0,3519.0,853.6,38.0
442,93.18181818181824,1163.8181818181818,929.2727272727273,141.909090909091,99.14285714285734,3439.8571428571427,1362.4285714285713,183.28571428571468,93.57142857142844,1364.4285714285713,1236.5714285714287,149.0,116.25,782.0,1314.5,124.125,102.19999999999993,2820.4,814.6,143.19999999999982,96.66666666666674,3456.3333333333335,835.6666666666666,172.0,104.33333333333337,535.0,972.3333333333334,133.33333333333337,106.5,1968.5,1603.0,121.0,111.66666666666674,2941.3333333333335,690.6666666666666,131.33333333333303,92.0,3161.0,1062.5,151.0,35.0,3524.0,848.2,38.0
443,96.27272727272725,1162.7272727272727,924.9090909090909,143.36363636363626,98.71428571428578,3434.285714285714,1364.142857142857,184.42857142857156,93.85714285714289,1356.142857142857,1234.857142857143,151.0,115.375,781.5,1318.25,124.6875,101.80000000000007,2815.6,816.9,141.80000000000018,93.0,3457.0,836.0,171.0,104.0,534.0,972.5,134.0,108.25,1968.75,1602.5,122.0,110.5,2941.0,687.5,132.0,92.5,3161.5,1063.25,152.0,35.0,3529.0,842.8,38.0
444,99.36363636363637,1161.6363636363637,920.5454545454545,144.81818181818176,98.28571428571422,3428.714285714286,1365.857142857143,185.57142857142844,94.14285714285711,1347.857142857143,1233.142857142857,153.0,114.5,781.0,1322.0,125.25,101.39999999999998,2810.8,819.2,140.39999999999964,97.33333333333337,3456.3333333333335,832.0,175.0,103.66666666666663,533.0,972.6666666666666,134.66666666666663,110.0,1969.0,1602.0,123.0,109.33333333333326,2940.6666666666665,684.3333333333334,132.66666666666697,93.0,3162.0,1064.0,153.0,35.0,3534.0,837.4,38.0
445,102.4545454545455,1160.5454545454545,916.1818181818181,146.27272727272725,97.85714285714266,3423.1428571428573,1367.5714285714287,186.71428571428532,94.42857142857156,1339.5714285714287,1231.4285714285713,155.0,113.625,780.5,1325.75,125.8125,101.0,2806.0,821.5,139.0,101.66666666666663,3455.6666666666665,828.0,179.0,103.33333333333337,532.0,972.8333333333334,135.33333333333337,108.92307692307713,1975.2307692307693,1600.5384615384614,123.99999999999977,108.16666666666674,2940.3333333333335,681.1666666666666,133.33333333333303,93.71428571428578,3159.4285714285716,1064.2857142857142,155.71428571428578,35.0,3539.0,832.0,38.0
446,105.5454545454545,1159.4545454545455,911.8181818181819,147.72727272727275,97.42857142857156,3417.5714285714284,1369.2857142857142,187.85714285714312,94.71428571428555,1331.2857142857142,1229.7142857142858,157.0,112.75,780.0,1329.5,126.375,100.60000000000002,2801.2,823.8,137.60000000000036,106.0,3455.0,824.0,183.0,103.0,531.0,973.0,136.0,107.84615384615381,1981.4615384615386,1599.076923076923,125.0,107.0,2940.0,678.0,134.0,94.42857142857133,3156.8571428571427,1064.5714285714287,158.42857142857156,35.0,3542.8,827.8,38.0
447,108.63636363636363,1158.3636363636363,907.4545454545455,149.18181818181824,97.0,3412.0,1371.0,189.0,95.0,1323.0,1228.0,159.0,111.875,779.5,1333.25,126.9375,100.19999999999993,2796.4,826.1,136.19999999999982,106.79999999999995,3456.0,820.6,184.19999999999982,101.66666666666663,531.7777777777778,973.4444444444445,136.22222222222217,106.76923076923094,1987.6923076923076,1597.6153846153845,126.0,105.78571428571433,2942.0,677.0714285714286,134.71428571428578,95.14285714285711,3154.285714285714,1064.857142857143,161.14285714285734,35.0,3546.6,823.6,38.0
448,111.72727272727275,1157.2727272727273,903.0909090909091,150.63636363636374,96.57142857142844,3406.4285714285716,1372.7142857142858,190.14285714285688,95.23076923076928,1314.6923076923076,1226.2307692307693,158.46153846153857,111.0,779.0,1337.0,127.5,99.80000000000007,2791.6,828.4,134.80000000000018,107.59999999999991,3457.0,817.2,185.4000000000001,100.33333333333326,532.5555555555555,973.8888888888889,136.44444444444446,105.69230769230762,1993.923076923077,1596.1538461538462,127.00000000000023,104.57142857142856,2944.0,676.1428571428571,135.42857142857156,95.85714285714289,3151.714285714286,1065.142857142857,163.85714285714266,35.0,3550.4,819.4,38.0
449,114.81818181818176,1156.1818181818182,898.7272727272727,152.090909090909,96.14285714285734,3400.8571428571427,1374.4285714285713,191.28571428571468,95.46153846153834,1306.3846153846155,1224.4615384615386,157.9230769230769,110.125,778.5,1340.75,128.0625,99.39999999999998,2786.8,830.7,133.39999999999964,108.40000000000009,3458.0,813.8,186.5999999999999,98.99999999999989,533.3333333333334,974.3333333333334,136.66666666666663,104.61538461538476,2000.1538461538462,1594.6923076923076,128.0,103.35714285714289,2946.0,675.2142857142857,136.14285714285734,96.57142857142867,3149.1428571428573,1065.4285714285713,166.57142857142844,35.0,3554.2,815.2,38.0
450,117.90909090909088,1155.090909090909,894.3636363636364,153.54545454545473,95.71428571428578,3395.285714285714,1376.142857142857,192.42857142857156,95.69230769230785,1298.076923076923,1222.6923076923076,157.38461538461547,109.25,778.0,1344.5,128.625,99.0,2782.0,833.0,132.0,109.20000000000005,3459.0,810.4,187.80000000000018,97.66666666666652,534.1111111111111,974.7777777777778,136.8888888888889,103.53846153846143,2006.3846153846155,1593.2307692307693,128.99999999999977,102.14285714285711,2948.0,674.2857142857143,136.85714285714266,97.28571428571422,3146.5714285714284,1065.7142857142858,169.28571428571422,35.0,3558.0,811.0,38.0
451,121.0,1154.0,890.0,155.0,95.28571428571422,3389.714285714286,1377.857142857143,193.57142857142844,95.9230769230769,1289.7692307692307,1220.923076923077,156.8461538461538,108.375,777.5,1348.25,129.1875,98.33333333333337,2772.6666666666665,835.0,135.33333333333348,110.0,3460.0,807.0,189.0,96.33333333333348,534.8888888888889,975.2222222222222,137.1111111111111,102.46153846153857,2012.6153846153845,1591.7692307692307,130.00000000000023,100.92857142857144,2950.0,673.3571428571429,137.57142857142844,98.0,3144.0,1066.0,172.0,35.0,3559.8,808.0,38.0
452,118.0,1153.111111111111,891.8888888888889,154.8888888888889,94.85714285714266,3384.1428571428573,1379.5714285714287,194.71428571428532,96.15384615384619,1281.4615384615386,1219.1538461538462,156.30769230769215,107.5,777.0,1352.0,129.75,97.66666666666663,2763.3333333333335,837.0,138.66666666666652,110.66666666666674,3465.4444444444443,803.2222222222222,185.0,95.00000000000011,535.6666666666666,975.6666666666666,137.33333333333337,101.38461538461524,2018.8461538461538,1590.3076923076924,131.0,99.71428571428567,2952.0,672.4285714285714,138.28571428571422,98.55555555555566,3141.4444444444443,1066.3333333333333,171.66666666666697,35.0,3561.6,805.0,38.0
453,115.0,1152.2222222222222,893.7777777777778,154.77777777777783,94.42857142857156,3378.5714285714284,1381.2857142857142,195.85714285714312,96.38461538461524,1273.1538461538462,1217.3846153846155,155.76923076923072,106.625,776.5,1355.75,130.3125,97.0,2754.0,839.0,142.0,111.33333333333337,3470.8888888888887,799.4444444444445,181.0,93.66666666666674,536.4444444444445,976.1111111111111,137.55555555555554,100.30769230769238,2025.076923076923,1588.8461538461538,131.99999999999977,98.5,2954.0,671.5,139.0,99.11111111111109,3138.8888888888887,1066.6666666666667,171.33333333333348,35.0,3563.4,802.0,38.0
454,112.0,1151.3333333333333,895.6666666666666,154.66666666666674,94.0,3373.0,1383.0,197.0,96.61538461538476,1264.8461538461538,1215.6153846153845,155.23076923076928,105.75,776.0,1359.5,130.875,97.28571428571433,2752.4285714285716,841.0,137.71428571428578,112.0,3476.3333333333335,795.6666666666666,177.0,92.33333333333337,537.2222222222222,976.5555555555555,137.77777777777783,99.23076923076906,2031.3076923076924,1587.3846153846155,133.0,97.28571428571433,2956.0,670.5714285714286,139.71428571428578,99.66666666666674,3136.3333333333335,1067.0,171.0,35.0,3565.2,799.0,38.0
455,109.0,1150.4444444444443,897.5555555555555,154.55555555555566,93.5,3373.1666666666665,1384.8333333333333,192.5,96.84615384615381,1256.5384615384614,1213.8461538461538,154.69230769230785,104.875,775.5,1363.25,131.4375,97.57142857142856,2750.8571428571427,843.0,133.42857142857156,112.66666666666663,3481.777777777778,791.8888888888889,173.0,91.0,538.0,977.0,138.0,98.15384615384619,2037.5384615384614,1585.923076923077,134.0,96.07142857142856,2958.0,669.6428571428571,140.42857142857156,100.2222222222224,3133.777777777778,1067.3333333333333,170.66666666666652,35.0,3567.0,796.0,38.0
456,106.0,1149.5555555555557,899.4444444444445,154.44444444444434,93.0,3373.3333333333335,1386.6666666666667,188.0,97.0769230769231,1248.2307692307693,1212.076923076923,154.1538461538462,104.0,775.0,1367.0,132.0,97.85714285714289,2749.285714285714,845.0,129.14285714285734,113.33333333333337,3487.222222222222,788.1111111111111,169.0,92.0,540.4,976.8,139.80000000000007,97.07692307692287,2043.7692307692307,1584.4615384615386,135.00000000000023,94.85714285714289,2960.0,668.7142857142857,141.14285714285734,100.7777777777776,3131.222222222222,1067.6666666666667,170.33333333333348,35.0,3567.6,793.0,38.0
457,103.0,1148.6666666666667,901.3333333333334,154.33333333333326,92.5,3373.5,1388.5,183.5,97.30769230769215,1239.923076923077,1210.3076923076924,153.61538461538453,100.25,774.5,1373.75,132.5,98.14285714285711,2747.714285714286,847.0,124.85714285714266,114.0,3492.6666666666665,784.3333333333334,165.0,92.99999999999989,542.8,976.6,141.60000000000002,96.0,2050.0,1583.0,136.0,93.64285714285711,2962.0,667.7857142857143,141.85714285714266,101.33333333333326,3128.6666666666665,1068.0,170.0,35.0,3568.2,790.0,38.0
458,100.0,1147.7777777777778,903.2222222222222,154.22222222222217,92.0,3373.6666666666665,1390.3333333333333,179.0,97.53846153846166,1231.6153846153845,1208.5384615384614,153.0769230769231,96.5,774.0,1380.5,133.0,98.42857142857144,2746.1428571428573,849.0,120.57142857142844,114.66666666666663,3498.1111111111113,780.5555555555555,161.0,94.00000000000011,545.2,976.4,143.39999999999998,98.33333333333326,2059.0,1582.6666666666667,137.33333333333348,92.42857142857144,2964.0,666.8571428571429,142.57142857142844,101.88888888888891,3126.1111111111113,1068.3333333333333,169.66666666666652,35.0,3568.8,787.0,38.0
459,97.0,1146.888888888889,905.1111111111111,154.1111111111111,91.5,3373.8333333333335,1392.1666666666667,174.5,97.76923076923072,1223.3076923076924,1206.7692307692307,152.53846153846143,92.75,773.5,1387.25,133.5,98.71428571428567,2744.5714285714284,851.0,116.28571428571422,115.33333333333326,3503.5555555555557,776.7777777777778,157.0,95.0,547.6,976.2,145.19999999999993,100.66666666666674,2068.0,1582.3333333333333,138.66666666666652,91.21428571428567,2966.0,665.9285714285714,143.28571428571422,102.44444444444434,3123.5555555555557,1068.6666666666667,169.33333333333303,35.0,3569.4,784.0,38.0
460,94.0,1146.0,907.0,154.0,91.0,3374.0,1394.0,170.0,98.0,1215.0,1205.0,152.0,89.0,773.0,1394.0,134.0,99.0,2743.0,853.0,112.0,116.0,3509.0,773.0,153.0,96.0,550.0,976.0,147.0,103.0,2077.0,1582.0,140.0,90.0,2968.0,665.0,144.0,103.0,3121.0,1069.0,169.0,35.0,3570.0,781.0,38.0
461,94.79999999999995,1143.75,905.85,154.3499999999999,91.18181818181802,3367.181818181818,1395.1818181818182,171.27272727272748,98.0,1207.0,1203.1333333333334,150.73333333333335,92.625,773.625,1397.75,135.0,101.0,2731.8571428571427,851.7142857142857,116.5714285714289,115.33333333333337,3509.0,773.6666666666666,152.33333333333348,96.11764705882354,552.4705882352941,973.4117647058823,148.17647058823525,103.0,2083.0,1581.25,138.0,90.33333333333337,2969.6666666666665,664.0,144.0,103.0,3119.9,1068.7,167.79999999999973,35.0,3569.8,778.4,38.0
462,95.59999999999991,1141.5,904.7,154.70000000000005,91.36363636363649,3360.3636363636365,1396.3636363636363,172.5454545454545,98.0,1199.0,1201.2666666666667,149.4666666666667,96.25,774.25,1401.5,136.0,103.0,2720.714285714286,850.4285714285714,121.14285714285688,114.66666666666663,3509.0,774.3333333333334,151.66666666666652,96.23529411764696,554.9411764705883,970.8235294117648,149.3529411764705,103.0,2089.0,1580.5,136.0,90.66666666666663,2971.3333333333335,663.0,144.0,103.0,3118.8,1068.4,166.5999999999999,35.0,3569.6,775.8,38.0
463,96.40000000000009,1139.25,903.55,155.04999999999995,91.5454545454545,3353.5454545454545,1397.5454545454545,173.81818181818198,98.0,1191.0,1199.4,148.20000000000005,99.875,774.875,1405.25,137.0,105.0,2709.5714285714284,849.1428571428571,125.71428571428578,114.0,3509.0,775.0,151.0,96.3529411764705,557.4117647058823,968.2352941176471,150.52941176470597,103.0,2095.0,1579.75,134.0,91.0,2973.0,662.0,144.0,103.0,3117.7,1068.1,165.4000000000001,35.0,3569.4,773.2,38.0
464,97.20000000000005,1137.0,902.4,155.4000000000001,91.72727272727275,3346.7272727272725,1398.7272727272727,175.09090909090946,98.0,1183.0,1197.5333333333333,146.9333333333334,103.5,775.5,1409.0,138.0,107.0,2698.4285714285716,847.8571428571429,130.28571428571422,109.42857142857144,3508.5714285714284,772.4285714285714,150.5714285714289,96.47058823529403,559.8823529411765,965.6470588235294,151.70588235294122,103.0,2101.0,1579.0,132.0,91.33333333333337,2974.6666666666665,661.0,144.0,103.0,3116.6,1067.8,164.20000000000027,35.0,3569.2,770.6,38.0
465,98.0,1134.75,901.25,155.75,91.90909090909076,3339.909090909091,1399.909090909091,176.3636363636365,98.0,1175.0,1195.6666666666667,145.66666666666674,107.125,776.125,1412.75,139.0,109.0,2687.285714285714,846.5714285714286,134.85714285714312,104.85714285714278,3508.1428571428573,769.8571428571429,150.14285714285688,96.5882352941178,562.3529411764706,963.0588235294117,152.88235294117646,103.0,2107.0,1578.25,130.0,91.66666666666663,2976.3333333333335,660.0,144.0,103.0,3115.5,1067.5,163.0,35.0,3569.0,768.0,38.0
466,98.79999999999995,1132.5,900.1,156.0999999999999,92.09090909090924,3333.090909090909,1401.090909090909,177.6363636363635,98.0,1167.0,1193.8,144.4000000000001,110.75,776.75,1416.5,140.0,111.0,2676.1428571428573,845.2857142857143,139.4285714285711,100.28571428571422,3507.714285714286,767.2857142857143,149.71428571428578,96.70588235294122,564.8235294117648,960.4705882352941,154.0588235294117,103.0,2113.0,1577.5,128.0,92.0,2978.0,659.0,144.0,103.0,3114.4,1067.2,161.79999999999973,35.0,3568.8,765.0,38.0
467,99.59999999999991,1130.25,898.95,156.45000000000005,92.27272727272725,3326.2727272727275,1402.2727272727273,178.90909090909054,98.0,1159.0,1191.9333333333334,143.1333333333332,114.375,777.375,1420.25,141.0,113.0,2665.0,844.0,144.0,95.71428571428578,3507.285714285714,764.7142857142857,149.28571428571422,96.82352941176475,567.2941176470588,957.8823529411765,155.23529411764707,103.0,2119.0,1576.75,126.0,95.20000000000005,2977.4,655.8,144.0,103.0,3113.3,1066.9,160.5999999999999,35.0,3568.6,762.0,38.0
468,100.40000000000009,1128.0,897.8,156.79999999999995,92.4545454545455,3319.4545454545455,1403.4545454545455,180.18181818181802,98.0,1151.0,1190.0666666666666,141.8666666666668,118.0,778.0,1424.0,142.0,116.0,2663.0,846.6666666666666,138.66666666666652,91.14285714285722,3506.8571428571427,762.1428571428571,148.85714285714312,96.94117647058829,569.7647058823529,955.2941176470588,156.41176470588232,103.0,2125.0,1576.0,124.0,98.39999999999998,2976.8,652.6,144.0,103.0,3112.2,1066.6,159.4000000000001,35.0,3568.4,759.0,38.0
469,101.20000000000005,1125.75,896.65,157.1500000000001,92.63636363636351,3312.6363636363635,1404.6363636363637,181.4545454545455,98.0,1143.0,1188.2,140.5999999999999,122.40000000000009,778.6,1424.0,141.39999999999998,119.0,2661.0,849.3333333333334,133.33333333333348,86.57142857142856,3506.4285714285716,759.5714285714286,148.4285714285711,97.05882352941171,572.2352941176471,952.7058823529412,157.58823529411768,103.0,2128.8333333333335,1574.3333333333333,122.0,101.60000000000002,2976.2,649.4,144.0,103.0,3111.1,1066.3,158.20000000000027,35.0,3568.2,756.0,38.0
470,102.0,1123.5,895.5,157.5,92.81818181818198,3305.818181818182,1405.8181818181818,182.72727272727252,98.0,1135.0,1186.3333333333333,139.33333333333326,126.79999999999995,779.2,1424.0,140.79999999999995,122.0,2659.0,852.0,128.0,82.0,3506.0,757.0,148.0,97.17647058823525,574.7058823529412,950.1176470588235,158.76470588235293,103.0,2132.6666666666665,1572.6666666666667,120.0,104.79999999999995,2975.6,646.2,144.0,103.0,3110.0,1066.0,157.0,35.0,3568.0,753.0,38.0
471,102.79999999999995,1121.25,894.35,157.8499999999999,93.0,3299.0,1407.0,184.0,98.0,1127.0,1184.4666666666667,138.0666666666666,131.20000000000005,779.8,1424.0,140.20000000000005,121.0,2652.1,855.3,132.5,82.75,3505.5,755.0,149.0,97.29411764705878,577.1764705882352,947.5294117647059,159.9411764705883,103.0,2136.5,1571.0,118.0,108.0,2975.0,643.0,144.0,103.0,3108.9,1065.7,155.79999999999973,35.0,3564.8,752.4,38.0
472,103.59999999999991,1119.0,893.2,158.20000000000005,93.22222222222217,3293.6666666666665,1408.111111111111,183.77777777777783,98.0,1119.0,1182.6,136.79999999999995,135.5999999999999,780.4,1424.0,139.60000000000002,120.0,2645.2,858.6,137.0,83.5,3505.0,753.0,150.0,97.4117647058822,579.6470588235294,944.9411764705883,161.11764705882354,103.0,2140.3333333333335,1569.3333333333333,116.0,106.66666666666674,2974.4444444444443,639.6666666666666,144.0,103.0,3107.8,1065.4,154.5999999999999,35.0,3561.6,751.8,38.0
473,104.40000000000009,1116.75,892.05,158.54999999999995,93.44444444444457,3288.3333333333335,1409.2222222222222,183.5555555555552,98.0,1111.0,1180.7333333333333,135.5333333333333,140.0,781.0,1424.0,139.0,119.0,2638.3,861.9,141.5,84.25,3504.5,751.0,151.0,97.52941176470597,582.1176470588235,942.3529411764706,162.29411764705878,103.0,2144.1666666666665,1567.6666666666667,114.0,105.33333333333326,2973.8888888888887,636.3333333333334,144.0,103.0,3106.7,1065.1,153.4000000000001,35.0,3558.4,751.2,38.0
474,105.20000000000005,1114.5,890.9,158.9000000000001,93.66666666666674,3283.0,1410.3333333333333,183.33333333333348,98.0,1103.0,1178.8666666666666,134.26666666666665,132.71428571428578,781.7142857142857,1430.2857142857142,138.28571428571433,118.0,2631.4,865.2,146.0,85.0,3504.0,749.0,152.0,97.6470588235295,584.5882352941177,939.7647058823529,163.47058823529403,103.0,2148.0,1566.0,112.0,104.0,2973.3333333333335,633.0,144.0,103.0,3105.6,1064.8,152.20000000000027,35.0,3555.2,750.6,38.0
475,106.0,1112.25,889.75,159.25,93.88888888888891,3277.6666666666665,1411.4444444444443,183.1111111111113,98.0,1095.0,1177.0,133.0,125.42857142857133,782.4285714285714,1436.5714285714287,137.57142857142856,117.0,2624.5,868.5,150.5,87.40000000000009,3503.4,746.8,148.79999999999973,97.76470588235304,587.0588235294117,937.1764705882352,164.6470588235295,103.0,2149.6666666666665,1566.6666666666667,110.16666666666697,102.66666666666674,2972.777777777778,629.6666666666666,144.0,103.0,3104.5,1064.5,151.0,35.0,3552.0,750.0,38.0
476,106.79999999999995,1110.0,888.6,159.5999999999999,94.11111111111109,3272.3333333333335,1412.5555555555557,182.8888888888887,98.0,1087.0,1175.2,138.20000000000005,118.14285714285711,783.1428571428571,1442.857142857143,136.8571428571429,116.0,2617.6,871.8,155.0,89.79999999999995,3502.8,744.6,145.5999999999999,97.88235294117646,589.5294117647059,934.5882352941177,165.82352941176475,103.0,2151.3333333333335,1567.3333333333333,108.33333333333303,101.33333333333326,2972.222222222222,626.3333333333334,144.0,103.0,3103.4,1064.2,149.79999999999973,35.0,3548.6,749.8,38.0
477,107.59999999999991,1107.75,887.45,159.95000000000005,94.33333333333326,3267.0,1413.6666666666667,182.66666666666652,98.0,1079.0,1173.4,143.4000000000001,110.85714285714289,783.8571428571429,1449.142857142857,136.1428571428571,115.0,2610.7,875.1,159.5,92.20000000000005,3502.2,742.4,142.4000000000001,98.0,592.0,932.0,167.0,103.0,2153.0,1568.0,106.5,100.0,2971.6666666666665,623.0,144.0,103.0,3102.3,1063.9,148.5999999999999,35.0,3545.2,749.6,38.0
478,108.40000000000009,1105.5,886.3,160.29999999999995,94.55555555555543,3261.6666666666665,1414.7777777777778,182.4444444444448,98.0,1071.0,1171.6,148.5999999999999,103.57142857142867,784.5714285714286,1455.4285714285713,135.42857142857144,114.0,2603.8,878.4,164.0,94.59999999999991,3501.6,740.2,139.20000000000027,98.33333333333337,595.3333333333334,928.3333333333334,164.0,103.0,2154.6666666666665,1568.6666666666667,104.66666666666697,98.66666666666674,2971.1111111111113,619.6666666666666,144.0,103.0,3101.2,1063.6,147.4000000000001,35.0,3541.8,749.4,38.0
479,109.20000000000005,1103.25,885.15,160.6500000000001,94.77777777777783,3256.3333333333335,1415.888888888889,182.22222222222217,98.0,1063.0,1169.8,153.79999999999995,96.28571428571422,785.2857142857143,1461.7142857142858,134.71428571428567,113.0,2596.9,881.7,168.5,97.0,3501.0,738.0,136.0,98.66666666666674,598.6666666666666,924.6666666666666,161.0,103.0,2156.3333333333335,1569.3333333333333,102.83333333333303,97.33333333333326,2970.5555555555557,616.3333333333334,144.0,103.0,3100.1,1063.3,146.20000000000027,35.0,3538.4,749.2,38.0
480,110.0,1101.0,884.0,161.0,95.0,3251.0,1417.0,182.0,98.0,1055.0,1168.0,159.0,89.0,786.0,1468.0,134.0,112.0,2590.0,885.0,173.0,90.0,3500.0,736.0,133.0,99.0,602.0,921.0,158.0,103.0,2158.0,1570.0,101.0,96.0,2970.0,613.0,144.0,103.0,3099.0,1063.0,145.0,35.0,3535.0,749.0,38.0
481,108.94999999999993,1101.55,885.95,158.75,95.0,3244.5,1417.5,182.75,97.42857142857133,1049.2857142857142,1165.7142857142858,157.8571428571429,90.63636363636351,785.7272727272727,1469.6363636363637,134.36363636363637,113.30000000000007,2583.6,885.9,172.4000000000001,91.19999999999993,3499.75,734.95,133.0,100.0,603.8181818181819,917.7272727272727,157.45454545454538,101.33333333333326,2153.6666666666665,1570.1666666666667,105.83333333333348,97.5,2967.95,609.65,144.0,102.53846153846166,3096.076923076923,1061.923076923077,144.61538461538476,35.0,3533.4,749.6,38.0
482,107.89999999999998,1102.1,887.9,156.5,95.0,3238.0,1418.0,183.5,96.85714285714289,1043.5714285714287,1163.4285714285713,156.71428571428555,92.27272727272725,785.4545454545455,1471.2727272727273,134.72727272727263,114.60000000000002,2577.2,886.8,171.80000000000018,92.39999999999998,3499.5,733.9,133.0,101.0,605.6363636363636,914.4545454545455,156.90909090909088,99.66666666666674,2149.3333333333335,1570.3333333333333,110.66666666666652,99.0,2965.9,606.3,144.0,102.0769230769231,3093.153846153846,1060.8461538461538,144.23076923076906,35.0,3531.8,750.2,38.0
483,106.85000000000002,1102.65,889.85,154.25,95.0,3231.5,1418.5,184.25,96.28571428571422,1037.857142857143,1161.142857142857,155.57142857142844,93.90909090909076,785.1818181818181,1472.909090909091,135.09090909090912,115.89999999999998,2570.8,887.7,171.19999999999982,93.60000000000002,3499.25,732.85,133.0,102.0,607.4545454545455,911.1818181818181,156.36363636363637,98.0,2145.0,1570.5,115.5,100.5,2963.85,602.95,144.0,101.61538461538476,3090.230769230769,1059.7692307692307,143.8461538461538,35.0,3530.2,750.8,38.0
484,105.80000000000007,1103.2,891.8,152.0,95.0,3225.0,1419.0,185.0,95.71428571428578,1032.142857142857,1158.857142857143,154.42857142857156,95.5454545454545,784.9090909090909,1474.5454545454545,135.4545454545455,117.19999999999993,2564.4,888.6,170.5999999999999,94.80000000000007,3499.0,731.8,133.0,103.0,609.2727272727273,907.9090909090909,155.81818181818187,96.33333333333326,2140.6666666666665,1570.6666666666667,120.33333333333348,102.0,2961.8,599.6,144.0,101.15384615384619,3087.3076923076924,1058.6923076923076,143.46153846153857,35.0,3528.6,751.4,38.0
485,104.75,1103.75,893.75,149.75,95.0,3219.5625,1419.625,184.8125,95.14285714285711,1026.4285714285713,1156.5714285714287,153.28571428571445,97.18181818181802,784.6363636363636,1476.1818181818182,135.81818181818187,118.5,2558.0,889.5,170.0,96.0,3498.75,730.75,133.0,104.0,611.0909090909091,904.6363636363636,155.27272727272725,94.66666666666674,2136.3333333333335,1570.8333333333333,125.16666666666652,103.5,2959.75,596.25,144.0,100.69230769230785,3084.3846153846152,1057.6153846153845,143.07692307692332,35.0,3527.0,752.0,38.0
486,103.69999999999993,1104.3,895.7,147.5,95.0,3214.125,1420.25,184.625,94.57142857142867,1020.7142857142857,1154.2857142857142,152.14285714285722,98.81818181818198,784.3636363636364,1477.8181818181818,136.18181818181813,119.80000000000007,2551.6,890.4,169.4000000000001,97.19999999999993,3498.5,729.7,133.0,105.0,612.9090909090909,901.3636363636364,154.72727272727275,93.0,2132.0,1571.0,130.0,105.0,2957.7,592.9,144.0,100.23076923076928,3081.4615384615386,1056.5384615384614,142.69230769230762,35.0,3528.8,752.6,38.0
487,102.64999999999998,1104.85,897.65,145.25,95.0,3208.6875,1420.875,184.4375,94.0,1015.0,1152.0,151.0,100.4545454545455,784.0909090909091,1479.4545454545455,136.5454545454545,121.10000000000002,2545.2,891.3,168.80000000000018,98.39999999999998,3498.25,728.65,133.0,106.0,614.7272727272727,898.0909090909091,154.18181818181813,95.79999999999995,2132.4,1571.2,130.0,106.5,2955.65,589.55,144.0,99.76923076923072,3078.5384615384614,1055.4615384615386,142.30769230769238,35.0,3530.6,753.2,38.0
488,101.60000000000002,1105.4,899.6,143.0,95.0,3203.25,1421.5,184.25,93.42857142857133,1009.2857142857143,1149.7142857142858,149.85714285714278,102.09090909090924,783.8181818181819,1481.090909090909,136.90909090909088,122.39999999999998,2538.8,892.2,168.19999999999982,99.60000000000002,3498.0,727.6,133.0,107.0,616.5454545454545,894.8181818181819,153.63636363636363,98.59999999999991,2132.8,1571.4,130.0,108.0,2953.6,586.2,144.0,99.30769230769215,3075.6153846153848,1054.3846153846155,141.92307692307668,35.0,3532.4,753.8,38.0
489,100.55000000000007,1105.95,901.55,140.75,95.0,3197.8125,1422.125,184.0625,92.85714285714289,1003.5714285714286,1147.4285714285713,148.71428571428567,103.72727272727275,783.5454545454545,1482.7272727272727,137.27272727272737,123.69999999999993,2532.4,893.1,167.5999999999999,100.80000000000007,3497.75,726.55,133.0,108.0,618.3636363636364,891.5454545454545,153.09090909090912,101.40000000000009,2133.2,1571.6,130.0,109.5,2951.55,582.85,144.0,98.84615384615381,3072.6923076923076,1053.3076923076924,141.53846153846143,35.0,3534.2,754.4,38.0
490,99.5,1106.5,903.5,138.5,95.0,3192.375,1422.75,183.875,92.28571428571422,997.8571428571429,1145.142857142857,147.57142857142844,105.36363636363649,783.2727272727273,1484.3636363636363,137.63636363636363,125.0,2526.0,894.0,167.0,102.0,3497.5,725.5,133.0,109.0,620.1818181818181,888.2727272727273,152.54545454545462,104.20000000000005,2133.6,1571.8,130.0,111.0,2949.5,579.5,144.0,98.38461538461524,3069.769230769231,1052.2307692307693,141.1538461538462,35.0,3536.0,755.0,38.0
491,98.44999999999993,1107.05,905.45,136.25,95.0,3186.9375,1423.375,183.6875,91.71428571428578,992.1428571428571,1142.857142857143,146.42857142857156,107.0,783.0,1486.0,138.0,124.20000000000005,2521.9,895.8,163.29999999999973,103.19999999999993,3497.25,724.45,133.0,110.0,622.0,885.0,152.0,107.0,2134.0,1572.0,130.0,112.5,2947.45,576.15,144.0,97.9230769230769,3066.846153846154,1051.1538461538462,140.76923076923094,35.0,3535.2,753.6,38.0
492,97.39999999999998,1107.6,907.4,134.0,95.0,3181.5,1424.0,183.5,91.14285714285711,986.4285714285714,1140.5714285714287,145.28571428571433,105.55555555555543,782.7777777777778,1490.7777777777778,138.22222222222217,123.39999999999998,2517.8,897.6,159.5999999999999,104.39999999999998,3497.0,723.4,133.0,112.66666666666674,624.0,881.6666666666666,151.33333333333337,107.66666666666674,2138.0,1572.0,125.33333333333348,114.0,2945.4,572.8,144.0,97.46153846153834,3063.923076923077,1050.076923076923,140.38461538461524,35.0,3534.4,752.2,38.0
493,96.35000000000002,1108.15,909.35,131.75,95.0,3176.0625,1424.625,183.3125,90.57142857142867,980.7142857142857,1138.2857142857142,144.14285714285722,104.11111111111109,782.5555555555555,1495.5555555555557,138.44444444444446,122.60000000000002,2513.7,899.4,155.9000000000001,105.60000000000002,3496.75,722.35,133.0,115.33333333333326,626.0,878.3333333333334,150.66666666666663,108.33333333333326,2142.0,1572.0,120.66666666666652,115.5,2943.35,569.45,144.0,97.0,3061.0,1049.0,140.0,35.0,3533.6,750.8,38.0
494,95.30000000000007,1108.7,911.3,129.5,95.0,3170.625,1425.25,183.125,90.0,975.0,1136.0,143.0,102.66666666666674,782.3333333333334,1500.3333333333333,138.66666666666663,121.79999999999995,2509.6,901.2,152.20000000000027,106.80000000000007,3496.5,721.3,133.0,118.0,628.0,875.0,150.0,109.0,2146.0,1572.0,116.0,117.0,2941.3,566.1,144.0,96.57142857142844,3054.0,1049.5714285714287,143.42857142857156,35.0,3532.8,749.4,38.0
495,94.25,1109.25,913.25,127.25,95.0,3165.1875,1425.875,182.9375,89.0,969.3333333333334,1133.6666666666667,140.83333333333337,101.22222222222217,782.1111111111111,1505.111111111111,138.8888888888889,121.0,2505.5,903.0,148.5,108.0,3496.25,720.25,133.0,114.66666666666663,629.8333333333334,871.8333333333334,149.33333333333326,109.33333333333348,2145.6666666666665,1572.8333333333333,111.33333333333348,118.5,2939.25,562.75,144.0,96.14285714285711,3047.0,1050.142857142857,146.85714285714266,35.0,3532.0,748.0,38.0
496,93.19999999999993,1109.8,915.2,125.0,95.0,3159.75,1426.5,182.75,88.0,963.6666666666666,1131.3333333333333,138.66666666666663,99.77777777777783,781.8888888888889,1509.888888888889,139.1111111111111,120.20000000000005,2501.4,904.8,144.79999999999973,109.19999999999993,3496.0,719.2,133.0,111.33333333333337,631.6666666666666,868.6666666666666,148.66666666666674,109.66666666666652,2145.3333333333335,1573.6666666666667,106.66666666666652,120.0,2937.2,559.4,144.0,95.71428571428555,3040.0,1050.7142857142858,150.28571428571422,35.0,3531.8,745.0,38.0
497,92.14999999999998,1110.35,917.15,122.75,95.0,3154.3125,1427.125,182.5625,87.0,958.0,1129.0,136.5,98.33333333333326,781.6666666666666,1514.6666666666667,139.33333333333337,119.39999999999998,2497.3,906.6,141.0999999999999,110.39999999999998,3495.75,718.15,133.0,108.0,633.5,865.5,148.0,110.0,2145.0,1574.5,102.0,121.5,2935.15,556.05,144.0,95.28571428571445,3033.0,1051.2857142857142,153.71428571428578,35.0,3531.6,742.0,38.0
498,91.10000000000002,1110.9,919.1,120.5,95.0,3148.875,1427.75,182.375,86.0,952.3333333333334,1126.6666666666667,134.33333333333337,96.88888888888891,781.4444444444445,1519.4444444444443,139.55555555555554,118.60000000000002,2493.2,908.4,137.4000000000001,111.60000000000002,3495.5,717.1,133.0,104.66666666666663,635.3333333333334,862.3333333333334,147.33333333333326,110.33333333333348,2144.6666666666665,1575.3333333333333,97.33333333333348,123.0,2933.1,552.7,144.0,94.85714285714289,3026.0,1051.857142857143,157.14285714285734,35.0,3531.4,739.0,38.0
499,90.05000000000007,1111.45,921.05,118.25,95.0,3143.4375,1428.375,182.1875,85.0,946.6666666666666,1124.3333333333333,132.16666666666663,95.44444444444457,781.2222222222222,1524.2222222222222,139.77777777777783,117.79999999999995,2489.1,910.2,133.70000000000027,112.80000000000007,3495.25,716.05,133.0,101.33333333333337,637.1666666666666,859.1666666666666,146.66666666666674,110.66666666666652,2144.3333333333335,1576.1666666666667,92.66666666666652,124.5,2931.05,549.35,144.0,94.42857142857156,3019.0,1052.4285714285713,160.57142857142844,35.0,3531.2,736.0,38.0
500,89.0,1112.0,923.0,116.0,95.0,3138.0,1429.0,182.0,84.0,941.0,1122.0,130.0,94.0,781.0,1529.0,140.0,117.0,2485.0,912.0,130.0,114.0,3495.0,715.0,133.0,98.0,639.0,856.0,146.0,111.0,2144.0,1577.0,88.0,126.0,2929.0,546.0,144.0,94.0,3012.0,1053.0,164.0,35.0,3531.0,733.0,38.0
501,91.53846153846155,1111.923076923077,924.9230769230769,116.0769230769231,95.0,3132.0,1429.6363636363637,181.18181818181802,84.0,937.8,1120.2,133.60000000000014,97.40000000000009,781.0,1529.8,141.0,114.42857142857144,2477.0,913.7142857142857,130.14285714285734,115.0,3495.0,714.0,134.0,95.25,642.0,853.0,152.5,109.72727272727275,2137.6363636363635,1579.0,91.36363636363649,122.66666666666663,2923.6666666666665,540.8333333333334,145.0,94.0,3010.266666666667,1053.9333333333334,161.79999999999973,35.0,3531.75,728.75,38.0
502,94.0769230769231,1111.8461538461538,926.8461538461538,116.15384615384619,95.0,3126.0,1430.2727272727273,180.3636363636365,84.0,934.6,1118.4,137.19999999999993,100.80000000000018,781.0,1530.6,142.0,111.85714285714278,2469.0,915.4285714285714,130.28571428571422,116.0,3495.0,713.0,135.0,92.5,645.0,850.0,159.0,108.4545454545455,2131.2727272727275,1581.0,94.72727272727252,119.33333333333337,2918.3333333333335,535.6666666666666,146.0,94.0,3008.5333333333333,1054.8666666666666,159.5999999999999,35.0,3532.5,724.5,38.0
503,96.61538461538476,1111.7692307692307,928.7692307692307,116.23076923076928,95.0,3120.0,1430.909090909091,179.5454545454545,84.0,931.4,1116.6,140.80000000000007,104.19999999999982,781.0,1531.4,143.0,109.28571428571422,2461.0,917.1428571428571,130.42857142857156,117.0,3495.0,712.0,136.0,89.75,648.0,847.0,165.5,107.18181818181824,2124.909090909091,1583.0,98.09090909090901,116.0,2913.0,530.5,147.0,94.0,3006.8,1055.8,157.39999999999964,35.0,3533.25,720.25,38.0
504,99.15384615384608,1111.6923076923076,930.6923076923077,116.30769230769238,95.0,3114.0,1431.5454545454545,178.72727272727252,84.0,928.2,1114.8,144.39999999999986,107.59999999999991,781.0,1532.2,144.0,106.71428571428578,2453.0,918.8571428571429,130.57142857142844,115.66666666666663,3490.3333333333335,708.8333333333334,141.0,87.0,651.0,844.0,172.0,105.90909090909099,2118.5454545454545,1585.0,101.4545454545455,112.66666666666663,2907.6666666666665,525.3333333333334,148.0,94.0,3005.0666666666666,1056.7333333333333,155.20000000000027,35.0,3534.0,716.0,38.0
505,101.69230769230774,1111.6153846153845,932.6153846153846,116.38461538461547,95.0,3108.0,1432.1818181818182,177.909090909091,84.0,925.0,1113.0,148.0,111.0,781.0,1533.0,145.0,104.14285714285722,2445.0,920.5714285714286,130.71428571428578,114.33333333333337,3485.6666666666665,705.6666666666666,146.0,88.0,654.0,841.0,171.66666666666663,104.63636363636374,2112.181818181818,1587.0,104.81818181818198,109.33333333333337,2902.3333333333335,520.1666666666666,149.0,94.0,3003.3333333333335,1057.6666666666667,153.0,35.0,3530.0,704.0,38.0
506,104.23076923076917,1111.5384615384614,934.5384615384615,116.46153846153857,95.0,3102.0,1432.8181818181818,177.090909090909,86.5,920.6666666666666,1110.5,149.33333333333337,109.13333333333321,780.6666666666666,1535.4,145.53333333333342,101.57142857142856,2437.0,922.2857142857143,130.85714285714266,113.0,3481.0,702.5,151.0,89.0,657.0,838.0,171.33333333333337,103.36363636363626,2105.818181818182,1589.0,108.18181818181802,106.0,2897.0,515.0,150.0,94.0,3001.6,1058.6,150.80000000000018,35.0,3514.6666666666665,697.6666666666666,38.0
507,106.76923076923083,1111.4615384615386,936.4615384615385,116.53846153846143,95.0,3096.0,1433.4545454545455,176.27272727272748,89.0,916.3333333333334,1108.0,150.66666666666663,107.26666666666665,780.3333333333334,1537.8,146.0666666666666,99.0,2429.0,924.0,131.0,111.66666666666663,3476.3333333333335,699.3333333333334,156.0,90.0,660.0,835.0,171.0,102.09090909090901,2099.4545454545455,1591.0,111.5454545454545,105.64285714285711,2893.3571428571427,512.5714285714286,149.5714285714289,94.0,2999.866666666667,1059.5333333333333,148.5999999999999,35.0,3499.3333333333335,691.3333333333334,38.0
508,109.30769230769226,1111.3846153846155,938.3846153846154,116.61538461538453,95.0,3090.0,1434.090909090909,175.4545454545455,91.5,912.0,1105.5,152.0,105.39999999999986,780.0,1540.2,146.60000000000002,99.5,2424.875,924.875,127.5,110.33333333333337,3471.6666666666665,696.1666666666666,161.0,91.0,663.0,832.0,170.66666666666663,100.81818181818176,2093.090909090909,1593.0,114.90909090909099,105.28571428571428,2889.714285714286,510.14285714285717,149.14285714285688,94.0,2998.133333333333,1060.4666666666667,146.4000000000001,35.0,3484.0,685.0,38.0
509,111.84615384615392,1111.3076923076924,940.3076923076923,116.69230769230762,95.0,3084.0,1434.7272727272727,174.6363636363635,94.0,907.6666666666666,1103.0,153.33333333333337,103.53333333333353,779.6666666666666,1542.6,147.13333333333333,100.0,2420.75,925.75,124.0,109.0,3467.0,693.0,166.0,92.0,666.0,829.0,170.33333333333337,99.5454545454545,2086.7272727272725,1595.0,118.27272727272748,104.92857142857139,2886.0714285714284,507.7142857142857,148.71428571428578,94.0,2996.4,1061.4,144.19999999999982,35.0,3464.0,678.5,38.0
510,114.38461538461524,1111.2307692307693,942.2307692307693,116.76923076923072,95.0,3078.0,1435.3636363636363,173.81818181818198,96.5,903.3333333333334,1100.5,154.66666666666663,101.66666666666674,779.3333333333334,1545.0,147.66666666666663,100.5,2416.625,926.625,120.5,106.0,3457.0,693.25,171.75,93.0,669.0,826.0,170.0,98.27272727272725,2080.3636363636365,1597.0,121.63636363636351,104.57142857142861,2882.4285714285716,505.2857142857143,148.28571428571422,94.0,2994.6666666666665,1062.3333333333333,142.0,35.0,3444.0,672.0,38.0
511,116.9230769230769,1111.1538461538462,944.1538461538462,116.84615384615381,95.0,3072.0,1436.0,173.0,99.0,899.0,1098.0,156.0,99.79999999999995,779.0,1547.4,148.20000000000005,101.0,2412.5,927.5,117.0,103.0,3447.0,693.5,177.5,92.60000000000002,671.9,823.0,166.80000000000007,97.0,2074.0,1599.0,125.0,104.21428571428572,2878.785714285714,502.85714285714283,147.85714285714312,94.0,2992.9333333333334,1063.2666666666667,139.79999999999973,35.0,3420.6,667.0,38.0
512,119.46153846153834,1111.076923076923,946.0769230769231,116.9230769230769,95.0,3066.0,1435.5,173.0,99.7777777777776,894.5555555555555,1095.5555555555557,153.1111111111112,97.9333333333334,778.6666666666666,1549.8,148.73333333333335,101.5,2408.375,928.375,113.5,100.0,3437.0,693.75,183.25,92.20000000000005,674.8,820.0,163.60000000000002,97.33333333333326,2071.6666666666665,1599.0,128.0,103.85714285714289,2875.1428571428573,500.42857142857144,147.4285714285711,94.0,2991.2,1064.2,137.60000000000036,35.0,3397.2,662.0,38.0
513,122.0,1111.0,948.0,117.0,95.0,3060.0,1435.0,173.0,100.55555555555566,890.1111111111111,1093.111111111111,150.22222222222217,96.0666666666666,778.3333333333334,1552.2,149.26666666666665,102.0,2404.25,929.25,110.0,97.0,3427.0,694.0,189.0,91.79999999999995,677.7,817.0,160.39999999999998,97.66666666666674,2069.3333333333335,1599.0,131.0,103.5,2871.5,498.0,147.0,94.0,2989.4666666666667,1065.1333333333334,135.4000000000001,35.0,3373.8,657.0,38.0
514,119.28571428571422,1110.857142857143,949.8571428571429,117.14285714285711,95.0,3058.1428571428573,1434.4285714285713,168.71428571428532,101.33333333333326,885.6666666666666,1090.6666666666667,147.33333333333337,94.20000000000005,778.0,1554.6,149.79999999999995,102.5,2400.125,930.125,106.5,96.57142857142856,3425.5714285714284,694.1428571428571,186.14285714285734,91.39999999999998,680.6,814.0,157.19999999999993,98.0,2067.0,1599.0,134.0,103.14285714285711,2867.8571428571427,495.57142857142856,146.5714285714289,94.0,2987.733333333333,1066.0666666666666,133.20000000000027,35.0,3350.4,652.0,38.0
515,116.57142857142856,1110.7142857142858,951.7142857142857,117.28571428571422,95.0,3056.285714285714,1433.857142857143,164.42857142857156,102.11111111111109,881.2222222222222,1088.2222222222222,144.44444444444457,92.33333333333326,777.6666666666666,1557.0,150.33333333333337,103.0,2396.0,931.0,103.0,96.14285714285711,3424.1428571428573,694.2857142857143,183.28571428571422,91.0,683.5,811.0,154.0,98.16666666666674,2064.6666666666665,1599.0,129.33333333333348,102.78571428571428,2864.214285714286,493.14285714285717,146.14285714285688,94.0,2986.0,1067.0,131.0,35.0,3327.0,647.0,38.0
516,113.85714285714278,1110.5714285714287,953.5714285714286,117.42857142857133,95.0,3054.4285714285716,1433.2857142857142,160.14285714285688,102.88888888888891,876.7777777777778,1085.7777777777778,141.55555555555554,90.46666666666647,777.3333333333334,1559.4,150.86666666666667,103.0,2374.5,932.0,116.5,95.71428571428567,3422.714285714286,694.4285714285714,180.42857142857156,90.60000000000002,686.4,808.0,150.80000000000007,98.33333333333326,2062.3333333333335,1599.0,124.66666666666652,102.42857142857139,2860.5714285714284,490.7142857142857,145.71428571428578,94.0,2974.4,1068.2,137.4000000000001,35.0,3301.0,643.0,38.0
517,111.14285714285722,1110.4285714285713,955.4285714285714,117.57142857142867,95.0,3052.5714285714284,1432.7142857142858,155.85714285714312,103.66666666666674,872.3333333333334,1083.3333333333333,138.66666666666663,88.60000000000014,777.0,1561.8,151.39999999999998,103.0,2353.0,933.0,130.0,95.28571428571433,3421.285714285714,694.5714285714286,177.57142857142844,90.20000000000005,689.3,805.0,147.60000000000002,98.5,2060.0,1599.0,120.0,102.07142857142861,2856.9285714285716,488.2857142857143,145.28571428571422,94.0,2962.8,1069.4,143.79999999999973,35.0,3275.0,639.0,38.0
518,108.42857142857144,1110.2857142857142,957.2857142857143,117.71428571428578,95.0,3050.714285714286,1432.142857142857,151.57142857142844,104.44444444444434,867.8888888888889,1080.888888888889,135.77777777777771,86.73333333333335,776.6666666666666,1564.2,151.9333333333334,107.99999999999989,2347.3333333333335,929.3333333333334,133.0,94.85714285714289,3419.8571428571427,694.7142857142857,174.71428571428578,89.79999999999995,692.2,802.0,144.39999999999998,98.66666666666674,2057.6666666666665,1599.0,115.33333333333348,101.71428571428572,2853.285714285714,485.85714285714283,144.85714285714312,94.0,2951.2,1070.6,150.20000000000027,35.0,3249.0,635.0,38.0
519,105.71428571428578,1110.142857142857,959.1428571428571,117.85714285714289,95.0,3048.8571428571427,1431.5714285714287,147.28571428571468,105.2222222222224,863.4444444444445,1078.4444444444443,132.8888888888889,84.86666666666679,776.3333333333334,1566.6,152.46666666666658,113.00000000000011,2341.6666666666665,925.6666666666666,136.0,94.42857142857144,3418.4285714285716,694.8571428571429,171.85714285714266,89.39999999999998,695.1,799.0,141.19999999999993,98.83333333333326,2055.3333333333335,1599.0,110.66666666666652,101.35714285714289,2849.6428571428573,483.42857142857144,144.4285714285711,94.0,2939.6,1071.8,156.5999999999999,35.0,3223.0,631.0,38.0
520,103.0,1110.0,961.0,118.0,95.0,3047.0,1431.0,143.0,106.0,859.0,1076.0,130.0,83.0,776.0,1569.0,153.0,118.0,2336.0,922.0,139.0,94.0,3417.0,695.0,169.0,89.0,698.0,796.0,138.0,99.0,2053.0,1599.0,106.0,101.0,2846.0,481.0,144.0,94.0,2928.0,1073.0,163.0,35.0,3197.0,627.0,38.0
521,102.80000000000007,1111.15,964.15,118.64999999999986,95.0,3036.8333333333335,1431.3333333333333,147.0,105.75,855.75,1076.25,134.75,84.09090909090924,774.7272727272727,1569.090909090909,154.36363636363637,116.5,2335.0,923.25,132.0,94.0,3409.222222222222,695.6666666666666,171.55555555555566,89.0,700.8,794.6,142.20000000000005,99.40000000000009,2046.9,1600.1,108.19999999999982,101.25,2836.5,479.75,151.75,94.0,2923.95,1074.5,162.45000000000027,35.0,3170.0,624.4,38.0
522,102.60000000000014,1112.3,967.3,119.29999999999995,95.0,3026.6666666666665,1431.6666666666667,151.0,105.5,852.5,1076.5,139.5,85.18181818181802,773.4545454545455,1569.1818181818182,155.72727272727263,115.0,2334.0,924.5,125.0,94.0,3401.4444444444443,696.3333333333334,174.1111111111113,89.0,703.6,793.2,146.39999999999998,99.79999999999995,2040.8,1601.2,110.39999999999986,101.5,2827.0,478.5,159.5,94.0,2919.9,1076.0,161.9000000000001,35.0,3143.0,621.8,38.0
523,102.39999999999986,1113.45,970.45,119.95000000000005,95.0,3016.5,1432.0,155.0,105.25,849.25,1076.75,144.25,86.27272727272725,772.1818181818181,1569.2727272727273,157.09090909090912,113.5,2333.0,925.75,118.0,94.0,3393.6666666666665,697.0,176.66666666666697,89.0,706.4,791.8,150.60000000000002,100.20000000000005,2034.7,1602.3,112.60000000000014,101.75,2817.5,477.25,167.25,94.0,2915.85,1077.5,161.3499999999999,35.0,3116.0,619.2,38.0
524,102.19999999999993,1114.6,973.6,120.60000000000014,95.0,3006.3333333333335,1432.3333333333333,159.0,105.0,846.0,1077.0,149.0,87.36363636363649,770.9090909090909,1569.3636363636363,158.4545454545455,112.0,2332.0,927.0,111.0,94.0,3385.8888888888887,697.6666666666666,179.22222222222263,89.0,709.2,790.4,154.79999999999995,100.59999999999991,2028.6,1603.4,114.80000000000018,102.0,2808.0,476.0,175.0,94.0,2911.8,1079.0,160.79999999999973,35.0,3089.0,616.6,38.0
525,102.0,1115.75,976.75,121.25,95.0,2996.1666666666665,1432.6666666666667,163.0,104.25,842.8125,1077.375,147.8125,88.4545454545455,769.6363636363636,1569.4545454545455,159.81818181818187,110.50000000000011,2323.0,930.6666666666666,111.0,94.0,3378.1111111111113,698.3333333333334,181.77777777777737,89.0,712.0,789.0,159.0,101.0,2022.5,1604.5,117.0,102.22222222222223,2805.8888888888887,473.77777777777777,174.77777777777783,94.0,2907.75,1080.5,160.25,35.0,3062.0,614.0,38.0
526,101.80000000000007,1116.9,979.9,121.89999999999986,95.0,2986.0,1433.0,167.0,103.5,839.625,1077.75,146.625,89.5454545454545,768.3636363636364,1569.5454545454545,161.18181818181813,108.99999999999989,2314.0,934.3333333333334,111.0,94.0,3370.3333333333335,699.0,184.33333333333303,89.60000000000002,715.0,787.0,157.79999999999995,101.40000000000009,2016.4,1605.6,119.19999999999982,102.44444444444446,2803.777777777778,471.55555555555554,174.55555555555566,94.0,2903.7,1082.0,159.70000000000027,35.0,3057.4,607.4,38.0
527,101.60000000000014,1118.05,983.05,122.54999999999995,95.07142857142844,2980.0,1433.357142857143,166.78571428571422,102.75,836.4375,1078.125,145.4375,90.63636363636351,767.0909090909091,1569.6363636363637,162.5454545454545,107.5,2305.0,938.0,111.0,94.0,3362.5555555555557,699.6666666666666,186.8888888888887,90.20000000000005,718.0,785.0,156.60000000000002,101.79999999999995,2010.3,1606.7,121.39999999999986,102.66666666666669,2801.6666666666665,469.3333333333333,174.33333333333348,94.0,2899.65,1083.5,159.1500000000001,35.0,3052.8,600.8,38.0
528,101.39999999999986,1119.2,986.2,123.20000000000005,95.14285714285711,2974.0,1433.7142857142858,166.57142857142844,102.0,833.25,1078.5,144.25,91.72727272727275,765.8181818181819,1569.7272727272727,163.90909090909088,106.00000000000011,2296.0,941.6666666666666,111.0,94.0,3354.777777777778,700.3333333333334,189.44444444444434,90.79999999999995,721.0,783.0,155.39999999999998,102.20000000000005,2004.2,1607.8,123.60000000000014,102.88888888888891,2799.5555555555557,467.1111111111111,174.11111111111086,94.0,2895.6,1085.0,158.5999999999999,35.0,3048.2,594.2,38.0
529,101.19999999999993,1120.35,989.35,123.85000000000014,95.21428571428555,2968.0,1434.0714285714287,166.35714285714266,101.25,830.0625,1078.875,143.0625,92.81818181818198,764.5454545454545,1569.8181818181818,165.27272727272737,104.49999999999989,2287.0,945.3333333333334,111.0,94.0,3347.0,701.0,192.0,91.39999999999998,724.0,781.0,154.20000000000005,102.59999999999991,1998.1,1608.9,125.80000000000018,103.11111111111109,2797.4444444444443,464.8888888888889,173.88888888888914,94.0,2891.55,1086.5,158.04999999999973,35.0,3043.6,587.6,38.0
530,101.0,1121.5,992.5,124.5,95.28571428571445,2962.0,1434.4285714285713,166.14285714285734,100.5,826.875,1079.25,141.875,93.90909090909076,763.2727272727273,1569.909090909091,166.63636363636363,103.0,2278.0,949.0,111.0,94.0,3342.6666666666665,702.0,188.66666666666697,92.0,727.0,779.0,153.0,103.0,1992.0,1610.0,128.0,103.33333333333331,2795.3333333333335,462.6666666666667,173.66666666666652,94.0,2887.5,1088.0,157.5,35.0,3039.0,581.0,38.0
531,100.80000000000007,1122.65,995.65,125.14999999999986,95.35714285714289,2956.0,1434.7857142857142,165.92857142857156,99.75,823.6875,1079.625,140.6875,95.0,762.0,1570.0,168.0,102.66666666666674,2269.0,951.0,121.0,94.0,3338.3333333333335,703.0,185.33333333333303,91.5,730.0,777.4,152.20000000000005,103.40000000000009,1991.2,1609.8,122.99999999999977,103.55555555555554,2793.222222222222,460.44444444444446,173.44444444444434,94.0,2883.45,1089.5,156.95000000000027,35.0,3032.8,575.6,38.0
532,100.60000000000014,1123.8,998.8,125.79999999999995,95.42857142857156,2950.0,1435.142857142857,165.71428571428578,99.0,820.5,1080.0,139.5,97.66666666666674,760.4444444444445,1567.888888888889,166.33333333333337,102.33333333333326,2260.0,953.0,131.0,94.0,3334.0,704.0,182.0,91.0,733.0,775.8,151.39999999999998,103.80000000000018,1990.4,1609.6,118.0,103.77777777777777,2791.1111111111113,458.22222222222223,173.22222222222217,94.0,2879.4,1091.0,156.4000000000001,35.0,3026.6,570.2,38.0
533,100.39999999999986,1124.95,1001.95,126.45000000000005,95.5,2944.0,1435.5,165.5,98.25,817.3125,1080.375,138.3125,100.33333333333326,758.8888888888889,1565.7777777777778,164.66666666666663,102.0,2251.0,955.0,141.0,93.875,3332.25,704.625,178.5,90.5,736.0,774.2,150.60000000000002,104.19999999999982,1989.6,1609.4,113.0,104.0,2789.0,456.0,173.0,94.0,2875.35,1092.5,155.8499999999999,35.0,3020.4,564.8,38.0
534,100.19999999999993,1126.1,1005.1,127.10000000000014,95.57142857142844,2938.0,1435.857142857143,165.28571428571422,97.5,814.125,1080.75,137.125,103.0,757.3333333333334,1563.6666666666667,163.0,101.85714285714278,2249.4285714285716,956.4285714285714,132.4285714285711,93.75,3330.5,705.25,175.0,90.0,739.0,772.6,149.79999999999995,104.59999999999991,1988.8,1609.2,108.00000000000023,104.25,2782.0,455.75,179.0,94.0,2871.3,1094.0,155.29999999999973,35.0,3014.2,559.4,38.0
535,100.0,1127.25,1008.25,127.75,95.64285714285711,2932.0,1436.2142857142858,165.07142857142844,96.75,810.9375,1081.125,135.9375,105.66666666666652,755.7777777777778,1561.5555555555557,161.33333333333326,101.71428571428578,2247.8571428571427,957.8571428571429,123.85714285714312,93.625,3328.75,705.875,171.5,89.5,742.0,771.0,149.0,105.0,1988.0,1609.0,103.0,104.5,2775.0,455.5,185.0,94.0,2867.25,1095.5,154.75,35.0,3008.0,554.0,38.0
536,99.80000000000007,1128.4,1011.4,128.39999999999986,95.71428571428555,2926.0,1436.5714285714287,164.85714285714266,96.0,807.75,1081.5,134.75,108.33333333333348,754.2222222222222,1559.4444444444443,159.66666666666674,101.57142857142856,2246.285714285714,959.2857142857143,115.28571428571422,93.5,3327.0,706.5,168.0,89.0,745.0,769.4,148.20000000000005,105.59999999999991,1983.2,1609.4,97.99999999999977,104.75,2768.0,455.25,191.0,94.0,2863.2,1097.0,154.20000000000027,35.0,2998.6,549.6,38.0
537,99.60000000000014,1129.55,1014.55,129.04999999999995,95.78571428571445,2920.0,1436.9285714285713,164.64285714285734,95.25,804.5625,1081.875,133.5625,111.0,752.6666666666666,1557.3333333333333,158.0,101.42857142857144,2244.714285714286,960.7142857142857,106.71428571428578,93.375,3325.25,707.125,164.5,88.5,748.0,767.8,147.39999999999998,106.20000000000005,1978.4,1609.8,93.0,105.0,2761.0,455.0,197.0,94.0,2859.15,1098.5,153.6500000000001,35.0,2989.2,545.2,38.0
538,99.39999999999986,1130.7,1017.7,129.70000000000005,95.85714285714289,2914.0,1437.2857142857142,164.42857142857156,94.5,801.375,1082.25,132.375,113.66666666666674,751.1111111111111,1555.2222222222222,156.33333333333337,101.28571428571422,2243.1428571428573,962.1428571428571,98.14285714285688,93.25,3323.5,707.75,161.0,88.0,751.0,766.2,146.60000000000002,106.79999999999995,1973.6,1610.2,88.0,105.33333333333331,2760.0,454.6666666666667,197.0,94.0,2855.1,1100.0,153.0999999999999,35.0,2979.8,540.8,38.0
539,99.19999999999993,1131.85,1020.85,130.35000000000014,95.92857142857156,2908.0,1437.642857142857,164.21428571428578,93.75,798.1875,1082.625,131.1875,116.33333333333326,749.5555555555555,1553.111111111111,154.66666666666663,101.14285714285722,2241.5714285714284,963.5714285714286,89.5714285714289,93.125,3321.75,708.375,157.5,87.5,754.0,764.6,145.79999999999995,107.40000000000009,1968.8,1610.6,83.00000000000023,105.66666666666669,2759.0,454.3333333333333,197.0,94.0,2851.05,1101.5,152.54999999999973,35.0,2970.4,536.4,38.0
540,99.0,1133.0,1024.0,131.0,96.0,2902.0,1438.0,164.0,93.0,795.0,1083.0,130.0,119.0,748.0,1551.0,153.0,101.0,2240.0,965.0,81.0,93.0,3320.0,709.0,154.0,87.0,757.0,763.0,145.0,108.0,1964.0,1611.0,78.0,106.0,2758.0,454.0,197.0,94.0,2847.0,1103.0,152.0,35.0,2961.0,532.0,38.0
541,99.85714285714266,1134.0,1026.0714285714287,130.57142857142867,95.59999999999991,2896.25,1438.4,163.3499999999999,94.44444444444457,791.5555555555555,1080.2222222222222,132.77777777777783,117.59999999999991,746.5,1551.15,153.85000000000002,102.20000000000005,2224.2,964.8,92.60000000000036,92.5,3305.75,710.0,160.5,87.0,759.5,762.5,149.75,108.0,1953.6666666666667,1611.8333333333333,86.66666666666652,106.54999999999995,2756.65,452.85,194.9000000000001,94.0,2845.125,1105.5,147.75,35.0,2949.6,529.4,38.0
542,100.71428571428578,1135.0,1028.142857142857,130.1428571428571,95.20000000000005,2890.5,1438.8,162.69999999999982,95.88888888888891,788.1111111111111,1077.4444444444443,135.55555555555554,116.20000000000005,745.0,1551.3,154.70000000000005,103.39999999999998,2208.4,964.6,104.19999999999982,92.0,3291.5,711.0,167.0,87.0,762.0,762.0,154.5,108.0,1943.3333333333333,1612.6666666666667,95.33333333333348,107.09999999999997,2755.3,451.7,192.79999999999973,94.0,2843.25,1108.0,143.5,35.0,2938.2,526.8,38.0
543,101.57142857142844,1136.0,1030.2142857142858,129.71428571428578,94.79999999999995,2884.75,1439.2,162.05000000000018,97.33333333333326,784.6666666666666,1074.6666666666667,138.33333333333337,114.79999999999995,743.5,1551.45,155.54999999999995,104.60000000000002,2192.6,964.4,115.80000000000018,91.5,3277.25,712.0,173.5,87.0,764.5,761.5,159.25,108.0,1933.0,1613.5,104.0,107.65000000000003,2753.95,450.55,190.70000000000027,94.0,2841.375,1110.5,139.25,35.0,2926.8,524.2,38.0
544,102.42857142857156,1137.0,1032.2857142857142,129.28571428571422,94.40000000000009,2879.0,1439.6,161.4000000000001,98.77777777777783,781.2222222222222,1071.888888888889,141.1111111111112,113.40000000000009,742.0,1551.6,156.39999999999998,105.79999999999995,2176.8,964.2,127.39999999999964,91.0,3263.0,713.0,180.0,87.0,767.0,761.0,164.0,108.0,1922.6666666666667,1614.3333333333333,112.66666666666652,108.20000000000005,2752.6,449.4,188.5999999999999,94.0,2839.5,1113.0,135.0,35.0,2915.4,521.6,38.0
545,103.28571428571422,1138.0,1034.357142857143,128.8571428571429,94.0,2873.25,1440.0,160.75,100.22222222222217,777.7777777777778,1069.111111111111,143.8888888888888,112.0,740.5,1551.75,157.25,107.0,2161.0,964.0,139.0,92.66666666666663,3256.0,714.0,180.33333333333348,87.0,769.5,760.6666666666666,162.83333333333337,108.0,1912.3333333333333,1615.1666666666667,121.33333333333348,108.75,2751.25,448.25,186.5,94.0,2837.625,1115.5,130.75,35.0,2904.0,519.0,38.0
546,104.14285714285734,1139.0,1036.4285714285713,128.42857142857133,93.59999999999991,2867.5,1440.4,160.0999999999999,101.66666666666674,774.3333333333334,1066.3333333333333,146.66666666666663,110.59999999999991,739.0,1551.9,158.10000000000002,108.99999999999989,2160.2,963.6,133.4000000000001,94.33333333333337,3249.0,715.0,180.66666666666652,87.0,772.0,760.3333333333334,161.66666666666663,108.0,1902.0,1616.0,130.0,109.29999999999995,2749.9,447.1,184.4000000000001,94.0,2835.75,1118.0,126.5,35.0,2890.2,518.4,38.0
547,105.0,1140.0,1038.5,128.0,93.20000000000005,2861.75,1440.8,159.44999999999982,103.11111111111109,770.8888888888889,1063.5555555555557,149.44444444444446,109.20000000000005,737.5,1552.05,158.95000000000005,111.0,2159.4,963.2,127.79999999999973,96.0,3242.0,716.0,181.0,87.0,774.5,760.0,160.5,108.0,1896.5,1617.857142857143,129.78571428571422,109.84999999999997,2748.55,445.95,182.29999999999973,94.0,2833.875,1120.5,122.25,35.0,2876.4,517.8,38.0
548,105.85714285714266,1141.0,1040.5714285714287,127.57142857142867,92.79999999999995,2856.0,1441.2,158.80000000000018,104.55555555555543,767.4444444444445,1060.7777777777778,152.22222222222217,107.79999999999995,736.0,1552.2,159.79999999999995,113.0,2158.6,962.8,122.20000000000027,94.57142857142856,3240.714285714286,716.8571428571429,175.42857142857156,87.0,777.0,759.6666666666666,159.33333333333337,108.0,1891.0,1619.7142857142858,129.57142857142867,110.40000000000003,2747.2,444.8,180.20000000000027,94.0,2832.0,1123.0,118.0,35.0,2862.6,517.2,38.0
549,106.71428571428578,1142.0,1042.642857142857,127.14285714285711,92.40000000000009,2850.25,1441.6,158.1500000000001,106.0,764.0,1058.0,155.0,106.40000000000009,734.5,1552.35,160.64999999999998,115.00000000000011,2157.8,962.4,116.59999999999991,93.14285714285722,3239.4285714285716,717.7142857142857,169.85714285714266,87.0,779.5,759.3333333333334,158.16666666666663,108.0,1885.5,1621.5714285714287,129.3571428571429,110.95000000000005,2745.85,443.65,178.0999999999999,94.0,2818.4,1124.6,127.40000000000009,35.0,2848.8,516.6,38.0
550,107.57142857142844,1143.0,1044.7142857142858,126.71428571428578,92.0,2844.5,1442.0,157.5,106.5,760.5,1055.25,158.5,105.0,733.0,1552.5,161.5,117.0,2157.0,962.0,111.0,91.71428571428578,3238.1428571428573,718.5714285714286,164.28571428571422,87.0,782.0,759.0,157.0,108.0,1880.0,1623.4285714285713,129.1428571428571,111.5,2744.5,442.5,176.0,94.0,2804.8,1126.2,136.79999999999973,35.0,2835.0,516.0,38.0
551,108.42857142857156,1144.0,1046.7857142857142,126.28571428571422,91.59999999999991,2838.75,1442.4,156.8499999999999,107.0,757.0,1052.5,162.0,103.59999999999991,731.5,1552.65,162.35000000000002,115.00000000000011,2149.7,965.4,113.0,90.28571428571422,3236.8571428571427,719.4285714285714,158.71428571428578,87.0,784.5,758.6,155.79999999999995,108.0,1874.5,1625.2857142857142,128.92857142857133,112.04999999999995,2743.15,441.35,173.9000000000001,94.0,2791.2,1127.8,146.20000000000027,34.99999999999994,2829.6,509.8,38.0
552,109.28571428571422,1145.0,1048.857142857143,125.85714285714289,91.20000000000005,2833.0,1442.8,156.19999999999982,107.5,753.5,1049.75,165.5,102.20000000000005,730.0,1552.8,163.20000000000005,113.0,2142.4,968.8,115.0,88.85714285714278,3235.5714285714284,720.2857142857143,153.14285714285734,87.0,787.0,758.2,154.60000000000002,108.0,1869.0,1627.142857142857,128.71428571428578,112.59999999999997,2741.8,440.2,171.79999999999973,94.0,2777.6,1129.4,155.5999999999999,35.0,2824.2,503.6,38.0
553,110.14285714285734,1146.0,1050.9285714285713,125.42857142857133,90.79999999999995,2827.25,1443.2,155.55000000000018,108.0,750.0,1047.0,169.0,100.79999999999995,728.5,1552.95,164.04999999999995,111.0,2135.1,972.2,117.0,87.42857142857144,3234.285714285714,721.1428571428571,147.57142857142844,87.0,789.5,757.8,153.39999999999998,108.0,1863.5,1629.0,128.5,113.15000000000003,2740.45,439.05,169.70000000000027,94.0,2764.0,1131.0,165.0,35.0,2818.8,497.4,38.0
554,111.0,1147.0,1053.0,125.0,90.40000000000009,2821.5,1443.6,154.9000000000001,107.28571428571445,746.5714285714286,1044.2857142857142,167.0,99.40000000000009,727.0,1553.1,164.89999999999998,108.99999999999989,2127.8,975.6,119.0,86.0,3233.0,722.0,142.0,87.0,792.0,757.4,152.20000000000005,108.0,1858.0,1630.857142857143,128.28571428571422,113.70000000000005,2739.1,437.9,167.5999999999999,94.0,2763.5714285714284,1132.5714285714287,161.14285714285734,35.00000000000006,2813.4,491.2,38.0
555,109.0,1148.1666666666667,1055.6666666666667,124.66666666666652,90.0,2815.75,1444.0,154.25,106.57142857142844,743.1428571428571,1041.5714285714287,165.0,98.0,725.5,1553.25,165.75,107.0,2120.5,979.0,121.0,85.33333333333337,3216.6666666666665,723.0,151.33333333333348,87.0,794.5,757.0,151.0,108.0,1852.5,1632.7142857142858,128.07142857142867,114.25,2737.75,436.75,165.5,94.0,2763.1428571428573,1134.142857142857,157.28571428571422,35.0,2808.0,485.0,38.0
556,107.0,1149.3333333333333,1058.3333333333333,124.33333333333348,89.59999999999991,2810.0,1444.4,153.5999999999999,105.85714285714289,739.7142857142857,1038.857142857143,163.0,96.59999999999991,724.0,1553.4,166.60000000000002,105.00000000000011,2113.2,982.4,123.0,84.66666666666663,3200.3333333333335,724.0,160.66666666666652,87.0,797.0,756.6,149.79999999999995,108.0,1847.0,1634.5714285714287,127.85714285714289,114.79999999999995,2736.4,435.6,163.4000000000001,94.0,2762.714285714286,1135.7142857142858,153.42857142857156,35.0,2802.8,483.0,38.0
557,105.0,1150.5,1061.0,124.0,89.20000000000005,2804.25,1444.8,152.94999999999982,105.14285714285711,736.2857142857143,1036.142857142857,161.0,95.20000000000005,722.5,1553.55,167.45000000000005,103.0,2105.9,985.8,125.0,84.0,3184.0,725.0,170.0,87.0,799.5,756.2,148.60000000000002,108.0,1841.5,1636.4285714285713,127.64285714285711,115.34999999999997,2735.05,434.45,161.29999999999973,94.0,2762.285714285714,1137.2857142857142,149.57142857142844,35.0,2797.6,481.0,38.0
558,103.0,1151.6666666666667,1063.6666666666667,123.66666666666652,88.79999999999995,2798.5,1445.2,152.30000000000018,104.42857142857156,732.8571428571429,1033.4285714285713,159.0,93.79999999999995,721.0,1553.7,168.29999999999995,101.0,2098.6,989.2,127.0,83.33333333333337,3175.0,726.0,172.33333333333348,87.0,802.0,755.8,147.39999999999998,108.0,1836.0,1638.2857142857142,127.42857142857133,115.90000000000003,2733.7,433.3,159.20000000000027,94.0,2761.8571428571427,1138.857142857143,145.71428571428578,35.0,2792.4,479.0,38.0
559,101.0,1152.8333333333333,1066.3333333333333,123.33333333333348,88.40000000000009,2792.75,1445.6,151.6500000000001,103.71428571428555,729.4285714285714,1030.7142857142858,157.0,92.40000000000009,719.5,1553.85,169.14999999999998,98.99999999999989,2091.3,992.6,129.0,82.66666666666663,3166.0,727.0,174.66666666666652,87.0,804.5,755.4,146.20000000000005,108.0,1830.5,1640.142857142857,127.21428571428578,116.45000000000005,2732.35,432.15,157.0999999999999,94.0,2761.4285714285716,1140.4285714285713,141.85714285714266,35.0,2787.2,477.0,38.0
560,99.0,1154.0,1069.0,123.0,88.0,2787.0,1446.0,151.0,103.0,726.0,1028.0,155.0,91.0,718.0,1554.0,170.0,97.0,2084.0,996.0,131.0,82.0,3157.0,728.0,177.0,87.0,807.0,755.0,145.0,108.0,1825.0,1642.0,127.0,117.0,2731.0,431.0,155.0,94.0,2761.0,1142.0,138.0,35.0,2782.0,475.0,38.0
561,100.58333333333326,1155.8333333333333,1071.0,124.5,88.58333333333326,2781.1666666666665,1445.75,150.91666666666697,106.16666666666652,724.5,1024.1666666666667,154.16666666666663,92.92857142857156,716.7142857142857,1549.642857142857,167.64285714285722,97.40000000000009,2077.4,997.0,129.9000000000001,82.76923076923072,3150.3846153846152,729.0,176.69230769230762,88.39999999999998,808.6,753.6,143.79999999999995,108.0,1819.0,1639.0,127.0,116.10000000000002,2728.35,432.1,152.30000000000018,94.20000000000005,2755.0,1144.6,138.69999999999982,35.0,2776.8,474.8,38.0
562,102.16666666666674,1157.6666666666667,1073.0,126.0,89.16666666666674,2775.3333333333335,1445.5,150.83333333333303,109.33333333333337,723.0,1020.3333333333334,153.33333333333337,94.85714285714289,715.4285714285714,1545.2857142857142,165.28571428571422,97.79999999999995,2070.8,998.0,128.79999999999973,83.53846153846155,3143.769230769231,730.0,176.38461538461524,89.79999999999995,810.2,752.2,142.5999999999999,108.0,1813.3157894736842,1641.1052631578948,127.0,115.19999999999999,2725.7,433.2,149.60000000000036,94.39999999999986,2749.0,1147.2,139.4000000000001,35.0,2771.6,474.6,38.0
563,103.75,1159.5,1075.0,127.5,89.75,2769.5,1445.25,150.75,112.5,721.5,1016.5,152.5,96.78571428571445,714.1428571428571,1540.9285714285713,162.92857142857144,98.20000000000005,2064.2,999.0,127.70000000000027,84.30769230769226,3137.153846153846,731.0,176.07692307692287,91.20000000000005,811.8,750.8,141.4000000000001,108.0,1807.6315789473683,1643.2105263157894,127.0,114.30000000000001,2723.05,434.3,146.89999999999964,94.60000000000014,2743.0,1149.8,140.0999999999999,35.0,2766.4,474.4,38.0
564,105.33333333333326,1161.3333333333333,1077.0,129.0,90.33333333333326,2763.6666666666665,1445.0,150.66666666666697,115.66666666666663,720.0,1012.6666666666666,151.66666666666663,98.71428571428555,712.8571428571429,1536.5714285714287,160.57142857142856,98.59999999999991,2057.6,1000.0,126.59999999999991,85.0769230769231,3130.5384615384614,732.0,175.76923076923094,92.60000000000002,813.4,749.4,140.20000000000005,108.0,1801.9473684210527,1645.3157894736842,127.0,113.39999999999998,2720.4,435.4,144.19999999999982,94.79999999999995,2737.0,1152.4,140.80000000000018,35.0,2761.2,474.2,38.0
565,106.91666666666674,1163.1666666666667,1079.0,130.5,90.91666666666674,2757.8333333333335,1444.75,150.58333333333303,118.83333333333337,718.5,1008.8333333333334,150.83333333333337,100.64285714285711,711.5714285714286,1532.2142857142858,158.21428571428578,99.0,2051.0,1001.0,125.5,85.84615384615381,3123.923076923077,733.0,175.4615384615381,94.0,815.0,748.0,139.0,108.0,1796.2631578947369,1647.421052631579,127.0,112.5,2717.75,436.5,141.5,95.0,2731.0,1155.0,141.5,35.0,2756.0,474.0,38.0
566,108.5,1165.0,1081.0,132.0,91.5,2752.0,1444.5,150.5,122.0,717.0,1005.0,150.0,102.57142857142844,710.2857142857143,1527.857142857143,155.85714285714278,99.40000000000009,2044.4,1002.0,124.40000000000009,86.61538461538464,3117.3076923076924,734.0,175.1538461538462,95.39999999999998,816.6,746.6,137.79999999999995,108.0,1790.578947368421,1649.5263157894738,127.0,111.60000000000002,2715.1,437.6,138.80000000000018,95.20000000000005,2725.0,1157.6,142.19999999999982,35.0,2751.0,476.4,38.0
567,110.08333333333326,1166.8333333333333,1083.0,133.5,92.08333333333326,2746.1666666666665,1444.25,150.41666666666697,121.857142857143,715.5714285714286,1001.2142857142857,150.3571428571429,104.5,709.0,1523.5,153.5,99.79999999999995,2037.8,1003.0,123.29999999999995,87.38461538461536,3110.6923076923076,735.0,174.8461538461538,96.79999999999995,818.2,745.2,136.5999999999999,108.0,1784.8947368421052,1651.6315789473683,127.0,110.69999999999999,2712.45,438.7,136.10000000000036,95.39999999999986,2719.0,1160.2,142.9000000000001,34.99999999999994,2746.0,478.8,38.0
568,111.66666666666674,1168.6666666666667,1085.0,135.0,92.66666666666674,2740.3333333333335,1444.0,150.33333333333303,121.71428571428567,714.1428571428571,997.4285714285714,150.71428571428578,106.42857142857156,707.7142857142857,1519.142857142857,151.14285714285722,100.20000000000005,2031.2,1004.0,122.20000000000005,88.15384615384619,3104.076923076923,736.0,174.5384615384619,98.20000000000005,819.8,743.8,135.4000000000001,108.0,1779.2105263157894,1653.7368421052631,127.0,109.80000000000001,2709.8,439.8,133.39999999999964,95.60000000000014,2713.0,1162.8,143.5999999999999,35.00000000000006,2741.0,481.2,38.0
569,113.25,1170.5,1087.0,136.5,93.25,2734.5,1443.75,150.25,121.57142857142867,712.7142857142857,993.6428571428571,151.07142857142867,108.35714285714289,706.4285714285714,1514.7857142857142,148.78571428571422,100.59999999999991,2024.6,1005.0,121.09999999999991,88.9230769230769,3097.4615384615386,737.0,174.23076923076906,99.60000000000002,821.4,742.4,134.20000000000005,108.0,1773.5263157894738,1655.842105263158,127.0,108.89999999999998,2707.15,440.9,130.69999999999982,95.79999999999995,2707.0,1165.4,144.30000000000018,35.0,2736.0,483.6,38.0
570,114.83333333333326,1172.3333333333333,1089.0,138.0,93.83333333333326,2728.6666666666665,1443.5,150.16666666666697,121.42857142857133,711.2857142857143,989.8571428571429,151.42857142857133,110.28571428571445,705.1428571428571,1510.4285714285713,146.42857142857144,101.0,2018.0,1006.0,120.0,89.69230769230774,3090.846153846154,738.0,173.92307692307713,101.0,823.0,741.0,133.0,108.0,1767.842105263158,1657.9473684210527,127.0,108.0,2704.5,442.0,128.0,96.0,2701.0,1168.0,145.0,35.0,2731.0,486.0,38.0
571,116.41666666666674,1174.1666666666667,1091.0,139.5,94.41666666666674,2722.8333333333335,1443.25,150.08333333333303,121.28571428571433,709.8571428571429,986.0714285714286,151.78571428571422,112.21428571428555,703.8571428571429,1506.0714285714287,144.07142857142856,101.0,2009.3333333333333,1005.0,125.33333333333326,90.46153846153845,3084.230769230769,739.0,173.61538461538476,103.0,822.3333333333334,741.0,134.0,108.0,1762.157894736842,1660.0526315789473,127.0,107.10000000000002,2701.85,443.1,125.30000000000018,95.79999999999995,2699.4,1171.4,142.0,35.00000000000006,2722.4,491.2,38.0
572,118.0,1176.0,1093.0,141.0,95.0,2717.0,1443.0,150.0,121.142857142857,708.4285714285714,982.2857142857143,152.1428571428571,114.14285714285711,702.5714285714286,1501.7142857142858,141.71428571428578,101.0,2000.6666666666667,1004.0,130.66666666666674,91.23076923076928,3077.6153846153848,740.0,173.30769230769238,105.0,821.6666666666666,741.0,135.0,108.0,1756.4736842105262,1662.157894736842,127.0,106.19999999999999,2699.2,444.2,122.60000000000036,95.60000000000014,2697.8,1174.8,139.0,35.0,2713.8,496.4,38.0
573,115.5,1177.25,1094.375,140.125,95.5,2715.625,1441.5,145.25,121.0,707.0,978.5,152.5,116.07142857142844,701.2857142857143,1497.357142857143,139.35714285714278,101.0,1992.0,1003.0,136.0,92.0,3071.0,741.0,173.0,107.0,821.0,741.0,136.0,108.0,1750.7894736842106,1664.2631578947369,127.0,105.30000000000001,2696.55,445.3,119.89999999999964,95.39999999999986,2696.2,1178.2,136.0,35.0,2705.2,501.6,38.0
574,113.0,1178.5,1095.75,139.25,96.0,2714.25,1440.0,140.5,120.857142857143,705.5714285714286,974.7142857142857,152.8571428571429,118.0,700.0,1493.0,137.0,101.00000000000011,1988.857142857143,1004.5714285714286,129.99999999999977,91.0,3067.8571428571427,742.0,169.14285714285734,105.28571428571433,820.1428571428571,741.0,137.28571428571433,108.0,1745.1052631578948,1666.3684210526317,127.0,104.39999999999998,2693.9,446.4,117.19999999999982,95.20000000000005,2694.6,1181.6,133.0,34.99999999999994,2696.6,506.8,38.0
575,110.5,1179.75,1097.125,138.375,96.5,2712.875,1438.5,135.75,120.71428571428567,704.1428571428571,970.9285714285714,153.21428571428578,116.0,698.6666666666666,1493.0,137.66666666666674,101.0,1985.7142857142858,1006.1428571428571,124.0,90.0,3064.714285714286,743.0,165.28571428571422,103.57142857142856,819.2857142857143,741.0,138.57142857142856,108.0,1739.421052631579,1668.4736842105262,127.0,103.5,2691.25,447.5,114.5,95.0,2693.0,1185.0,130.0,35.0,2688.0,512.0,38.0
576,108.0,1181.0,1098.5,137.5,97.0,2711.5,1437.0,131.0,120.57142857142867,702.7142857142857,967.1428571428571,153.57142857142867,114.0,697.3333333333334,1493.0,138.33333333333326,101.00000000000011,1982.5714285714287,1007.7142857142857,117.99999999999977,89.0,3061.5714285714284,744.0,161.42857142857156,101.85714285714289,818.4285714285714,741.0,139.8571428571429,108.0,1733.7368421052631,1670.578947368421,127.0,102.60000000000002,2688.6,448.6,111.80000000000018,94.79999999999995,2691.4,1188.4,127.0,35.0,2680.6666666666665,517.0,38.0
577,105.5,1182.25,1099.875,136.625,97.5,2710.125,1435.5,126.25,120.42857142857133,701.2857142857143,963.3571428571429,153.92857142857133,112.0,696.0,1493.0,139.0,100.99999999999989,1979.4285714285713,1009.2857142857143,112.00000000000023,88.0,3058.4285714285716,745.0,157.57142857142844,100.14285714285711,817.5714285714286,741.0,141.1428571428571,108.0,1728.0526315789473,1672.6842105263158,127.0,101.69999999999999,2685.95,449.7,109.10000000000036,94.60000000000014,2689.8,1191.8,124.0,35.0,2673.3333333333335,522.0,38.0
578,103.0,1183.5,1101.25,135.75,98.0,2708.75,1434.0,121.5,120.28571428571433,699.8571428571429,959.5714285714286,154.28571428571422,110.0,694.6666666666666,1493.0,139.66666666666674,101.0,1976.2857142857142,1010.8571428571429,106.0,87.0,3055.285714285714,746.0,153.71428571428578,98.42857142857144,816.7142857142857,741.0,142.42857142857144,108.0,1722.3684210526317,1674.7894736842106,127.0,100.80000000000001,2683.3,450.8,106.39999999999964,94.39999999999986,2688.2,1195.2,121.0,35.0,2666.0,527.0,38.0
579,100.5,1184.75,1102.625,134.875,98.5,2707.375,1432.5,116.75,120.142857142857,698.4285714285714,955.7857142857143,154.6428571428571,108.0,693.3333333333334,1493.0,140.33333333333326,100.99999999999989,1973.142857142857,1012.4285714285714,100.00000000000023,86.0,3052.1428571428573,747.0,149.85714285714266,96.71428571428567,815.8571428571429,741.0,143.71428571428567,108.0,1716.6842105263158,1676.8947368421052,127.0,99.89999999999998,2680.65,451.9,103.69999999999982,94.20000000000005,2686.6,1198.6,118.0,35.0,2665.5,526.0,38.0
580,98.0,1186.0,1104.0,134.0,99.0,2706.0,1431.0,112.0,120.0,697.0,952.0,155.0,106.0,692.0,1493.0,141.0,101.0,1970.0,1014.0,94.0,85.0,3049.0,748.0,146.0,95.0,815.0,741.0,145.0,108.0,1711.0,1679.0,127.0,99.0,2678.0,453.0,101.0,94.0,2685.0,1202.0,115.0,35.0,2665.0,525.0,38.0
581,98.54999999999995,1185.6,1104.55,133.85000000000014,99.0,2693.0,1430.3333333333333,119.0,120.69999999999993,695.25,946.65,154.29999999999995,107.38461538461524,690.9230769230769,1489.3076923076924,141.53846153846155,100.28571428571433,1961.5714285714287,1015.7142857142857,98.42857142857133,85.33333333333337,3037.3333333333335,748.5,150.16666666666652,93.20000000000005,813.7,741.5,146.19999999999993,108.61538461538453,1704.4615384615386,1680.4615384615386,128.0,99.19999999999999,2671.0,453.3,101.30000000000018,95.75,2671.5,1202.25,123.5,35.0,2665.4,523.2,38.0
582,99.10000000000014,1185.2,1105.1,133.70000000000005,99.0,2680.0,1429.6666666666667,126.0,121.40000000000009,693.5,941.3,153.60000000000002,108.76923076923094,689.8461538461538,1485.6153846153845,142.0769230769231,99.57142857142856,1953.142857142857,1017.4285714285714,102.85714285714289,85.66666666666663,3025.6666666666665,749.0,154.33333333333348,91.39999999999998,812.4,742.0,147.39999999999998,109.23076923076928,1697.923076923077,1681.923076923077,129.0,99.39999999999998,2664.0,453.6,101.59999999999991,97.5,2658.0,1202.5,132.0,35.0,2665.8,521.4,38.0
583,99.64999999999986,1184.8,1105.65,133.54999999999995,99.0,2667.0,1429.0,133.0,122.09999999999991,691.75,935.95,152.89999999999998,110.15384615384619,688.7692307692307,1481.923076923077,142.61538461538464,98.85714285714289,1944.7142857142858,1019.1428571428571,107.28571428571422,86.0,3014.0,749.5,158.5,89.60000000000002,811.1,742.5,148.60000000000002,109.84615384615381,1691.3846153846155,1683.3846153846155,130.0,99.60000000000002,2657.0,453.9,101.90000000000009,99.25,2644.5,1202.75,140.5,35.0,2666.2,519.6,38.0
584,100.20000000000005,1184.4,1106.2,133.39999999999986,99.0,2654.0,1428.3333333333333,140.0,122.80000000000007,690.0,930.6,152.20000000000005,111.53846153846143,687.6923076923077,1478.2307692307693,143.15384615384608,98.14285714285711,1936.2857142857142,1020.8571428571429,111.71428571428578,86.33333333333337,3002.3333333333335,750.0,162.66666666666652,87.79999999999995,809.8,743.0,149.80000000000007,110.46153846153857,1684.8461538461538,1684.8461538461538,131.0,99.80000000000001,2650.0,454.2,102.19999999999982,101.0,2631.0,1203.0,149.0,35.0,2666.6,517.8,38.0
585,100.75,1184.0,1106.75,133.25,99.0,2641.0,1427.6666666666667,147.0,123.5,688.25,925.25,151.5,112.92307692307713,686.6153846153846,1474.5384615384614,143.69230769230762,97.42857142857144,1927.857142857143,1022.5714285714286,116.14285714285711,86.66666666666663,2990.6666666666665,750.5,166.83333333333348,86.0,808.5,743.5,151.0,111.0769230769231,1678.3076923076924,1686.3076923076924,132.0,100.0,2643.0,454.5,102.5,100.625,2627.125,1205.375,148.0,35.0,2667.0,516.0,38.0
586,101.29999999999995,1183.6,1107.3,133.10000000000014,99.0,2628.0,1427.0,154.0,124.19999999999993,686.5,919.9,150.79999999999995,114.30769230769238,685.5384615384615,1470.8461538461538,144.23076923076917,96.71428571428578,1919.4285714285713,1024.2857142857142,120.57142857142867,87.0,2979.0,751.0,171.0,84.20000000000005,807.2,744.0,152.19999999999993,111.69230769230785,1671.7692307692307,1687.7692307692307,133.0,100.19999999999999,2636.0,454.8,102.80000000000018,100.25,2623.25,1207.75,147.0,35.0,2661.4,517.0,38.0
587,101.85000000000014,1183.2,1107.85,132.95000000000005,99.0,2622.0714285714284,1426.4285714285713,153.92857142857156,124.90000000000009,684.75,914.55,150.10000000000002,115.69230769230762,684.4615384615385,1467.1538461538462,144.76923076923083,96.0,1911.0,1026.0,125.0,87.375,2976.125,751.375,166.5,82.39999999999998,805.9,744.5,153.39999999999998,112.30769230769215,1665.2307692307693,1689.2307692307693,134.0,100.39999999999998,2629.0,455.1,103.09999999999991,99.875,2619.375,1210.125,146.0,35.0,2655.8,518.0,38.0
588,102.39999999999986,1182.8,1108.4,132.79999999999995,99.0,2616.1428571428573,1425.857142857143,153.85714285714266,125.59999999999991,683.0,909.2,149.39999999999998,117.07692307692287,683.3846153846154,1463.4615384615386,145.30769230769238,94.66666666666652,1907.6666666666667,1028.6666666666667,122.0,87.75,2973.25,751.75,162.0,80.60000000000002,804.6,745.0,154.60000000000002,112.9230769230769,1658.6923076923076,1690.6923076923076,135.0,100.60000000000002,2622.0,455.4,103.40000000000009,99.5,2615.5,1212.5,145.0,35.0,2650.2,519.0,38.0
589,102.95000000000005,1182.4,1108.95,132.64999999999986,99.0,2610.214285714286,1425.2857142857142,153.78571428571422,126.30000000000007,681.25,903.85,148.70000000000005,118.46153846153857,682.3076923076923,1459.7692307692307,145.84615384615392,93.33333333333348,1904.3333333333333,1031.3333333333333,119.0,88.125,2970.375,752.125,157.5,78.79999999999995,803.3,745.5,155.80000000000007,113.53846153846143,1652.1538461538462,1692.1538461538462,136.0,100.80000000000001,2615.0,455.7,103.69999999999982,99.125,2611.625,1214.875,144.0,35.0,2644.6,520.0,38.0
590,103.5,1182.0,1109.5,132.5,99.0,2604.285714285714,1424.7142857142858,153.71428571428578,127.0,679.5,898.5,148.0,119.84615384615381,681.2307692307693,1456.076923076923,146.38461538461536,92.0,1901.0,1034.0,116.0,88.5,2967.5,752.5,153.0,77.0,802.0,746.0,157.0,114.15384615384619,1645.6153846153845,1693.6153846153845,137.0,101.0,2608.0,456.0,104.0,98.75,2607.75,1217.25,143.0,35.0,2639.0,521.0,38.0
591,104.04999999999995,1181.6,1110.05,132.35000000000014,99.0,2598.3571428571427,1424.142857142857,153.64285714285734,127.70000000000005,677.75,893.15,147.29999999999995,121.23076923076906,680.1538461538462,1452.3846153846155,146.9230769230769,92.0,1892.5,1034.0,118.0,88.875,2964.625,752.875,148.5,77.60000000000002,799.4,746.8,158.0,114.76923076923072,1639.076923076923,1695.076923076923,138.0,101.19999999999999,2601.0,456.3,104.30000000000018,98.375,2603.875,1219.625,142.0,35.0,2632.4,522.0,38.0
592,104.60000000000014,1181.2,1110.6,132.20000000000005,99.0,2592.4285714285716,1423.5714285714287,153.57142857142844,128.4000000000001,676.0,887.8,146.60000000000002,122.61538461538476,679.0769230769231,1448.6923076923076,147.46153846153845,92.0,1884.0,1034.0,120.0,89.25,2961.75,753.25,144.0,78.19999999999993,796.8,747.6,159.0,115.38461538461547,1632.5384615384614,1696.5384615384614,139.0,101.39999999999998,2594.0,456.6,104.59999999999991,98.0,2600.0,1222.0,141.0,35.0,2625.8,523.0,38.0
593,105.14999999999986,1180.8,1111.15,132.04999999999995,99.0,2586.5,1423.0,153.5,129.0999999999999,674.25,882.45,145.89999999999998,124.0,678.0,1445.0,148.0,92.0,1875.5,1034.0,122.0,89.625,2958.875,753.625,139.5,78.80000000000007,794.2,748.4,160.0,116.0,1626.0,1698.0,140.0,101.60000000000002,2587.0,456.9,104.90000000000009,97.625,2596.125,1224.375,140.0,35.0,2619.2,524.0,38.0
594,105.70000000000005,1180.4,1111.7,131.89999999999986,99.0,2580.5714285714284,1422.4285714285713,153.42857142857156,129.79999999999995,672.5,877.1,145.20000000000005,120.57142857142844,676.8571428571429,1444.5714285714287,148.57142857142856,92.0,1867.0,1034.0,124.0,90.0,2956.0,754.0,135.0,79.39999999999998,791.6,749.2,161.0,115.28571428571422,1621.2857142857142,1699.857142857143,133.1428571428571,101.80000000000001,2580.0,457.2,105.19999999999982,97.25,2592.25,1226.75,139.0,35.0,2612.6,525.0,38.0
595,106.25,1180.0,1112.25,131.75,99.0,2574.6428571428573,1421.857142857143,153.35714285714266,130.5,670.75,871.75,144.5,117.14285714285711,675.7142857142857,1444.142857142857,149.14285714285722,92.0,1858.5,1034.0,126.0,90.33333333333337,2943.5,754.5,140.0,80.0,789.0,750.0,162.0,114.57142857142844,1616.5714285714287,1701.7142857142858,126.28571428571422,102.0,2573.0,457.5,105.5,96.875,2588.375,1229.125,138.0,35.0,2606.0,526.0,38.0
596,106.79999999999995,1179.6,1112.8,131.60000000000014,99.0,2568.714285714286,1421.2857142857142,153.28571428571422,131.20000000000005,669.0,866.4,143.79999999999995,113.71428571428555,674.5714285714286,1443.7142857142858,149.71428571428578,92.0,1850.0,1034.0,128.0,90.66666666666663,2931.0,755.0,145.0,80.60000000000002,786.4,750.8,163.0,113.85714285714266,1611.857142857143,1703.5714285714287,119.42857142857133,102.19999999999999,2566.0,457.8,105.80000000000018,96.5,2584.5,1231.5,137.0,35.0,2595.4,524.2,38.0
597,107.35000000000014,1179.2,1113.35,131.45000000000005,99.0,2562.785714285714,1420.7142857142858,153.21428571428578,131.9000000000001,667.25,861.05,143.10000000000002,110.28571428571445,673.4285714285714,1443.2857142857142,150.28571428571422,92.0,1841.5,1034.0,130.0,91.0,2918.5,755.5,150.0,81.19999999999993,783.8,751.6,164.0,113.14285714285734,1607.142857142857,1705.4285714285713,112.57142857142867,102.39999999999998,2559.0,458.1,106.09999999999991,96.125,2580.625,1233.875,136.0,35.0,2584.8,522.4,38.0
598,107.89999999999986,1178.8,1113.9,131.29999999999995,99.0,2556.8571428571427,1420.142857142857,153.14285714285734,132.5999999999999,665.5,855.7,142.39999999999998,106.85714285714289,672.2857142857143,1442.857142857143,150.85714285714278,92.0,1833.0,1034.0,132.0,91.33333333333337,2906.0,756.0,155.0,81.80000000000007,781.2,752.4,165.0,112.42857142857156,1602.4285714285713,1707.2857142857142,105.71428571428578,102.60000000000002,2552.0,458.4,106.40000000000009,95.75,2576.75,1236.25,135.0,35.0,2574.2,520.6,38.0
599,108.45000000000005,1178.4,1114.45,131.14999999999986,99.0,2550.9285714285716,1419.5714285714287,153.07142857142844,133.29999999999995,663.75,850.35,141.70000000000005,103.42857142857156,671.1428571428571,1442.4285714285713,151.42857142857144,92.0,1824.5,1034.0,134.0,91.66666666666663,2893.5,756.5,160.0,82.39999999999998,778.6,753.2,166.0,111.71428571428578,1597.7142857142858,1709.142857142857,98.85714285714289,102.80000000000001,2545.0,458.7,106.69999999999982,95.375,2572.875,1238.625,134.0,35.0,2563.6,518.8,38.0
600,109.0,1178.0,1115.0,131.0,99.0,2545.0,1419.0,153.0,134.0,662.0,845.0,141.0,100.0,670.0,1442.0,152.0,92.0,1816.0,1034.0,136.0,92.0,2881.0,757.0,165.0,83.0,776.0,754.0,167.0,111.0,1593.0,1711.0,92.0,103.0,2538.0,459.0,107.0,95.0,2569.0,1241.0,133.0,35.0,2553.0,517.0,38.0
601,105.66666666666674,1175.3333333333333,1119.2222222222222,133.55555555555566,99.0,2537.6666666666665,1418.3333333333333,153.0,125.28571428571433,660.8571428571429,845.0,141.0,101.63636363636374,668.3636363636364,1437.0,152.0,92.0,1809.1,1034.3,134.80000000000018,92.0,2876.0,758.3333333333334,161.66666666666652,86.125,775.75,756.25,163.75,111.0,1583.6,1710.4,101.60000000000014,103.0,2528.3333333333335,458.55555555555554,108.11111111111086,95.29999999999995,2563.6,1241.55,133.05000000000018,34.39999999999998,2541.2,514.4,37.40000000000009
602,102.33333333333348,1172.6666666666667,1123.4444444444443,136.1111111111111,99.0,2530.3333333333335,1417.6666666666667,153.0,116.57142857142856,659.7142857142857,845.0,141.0,103.27272727272725,666.7272727272727,1432.0,152.0,92.0,1802.2,1034.6,133.5999999999999,92.0,2871.0,759.6666666666666,158.33333333333348,89.25,775.5,758.5,160.5,111.0,1574.2,1709.8,111.20000000000005,103.0,2518.6666666666665,458.1111111111111,109.22222222222217,95.60000000000014,2558.2,1242.1,133.10000000000036,33.80000000000001,2529.4,511.8,36.79999999999973
603,99.0,1170.0,1127.6666666666667,138.66666666666674,99.0,2523.0,1417.0,153.0,107.85714285714289,658.5714285714286,845.0,141.0,104.90909090909099,665.0909090909091,1427.0,152.0,92.0,1795.3,1034.9,132.4000000000001,92.0,2866.0,761.0,155.0,92.375,775.25,760.75,157.25,111.0,1564.8,1709.2,120.79999999999995,102.99999999999994,2509.0,457.6666666666667,110.33333333333348,95.89999999999986,2552.8,1242.65,133.14999999999964,33.19999999999999,2517.6,509.2,36.20000000000027
604,95.66666666666674,1167.3333333333333,1131.888888888889,141.2222222222224,99.0,2517.6428571428573,1415.642857142857,151.5,99.14285714285711,657.4285714285714,845.0,141.0,106.5454545454545,663.4545454545455,1422.0,152.0,92.0,1788.4,1035.2,131.19999999999982,91.20000000000005,2865.8,761.0,148.19999999999982,95.5,775.0,763.0,154.0,111.0,1555.4,1708.6,130.39999999999986,102.99999999999994,2499.3333333333335,457.22222222222223,111.44444444444434,96.20000000000005,2547.4,1243.2,133.19999999999982,32.60000000000002,2505.8,506.6,35.59999999999991
605,92.33333333333326,1164.6666666666667,1136.111111111111,143.7777777777776,99.0,2512.285714285714,1414.2857142857142,150.0,90.42857142857144,656.2857142857143,845.0,141.0,108.18181818181824,661.8181818181819,1417.0,152.0,92.0,1781.5,1035.5,130.0,90.39999999999998,2865.6,761.0,141.4000000000001,98.625,774.75,765.25,150.75,111.0,1546.0,1708.0,140.0,103.00000000000006,2489.6666666666665,456.77777777777777,112.55555555555566,96.5,2542.0,1243.75,133.25,32.0,2494.0,504.0,35.0
606,89.0,1162.0,1140.3333333333333,146.33333333333326,99.0,2506.9285714285716,1412.9285714285713,148.5,81.71428571428567,655.1428571428571,845.0,141.0,109.81818181818176,660.1818181818181,1412.0,152.0,92.0,1774.6,1035.8,128.80000000000018,89.60000000000002,2865.4,761.0,134.5999999999999,101.75,774.5,767.5,147.5,110.0,1539.75,1709.75,142.25,103.00000000000006,2480.0,456.3333333333333,113.66666666666652,96.79999999999995,2536.6,1244.3,133.30000000000018,32.0,2480.2,504.6,35.0
607,85.66666666666652,1159.3333333333333,1144.5555555555557,148.8888888888889,99.0,2501.5714285714284,1411.5714285714287,147.0,73.0,654.0,845.0,141.0,111.4545454545455,658.5454545454545,1407.0,152.0,92.0,1767.7,1036.1,127.59999999999991,88.79999999999995,2865.2,761.0,127.80000000000018,104.875,774.25,769.75,144.25,109.0,1533.5,1711.5,144.5,103.0,2470.3333333333335,455.8888888888889,114.77777777777783,97.10000000000014,2531.2,1244.85,133.35000000000036,32.00000000000006,2466.4,505.2,35.0
608,82.33333333333326,1156.6666666666667,1148.7777777777778,151.44444444444434,99.0,2496.214285714286,1410.2142857142858,145.5,74.38461538461547,653.3846153846154,841.7692307692307,141.0,113.09090909090901,656.9090909090909,1402.0,152.0,92.0,1760.8,1036.4,126.40000000000009,88.0,2865.0,761.0,121.0,108.0,774.0,772.0,141.0,108.0,1527.25,1713.25,146.75,103.0,2460.6666666666665,455.44444444444446,115.88888888888914,97.39999999999986,2525.8,1245.4,133.39999999999964,31.999999999999943,2452.6,505.8,35.0
609,79.0,1154.0,1153.0,154.0,99.0,2490.8571428571427,1408.857142857143,144.0,75.76923076923072,652.7692307692307,838.5384615384615,141.0,114.72727272727275,655.2727272727273,1397.0,152.0,92.0,1753.9,1036.7,125.19999999999982,87.0,2851.6666666666665,761.1666666666666,127.16666666666697,104.5,773.5,774.5,140.5,107.0,1521.0,1715.0,149.0,103.0,2451.0,455.0,117.0,97.70000000000005,2520.4,1245.95,133.44999999999982,32.0,2438.8,506.4,35.0
610,80.72727272727275,1151.3636363636363,1152.1818181818182,153.54545454545473,99.0,2485.5,1407.5,142.5,77.15384615384619,652.1538461538462,835.3076923076923,141.0,116.36363636363626,653.6363636363636,1392.0,152.0,92.0,1747.0,1037.0,124.0,86.0,2838.3333333333335,761.3333333333334,133.33333333333303,101.0,773.0,777.0,140.0,106.0,1514.8181818181818,1716.6363636363637,148.09090909090924,102.99999999999994,2444.818181818182,454.54545454545456,114.63636363636351,98.0,2515.0,1246.5,133.5,32.0,2425.0,507.0,35.0
611,82.4545454545455,1148.7272727272727,1151.3636363636363,153.090909090909,99.0,2480.1428571428573,1406.142857142857,141.0,78.53846153846155,651.5384615384615,832.0769230769231,141.0,118.0,652.0,1387.0,152.0,91.5,1742.5,1037.5,127.5,85.0,2825.0,761.5,139.5,102.5,772.75,776.25,140.0,105.0,1508.6363636363637,1718.2727272727273,147.18181818181802,103.00000000000006,2438.6363636363635,454.09090909090907,112.27272727272748,98.29999999999995,2509.6,1247.05,133.55000000000018,32.0,2413.0,508.0,35.0
612,84.18181818181824,1146.090909090909,1150.5454545454545,152.63636363636374,99.0,2474.785714285714,1404.7857142857142,139.5,79.9230769230769,650.9230769230769,828.8461538461538,141.0,115.0,650.4444444444445,1386.6666666666667,152.0,91.0,1738.0,1038.0,131.0,84.0,2811.6666666666665,761.6666666666666,145.66666666666697,104.0,772.5,775.5,140.0,104.0,1502.4545454545455,1719.909090909091,146.27272727272725,103.0,2432.4545454545455,453.6363636363636,109.90909090909099,98.60000000000014,2504.2,1247.6,133.60000000000036,32.0,2401.0,509.0,35.0
613,85.90909090909099,1143.4545454545455,1149.7272727272727,152.18181818181824,99.0,2469.4285714285716,1403.4285714285713,138.0,81.30769230769226,650.3076923076923,825.6153846153846,141.0,112.0,648.8888888888889,1386.3333333333333,152.0,90.5,1733.5,1038.5,134.5,83.0,2798.3333333333335,761.8333333333334,151.83333333333303,105.5,772.25,774.75,140.0,103.0,1496.2727272727273,1721.5454545454545,145.3636363636365,102.99999999999994,2426.2727272727275,453.1818181818182,107.5454545454545,98.89999999999986,2498.8,1248.15,133.64999999999964,32.0,2389.0,510.0,35.0
614,87.63636363636351,1140.8181818181818,1148.909090909091,151.72727272727275,99.0,2464.0714285714284,1402.0714285714287,136.5,82.69230769230774,649.6923076923077,822.3846153846154,141.0,109.0,647.3333333333334,1386.0,152.0,90.0,1729.0,1039.0,138.0,82.0,2785.0,762.0,158.0,107.0,772.0,774.0,140.0,102.0,1490.090909090909,1723.1818181818182,144.4545454545455,103.0,2420.090909090909,452.72727272727275,105.18181818181847,99.20000000000005,2493.4,1248.7,133.69999999999982,32.0,2380.0,508.5,35.0
615,89.36363636363649,1138.1818181818182,1148.090909090909,151.27272727272725,99.0,2458.714285714286,1400.7142857142858,135.0,84.0769230769231,649.0769230769231,819.1538461538462,141.0,106.0,645.7777777777778,1385.6666666666667,152.0,88.83333333333326,1722.0,1040.0,133.33333333333326,83.66666666666663,2781.5,762.0,154.33333333333348,103.33333333333337,771.6666666666666,778.5,140.16666666666674,101.0,1483.909090909091,1724.8181818181818,143.5454545454545,103.0,2413.909090909091,452.27272727272725,102.81818181818153,99.5,2488.0,1249.25,133.75,32.0,2371.0,507.0,35.0
616,91.09090909090901,1135.5454545454545,1147.2727272727273,150.81818181818176,99.0,2453.3571428571427,1399.357142857143,133.5,85.46153846153845,648.4615384615385,815.9230769230769,141.0,103.0,644.2222222222222,1385.3333333333333,152.0,87.66666666666674,1715.0,1041.0,128.66666666666674,85.33333333333337,2778.0,762.0,150.66666666666652,99.66666666666663,771.3333333333334,783.0,140.33333333333326,100.0,1477.7272727272727,1726.4545454545455,142.6363636363635,103.00000000000006,2407.7272727272725,451.8181818181818,100.4545454545455,99.79999999999995,2482.6,1249.8,133.80000000000018,32.00000000000006,2369.2,501.2,35.0
617,92.81818181818176,1132.909090909091,1146.4545454545455,150.36363636363626,99.0,2448.0,1398.0,132.0,86.84615384615381,647.8461538461538,812.6923076923077,141.0,100.0,642.6666666666666,1385.0,152.0,86.5,1708.0,1042.0,124.0,87.0,2774.5,762.0,147.0,96.0,771.0,787.5,140.5,99.0,1471.5454545454545,1728.090909090909,141.72727272727275,103.0,2401.5454545454545,451.3636363636364,98.09090909090901,100.10000000000014,2477.2,1250.35,133.85000000000036,32.0,2367.4,495.4,35.0
618,94.5454545454545,1130.2727272727273,1145.6363636363637,149.909090909091,99.0,2444.6666666666665,1397.3333333333333,130.33333333333348,88.23076923076928,647.2307692307693,809.4615384615385,141.0,97.0,641.1111111111111,1384.6666666666667,152.0,85.33333333333326,1701.0,1043.0,119.33333333333326,88.66666666666663,2771.0,762.0,143.33333333333348,92.33333333333337,770.6666666666666,792.0,140.66666666666674,98.0,1465.3636363636363,1729.7272727272727,140.81818181818198,102.99999999999994,2395.3636363636365,450.90909090909093,95.72727272727252,100.39999999999986,2471.8,1250.9,133.89999999999964,32.0,2365.6,489.6,35.0
619,96.27272727272725,1127.6363636363637,1144.8181818181818,149.45454545454527,99.0,2441.3333333333335,1396.6666666666667,128.66666666666652,89.61538461538453,646.6153846153846,806.2307692307693,141.0,94.0,639.5555555555555,1384.3333333333333,152.0,84.16666666666674,1694.0,1044.0,114.66666666666674,90.33333333333337,2767.5,762.0,139.66666666666652,88.66666666666663,770.3333333333334,796.5,140.83333333333326,97.0,1459.1818181818182,1731.3636363636363,139.90909090909076,103.00000000000006,2389.181818181818,450.45454545454544,93.36363636363649,100.70000000000005,2466.4,1251.45,133.94999999999982,31.999999999999943,2363.8,483.8,35.0
620,98.0,1125.0,1144.0,149.0,99.0,2438.0,1396.0,127.0,91.0,646.0,803.0,141.0,91.0,638.0,1384.0,152.0,83.0,1687.0,1045.0,110.0,92.0,2764.0,762.0,136.0,85.0,770.0,801.0,141.0,96.0,1453.0,1733.0,139.0,103.0,2383.0,450.0,91.0,101.0,2461.0,1252.0,134.0,32.0,2362.0,478.0,35.0
621,98.0,1121.2,1143.8,149.5999999999999,99.0,2430.1111111111113,1395.2222222222222,128.66666666666652,91.0,646.3,803.35,140.20000000000005,90.81818181818198,636.8181818181819,1383.090909090909,153.27272727272725,83.70000000000005,1680.9,1044.1,112.19999999999982,91.75,2755.125,762.0,137.5,85.30000000000007,767.6,803.3,143.10000000000002,96.41176470588243,1445.7058823529412,1733.235294117647,140.29411764705878,102.66666666666663,2368.6666666666665,450.0,102.0,100.4666666666667,2455.9333333333334,1253.5333333333333,134.19999999999982,32.333333333333314,2358.6666666666665,473.6666666666667,35.66666666666697
622,98.0,1117.4,1143.6,150.19999999999982,99.0,2422.222222222222,1394.4444444444443,130.33333333333348,91.0,646.6,803.7,139.39999999999998,90.63636363636351,635.6363636363636,1382.1818181818182,154.5454545454545,84.39999999999986,1674.8,1043.2,114.40000000000009,91.5,2746.25,762.0,139.0,85.60000000000002,765.2,805.6,145.19999999999993,96.82352941176464,1438.4117647058824,1733.4705882352941,141.58823529411757,102.33333333333337,2354.3333333333335,450.0,113.0,99.9333333333334,2450.866666666667,1255.0666666666666,134.4000000000001,32.666666666666686,2355.3333333333335,469.3333333333333,36.33333333333303
623,98.0,1113.6,1143.4,150.80000000000018,99.0,2414.3333333333335,1393.6666666666667,132.0,91.0,646.9,804.05,138.60000000000002,90.4545454545455,634.4545454545455,1381.2727272727273,155.81818181818176,85.10000000000014,1668.7,1042.3,116.59999999999991,91.25,2737.375,762.0,140.5,85.89999999999998,762.8,807.9,147.30000000000007,97.23529411764707,1431.1176470588234,1733.7058823529412,142.88235294117658,102.0,2340.0,450.0,124.0,99.40000000000009,2445.8,1256.6,134.5999999999999,33.0,2352.0,465.0,37.0
624,98.0,1109.8,1143.2,151.4000000000001,99.0,2406.4444444444443,1392.888888888889,133.66666666666697,91.0,647.2,804.4,137.79999999999995,90.27272727272748,633.2727272727273,1380.3636363636363,157.09090909090912,85.79999999999995,1662.6,1041.4,118.80000000000018,91.0,2728.5,762.0,142.0,86.19999999999993,760.4,810.2,149.39999999999998,97.64705882352928,1423.8235294117646,1733.9411764705883,144.17647058823536,101.46153846153845,2331.923076923077,450.0769230769231,123.07692307692287,98.86666666666656,2440.733333333333,1258.1333333333334,134.80000000000018,33.5,2343.5,463.0,37.5
625,98.0,1106.0,1143.0,152.0,99.0,2398.5555555555557,1392.111111111111,135.33333333333303,91.0,647.5,804.75,137.0,90.09090909090901,632.0909090909091,1379.4545454545455,158.36363636363637,86.5,1656.5,1040.5,121.0,90.75,2719.625,762.0,143.5,86.5,758.0,812.5,151.5,98.05882352941171,1416.5294117647059,1734.1764705882354,145.47058823529414,100.92307692307696,2323.846153846154,450.15384615384613,122.15384615384619,98.33333333333326,2435.6666666666665,1259.6666666666667,135.0,34.0,2335.0,461.0,38.0
626,98.0,1102.2,1142.8,152.5999999999999,99.0,2390.6666666666665,1391.3333333333333,137.0,91.0,647.8,805.1,136.20000000000005,89.90909090909099,630.9090909090909,1378.5454545454545,159.63636363636363,87.20000000000005,1650.4,1039.6,123.19999999999982,90.5,2710.75,762.0,145.0,86.80000000000007,755.6,814.8,153.60000000000002,98.47058823529414,1409.235294117647,1734.4117647058824,146.76470588235293,100.38461538461542,2315.769230769231,450.2307692307692,121.23076923076906,97.79999999999995,2430.6,1261.2,135.20000000000027,34.0,2325.4,458.8,38.0
627,98.0,1098.4,1142.6,153.19999999999982,99.0,2382.777777777778,1390.5555555555557,138.66666666666652,91.0,648.1,805.45,135.39999999999998,89.72727272727252,629.7272727272727,1377.6363636363637,160.90909090909088,87.89999999999986,1644.3,1038.7,125.40000000000009,90.25,2701.875,762.0,146.5,87.10000000000002,753.2,817.1,155.69999999999993,98.88235294117635,1401.9411764705883,1734.6470588235295,148.0588235294117,99.84615384615387,2307.6923076923076,450.3076923076923,120.30769230769238,97.26666666666665,2425.5333333333333,1262.7333333333333,135.4000000000001,34.0,2315.8,456.6,38.0
628,98.0,1094.6,1142.4,153.80000000000018,99.0,2374.8888888888887,1389.7777777777778,140.33333333333348,91.0,648.4,805.8,134.60000000000002,89.5454545454545,628.5454545454545,1376.7272727272727,162.18181818181824,88.60000000000014,1638.2,1037.8,127.59999999999991,90.0,2693.0,762.0,148.0,87.39999999999998,750.8,819.4,157.80000000000007,99.29411764705878,1394.6470588235295,1734.8823529411766,149.3529411764705,99.30769230769238,2299.6153846153848,450.38461538461536,119.38461538461524,96.73333333333335,2420.4666666666667,1264.2666666666667,135.5999999999999,34.0,2306.2,454.4,38.0
629,98.0,1090.8,1142.2,154.4000000000001,99.0,2367.0,1389.0,142.0,91.0,648.7,806.15,133.79999999999995,89.36363636363649,627.3636363636364,1375.8181818181818,163.4545454545455,89.29999999999995,1632.1,1036.9,129.80000000000018,89.75,2686.6666666666665,762.0,147.0,87.69999999999993,748.4,821.7,159.89999999999998,99.70588235294122,1387.3529411764705,1735.1176470588234,150.6470588235295,98.76923076923083,2291.5384615384614,450.46153846153845,118.46153846153857,96.20000000000005,2415.4,1265.8,135.79999999999973,34.0,2296.6,452.2,38.0
630,98.0,1087.0,1142.0,155.0,99.0,2365.3333333333335,1388.0,137.33333333333303,91.0,649.0,806.5,133.0,89.18181818181802,626.1818181818181,1374.909090909091,164.72727272727275,90.0,1626.0,1036.0,132.0,89.5,2680.3333333333335,762.0,146.0,88.0,746.0,824.0,162.0,100.11764705882365,1380.0588235294117,1735.3529411764705,151.9411764705883,98.23076923076917,2283.4615384615386,450.53846153846155,117.53846153846143,95.66666666666674,2410.3333333333335,1267.3333333333333,136.0,34.0,2287.0,450.0,38.0
631,98.0,1083.2,1141.8,155.5999999999999,99.0,2363.6666666666665,1387.0,132.66666666666697,91.0,649.3,806.85,132.20000000000005,89.0,625.0,1374.0,166.0,90.0,1622.3333333333333,1036.5,125.5,89.25,2674.0,762.0,145.0,87.70000000000005,743.5,826.3,161.5,100.52941176470586,1372.764705882353,1735.5882352941176,153.23529411764707,97.69230769230762,2275.3846153846152,450.61538461538464,116.61538461538476,95.13333333333344,2405.266666666667,1268.8666666666666,136.19999999999982,34.0,2276.6,451.0,38.0
632,98.0,1079.4,1141.6,156.19999999999982,99.0,2362.0,1386.0,128.0,91.0,649.6,807.2,131.39999999999998,89.59999999999991,623.6,1373.0,168.0,90.0,1618.6666666666667,1037.0,119.0,89.0,2667.6666666666665,762.0,144.0,87.39999999999998,741.0,828.6,161.0,100.94117647058829,1365.4705882352941,1735.8235294117646,154.52941176470586,97.15384615384613,2267.3076923076924,450.6923076923077,115.69230769230762,94.59999999999991,2400.2,1270.4,136.4000000000001,34.0,2266.2,452.0,38.0
633,98.0,1075.6,1141.4,156.80000000000018,99.0,2358.375,1385.0,124.0,91.0,649.9,807.55,130.60000000000002,90.20000000000005,622.2,1372.0,170.0,90.0,1615.0,1037.5,112.5,88.75,2661.3333333333335,762.0,143.0,87.10000000000002,738.5,830.9,160.5,101.35294117647072,1358.1764705882354,1736.0588235294117,155.82352941176464,96.61538461538458,2259.230769230769,450.7692307692308,114.76923076923094,94.0666666666666,2395.133333333333,1271.9333333333334,136.5999999999999,34.0,2255.8,453.0,38.0
634,98.0,1071.8,1141.2,157.4000000000001,99.0,2354.75,1384.0,120.0,91.0,650.2,807.9,129.79999999999995,90.79999999999995,620.8,1371.0,172.0,90.0,1611.3333333333333,1038.0,106.0,88.5,2655.0,762.0,142.0,86.79999999999995,736.0,833.2,160.0,101.76470588235293,1350.8823529411766,1736.2941176470588,157.11764705882342,96.07692307692304,2251.153846153846,450.84615384615387,113.84615384615381,93.5333333333333,2390.0666666666666,1273.4666666666667,136.80000000000018,34.0,2245.4,454.0,38.0
635,98.0,1068.0,1141.0,158.0,99.0,2351.125,1383.0,116.0,91.0,650.5,808.25,129.0,91.40000000000009,619.4,1370.0,174.0,90.0,1607.6666666666667,1038.5,99.5,88.25,2648.6666666666665,762.0,141.0,86.5,733.5,835.5,159.5,102.17647058823536,1343.5882352941176,1736.5294117647059,158.41176470588243,95.53846153846155,2243.076923076923,450.9230769230769,112.92307692307713,93.0,2385.0,1275.0,137.0,34.0,2235.0,455.0,38.0
636,98.0,1064.2,1140.8,158.5999999999999,99.0,2347.5,1382.0,112.0,91.0,650.8,808.6,128.20000000000005,92.0,618.0,1369.0,176.0,90.0,1604.0,1039.0,93.0,88.0,2642.3333333333335,762.0,140.0,86.20000000000005,731.0,837.8,159.0,102.58823529411757,1336.2941176470588,1736.764705882353,159.70588235294122,95.0,2235.0,451.0,112.0,92.59999999999991,2385.2,1276.4,131.80000000000018,34.0,2223.6,457.2,38.0
637,98.0,1060.4,1140.6,159.19999999999982,99.0,2343.875,1381.0,108.0,91.0,651.1,808.95,127.39999999999998,92.5,616.5,1368.0,170.0,90.0,1591.75,1038.0,102.75,87.75,2636.0,762.0,139.0,85.89999999999998,728.5,840.1,158.5,103.0,1329.0,1737.0,161.0,94.0,2224.0,451.25,109.0,92.20000000000005,2385.4,1277.8,126.59999999999991,34.0,2212.2,459.4,38.0
638,98.0,1056.6,1140.4,159.80000000000018,99.0,2340.25,1380.0,104.0,91.0,651.4,809.3,126.60000000000002,93.0,615.0,1367.0,164.0,90.0,1579.5,1037.0,112.5,87.5,2629.6666666666665,762.0,138.0,85.60000000000002,726.0,842.4,158.0,101.66666666666652,1324.3333333333333,1736.6666666666667,157.33333333333348,93.0,2213.0,451.5,106.0,91.79999999999995,2385.6,1279.2,121.40000000000009,34.0,2200.8,461.6,38.0
639,98.0,1052.8,1140.2,160.4000000000001,99.0,2336.625,1379.0,100.0,91.0,651.7,809.65,125.79999999999995,93.5,613.5,1366.0,158.0,90.0,1567.25,1036.0,122.25,87.25,2623.3333333333335,762.0,137.0,85.29999999999995,723.5,844.7,157.5,100.33333333333348,1319.6666666666667,1736.3333333333333,153.66666666666652,92.0,2202.0,451.75,103.0,91.40000000000009,2385.8,1280.6,116.19999999999982,34.0,2189.4,463.8,38.0
640,98.0,1049.0,1140.0,161.0,99.0,2333.0,1378.0,96.0,91.0,652.0,810.0,125.0,94.0,612.0,1365.0,152.0,90.0,1555.0,1035.0,132.0,87.0,2617.0,762.0,136.0,85.0,721.0,847.0,157.0,99.0,1315.0,1736.0,150.0,91.0,2191.0,452.0,100.0,91.0,2386.0,1282.0,111.0,34.0,2178.0,466.0,38.0
641,98.0,1044.9285714285713,1139.5714285714287,161.92857142857156,99.0,2317.25,1378.0,106.0,90.64999999999998,651.3,809.85,126.05000000000007,94.79999999999995,610.55,1365.25,151.6500000000001,89.70000000000005,1549.0,1035.0,129.79999999999995,87.33333333333337,2608.0,762.0,138.33333333333348,91.75,718.75,848.5,157.75,99.0,1308.5454545454545,1735.090909090909,151.0,92.19999999999999,2183.8,451.2,103.79999999999973,90.40000000000009,2378.7,1283.0,112.70000000000027,34.0,2169.0,467.8,38.0
642,98.0,1040.857142857143,1139.142857142857,162.8571428571429,99.0,2301.5,1378.0,116.0,90.29999999999995,650.6,809.7,127.10000000000002,95.59999999999991,609.1,1365.5,151.29999999999995,89.40000000000009,1543.0,1035.0,127.59999999999991,87.66666666666663,2599.0,762.0,140.66666666666652,98.5,716.5,850.0,158.5,99.0,1302.090909090909,1734.1818181818182,152.0,93.39999999999998,2176.6,450.4,107.59999999999991,89.79999999999995,2371.4,1284.0,114.40000000000009,34.0,2160.0,469.6,38.0
643,98.0,1036.7857142857142,1138.7142857142858,163.78571428571445,99.0,2285.75,1378.0,126.0,89.95000000000005,649.9,809.55,128.14999999999998,96.40000000000009,607.65,1365.75,150.95000000000005,89.09999999999991,1537.0,1035.0,125.40000000000009,88.0,2590.0,762.0,143.0,105.25,714.25,851.5,159.25,99.0,1295.6363636363637,1733.2727272727273,153.0,94.60000000000002,2169.4,449.6,111.40000000000009,89.20000000000005,2364.1,1285.0,116.09999999999991,34.0,2151.0,471.4,38.0
644,98.0,1032.7142857142858,1138.2857142857142,164.71428571428555,99.0,2270.0,1378.0,136.0,89.60000000000002,649.2,809.4,129.19999999999993,97.20000000000005,606.2,1366.0,150.5999999999999,88.79999999999995,1531.0,1035.0,123.20000000000005,88.16666666666663,2587.8333333333335,761.8333333333334,137.83333333333303,112.0,712.0,853.0,160.0,99.0,1289.1818181818182,1732.3636363636363,154.0,95.80000000000001,2162.2,448.8,115.20000000000027,88.59999999999991,2356.8,1286.0,117.79999999999973,34.0,2142.0,473.2,38.0
645,98.0,1028.642857142857,1137.857142857143,165.6428571428571,98.75,2264.125,1378.125,136.25,89.25,648.5,809.25,130.25,98.0,604.75,1366.25,150.25,88.5,1525.0,1035.0,121.0,88.33333333333337,2585.6666666666665,761.6666666666666,132.66666666666697,110.0,709.6666666666666,854.6666666666666,161.0,99.0,1282.7272727272727,1731.4545454545455,155.0,97.0,2155.0,448.0,119.0,88.0,2349.5,1287.0,119.5,34.0,2133.0,475.0,38.0
646,98.0,1024.5714285714287,1137.4285714285713,166.57142857142844,98.5,2258.25,1378.25,136.5,88.89999999999998,647.8,809.1,131.30000000000007,98.79999999999995,603.3,1366.5,149.9000000000001,88.20000000000005,1519.0,1035.0,118.79999999999995,88.5,2583.5,761.5,127.5,108.0,707.3333333333334,856.3333333333334,162.0,99.0,1276.2727272727273,1730.5454545454545,156.0,99.39999999999998,2146.2,445.9,118.80000000000018,87.40000000000009,2342.2,1288.0,121.20000000000027,34.0,2131.8,469.6,38.0
647,98.0,1020.5,1137.0,167.5,98.25,2252.375,1378.375,136.75,88.54999999999995,647.1,808.95,132.35000000000002,99.59999999999991,601.85,1366.75,149.54999999999995,87.90000000000009,1513.0,1035.0,116.59999999999991,88.66666666666663,2581.3333333333335,761.3333333333334,122.33333333333303,106.0,705.0,858.0,163.0,99.0,1269.8181818181818,1729.6363636363637,157.0,101.80000000000001,2137.4,443.8,118.59999999999991,86.79999999999995,2334.9,1289.0,122.90000000000009,34.0,2130.6,464.2,38.0
648,98.0,1016.4285714285714,1136.5714285714287,168.42857142857144,98.0,2246.5,1378.5,137.0,88.20000000000005,646.4,808.8,133.39999999999998,100.40000000000009,600.4,1367.0,149.20000000000005,87.59999999999991,1507.0,1035.0,114.40000000000009,88.83333333333337,2579.1666666666665,761.1666666666666,117.16666666666697,104.0,702.6666666666666,859.6666666666666,164.0,99.0,1263.3636363636363,1728.7272727272727,158.0,104.19999999999999,2128.6,441.7,118.40000000000009,86.20000000000005,2327.6,1290.0,124.59999999999991,34.0,2129.4,458.8,38.0
649,98.0,1012.3571428571429,1136.142857142857,169.3571428571429,97.75,2240.625,1378.625,137.25,87.85000000000002,645.7,808.65,134.44999999999993,101.20000000000005,598.95,1367.25,148.8499999999999,87.29999999999995,1501.0,1035.0,112.20000000000005,89.0,2577.0,761.0,112.0,102.0,700.3333333333334,861.3333333333334,165.0,99.0,1256.909090909091,1727.8181818181818,159.0,106.60000000000002,2119.8,439.6,118.19999999999982,85.59999999999991,2320.3,1291.0,126.29999999999973,34.0,2128.2,453.4,38.0
650,98.0,1008.2857142857143,1135.7142857142858,170.28571428571433,97.5,2234.75,1378.75,137.5,87.5,645.0,808.5,135.5,102.0,597.5,1367.5,148.5,87.0,1495.0,1035.0,110.0,89.16666666666674,2566.0,761.1666666666666,114.5,100.0,698.0,863.0,166.0,99.0,1250.4545454545455,1726.909090909091,160.0,109.0,2111.0,437.5,118.0,85.0,2313.0,1292.0,128.0,34.0,2127.0,448.0,38.0
651,98.0,1004.2142857142857,1135.2857142857142,171.21428571428567,97.25,2228.875,1378.875,137.75,87.14999999999998,644.3,808.35,136.55000000000007,102.79999999999995,596.05,1367.75,148.1500000000001,87.0,1488.0,1034.4,116.20000000000005,89.33333333333326,2555.0,761.3333333333334,117.0,98.5,695.6,864.6,167.0,99.0,1244.0,1726.0,161.0,111.39999999999998,2102.2,435.4,117.80000000000018,86.25,2313.0,1290.0,125.5,34.0,2120.8,445.6,38.0
652,98.0,1000.1428571428571,1134.857142857143,172.1428571428571,97.0,2223.0,1379.0,138.0,86.79999999999995,643.6,808.2,137.60000000000002,103.59999999999991,594.6,1368.0,147.79999999999995,87.0,1481.0,1033.8,122.40000000000009,89.5,2544.0,761.5,119.5,97.0,693.2,866.2,168.0,99.25,1237.5,1725.0,162.75,113.80000000000001,2093.4,433.3,117.59999999999991,87.5,2313.0,1288.0,123.0,34.0,2114.6,443.2,38.0
653,98.0,996.0714285714286,1134.4285714285713,173.07142857142856,96.75,2217.125,1379.125,138.25,86.45000000000005,642.9,808.05,138.64999999999998,104.40000000000009,593.15,1368.25,147.45000000000005,87.0,1474.0,1033.2,128.5999999999999,89.66666666666674,2533.0,761.6666666666666,122.0,95.5,690.8,867.8,169.0,99.5,1231.0,1724.0,164.5,116.19999999999999,2084.6,431.2,117.40000000000009,88.75,2313.0,1286.0,120.5,34.0,2108.4,440.8,38.0
654,98.0,992.0,1134.0,174.0,96.5,2211.25,1379.25,138.5,86.10000000000002,642.2,807.9,139.69999999999993,105.20000000000005,591.7,1368.5,147.0999999999999,87.0,1467.0,1032.6,134.79999999999995,89.83333333333326,2522.0,761.8333333333334,124.5,94.0,688.4,869.4,170.0,99.75,1224.5,1723.0,166.25,118.60000000000002,2075.8,429.1,117.19999999999982,90.0,2313.0,1284.0,118.0,34.0,2102.2,438.4,38.0
655,98.0,988.0,1133.6666666666667,169.83333333333326,96.25,2205.375,1379.375,138.75,85.75,641.5,807.75,140.75,106.0,590.25,1368.75,146.75,87.0,1460.0,1032.0,141.0,90.0,2511.0,762.0,127.0,92.5,686.0,871.0,171.0,100.0,1218.0,1722.0,168.0,121.0,2067.0,427.0,117.0,88.33333333333348,2311.3333333333335,1286.8333333333333,111.83333333333303,34.0,2096.0,436.0,38.0
656,98.0,984.0,1133.3333333333333,165.66666666666674,96.0,2199.5,1379.5,139.0,85.39999999999998,640.8,807.6,141.80000000000007,106.79999999999995,588.8,1369.0,146.4000000000001,87.0,1453.0,1031.2,138.0,90.0,2506.6,762.2,127.40000000000009,91.0,683.6,872.6,172.0,99.79999999999995,1211.6,1721.0,161.0,119.60000000000002,2063.2,429.0,111.80000000000018,86.66666666666652,2309.6666666666665,1289.6666666666667,105.66666666666697,34.0,2085.4,437.8,38.0
657,98.0,980.0,1133.0,161.5,95.75,2193.625,1379.625,139.25,85.04999999999995,640.1,807.45,142.85000000000002,107.59999999999991,587.35,1369.25,146.04999999999995,87.0,1446.0,1030.4,135.0,90.0,2502.2,762.4,127.80000000000018,89.5,681.2,874.2,173.0,99.59999999999991,1205.2,1720.0,154.0,118.20000000000005,2059.4,431.0,106.59999999999991,85.0,2308.0,1292.5,99.5,34.0,2074.8,439.6,38.0
658,98.0,976.0,1132.6666666666667,157.33333333333326,95.5,2187.75,1379.75,139.5,84.70000000000005,639.4,807.3,143.89999999999998,108.40000000000009,585.9,1369.5,145.70000000000005,87.0,1439.0,1029.6,132.0,90.0,2497.8,762.6,128.19999999999982,88.0,678.8,875.8,174.0,99.40000000000009,1198.8,1719.0,147.0,116.79999999999995,2055.6,433.0,101.40000000000009,83.33333333333348,2306.3333333333335,1295.3333333333333,93.33333333333303,34.0,2064.2,441.4,38.0
659,98.0,972.0,1132.3333333333333,153.16666666666674,95.25,2181.875,1379.875,139.75,84.35000000000002,638.7,807.15,144.94999999999993,109.20000000000005,584.45,1369.75,145.3499999999999,87.0,1432.0,1028.8,129.0,90.0,2493.4,762.8,128.5999999999999,86.5,676.4,877.4,175.0,99.20000000000005,1192.4,1718.0,140.0,115.39999999999998,2051.8,435.0,96.19999999999982,81.66666666666652,2304.6666666666665,1298.1666666666667,87.16666666666697,34.0,2053.6,443.2,38.0
660,98.0,968.0,1132.0,149.0,95.0,2176.0,1380.0,140.0,84.0,638.0,807.0,146.0,110.0,583.0,1370.0,145.0,87.0,1425.0,1028.0,126.0,90.0,2489.0,763.0,129.0,85.0,674.0,879.0,176.0,99.0,1186.0,1717.0,133.0,114.0,2048.0,437.0,91.0,80.0,2303.0,1301.0,81.0,34.0,2043.0,445.0,38.0
661,98.0,964.3,1132.1,150.4000000000001,95.75,2169.6666666666665,1377.6666666666667,139.16666666666697,83.625,635.75,805.875,148.75,109.04999999999995,581.5,1370.0,146.5,87.40000000000009,1418.7,1026.8,128.29999999999995,89.77777777777771,2480.4444444444443,762.3333333333334,129.1111111111113,85.20000000000005,670.6,879.0,179.0,102.0,1179.25,1712.5,128.25,111.5,2036.25,439.75,98.0,80.5,2291.5,1301.75,88.0,34.0,2031.0,451.6,38.0
662,98.0,960.6,1132.2,151.80000000000007,96.5,2163.3333333333335,1375.3333333333333,138.33333333333303,83.25,633.5,804.75,151.5,108.09999999999991,580.0,1370.0,148.0,87.80000000000018,1412.4,1025.6,130.5999999999999,89.55555555555554,2471.8888888888887,761.6666666666666,129.22222222222263,85.39999999999998,667.2,879.0,182.0,105.0,1172.5,1708.0,123.5,109.0,2024.5,442.5,105.0,81.0,2280.0,1302.5,95.0,34.0,2019.0,458.2,38.0
663,98.0,956.9,1132.3,153.19999999999993,97.25,2157.0,1373.0,137.5,82.875,631.25,803.625,154.25,107.15000000000009,578.5,1370.0,149.5,88.19999999999982,1406.1,1024.4,132.9000000000001,89.33333333333337,2463.3333333333335,761.0,129.33333333333303,85.60000000000002,663.8,879.0,185.0,108.0,1165.75,1703.5,118.75,106.5,2012.75,445.25,112.0,81.5,2268.5,1303.25,102.0,34.0,2007.0,464.8,38.0
664,98.0,953.2,1132.4,154.5999999999999,98.0,2150.6666666666665,1370.6666666666667,136.66666666666697,82.5,629.0,802.5,157.0,106.20000000000005,577.0,1370.0,151.0,88.59999999999991,1399.8,1023.2,135.20000000000005,89.11111111111109,2454.777777777778,760.3333333333334,129.44444444444434,85.79999999999995,660.4,879.0,188.0,111.0,1159.0,1699.0,114.0,104.0,2001.0,448.0,119.0,82.0,2257.0,1304.0,109.0,34.0,1995.0,471.4,38.0
665,98.0,949.5,1132.5,156.0,98.75,2144.3333333333335,1368.3333333333333,135.83333333333303,82.125,626.75,801.375,159.75,105.25,575.5,1370.0,152.5,89.0,1393.5,1022.0,137.5,88.88888888888891,2446.222222222222,759.6666666666666,129.55555555555566,86.0,657.0,879.0,191.0,109.59999999999991,1151.6,1700.2,121.60000000000014,103.9375,1995.375,448.3125,117.8125,82.5,2253.1666666666665,1304.6666666666667,111.83333333333348,34.0,1983.0,478.0,38.0
666,98.0,945.8,1132.6,157.4000000000001,99.5,2138.0,1366.0,135.0,81.75,624.5,800.25,162.5,104.29999999999995,574.0,1370.0,154.0,89.40000000000009,1387.2,1020.8,139.79999999999995,88.66666666666663,2437.6666666666665,759.0,129.66666666666697,86.83333333333326,653.6666666666666,878.8333333333334,189.91666666666674,108.19999999999982,1144.2,1701.4,129.20000000000005,103.875,1989.75,448.625,116.625,83.0,2249.3333333333335,1305.3333333333333,114.66666666666652,34.0,1973.8,485.0,38.0
667,98.0,942.1,1132.7,158.80000000000007,100.25,2131.6666666666665,1363.6666666666667,134.16666666666697,81.375,622.25,799.125,165.25,103.34999999999991,572.5,1370.0,155.5,89.80000000000007,1380.9,1019.6,142.0999999999999,88.44444444444446,2429.1111111111113,758.3333333333334,129.77777777777737,87.66666666666674,650.3333333333334,878.6666666666666,188.83333333333326,106.80000000000018,1136.8,1702.6,136.79999999999995,103.8125,1984.125,448.9375,115.4375,83.5,2245.5,1306.0,117.5,34.0,1964.6,492.0,38.0
668,98.0,938.4,1132.8,160.19999999999993,101.0,2125.3333333333335,1361.3333333333333,133.33333333333303,81.0,620.0,798.0,168.0,102.40000000000009,571.0,1370.0,157.0,90.19999999999993,1374.6,1018.4,144.4000000000001,88.22222222222229,2420.5555555555557,757.6666666666666,129.8888888888887,88.5,647.0,878.5,187.75,105.40000000000009,1129.4,1703.8,144.39999999999986,103.75,1978.5,449.25,114.25,84.0,2241.6666666666665,1306.6666666666667,120.33333333333348,34.0,1955.4,499.0,38.0
669,98.0,934.7,1132.9,161.5999999999999,101.75,2119.0,1359.0,132.5,83.83333333333326,617.6666666666666,796.8333333333334,166.66666666666674,101.45000000000005,569.5,1370.0,158.5,90.59999999999991,1368.3,1017.2,146.70000000000005,88.0,2412.0,757.0,130.0,89.33333333333326,643.6666666666666,878.3333333333334,186.66666666666674,104.0,1122.0,1705.0,152.0,103.6875,1972.875,449.5625,113.0625,84.5,2237.8333333333335,1307.3333333333333,123.16666666666652,34.0,1946.2,506.0,38.0
670,98.0,931.0,1133.0,163.0,102.5,2112.6666666666665,1356.6666666666667,131.66666666666697,86.66666666666674,615.3333333333334,795.6666666666666,165.33333333333326,100.5,568.0,1370.0,160.0,91.0,1362.0,1016.0,149.0,86.5,2408.0,756.5,133.5,90.16666666666674,640.3333333333334,878.1666666666666,185.58333333333326,103.5,1114.0,1705.0,155.5,103.625,1967.25,449.875,111.875,85.0,2234.0,1308.0,126.0,34.0,1937.0,513.0,38.0
671,98.0,927.2,1133.0,161.5999999999999,103.25,2106.3333333333335,1354.3333333333333,130.83333333333303,89.5,613.0,794.5,164.0,99.54999999999995,566.5,1370.0,161.5,91.42857142857144,1355.5714285714287,1014.7142857142857,146.1428571428571,85.0,2404.0,756.0,137.0,91.0,637.0,878.0,184.5,103.0,1106.0,1705.0,159.0,103.5625,1961.625,450.1875,110.6875,85.59999999999991,2229.0,1308.9,124.59999999999991,34.0,1933.4,511.4,38.0
672,98.0,923.4,1133.0,160.19999999999993,104.0,2100.0,1352.0,130.0,92.33333333333326,610.6666666666666,793.3333333333334,162.66666666666674,98.59999999999991,565.0,1370.0,163.0,91.85714285714278,1349.142857142857,1013.4285714285714,143.28571428571422,85.55555555555554,2399.8888888888887,755.7777777777778,133.1111111111113,91.83333333333326,633.6666666666666,877.8333333333334,183.41666666666674,102.55555555555566,1098.5555555555557,1707.3333333333333,153.8888888888887,103.5,1956.0,450.5,109.5,86.20000000000005,2224.0,1309.8,123.19999999999982,33.99999999999994,1929.8,509.8,38.0
673,98.0,919.6,1133.0,158.80000000000007,103.25,2098.0,1351.25,128.5,95.16666666666674,608.3333333333334,792.1666666666666,161.33333333333326,97.65000000000009,563.5,1370.0,164.5,92.28571428571422,1342.7142857142858,1012.1428571428571,140.42857142857133,86.11111111111109,2395.777777777778,755.5555555555555,129.22222222222217,92.66666666666674,630.3333333333334,877.6666666666666,182.33333333333326,102.11111111111109,1091.111111111111,1709.6666666666667,148.77777777777783,103.4375,1950.375,450.8125,108.3125,86.79999999999995,2219.0,1310.7,121.80000000000018,34.00000000000006,1926.2,508.2,38.0
674,98.0,915.8,1133.0,157.4000000000001,102.5,2096.0,1350.5,127.0,98.0,606.0,791.0,160.0,96.70000000000005,562.0,1370.0,166.0,92.71428571428578,1336.2857142857142,1010.8571428571429,137.57142857142867,86.66666666666663,2391.6666666666665,755.3333333333334,125.33333333333348,93.5,627.0,877.5,181.25,101.66666666666674,1083.6666666666667,1712.0,143.66666666666652,103.375,1944.75,451.125,107.125,87.40000000000009,2214.0,1311.6,120.40000000000009,34.0,1922.6,506.6,38.0
675,98.0,912.0,1133.0,156.0,101.75,2094.0,1349.75,125.5,98.0,603.8333333333334,790.0,159.16666666666663,95.75,560.5,1370.0,167.5,93.14285714285722,1329.857142857143,1009.5714285714286,134.71428571428578,87.22222222222229,2387.5555555555557,755.1111111111111,121.44444444444434,94.33333333333326,623.6666666666666,877.3333333333334,180.16666666666674,101.2222222222224,1076.2222222222222,1714.3333333333333,138.55555555555566,103.3125,1939.125,451.4375,105.9375,88.0,2209.0,1312.5,119.0,34.0,1919.0,505.0,38.0
676,98.0,908.2,1133.0,154.5999999999999,101.0,2092.0,1349.0,124.0,98.0,601.6666666666666,789.0,158.33333333333337,94.79999999999995,559.0,1370.0,169.0,93.57142857142856,1323.4285714285713,1008.2857142857143,131.8571428571429,87.77777777777771,2383.4444444444443,754.8888888888889,117.55555555555566,95.16666666666674,620.3333333333334,877.1666666666666,179.08333333333326,100.7777777777776,1068.7777777777778,1716.6666666666667,133.44444444444434,103.25,1933.5,451.75,104.75,88.59999999999991,2204.0,1313.4,117.59999999999991,34.00000000000006,1915.4,505.2,38.0
677,98.0,904.4,1133.0,153.19999999999993,100.25,2090.25,1348.25,115.0,98.0,599.5,788.0,157.5,93.84999999999991,557.5,1370.0,170.5,94.0,1317.0,1007.0,129.0,88.33333333333337,2379.3333333333335,754.6666666666666,113.66666666666652,96.0,617.0,877.0,178.0,100.33333333333326,1061.3333333333333,1719.0,128.33333333333348,103.1875,1927.875,452.0625,103.5625,89.20000000000005,2199.0,1314.3,116.19999999999982,34.0,1911.8,505.4,38.0
678,98.0,900.6,1133.0,151.80000000000007,99.5,2088.5,1347.5,106.0,98.0,597.3333333333334,787.0,156.66666666666663,92.90000000000009,556.0,1370.0,172.0,94.33333333333337,1310.6666666666667,1005.6666666666666,135.33333333333326,88.88888888888891,2375.222222222222,754.4444444444445,109.77777777777783,94.0,613.6666666666666,877.0,180.33333333333337,99.88888888888891,1053.888888888889,1721.3333333333333,123.22222222222217,103.125,1922.25,452.375,102.375,89.79999999999995,2194.0,1315.2,114.80000000000018,34.0,1908.2,505.6,38.0
679,98.0,896.8,1133.0,150.4000000000001,98.75,2086.75,1346.75,97.0,98.0,595.1666666666666,786.0,155.83333333333337,91.95000000000005,554.5,1370.0,173.5,94.66666666666663,1304.3333333333333,1004.3333333333334,141.66666666666674,89.44444444444446,2371.1111111111113,754.2222222222222,105.88888888888869,92.0,610.3333333333334,877.0,182.66666666666663,99.44444444444434,1046.4444444444443,1723.6666666666667,118.11111111111131,103.0625,1916.625,452.6875,101.1875,90.40000000000009,2189.0,1316.1,113.40000000000009,33.99999999999994,1904.6,505.8,38.0
680,98.0,893.0,1133.0,149.0,98.0,2085.0,1346.0,88.0,98.0,593.0,785.0,155.0,91.0,553.0,1370.0,175.0,95.0,1298.0,1003.0,148.0,90.0,2367.0,754.0,102.0,90.0,607.0,877.0,185.0,99.0,1039.0,1726.0,113.0,103.0,1911.0,453.0,100.0,91.0,2184.0,1317.0,112.0,34.0,1901.0,506.0,38.0
681,97.77777777777783,888.7777777777778,1133.2222222222222,151.44444444444434,96.90000000000009,2077.0,1345.6,92.0,95.70000000000005,590.3,784.0,157.60000000000002,91.25,552.75,1370.05,175.0,97.57142857142856,1290.5714285714287,999.2857142857143,149.71428571428555,90.0,2351.6666666666665,753.6666666666666,111.33333333333348,90.5,603.75,876.75,188.0,99.75,1033.75,1727.25,117.0,103.19999999999999,1903.0,453.3333333333333,100.59999999999991,90.79999999999995,2179.6,1318.0,116.20000000000027,34.0,1895.4,505.4,37.399999999999864
682,97.55555555555566,884.5555555555555,1133.4444444444443,153.8888888888888,95.79999999999995,2069.0,1345.2,96.0,93.39999999999998,587.6,783.0,160.19999999999993,91.5,552.5,1370.1,175.0,100.14285714285722,1283.142857142857,995.5714285714286,151.42857142857156,90.0,2336.3333333333335,753.3333333333334,120.66666666666652,91.0,600.5,876.5,191.0,100.5,1028.5,1728.5,121.0,103.40000000000003,1895.0,453.6666666666667,101.20000000000005,90.59999999999991,2175.2,1319.0,120.40000000000009,33.99999999999994,1889.8,504.8,36.799999999999955
683,97.33333333333326,880.3333333333334,1133.6666666666667,156.33333333333337,94.70000000000005,2061.0,1344.8,100.0,91.10000000000002,584.9,782.0,162.80000000000007,91.75,552.25,1370.15,175.0,102.71428571428578,1275.7142857142858,991.8571428571429,153.1428571428571,90.0,2321.0,753.0,130.0,91.5,597.25,876.25,194.0,101.25,1023.25,1729.75,125.0,103.60000000000002,1887.0,454.0,101.79999999999995,90.40000000000009,2170.8,1320.0,124.59999999999991,34.00000000000006,1884.2,504.2,36.200000000000045
684,97.11111111111109,876.1111111111111,1133.888888888889,158.77777777777783,93.59999999999991,2053.0,1344.4,104.0,88.79999999999995,582.2,781.0,165.39999999999998,92.0,552.0,1370.2,175.0,105.28571428571422,1268.2857142857142,988.1428571428571,154.8571428571429,90.0,2314.5,752.5,134.0,92.0,594.0,876.0,197.0,102.0,1018.0,1731.0,129.0,103.80000000000001,1879.0,454.3333333333333,102.40000000000009,90.20000000000005,2166.4,1321.0,128.79999999999973,34.0,1878.6,503.6,35.600000000000136
685,96.88888888888891,871.8888888888889,1134.111111111111,161.22222222222217,92.5,2045.0,1344.0,108.0,86.5,579.5,780.0,168.0,92.25,551.75,1370.25,175.0,107.85714285714278,1260.857142857143,984.4285714285714,156.57142857142844,90.0,2308.0,752.0,138.0,91.66666666666674,590.8333333333334,875.6666666666666,195.0,102.5,1012.5,1732.25,134.25,103.99999999999994,1871.0,454.6666666666667,103.0,90.0,2162.0,1322.0,133.0,34.0,1873.0,503.0,35.0
686,96.66666666666674,867.6666666666666,1134.3333333333333,163.66666666666663,91.40000000000009,2037.0,1343.6,112.0,84.20000000000005,576.8,779.0,170.60000000000002,92.5,551.5,1370.3,175.0,110.42857142857144,1253.4285714285713,980.7142857142857,158.28571428571445,90.0,2306.4285714285716,751.8571428571429,130.71428571428578,91.33333333333326,587.6666666666666,875.3333333333334,193.0,103.0,1007.0,1733.5,139.5,104.20000000000005,1863.0,455.0,103.59999999999991,89.79999999999995,2157.8,1322.8,132.0,34.0,1864.8,499.6,35.0
687,96.44444444444434,863.4444444444445,1134.5555555555557,166.1111111111112,90.29999999999995,2029.0,1343.2,116.0,81.89999999999998,574.1,778.0,173.19999999999993,92.75,551.25,1370.35,175.0,113.0,1246.0,977.0,160.0,90.0,2304.8571428571427,751.7142857142857,123.42857142857156,91.0,584.5,875.0,191.0,103.5,1001.5,1734.75,144.75,104.40000000000003,1855.0,455.3333333333333,104.20000000000005,89.60000000000014,2153.6,1323.6,131.0,34.00000000000006,1856.6,496.2,35.0
688,96.22222222222217,859.2222222222222,1134.7777777777778,168.55555555555566,89.20000000000005,2021.0,1342.8,120.0,79.60000000000002,571.4,777.0,175.80000000000007,93.0,551.0,1370.4,175.0,115.33333333333337,1239.8333333333333,976.1666666666666,160.33333333333348,90.0,2303.285714285714,751.5714285714286,116.14285714285734,90.66666666666674,581.3333333333334,874.6666666666666,189.0,104.0,996.0,1736.0,150.0,104.59999999999997,1847.0,455.6666666666667,104.79999999999995,89.39999999999986,2149.4,1324.4,130.0,33.99999999999994,1848.4,492.8,35.0
689,96.0,855.0,1135.0,171.0,88.09999999999991,2013.0,1342.4,124.0,77.29999999999995,568.7,776.0,178.39999999999998,93.25,550.75,1370.45,175.0,117.66666666666663,1233.6666666666667,975.3333333333334,160.66666666666652,90.0,2301.714285714286,751.4285714285714,108.85714285714266,90.33333333333326,578.1666666666666,874.3333333333334,187.0,104.71428571428555,989.0,1737.7142857142858,146.28571428571422,104.79999999999995,1839.0,456.0,105.40000000000009,89.20000000000005,2145.2,1325.2,129.0,34.0,1840.2,489.4,35.0
690,95.81818181818176,850.7272727272727,1135.1818181818182,169.0,87.0,2005.0,1342.0,128.0,75.0,566.0,775.0,181.0,93.5,550.5,1370.5,175.0,120.0,1227.5,974.5,161.0,90.0,2300.1428571428573,751.2857142857143,101.57142857142844,90.0,575.0,874.0,185.0,105.42857142857156,982.0,1739.4285714285713,142.57142857142867,105.00000000000006,1831.0,456.3333333333333,106.0,89.0,2141.0,1326.0,128.0,34.0,1832.0,486.0,35.0
691,95.63636363636374,846.4545454545455,1135.3636363636363,167.0,88.79999999999995,2000.5,1337.3,125.09999999999991,77.5,561.5,773.5,182.0,93.75,550.25,1370.55,175.0,122.33333333333337,1221.3333333333333,973.6666666666666,161.33333333333348,90.0,2298.5714285714284,751.1428571428571,94.28571428571422,90.0,572.5,873.2,185.0,106.14285714285711,975.0,1741.142857142857,138.8571428571429,105.19999999999999,1823.0,456.6666666666667,106.59999999999991,88.79999999999995,2136.8,1326.8,127.0,34.0,1822.6,484.0,35.0
692,95.4545454545455,842.1818181818181,1135.5454545454545,165.0,90.60000000000014,1996.0,1332.6,122.19999999999982,80.0,557.0,772.0,183.0,94.0,550.0,1370.6,175.0,124.66666666666663,1215.1666666666667,972.8333333333334,161.66666666666652,90.0,2297.0,751.0,87.0,90.0,570.0,872.4,185.0,106.85714285714289,968.0,1742.857142857143,135.1428571428571,105.39999999999998,1815.0,457.0,107.20000000000005,88.60000000000014,2132.6,1327.6,126.0,34.0,1813.2,482.0,35.0
693,95.27272727272725,837.9090909090909,1135.7272727272727,163.0,92.39999999999986,1991.5,1327.9,119.30000000000018,82.5,552.5,770.5,184.0,94.25,549.75,1370.65,175.0,127.0,1209.0,972.0,162.0,90.0,2280.5,750.0,98.25,90.0,567.5,871.6,185.0,107.57142857142844,961.0,1744.5714285714287,131.42857142857133,105.59999999999997,1807.0,457.3333333333333,107.79999999999995,88.39999999999986,2128.4,1328.4,125.0,34.0,1803.8,480.0,35.0
694,95.09090909090901,833.6363636363636,1135.909090909091,161.0,94.20000000000005,1987.0,1323.2,116.40000000000009,85.0,548.0,769.0,185.0,94.5,549.5,1370.7,175.0,127.28571428571422,1203.0,970.1428571428571,162.57142857142867,90.0,2264.0,749.0,109.5,90.0,565.0,870.8,185.0,108.28571428571445,954.0,1746.2857142857142,127.71428571428578,105.80000000000001,1799.0,457.6666666666667,108.40000000000009,88.20000000000005,2124.2,1329.2,124.0,34.0,1794.4,478.0,35.0
695,94.90909090909099,829.3636363636364,1136.090909090909,159.0,96.0,1982.5,1318.5,113.5,87.5,543.5,767.5,186.0,94.75,549.25,1370.75,175.0,127.57142857142856,1197.0,968.2857142857143,163.1428571428571,90.0,2247.5,748.0,120.75,90.0,562.5,870.0,185.0,109.0,947.0,1748.0,124.0,106.0,1791.0,458.0,109.0,88.0,2120.0,1330.0,123.0,34.0,1785.0,476.0,35.0
696,94.72727272727275,825.0909090909091,1136.2727272727273,157.0,97.79999999999995,1978.0,1313.8,110.59999999999991,90.0,539.0,766.0,187.0,95.0,549.0,1370.8,175.0,127.85714285714278,1191.0,966.4285714285714,163.71428571428578,90.0,2231.0,747.0,132.0,90.0,560.0,869.2,185.0,110.0,944.0,1748.2,125.20000000000005,106.20000000000005,1786.0,458.4,110.0,87.79999999999995,2115.8,1330.8,122.0,34.0,1777.2,477.4,35.0
697,94.5454545454545,820.8181818181819,1136.4545454545455,155.0,99.60000000000014,1973.5,1309.1,107.69999999999982,92.5,534.5,764.5,188.0,95.25,548.75,1370.85,175.0,128.14285714285722,1185.0,964.5714285714286,164.28571428571422,90.0,2226.5,746.5,133.25,90.0,557.5,868.4,185.0,111.0,941.0,1748.4,126.40000000000009,106.40000000000003,1781.0,458.8,111.0,87.60000000000014,2111.6,1331.6,121.0,33.99999999999994,1769.4,478.8,35.0
698,94.36363636363626,816.5454545454545,1136.6363636363637,153.0,101.39999999999986,1969.0,1304.4,104.80000000000018,95.0,530.0,763.0,189.0,95.5,548.5,1370.9,175.0,128.42857142857144,1179.0,962.7142857142857,164.8571428571429,90.0,2222.0,746.0,134.5,90.0,555.0,867.6,185.0,112.0,938.0,1748.6,127.59999999999991,106.59999999999997,1776.0,459.2,112.0,87.39999999999986,2107.4,1332.4,120.0,34.00000000000006,1761.6,480.2,35.0
699,94.18181818181824,812.2727272727273,1136.8181818181818,151.0,103.20000000000005,1964.5,1299.7,101.90000000000009,97.5,525.5,761.5,190.0,95.75,548.25,1370.95,175.0,128.71428571428578,1173.0,960.8571428571429,165.42857142857133,90.0,2217.5,745.5,135.75,90.0,552.5,866.8,185.0,113.0,935.0,1748.8,128.79999999999995,106.79999999999995,1771.0,459.6,113.0,87.20000000000005,2103.2,1333.2,119.0,34.0,1753.8,481.6,35.0
700,94.0,808.0,1137.0,149.0,105.0,1960.0,1295.0,99.0,100.0,521.0,760.0,191.0,96.0,548.0,1371.0,175.0,129.0,1167.0,959.0,166.0,90.0,2213.0,745.0,137.0,90.0,550.0,866.0,185.0,114.0,932.0,1749.0,130.0,107.0,1766.0,460.0,114.0,87.0,2099.0,1334.0,118.0,34.0,1746.0,483.0,35.0
701,94.0,804.2222222222222,1136.4444444444443,151.8888888888889,105.25,1955.0,1293.0,105.25,100.0769230769231,518.0769230769231,760.0769230769231,190.76923076923072,96.0,547.7,1371.1,175.0999999999999,129.0,1162.9,956.0,164.75,89.5454545454545,2205.6363636363635,744.7272727272727,136.4545454545455,90.04999999999995,547.75,865.0,185.04999999999995,113.0,927.65,1751.2,131.5000000000001,107.20000000000005,1757.45,459.15,115.45000000000005,87.40000000000009,2094.133333333333,1334.8,118.80000000000018,34.0,1738.0,485.0,35.0
702,94.0,800.4444444444445,1135.888888888889,154.77777777777771,105.5,1950.0,1291.0,111.5,100.15384615384608,515.1538461538462,760.1538461538462,190.53846153846155,96.0,547.4,1371.2,175.20000000000005,129.0,1158.8,953.0,163.5,89.09090909090901,2198.2727272727275,744.4545454545455,135.90909090909054,90.10000000000002,545.5,864.0,185.10000000000002,112.0,923.3,1753.4,133.0,107.40000000000003,1748.9,458.3,116.89999999999986,87.80000000000018,2089.266666666667,1335.6,119.59999999999991,34.0,1732.75,481.5,35.0
703,94.0,796.6666666666666,1135.3333333333333,157.66666666666674,105.75,1945.0,1289.0,117.75,100.23076923076917,512.2307692307693,760.2307692307693,190.30769230769226,96.0,547.1,1371.3,175.29999999999995,129.0,1154.7,950.0,162.25,88.63636363636374,2190.909090909091,744.1818181818181,135.3636363636365,90.14999999999998,543.25,863.0,185.14999999999998,111.0,918.95,1755.6,134.5,107.59999999999997,1740.35,457.45,118.35000000000014,88.19999999999982,2084.4,1336.4,120.40000000000009,34.0,1727.5,478.0,35.0
704,94.0,792.8888888888889,1134.7777777777778,160.55555555555554,106.0,1940.0,1287.0,124.0,100.30769230769238,509.3076923076923,760.3076923076923,190.07692307692304,96.0,546.8,1371.4,175.4000000000001,129.0,1150.6,947.0,161.0,88.18181818181824,2183.5454545454545,743.9090909090909,134.81818181818198,90.20000000000005,541.0,862.0,185.20000000000005,110.0,914.6,1757.8,135.9999999999999,107.79999999999995,1731.8,456.6,119.79999999999995,88.59999999999991,2079.5333333333333,1337.2,121.19999999999982,34.0,1722.25,474.5,35.0
705,94.0,789.1111111111111,1134.2222222222222,163.44444444444446,105.75,1935.0625,1284.9375,124.625,100.38461538461536,506.38461538461536,760.3846153846154,189.84615384615392,96.0,546.5,1371.5,175.5,129.0,1146.5,944.0,159.75,87.72727272727275,2176.181818181818,743.6363636363636,134.27272727272748,90.25,538.75,861.0,185.25,109.0,910.25,1760.0,137.5,108.0,1723.25,455.75,121.25,89.0,2074.6666666666665,1338.0,122.0,34.0,1717.0,471.0,35.0
706,94.0,785.3333333333334,1133.6666666666667,166.33333333333326,105.5,1930.125,1282.875,125.25,100.46153846153845,503.46153846153845,760.4615384615385,189.61538461538464,96.0,546.2,1371.6,175.5999999999999,129.0,1142.4,941.0,158.5,87.27272727272725,2168.818181818182,743.3636363636364,133.72727272727252,90.29999999999995,536.5,860.0,185.29999999999995,108.0,905.9,1762.2,139.0000000000001,108.20000000000005,1714.7,454.9,122.70000000000005,89.40000000000009,2069.8,1338.8,122.79999999999973,34.0,1712.0,467.2,35.0
707,94.0,781.5555555555555,1133.111111111111,169.22222222222229,105.25,1925.1875,1280.8125,125.875,100.53846153846155,500.53846153846155,760.5384615384615,189.38461538461536,96.0,545.9,1371.7,175.70000000000005,129.0,1138.3,938.0,157.25,86.81818181818176,2161.4545454545455,743.0909090909091,133.18181818181802,90.35000000000002,534.25,859.0,185.35000000000002,107.0,901.55,1764.4,140.5,108.40000000000003,1706.15,454.05,124.14999999999986,89.80000000000018,2064.9333333333334,1339.6,123.59999999999991,34.0,1707.0,463.4,35.0
708,94.0,777.7777777777778,1132.5555555555557,172.1111111111111,105.0,1920.25,1278.75,126.5,100.61538461538464,497.61538461538464,760.6153846153846,189.15384615384608,96.0,545.6,1371.8,175.79999999999995,129.0,1134.2,935.0,156.0,86.36363636363626,2154.090909090909,742.8181818181819,132.6363636363635,90.39999999999998,532.0,858.0,185.39999999999998,106.0,897.2,1766.6,142.0,108.59999999999997,1697.6,453.2,125.60000000000014,90.19999999999982,2060.0666666666666,1340.4,124.40000000000009,34.0,1702.0,459.6,35.0
709,94.0,774.0,1132.0,175.0,104.75,1915.3125,1276.6875,127.125,100.69230769230762,494.6923076923077,760.6923076923077,188.92307692307696,96.0,545.3,1371.9,175.9000000000001,129.0,1130.1,932.0,154.75,85.90909090909099,2146.7272727272725,742.5454545454545,132.09090909090946,90.45000000000005,529.75,857.0,185.45000000000005,105.0,892.85,1768.8,143.4999999999999,108.79999999999995,1689.05,452.35,127.04999999999995,90.59999999999991,2055.2,1341.2,125.20000000000027,34.0,1697.0,455.8,35.0
710,94.0,770.2727272727273,1131.3636363636363,172.81818181818187,104.5,1910.375,1274.625,127.75,100.76923076923083,491.7692307692308,760.7692307692307,188.69230769230768,96.0,545.0,1372.0,176.0,129.0,1126.0,929.0,153.5,85.4545454545455,2139.3636363636365,742.2727272727273,131.5454545454545,90.5,527.5,856.0,185.5,104.0,888.5,1771.0,145.0,109.0,1680.5,451.5,128.5,91.0,2050.3333333333335,1342.0,126.0,34.0,1692.0,452.0,35.0
711,94.0,766.5454545454545,1130.7272727272727,170.63636363636363,104.25,1905.4375,1272.5625,128.375,100.84615384615392,488.84615384615387,760.8461538461538,188.4615384615384,95.09999999999991,543.8,1372.0,177.20000000000005,129.0,1121.9,926.0,152.25,85.0,2132.0,742.0,131.0,90.54999999999995,525.25,855.0,185.54999999999995,103.0,884.15,1773.2,146.5000000000001,109.20000000000005,1671.95,450.65,129.95000000000005,91.40000000000009,2045.4666666666667,1342.8,126.80000000000018,34.0,1684.4,450.2,35.0
712,94.0,762.8181818181819,1130.090909090909,168.45454545454538,104.0,1900.5,1270.5,129.0,100.9230769230769,485.9230769230769,760.9230769230769,188.23076923076928,94.20000000000005,542.6,1372.0,178.39999999999998,129.0,1117.8,923.0,151.0,84.66666666666674,2130.1111111111113,741.6666666666666,124.88888888888869,90.60000000000002,523.0,854.0,185.60000000000002,102.0,879.8,1775.4,148.0,109.40000000000003,1663.4,449.8,131.39999999999986,91.80000000000018,2040.6,1343.6,127.59999999999991,34.0,1676.8,448.4,35.0
713,94.0,759.0909090909091,1129.4545454545455,166.27272727272725,103.75,1895.5625,1268.4375,129.625,101.0,483.0,761.0,188.0,93.29999999999995,541.4,1372.0,179.60000000000002,129.0,1113.7,920.0,149.75,84.33333333333326,2128.222222222222,741.3333333333334,118.77777777777783,90.64999999999998,520.75,853.0,185.64999999999998,101.0,875.45,1777.6,149.5,109.59999999999997,1654.85,448.95,132.85000000000014,92.19999999999982,2035.7333333333333,1344.4,128.39999999999986,34.0,1669.2,446.6,35.0
714,94.0,755.3636363636364,1128.8181818181818,164.09090909090912,103.5,1890.625,1266.375,130.25,101.14285714285711,480.14285714285717,761.0,184.14285714285717,92.40000000000009,540.2,1372.0,180.79999999999995,129.0,1109.6,917.0,148.5,84.0,2126.3333333333335,741.0,112.66666666666652,90.70000000000005,518.5,852.0,185.70000000000005,100.0,871.1,1779.8,151.0,109.79999999999995,1646.3,448.1,134.29999999999995,92.59999999999991,2030.8666666666666,1345.2,129.20000000000005,34.0,1661.6,444.8,35.0
715,94.0,751.6363636363636,1128.1818181818182,161.90909090909088,103.25,1885.6875,1264.3125,130.875,101.28571428571433,477.2857142857143,761.0,180.28571428571428,91.5,539.0,1372.0,182.0,129.0,1105.5,914.0,147.25,83.66666666666674,2124.4444444444443,740.6666666666666,106.55555555555566,90.75,516.25,851.0,185.75,99.0,866.75,1782.0,152.5,110.0,1637.75,447.25,135.75,93.0,2026.0,1346.0,130.0,34.0,1654.0,443.0,35.0
716,94.0,747.9090909090909,1127.5454545454545,159.72727272727275,103.0,1880.75,1262.25,131.5,101.42857142857144,474.42857142857144,761.0,176.42857142857144,90.59999999999991,537.8,1372.0,183.20000000000005,129.0,1101.4,911.0,146.0,83.33333333333326,2122.5555555555557,740.3333333333334,100.44444444444434,90.79999999999995,514.0,850.0,185.79999999999995,98.0,862.4,1784.2,154.0,110.20000000000005,1629.2,446.4,137.20000000000005,93.0,2024.4,1346.8,127.59999999999991,34.0,1643.4,442.4,35.0
717,94.0,744.1818181818181,1126.909090909091,157.54545454545462,102.75,1875.8125,1260.1875,132.125,101.57142857142856,471.57142857142856,761.0,172.57142857142856,89.70000000000005,536.6,1372.0,184.39999999999998,129.0,1097.3,908.0,144.75,83.0,2120.6666666666665,740.0,94.33333333333348,90.85000000000002,511.75,849.0,185.85000000000002,97.0,858.05,1786.4,155.5,110.40000000000003,1620.65,445.55,138.64999999999986,93.0,2022.8,1347.6,125.20000000000005,34.0,1632.8,441.8,35.0
718,94.0,740.4545454545455,1126.2727272727273,155.36363636363626,102.5,1870.875,1258.125,132.75,101.71428571428567,468.7142857142857,761.0,168.71428571428572,88.79999999999995,535.4,1372.0,185.60000000000002,129.0,1093.2,905.0,143.5,82.66666666666674,2118.777777777778,739.6666666666666,88.22222222222217,90.89999999999998,509.5,848.0,185.89999999999998,96.0,853.7,1788.6,157.0,110.59999999999997,1612.1,444.7,140.10000000000014,93.0,2021.2,1348.4,122.79999999999995,34.0,1622.2,441.2,35.0
719,94.0,736.7272727272727,1125.6363636363637,153.18181818181813,102.25,1865.9375,1256.0625,133.375,101.85714285714289,465.85714285714283,761.0,164.85714285714283,87.90000000000009,534.2,1372.0,186.79999999999995,129.0,1089.1,902.0,142.25,82.33333333333326,2116.8888888888887,739.3333333333334,82.11111111111131,90.95000000000005,507.25,847.0,185.95000000000005,95.0,849.35,1790.8,158.5,110.79999999999995,1603.55,443.85,141.54999999999995,93.0,2019.6,1349.2,120.40000000000009,34.0,1611.6,440.6,35.0
720,94.0,733.0,1125.0,151.0,102.0,1861.0,1254.0,134.0,102.0,463.0,761.0,161.0,87.0,533.0,1372.0,188.0,129.0,1085.0,899.0,141.0,82.0,2115.0,739.0,76.0,91.0,505.0,846.0,186.0,94.0,845.0,1793.0,160.0,111.0,1595.0,443.0,143.0,93.0,2018.0,1350.0,118.0,34.0,1601.0,440.0,35.0
721,93.5,729.1666666666666,1124.1666666666667,156.33333333333337,106.0,1856.5,1246.0,125.25,98.71428571428567,461.14285714285717,764.2857142857143,162.5714285714285,89.0,533.6,1369.0,187.0,126.99999999999989,1080.4285714285713,901.2857142857143,140.0,82.19999999999993,2100.4,738.6,85.79999999999973,91.89999999999998,504.8,844.45,184.49999999999994,94.34999999999991,843.45,1792.75,159.54999999999995,112.69230769230768,1591.5384615384614,443.6923076923077,139.23076923076928,93.08333333333348,2011.1666666666667,1351.3333333333333,118.99999999999977,34.0,1594.4,445.2,35.0
722,93.0,725.3333333333334,1123.3333333333333,161.66666666666663,110.0,1852.0,1238.0,116.5,95.42857142857144,459.2857142857143,767.5714285714286,164.14285714285717,91.0,534.2,1366.0,186.0,125.00000000000011,1075.857142857143,903.5714285714286,139.0,82.39999999999998,2085.8,738.2,95.59999999999991,92.80000000000007,504.6,842.9,183.0,94.70000000000005,841.9,1792.5,159.10000000000002,114.38461538461536,1588.076923076923,444.38461538461536,135.46153846153834,93.16666666666652,2004.3333333333333,1352.6666666666667,120.00000000000023,34.0,1587.8,450.4,35.0
723,92.5,721.5,1122.5,167.0,114.0,1847.5,1230.0,107.75,92.14285714285711,457.42857142857144,770.8571428571429,165.71428571428567,93.0,534.8,1363.0,185.0,123.0,1071.2857142857142,905.8571428571429,138.0,82.60000000000002,2071.2,737.8,105.40000000000009,93.69999999999993,504.4,841.35,181.5,95.04999999999995,840.35,1792.25,158.64999999999998,116.0769230769231,1584.6153846153845,445.0769230769231,131.69230769230785,93.25,1997.5,1354.0,121.0,34.0,1581.2,455.6,35.0
724,92.0,717.6666666666666,1121.6666666666667,172.33333333333337,118.0,1843.0,1222.0,99.0,88.85714285714289,455.57142857142856,774.1428571428571,167.28571428571433,95.0,535.4,1360.0,184.0,121.0,1066.7142857142858,908.1428571428571,137.0,82.80000000000007,2056.6,737.4,115.20000000000027,94.60000000000002,504.2,839.8,180.00000000000006,95.40000000000009,838.8,1792.0,158.20000000000005,117.76923076923077,1581.1538461538462,445.7692307692308,127.9230769230769,93.33333333333348,1990.6666666666667,1355.3333333333333,121.99999999999977,34.0,1574.6,460.8,35.0
725,91.5,713.8333333333334,1120.8333333333333,177.66666666666663,114.375,1838.125,1222.0,100.5,85.57142857142856,453.7142857142857,777.4285714285714,168.85714285714283,97.0,536.0,1357.0,183.0,118.99999999999989,1062.142857142857,910.4285714285714,136.0,83.0,2042.0,737.0,125.0,95.5,504.0,838.25,178.5,95.75,837.25,1791.75,157.75,119.46153846153845,1577.6923076923076,446.46153846153845,124.15384615384619,93.41666666666652,1983.8333333333333,1356.6666666666667,123.00000000000023,34.0,1568.0,466.0,35.0
726,91.0,710.0,1120.0,183.0,110.75,1833.25,1222.0,102.0,82.28571428571433,451.85714285714283,780.7142857142857,170.4285714285715,99.0,536.6,1354.0,182.0,117.00000000000011,1057.5714285714287,912.7142857142857,135.0,83.5,2035.0,736.5,130.5,96.39999999999998,503.8,836.7,176.99999999999994,96.09999999999991,835.7,1791.5,157.29999999999995,121.15384615384613,1574.2307692307693,447.15384615384613,120.38461538461524,93.5,1977.0,1358.0,124.0,34.0,1571.2,465.8,35.0
727,90.42857142857133,706.2857142857143,1119.2142857142858,181.5,107.125,1828.375,1222.0,103.5,79.0,450.0,784.0,172.0,101.0,537.2,1351.0,181.0,115.0,1053.0,915.0,134.0,84.0,2028.0,736.0,136.0,97.30000000000007,503.6,835.15,175.5,96.45000000000005,834.15,1791.25,156.85000000000002,122.84615384615387,1570.7692307692307,447.84615384615387,116.61538461538476,93.58333333333348,1970.1666666666667,1359.3333333333333,124.99999999999977,34.0,1574.4,465.6,35.0
728,89.85714285714289,702.5714285714286,1118.4285714285713,180.0,103.5,1823.5,1222.0,105.0,79.61538461538464,448.15384615384613,783.3076923076923,173.5384615384616,103.0,537.8,1348.0,180.0,112.9230769230769,1048.7692307692307,913.1538461538462,133.0769230769231,84.0,2025.0,735.0,136.0,98.19999999999993,503.4,833.6,174.0,96.79999999999995,832.6,1791.0,156.39999999999998,124.53846153846155,1567.3076923076924,448.53846153846155,112.84615384615381,93.66666666666652,1963.3333333333333,1360.6666666666667,126.00000000000023,34.0,1577.6,465.4,35.0
729,89.28571428571422,698.8571428571429,1117.642857142857,178.5,99.875,1818.625,1222.0,106.5,80.23076923076917,446.3076923076923,782.6153846153846,175.07692307692304,105.0,538.4,1345.0,179.0,110.84615384615392,1044.5384615384614,911.3076923076923,132.1538461538462,84.5,2021.6666666666667,734.0,128.16666666666674,99.10000000000002,503.2,832.05,172.50000000000006,97.15000000000009,831.05,1790.75,155.95000000000005,126.23076923076923,1563.8461538461538,449.2307692307692,109.0769230769231,93.75,1956.5,1362.0,127.0,34.0,1580.8,465.2,35.0
730,88.71428571428578,695.1428571428571,1116.857142857143,177.0,96.25,1813.75,1222.0,108.0,80.84615384615381,444.46153846153845,781.9230769230769,176.61538461538464,107.0,539.0,1342.0,178.0,108.76923076923083,1040.3076923076924,909.4615384615385,131.23076923076906,85.0,2018.3333333333333,733.0,120.33333333333326,100.0,503.0,830.5,171.0,97.5,829.5,1790.5,155.5,127.9230769230769,1560.3846153846155,449.9230769230769,105.30769230769215,93.83333333333348,1949.6666666666667,1363.3333333333333,127.99999999999977,34.0,1584.0,465.0,35.0
731,88.14285714285711,691.4285714285714,1116.0714285714287,175.5,92.625,1808.875,1222.0,109.5,81.46153846153845,442.61538461538464,781.2307692307693,178.15384615384608,106.09999999999991,539.6,1341.9,177.10000000000002,106.69230769230762,1036.076923076923,907.6153846153846,130.30769230769238,85.5,2015.0,732.0,112.5,100.89999999999998,502.8,828.95,169.49999999999994,97.84999999999991,827.95,1790.25,155.04999999999995,129.61538461538464,1556.923076923077,450.61538461538464,101.53846153846166,93.91666666666652,1942.8333333333333,1364.6666666666667,129.00000000000023,34.0,1587.5,462.0,35.0
732,87.57142857142867,687.7142857142857,1115.2857142857142,174.0,89.0,1804.0,1222.0,111.0,82.0769230769231,440.7692307692308,780.5384615384615,179.69230769230768,105.20000000000005,540.2,1341.8,176.19999999999993,104.61538461538464,1031.8461538461538,905.7692307692307,129.38461538461547,86.0,2011.6666666666667,731.0,104.66666666666674,101.80000000000007,502.6,827.4,168.0,98.20000000000005,826.4,1790.0,154.60000000000002,131.30769230769232,1553.4615384615386,451.3076923076923,97.76923076923072,94.0,1936.0,1366.0,130.0,34.0,1591.0,459.0,35.0
733,87.0,684.0,1114.5,172.5,88.79999999999995,1800.0,1218.0,110.40000000000009,82.69230769230774,438.9230769230769,779.8461538461538,181.23076923076928,104.29999999999995,540.8,1341.7,175.30000000000007,102.53846153846155,1027.6153846153845,903.9230769230769,128.46153846153857,86.5,2008.3333333333333,730.0,96.83333333333326,102.69999999999993,502.4,825.85,166.5,98.54999999999995,824.85,1789.75,154.14999999999998,133.0,1550.0,452.0,94.0,96.0,1934.5,1365.75,129.0,34.0,1589.6666666666667,461.3333333333333,35.0
734,86.42857142857133,680.2857142857143,1113.7142857142858,171.0,88.59999999999991,1796.0,1214.0,109.79999999999995,83.30769230769226,437.0769230769231,779.1538461538462,182.76923076923072,103.40000000000009,541.4,1341.6,174.39999999999998,100.46153846153845,1023.3846153846154,902.0769230769231,127.53846153846155,87.0,2005.0,729.0,89.0,103.60000000000002,502.2,824.3,165.00000000000006,98.90000000000009,823.3,1789.5,153.70000000000005,127.71428571428572,1545.142857142857,457.2857142857143,96.71428571428578,98.0,1933.0,1365.5,128.0,34.0,1588.3333333333333,463.6666666666667,35.0
735,85.85714285714289,676.5714285714286,1112.9285714285713,169.5,88.40000000000009,1792.0,1210.0,109.20000000000005,83.9230769230769,435.2307692307692,778.4615384615385,184.30769230769232,102.5,542.0,1341.5,173.5,98.38461538461536,1019.1538461538462,900.2307692307693,126.61538461538453,87.5,1994.1666666666667,728.8333333333334,95.66666666666674,104.5,502.0,822.75,163.5,99.25,821.75,1789.25,153.25,122.42857142857144,1540.2857142857142,462.57142857142856,99.42857142857156,100.0,1931.5,1365.25,127.0,34.0,1587.0,466.0,35.0
736,85.28571428571422,672.8571428571429,1112.142857142857,168.0,88.20000000000005,1788.0,1206.0,108.59999999999991,84.53846153846155,433.38461538461536,777.7692307692307,185.84615384615392,101.59999999999991,542.6,1341.4,172.60000000000002,96.30769230769238,1014.9230769230769,898.3846153846154,125.69230769230762,88.0,1983.3333333333333,728.6666666666666,102.33333333333326,105.39999999999998,501.8,821.2,161.99999999999994,99.59999999999991,820.2,1789.0,152.79999999999995,117.14285714285717,1535.4285714285713,467.85714285714283,102.14285714285734,102.0,1930.0,1365.0,126.0,34.0,1582.0,469.0,35.0
737,84.71428571428578,669.1428571428571,1111.357142857143,166.5,88.0,1784.0,1202.0,108.0,85.15384615384619,431.53846153846155,777.0769230769231,187.38461538461536,100.70000000000005,543.2,1341.3,171.69999999999993,94.23076923076917,1010.6923076923077,896.5384615384615,124.76923076923083,88.5,1972.5,728.5,109.0,106.30000000000007,501.6,819.65,160.5,99.95000000000005,818.65,1788.75,152.35000000000002,111.85714285714283,1530.5714285714287,473.14285714285717,104.85714285714266,100.75,1928.75,1368.0,118.0,34.0,1571.5,474.0,35.0
738,84.14285714285711,665.4285714285714,1110.5714285714287,165.0,87.66666666666674,1780.0,1198.0,100.66666666666674,85.76923076923083,429.6923076923077,776.3846153846154,188.92307692307696,99.79999999999995,543.8,1341.2,170.80000000000007,92.15384615384608,1006.4615384615385,894.6923076923077,123.84615384615392,89.0,1961.6666666666667,728.3333333333334,115.66666666666674,107.19999999999993,501.4,818.1,159.0,100.29999999999995,817.1,1788.5,151.89999999999998,106.57142857142856,1525.7142857142858,478.42857142857144,107.57142857142844,99.5,1927.5,1371.0,110.0,34.0,1561.0,479.0,35.0
739,83.57142857142867,661.7142857142857,1109.7857142857142,163.5,87.33333333333326,1776.0,1194.0,93.33333333333326,86.38461538461536,427.84615384615387,775.6923076923077,190.4615384615384,98.90000000000009,544.4,1341.1,169.89999999999998,90.0769230769231,1002.2307692307693,892.8461538461538,122.9230769230769,89.5,1950.8333333333333,728.1666666666666,122.33333333333326,108.10000000000002,501.2,816.55,157.50000000000006,100.65000000000009,815.55,1788.25,151.45000000000005,101.28571428571428,1520.857142857143,483.7142857142857,110.28571428571422,98.25,1926.25,1374.0,102.0,34.0,1544.0,502.5,35.0
740,83.0,658.0,1109.0,162.0,87.0,1772.0,1190.0,86.0,87.0,426.0,775.0,192.0,98.0,545.0,1341.0,169.0,88.0,998.0,891.0,122.0,90.0,1940.0,728.0,129.0,109.0,501.0,815.0,156.0,101.0,814.0,1788.0,151.0,96.0,1516.0,489.0,113.0,97.0,1925.0,1377.0,94.0,34.0,1527.0,526.0,35.0
741,84.0,655.0,1107.25,166.75,88.25,1764.5,1184.25,94.0,87.46153846153845,425.9230769230769,774.1538461538462,189.9230769230769,98.75,545.75,1340.45,168.10000000000002,89.19999999999993,996.5,888.2,122.0,89.5,1934.0,727.5,133.0,109.0,501.65,811.95,156.0,100.83333333333348,814.5,1788.3333333333333,150.0,112.66666666666669,1515.0,488.6666666666667,114.33333333333326,96.5,1917.75,1378.125,99.0,34.60000000000002,1508.6,553.0,36.40000000000009
742,85.0,652.0,1105.5,171.5,89.5,1757.0,1178.5,102.0,87.92307692307702,425.84615384615387,773.3076923076923,187.84615384615387,99.5,546.5,1339.9,167.20000000000005,90.39999999999998,995.0,885.4,122.0,89.0,1928.0,727.0,137.0,109.0,502.3,808.9,155.99999999999994,100.66666666666652,815.0,1788.6666666666667,149.0,129.33333333333331,1514.0,488.3333333333333,115.66666666666674,96.0,1910.5,1379.25,104.0,35.200000000000045,1490.2,580.0,37.799999999999955
743,86.0,649.0,1103.75,176.25,90.75,1749.5,1172.75,110.0,88.38461538461536,425.7692307692308,772.4615384615385,185.76923076923077,100.25,547.25,1339.35,166.29999999999995,91.60000000000002,993.5,882.6,122.0,88.42857142857144,1921.642857142857,726.5714285714286,136.57142857142867,109.0,502.95,805.85,156.00000000000006,100.5,815.5,1789.0,148.0,146.0,1513.0,488.0,117.0,95.5,1903.25,1380.375,109.0,35.799999999999955,1471.8,607.0,39.200000000000045
744,87.0,646.0,1102.0,181.0,92.0,1742.0,1167.0,118.0,88.84615384615381,425.6923076923077,771.6153846153846,183.69230769230768,101.0,548.0,1338.8,165.39999999999998,92.80000000000007,992.0,879.8,122.0,87.85714285714289,1915.2857142857142,726.1428571428571,136.14285714285734,109.0,503.6,802.8,156.0,100.33333333333348,816.0,1789.3333333333333,147.0,135.5,1514.25,490.5,115.25,95.0,1896.0,1381.5,114.0,36.39999999999998,1453.4,634.0,40.59999999999991
745,87.8125,643.0625,1100.375,179.8125,92.59999999999991,1735.0,1164.2,122.79999999999995,89.30769230769238,425.61538461538464,770.7692307692307,181.61538461538464,101.75,548.75,1338.25,164.5,94.0,990.5,877.0,122.0,87.28571428571433,1908.9285714285713,725.7142857142857,135.71428571428578,109.0,504.25,799.75,156.0,100.16666666666652,816.5,1789.6666666666667,146.0,125.0,1515.5,493.0,113.5,94.5,1888.75,1382.625,119.0,37.0,1435.0,661.0,42.0
746,88.625,640.125,1098.75,178.625,93.19999999999982,1728.0,1161.4,127.59999999999991,89.76923076923083,425.53846153846155,769.9230769230769,179.53846153846155,102.5,549.5,1337.7,163.60000000000002,95.19999999999993,989.0,874.2,122.0,86.71428571428567,1902.5714285714287,725.2857142857143,135.28571428571422,109.0,504.9,796.7,156.0,100.0,817.0,1790.0,145.0,114.5,1516.75,495.5,111.75,94.0,1881.5,1383.75,124.0,37.80000000000007,1417.6,692.4,42.600000000000136
747,89.4375,637.1875,1097.125,177.4375,93.80000000000018,1721.0,1158.6,132.4000000000001,90.23076923076917,425.46153846153845,769.0769230769231,177.46153846153845,103.25,550.25,1337.15,162.70000000000005,96.39999999999998,987.5,871.4,122.0,86.14285714285711,1896.2142857142858,724.8571428571429,134.8571428571429,109.0,505.55,793.65,155.99999999999994,99.81818181818198,820.0,1789.8181818181818,146.63636363636363,104.0,1518.0,498.0,110.0,93.5,1874.25,1384.875,129.0,38.60000000000002,1400.2,723.8,43.200000000000045
748,90.25,634.25,1095.5,176.25,94.40000000000009,1714.0,1155.8,137.20000000000005,90.69230769230762,425.38461538461536,768.2307692307693,175.38461538461536,104.0,551.0,1336.6,161.79999999999995,97.60000000000002,986.0,868.6,122.0,85.57142857142856,1889.857142857143,724.4285714285714,134.42857142857133,109.0,506.2,790.6,156.00000000000006,99.63636363636351,823.0,1789.6363636363637,148.27272727272725,105.07692307692304,1516.5384615384614,496.84615384615387,111.53846153846166,93.0,1867.0,1386.0,134.0,39.39999999999998,1382.8,755.2,43.799999999999955
749,91.0625,631.3125,1093.875,175.0625,95.0,1707.0,1153.0,142.0,91.15384615384619,425.3076923076923,767.3846153846154,173.30769230769232,104.75,551.75,1336.05,160.89999999999998,98.80000000000007,984.5,865.8,122.0,85.0,1883.5,724.0,134.0,109.0,506.85,787.55,156.0,99.4545454545455,826.0,1789.4545454545455,149.90909090909088,106.15384615384613,1515.076923076923,495.6923076923077,113.0769230769231,92.75,1866.75,1386.75,131.0,40.19999999999993,1365.4,786.6,44.399999999999864
750,91.875,628.375,1092.25,173.875,94.71428571428578,1704.142857142857,1149.4285714285713,135.0,91.61538461538464,425.2307692307692,766.5384615384615,171.23076923076923,105.5,552.5,1335.5,160.0,100.0,983.0,863.0,122.0,84.42857142857144,1877.142857142857,723.5714285714286,133.57142857142867,109.0,507.5,784.5,156.0,99.27272727272725,829.0,1789.2727272727273,151.5454545454545,107.23076923076917,1513.6153846153845,494.53846153846155,114.61538461538476,92.5,1866.5,1387.5,128.0,41.0,1348.0,818.0,45.0
751,92.6875,625.4375,1090.625,172.6875,94.42857142857133,1701.2857142857142,1145.857142857143,128.0,92.07692307692298,425.15384615384613,765.6923076923077,169.15384615384613,106.25,553.25,1334.95,159.10000000000002,101.25,980.0,860.5,125.0,83.85714285714289,1870.7857142857142,723.1428571428571,133.1428571428571,109.0,508.15,781.45,156.0,99.09090909090924,832.0,1789.090909090909,153.18181818181813,108.30769230769238,1512.1538461538462,493.38461538461536,116.15384615384619,92.25,1866.25,1388.25,125.0,41.200000000000045,1332.2,850.8,44.59999999999991
752,93.5,622.5,1089.0,171.5,94.14285714285711,1698.4285714285713,1142.2857142857142,121.0,92.53846153846155,425.0769230769231,764.8461538461538,167.0769230769231,107.0,554.0,1334.4,158.20000000000005,102.5,977.0,858.0,128.0,83.28571428571433,1864.4285714285713,722.7142857142857,132.71428571428578,109.0,508.8,778.4,155.99999999999994,98.90909090909076,835.0,1788.909090909091,154.81818181818187,109.38461538461542,1510.6923076923076,492.2307692307692,117.69230769230785,92.0,1866.0,1389.0,122.0,41.39999999999998,1316.4,883.6,44.19999999999982
753,94.3125,619.5625,1087.375,170.3125,93.85714285714289,1695.5714285714287,1138.7142857142858,114.0,93.0,425.0,764.0,165.0,107.75,554.75,1333.85,157.29999999999995,103.75,974.0,855.5,131.0,82.71428571428567,1858.0714285714287,722.2857142857143,132.28571428571422,109.0,509.45,775.35,156.00000000000006,98.72727272727275,838.0,1788.7272727272727,156.4545454545455,110.46153846153845,1509.2307692307693,491.0769230769231,119.23076923076928,91.5,1860.375,1390.25,119.25,41.60000000000002,1300.6,916.4,43.80000000000018
754,95.125,616.625,1085.75,169.125,93.57142857142867,1692.7142857142858,1135.142857142857,107.0,93.85714285714289,424.85714285714283,763.1428571428571,164.4285714285715,108.5,555.5,1333.3,156.39999999999998,105.0,971.0,853.0,134.0,82.14285714285711,1851.7142857142858,721.8571428571429,131.8571428571429,109.0,510.1,772.3,156.0,98.5454545454545,841.0,1788.5454545454545,158.09090909090912,111.53846153846155,1507.7692307692307,489.9230769230769,120.76923076923072,91.0,1854.75,1391.5,116.5,41.799999999999955,1284.8,949.2,43.40000000000009
755,95.9375,613.6875,1084.125,167.9375,93.28571428571422,1689.857142857143,1131.5714285714287,100.0,94.71428571428567,424.7142857142857,762.2857142857143,163.85714285714283,109.25,556.25,1332.75,155.5,106.16666666666663,966.0,853.3333333333334,132.0,81.57142857142856,1845.357142857143,721.4285714285714,131.42857142857133,109.0,510.75,769.25,156.0,98.36363636363649,844.0,1788.3636363636363,159.72727272727275,112.61538461538458,1506.3076923076924,488.7692307692308,122.30769230769215,90.5,1849.125,1392.75,113.75,42.0,1269.0,982.0,43.0
756,96.75,610.75,1082.5,166.75,93.0,1687.0,1128.0,93.0,95.57142857142856,424.57142857142856,761.4285714285714,163.28571428571433,110.0,557.0,1332.2,154.60000000000002,107.33333333333337,961.0,853.6666666666666,130.0,81.0,1839.0,721.0,131.0,109.0,511.4,766.2,156.0,98.18181818181802,847.0,1788.1818181818182,161.36363636363637,113.69230769230762,1504.8461538461538,487.61538461538464,123.84615384615381,90.0,1843.5,1394.0,111.0,42.0,1254.8,1015.0,43.0
757,97.5625,607.8125,1080.875,165.5625,97.25,1676.5,1123.75,102.0,96.42857142857144,424.42857142857144,760.5714285714286,162.71428571428567,110.75,557.75,1331.65,153.70000000000005,108.5,956.0,854.0,128.0,80.5,1834.0,720.5,129.0,109.0,512.05,763.15,156.0,98.0,850.0,1788.0,163.0,114.76923076923083,1503.3846153846155,486.46153846153845,125.38461538461524,89.5,1837.875,1395.25,108.25,42.0,1240.6,1048.0,43.0
758,98.375,604.875,1079.25,164.375,101.5,1666.0,1119.5,111.0,97.28571428571433,424.2857142857143,759.7142857142857,162.14285714285717,111.5,558.5,1331.1,152.79999999999995,109.66666666666663,951.0,854.3333333333334,126.0,80.0,1829.0,720.0,127.0,109.0,512.7,760.1,156.0,98.0,853.0,1787.6666666666667,162.66666666666663,115.84615384615387,1501.923076923077,485.3076923076923,126.9230769230769,89.0,1832.25,1396.5,105.5,42.0,1226.4,1081.0,43.0
759,99.1875,601.9375,1077.625,163.1875,105.75,1655.5,1115.25,120.0,98.14285714285711,424.14285714285717,758.8571428571429,161.5714285714285,112.25,559.25,1330.55,151.89999999999998,110.83333333333337,946.0,854.6666666666666,124.0,79.5,1824.0,719.5,120.5,109.0,513.35,757.05,156.0,98.0,856.0,1787.3333333333333,162.33333333333337,116.92307692307696,1500.4615384615386,484.15384615384613,128.46153846153834,88.5,1826.625,1397.75,102.75,42.0,1212.2,1114.0,43.0
760,100.0,599.0,1076.0,162.0,110.0,1645.0,1111.0,129.0,99.0,424.0,758.0,161.0,113.0,560.0,1330.0,151.0,112.0,941.0,855.0,122.0,79.0,1819.0,719.0,114.0,109.0,514.0,754.0,156.0,98.0,859.0,1787.0,162.0,118.0,1499.0,483.0,130.0,88.0,1821.0,1399.0,100.0,42.0,1198.0,1147.0,43.0
761,100.0,596.25,1074.75,164.625,113.0,1639.0,1109.0,136.0,103.25,424.5,760.0,161.75,113.83333333333348,563.3333333333334,1330.3333333333333,152.5,109.52941176470586,938.2941176470588,857.6470588235294,122.88235294117658,79.0,1815.5,718.75,107.0,111.79999999999995,515.4,751.2,156.0,99.35000000000014,859.8,1787.55,161.05000000000007,116.23529411764702,1492.8235294117646,483.29411764705884,131.29411764705878,88.20000000000005,1812.0,1399.8,109.0,42.0,1187.0,1178.4,43.0
762,100.0,593.5,1073.5,167.25,116.0,1633.0,1107.0,143.0,107.5,425.0,762.0,162.5,114.66666666666652,566.6666666666666,1330.6666666666667,154.0,107.05882352941182,935.5882352941177,860.2941176470588,123.76470588235281,79.0,1812.0,718.5,100.0,114.60000000000002,516.8,748.4,156.0,100.70000000000005,860.6,1788.1,160.10000000000002,114.47058823529409,1486.6470588235295,483.5882352941176,132.58823529411757,88.40000000000009,1803.0,1400.6,118.0,42.0,1176.0,1209.8,43.0
763,100.0,590.75,1072.25,169.875,116.0,1631.8,1104.2,136.79999999999995,111.75,425.5,764.0,163.25,115.5,570.0,1331.0,155.5,104.58823529411757,932.8823529411765,862.9411764705883,124.64705882352939,79.0,1808.5,718.25,93.0,117.39999999999998,518.2,745.6,156.0,102.04999999999995,861.4,1788.65,159.14999999999998,112.70588235294122,1480.4705882352941,483.88235294117646,133.88235294117635,88.59999999999991,1794.0,1401.4,127.0,42.0,1165.0,1241.2,43.0
764,100.0,588.0,1071.0,172.5,116.0,1630.6,1101.4,130.60000000000014,116.0,426.0,766.0,164.0,116.33333333333348,573.3333333333334,1331.3333333333333,157.0,102.11764705882354,930.1764705882352,865.5882352941177,125.52941176470597,79.0,1805.0,718.0,86.0,120.20000000000005,519.6,742.8,156.0,103.39999999999986,862.2,1789.2,158.19999999999993,110.94117647058823,1474.2941176470588,484.1764705882353,135.17647058823536,88.79999999999995,1785.0,1402.2,136.0,42.0,1154.0,1272.6,43.0
765,100.0,585.25,1069.75,175.125,116.0,1629.4,1098.6,124.39999999999986,114.3125,426.625,768.125,164.5625,117.16666666666652,576.6666666666666,1331.6666666666667,158.5,99.64705882352939,927.4705882352941,868.2352941176471,126.41176470588243,80.5,1792.75,718.5,97.5,123.0,521.0,740.0,156.0,104.75,863.0,1789.75,157.25,109.17647058823525,1468.1176470588234,484.47058823529414,136.47058823529414,89.0,1776.0,1403.0,145.0,42.0,1143.0,1304.0,43.0
766,100.0,582.5,1068.5,177.75,116.0,1628.2,1095.8,118.20000000000005,112.625,427.25,770.25,165.125,118.0,580.0,1332.0,160.0,97.17647058823525,924.7647058823529,870.8823529411765,127.29411764705878,82.0,1780.5,719.0,109.0,124.39999999999998,521.8,738.6,156.60000000000002,106.10000000000014,863.8,1790.3,156.30000000000007,107.41176470588232,1461.9411764705883,484.7647058823529,137.76470588235293,89.375,1775.125,1403.875,139.125,42.0,1135.2,1332.2,43.0
767,100.0,579.75,1067.25,180.375,116.0,1627.0,1093.0,112.0,110.9375,427.875,772.375,165.6875,120.0,582.3333333333334,1332.0,159.66666666666663,94.70588235294122,922.0588235294117,873.5294117647059,128.17647058823536,83.5,1768.25,719.5,120.5,125.79999999999995,522.6,737.2,157.19999999999993,107.45000000000005,864.6,1790.85,155.35000000000002,105.64705882352945,1455.764705882353,485.05882352941177,139.0588235294117,89.75,1774.25,1404.75,133.25,42.0,1127.4,1360.4,43.0
768,100.0,577.0,1066.0,183.0,113.5,1618.7,1091.5,115.20000000000005,109.25,428.5,774.5,166.25,122.0,584.6666666666666,1332.0,159.33333333333337,92.23529411764707,919.3529411764706,876.1764705882352,129.05882352941182,85.0,1756.0,720.0,132.0,127.20000000000005,523.4,735.8,157.80000000000007,108.79999999999995,865.4,1791.4,154.39999999999998,103.88235294117646,1449.5882352941176,485.3529411764706,140.35294117647072,90.125,1773.375,1405.625,127.375,42.0,1119.6,1388.6,43.0
769,100.0,574.1666666666666,1064.75,181.25,111.0,1610.4,1090.0,118.39999999999986,107.5625,429.125,776.625,166.8125,124.0,587.0,1332.0,159.0,89.76470588235293,916.6470588235294,878.8235294117648,129.94117647058818,88.0,1749.0,720.5,136.0,128.60000000000002,524.2,734.4,158.39999999999998,110.14999999999986,866.2,1791.95,153.44999999999993,102.11764705882354,1443.4117647058824,485.6470588235294,141.64705882352928,90.5,1772.5,1406.5,121.5,42.0,1111.8,1416.8,43.0
770,100.0,571.3333333333334,1063.5,179.5,108.5,1602.1,1088.5,121.60000000000014,105.875,429.75,778.75,167.375,126.0,589.3333333333334,1332.0,158.66666666666663,87.29411764705878,913.9411764705883,881.4705882352941,130.82352941176464,91.0,1742.0,721.0,140.0,130.0,525.0,733.0,159.0,111.5,867.0,1792.5,152.5,100.35294117647055,1437.235294117647,485.94117647058823,142.9411764705883,90.875,1771.625,1407.375,115.625,42.0,1104.0,1445.0,43.0
771,100.0,568.5,1062.25,177.75,106.0,1593.8,1087.0,124.79999999999995,104.1875,430.375,780.875,167.9375,128.0,591.6666666666666,1332.0,158.33333333333337,84.82352941176475,911.2352941176471,884.1176470588235,131.70588235294122,89.80000000000007,1737.6,721.4,136.30000000000018,127.89999999999998,526.7,735.0,158.69999999999993,112.85000000000014,867.8,1793.05,151.55000000000007,98.58823529411768,1431.0588235294117,486.2352941176471,144.23529411764707,91.25,1770.75,1408.25,109.75,42.0,1099.4,1470.4,43.0
772,100.0,565.6666666666666,1061.0,176.0,103.5,1585.5,1085.5,128.0,102.5,431.0,783.0,168.5,130.0,594.0,1332.0,158.0,82.35294117647061,908.5294117647059,886.7647058823529,132.58823529411757,88.60000000000002,1733.2,721.8,132.5999999999999,125.79999999999995,528.4,737.0,158.39999999999998,114.20000000000005,868.6,1793.6,150.60000000000002,96.82352941176475,1424.8823529411766,486.52941176470586,145.52941176470586,91.625,1769.875,1409.125,103.875,42.0,1094.8,1495.8,43.0
773,100.0,562.8333333333334,1059.75,174.25,101.0,1577.2,1084.0,131.20000000000005,100.8125,431.625,785.125,169.0625,127.0,596.25,1336.875,157.75,79.88235294117646,905.8235294117648,889.4117647058823,133.47058823529403,87.39999999999998,1728.8,722.2,128.9000000000001,123.70000000000005,530.1,739.0,158.10000000000002,115.54999999999995,869.4,1794.15,149.64999999999998,95.05882352941177,1418.7058823529412,486.8235294117647,146.82352941176464,92.0,1769.0,1410.0,98.0,42.0,1090.2,1521.2,43.0
774,100.0,560.0,1058.5,172.5,98.5,1568.9,1082.5,134.39999999999986,99.125,432.25,787.25,169.625,124.0,598.5,1341.75,157.5,77.41176470588243,903.1176470588235,892.0588235294117,134.3529411764706,86.19999999999993,1724.4,722.6,125.19999999999982,121.60000000000002,531.8,741.0,157.80000000000007,116.89999999999986,870.2,1794.7,148.69999999999993,93.29411764705878,1412.5294117647059,487.11764705882354,148.11764705882365,92.14285714285711,1760.857142857143,1410.5714285714287,103.28571428571422,42.0,1085.6,1546.6,43.0
775,100.0,557.1666666666666,1057.25,170.75,96.0,1560.6,1081.0,137.60000000000014,97.4375,432.875,789.375,170.1875,121.0,600.75,1346.625,157.25,74.94117647058818,900.4117647058823,894.7058823529412,135.2352941176472,85.0,1720.0,723.0,121.5,119.5,533.5,743.0,157.5,118.25,871.0,1795.25,147.75,91.52941176470591,1406.3529411764705,487.4117647058824,149.41176470588243,92.28571428571422,1752.7142857142858,1411.142857142857,108.57142857142844,42.0,1081.0,1572.0,43.0
776,100.0,554.3333333333334,1056.0,169.0,93.5,1552.3,1079.5,140.79999999999995,95.75,433.5,791.5,170.75,118.0,603.0,1351.5,157.0,72.47058823529414,897.7058823529412,897.3529411764706,136.11764705882342,83.80000000000007,1715.6,723.4,117.80000000000018,117.39999999999998,535.2,745.0,157.19999999999993,119.60000000000014,871.8,1795.8,146.80000000000007,89.76470588235298,1400.1764705882354,487.70588235294116,150.70588235294122,92.42857142857133,1744.5714285714287,1411.7142857142858,113.85714285714266,41.200000000000045,1079.8,1593.2,42.40000000000009
777,100.0,551.5,1054.75,167.25,91.0,1544.0,1078.0,144.0,94.0625,434.125,793.625,171.3125,115.0,605.25,1356.375,156.75,70.0,895.0,900.0,137.0,82.60000000000002,1711.2,723.8,114.09999999999991,115.29999999999995,536.9,747.0,156.89999999999998,120.95000000000005,872.6,1796.35,145.85000000000002,88.0,1394.0,488.0,152.0,92.57142857142867,1736.4285714285713,1412.2857142857142,119.14285714285734,40.399999999999864,1078.6,1614.4,41.80000000000018
778,100.0,548.6666666666666,1053.5,165.5,88.33333333333348,1538.6666666666667,1077.3333333333333,141.0,92.375,434.75,795.75,171.875,112.0,607.5,1361.25,156.5,77.33333333333337,892.0,902.6666666666666,138.0,81.39999999999998,1706.8,724.2,110.40000000000009,113.20000000000005,538.6,749.0,156.60000000000002,122.29999999999995,873.4,1796.9,144.89999999999998,91.33333333333337,1393.6666666666667,485.0,147.33333333333326,92.71428571428578,1728.2857142857142,1412.857142857143,124.42857142857156,39.600000000000136,1077.4,1635.6,41.19999999999982
779,100.0,545.8333333333334,1052.25,163.75,85.66666666666652,1533.3333333333333,1076.6666666666667,138.0,90.6875,435.375,797.875,172.4375,109.0,609.75,1366.125,156.25,84.66666666666663,889.0,905.3333333333334,139.0,80.19999999999993,1702.4,724.6,106.69999999999982,111.10000000000002,540.3,751.0,156.30000000000007,123.64999999999986,874.2,1797.45,143.94999999999993,94.66666666666663,1393.3333333333333,482.0,142.66666666666674,92.85714285714289,1720.142857142857,1413.4285714285713,129.71428571428578,38.799999999999955,1076.2,1656.8,40.59999999999991
780,100.0,543.0,1051.0,162.0,83.0,1528.0,1076.0,135.0,89.0,436.0,800.0,173.0,106.0,612.0,1371.0,156.0,92.0,886.0,908.0,140.0,79.0,1698.0,725.0,103.0,109.0,542.0,753.0,156.0,125.0,875.0,1798.0,143.0,98.0,1393.0,479.0,138.0,93.0,1712.0,1414.0,135.0,38.0,1075.0,1678.0,40.0
781,99.0,541.25,1050.0,162.39999999999998,87.80000000000018,1525.8,1070.6,129.20000000000005,88.625,438.25,801.0,175.375,104.5,614.5,1375.0,160.75,94.79999999999995,885.0,909.6,140.0,79.33333333333337,1686.3333333333333,725.6666666666666,114.33333333333348,108.90000000000009,543.8,755.3,158.60000000000002,125.64285714285711,874.7857142857143,1799.5,143.0,98.0,1386.95,478.65,138.39999999999986,93.0,1709.6,1415.2,135.4000000000001,36.0,1077.0,1696.0,37.0
782,98.0,539.5,1049.0,162.79999999999995,92.59999999999991,1523.6,1065.2,123.40000000000009,88.25,440.5,802.0,177.75,103.0,617.0,1379.0,165.5,97.59999999999991,884.0,911.2,140.0,79.66666666666663,1674.6666666666667,726.3333333333334,125.66666666666652,108.79999999999995,545.6,757.6,161.19999999999993,126.28571428571422,874.5714285714286,1801.0,143.0,97.99999999999994,1380.9,478.3,138.79999999999995,93.0,1707.2,1416.4,135.79999999999995,36.0,1078.0,1715.0,38.0
783,97.0,537.75,1048.0,163.20000000000005,97.40000000000009,1521.4,1059.8,117.59999999999991,87.875,442.75,803.0,180.125,101.5,619.5,1383.0,170.25,100.40000000000009,883.0,912.8,140.0,80.0,1663.0,727.0,137.0,108.70000000000005,547.4,759.9,163.80000000000007,126.92857142857133,874.3571428571429,1802.5,143.0,98.00000000000006,1374.85,477.95,139.20000000000005,93.0,1704.8,1417.6,136.20000000000005,36.66666666666674,1064.3333333333333,1736.3333333333333,38.66666666666674
784,96.0,536.0,1047.0,163.60000000000002,102.19999999999982,1519.2,1054.4,111.79999999999995,87.5,445.0,804.0,182.5,100.0,622.0,1387.0,175.0,103.20000000000005,882.0,914.4,140.0,80.55555555555554,1659.7777777777778,727.3333333333334,131.55555555555543,108.59999999999991,549.2,762.2,166.39999999999998,127.57142857142867,874.1428571428571,1804.0,143.0,98.0,1368.8,477.6,139.60000000000014,93.0,1702.4,1418.8,136.5999999999999,37.33333333333326,1050.6666666666667,1757.6666666666667,39.33333333333326
785,95.0,534.25,1046.0,164.0,107.0,1517.0,1049.0,106.0,87.125,447.25,805.0,184.875,99.5,623.0,1388.9375,174.5625,106.0,881.0,916.0,140.0,81.1111111111112,1656.5555555555557,727.6666666666666,126.11111111111109,108.5,551.0,764.5,169.0,128.21428571428578,873.9285714285714,1805.5,143.0,98.0,1362.75,477.25,140.0,93.0,1700.0,1420.0,137.0,38.0,1037.0,1779.0,40.0
786,94.0,532.5,1045.0,164.39999999999998,109.25,1506.25,1047.25,117.0,86.75,449.5,806.0,187.25,99.0,624.0,1390.875,174.125,105.0666666666666,879.8,920.0,140.0,81.66666666666663,1653.3333333333333,728.0,120.66666666666674,108.40000000000009,552.8,766.8,171.60000000000002,128.8571428571429,873.7142857142857,1807.0,143.0,98.0,1356.7,476.9,140.39999999999986,93.0,1697.2,1421.0,127.79999999999995,38.0,1025.4,1799.6,40.0
787,93.0,530.75,1044.0,164.79999999999995,111.5,1495.5,1045.5,128.0,86.375,451.75,807.0,189.625,98.5,625.0,1392.8125,173.6875,104.13333333333344,878.6,924.0,140.0,82.22222222222217,1650.111111111111,728.3333333333334,115.22222222222217,108.29999999999995,554.6,769.1,174.19999999999993,129.5,873.5,1808.5,143.0,97.99999999999994,1350.65,476.55,140.79999999999995,93.0,1694.4,1422.0,118.59999999999991,38.0,1013.8,1820.2,40.0
788,92.0,529.0,1043.0,165.20000000000005,113.75,1484.75,1043.75,139.0,86.0,454.0,808.0,192.0,98.0,626.0,1394.75,173.25,103.20000000000005,877.4,928.0,140.0,82.77777777777783,1646.888888888889,728.6666666666666,109.77777777777783,108.20000000000005,556.4,771.4,176.80000000000007,130.1428571428571,873.2857142857143,1810.0,143.0,98.00000000000006,1344.6,476.2,141.20000000000005,93.0,1691.6,1423.0,109.40000000000009,38.0,1002.2,1840.8,40.0
789,91.0,527.25,1042.0,165.60000000000002,116.0,1474.0,1042.0,150.0,86.11111111111109,456.1111111111111,808.8888888888889,191.1111111111111,97.5,627.0,1396.6875,172.8125,102.26666666666665,876.2,932.0,140.0,83.33333333333337,1643.6666666666667,729.0,104.33333333333326,108.09999999999991,558.2,773.7,179.39999999999998,130.78571428571422,873.0714285714286,1811.5,143.0,98.0,1338.55,475.85,141.60000000000014,93.0,1688.8,1424.0,100.20000000000005,38.0,990.6,1861.4,39.999999999999886
790,90.0,525.5,1041.0,166.0,114.09090909090901,1469.7272727272727,1042.7272727272727,146.090909090909,86.22222222222217,458.22222222222223,809.7777777777778,190.22222222222223,97.0,628.0,1398.625,172.375,101.33333333333326,875.0,936.0,140.0,83.8888888888888,1640.4444444444443,729.3333333333334,98.88888888888891,108.0,560.0,776.0,182.0,131.42857142857133,872.8571428571429,1813.0,143.0,98.0,1332.5,475.5,142.0,93.0,1686.0,1425.0,91.0,38.0,979.0,1882.0,40.0
791,89.0,523.75,1040.0,166.39999999999998,112.18181818181824,1465.4545454545455,1043.4545454545455,142.18181818181824,86.33333333333337,460.3333333333333,810.6666666666666,189.33333333333331,96.5,629.0,1400.5625,171.9375,100.40000000000009,873.8,940.0,140.0,84.44444444444446,1637.2222222222222,729.6666666666666,93.44444444444457,106.79999999999995,561.8,779.7,180.9000000000001,132.07142857142867,872.6428571428571,1814.5,143.0,98.0,1326.45,475.15,142.39999999999986,93.09999999999991,1677.9,1426.2,96.79999999999995,38.0,973.2,1886.2,40.0
792,88.0,522.0,1039.0,166.79999999999995,110.27272727272725,1461.1818181818182,1044.1818181818182,138.27272727272725,86.44444444444446,462.44444444444446,811.5555555555555,188.44444444444446,96.0,630.0,1402.5,171.5,99.4666666666667,872.6,944.0,140.0,85.0,1634.0,730.0,88.0,105.60000000000002,563.6,783.4,179.79999999999995,132.71428571428578,872.4285714285714,1816.0,143.0,97.99999999999994,1320.4,474.8,142.79999999999995,93.19999999999982,1669.8,1427.4,102.60000000000014,38.0,967.4,1890.4,40.0
793,87.0,520.25,1038.0,167.20000000000005,108.36363636363626,1456.909090909091,1044.909090909091,134.36363636363626,86.55555555555554,464.55555555555554,812.4444444444445,187.55555555555554,95.5,631.0,1404.4375,171.0625,98.5333333333333,871.4,948.0,140.0,84.5,1614.5,731.0,102.5,104.39999999999998,565.4,787.1,178.70000000000005,133.3571428571429,872.2142857142857,1817.5,143.0,98.00000000000006,1314.35,474.45,143.20000000000005,93.30000000000018,1661.7,1428.6,108.39999999999986,38.0,961.6,1894.6,40.0
794,86.0,518.5,1037.0,167.60000000000002,106.45454545454527,1452.6363636363637,1045.6363636363637,130.45454545454527,86.66666666666663,466.6666666666667,813.3333333333334,186.66666666666669,95.0,632.0,1406.375,170.625,97.59999999999991,870.2,952.0,140.0,84.0,1595.0,732.0,117.0,103.20000000000005,567.2,790.8,177.5999999999999,134.0,872.0,1819.0,143.0,98.0,1308.3,474.1,143.60000000000014,93.40000000000009,1653.6,1429.8,114.20000000000005,38.0,955.8,1898.8,40.0
795,85.0,516.75,1036.0,168.0,104.54545454545473,1448.3636363636363,1046.3636363636363,126.54545454545473,86.77777777777783,468.77777777777777,814.2222222222222,185.77777777777777,94.5,633.0,1408.3125,170.1875,96.66666666666674,869.0,956.0,140.0,84.0,1587.3333333333333,734.0,122.16666666666674,102.0,569.0,794.5,176.5,132.5,871.8333333333334,1820.5,143.0,98.0,1302.25,473.75,144.0,93.5,1645.5,1431.0,120.0,38.0,950.0,1903.0,40.0
796,84.0,515.0,1035.0,168.39999999999998,102.63636363636374,1444.090909090909,1047.090909090909,122.63636363636374,86.88888888888891,470.8888888888889,815.1111111111111,184.8888888888889,94.0,634.0,1410.25,169.75,95.73333333333335,867.8,960.0,140.0,84.0,1579.6666666666667,736.0,127.33333333333326,100.79999999999995,570.8,798.2,175.4000000000001,131.0,871.6666666666666,1822.0,143.0,98.0,1296.2,473.4,144.39999999999986,93.59999999999991,1637.4,1432.2,125.79999999999995,38.0,946.0,1905.0,40.0
797,83.0,513.25,1034.0,168.79999999999995,100.72727272727275,1439.8181818181818,1047.8181818181818,118.72727272727275,87.0,473.0,816.0,184.0,93.5,635.0,1412.1875,169.3125,94.79999999999995,866.6,964.0,140.0,84.0,1572.0,738.0,132.5,99.60000000000002,572.6,801.9,174.29999999999995,129.5,871.5,1823.5,143.0,97.99999999999994,1290.15,473.05,144.79999999999995,93.69999999999982,1629.3,1433.4,131.60000000000014,38.0,942.0,1907.0,40.0
798,82.0,511.5,1033.0,169.20000000000005,98.81818181818176,1435.5454545454545,1048.5454545454545,114.81818181818176,88.33333333333337,475.3333333333333,817.0,179.66666666666669,93.0,636.0,1414.125,168.875,93.86666666666656,865.4,968.0,140.0,84.0,1564.3333333333333,740.0,137.66666666666674,98.39999999999998,574.4,805.6,173.20000000000005,128.0,871.3333333333334,1825.0,143.0,98.00000000000006,1284.1,472.7,145.20000000000005,93.80000000000018,1621.2,1434.6,137.39999999999986,38.0,938.0,1909.0,40.0
799,81.0,509.75,1032.0,169.60000000000002,96.90909090909099,1431.2727272727273,1049.2727272727273,110.90909090909099,89.66666666666663,477.6666666666667,818.0,175.33333333333331,92.5,637.0,1416.0625,168.4375,92.9333333333334,864.2,972.0,140.0,84.0,1556.6666666666667,742.0,142.83333333333326,97.20000000000005,576.2,809.3,172.0999999999999,126.5,871.1666666666666,1826.5,143.0,98.0,1278.05,472.35,145.60000000000014,93.90000000000009,1613.1,1435.8,143.20000000000005,38.0,934.0,1911.0,40.0
800,80.0,508.0,1031.0,170.0,95.0,1427.0,1050.0,107.0,91.0,480.0,819.0,171.0,92.0,638.0,1418.0,168.0,92.0,863.0,976.0,140.0,84.0,1549.0,744.0,148.0,96.0,578.0,813.0,171.0,125.0,871.0,1828.0,143.0,98.0,1272.0,472.0,146.0,94.0,1605.0,1437.0,149.0,38.0,930.0,1913.0,40.0
801,81.0,507.0,1029.55,170.14999999999998,95.0,1416.3333333333333,1050.0,118.66666666666674,91.45000000000005,480.1,819.15,170.89999999999998,92.33333333333326,638.7777777777778,1418.7777777777778,167.1111111111111,92.14999999999998,861.65,978.4,139.60000000000002,84.16666666666674,1544.4166666666667,744.9166666666666,147.25,99.16666666666663,579.0,817.5,171.16666666666663,125.08333333333326,869.6666666666666,1827.4166666666667,144.25,99.14285714285711,1266.0,470.57142857142856,145.71428571428578,96.75,1604.0,1438.75,140.25,37.799999999999955,929.2,1910.2,39.59999999999991
802,82.0,506.0,1028.1,170.29999999999995,95.0,1405.6666666666667,1050.0,130.33333333333326,91.90000000000009,480.2,819.3,170.8,92.66666666666652,639.5555555555555,1419.5555555555557,166.22222222222229,92.29999999999995,860.3,980.8,139.20000000000005,84.33333333333326,1539.8333333333333,745.8333333333334,146.5,102.33333333333337,580.0,822.0,171.33333333333337,125.16666666666674,868.3333333333334,1826.8333333333333,145.5,100.28571428571428,1260.0,469.14285714285717,145.42857142857133,99.5,1603.0,1440.5,131.5,37.59999999999991,928.4,1907.4,39.200000000000045
803,83.0,505.0,1026.65,170.45000000000005,95.0,1395.0,1050.0,142.0,92.34999999999991,480.3,819.45,170.7,93.0,640.3333333333334,1420.3333333333333,165.33333333333326,92.45000000000005,858.95,983.2,138.79999999999995,84.5,1535.25,746.75,145.75,105.5,581.0,826.5,171.5,125.25,867.0,1826.25,146.75,101.42857142857139,1254.0,467.7142857142857,145.1428571428571,102.25,1602.0,1442.25,122.75,37.40000000000009,927.6,1904.6,38.799999999999955
804,84.0,504.0,1025.2,170.60000000000002,95.0,1390.0,1049.0,143.0,92.79999999999995,480.4,819.6,170.60000000000002,93.33333333333326,641.1111111111111,1421.111111111111,164.44444444444446,92.60000000000002,857.6,985.6,138.39999999999998,84.66666666666674,1530.6666666666667,747.6666666666666,145.0,108.66666666666663,582.0,831.0,171.66666666666663,125.33333333333326,865.6666666666666,1825.6666666666667,148.0,102.57142857142861,1248.0,466.2857142857143,144.8571428571429,105.0,1601.0,1444.0,114.0,37.200000000000045,926.8,1901.8,38.40000000000009
805,85.0,503.0,1023.75,170.75,95.0,1385.0,1048.0,144.0,93.25,480.5,819.75,170.5,93.66666666666674,641.8888888888889,1421.888888888889,163.55555555555554,92.75,856.25,988.0,138.0,84.83333333333326,1526.0833333333333,748.5833333333334,144.25,111.83333333333337,583.0,835.5,171.83333333333337,125.41666666666674,864.3333333333334,1825.0833333333333,149.25,103.71428571428572,1242.0,464.85714285714283,144.57142857142867,105.77777777777783,1595.5555555555557,1445.3333333333333,116.0,37.0,926.0,1899.0,38.0
806,86.0,502.0,1022.3,170.89999999999998,95.0,1380.0,1047.0,145.0,93.70000000000005,480.6,819.9,170.39999999999998,94.0,642.6666666666666,1422.6666666666667,162.66666666666674,92.89999999999998,854.9,990.4,137.60000000000002,85.0,1521.5,749.5,143.5,115.0,584.0,840.0,172.0,125.5,863.0,1824.5,150.5,104.85714285714289,1236.0,463.42857142857144,144.28571428571422,106.55555555555543,1590.111111111111,1446.6666666666667,118.0,37.0,926.0,1892.4,38.0
807,86.99999999999989,501.0,1020.85,171.04999999999995,95.0,1373.2857142857142,1046.9285714285713,146.28571428571445,94.15000000000009,480.7,820.05,170.3,94.33333333333348,643.4444444444445,1423.4444444444443,161.77777777777771,93.04999999999995,853.55,992.8,137.20000000000005,85.16666666666674,1516.9166666666667,750.4166666666666,142.75,114.71428571428578,586.1428571428571,840.1428571428571,170.28571428571433,125.58333333333326,861.6666666666666,1823.9166666666667,151.75,106.0,1230.0,462.0,144.0,107.33333333333326,1584.6666666666667,1448.0,120.0,37.0,926.0,1885.8,38.0
808,88.00000000000011,500.0,1019.4,171.20000000000005,95.0,1366.5714285714287,1046.857142857143,147.57142857142844,94.59999999999991,480.8,820.2,170.2,94.66666666666674,644.2222222222222,1424.2222222222222,160.8888888888889,93.20000000000005,852.2,995.2,136.79999999999995,85.33333333333326,1512.3333333333333,751.3333333333334,142.0,114.42857142857133,588.2857142857143,840.2857142857143,168.57142857142856,125.66666666666674,860.3333333333334,1823.3333333333333,153.0,107.14285714285711,1224.0,460.57142857142856,143.71428571428578,108.11111111111109,1579.2222222222222,1449.3333333333333,122.0,37.0,926.0,1879.2,38.0
809,89.0,499.0,1017.95,171.35000000000002,95.0,1359.857142857143,1046.7857142857142,148.8571428571429,95.04999999999995,480.9,820.35,170.10000000000002,95.0,645.0,1425.0,160.0,93.35000000000002,850.85,997.6,136.39999999999998,85.5,1507.75,752.25,141.25,114.14285714285711,590.4285714285714,840.4285714285714,166.8571428571429,125.75,859.0,1822.75,154.25,108.28571428571428,1218.0,459.14285714285717,143.42857142857133,108.88888888888891,1573.7777777777778,1450.6666666666667,124.0,37.0,926.0,1872.6,38.0
810,90.0,498.0,1016.5,171.5,95.0,1353.142857142857,1046.7142857142858,150.1428571428571,95.5,481.0,820.5,170.0,95.95000000000005,645.55,1425.0,159.45000000000005,93.5,849.5,1000.0,136.0,85.66666666666674,1503.1666666666667,753.1666666666666,140.5,113.85714285714289,592.5714285714286,840.5714285714286,165.1428571428571,125.83333333333326,857.6666666666666,1822.1666666666667,155.5,109.42857142857139,1212.0,457.7142857142857,143.1428571428571,109.66666666666674,1568.3333333333333,1452.0,126.0,37.0,926.0,1866.0,38.0
811,91.0,497.0,1015.05,171.64999999999998,95.0,1346.4285714285713,1046.642857142857,151.42857142857156,95.95000000000005,481.1,820.65,169.89999999999998,96.90000000000009,646.1,1425.0,158.89999999999998,93.64999999999998,848.15,1002.4,135.60000000000002,85.83333333333326,1498.5833333333333,754.0833333333334,139.75,113.57142857142867,594.7142857142857,840.7142857142857,163.42857142857144,125.91666666666674,856.3333333333334,1821.5833333333333,156.75,110.57142857142861,1206.0,456.2857142857143,142.8571428571429,110.44444444444457,1562.888888888889,1453.3333333333333,128.0,37.0,923.25,1858.25,36.75
812,91.99999999999989,496.0,1013.6,171.79999999999995,95.0,1339.7142857142858,1046.5714285714287,152.71428571428555,96.40000000000009,481.2,820.8,169.8,97.84999999999991,646.65,1425.0,158.35000000000002,93.79999999999995,846.8,1004.8,135.20000000000005,86.0,1494.0,755.0,139.0,113.28571428571422,596.8571428571429,840.8571428571429,161.71428571428567,126.0,855.0,1821.0,158.0,111.71428571428572,1200.0,454.85714285714283,142.57142857142867,111.22222222222217,1557.4444444444443,1454.6666666666667,130.0,37.0,920.5,1850.5,35.5
813,93.00000000000011,495.0,1012.15,171.95000000000005,95.0,1333.0,1046.5,154.0,96.84999999999991,481.3,820.95,169.7,98.79999999999995,647.2,1425.0,157.79999999999995,93.95000000000005,845.45,1007.2,134.79999999999995,86.0,1489.3333333333333,756.0,136.33333333333348,113.0,599.0,841.0,160.0,124.125,853.75,1820.375,159.25,112.85714285714289,1194.0,453.42857142857144,142.28571428571422,112.0,1552.0,1456.0,132.0,37.0,917.75,1842.75,34.25
814,94.0,494.0,1010.7,172.10000000000002,95.0,1326.2857142857142,1046.4285714285713,155.28571428571445,97.29999999999995,481.4,821.1,169.60000000000002,99.75,647.75,1425.0,157.25,94.10000000000002,844.1,1009.6,134.39999999999998,86.0,1484.6666666666667,757.0,133.66666666666652,112.77777777777783,601.1111111111111,841.1111111111111,164.0,122.25,852.5,1819.75,160.5,114.0,1188.0,452.0,142.0,112.57142857142867,1546.4285714285713,1457.4285714285713,128.42857142857156,37.0,915.0,1835.0,33.0
815,95.0,493.0,1009.25,172.25,95.0,1319.5714285714287,1046.357142857143,156.57142857142844,97.75,481.5,821.25,169.5,100.70000000000005,648.3,1425.0,156.70000000000005,94.25,842.75,1012.0,134.0,86.0,1480.0,758.0,131.0,112.55555555555566,603.2222222222222,841.2222222222222,168.0,120.375,851.25,1819.125,161.75,112.5,1182.1666666666667,453.5,139.0,113.14285714285711,1540.857142857143,1458.857142857143,124.85714285714289,37.0,908.0,1830.0,38.0
816,96.0,492.0,1007.8,172.39999999999998,95.0,1312.857142857143,1046.2857142857142,157.8571428571429,98.20000000000005,481.6,821.4,169.39999999999998,101.65000000000009,648.85,1425.0,156.14999999999998,94.39999999999998,841.4,1014.4,133.60000000000002,86.20000000000005,1475.6,758.8,122.60000000000014,112.33333333333326,605.3333333333334,841.3333333333334,172.0,118.5,850.0,1818.5,163.0,111.0,1176.3333333333333,455.0,136.0,113.71428571428578,1535.2857142857142,1460.2857142857142,121.28571428571445,37.0,901.8,1829.4,38.0
817,96.99999999999989,491.0,1006.35,172.54999999999995,95.0,1306.142857142857,1046.2142857142858,159.1428571428571,98.65000000000009,481.7,821.55,169.3,102.59999999999991,649.4,1425.0,155.60000000000002,94.54999999999995,840.05,1016.8,133.20000000000005,86.39999999999998,1471.2,759.6,114.20000000000005,112.11111111111109,607.4444444444445,841.4444444444445,176.0,116.625,848.75,1817.875,164.25,109.5,1170.5,456.5,133.0,114.28571428571422,1529.7142857142858,1461.7142857142858,117.71428571428555,37.0,895.6,1828.8,38.0
818,98.00000000000011,490.0,1004.9,172.70000000000005,95.0,1299.4285714285713,1046.142857142857,160.42857142857156,99.09999999999991,481.8,821.7,169.2,103.54999999999995,649.95,1425.0,155.04999999999995,94.70000000000005,838.7,1019.2,132.79999999999995,86.60000000000002,1466.8,760.4,105.79999999999995,111.88888888888891,609.5555555555555,841.5555555555555,180.0,114.75,847.5,1817.25,165.5,108.0,1164.6666666666667,458.0,130.0,114.85714285714289,1524.142857142857,1463.142857142857,114.14285714285711,37.0,889.4,1828.2,38.0
819,99.0,489.0,1003.45,172.85000000000002,95.0,1292.7142857142858,1046.0714285714287,161.71428571428555,99.54999999999995,481.9,821.85,169.10000000000002,104.5,650.5,1425.0,154.5,94.85000000000002,837.35,1021.6,132.39999999999998,86.79999999999995,1462.4,761.2,97.39999999999986,111.66666666666674,611.6666666666666,841.6666666666666,184.0,112.875,846.25,1816.625,166.75,106.5,1158.8333333333333,459.5,127.0,115.42857142857133,1518.5714285714287,1464.5714285714287,110.57142857142844,37.0,883.2,1827.6,38.0
820,100.0,488.0,1002.0,173.0,95.0,1286.0,1046.0,163.0,100.0,482.0,822.0,169.0,105.45000000000005,651.05,1425.0,153.95000000000005,95.0,836.0,1024.0,132.0,87.0,1458.0,762.0,89.0,111.44444444444434,613.7777777777778,841.7777777777778,188.0,111.0,845.0,1816.0,168.0,105.0,1153.0,461.0,124.0,116.0,1513.0,1466.0,107.0,37.0,877.0,1827.0,38.0
821,100.39999999999986,488.35,1001.45,173.44999999999993,95.0,1280.85,1047.0,162.25,100.35000000000002,481.75,821.65,169.25,106.40000000000009,651.6,1425.0,153.39999999999998,93.95000000000005,834.75,1025.8,132.79999999999995,87.0,1449.0,762.1666666666666,96.5,111.22222222222217,615.8888888888889,841.8888888888889,192.0,110.66666666666674,841.6666666666666,1814.3333333333333,168.55555555555554,105.33333333333331,1147.0,460.8333333333333,127.33333333333326,123.33333333333326,1492.6666666666667,1467.6666666666667,124.0,37.0,872.8,1826.8,38.0
822,100.80000000000007,488.7,1000.9,173.90000000000003,95.0,1275.7,1048.0,161.5,100.70000000000005,481.5,821.3,169.5,107.34999999999991,652.15,1425.0,152.85000000000002,92.90000000000009,833.5,1027.6,133.60000000000002,87.0,1440.0,762.3333333333334,104.0,111.0,618.0,842.0,196.0,110.33333333333326,838.3333333333334,1812.6666666666667,169.1111111111111,105.66666666666669,1141.0,460.6666666666667,130.66666666666674,130.66666666666674,1472.3333333333333,1469.3333333333333,141.0,37.0,868.6,1826.6,38.0
823,101.19999999999993,489.05,1000.35,174.34999999999997,95.0,1270.55,1049.0,160.75,101.04999999999995,481.25,820.95,169.75,108.29999999999995,652.7,1425.0,152.29999999999995,91.84999999999991,832.25,1029.4,134.39999999999998,87.0,1431.0,762.5,111.5,110.5,620.0,842.25,194.5,110.0,835.0,1811.0,169.66666666666663,106.0,1135.0,460.5,134.0,138.0,1452.0,1471.0,158.0,37.0,864.4,1826.4,38.0
824,101.60000000000014,489.4,999.8,174.80000000000007,95.0,1265.4,1050.0,160.0,101.39999999999998,481.0,820.6,170.0,109.25,653.25,1425.0,151.75,90.79999999999995,831.0,1031.2,135.20000000000005,87.0,1422.0,762.6666666666666,119.0,110.0,622.0,842.5,193.0,109.66666666666674,831.6666666666666,1809.3333333333333,170.22222222222229,106.33333333333331,1129.0,460.3333333333333,137.33333333333326,145.0,1439.0,1476.0,154.0,37.0,860.2,1826.2,38.0
825,102.0,489.75,999.25,175.25,95.0,1260.25,1051.0,159.25,101.75,480.75,820.25,170.25,110.20000000000005,653.8,1425.0,151.20000000000005,89.75,829.75,1033.0,136.0,87.0,1413.0,762.8333333333334,126.5,109.5,624.0,842.75,191.5,109.33333333333326,828.3333333333334,1807.6666666666667,170.77777777777771,106.66666666666669,1123.0,460.1666666666667,140.66666666666674,151.0,1429.0,1477.0,165.5,37.0,856.0,1826.0,38.0
826,102.39999999999986,490.1,998.7,175.69999999999993,95.0,1255.1,1052.0,158.5,102.10000000000002,480.5,819.9,170.5,111.15000000000009,654.35,1425.0,150.64999999999998,88.70000000000005,828.5,1034.8,136.79999999999995,87.0,1404.0,763.0,134.0,109.0,626.0,843.0,190.0,109.0,825.0,1806.0,171.33333333333337,107.0,1117.0,460.0,144.0,157.0,1419.0,1478.0,177.0,37.0,854.6,1825.2,38.0
827,102.80000000000007,490.45,998.15,176.15000000000003,95.0,1249.95,1053.0,157.75,102.45000000000005,480.25,819.55,170.75,112.09999999999991,654.9,1425.0,150.10000000000002,87.65000000000009,827.25,1036.6,137.60000000000002,87.0,1398.25,763.0,134.5,105.89999999999998,627.1,842.7,188.79999999999995,108.66666666666674,821.6666666666666,1804.3333333333333,171.8888888888889,107.33333333333326,1112.111111111111,458.8888888888889,143.1111111111111,153.20000000000005,1419.4,1478.8,174.5999999999999,37.0,853.2,1824.4,38.0
828,103.19999999999993,490.8,997.6,176.59999999999997,95.0,1244.8,1054.0,157.0,102.79999999999995,480.0,819.2,171.0,113.04999999999995,655.45,1425.0,149.54999999999995,86.59999999999991,826.0,1038.4,138.39999999999998,87.0,1392.5,763.0,135.0,102.80000000000007,628.2,842.4,187.5999999999999,108.33333333333326,818.3333333333334,1802.6666666666667,172.44444444444446,107.66666666666669,1107.2222222222222,457.77777777777777,142.22222222222217,149.4000000000001,1419.8,1479.6,172.20000000000005,37.0,851.8,1823.6,38.0
829,103.60000000000014,491.15,997.05,177.05000000000007,95.0,1239.65,1055.0,156.25,103.14999999999998,479.75,818.85,171.25,114.0,656.0,1425.0,149.0,85.54999999999995,824.75,1040.2,139.20000000000005,87.0,1386.75,763.0,135.5,99.69999999999993,629.3,842.1,186.4000000000001,108.0,815.0,1801.0,173.0,107.99999999999994,1102.3333333333333,456.6666666666667,141.33333333333348,145.5999999999999,1420.2,1480.4,169.79999999999995,37.0,850.4,1822.8,38.0
830,104.0,491.5,996.5,177.5,95.0,1234.5,1056.0,155.5,103.5,479.5,818.5,171.5,120.18181818181824,658.0909090909091,1425.0,146.90909090909088,84.5,823.5,1042.0,140.0,87.0,1381.0,763.0,136.0,96.60000000000002,630.4,841.8,185.20000000000005,107.63636363636351,816.2727272727273,1799.1818181818182,170.54545454545462,108.33333333333337,1097.4444444444443,455.55555555555554,140.44444444444457,141.79999999999995,1420.6,1481.2,167.4000000000001,37.0,849.0,1822.0,38.0
831,104.39999999999986,491.85,995.95,177.94999999999993,95.0,1229.35,1057.0,154.75,103.85000000000002,479.25,818.15,171.75,126.36363636363626,660.1818181818181,1425.0,144.81818181818187,83.45000000000005,822.25,1043.8,140.79999999999995,87.5,1375.3,762.0,136.0,93.5,631.5,841.5,184.0,107.27272727272748,817.5454545454545,1797.3636363636363,168.09090909090912,108.66666666666663,1092.5555555555557,454.44444444444446,139.55555555555543,138.0,1421.0,1482.0,165.0,37.0,850.2,1820.6,38.0
832,104.80000000000007,492.2,995.4,178.40000000000003,95.0,1224.2,1058.0,154.0,104.20000000000005,479.0,817.8,172.0,132.5454545454545,662.2727272727273,1425.0,142.72727272727275,82.40000000000009,821.0,1045.6,141.60000000000002,88.0,1369.6,761.0,136.0,90.39999999999998,632.6,841.2,182.79999999999995,106.90909090909099,818.8181818181819,1795.5454545454545,165.63636363636363,109.00000000000006,1087.6666666666667,453.3333333333333,138.66666666666652,132.55555555555566,1418.2222222222222,1485.4444444444443,161.44444444444457,37.0,851.4,1819.2,38.0
833,105.19999999999993,492.55,994.85,178.84999999999997,95.0,1219.05,1059.0,153.25,104.54999999999995,478.75,817.45,172.25,138.72727272727275,664.3636363636364,1425.0,140.63636363636363,81.34999999999991,819.75,1047.4,142.39999999999998,88.5,1363.9,760.0,136.0,87.30000000000007,633.7,840.9,181.5999999999999,106.5454545454545,820.0909090909091,1793.7272727272727,163.18181818181813,109.33333333333331,1082.7777777777778,452.22222222222223,137.77777777777783,127.11111111111109,1415.4444444444443,1488.888888888889,157.8888888888889,37.0,852.6,1817.8,38.0
834,105.60000000000014,492.9,994.3,179.30000000000007,95.0,1213.9,1060.0,152.5,104.89999999999998,478.5,817.1,172.5,144.909090909091,666.4545454545455,1425.0,138.5454545454545,80.29999999999995,818.5,1049.2,143.20000000000005,89.0,1358.2,759.0,136.0,84.19999999999993,634.8,840.6,180.4000000000001,106.18181818181802,821.3636363636364,1791.909090909091,160.72727272727275,109.66666666666674,1077.888888888889,451.1111111111111,136.8888888888889,121.66666666666674,1412.6666666666667,1492.3333333333333,154.33333333333326,37.0,853.8,1816.4,38.0
835,106.0,493.25,993.75,179.75,95.0,1208.75,1061.0,151.75,105.25,478.25,816.75,172.75,151.090909090909,668.5454545454545,1425.0,136.4545454545455,79.25,817.25,1051.0,144.0,89.5,1352.5,758.0,136.0,81.10000000000002,635.9,840.3,179.20000000000005,105.81818181818198,822.6363636363636,1790.090909090909,158.27272727272725,110.0,1073.0,450.0,136.0,116.22222222222217,1409.888888888889,1495.7777777777778,150.77777777777783,37.0,855.0,1815.0,38.0
836,106.39999999999986,493.6,993.2,180.19999999999993,95.0,1203.6,1062.0,151.0,105.60000000000002,478.0,816.4,173.0,157.27272727272725,670.6363636363636,1425.0,134.36363636363637,78.20000000000005,816.0,1052.8,144.79999999999995,90.0,1346.8,757.0,136.0,78.0,637.0,840.0,178.0,105.4545454545455,823.9090909090909,1788.2727272727273,155.81818181818187,110.39999999999998,1066.4,448.6,140.0,110.77777777777783,1407.111111111111,1499.2222222222222,147.22222222222217,37.0,857.5,1812.0,38.0
837,106.80000000000007,493.95,992.65,180.65000000000003,95.0,1198.45,1063.0,150.25,105.95000000000005,477.75,816.05,173.25,163.4545454545455,672.7272727272727,1425.0,132.27272727272725,77.15000000000009,814.75,1054.6,145.60000000000002,90.5,1341.1,756.0,136.0,81.375,639.125,835.875,175.125,105.09090909090901,825.1818181818181,1786.4545454545455,153.36363636363637,110.80000000000001,1059.8,447.2,144.0,105.33333333333326,1404.3333333333333,1502.6666666666667,143.66666666666674,37.0,860.0,1809.0,38.0
838,107.19999999999993,494.3,992.1,181.09999999999997,95.0,1193.3,1064.0,149.5,106.29999999999995,477.5,815.7,173.5,169.63636363636374,674.8181818181819,1425.0,130.18181818181813,76.09999999999991,813.5,1056.4,146.39999999999998,91.0,1335.4,755.0,136.0,84.75,641.25,831.75,172.25,104.72727272727252,826.4545454545455,1784.6363636363637,150.90909090909088,111.19999999999999,1053.2,445.8,148.0,99.88888888888891,1401.5555555555557,1506.111111111111,140.1111111111111,37.0,856.0,1803.3333333333333,38.0
839,107.60000000000014,494.65,991.55,181.55000000000007,95.0,1188.15,1065.0,148.75,106.64999999999998,477.25,815.35,173.75,175.81818181818176,676.9090909090909,1425.0,128.09090909090912,75.04999999999995,812.25,1058.2,147.20000000000005,91.5,1329.7,754.0,136.0,88.125,643.375,827.625,169.375,104.36363636363649,827.7272727272727,1782.8181818181818,148.45454545454538,111.60000000000002,1046.6,444.4,152.0,94.44444444444434,1398.7777777777778,1509.5555555555557,136.55555555555543,37.0,852.0,1797.6666666666667,38.0
840,108.0,495.0,991.0,182.0,95.0,1183.0,1066.0,148.0,107.0,477.0,815.0,174.0,182.0,679.0,1425.0,126.0,74.0,811.0,1060.0,148.0,92.0,1324.0,753.0,136.0,91.5,645.5,823.5,166.5,104.0,829.0,1781.0,146.0,112.0,1040.0,443.0,156.0,89.0,1396.0,1513.0,133.0,37.0,848.0,1792.0,38.0
841,106.79999999999995,496.35,991.25,182.0,94.81818181818176,1177.0,1066.6363636363637,149.18181818181824,107.28571428571422,476.42857142857144,814.4285714285714,174.28571428571422,181.8571428571429,682.4285714285714,1433.0,125.85714285714289,74.64999999999986,810.2,1059.95,147.29999999999995,92.0,1320.0,752.3333333333334,136.66666666666674,94.875,647.625,819.375,163.625,104.60000000000014,827.0,1780.6,147.39999999999998,111.84999999999997,1035.7,442.7,154.75,90.0,1394.5,1513.75,130.75,37.0,837.5,1788.0,38.0
842,105.59999999999991,497.7,991.5,182.00000000000006,94.63636363636374,1171.0,1067.2727272727273,150.36363636363626,107.57142857142856,475.85714285714283,813.8571428571429,174.5714285714286,181.71428571428578,685.8571428571429,1441.0,125.71428571428567,75.29999999999995,809.4,1059.9,146.60000000000002,92.0,1316.0,751.6666666666666,137.33333333333326,98.25,649.75,815.25,160.75,105.20000000000005,825.0,1780.2,148.79999999999995,111.70000000000005,1031.4,442.4,153.5,91.0,1393.0,1514.5,128.5,37.0,827.0,1784.0,38.0
843,104.40000000000009,499.05,991.75,181.99999999999994,94.45454545454527,1165.0,1067.909090909091,151.5454545454545,107.85714285714278,475.2857142857143,813.2857142857143,174.85714285714283,181.57142857142867,689.2857142857143,1449.0,125.57142857142856,75.95000000000005,808.6,1059.85,145.89999999999998,92.0,1312.0,751.0,138.0,101.625,651.875,811.125,157.875,105.79999999999995,823.0,1779.8,150.20000000000005,111.54999999999995,1027.1,442.1,152.25,92.0,1391.5,1515.25,126.25,37.0,822.0,1791.3333333333333,38.0
844,103.20000000000005,500.4,992.0,182.0,94.27272727272725,1159.0,1068.5454545454545,152.72727272727275,108.14285714285722,474.7142857142857,812.7142857142857,175.14285714285717,181.42857142857133,692.7142857142857,1457.0,125.42857142857144,76.60000000000014,807.8,1059.8,145.20000000000005,92.0,1308.0,750.2857142857143,132.0,105.0,654.0,807.0,155.0,106.39999999999986,821.0,1779.4,151.60000000000002,111.40000000000003,1022.8,441.8,151.0,93.0,1390.0,1516.0,124.0,37.0,817.0,1798.6666666666667,38.0
845,102.0,501.75,992.25,182.0,94.09090909090901,1153.0,1069.1818181818182,153.909090909091,108.42857142857144,474.14285714285717,812.1428571428571,175.4285714285714,181.28571428571422,696.1428571428571,1465.0,125.28571428571433,77.25,807.0,1059.75,144.5,92.0,1304.0,749.5714285714286,126.0,105.69999999999993,653.9,806.2,155.0,107.0,819.0,1779.0,153.0,111.25,1018.5,441.5,149.75,94.29999999999995,1384.9,1515.9,122.0,37.0,812.0,1806.0,38.0
846,100.79999999999995,503.1,992.5,182.0,93.90909090909099,1147.0,1069.8181818181818,155.090909090909,108.71428571428578,473.57142857142856,811.5714285714286,175.71428571428578,181.1428571428571,699.5714285714286,1473.0,125.14285714285711,77.89999999999986,806.2,1059.7,143.79999999999995,92.0,1300.0,748.8571428571429,120.0,106.39999999999998,653.8,805.4,155.0,108.16666666666674,806.0,1778.3333333333333,162.33333333333337,111.09999999999997,1014.2,441.2,148.5,95.60000000000014,1379.8,1515.8,120.0,37.0,811.0,1813.5,38.0
847,99.59999999999991,504.45,992.75,182.00000000000006,93.72727272727275,1141.0,1070.4545454545455,156.27272727272725,109.0,473.0,811.0,176.0,181.0,703.0,1481.0,125.0,78.54999999999995,805.4,1059.65,143.10000000000002,92.0,1296.0,748.1428571428571,114.0,107.10000000000002,653.7,804.6,155.0,109.33333333333326,793.0,1777.6666666666667,171.66666666666663,110.95000000000005,1009.9,440.9,147.2500000000001,96.89999999999986,1374.7,1515.7,118.0,37.0,810.0,1821.0,38.0
848,98.40000000000009,505.8,993.0,181.99999999999994,93.54545454545473,1135.0,1071.090909090909,157.4545454545455,109.20000000000005,473.1,810.8,176.19999999999993,180.79999999999995,706.0,1488.8,124.79999999999995,79.20000000000005,804.6,1059.6,142.39999999999998,92.0,1292.0,747.4285714285714,108.0,107.80000000000007,653.6,803.8,155.0,110.5,780.0,1777.0,181.0,110.79999999999995,1005.6,440.6,145.9999999999999,98.20000000000005,1369.6,1515.6,116.0,37.0,796.0,1821.0,38.0
849,97.20000000000005,507.15,993.25,182.0,93.36363636363626,1129.0,1071.7272727272727,158.63636363636374,109.39999999999998,473.2,810.6,176.40000000000003,180.60000000000014,709.0,1496.6,124.60000000000002,79.85000000000014,803.8,1059.55,141.70000000000005,92.0,1288.0,746.7142857142857,102.0,108.5,653.5,803.0,155.0,111.66666666666674,767.0,1776.3333333333333,190.33333333333337,110.65000000000003,1001.3,440.3,144.75,99.5,1364.5,1515.5,114.0,37.0,782.0,1821.0,38.0
850,96.0,508.5,993.5,182.0,93.18181818181824,1123.0,1072.3636363636363,159.81818181818176,109.60000000000002,473.3,810.4,176.59999999999997,180.39999999999986,712.0,1504.4,124.39999999999998,80.5,803.0,1059.5,141.0,92.0,1284.0,746.0,96.0,109.19999999999993,653.4,802.2,155.0,112.83333333333326,754.0,1775.6666666666667,199.66666666666663,110.5,997.0,440.0,143.5,100.79999999999995,1359.4,1515.4,112.0,37.0,768.0,1821.0,38.0
851,94.79999999999995,509.85,993.75,182.0,93.0,1117.0,1073.0,161.0,109.79999999999995,473.4,810.2,176.80000000000007,180.20000000000005,715.0,1512.2,124.20000000000005,81.14999999999986,802.2,1059.45,140.29999999999995,92.0,1276.5,745.6666666666666,103.0,109.89999999999998,653.3,801.4,155.0,114.0,741.0,1775.0,209.0,110.34999999999997,992.7,439.7,142.25,102.10000000000014,1354.3,1515.3,110.0,37.0,743.2,1810.8,38.0
852,93.59999999999991,511.2,994.0,182.00000000000006,94.0,1113.7777777777778,1074.0,157.33333333333326,110.0,473.5,810.0,177.0,180.0,718.0,1520.0,124.0,81.79999999999995,801.4,1059.4,139.60000000000002,92.0,1269.0,745.3333333333334,110.0,110.60000000000002,653.2,800.6,155.0,115.0,741.0,1774.0,205.0,110.20000000000005,988.4,439.4,141.0000000000001,103.39999999999986,1349.2,1515.2,108.0,37.0,718.4,1800.6,38.0
853,92.40000000000009,512.55,994.25,182.0,95.0,1110.5555555555557,1075.0,153.66666666666652,110.20000000000005,473.6,809.8,177.19999999999993,187.0,720.0,1524.0,127.5,82.45000000000005,800.6,1059.35,138.89999999999998,92.0,1261.5,745.0,117.0,111.30000000000007,653.1,799.8,155.0,116.0,738.5,1773.375,203.875,110.04999999999995,984.1,439.1,139.7499999999999,104.70000000000005,1344.1,1515.1,106.0,37.0,693.6,1790.4,38.0
854,91.20000000000005,513.9,994.5,182.0,96.0,1107.3333333333333,1076.0,150.0,110.39999999999998,473.7,809.6,177.40000000000003,194.0,722.0,1528.0,131.0,83.10000000000014,799.8,1059.3,138.20000000000005,92.0,1254.0,744.6666666666666,124.0,112.0,653.0,799.0,155.0,117.0,736.0,1772.75,202.75,109.90000000000003,979.8,438.8,138.5,106.0,1339.0,1515.0,104.0,37.0,668.8,1780.2,38.0
855,90.0,515.25,994.75,182.0,97.0,1104.111111111111,1077.0,146.33333333333326,110.60000000000002,473.8,809.4,177.59999999999997,189.0,724.0,1542.1666666666667,129.33333333333337,83.75,799.0,1059.25,137.5,92.0,1246.5,744.3333333333334,131.0,110.66666666666674,654.1666666666666,796.1666666666666,156.66666666666674,118.0,733.5,1772.125,201.625,109.75,975.5,438.5,137.25,104.16666666666674,1334.8333333333333,1517.8333333333333,108.5,37.0,644.0,1770.0,38.0
856,88.79999999999995,516.6,995.0,182.0,98.0,1100.888888888889,1078.0,142.66666666666674,110.79999999999995,473.9,809.2,177.80000000000007,184.0,726.0,1556.3333333333333,127.66666666666663,84.39999999999986,798.2,1059.2,136.79999999999995,92.0,1239.0,744.0,138.0,109.33333333333326,655.3333333333334,793.3333333333334,158.33333333333326,119.0,731.0,1771.5,200.5,109.59999999999997,971.2,438.2,136.0,102.33333333333326,1330.6666666666667,1520.6666666666667,113.0,37.59999999999991,620.4,1755.4,39.200000000000045
857,87.59999999999991,517.95,995.25,182.0,99.0,1097.6666666666667,1079.0,139.0,111.0,474.0,809.0,178.0,179.0,728.0,1570.5,126.0,85.04999999999995,797.4,1059.15,136.10000000000002,91.75,1235.5,743.75,134.25,108.0,656.5,790.5,160.0,120.0,728.5,1770.875,199.375,109.45000000000005,966.9,437.9,134.7500000000001,100.5,1326.5,1523.5,117.5,38.200000000000045,596.8,1740.8,40.40000000000009
858,86.40000000000009,519.3,995.5,182.0,100.0,1094.4444444444443,1080.0,135.33333333333348,111.23076923076928,473.46153846153845,811.8461538461538,178.1538461538462,174.0,730.0,1584.6666666666667,124.33333333333337,85.70000000000005,796.6,1059.1,135.39999999999998,91.5,1232.0,743.5,130.5,106.66666666666674,657.6666666666666,787.6666666666666,161.66666666666674,121.0,726.0,1770.25,198.25,109.29999999999995,962.6,437.6,133.4999999999999,98.66666666666674,1322.3333333333333,1526.3333333333333,122.0,38.799999999999955,573.2,1726.2,41.59999999999991
859,85.20000000000005,520.65,995.75,182.0,101.0,1091.2222222222222,1081.0,131.66666666666674,111.46153846153845,472.9230769230769,814.6923076923077,178.30769230769238,169.0,732.0,1598.8333333333333,122.66666666666663,86.35000000000014,795.8,1059.05,134.70000000000005,91.25,1228.5,743.25,126.75,105.33333333333326,658.8333333333334,784.8333333333334,163.33333333333326,122.0,723.5,1769.625,197.125,109.15000000000003,958.3,437.3,132.25,96.83333333333326,1318.1666666666667,1529.1666666666667,126.5,39.40000000000009,549.6,1711.6,42.799999999999955
860,84.0,522.0,996.0,182.0,102.0,1088.0,1082.0,128.0,111.69230769230774,472.38461538461536,817.5384615384615,178.46153846153845,164.0,734.0,1613.0,121.0,87.0,795.0,1059.0,134.0,91.0,1225.0,743.0,123.0,104.0,660.0,782.0,165.0,123.0,721.0,1769.0,196.0,109.0,954.0,437.0,131.0,95.0,1314.0,1532.0,131.0,40.0,526.0,1697.0,44.0
861,85.25,522.05,994.8,181.6500000000001,101.28571428571445,1081.5714285714287,1083.4285714285713,132.85714285714266,111.9230769230769,471.84615384615387,820.3846153846154,178.61538461538458,159.70000000000005,732.7,1623.1,122.59999999999991,89.0,792.6666666666666,1058.6666666666667,138.33333333333337,91.28571428571433,1221.2857142857142,742.1428571428571,120.28571428571445,101.89999999999998,662.6,781.5,164.79999999999995,124.0,723.5,1764.0,193.0,109.99999999999994,951.5454545454545,435.90909090909093,132.4545454545455,95.5,1310.8,1532.5,127.79999999999995,40.0,505.6,1679.6,44.0
862,86.49999999999989,522.1,993.6,181.29999999999995,100.57142857142844,1075.142857142857,1084.857142857143,137.71428571428578,112.15384615384608,471.3076923076923,823.2307692307693,178.76923076923077,155.39999999999986,731.4,1633.2,124.20000000000005,91.0,790.3333333333334,1058.3333333333333,142.66666666666663,91.57142857142856,1217.5714285714287,741.2857142857143,117.57142857142844,99.79999999999995,665.2,781.0,164.5999999999999,125.0,726.0,1759.0,190.0,111.00000000000006,949.0909090909091,434.8181818181818,133.90909090909088,96.0,1307.6,1533.0,124.60000000000014,40.0,485.2,1662.2,44.00000000000006
863,87.75000000000011,522.15,992.4,180.95000000000005,99.85714285714289,1068.7142857142858,1086.2857142857142,142.57142857142844,112.38461538461536,470.7692307692308,826.0769230769231,178.92307692307696,151.10000000000014,730.1,1643.3,125.79999999999995,93.0,788.0,1058.0,147.0,91.85714285714289,1213.857142857143,740.4285714285714,114.85714285714289,97.70000000000005,667.8,780.5,164.4000000000001,123.33333333333326,731.0,1757.6666666666667,190.66666666666663,112.0,946.6363636363636,433.72727272727275,135.36363636363637,96.5,1304.4,1533.5,121.39999999999986,40.0,464.8,1644.8,44.0
864,89.0,522.2,991.2,180.5999999999999,99.14285714285711,1062.2857142857142,1087.7142857142858,147.42857142857156,112.61538461538464,470.2307692307692,828.9230769230769,179.07692307692304,146.79999999999995,728.8,1653.4,127.40000000000009,94.33333333333348,783.5,1059.8333333333333,150.16666666666663,92.14285714285711,1210.142857142857,739.5714285714286,112.14285714285711,95.60000000000002,670.4,780.0,164.20000000000005,121.66666666666674,736.0,1756.3333333333333,191.33333333333337,113.0,944.1818181818181,432.6363636363636,136.81818181818187,97.0,1301.2,1534.0,118.20000000000005,40.0,444.4,1627.4,44.0
865,90.25,522.25,990.0,180.25,98.42857142857156,1055.857142857143,1089.142857142857,152.28571428571422,112.84615384615392,469.6923076923077,831.7692307692307,179.23076923076923,142.5,727.5,1663.5,129.0,95.66666666666652,779.0,1061.6666666666667,153.33333333333337,92.42857142857144,1206.4285714285713,738.7142857142857,109.42857142857156,93.5,673.0,779.5,164.0,120.0,741.0,1755.0,192.0,113.99999999999994,941.7272727272727,431.54545454545456,138.27272727272725,97.5,1298.0,1534.5,115.0,40.0,424.0,1610.0,44.0
866,91.5,522.3,988.8,179.9000000000001,97.71428571428555,1049.4285714285713,1090.5714285714287,157.14285714285734,113.0769230769231,469.15384615384613,834.6153846153846,179.38461538461542,138.20000000000005,726.2,1673.6,130.5999999999999,97.0,774.5,1063.5,156.5,92.71428571428567,1202.7142857142858,737.8571428571429,106.71428571428555,91.39999999999998,675.6,779.0,163.79999999999995,119.5,752.25,1753.5,179.25,115.00000000000006,939.2727272727273,430.45454545454544,139.72727272727275,98.0,1294.8,1535.0,111.79999999999995,40.0,408.0,1591.0,44.0
867,92.74999999999989,522.35,987.6,179.54999999999995,97.0,1043.0,1092.0,162.0,113.30769230769226,468.61538461538464,837.4615384615385,179.53846153846155,133.89999999999986,724.9,1683.7,132.20000000000005,98.33333333333348,770.0,1065.3333333333333,159.66666666666663,93.0,1199.0,737.0,104.0,89.29999999999995,678.2,778.5,163.5999999999999,119.0,763.5,1752.0,166.5,116.0,936.8181818181819,429.3636363636364,141.18181818181813,98.5,1291.6,1535.5,108.60000000000014,40.0,392.0,1572.0,44.0
868,94.00000000000011,522.4,986.4,179.20000000000005,96.23076923076906,1039.1538461538462,1093.3076923076924,160.69230769230762,113.53846153846155,468.0769230769231,840.3076923076923,179.69230769230762,129.60000000000014,723.6,1693.8,133.79999999999995,99.66666666666652,765.5,1067.1666666666667,162.83333333333337,93.33333333333326,1195.3333333333333,736.3333333333334,107.66666666666674,87.20000000000005,680.8,778.0,163.4000000000001,118.5,774.75,1750.5,153.75,117.0,934.3636363636364,428.27272727272725,142.63636363636363,99.0,1288.4,1536.0,105.39999999999986,40.0,376.0,1553.0,44.0
869,95.25,522.45,985.2,178.8499999999999,95.46153846153857,1035.3076923076924,1094.6153846153845,159.38461538461524,113.76923076923072,467.53846153846155,843.1538461538462,179.8461538461538,125.29999999999995,722.3,1703.9,135.4000000000001,101.0,761.0,1069.0,166.0,93.66666666666674,1191.6666666666667,735.6666666666666,111.33333333333326,85.10000000000002,683.4,777.5,163.20000000000005,118.0,786.0,1749.0,141.0,117.99999999999994,931.9090909090909,427.1818181818182,144.09090909090912,99.5,1285.2,1536.5,102.20000000000005,40.0,360.0,1534.0,44.0
870,96.5,522.5,984.0,178.5,94.69230769230762,1031.4615384615386,1095.923076923077,158.07692307692287,114.0,467.0,846.0,180.0,121.0,721.0,1714.0,137.0,102.0,759.6666666666666,1074.0,164.33333333333337,94.0,1188.0,735.0,115.0,83.0,686.0,777.0,163.0,120.81818181818176,786.6363636363636,1748.7272727272727,140.63636363636363,119.00000000000006,929.4545454545455,426.09090909090907,145.5454545454545,100.0,1282.0,1537.0,99.0,40.0,344.0,1515.0,44.0
871,97.75,522.55,982.8,178.1500000000001,93.9230769230769,1027.6153846153845,1097.2307692307693,156.76923076923094,111.19999999999993,465.0,848.6,180.29999999999995,120.70000000000005,720.3,1719.1,138.20000000000005,103.0,758.3333333333334,1079.0,162.66666666666663,93.80000000000007,1185.0,736.3,116.70000000000005,84.0,686.1,777.0,163.0,123.63636363636351,787.2727272727273,1748.4545454545455,140.27272727272725,120.0,927.0,425.0,147.0,99.39999999999986,1278.7,1537.4,101.59999999999991,40.0,333.0,1494.6,44.0
872,98.99999999999989,522.6,981.6,177.79999999999995,93.15384615384619,1023.7692307692307,1098.5384615384614,155.46153846153857,108.39999999999998,463.0,851.2,180.60000000000002,120.39999999999986,719.6,1724.2,139.39999999999998,104.0,757.0,1084.0,161.0,93.60000000000002,1182.0,737.6,118.40000000000009,85.0,686.2,777.0,163.0,126.4545454545455,787.9090909090909,1748.1818181818182,139.909090909091,118.55555555555554,925.6666666666666,423.8888888888889,148.55555555555554,98.79999999999995,1275.4,1537.8,104.19999999999982,40.0,322.0,1474.2,44.0
873,100.25000000000011,522.65,980.4,177.45000000000005,92.38461538461547,1019.9230769230769,1099.8461538461538,154.1538461538462,105.60000000000002,461.0,853.8,180.89999999999998,120.10000000000014,718.9,1729.3,140.60000000000002,103.625,753.625,1086.625,159.625,93.39999999999998,1179.0,738.9,120.09999999999991,86.0,686.3,777.0,163.0,129.27272727272725,788.5454545454545,1747.909090909091,139.54545454545462,117.11111111111114,924.3333333333334,422.77777777777777,150.11111111111097,98.20000000000005,1272.1,1538.2,106.80000000000018,40.0,311.0,1453.8,44.0
874,101.5,522.7,979.2,177.0999999999999,91.61538461538453,1016.0769230769231,1101.1538461538462,152.8461538461538,102.80000000000007,459.0,856.4,181.20000000000005,119.79999999999995,718.2,1734.4,141.79999999999995,103.25,750.25,1089.25,158.25,93.19999999999993,1176.0,740.2,121.79999999999995,87.0,686.4,777.0,163.0,132.090909090909,789.1818181818181,1747.6363636363637,139.18181818181824,115.66666666666669,923.0,421.6666666666667,151.66666666666674,97.60000000000014,1268.8,1538.6,109.40000000000009,40.0,300.0,1433.4,44.0
875,102.75,522.75,978.0,176.75,90.84615384615381,1012.2307692307693,1102.4615384615386,151.53846153846143,100.0,457.0,859.0,181.5,119.5,717.5,1739.5,143.0,102.875,746.875,1091.875,156.875,93.0,1173.0,741.5,123.5,88.0,686.5,777.0,163.0,134.909090909091,789.8181818181819,1747.3636363636363,138.81818181818176,114.22222222222229,921.6666666666666,420.55555555555554,153.22222222222229,97.0,1265.5,1539.0,112.0,40.0,289.0,1413.0,44.0
876,104.0,522.8,976.8,176.4000000000001,90.0769230769231,1008.3846153846154,1103.7692307692307,150.23076923076917,97.19999999999993,455.0,861.6,181.79999999999995,119.20000000000005,716.8,1744.6,144.20000000000005,102.5,743.5,1094.5,155.5,92.80000000000007,1170.0,742.8,125.20000000000005,89.0,686.6,777.0,163.0,137.72727272727275,790.4545454545455,1747.090909090909,138.45454545454538,112.77777777777771,920.3333333333334,419.44444444444446,154.77777777777771,96.39999999999986,1262.2,1539.4,114.59999999999991,40.0,283.0,1390.8,44.0
877,105.24999999999989,522.85,975.6,176.04999999999995,89.30769230769238,1004.5384615384615,1105.076923076923,148.92307692307702,94.39999999999998,453.0,864.2,182.10000000000002,118.89999999999986,716.1,1749.7,145.39999999999998,102.125,740.125,1097.125,154.125,92.60000000000002,1167.0,744.1,126.90000000000009,90.0,686.7,777.0,163.0,140.5454545454545,791.0909090909091,1746.8181818181818,138.090909090909,111.33333333333331,919.0,418.3333333333333,156.33333333333326,95.79999999999995,1258.9,1539.8,117.19999999999982,40.0,277.0,1368.6,44.0
878,106.50000000000011,522.9,974.4,175.70000000000005,88.53846153846143,1000.6923076923077,1106.3846153846155,147.61538461538464,91.60000000000002,451.0,866.8,182.39999999999998,118.60000000000014,715.4,1754.8,146.60000000000002,101.75,736.75,1099.75,152.75,92.39999999999998,1164.0,745.4,128.5999999999999,91.0,686.8,777.0,163.0,143.3636363636365,791.7272727272727,1746.5454545454545,137.72727272727275,109.88888888888886,917.6666666666666,417.22222222222223,157.88888888888903,95.20000000000005,1255.6,1540.2,119.80000000000018,40.0,271.0,1346.4,44.0
879,107.75,522.95,973.2,175.3499999999999,87.76923076923094,996.8461538461538,1107.6923076923076,146.30769230769238,88.80000000000007,449.0,869.4,182.70000000000005,118.29999999999995,714.7,1759.9,147.79999999999995,101.375,733.375,1102.375,151.375,92.19999999999993,1161.0,746.7,130.29999999999995,92.0,686.9,777.0,163.0,146.18181818181824,792.3636363636364,1746.2727272727273,137.36363636363637,108.44444444444446,916.3333333333334,416.1111111111111,159.44444444444446,94.60000000000014,1252.3,1540.6,122.40000000000009,40.0,265.0,1324.2,44.0
880,109.0,523.0,972.0,175.0,87.0,993.0,1109.0,145.0,86.0,447.0,872.0,183.0,118.0,714.0,1765.0,149.0,101.0,730.0,1105.0,150.0,92.0,1158.0,748.0,132.0,93.0,687.0,777.0,163.0,149.0,793.0,1746.0,137.0,107.0,915.0,415.0,161.0,94.0,1249.0,1541.0,125.0,40.0,259.0,1302.0,44.0
881,108.47619047619048,522.6666666666666,971.4285714285714,175.0,87.19047619047637,989.2380952380952,1110.3809523809523,145.38095238095252,86.0,447.04761904761904,872.4285714285714,182.8571428571429,117.85714285714289,713.2380952380952,1765.4285714285713,149.71428571428578,102.35714285714289,727.0714285714286,1108.2857142857142,150.6428571428571,92.0,1153.3333333333333,748.6666666666666,136.66666666666674,96.60000000000002,686.6,778.4,163.0,147.0,794.5454545454545,1752.3636363636363,138.63636363636363,107.2380952380953,915.6190476190476,414.6190476190476,159.85714285714278,94.33333333333326,1247.8095238095239,1541.047619047619,124.61904761904748,40.0,258.0,1282.0,44.0
882,107.95238095238096,522.3333333333334,970.8571428571429,175.0,87.3809523809523,985.4761904761905,1111.7619047619048,145.7619047619047,86.0,447.0952380952381,872.8571428571429,182.71428571428578,117.71428571428578,712.4761904761905,1765.857142857143,150.42857142857144,103.71428571428555,724.1428571428571,1111.5714285714287,151.28571428571433,92.0,1148.6666666666667,749.3333333333334,141.33333333333326,100.20000000000005,686.2,779.8,163.0,145.0,796.0909090909091,1758.7272727272727,140.27272727272725,107.47619047619042,916.2380952380952,414.23809523809524,158.71428571428578,94.66666666666674,1246.6190476190477,1541.095238095238,124.23809523809518,40.0,257.0,1262.0,44.0
883,107.42857142857144,522.0,970.2857142857143,175.0,87.57142857142867,981.7142857142857,1113.142857142857,146.14285714285722,86.0,447.14285714285717,873.2857142857143,182.5714285714285,117.57142857142867,711.7142857142857,1766.2857142857142,151.14285714285722,105.07142857142844,721.2142857142857,1114.857142857143,151.92857142857144,92.0,1144.0,750.0,146.0,103.79999999999995,685.8,781.2,163.0,143.0,797.6363636363636,1765.090909090909,141.90909090909088,107.71428571428572,916.8571428571429,413.85714285714283,157.57142857142844,95.0,1245.4285714285713,1541.142857142857,123.85714285714289,40.0,256.0,1242.0,44.0
884,106.90476190476204,521.6666666666666,969.7142857142857,175.0,87.76190476190459,977.952380952381,1114.5238095238096,146.5238095238094,86.0,447.1904761904762,873.7142857142857,182.4285714285714,117.42857142857133,710.952380952381,1766.7142857142858,151.8571428571429,106.42857142857156,718.2857142857143,1118.142857142857,152.57142857142856,92.0,1146.0,751.0,144.0,107.39999999999998,685.4,782.6,163.0,141.0,799.1818181818181,1771.4545454545455,143.54545454545462,107.95238095238096,917.4761904761905,413.4761904761905,156.42857142857144,95.33333333333348,1244.2380952380952,1541.1904761904761,123.4761904761906,40.0,255.0,1222.0,44.0
885,106.38095238095252,521.3333333333334,969.1428571428571,175.0,87.95238095238096,974.1904761904761,1115.904761904762,146.90476190476193,86.0,447.23809523809524,874.1428571428571,182.28571428571428,117.28571428571422,710.1904761904761,1767.142857142857,152.57142857142867,107.78571428571445,715.3571428571429,1121.4285714285713,153.21428571428567,92.0,1148.0,752.0,142.0,111.0,685.0,784.0,163.0,139.0,800.7272727272727,1777.8181818181818,145.18181818181813,108.19047619047626,918.0952380952381,413.0952380952381,155.28571428571422,95.66666666666674,1243.047619047619,1541.2380952380952,123.09523809523807,40.0,254.0,1202.0,44.0
886,105.85714285714278,521.0,968.5714285714286,175.0,88.14285714285711,970.4285714285714,1117.2857142857142,147.28571428571433,86.0,447.2857142857143,874.5714285714286,182.14285714285717,117.14285714285711,709.4285714285714,1767.5714285714287,153.28571428571422,109.14285714285711,712.4285714285714,1124.7142857142858,153.8571428571429,92.0,1150.0,753.0,140.0,109.59999999999991,684.6,785.2,163.0,137.0,802.2727272727273,1784.1818181818182,146.81818181818187,108.42857142857139,918.7142857142857,412.7142857142857,154.14285714285722,96.0,1241.857142857143,1541.2857142857142,122.71428571428578,40.0,258.4,1182.6,44.0
887,105.33333333333326,520.6666666666666,968.0,175.0,88.33333333333326,966.6666666666666,1118.6666666666667,147.66666666666663,86.0,447.3333333333333,875.0,182.00000000000006,117.0,708.6666666666666,1768.0,154.0,110.5,709.5,1128.0,154.5,92.0,1152.0,754.0,138.0,108.20000000000005,684.2,786.4,163.0,135.0,803.8181818181819,1790.5454545454545,148.45454545454538,108.66666666666669,919.3333333333334,412.3333333333333,152.9999999999999,96.33333333333348,1240.6666666666667,1541.3333333333333,122.33333333333326,40.0,262.8,1163.2,44.0
888,104.80952380952374,520.3333333333334,967.4285714285714,175.0,88.52380952380963,962.9047619047619,1120.047619047619,148.04761904761904,86.0,447.3809523809524,875.4285714285714,181.85714285714278,116.85714285714289,707.9047619047619,1768.4285714285713,154.71428571428567,111.85714285714289,706.5714285714286,1131.2857142857142,155.1428571428571,92.0,1154.0,755.0,136.0,106.79999999999995,683.8,787.6,163.0,133.0,805.3636363636364,1796.909090909091,150.09090909090912,108.90476190476193,919.952380952381,411.95238095238096,151.8571428571429,96.66666666666674,1239.4761904761904,1541.3809523809523,121.95238095238096,40.0,267.2,1143.8,44.0
889,104.28571428571422,520.0,966.8571428571429,175.0,88.71428571428578,959.1428571428571,1121.4285714285713,148.42857142857156,86.0,447.42857142857144,875.8571428571429,181.71428571428567,116.71428571428578,707.1428571428571,1768.857142857143,155.42857142857144,113.21428571428555,703.6428571428571,1134.5714285714287,155.78571428571433,92.0,1156.0,756.0,134.0,105.40000000000009,683.4,788.8,163.0,131.0,806.9090909090909,1803.2727272727273,151.72727272727275,109.14285714285711,920.5714285714286,411.57142857142856,150.71428571428567,97.0,1238.2857142857142,1541.4285714285713,121.57142857142867,40.0,271.6,1124.4,44.0
890,103.7619047619047,519.6666666666666,966.2857142857143,175.0,88.90476190476193,955.3809523809524,1122.8095238095239,148.80952380952374,86.0,447.4761904761905,876.2857142857143,181.57142857142856,116.57142857142867,706.3809523809524,1769.2857142857142,156.1428571428571,114.57142857142844,700.7142857142857,1137.857142857143,156.42857142857144,92.0,1158.0,757.0,132.0,104.0,683.0,790.0,163.0,129.0,808.4545454545455,1809.6363636363637,153.36363636363637,109.38095238095235,921.1904761904761,411.1904761904762,149.57142857142867,97.33333333333348,1237.095238095238,1541.4761904761904,121.19047619047615,40.0,276.0,1105.0,44.0
891,103.2380952380953,519.3333333333334,965.7142857142857,175.0,89.09523809523807,951.6190476190476,1124.1904761904761,149.19047619047626,86.0,447.5238095238095,876.7142857142857,181.42857142857144,116.42857142857133,705.6190476190476,1769.7142857142858,156.8571428571429,115.92857142857156,697.7857142857143,1141.142857142857,157.07142857142856,92.0,1161.1666666666667,757.8333333333334,129.83333333333326,102.63636363636363,682.3636363636364,791.7272727272727,165.63636363636363,127.0,810.0,1816.0,155.0,109.61904761904765,921.8095238095239,410.8095238095238,148.42857142857133,97.66666666666652,1235.904761904762,1541.5238095238096,120.80952380952385,40.0,282.3333333333333,1090.3333333333333,44.0
892,102.71428571428578,519.0,965.1428571428571,175.0,89.28571428571422,947.8571428571429,1125.5714285714287,149.57142857142844,86.0,447.57142857142856,877.1428571428571,181.28571428571433,116.28571428571422,704.8571428571429,1770.142857142857,157.57142857142856,117.28571428571445,694.8571428571429,1144.4285714285713,157.71428571428567,92.0,1164.3333333333333,758.6666666666666,127.66666666666674,101.27272727272725,681.7272727272727,793.4545454545455,168.27272727272725,127.0,813.0,1818.25,154.5,109.85714285714289,922.4285714285714,410.42857142857144,147.28571428571433,98.0,1234.7142857142858,1541.5714285714287,120.42857142857133,40.0,288.6666666666667,1075.6666666666667,44.0
893,102.19047619047626,518.6666666666666,964.5714285714286,175.0,89.47619047619037,944.0952380952381,1126.952380952381,149.95238095238096,86.0,447.6190476190476,877.5714285714286,181.14285714285722,116.14285714285711,704.0952380952381,1770.5714285714287,158.28571428571433,118.64285714285711,691.9285714285714,1147.7142857142858,158.3571428571429,92.0,1167.5,759.5,125.5,99.90909090909099,681.0909090909091,795.1818181818181,170.90909090909088,127.0,816.0,1820.5,154.0,110.09523809523807,923.047619047619,410.04761904761904,146.1428571428571,98.33333333333326,1233.5238095238096,1541.6190476190477,120.04761904761904,40.0,295.0,1061.0,44.0
894,101.66666666666674,518.3333333333334,964.0,175.0,89.66666666666674,940.3333333333334,1128.3333333333333,150.33333333333337,86.0,447.6666666666667,878.0,180.99999999999994,116.0,703.3333333333334,1771.0,159.0,120.0,689.0,1151.0,159.0,92.0,1170.6666666666667,760.3333333333334,123.33333333333326,98.54545454545462,680.4545454545455,796.9090909090909,173.5454545454545,127.0,819.0,1822.75,153.5,110.33333333333331,923.6666666666666,409.6666666666667,145.0000000000001,98.66666666666652,1232.3333333333333,1541.6666666666667,119.66666666666674,40.0,302.0,1070.5,44.0
895,101.14285714285722,518.0,963.4285714285714,175.0,89.85714285714289,936.5714285714286,1129.7142857142858,150.71428571428567,86.0,447.7142857142857,878.4285714285714,180.85714285714283,115.85714285714289,702.5714285714286,1771.4285714285713,159.71428571428578,117.28571428571445,684.2857142857143,1153.2857142857142,159.85714285714278,92.0,1173.8333333333333,761.1666666666666,121.16666666666674,97.18181818181824,679.8181818181819,798.6363636363636,176.18181818181813,127.0,822.0,1825.0,153.0,110.57142857142861,924.2857142857143,409.2857142857143,143.85714285714278,99.0,1231.142857142857,1541.7142857142858,119.28571428571422,40.0,309.0,1080.0,44.0
896,100.61904761904748,517.6666666666666,962.8571428571429,175.0,90.04761904761904,932.8095238095239,1131.095238095238,151.09523809523807,86.0,447.76190476190476,878.8571428571429,180.71428571428572,115.71428571428578,701.8095238095239,1771.857142857143,160.42857142857133,114.57142857142844,679.5714285714286,1155.5714285714287,160.71428571428578,92.0,1177.0,762.0,119.0,95.81818181818176,679.1818181818181,800.3636363636364,178.81818181818187,121.5,822.6666666666666,1834.0,152.16666666666674,110.80952380952374,924.9047619047619,408.9047619047619,142.71428571428578,99.33333333333326,1229.952380952381,1541.7619047619048,118.90476190476193,40.0,316.8333333333333,1085.5,44.0
897,100.09523809523796,517.3333333333334,962.2857142857143,175.0,90.23809523809541,929.047619047619,1132.4761904761904,151.4761904761906,86.0,447.8095238095238,879.2857142857143,180.5714285714286,115.57142857142867,701.047619047619,1772.2857142857142,161.1428571428571,111.85714285714289,674.8571428571429,1157.857142857143,161.57142857142856,92.0,1180.0,763.0,121.59999999999991,94.45454545454538,678.5454545454545,802.0909090909091,181.4545454545455,116.0,823.3333333333334,1843.0,151.33333333333326,111.04761904761904,925.5238095238095,408.5238095238095,141.57142857142856,99.66666666666652,1228.7619047619048,1541.8095238095239,118.5238095238094,40.0,324.6666666666667,1091.0,44.0
898,99.57142857142856,517.0,961.7142857142857,175.0,90.42857142857133,925.2857142857143,1133.857142857143,151.85714285714278,86.0,447.85714285714283,879.7142857142857,180.4285714285715,115.42857142857133,700.2857142857143,1772.7142857142858,161.85714285714278,109.14285714285711,670.1428571428571,1160.142857142857,162.42857142857144,92.0,1183.0,764.0,124.20000000000005,93.09090909090901,677.9090909090909,803.8181818181819,184.09090909090912,110.5,824.0,1852.0,150.5,111.28571428571428,926.1428571428571,408.14285714285717,140.42857142857156,100.0,1227.5714285714287,1541.857142857143,118.14285714285711,40.0,332.5,1096.5,44.0
899,99.04761904761904,516.6666666666666,961.1428571428571,175.0,90.6190476190477,921.5238095238095,1135.2380952380952,152.2380952380953,86.0,447.9047619047619,880.1428571428571,180.28571428571422,115.28571428571422,699.5238095238095,1773.142857142857,162.57142857142856,106.42857142857156,665.4285714285714,1162.4285714285713,163.28571428571422,92.0,1186.0,765.0,126.79999999999995,91.72727272727275,677.2727272727273,805.5454545454545,186.72727272727275,105.0,824.6666666666666,1861.0,149.66666666666674,111.52380952380958,926.7619047619048,407.76190476190476,139.28571428571422,100.33333333333326,1226.3809523809523,1541.904761904762,117.76190476190482,40.0,340.3333333333333,1102.0,44.0
900,98.52380952380952,516.3333333333334,960.5714285714286,175.0,90.80952380952363,917.7619047619048,1136.6190476190477,152.61904761904748,86.0,447.95238095238096,880.5714285714286,180.1428571428571,115.14285714285711,698.7619047619048,1773.5714285714287,163.28571428571422,103.71428571428555,660.7142857142857,1164.7142857142858,164.14285714285722,92.0,1189.0,766.0,129.4000000000001,90.36363636363637,676.6363636363636,807.2727272727273,189.36363636363637,99.5,825.3333333333334,1870.0,148.83333333333326,111.7619047619047,927.3809523809524,407.3809523809524,138.14285714285722,100.66666666666674,1225.1904761904761,1541.952380952381,117.38095238095252,40.0,348.1666666666667,1107.5,44.0
901,98.0,516.0,960.0,175.0,91.0,914.0,1138.0,153.0,86.0,448.0,881.0,180.0,115.0,698.0,1774.0,164.0,101.0,656.0,1167.0,165.0,92.0,1192.0,767.0,132.0,89.0,676.0,809.0,192.0,94.0,826.0,1879.0,148.0,112.0,928.0,407.0,137.0,101.0,1224.0,1542.0,117.0,40.0,356.0,1113.0,44.0
