TeamID,0,0,0,0,0,0,0,0,0,0,0,0,0,0,0,0,0,0,0,0,1,1,1,1,1,1,1,1,1,1,1,1,1,1,1,1,1,1,1,1,BALL,BALL,BALL,BALL
PlayerID,1,1,1,1,2,2,2,2,3,3,3,3,4,4,4,4,5,5,5,5,0,0,0,0,1,1,1,1,2,2,2,2,3,3,3,3,4,4,4,4,BALL,BALL,BALL,BALL
Attributes,bb_height,bb_left,bb_top,bb_width,bb_height,bb_left,bb_top,bb_width,bb_height,bb_left,bb_top,bb_width,bb_height,bb_left,bb_top,bb_width,bb_height,bb_left,bb_top,bb_width,bb_height,bb_left,bb_top,bb_width,bb_height,bb_left,bb_top,bb_width,bb_height,bb_left,bb_top,bb_width,bb_height,bb_left,bb_top,bb_width,bb_height,bb_left,bb_top,bb_width,bb_height,bb_left,bb_top,bb_width
frame,,,,,,,,,,,,,,,,,,,,,,,,,,,,,,,,,,,,,,,,,,,,
1,122.0,667.0,857.0,122.0,96.0,1412.0,1004.0,104.0,90.0,2387.0,741.0,120.0,114.0,653.0,1057.0,136.0,121.0,922.0,673.0,118.0,111.0,586.0,345.0,142.0,102.0,677.0,777.0,177.0,120.0,2002.0,1191.0,104.0,87.0,850.0,408.0,132.0,146.0,1183.0,511.0,101.0,35.0,1197.0,514.0,35.0
2,122.66666666666663,665.6666666666666,855.5555555555555,123.44444444444446,96.5,1404.75,1003.25,108.75,89.80000000000007,2378.6,741.4,125.80000000000018,111.46153846153857,652.1538461538462,1060.6153846153845,136.0,117.19999999999993,922.6,669.6,128.39999999999998,111.0,586.0,345.0,142.0,102.0,674.7,777.0,176.19999999999993,119.5454545454545,1994.7272727272727,1193.909090909091,106.81818181818176,87.33333333333331,841.3333333333334,413.0,132.66666666666663,146.0,1168.0,509.0,111.0,34.33333333333337,1188.0,515.6666666666666,34.33333333333326
3,123.33333333333337,664.3333333333334,854.1111111111111,124.8888888888888,97.0,1397.5,1002.5,113.5,89.60000000000002,2370.2,741.8,131.60000000000036,108.9230769230769,651.3076923076923,1064.2307692307693,136.0,113.39999999999998,923.2,666.2,138.79999999999995,115.33333333333331,588.0,340.75,140.0,102.0,672.4,777.0,175.39999999999998,119.09090909090924,1987.4545454545455,1196.8181818181818,109.63636363636351,87.66666666666669,832.6666666666666,418.0,133.33333333333337,146.00000000000006,1155.857142857143,509.2857142857143,121.14285714285711,33.66666666666663,1179.0,517.3333333333334,33.66666666666674
4,124.0,663.0,852.6666666666666,126.33333333333337,97.5,1390.25,1001.75,118.25,89.39999999999998,2361.8,742.2,137.39999999999964,106.38461538461547,650.4615384615385,1067.8461538461538,136.0,109.60000000000002,923.8,662.8,149.20000000000005,119.66666666666669,590.0,336.5,138.0,102.0,670.1,777.0,174.60000000000002,118.63636363636351,1980.1818181818182,1199.7272727272727,112.45454545454527,88.0,824.0,423.0,134.0,146.0,1143.7142857142858,509.57142857142856,131.28571428571422,33.0,1170.0,519.0,33.0
5,124.66666666666674,661.6666666666666,851.2222222222222,127.77777777777783,98.0,1383.0,1001.0,123.0,89.19999999999993,2353.4,742.6,143.19999999999982,103.84615384615381,649.6153846153846,1071.4615384615386,136.0,105.80000000000007,924.4,659.4,159.60000000000002,124.0,592.0,332.25,136.0,102.0,667.8,777.0,173.80000000000007,118.18181818181802,1972.909090909091,1202.6363636363637,115.27272727272702,88.20000000000005,811.6,428.0,134.79999999999995,146.00000000000006,1131.5714285714287,509.85714285714283,141.42857142857133,31.0,1159.3333333333333,519.6666666666666,31.666666666666742
6,125.33333333333326,660.3333333333334,849.7777777777778,129.22222222222217,98.66666666666674,1379.0,1000.0,124.33333333333326,89.0,2345.0,743.0,149.0,101.30769230769238,648.7692307692307,1075.076923076923,136.0,102.0,925.0,656.0,170.0,128.33333333333331,594.0,328.0,134.0,102.0,665.5,777.0,173.0,117.72727272727275,1965.6363636363637,1205.5454545454545,118.09090909090878,88.39999999999998,799.2,433.0,135.5999999999999,145.99999999999994,1119.4285714285713,510.14285714285717,151.57142857142867,29.0,1148.6666666666667,520.3333333333334,30.333333333333258
7,126.0,659.0,848.3333333333334,130.66666666666663,99.33333333333326,1375.0,999.0,125.66666666666674,89.0,2344.1428571428573,743.2857142857143,144.14285714285688,98.76923076923094,647.9230769230769,1078.6923076923076,136.0,106.66666666666663,926.5,652.0,168.0,132.66666666666669,596.0,323.75,132.0,102.0,663.2,777.0,172.19999999999993,117.27272727272725,1958.3636363636363,1208.4545454545455,120.90909090909122,88.60000000000002,786.8,438.0,136.4000000000001,146.0,1107.2857142857142,510.42857142857144,161.71428571428578,27.0,1138.0,521.0,29.0
8,126.66666666666663,657.6666666666666,846.8888888888889,132.1111111111112,100.0,1371.0,998.0,127.0,89.0,2343.285714285714,743.5714285714286,139.28571428571422,96.23076923076906,647.0769230769231,1082.3076923076924,136.0,111.33333333333337,928.0,648.0,166.0,137.0,598.0,319.5,130.0,102.0,660.9,777.0,171.39999999999998,116.81818181818198,1951.090909090909,1211.3636363636363,123.72727272727298,88.79999999999995,774.4,443.0,137.20000000000005,145.99999999999994,1095.142857142857,510.7142857142857,171.8571428571429,27.0,1127.0,518.3333333333334,29.0
9,127.33333333333337,656.3333333333334,845.4444444444445,133.55555555555554,100.33333333333337,1365.0,997.3333333333334,123.33333333333326,89.0,2342.4285714285716,743.8571428571429,134.4285714285711,93.69230769230762,646.2307692307693,1085.923076923077,136.0,116.0,929.5,644.0,164.0,141.33333333333331,600.0,315.25,128.0,102.0,658.6,777.0,170.60000000000002,116.36363636363649,1943.8181818181818,1214.2727272727273,126.54545454545473,89.0,762.0,448.0,138.0,146.0,1083.0,511.0,182.0,27.0,1116.0,515.6666666666666,29.0
10,128.0,655.0,844.0,135.0,100.66666666666663,1359.0,996.6666666666666,119.66666666666674,89.0,2341.5714285714284,744.1428571428571,129.5714285714289,91.15384615384619,645.3846153846154,1089.5384615384614,136.0,120.66666666666663,931.0,640.0,162.0,145.66666666666669,602.0,311.0,126.0,102.0,656.3,777.0,169.80000000000007,115.90909090909076,1936.5454545454545,1217.1818181818182,129.3636363636365,89.28571428571428,753.2857142857143,454.7142857142857,140.0,139.16666666666663,1075.1666666666667,507.0,182.0,27.0,1105.0,513.0,29.0
11,130.33333333333337,653.6666666666666,841.5555555555555,135.33333333333337,101.0,1353.0,996.0,116.0,89.0,2340.714285714286,744.4285714285714,124.71428571428578,88.61538461538453,644.5384615384615,1093.1538461538462,136.0,125.33333333333337,932.5,636.0,160.0,150.0,604.0,306.75,124.0,102.0,654.0,777.0,169.0,115.4545454545455,1929.2727272727273,1220.090909090909,132.18181818181824,89.57142857142856,744.5714285714286,461.42857142857144,142.0,132.33333333333337,1067.3333333333333,503.0,182.0,27.28571428571422,1094.142857142857,511.42857142857144,29.0
12,132.66666666666674,652.3333333333334,839.1111111111111,135.66666666666663,101.40000000000009,1344.0,992.8,117.20000000000005,89.0,2339.8571428571427,744.7142857142857,119.85714285714312,86.0769230769231,643.6923076923077,1096.7692307692307,136.0,130.0,934.0,632.0,158.0,154.33333333333331,606.0,302.5,122.0,102.0,656.0,775.6,168.0,115.0,1922.0,1223.0,135.0,89.85714285714283,735.8571428571429,468.14285714285717,144.0,125.5,1059.5,499.0,182.0,27.571428571428612,1083.2857142857142,509.85714285714283,29.0
13,135.0,651.0,836.6666666666666,136.0,101.80000000000007,1335.0,989.6,118.40000000000009,89.0,2339.0,745.0,115.0,83.53846153846143,642.8461538461538,1100.3846153846155,136.0,130.0,931.2222222222222,628.7777777777778,157.0,158.66666666666669,608.0,298.25,120.0,102.0,658.0,774.2,167.0,113.78571428571422,1912.357142857143,1229.0,136.3571428571429,90.14285714285717,727.1428571428571,474.85714285714283,146.0,118.66666666666663,1051.6666666666667,495.0,182.0,27.857142857142833,1072.4285714285713,508.2857142857143,29.0
14,137.33333333333337,649.6666666666666,834.2222222222222,136.33333333333337,102.19999999999993,1326.0,986.4,119.59999999999991,89.125,2332.625,745.25,115.625,81.0,642.0,1104.0,136.0,130.0,928.4444444444445,625.5555555555555,155.9999999999999,163.0,610.0,294.0,118.0,102.0,660.0,772.8,166.0,112.57142857142867,1902.7142857142858,1235.0,137.71428571428555,90.42857142857144,718.4285714285714,481.57142857142856,148.0,111.83333333333337,1043.8333333333333,491.0,182.0,28.142857142857167,1061.5714285714287,506.7142857142857,29.0
15,139.66666666666663,648.3333333333334,831.7777777777778,136.66666666666663,102.59999999999991,1317.0,983.2,120.79999999999995,89.25,2326.25,745.5,116.25,81.0,641.4166666666666,1105.1666666666667,137.75,130.0,925.6666666666666,622.3333333333334,155.0000000000001,154.0,612.0,290.0,116.0,102.0,662.0,771.4,165.0,111.35714285714289,1893.0714285714287,1241.0,139.07142857142844,90.71428571428572,709.7142857142857,488.2857142857143,150.0,105.0,1036.0,487.0,182.0,28.428571428571388,1050.7142857142858,505.14285714285717,29.0
16,142.0,647.0,829.3333333333334,137.0,103.0,1308.0,980.0,122.0,89.375,2319.875,745.75,116.875,81.0,640.8333333333334,1106.3333333333333,139.5,130.0,922.8888888888889,619.1111111111111,154.0,145.0,614.0,286.0,114.0,102.0,664.0,770.0,164.0,110.14285714285711,1883.4285714285713,1247.0,140.42857142857156,91.0,701.0,495.0,152.0,105.00000000000006,1027.1666666666667,483.8333333333333,185.83333333333326,28.71428571428578,1039.857142857143,503.57142857142856,29.0
17,144.33333333333326,645.6666666666666,826.8888888888889,137.33333333333337,103.5,1298.0,976.5,126.75,89.5,2313.5,746.0,117.5,81.0,640.25,1107.5,141.25,130.0,920.1111111111111,615.8888888888889,153.0,135.0,614.0,281.25,115.0,102.0,664.5714285714286,768.4285714285714,163.1428571428571,108.92857142857133,1873.7857142857142,1253.0,141.78571428571445,91.16666666666669,690.6666666666666,503.3333333333333,151.5,104.99999999999994,1018.3333333333334,480.6666666666667,189.66666666666663,29.0,1029.0,502.0,29.0
18,146.66666666666663,644.3333333333334,824.4444444444445,137.66666666666663,104.0,1288.0,973.0,131.5,89.625,2307.125,746.25,118.125,81.0,639.6666666666666,1108.6666666666667,143.0,130.0,917.3333333333334,612.6666666666666,151.9999999999999,125.0,614.0,276.5,116.0,102.0,665.1428571428571,766.8571428571429,162.28571428571433,107.71428571428578,1864.142857142857,1259.0,143.1428571428571,91.33333333333331,680.3333333333334,511.6666666666667,151.0,105.0,1009.5,477.5,193.5,29.0,1019.0,501.0,29.0
19,149.0,643.0,822.0,138.0,104.5,1278.0,969.5,136.25,89.75,2300.75,746.5,118.75,81.0,639.0833333333334,1109.8333333333333,144.75,130.0,914.5555555555555,609.4444444444445,151.0000000000001,115.0,614.0,271.75,117.0,102.0,665.7142857142857,765.2857142857143,161.42857142857144,106.5,1854.5,1265.0,144.5,91.5,670.0,520.0,150.5,105.00000000000006,1000.6666666666666,474.3333333333333,197.33333333333337,29.0,1009.0,500.0,29.0
20,147.28571428571433,638.4285714285714,819.1428571428571,142.71428571428567,105.0,1268.0,966.0,141.0,89.875,2294.375,746.75,119.375,81.0,638.5,1111.0,146.5,130.0,911.7777777777778,606.2222222222222,150.0,105.0,614.0,267.0,118.0,102.0,666.2857142857143,763.7142857142857,160.57142857142856,105.28571428571422,1844.857142857143,1271.0,145.8571428571429,91.66666666666663,659.6666666666666,528.3333333333334,150.0,104.99999999999994,991.8333333333334,471.1666666666667,201.16666666666663,29.0,999.0,499.0,29.0
21,145.57142857142856,633.8571428571429,816.2857142857143,147.42857142857144,105.5,1262.5,965.0,146.5,90.0,2288.0,747.0,120.0,81.0,637.9166666666666,1112.1666666666667,148.25,130.0,909.0,603.0,149.0,105.66666666666663,618.6666666666666,265.6666666666667,124.66666666666674,102.0,666.8571428571429,762.1428571428571,159.71428571428567,104.07142857142867,1835.2142857142858,1277.0,147.21428571428555,91.83333333333337,649.3333333333334,536.6666666666666,149.5,105.0,983.0,468.0,205.0,29.0,989.0,498.0,29.0
22,143.8571428571429,629.2857142857143,813.4285714285714,152.1428571428571,106.0,1257.0,964.0,152.0,90.0,2283.3333333333335,747.6666666666666,123.33333333333303,81.0,637.3333333333334,1113.3333333333333,150.0,130.0,903.2,598.4,153.39999999999986,106.33333333333337,623.3333333333334,264.3333333333333,131.33333333333326,102.0,667.4285714285714,760.5714285714286,158.8571428571429,102.85714285714289,1825.5714285714287,1283.0,148.57142857142844,92.0,639.0,545.0,149.0,102.79999999999995,967.4,465.0,205.0000000000001,29.0,979.0,497.0,29.0
23,142.1428571428571,624.7142857142857,810.5714285714286,156.8571428571429,106.5,1251.0,963.0,147.0,90.0,2278.6666666666665,748.3333333333334,126.66666666666697,81.0,636.75,1114.5,151.75,130.0,897.4,593.8,157.80000000000007,107.0,628.0,263.0,138.0,102.0,668.0,759.0,158.0,101.64285714285711,1815.9285714285713,1289.0,149.92857142857156,97.0,632.0,552.0,145.5,100.60000000000002,951.8,462.0,205.0,29.0,966.8,491.0,29.0
24,140.42857142857144,620.1428571428571,807.7142857142857,161.57142857142856,107.0,1245.0,962.0,142.0,90.0,2274.0,749.0,130.0,81.0,636.1666666666666,1115.6666666666667,153.5,130.0,891.6,589.2,162.19999999999993,107.66666666666663,632.6666666666666,261.6666666666667,144.66666666666674,102.0,669.2222222222222,756.4444444444445,158.0,100.42857142857133,1806.2857142857142,1295.0,151.28571428571445,102.0,625.0,559.0,142.0,98.39999999999998,936.2,459.0,205.0,29.0,954.6,485.0,29.0
25,138.71428571428567,615.5714285714286,804.8571428571429,166.28571428571433,107.5,1245.25,957.5,133.0,90.0,2271.5,749.5,130.0,81.0,635.5833333333334,1116.8333333333333,155.25,130.0,885.8,584.6,166.60000000000014,108.33333333333337,637.3333333333334,260.3333333333333,151.33333333333326,102.0,670.4444444444445,753.8888888888889,158.0,99.21428571428578,1796.642857142857,1301.0,152.6428571428571,95.5,618.0,565.5,139.0,96.20000000000005,920.6,456.0,204.9999999999999,29.0,942.4,479.0,29.0
26,137.0,611.0,802.0,171.0,108.0,1245.5,953.0,124.0,90.0,2269.0,750.0,130.0,81.0,635.0,1118.0,157.0,130.0,880.0,580.0,171.0,109.0,642.0,259.0,158.0,102.0,671.6666666666666,751.3333333333334,158.0,98.0,1787.0,1307.0,154.0,89.0,611.0,572.0,136.0,94.0,905.0,453.0,205.0,29.0,930.2,473.0,29.0
27,137.0,610.0,800.3333333333334,172.16666666666663,108.5,1245.75,948.5,115.0,90.0,2266.5,750.5,130.0,81.0,635.3333333333334,1118.2777777777778,157.0,130.0,874.0,575.3333333333334,163.66666666666674,109.0,647.25,254.75,157.25,102.0,672.8888888888889,748.7777777777778,158.0,98.47222222222217,1776.638888888889,1310.6666666666667,153.47222222222217,88.0,602.6666666666666,585.0,137.0,94.0,889.0,451.6,205.0,29.0,918.0,467.0,29.0
28,137.0,609.0,798.6666666666666,173.33333333333337,109.0,1246.0,944.0,106.0,90.0,2264.0,751.0,130.0,81.0,635.6666666666666,1118.5555555555557,157.0,130.0,868.0,570.6666666666666,156.33333333333326,109.0,652.5,250.5,156.5,102.0,674.1111111111111,746.2222222222222,158.0,98.94444444444457,1766.2777777777778,1314.3333333333333,152.94444444444434,87.0,594.3333333333334,598.0,138.0,94.00000000000006,873.0,450.2,205.0,29.0,905.2,467.4,29.0
29,137.0,608.0,797.0,174.5,109.16666666666663,1237.0,939.6666666666666,112.5,90.0,2261.5,751.5,130.0,81.0,636.0,1118.8333333333333,157.0,130.0,862.0,566.0,149.0,109.0,657.75,246.25,155.75,102.0,675.3333333333334,743.6666666666666,158.0,99.41666666666674,1755.9166666666667,1318.0,152.41666666666652,86.0,586.0,611.0,139.0,93.99999999999994,857.0,448.8,205.0,29.0,892.4,467.8,29.0
30,137.0,607.0,795.3333333333334,175.66666666666663,109.33333333333337,1228.0,935.3333333333334,119.0,90.0,2259.0,752.0,130.0,81.0,636.3333333333334,1119.111111111111,157.0,128.875,860.0,569.125,152.5,109.0,663.0,242.0,155.0,102.0,676.5555555555555,741.1111111111111,158.0,99.88888888888891,1745.5555555555557,1321.6666666666667,151.8888888888887,90.66666666666663,578.3333333333334,615.0,149.0,94.0,841.0,447.4,205.0,29.0,879.6,468.2,29.0
31,137.0,606.0,793.6666666666666,176.83333333333337,109.5,1219.0,931.0,125.5,90.0,2253.4,752.4,131.0,81.0,636.6666666666666,1119.388888888889,157.0,127.75,858.0,572.25,156.0,106.25,666.75,240.75,149.75,102.0,677.7777777777778,738.5555555555555,158.0,100.36111111111109,1735.1944444444443,1325.3333333333333,151.3611111111113,95.33333333333337,570.6666666666666,619.0,159.0,94.0,825.0,446.0,205.0,29.0,866.8,468.6,29.0
32,137.0,605.0,792.0,178.0,109.66666666666663,1210.0,926.6666666666666,132.0,90.0,2247.8,752.8,132.0,81.0,637.0,1119.6666666666667,157.0,126.625,856.0,575.375,159.5,103.5,670.5,239.5,144.5,102.0,679.0,736.0,158.0,100.83333333333326,1724.8333333333333,1329.0,150.83333333333348,100.0,563.0,623.0,169.0,94.0,812.0,452.6,201.0,29.0,854.0,469.0,29.0
33,135.1111111111112,601.3333333333334,790.2222222222222,176.0,109.83333333333337,1201.0,922.3333333333334,138.5,90.0,2242.2,753.2,133.0,81.0,637.3333333333334,1119.9444444444443,157.0,125.5,854.0,578.5,163.0,100.75,674.25,238.25,139.25,102.0,678.0434782608696,735.3913043478261,159.08695652173913,101.30555555555543,1714.4722222222222,1332.6666666666667,150.30555555555566,107.33333333333337,555.3333333333334,631.0,171.0,94.00000000000006,799.0,459.2,197.0,29.0,833.6,475.4,29.0
34,133.22222222222217,597.6666666666666,788.4444444444445,174.0,110.0,1192.0,918.0,145.0,90.0,2236.6,753.6,134.0,81.0,637.6666666666666,1120.2222222222222,157.0,124.375,852.0,581.625,166.5,98.0,678.0,237.0,134.0,102.0,677.0869565217391,734.7826086956521,160.17391304347825,101.77777777777783,1704.111111111111,1336.3333333333333,149.77777777777783,114.66666666666663,547.6666666666666,639.0,173.0,93.99999999999994,786.0,465.8,193.0,29.0,813.2,481.8,29.0
35,131.33333333333337,594.0,786.6666666666666,172.0,110.5,1184.5,915.75,149.25,90.0,2231.0,754.0,135.0,81.0,638.0,1120.5,157.0,123.25,850.0,584.75,170.0,99.0,684.75,235.25,137.25,102.0,676.1304347826087,734.1739130434783,161.26086956521738,102.25,1693.75,1340.0,149.25,122.0,540.0,647.0,175.0,94.0,773.0,472.4,189.0,29.000000000000057,792.8,488.2,29.0
36,129.44444444444446,590.3333333333334,784.8888888888889,170.0,111.0,1177.0,913.5,153.5,90.0,2225.4,754.4,136.0,81.0,638.3333333333334,1120.7777777777778,157.0,122.125,848.0,587.875,173.5,100.0,691.5,233.5,140.5,102.0,675.1739130434783,733.5652173913044,162.3478260869565,102.72222222222217,1683.388888888889,1343.6666666666667,148.72222222222217,116.33333333333337,532.0,658.0,176.66666666666663,94.0,760.0,479.0,185.0,29.0,772.4,494.6,29.0
37,127.55555555555554,586.6666666666666,783.1111111111111,168.0,111.5,1169.5,911.25,157.75,90.0,2219.8,754.8,137.0,81.0,638.6666666666666,1121.0555555555557,157.0,121.0,846.0,591.0,177.0,101.0,698.25,231.75,143.75,102.0,674.2173913043479,732.9565217391304,163.43478260869563,103.19444444444457,1673.0277777777778,1347.3333333333333,148.19444444444434,110.66666666666663,524.0,669.0,178.33333333333337,94.0,745.1666666666666,485.5,179.5,29.0,752.0,501.0,29.0
38,125.66666666666663,583.0,781.3333333333334,166.0,112.0,1162.0,909.0,162.0,90.0,2214.2,755.2,138.0,81.0,639.0,1121.3333333333333,157.0,121.0,844.0909090909091,591.8181818181819,174.72727272727275,102.0,705.0,230.0,147.0,102.0,673.2608695652174,732.3478260869565,164.52173913043475,103.66666666666674,1662.6666666666667,1351.0,147.66666666666652,105.0,516.0,680.0,180.0,94.0,730.3333333333334,492.0,174.0,29.66666666666663,734.0,515.3333333333334,29.66666666666663
39,123.77777777777783,579.3333333333334,779.5555555555555,164.0,112.33333333333337,1157.6666666666667,906.6666666666666,156.33333333333326,90.0,2208.6,755.6,139.0,81.0,639.3333333333334,1121.611111111111,157.0,121.0,842.1818181818181,592.6363636363636,172.4545454545455,102.5,711.0,230.5,152.0,102.0,672.304347826087,731.7391304347826,165.60869565217388,104.13888888888891,1652.3055555555557,1354.6666666666667,147.1388888888887,102.39999999999998,516.4,688.4,173.80000000000007,94.0,715.5,498.5,168.5,30.33333333333337,716.0,529.6666666666666,30.33333333333337
40,121.8888888888888,575.6666666666666,777.7777777777778,162.0,112.66666666666663,1153.3333333333333,904.3333333333334,150.66666666666674,90.0,2203.0,756.0,140.0,81.0,639.6666666666666,1121.888888888889,157.0,121.0,840.2727272727273,593.4545454545455,170.18181818181824,103.0,717.0,231.0,157.0,102.0,671.3478260869565,731.1304347826087,166.69565217391312,104.61111111111109,1641.9444444444443,1358.3333333333333,146.6111111111113,99.80000000000007,516.8,696.8,167.60000000000002,94.0,700.6666666666666,505.0,163.0,31.0,698.0,544.0,31.0
41,120.0,572.0,776.0,160.0,113.0,1149.0,902.0,145.0,90.29999999999995,2199.5666666666666,756.0,138.83333333333348,81.0,640.0,1122.1666666666667,157.0,121.0,838.3636363636364,594.2727272727273,167.90909090909088,104.5,723.0,231.0,151.0,102.0,670.3913043478261,730.5217391304348,167.78260869565213,105.08333333333326,1631.5833333333333,1362.0,146.08333333333348,97.19999999999993,517.2,705.2,161.39999999999998,94.0,685.8333333333334,511.5,157.5,32.0,686.0,558.0,31.0
42,117.90909090909088,571.0909090909091,777.6363636363636,160.63636363636363,113.38461538461547,1145.3846153846155,899.3076923076923,145.0,90.60000000000002,2196.133333333333,756.0,137.66666666666697,81.0,640.3333333333334,1122.4444444444443,157.0,121.0,836.4545454545455,595.0909090909091,165.63636363636363,106.0,729.0,231.0,145.0,102.0,669.4347826086956,729.9130434782609,168.86956521739137,105.55555555555543,1621.2222222222222,1365.6666666666667,145.55555555555566,94.60000000000002,517.6,713.6,155.19999999999993,94.0,671.0,518.0,152.0,32.0,678.0,570.0,32.0
43,115.81818181818187,570.1818181818181,779.2727272727273,161.27272727272737,113.76923076923072,1141.7692307692307,896.6153846153846,145.0,90.89999999999998,2192.7,756.0,136.5,81.0,640.6666666666666,1122.7222222222222,157.0,121.0,834.5454545454545,595.9090909090909,163.36363636363637,107.0,731.4,231.2,144.39999999999998,102.0,668.4782608695652,729.304347826087,169.95652173913038,106.02777777777783,1610.861111111111,1369.3333333333333,145.02777777777783,92.0,518.0,722.0,149.0,102.16666666666663,658.5,522.5,152.0,32.0,673.0,585.0,32.0
44,113.72727272727275,569.2727272727273,780.9090909090909,161.90909090909088,114.15384615384619,1138.1538461538462,893.9230769230769,145.0,91.20000000000005,2189.266666666667,756.0,135.33333333333303,81.0,641.0,1123.0,157.0,121.0,832.6363636363636,596.7272727272727,161.09090909090912,107.99999999999997,733.8,231.4,143.80000000000007,102.0,667.5217391304348,728.695652173913,171.04347826086962,106.5,1600.5,1373.0,144.5,96.125,517.875,729.625,149.0,110.33333333333337,646.0,527.0,152.0,32.0,669.0,597.0,32.0
45,111.63636363636363,568.3636363636364,782.5454545454545,162.5454545454545,114.53846153846143,1134.5384615384614,891.2307692307693,145.0,91.5,2185.8333333333335,756.0,134.16666666666652,81.29999999999995,643.9,1123.7,155.60000000000002,121.0,830.7272727272727,597.5454545454545,158.81818181818176,109.00000000000003,736.2,231.6,143.19999999999993,102.0,666.5652173913044,728.0869565217391,172.13043478260863,106.97222222222217,1590.138888888889,1376.6666666666667,143.97222222222217,100.25,517.75,737.25,149.0,118.5,633.5,531.5,152.0,32.0,653.0,600.0,32.0
46,109.54545454545462,567.4545454545455,784.1818181818181,163.18181818181813,114.9230769230769,1130.923076923077,888.5384615384615,145.0,91.79999999999995,2182.4,756.0,133.0,81.59999999999991,646.8,1124.4,154.20000000000005,121.0,828.8181818181819,598.3636363636364,156.5454545454545,110.0,738.6,231.8,142.60000000000002,102.0,665.6086956521739,727.4782608695652,173.21739130434787,107.44444444444457,1579.7777777777778,1380.3333333333333,143.44444444444434,104.375,517.625,744.875,149.0,126.66666666666663,621.0,536.0,152.0,32.0,636.5,600.5,32.0
47,107.45454545454538,566.5454545454545,785.8181818181819,163.81818181818187,115.30769230769238,1127.3076923076924,885.8461538461538,145.0,92.10000000000002,2178.9666666666667,756.0,131.83333333333348,81.90000000000009,649.7,1125.1,152.79999999999995,121.0,826.9090909090909,599.1818181818181,154.27272727272725,111.0,741.0,232.0,142.0,102.0,664.6521739130435,726.8695652173913,174.30434782608688,107.91666666666674,1569.4166666666667,1384.0,142.91666666666652,108.5,517.5,752.5,149.0,134.83333333333337,608.5,540.5,152.0,32.0,620.0,601.0,32.0
48,105.36363636363637,565.6363636363636,787.4545454545455,164.4545454545455,115.69230769230762,1123.6923076923076,883.1538461538462,145.0,92.39999999999998,2175.5333333333333,756.0,130.66666666666652,82.20000000000005,652.6,1125.8,151.39999999999998,121.0,825.0,600.0,152.0,111.0,747.6,233.2,145.0,102.0,663.695652173913,726.2608695652174,175.39130434782612,108.38888888888891,1559.0555555555557,1387.6666666666667,142.3888888888887,112.625,517.375,760.125,149.0,143.0,596.0,545.0,152.0,32.0,607.0,603.6666666666666,32.0
49,103.27272727272725,564.7272727272727,789.0909090909091,165.09090909090912,116.0769230769231,1120.076923076923,880.4615384615385,145.0,92.70000000000005,2172.1,756.0,129.5,82.5,655.5,1126.5,150.0,121.0,827.125,600.0,152.0,110.99999999999997,754.2,234.4,148.0,102.0,662.7391304347826,725.6521739130435,176.47826086956525,108.86111111111109,1548.6944444444443,1391.3333333333333,141.8611111111113,116.75,517.25,767.75,149.0,136.1428571428571,587.0,552.0,154.28571428571433,32.0,594.0,606.3333333333334,32.0
50,101.18181818181813,563.8181818181819,790.7272727272727,165.72727272727263,116.46153846153857,1116.4615384615386,877.7692307692307,145.0,93.0,2168.6666666666665,756.0,128.33333333333348,82.79999999999995,658.4,1127.2,148.60000000000002,121.0,829.25,600.0,152.0,111.00000000000003,760.8,235.6,151.0,102.0,661.7826086956521,725.0434782608696,177.56521739130437,109.33333333333326,1538.3333333333333,1395.0,141.33333333333348,120.875,517.125,775.375,149.0,129.28571428571433,578.0,559.0,156.57142857142856,32.0,581.0,609.0,32.0
51,99.09090909090912,562.9090909090909,792.3636363636364,166.36363636363637,116.84615384615381,1112.8461538461538,875.0769230769231,145.0,93.29999999999995,2165.233333333333,756.0,127.16666666666697,83.09999999999991,661.3,1127.9,147.20000000000005,121.0,831.375,600.0,152.0,111.0,767.4,236.8,154.0,102.0,660.8260869565217,724.4347826086956,178.6521739130435,109.80555555555543,1527.9722222222222,1398.6666666666667,140.80555555555566,125.0,517.0,783.0,149.0,122.42857142857144,569.0,566.0,158.8571428571429,32.0,573.0,612.6666666666666,32.0
52,97.0,562.0,794.0,167.0,117.23076923076928,1109.2307692307693,872.3846153846154,145.0,93.60000000000002,2161.8,756.0,126.0,83.40000000000009,664.2,1128.6,145.79999999999995,121.0,833.5,600.0,152.0,111.0,774.0,238.0,157.0,102.0,659.8695652173913,723.8260869565217,179.73913043478262,110.27777777777783,1517.611111111111,1402.3333333333333,140.27777777777783,122.125,516.125,787.25,149.0,115.57142857142856,560.0,573.0,161.1428571428571,32.0,565.0,616.3333333333334,32.0
53,97.0,561.6923076923077,796.2307692307693,167.0,117.61538461538453,1105.6153846153845,869.6923076923077,145.0,93.89999999999998,2158.366666666667,756.0,124.83333333333303,83.70000000000005,667.1,1129.3,144.39999999999998,121.0,835.625,600.0,152.0,112.0588235294118,778.5882352941177,241.2941176470588,156.58823529411757,102.0,658.9130434782609,723.2173913043479,180.82608695652175,110.75,1507.25,1406.0,139.75,119.25,515.25,791.5,149.0,108.71428571428567,551.0,580.0,163.42857142857144,32.0,557.0,620.0,32.0
54,97.0,561.3846153846154,798.4615384615385,167.0,118.0,1102.0,867.0,145.0,94.20000000000005,2154.9333333333334,756.0,123.66666666666652,84.0,670.0,1130.0,143.0,121.0,837.75,600.0,152.0,113.11764705882351,783.1764705882352,244.58823529411765,156.17647058823536,102.0,657.9565217391304,722.6086956521739,181.91304347826087,111.22222222222217,1496.888888888889,1409.6666666666667,139.22222222222217,116.375,514.375,795.75,149.0,101.85714285714289,542.0,587.0,165.71428571428567,32.0,552.3333333333334,626.3333333333334,32.0
55,97.0,561.0769230769231,800.6923076923077,167.0,118.36363636363637,1098.4545454545455,865.7272727272727,145.0,94.5,2151.5,756.0,122.5,84.0,675.6666666666666,1131.3333333333333,141.33333333333337,121.0,839.875,600.0,152.0,114.1764705882353,787.7647058823529,247.88235294117646,155.76470588235293,102.0,657.0,722.0,183.0,111.69444444444457,1486.5277777777778,1413.3333333333333,138.69444444444434,113.5,513.5,800.0,149.0,95.0,533.0,594.0,168.0,32.0,547.6666666666666,632.6666666666666,32.0
56,97.0,560.7692307692307,802.9230769230769,167.0,118.72727272727263,1094.909090909091,864.4545454545455,145.0,94.79999999999995,2148.0666666666666,756.0,121.33333333333348,84.0,681.3333333333334,1132.6666666666667,139.66666666666663,121.0,842.0,600.0,152.0,115.23529411764707,792.3529411764706,251.1764705882353,155.3529411764706,102.0,659.5833333333334,721.5416666666666,182.25,112.16666666666674,1476.1666666666665,1417.0,138.16666666666674,110.625,512.625,804.25,149.0,95.0,529.875,596.125,168.0,32.0,543.0,639.0,32.0
57,97.0,560.4615384615385,805.1538461538462,167.0,119.09090909090912,1091.3636363636363,863.1818181818181,145.0,95.10000000000002,2144.633333333333,756.0,120.16666666666697,84.0,687.0,1134.0,138.0,121.0,845.0769230769231,600.0,148.9230769230769,116.29411764705881,796.9411764705883,254.47058823529412,154.94117647058818,102.0,662.1666666666666,721.0833333333334,181.5,112.63888888888891,1465.8055555555557,1420.6666666666667,137.6388888888887,107.75,511.75,808.5,149.0,95.0,526.75,598.25,168.0,32.0,542.3333333333334,646.6666666666666,32.0
58,97.0,560.1538461538462,807.3846153846154,167.0,119.4545454545455,1087.8181818181818,861.9090909090909,145.0,95.39999999999998,2141.2,756.0,119.0,87.79999999999995,690.6,1131.4,145.0,121.0,848.1538461538462,600.0,145.8461538461538,117.35294117647061,801.5294117647059,257.7647058823529,154.52941176470586,102.0,664.75,720.625,180.75,113.11111111111109,1455.4444444444443,1424.3333333333333,137.1111111111113,104.875,510.875,812.75,149.0,95.0,523.625,600.375,168.0,32.0,541.6666666666666,654.3333333333334,32.0
59,97.0,559.8461538461538,809.6153846153846,167.0,119.81818181818187,1084.2727272727273,860.6363636363636,145.0,95.70000000000005,2137.766666666667,756.0,117.83333333333303,91.60000000000014,694.2,1128.8,152.0,121.0,851.2307692307693,600.0,142.76923076923072,118.41176470588238,806.1176470588235,261.05882352941177,154.11764705882354,102.0,667.3333333333334,720.1666666666666,180.0,113.58333333333326,1445.0833333333335,1428.0,136.58333333333326,102.0,510.0,817.0,149.0,95.0,520.5,602.5,168.0,32.0,541.0,662.0,32.0
60,97.0,559.5384615384615,811.8461538461538,167.0,120.18181818181813,1080.7272727272727,859.3636363636364,145.0,96.0,2134.3333333333335,756.0,116.66666666666652,95.39999999999986,697.8,1126.2,159.0,121.0,854.3076923076923,600.0,139.69230769230774,119.47058823529409,810.7058823529412,264.3529411764706,153.7058823529411,102.0,669.9166666666666,719.7083333333334,179.25,114.05555555555543,1434.7222222222222,1431.6666666666667,136.05555555555566,102.0,507.72727272727275,818.9090909090909,150.81818181818176,95.0,517.375,604.625,168.0,32.0,544.3333333333334,665.6666666666666,32.0
61,97.0,559.2307692307693,814.0769230769231,167.0,120.5454545454545,1077.1818181818182,858.0909090909091,145.0,96.29999999999995,2130.9,756.0,115.5,99.20000000000005,701.4,1123.6,166.0,121.0,857.3846153846154,600.0,136.61538461538464,120.52941176470591,815.2941176470588,267.6470588235294,153.2941176470589,102.0,672.5,719.25,178.5,114.52777777777783,1424.361111111111,1435.3333333333333,135.52777777777783,102.0,505.45454545454544,820.8181818181819,152.63636363636368,95.0,514.25,606.75,168.0,32.0,547.6666666666666,669.3333333333334,32.0
62,97.0,558.9230769230769,816.3076923076923,167.0,120.90909090909088,1073.6363636363637,856.8181818181819,145.0,96.60000000000002,2127.4666666666667,756.0,114.33333333333348,103.0,705.0,1121.0,173.0,121.0,860.4615384615385,600.0,133.53846153846155,121.58823529411762,819.8823529411765,270.94117647058823,152.88235294117646,102.0,675.0833333333334,718.7916666666666,177.75,115.0,1414.0,1439.0,135.0,102.0,503.1818181818182,822.7272727272727,154.45454545454544,95.0,511.125,608.875,168.0,32.0,551.0,673.0,32.0
63,97.0,558.6153846153846,818.5384615384615,167.0,121.27272727272737,1070.090909090909,855.5454545454545,145.0,96.89999999999998,2124.0333333333333,756.0,113.16666666666652,106.75,711.0,1119.25,169.0,121.0,863.5384615384615,600.0,130.46153846153845,122.64705882352939,824.4705882352941,274.2352941176471,152.47058823529414,102.0,677.6666666666666,718.3333333333334,177.0,114.66666666666652,1407.0,1440.4166666666667,135.08333333333326,102.0,500.90909090909093,824.6363636363636,156.2727272727272,95.0,508.0,611.0,168.0,32.0,553.0,671.0,32.0
64,97.0,558.3076923076923,820.7692307692307,167.0,121.63636363636363,1066.5454545454545,854.2727272727273,145.0,97.20000000000005,2120.6,756.0,112.0,110.5,717.0,1117.5,165.0,121.0,866.6153846153846,600.0,127.38461538461536,123.70588235294122,829.0588235294117,277.52941176470586,152.05882352941182,102.0,680.25,717.875,176.25,114.33333333333348,1400.0,1441.8333333333333,135.16666666666674,102.0,498.6363636363636,826.5454545454545,158.09090909090912,95.0,504.1666666666667,611.0,167.99999999999994,32.0,555.0,669.0,32.0
65,97.0,558.0,823.0,167.0,122.0,1063.0,853.0,145.0,97.5,2117.1666666666665,756.0,110.83333333333348,114.25,723.0,1115.75,161.0,121.0,869.6923076923077,600.0,124.30769230769226,124.76470588235293,833.6470588235294,280.8235294117647,151.6470588235294,102.0,682.8333333333334,717.4166666666666,175.5,114.0,1393.0,1443.25,135.25,102.0,496.3636363636364,828.4545454545455,159.90909090909088,95.0,500.3333333333333,611.0,168.00000000000006,32.0,557.5,665.0,32.0
66,98.47368421052624,556.0526315789474,821.2631578947369,168.52631578947364,120.88235294117646,1057.2941176470588,852.7647058823529,145.29411764705878,97.79999999999995,2113.733333333333,756.0,109.66666666666697,118.0,729.0,1114.0,157.0,121.0,872.7692307692307,600.0,121.23076923076928,125.8235294117647,838.2352941176471,284.11764705882354,151.23529411764707,102.0,685.4166666666666,716.9583333333334,174.75,113.66666666666652,1386.0,1444.6666666666667,135.33333333333326,102.0,494.09090909090907,830.3636363636364,161.7272727272728,95.0,496.5,611.0,168.0,32.0,560.0,661.0,32.0
67,99.94736842105272,554.1052631578947,819.5263157894736,170.0526315789474,119.76470588235293,1051.5882352941176,852.5294117647059,145.5882352941178,98.10000000000002,2110.3,756.0,108.5,121.66666666666652,734.0,1115.6666666666667,153.0,121.0,875.8461538461538,600.0,118.15384615384619,126.88235294117652,842.8235294117648,287.4117647058823,150.82352941176464,102.0,688.0,716.5,174.0,113.33333333333348,1379.0,1446.0833333333333,135.41666666666674,102.0,491.8181818181818,832.2727272727273,163.54545454545456,95.0,492.6666666666667,611.0,167.99999999999994,32.0,561.0,656.5,32.0
68,101.42105263157896,552.1578947368421,817.7894736842105,171.57894736842104,118.6470588235295,1045.8823529411766,852.2941176470588,145.88235294117635,98.39999999999998,2106.866666666667,756.0,107.33333333333303,125.33333333333348,739.0,1117.3333333333333,149.0,121.0,878.9230769230769,600.0,115.0769230769231,127.94117647058823,847.4117647058823,290.70588235294116,150.41176470588243,102.0,690.5833333333334,716.0416666666666,173.25,113.0,1372.0,1447.5,135.5,102.0,489.54545454545456,834.1818181818181,165.36363636363632,95.0,488.8333333333333,611.0,168.00000000000006,32.0,562.0,652.0,32.0
69,102.8947368421052,550.2105263157895,816.0526315789474,173.10526315789468,117.52941176470597,1040.1764705882354,852.0588235294117,146.17647058823513,98.70000000000005,2103.4333333333334,756.0,106.16666666666652,129.0,744.0,1119.0,145.0,121.0,882.0,600.0,112.0,129.0,852.0,294.0,150.0,102.0,693.1666666666666,715.5833333333334,172.5,112.66666666666652,1365.0,1448.9166666666667,135.58333333333326,102.0,487.27272727272725,836.0909090909091,167.18181818181824,95.0,485.0,611.0,168.0,32.0,562.6666666666666,647.0,32.0
70,104.36842105263167,548.2631578947369,814.3157894736842,174.63157894736844,116.41176470588232,1034.4705882352941,851.8235294117648,146.47058823529414,99.0,2100.0,756.0,105.0,125.0,747.75,1126.0,140.75,119.0,886.3333333333334,598.3333333333334,123.0,127.66666666666669,856.3333333333334,297.3333333333333,149.66666666666663,102.0,695.75,715.125,171.75,112.33333333333348,1358.0,1450.3333333333333,135.66666666666674,102.0,485.0,838.0,169.0,95.0,480.8333333333333,610.3333333333334,168.00000000000006,32.0,563.3333333333334,642.0,32.0
71,105.84210526315792,546.3157894736842,812.578947368421,176.1578947368422,115.29411764705878,1028.764705882353,851.5882352941177,146.76470588235293,110.0,2096.5,745.0,106.0,121.0,751.5,1133.0,136.5,117.0,890.6666666666666,596.6666666666666,134.0000000000001,126.33333333333331,860.6666666666666,300.6666666666667,149.33333333333337,102.0,698.3333333333334,714.6666666666666,171.0,112.0,1351.0,1451.75,135.75,102.0,482.44444444444446,837.8888888888889,169.0,95.0,476.6666666666667,609.6666666666666,167.99999999999994,32.0,564.0,637.0,32.0
72,107.31578947368416,544.3684210526316,810.8421052631579,177.68421052631584,114.17647058823525,1023.0588235294117,851.3529411764706,147.0588235294117,121.0,2093.0,734.0,107.0,117.0,755.25,1140.0,132.25,115.0,895.0,595.0,145.0,125.0,865.0,304.0,149.0,102.0,700.9166666666666,714.2083333333334,170.25,111.66666666666652,1344.0,1453.1666666666667,135.83333333333326,102.0,479.8888888888889,837.7777777777778,169.0,95.0,472.5,609.0,168.0,32.0,560.5,632.25,32.0
73,108.78947368421063,542.421052631579,809.1052631578947,179.21052631578948,113.05882352941171,1017.3529411764706,851.1176470588235,147.3529411764706,121.0,2089.6666666666665,734.3333333333334,107.66666666666697,113.0,759.0,1147.0,128.0,113.25,899.5,593.25,141.0,121.5,868.75,307.5,144.25,102.0,703.5,713.75,169.5,111.33333333333348,1337.0,1454.5833333333333,135.91666666666674,102.0,477.3333333333333,837.6666666666666,169.00000000000006,95.0,468.3333333333333,608.3333333333334,168.00000000000006,32.0,557.0,627.5,32.0
74,110.26315789473688,540.4736842105264,807.3684210526316,180.73684210526312,111.94117647058829,1011.6470588235294,850.8823529411765,147.6470588235294,121.0,2086.3333333333335,734.6666666666666,108.33333333333303,110.39999999999986,764.2,1151.4,131.79999999999995,111.5,904.0,591.5,137.0,118.0,872.5,311.0,139.5,102.0,706.0833333333334,713.2916666666666,168.75,111.0,1330.0,1456.0,136.0,102.0,474.77777777777777,837.5555555555555,169.00000000000006,95.0,464.1666666666667,607.6666666666666,167.99999999999994,32.0,553.5,622.75,32.0
75,111.73684210526312,538.5263157894736,805.6315789473684,182.26315789473688,110.82352941176475,1005.9411764705883,850.6470588235294,147.9411764705883,121.0,2083.0,735.0,109.0,107.79999999999995,769.4,1155.8,135.60000000000002,109.75,908.5,589.75,133.0,114.5,876.25,314.5,134.75,102.0,708.6666666666666,712.8333333333334,168.0,110.73469387755108,1325.3877551020407,1458.3061224489795,136.0816326530612,102.0,472.22222222222223,837.4444444444445,168.99999999999994,95.0,460.0,607.0,168.0,32.0,550.0,618.0,32.0
76,113.21052631578937,536.578947368421,803.8947368421053,183.78947368421052,109.70588235294122,1000.2352941176471,850.4117647058823,148.23529411764707,120.66666666666674,2079.6666666666665,735.6666666666666,109.66666666666697,105.20000000000005,774.6,1160.2,139.39999999999998,108.0,913.0,588.0,129.0,111.0,880.0,318.0,130.0,102.0,711.25,712.375,167.25,110.46938775510193,1320.7755102040817,1460.6122448979593,136.1632653061224,102.0,469.6666666666667,837.3333333333334,168.99999999999994,97.71428571428567,460.0,604.2857142857143,165.71428571428567,32.0,547.75,613.25,32.0
77,114.68421052631584,534.6315789473684,802.1578947368421,185.31578947368416,108.58823529411768,994.5294117647059,850.1764705882352,148.52941176470586,120.33333333333326,2076.3333333333335,736.3333333333334,110.33333333333303,102.60000000000014,779.8,1164.6,143.20000000000005,108.0,916.0,589.6666666666666,130.8888888888889,111.0,883.5714285714286,321.57142857142856,132.57142857142856,102.0,713.8333333333334,711.9166666666666,166.5,110.20408163265301,1316.1632653061224,1462.9183673469388,136.24489795918362,102.0,467.1111111111111,837.2222222222222,169.0,100.42857142857144,460.0,601.5714285714286,163.42857142857144,32.0,545.5,608.5,32.0
78,116.15789473684208,532.6842105263158,800.421052631579,186.8421052631578,107.47058823529403,988.8235294117648,849.9411764705883,148.82352941176475,120.0,2073.0,737.0,111.0,100.0,785.0,1169.0,147.0,108.0,919.0,591.3333333333334,132.77777777777783,111.0,887.1428571428571,325.14285714285717,135.14285714285722,102.0,716.4166666666666,711.4583333333334,165.75,109.9387755102041,1311.5510204081634,1465.2244897959183,136.32653061224482,102.0,464.55555555555554,837.1111111111111,169.0,103.14285714285711,460.0,598.8571428571429,161.1428571428571,32.0,543.25,603.75,32.0
79,117.63157894736833,530.7368421052631,798.6842105263158,188.36842105263156,106.3529411764705,983.1176470588235,849.7058823529412,149.11764705882354,123.5,2071.0,733.6666666666666,110.16666666666652,97.66666666666674,787.0,1171.0,150.66666666666663,108.0,922.0,593.0,134.66666666666674,111.0,890.7142857142857,328.7142857142857,137.71428571428567,102.0,719.0,711.0,165.0,109.67346938775495,1306.938775510204,1467.530612244898,136.40816326530603,102.0,462.0,837.0,169.0,105.85714285714289,460.0,596.1428571428571,158.8571428571429,32.0,541.0,599.0,32.0
80,119.1052631578948,528.7894736842105,796.9473684210526,189.89473684210532,105.23529411764707,977.4117647058823,849.4705882352941,149.41176470588232,127.0,2069.0,730.3333333333334,109.33333333333348,95.33333333333326,789.0,1173.0,154.33333333333337,108.0,925.0,594.6666666666666,136.55555555555566,111.0,894.2857142857143,332.2857142857143,140.28571428571433,102.0,721.7727272727273,710.4090909090909,165.0,109.40816326530603,1302.3265306122448,1469.8367346938776,136.48979591836746,103.53846153846155,461.3076923076923,835.0769230769231,168.38461538461542,108.57142857142856,460.0,593.4285714285714,156.57142857142856,32.0,540.25,597.0,32.0
81,120.57894736842104,526.8421052631579,795.2105263157895,191.42105263157896,104.11764705882354,971.7058823529412,849.2352941176471,149.70588235294122,130.5,2067.0,727.0,108.5,93.0,791.0,1175.0,158.0,108.0,928.0,596.3333333333334,138.44444444444434,111.0,897.8571428571429,335.85714285714283,142.8571428571429,102.0,724.5454545454545,709.8181818181819,165.0,109.14285714285711,1297.7142857142858,1472.142857142857,136.57142857142844,105.0769230769231,460.61538461538464,833.1538461538462,167.76923076923072,111.28571428571433,460.0,590.7142857142857,154.28571428571433,32.0,539.5,595.0,32.0
82,122.05263157894728,524.8947368421052,793.4736842105264,192.94736842105272,103.0,966.0,849.0,150.0,134.0,2065.0,723.6666666666666,107.66666666666652,91.16666666666674,796.3333333333334,1179.0,153.16666666666663,108.0,931.0,598.0,140.33333333333326,111.0,901.4285714285714,339.42857142857144,145.42857142857144,102.0,727.3181818181819,709.2272727272727,165.0,108.87755102040819,1293.1020408163265,1474.4489795918366,136.65306122448987,106.61538461538453,459.9230769230769,831.2307692307693,167.1538461538462,114.0,460.0,588.0,152.0,32.0,538.75,593.0,32.0
83,123.52631578947376,522.9473684210526,791.7368421052631,194.47368421052636,102.79487179487171,960.974358974359,848.5128205128206,150.35897435897425,137.5,2063.0,720.3333333333334,106.83333333333348,89.33333333333326,801.6666666666666,1183.0,148.33333333333337,108.0,934.0,599.6666666666666,142.22222222222217,111.0,905.0,343.0,148.0,102.0,730.0909090909091,708.6363636363636,165.0,108.61224489795904,1288.4897959183672,1476.7551020408164,136.73469387755108,108.15384615384619,459.2307692307692,829.3076923076923,166.5384615384615,114.0,460.0833333333333,587.3333333333334,152.00000000000006,32.0,538.0,591.0,32.0
84,125.0,521.0,790.0,196.0,102.58974358974365,955.9487179487179,848.025641025641,150.71794871794884,141.0,2061.0,717.0,106.0,87.5,807.0,1187.0,143.5,108.0,937.0,601.3333333333334,144.1111111111111,111.0,908.6666666666666,346.6666666666667,146.0000000000001,102.0,732.8636363636364,708.0454545454545,165.0,108.34693877551013,1283.8775510204082,1479.061224489796,136.8163265306123,109.69230769230774,458.53846153846155,827.3846153846154,165.9230769230769,114.0,460.1666666666667,586.6666666666666,151.99999999999994,32.0,538.0,589.0,32.0
85,124.25,517.6,790.7,196.0,102.38461538461536,950.9230769230769,847.5384615384615,151.0769230769231,137.75,2059.875,721.125,106.0,85.66666666666674,812.3333333333334,1191.0,138.66666666666663,108.0,940.0,603.0,146.0,111.0,912.3333333333334,350.3333333333333,143.9999999999999,102.0,735.6363636363636,707.4545454545455,165.0,108.0816326530612,1279.265306122449,1481.3673469387754,136.8979591836735,111.23076923076928,457.84615384615387,825.4615384615385,165.30769230769232,114.0,460.25,586.0,152.0,32.0,538.3333333333334,590.0,32.0
86,123.5,514.2,791.4,196.0,102.17948717948718,945.8974358974359,847.0512820512821,151.43589743589735,134.5,2058.75,725.25,106.0,83.83333333333326,817.6666666666666,1195.0,133.83333333333337,108.0,942.1538461538462,606.3076923076923,146.0,111.0,916.0,354.0,142.0,102.0,738.4090909090909,706.8636363636364,165.0,107.81632653061206,1274.6530612244899,1483.6734693877552,136.9795918367347,112.76923076923072,457.15384615384613,823.5384615384615,164.69230769230768,114.0,460.3333333333333,585.3333333333334,152.00000000000006,32.0,538.6666666666666,591.0,32.0
87,122.75,510.8,792.1,195.99999999999994,101.974358974359,940.8717948717949,846.5641025641025,151.79487179487182,131.25,2057.625,729.375,106.0,82.0,823.0,1199.0,129.0,108.0,944.3076923076923,609.6153846153846,146.0000000000001,111.625,919.9375,358.1875,140.8125,102.0,741.1818181818181,706.2727272727273,165.0,107.55102040816337,1270.0408163265306,1485.9795918367347,137.0612244897959,114.30769230769226,456.46153846153845,821.6153846153846,164.0769230769231,114.0,460.4166666666667,584.6666666666666,151.99999999999994,32.0,539.0,592.0,32.0
88,122.0,507.4,792.8,196.0,101.76923076923072,935.8461538461538,846.0769230769231,152.1538461538462,128.0,2056.5,733.5,106.0,83.20000000000005,828.6,1200.8,134.79999999999995,108.0,946.4615384615385,612.9230769230769,146.0000000000001,112.25,923.875,362.375,139.625,102.0,743.9545454545455,705.6818181818181,165.0,107.28571428571445,1265.4285714285713,1488.2857142857142,137.14285714285734,115.84615384615381,455.7692307692308,819.6923076923077,163.4615384615385,114.0,460.5,584.0,152.0,32.0,541.0,597.3333333333334,32.0
89,121.25,504.0,793.5,196.0,101.56410256410265,930.8205128205128,845.5897435897435,152.51282051282044,124.75,2055.375,737.625,106.0,84.40000000000009,834.2,1202.6,140.5999999999999,108.0,948.6153846153846,616.2307692307693,145.9999999999999,112.875,927.8125,366.5625,138.4375,102.0,746.7272727272727,705.0909090909091,165.0,107.0204081632653,1260.8163265306123,1490.591836734694,137.22448979591832,117.38461538461547,455.0769230769231,817.7692307692307,162.8461538461538,114.0,460.5833333333333,583.3333333333334,152.00000000000006,32.0,543.0,602.6666666666666,32.0
90,120.5,500.6,794.2,196.0,101.35897435897436,925.7948717948718,845.1025641025641,152.87179487179492,121.5,2054.25,741.75,106.0,85.59999999999991,839.8,1204.4,146.4000000000001,108.0,950.7692307692307,619.5384615384615,146.0,113.5,931.75,370.75,137.25,102.0,749.5,704.5,165.0,106.75510204081638,1256.204081632653,1492.8979591836735,137.30612244897975,118.9230769230769,454.38461538461536,815.8461538461538,162.23076923076928,114.0,460.6666666666667,582.6666666666666,151.99999999999994,32.0,545.0,608.0,32.0
91,119.75,497.2,794.9,196.00000000000006,101.15384615384608,920.7692307692307,844.6153846153846,153.23076923076928,118.25,2053.125,745.875,106.0,86.79999999999995,845.4,1206.2,152.20000000000005,108.0,952.9230769230769,622.8461538461538,146.0,114.125,935.6875,374.9375,136.0625,102.0,752.2727272727273,703.9090909090909,165.0,106.48979591836746,1251.591836734694,1495.204081632653,137.38775510204073,120.46153846153845,453.6923076923077,813.9230769230769,161.61538461538458,114.0,460.75,582.0,152.0,32.0,547.6666666666666,614.6666666666666,32.0
92,119.0,493.8,795.6,195.99999999999994,100.94871794871801,915.7435897435897,844.1282051282051,153.58974358974353,115.0,2052.0,750.0,106.0,88.0,851.0,1208.0,158.0,108.0,955.0769230769231,626.1538461538462,146.0,114.75,939.625,379.125,134.875,102.0,755.0454545454545,703.3181818181819,165.0,106.22448979591832,1246.9795918367347,1497.5102040816328,137.46938775510193,122.0,453.0,812.0,161.0,114.0,460.8333333333333,581.3333333333334,152.00000000000006,32.0,550.3333333333334,621.3333333333334,32.0
93,118.25,490.4,796.3,196.0,100.74358974358972,910.7179487179487,843.6410256410256,153.948717948718,111.71428571428578,2054.5714285714284,753.1428571428571,106.0,89.0,856.3333333333334,1210.0,157.0,108.0,957.2307692307693,629.4615384615385,146.0,115.375,943.5625,383.3125,133.6875,102.0,757.8181818181819,702.7272727272727,165.0,105.9591836734694,1242.3673469387754,1499.8163265306123,137.55102040816337,121.5,459.5,808.0,160.0,114.0,460.9166666666667,580.6666666666666,151.99999999999994,32.0,553.0,628.0,32.0
94,117.5,487.0,797.0,196.0,100.53846153846155,905.6923076923077,843.1538461538462,154.30769230769226,108.42857142857133,2057.1428571428573,756.2857142857143,106.0,90.0,861.6666666666666,1212.0,156.0,108.0,959.3846153846154,632.7692307692307,146.0000000000001,116.0,947.5,387.5,132.5,102.0,760.5909090909091,702.1363636363636,165.0,105.69387755102048,1237.7551020408164,1502.1224489795918,137.63265306122435,121.0,466.0,804.0,159.0,114.0,461.0,580.0,152.0,32.0,551.3333333333334,634.3333333333334,32.0
95,116.75,483.6,797.7,196.0,100.33333333333337,900.6666666666666,842.6666666666666,154.66666666666663,105.14285714285711,2059.714285714286,759.4285714285714,106.0,91.0,867.0,1214.0,155.0,108.0,961.5384615384615,636.0769230769231,145.9999999999999,116.625,951.4375,391.6875,131.3125,102.0,763.3636363636364,701.5454545454545,165.0,105.42857142857156,1233.142857142857,1504.4285714285713,137.71428571428578,120.29411764705878,467.6470588235294,799.5882352941177,158.17647058823536,114.0,462.0,576.8,159.39999999999998,32.0,549.6666666666666,640.6666666666666,32.0
96,116.0,480.2,798.4,196.00000000000006,100.12820512820508,895.6410256410256,842.1794871794872,155.0256410256411,101.85714285714289,2062.285714285714,762.5714285714286,106.0,91.125,872.5,1215.875,151.5,108.0,963.6923076923077,639.3846153846154,145.9999999999999,117.25,955.375,395.875,130.125,102.0,766.1363636363636,700.9545454545455,165.0,105.16326530612241,1228.530612244898,1506.734693877551,137.79591836734676,119.58823529411768,469.29411764705884,795.1764705882352,157.35294117647055,114.0,463.0,573.6,166.79999999999995,32.0,548.0,647.0,32.0
97,115.25,476.8,799.1,195.99999999999994,99.9230769230769,890.6153846153846,841.6923076923077,155.38461538461536,98.57142857142867,2064.8571428571427,765.7142857142857,106.0,91.25,878.0,1217.75,148.0,108.0,965.8461538461538,642.6923076923077,146.0,117.875,959.3125,400.0625,128.9375,102.0,768.9090909090909,700.3636363636364,165.0,104.89795918367349,1223.9183673469388,1509.0408163265306,137.8775510204082,118.88235294117646,470.94117647058823,790.7647058823529,156.5294117647059,114.0,464.0,570.4,174.20000000000005,32.0,548.0,653.6666666666666,32.0
98,114.5,473.4,799.8,196.0,99.71794871794873,885.5897435897436,841.2051282051282,155.7435897435896,95.28571428571422,2067.4285714285716,768.8571428571429,106.0,91.375,883.5,1219.625,144.5,108.0,968.0,646.0,146.0,118.5,963.25,404.25,127.75,102.0,771.6818181818181,699.7727272727273,165.0,104.63265306122457,1219.3061224489795,1511.3469387755101,137.9591836734694,118.17647058823525,472.5882352941176,786.3529411764706,155.70588235294116,114.0,465.0,567.2,181.60000000000002,32.0,548.0,660.3333333333334,32.0
99,113.75,470.0,800.5,196.0,99.51282051282055,880.5641025641025,840.7179487179487,156.1025641025642,92.0,2070.0,772.0,106.0,91.5,889.0,1221.5,141.0,106.89999999999998,971.3,650.9,143.9000000000001,119.125,967.1875,408.4375,126.5625,102.0,774.4545454545455,699.1818181818181,165.0,104.36734693877543,1214.6938775510205,1513.6530612244899,138.0408163265306,117.47058823529403,474.2352941176471,781.9411764705883,154.88235294117646,114.0,466.0,564.0,189.0,32.0,548.0,667.0,32.0
100,113.0,466.6,801.2,196.0,99.30769230769226,875.5384615384615,840.2307692307693,156.46153846153845,92.0,2071.625,772.5,106.0,91.625,894.5,1223.375,137.5,105.80000000000007,974.6,655.8,141.80000000000007,119.75,971.125,412.625,125.375,102.0,777.2272727272727,698.5909090909091,165.0,104.10204081632651,1210.0816326530612,1515.9591836734694,138.1224489795918,116.76470588235293,475.88235294117646,777.5294117647059,154.05882352941182,114.0,469.0,562.6,187.60000000000002,32.0,549.3333333333334,674.0,32.0
101,112.25,463.2,801.9,196.00000000000006,99.10256410256409,870.5128205128206,839.7435897435897,156.8205128205127,92.0,2073.25,773.0,106.0,91.75,900.0,1225.25,134.0,104.69999999999993,977.9,660.7,139.69999999999993,120.375,975.0625,416.8125,124.1875,102.0,780.0,698.0,165.0,103.83673469387759,1205.4693877551022,1518.265306122449,138.20408163265301,116.05882352941171,477.52941176470586,773.1176470588235,153.23529411764707,114.0,472.0,561.2,186.20000000000005,32.0,550.6666666666666,681.0,32.0
102,111.5,459.8,802.6,195.99999999999994,98.89743589743591,865.4871794871794,839.2564102564103,157.17948717948718,92.0,2074.875,773.5,106.0,91.875,905.5,1227.125,130.5,103.60000000000002,981.2,665.6,137.5999999999999,121.0,979.0,421.0,123.0,102.0,783.2777777777778,698.6666666666666,165.77777777777771,103.57142857142844,1200.857142857143,1520.5714285714287,138.28571428571422,115.3529411764705,479.1764705882353,768.7058823529412,152.41176470588238,114.0,475.0,559.8,184.79999999999995,32.0,552.0,688.0,32.0
103,110.75,456.4,803.3,196.0,98.69230769230774,860.4615384615385,838.7692307692307,157.53846153846155,92.0,2076.5,774.0,106.0,92.0,911.0,1229.0,127.0,102.5,984.5,670.5,135.5,118.00000000000006,983.0,425.3333333333333,121.66666666666674,102.0,786.5555555555555,699.3333333333334,166.55555555555554,103.30612244897952,1196.2448979591836,1522.8775510204082,138.36734693877565,114.6470588235295,480.8235294117647,764.2941176470588,151.58823529411762,114.0,478.0,558.4,183.39999999999998,32.0,547.0,691.0,32.0
104,110.0,453.0,804.0,196.0,98.48717948717945,855.4358974358975,838.2820512820513,157.8974358974359,92.0,2078.125,774.5,106.0,92.0,916.8,1232.2,129.79999999999995,101.39999999999998,987.8,675.4,133.4000000000001,114.99999999999994,987.0,429.6666666666667,120.33333333333326,102.0,789.8333333333334,700.0,167.33333333333326,103.0408163265306,1191.6326530612246,1525.1836734693877,138.44897959183663,113.94117647058829,482.47058823529414,759.8823529411765,150.76470588235293,114.0,481.0,557.0,182.0,32.0,535.5,689.5,32.0
105,110.0,447.57142857142856,805.4285714285714,200.8571428571429,98.28205128205127,850.4102564102564,837.7948717948718,158.25641025641028,92.0,2079.75,775.0,106.0,92.0,922.6,1235.4,132.60000000000002,100.30000000000007,991.1,680.3,131.30000000000007,112.0,991.0,434.0,119.0,102.0,793.1111111111111,700.6666666666666,168.1111111111111,102.77551020408168,1187.0204081632653,1527.4897959183672,138.53061224489807,113.23529411764707,484.11764705882354,755.4705882352941,149.94117647058818,114.0,484.0,555.6,180.60000000000002,32.0,524.0,688.0,32.0
106,110.0,442.14285714285717,806.8571428571429,205.71428571428572,98.0769230769231,845.3846153846154,837.3076923076923,158.61538461538464,92.0,2081.375,775.5,106.0,92.0,928.4,1238.6,135.39999999999998,99.19999999999993,994.4,685.2,129.19999999999993,111.99999999999994,995.2222222222222,437.962962962963,119.59259259259261,102.0,796.3888888888889,701.3333333333334,168.8888888888889,102.51020408163254,1182.408163265306,1529.795918367347,138.61224489795927,112.52941176470597,485.7647058823529,751.0588235294117,149.11764705882354,114.0,487.0,554.2,179.20000000000005,32.0,513.6666666666666,688.3333333333334,32.0
107,110.0,436.7142857142857,808.2857142857143,210.5714285714286,97.87179487179492,840.3589743589744,836.8205128205128,158.974358974359,92.0,2083.0,776.0,106.0,92.0,934.2,1241.8,138.20000000000005,98.10000000000002,997.7,690.1,127.09999999999991,112.00000000000006,999.4444444444445,441.9259259259259,120.1851851851851,102.0,799.6666666666666,702.0,169.66666666666674,102.24489795918362,1177.795918367347,1532.1020408163265,138.69387755102025,111.82352941176475,487.4117647058824,746.6470588235294,148.29411764705884,114.0,490.0,552.8,177.79999999999995,32.0,503.3333333333333,688.6666666666666,32.00000000000006
108,110.0,431.2857142857143,809.7142857142857,215.4285714285714,97.66666666666663,835.3333333333334,836.3333333333334,159.33333333333326,92.0,2086.818181818182,775.7272727272727,106.0,92.0,940.0,1245.0,141.0,97.0,1001.0,695.0,125.0,112.0,1003.6666666666666,445.8888888888889,120.77777777777771,102.0,802.9444444444445,702.6666666666666,170.44444444444446,101.9795918367347,1173.1836734693877,1534.408163265306,138.77551020408168,111.11764705882354,489.05882352941177,742.2352941176471,147.4705882352941,114.0,493.0,551.4,176.39999999999998,32.0,493.0,689.0,32.0
109,110.0,425.85714285714283,811.1428571428571,220.28571428571428,97.46153846153845,830.3076923076924,835.8461538461538,159.69230769230762,92.0,2090.6363636363635,775.4545454545455,106.0,92.0,945.3333333333334,1246.4166666666667,140.33333333333337,98.63636363636363,1001.2272727272727,700.7727272727273,125.36363636363626,112.0,1007.8888888888889,449.85185185185185,121.37037037037044,102.0,806.2222222222222,703.3333333333334,171.22222222222229,101.71428571428555,1168.5714285714284,1536.7142857142858,138.8571428571429,110.41176470588232,490.70588235294116,737.8235294117648,146.64705882352945,114.0,496.0,550.0,175.0,32.0,484.6666666666667,688.6666666666666,32.666666666666686
110,110.0,420.42857142857144,812.5714285714286,225.1428571428571,97.25641025641028,825.2820512820513,835.3589743589744,160.0512820512821,92.0,2094.4545454545455,775.1818181818181,106.0,92.0,950.6666666666666,1247.8333333333333,139.66666666666663,100.27272727272737,1001.4545454545455,706.5454545454545,125.72727272727275,111.99999999999994,1012.1111111111111,453.81481481481484,121.96296296296305,102.0,809.5,704.0,172.0,101.44897959183686,1163.9591836734694,1539.0204081632653,138.9387755102041,109.70588235294122,492.3529411764706,733.4117647058823,145.82352941176464,113.10526315789468,500.0,548.2631578947369,174.0,32.0,476.3333333333333,688.3333333333334,33.33333333333337
111,110.0,415.0,814.0,230.0,97.05128205128199,820.2564102564103,834.8717948717949,160.41025641025635,92.0,2098.2727272727275,774.9090909090909,106.0,92.0,956.0,1249.25,139.0,101.90909090909088,1001.6818181818181,712.3181818181819,126.09090909090912,112.00000000000006,1016.3333333333334,457.77777777777777,122.55555555555554,102.0,812.7777777777778,704.6666666666666,172.77777777777771,101.18367346938794,1159.3469387755101,1541.3265306122448,139.0204081632653,109.0,494.0,729.0,145.0,112.21052631578948,504.0,546.5263157894736,173.0,32.0,468.0,688.0,34.0
112,110.0,409.75,815.5,228.5,96.84615384615392,815.2307692307693,834.3846153846154,160.76923076923072,92.0,2102.090909090909,774.6363636363636,106.0,92.0,961.3333333333334,1250.6666666666667,138.33333333333337,103.5454545454545,1001.9090909090909,718.0909090909091,126.45454545454538,112.0,1020.5555555555555,461.74074074074076,123.14814814814815,102.0,816.0555555555555,705.3333333333334,173.55555555555554,100.9183673469388,1154.734693877551,1543.6326530612246,139.1020408163265,102.66666666666674,496.3333333333333,724.6666666666666,144.00000000000006,111.31578947368416,508.0,544.7894736842105,172.0,32.0,462.6666666666667,689.6666666666666,34.0
113,110.0,404.5,817.0,227.0,96.64102564102564,810.2051282051282,833.8974358974359,161.1282051282052,92.0,2105.909090909091,774.3636363636364,106.0,92.0,966.6666666666666,1252.0833333333333,137.66666666666663,105.18181818181813,1002.1363636363636,723.8636363636364,126.81818181818187,112.0,1024.7777777777778,465.7037037037037,123.74074074074065,102.0,819.3333333333334,706.0,174.33333333333326,100.65306122448987,1150.1224489795918,1545.938775510204,139.1836734693877,96.33333333333326,498.6666666666667,720.3333333333334,142.99999999999994,110.42105263157896,512.0,543.0526315789474,171.0,32.0,457.3333333333333,691.3333333333334,34.0
114,110.0,399.25,818.5,225.5,96.43589743589735,805.1794871794872,833.4102564102565,161.48717948717956,92.0,2109.7272727272725,774.0909090909091,106.0,92.0,972.0,1253.5,137.0,106.81818181818187,1002.3636363636364,729.6363636363636,127.18181818181813,111.99999999999994,1029.0,469.6666666666667,124.33333333333326,102.0,822.6111111111111,706.6666666666666,175.1111111111111,100.38775510204096,1145.5102040816328,1548.2448979591836,139.26530612244892,90.0,501.0,716.0,142.0,109.52631578947376,516.0,541.3157894736842,170.0,32.0,452.0,693.0,34.0
115,110.0,394.0,820.0,224.0,96.23076923076928,800.1538461538462,832.9230769230769,161.8461538461538,92.0,2113.5454545454545,773.8181818181819,106.0,92.0,977.3333333333334,1254.9166666666667,136.33333333333337,108.4545454545455,1002.5909090909091,735.4090909090909,127.54545454545462,112.00000000000006,1033.2222222222222,473.6296296296296,124.92592592592587,102.0,825.8888888888889,707.3333333333334,175.8888888888889,100.12244897959181,1140.8979591836735,1550.5510204081634,139.34693877551013,94.57142857142856,506.2857142857143,711.8571428571429,144.71428571428572,108.63157894736844,520.0,539.578947368421,169.0,32.0,448.3333333333333,694.6666666666666,34.0
116,109.45454545454538,389.1818181818182,820.0909090909091,225.2727272727273,96.025641025641,795.1282051282051,832.4358974358975,162.2051282051283,92.0,2117.3636363636365,773.5454545454545,106.0,92.0,982.6666666666666,1256.3333333333333,135.66666666666663,110.09090909090912,1002.8181818181819,741.1818181818181,127.90909090909088,112.0,1037.4444444444443,477.5925925925926,125.5185185185187,102.0,829.1666666666666,708.0,176.66666666666674,99.85714285714289,1136.2857142857142,1552.857142857143,139.42857142857156,99.14285714285722,511.57142857142856,707.7142857142857,147.42857142857144,107.73684210526312,524.0,537.8421052631579,168.0,32.0,444.6666666666667,696.3333333333334,34.0
117,108.90909090909099,384.3636363636364,820.1818181818181,226.5454545454545,95.82051282051282,790.1025641025641,831.9487179487179,162.56410256410254,92.0,2121.181818181818,773.2727272727273,106.0,92.0,988.0,1257.75,135.0,111.72727272727275,1003.0454545454545,746.9545454545455,128.27272727272725,112.0,1041.6666666666667,481.55555555555554,126.11111111111109,102.0,832.4444444444445,708.6666666666666,177.44444444444446,99.59183673469397,1131.6734693877552,1555.1632653061224,139.51020408163254,103.71428571428578,516.8571428571429,703.5714285714286,150.1428571428571,106.84210526315792,528.0,536.1052631578947,167.0,32.0,441.0,698.0,34.0
118,108.36363636363637,379.54545454545456,820.2727272727273,227.8181818181818,95.61538461538464,785.0769230769231,831.4615384615385,162.9230769230769,92.0,2125.0,773.0,106.0,92.0,993.3333333333334,1259.1666666666667,134.33333333333337,113.36363636363637,1003.2727272727273,752.7272727272727,128.63636363636374,111.99999999999994,1045.888888888889,485.51851851851853,126.7037037037037,102.0,835.7222222222222,709.3333333333334,178.22222222222229,99.32653061224505,1127.061224489796,1557.469387755102,139.59183673469397,108.28571428571422,522.1428571428571,699.4285714285714,152.8571428571429,105.9473684210526,532.0,534.3684210526316,166.0,32.0,439.3333333333333,700.3333333333334,34.0
119,107.81818181818176,374.72727272727275,820.3636363636364,229.09090909090912,95.41025641025635,780.0512820512821,830.974358974359,163.28205128205127,93.0,2122.0,772.0,106.0,92.0,998.6666666666666,1260.5833333333333,133.66666666666663,115.0,1003.5,758.5,129.0,112.00000000000006,1050.111111111111,489.48148148148147,127.2962962962963,102.0,839.0,710.0,179.0,99.0612244897959,1122.4489795918366,1559.7755102040817,139.67346938775518,112.85714285714278,527.4285714285714,695.2857142857143,155.57142857142856,105.0526315789474,536.0,532.6315789473684,165.0,32.0,437.6666666666667,702.6666666666666,34.0
120,107.27272727272725,369.90909090909093,820.4545454545455,230.36363636363632,95.20512820512829,775.025641025641,830.4871794871794,163.64102564102564,94.33333333333326,2123.0,770.3333333333334,107.0,92.0,1004.0,1262.0,133.0,116.63636363636363,1003.7272727272727,764.2727272727273,129.36363636363626,112.0,1054.3333333333333,493.44444444444446,127.88888888888891,102.0,842.7777777777778,710.6666666666666,177.77777777777771,98.79591836734699,1117.8367346938776,1562.0816326530612,139.75510204081638,117.42857142857144,532.7142857142857,691.1428571428571,158.28571428571433,104.15789473684208,540.0,530.8947368421053,164.0,32.0,436.0,705.0,34.0
121,106.72727272727275,365.0909090909091,820.5454545454545,231.63636363636363,95.0,770.0,830.0,164.0,95.66666666666674,2124.0,768.6666666666666,108.0,92.20000000000005,1009.6,1263.8,137.9999999999999,118.27272727272737,1003.9545454545455,770.0454545454545,129.72727272727275,112.0,1058.5555555555557,497.4074074074074,128.4814814814813,102.0,846.5555555555555,711.3333333333334,176.55555555555554,98.53061224489807,1113.2244897959183,1564.3877551020407,139.8367346938776,122.0,538.0,687.0,161.0,103.26315789473688,544.0,529.1578947368421,163.0,32.0,437.3333333333333,707.3333333333334,34.0
122,106.18181818181824,360.27272727272725,820.6363636363636,232.90909090909088,94.75,767.25,830.25,164.25,97.0,2125.0,767.0,109.0,92.40000000000009,1015.2,1265.6,143.0,119.90909090909099,1004.1818181818181,775.8181818181818,130.09090909090912,111.99999999999994,1062.7777777777778,501.3703703703704,129.0740740740739,102.0,850.3333333333334,712.0,175.33333333333337,98.26530612244892,1108.6122448979593,1566.6938775510205,139.91836734693857,121.05882352941182,542.7058823529412,683.7647058823529,160.17647058823525,102.36842105263156,548.0,527.421052631579,162.0,32.0,438.6666666666667,709.6666666666666,34.0
123,105.63636363636363,355.45454545454544,820.7272727272727,234.1818181818182,94.5,764.5,830.5,164.5,98.5,2133.0,765.25,104.0,92.59999999999991,1020.8,1267.4,148.0,121.5454545454545,1004.4090909090909,781.5909090909091,130.45454545454538,112.00000000000006,1067.0,505.3333333333333,129.66666666666674,102.0,854.1111111111111,712.6666666666666,174.1111111111111,98.0,1104.0,1569.0,140.0,120.11764705882354,547.4117647058823,680.5294117647059,159.3529411764706,101.47368421052624,552.0,525.6842105263158,161.0,32.0,440.0,712.0,34.0
124,105.09090909090901,350.6363636363636,820.8181818181819,235.4545454545455,94.25,761.75,830.75,164.75,100.0,2141.0,763.5,99.0,92.79999999999995,1026.4,1269.2,153.0,123.18181818181813,1004.6363636363636,787.3636363636364,130.81818181818187,112.0,1071.2222222222222,509.2962962962963,130.25925925925935,102.0,857.8888888888889,713.3333333333334,172.8888888888889,98.0,1100.2941176470588,1569.4705882352941,140.0,119.17647058823536,552.1176470588235,677.2941176470588,158.52941176470586,100.57894736842104,556.0,523.9473684210526,160.0,32.0,441.5,715.0,34.0
125,104.54545454545462,345.8181818181818,820.9090909090909,236.7272727272727,94.0,759.0,831.0,165.0,101.5,2149.0,761.75,94.0,93.0,1032.0,1271.0,158.0,124.81818181818187,1004.8636363636364,793.1363636363636,131.18181818181813,112.0,1075.4444444444443,513.2592592592592,130.85185185185196,102.0,861.6666666666666,714.0,171.66666666666663,98.0,1096.5882352941176,1569.9411764705883,140.0,118.23529411764707,556.8235294117648,674.0588235294117,157.7058823529411,99.68421052631584,560.0,522.2105263157895,159.0,32.0,443.0,718.0,34.0
126,104.0,341.0,821.0,238.0,93.82352941176464,753.8823529411765,831.3529411764706,165.29411764705878,103.0,2157.0,760.0,89.0,93.0,1038.1666666666667,1271.6666666666667,151.0,126.4545454545455,1005.0909090909091,798.9090909090909,131.54545454545462,112.0,1079.6666666666667,517.2222222222222,131.44444444444434,102.0,865.4444444444445,714.6666666666666,170.44444444444446,98.0,1092.8823529411766,1570.4117647058824,140.0,117.29411764705878,561.5294117647059,670.8235294117648,156.88235294117646,98.78947368421052,564.0,520.4736842105264,158.0,32.0,431.0,716.0,34.0
127,117.66666666666674,336.0,806.6666666666666,239.33333333333337,93.64705882352939,748.7647058823529,831.7058823529412,165.58823529411768,104.0,2164.0,758.0,87.0,93.0,1044.3333333333333,1272.3333333333333,144.0,128.090909090909,1005.3181818181819,804.6818181818182,131.90909090909088,112.0,1083.888888888889,521.1851851851852,132.03703703703695,102.0,869.2222222222222,715.3333333333334,169.22222222222217,98.0,1089.1764705882354,1570.8823529411766,140.0,116.35294117647061,566.2352941176471,667.5882352941177,156.0588235294117,97.89473684210532,568.0,518.7368421052631,157.0,32.0,420.3333333333333,715.6666666666666,34.0
128,131.33333333333326,331.0,792.3333333333334,240.66666666666663,93.47058823529414,743.6470588235294,832.0588235294117,165.88235294117646,103.5,2166.0,754.0,90.5,93.0,1050.5,1273.0,137.0,129.72727272727275,1005.5454545454545,810.4545454545455,132.27272727272725,112.0,1088.111111111111,525.1481481481482,132.62962962962956,102.0,873.0,716.0,168.0,98.0,1085.4705882352941,1571.3529411764705,140.0,115.41176470588232,570.9411764705883,664.3529411764706,155.23529411764696,97.0,572.0,517.0,156.0,32.0,409.6666666666667,715.3333333333334,34.0
129,145.0,326.0,778.0,242.0,93.2941176470589,738.5294117647059,832.4117647058823,166.17647058823536,103.0,2168.0,750.0,94.0,93.0,1056.6666666666667,1273.6666666666667,130.0,131.36363636363637,1005.7727272727273,816.2272727272727,132.63636363636374,112.0,1092.3333333333333,529.1111111111111,133.2222222222224,102.0,876.7777777777778,716.6666666666666,166.77777777777783,98.0,1081.764705882353,1571.8235294117646,140.0,114.47058823529414,575.6470588235294,661.1176470588235,154.41176470588232,98.30769230769238,576.0,515.3076923076923,157.46153846153845,32.0,399.0,715.0,34.0
130,153.0,321.0,769.3333333333334,237.66666666666663,93.11764705882354,733.4117647058823,832.7647058823529,166.47058823529414,106.0,2170.2,747.2,97.60000000000036,93.0,1062.8333333333333,1274.3333333333333,123.0,133.0,1006.0,822.0,133.0,112.0,1096.5555555555557,533.0740740740741,133.81481481481478,102.0,880.5555555555555,717.3333333333334,165.55555555555554,98.0,1078.0588235294117,1572.2941176470588,140.0,113.52941176470586,580.3529411764706,657.8823529411765,153.58823529411768,99.61538461538464,580.0,513.6153846153846,158.9230769230769,32.0,391.3333333333333,715.6666666666666,34.0
131,161.0,316.0,760.6666666666666,233.33333333333337,92.94117647058818,728.2941176470588,833.1176470588235,166.76470588235293,109.0,2172.4,744.4,101.19999999999982,93.0,1069.0,1275.0,116.0,130.93333333333328,1004.2666666666667,828.6,133.4000000000001,112.0,1100.7777777777778,537.0370370370371,134.4074074074074,102.0,884.3333333333334,718.0,164.33333333333337,98.0,1074.3529411764705,1572.764705882353,140.0,112.58823529411768,585.0588235294117,654.6470588235294,152.76470588235304,100.9230769230769,584.0,511.9230769230769,160.38461538461536,32.0,383.6666666666667,716.3333333333334,34.0
132,169.0,311.0,752.0,229.0,92.76470588235293,723.1764705882352,833.4705882352941,167.05882352941182,112.0,2174.6,741.6,104.80000000000018,93.0,1075.0,1275.7142857142858,119.28571428571422,128.86666666666667,1002.5333333333333,835.2,133.79999999999995,112.0,1105.0,541.0,135.0,102.0,888.1111111111111,718.6666666666666,163.1111111111111,98.0,1070.6470588235295,1573.235294117647,140.0,111.64705882352939,589.7647058823529,651.4117647058823,151.9411764705883,102.23076923076923,588.0,510.2307692307692,161.8461538461538,32.0,376.0,717.0,34.0
133,173.66666666666663,306.0,748.0,216.66666666666663,92.58823529411757,718.0588235294117,833.8235294117648,167.3529411764706,115.0,2176.8,738.8,108.39999999999964,93.0,1081.0,1276.4285714285713,122.57142857142867,126.80000000000007,1000.8,841.8,134.20000000000005,111.90909090909088,1112.2727272727273,544.3636363636364,135.63636363636374,102.0,891.8888888888889,719.3333333333334,161.8888888888889,98.0,1066.9411764705883,1573.7058823529412,140.0,110.70588235294122,594.4705882352941,648.1764705882352,151.11764705882354,103.53846153846155,592.0,508.53846153846155,163.30769230769226,32.0,370.0,718.3333333333334,34.0
134,178.33333333333337,301.0,744.0,204.33333333333331,92.41176470588243,712.9411764705883,834.1764705882352,167.6470588235294,118.0,2179.0,736.0,112.0,93.0,1087.0,1277.142857142857,125.85714285714289,124.73333333333335,999.0666666666667,848.4,134.60000000000002,111.81818181818176,1119.5454545454545,547.7272727272727,136.27272727272725,102.0,895.6666666666666,720.0,160.66666666666663,98.0,1063.235294117647,1574.1764705882354,140.0,109.76470588235293,599.1764705882352,644.9411764705883,150.2941176470589,104.84615384615387,596.0,506.84615384615387,164.76923076923072,32.0,364.0,719.6666666666666,34.0
135,183.0,296.0,740.0,192.0,92.23529411764707,707.8235294117648,834.5294117647059,167.94117647058818,114.25,2181.25,740.0,115.75,93.0,1093.0,1277.857142857143,129.1428571428571,122.66666666666663,997.3333333333334,855.0,134.9999999999999,111.72727272727275,1126.8181818181818,551.0909090909091,136.909090909091,102.0,899.4444444444445,720.6666666666666,159.44444444444446,98.0,1059.5294117647059,1574.6470588235295,140.0,108.82352941176464,603.8823529411765,641.7058823529412,149.47058823529414,106.15384615384613,600.0,505.15384615384613,166.23076923076928,32.0,358.0,721.0,34.0
136,177.25,291.375,742.75,192.125,92.05882352941182,702.7058823529412,834.8823529411765,168.23529411764707,110.5,2183.5,744.0,119.5,93.0,1099.0,1278.5714285714287,132.42857142857133,120.60000000000002,995.6,861.6,135.39999999999998,111.63636363636363,1134.090909090909,554.4545454545455,137.54545454545473,102.0,903.2222222222222,721.3333333333334,158.22222222222217,98.0,1055.8235294117646,1575.1176470588234,140.0,107.88235294117646,608.5882352941177,638.4705882352941,148.6470588235294,107.46153846153845,604.0,503.46153846153845,167.69230769230774,32.0,354.6666666666667,722.3333333333334,34.0
137,171.5,286.75,745.5,192.25,91.88235294117646,697.5882352941177,835.2352941176471,168.52941176470586,106.75,2185.75,748.0,123.25,93.0,1105.0,1279.2857142857142,135.71428571428578,118.5333333333333,993.8666666666667,868.2,135.80000000000007,111.5454545454545,1141.3636363636363,557.8181818181819,138.18181818181824,102.0,907.0,722.0,157.0,98.0,1052.1176470588234,1575.5882352941176,140.0,106.94117647058818,613.2941176470588,635.2352941176471,147.82352941176475,108.76923076923077,608.0,501.7692307692308,169.1538461538462,32.0,351.3333333333333,723.6666666666666,34.0
138,165.75,282.125,748.25,192.375,91.7058823529411,692.4705882352941,835.5882352941177,168.82352941176464,103.0,2188.0,752.0,127.0,93.0,1111.0,1280.0,139.0,116.4666666666667,992.1333333333333,874.8,136.19999999999993,111.4545454545455,1148.6363636363637,561.1818181818181,138.81818181818176,102.0,911.9565217391304,722.3478260869565,157.0000000000001,98.0,1048.4117647058824,1576.0588235294117,140.0,106.0,618.0,632.0,147.0,110.0769230769231,612.0,500.0769230769231,170.61538461538464,32.0,348.0,725.0,34.0
139,160.0,277.5,751.0,192.5,91.52941176470586,687.3529411764706,835.9411764705883,169.11764705882354,102.0,2194.6,751.5,124.40000000000009,93.0,1116.875,1280.75,135.625,114.39999999999998,990.4,881.4,136.60000000000002,111.36363636363637,1155.909090909091,564.5454545454545,139.45454545454527,102.0,916.9130434782609,722.695652173913,156.9999999999999,98.0,1044.7058823529412,1576.5294117647059,140.0,106.0,624.0,629.8461538461538,147.0,111.38461538461536,616.0,498.38461538461536,172.0769230769231,32.0,346.6666666666667,727.0,34.0
140,154.25,272.875,753.75,192.625,91.35294117647061,682.2352941176471,836.2941176470588,169.41176470588232,101.0,2201.2,751.0,121.80000000000018,93.0,1122.75,1281.5,132.25,112.33333333333337,988.6666666666666,888.0,137.0000000000001,111.27272727272725,1163.1818181818182,567.9090909090909,140.090909090909,102.0,921.8695652173913,723.0434782608696,157.0,98.0,1041.0,1577.0,140.0,106.0,630.0,627.6923076923077,147.0,112.69230769230768,620.0,496.6923076923077,173.53846153846155,32.0,345.3333333333333,729.0,34.0
141,148.5,268.25,756.5,192.75,91.17647058823536,677.1176470588235,836.6470588235294,169.70588235294122,100.0,2207.8,750.5,119.19999999999982,93.0,1128.625,1282.25,128.875,110.26666666666665,986.9333333333333,894.6,137.39999999999998,111.18181818181824,1170.4545454545455,571.2727272727273,140.72727272727275,102.0,926.8260869565217,723.3913043478261,157.0,98.0,1037.6666666666667,1575.4444444444443,140.0,106.0,636.0,625.5384615384615,147.0,114.0,624.0,495.0,175.0,32.0,344.0,731.0,34.0
142,142.75,263.625,759.25,192.875,91.0,672.0,837.0,170.0,99.0,2214.4,750.0,116.59999999999991,93.0,1134.5,1283.0,125.5,108.19999999999993,985.2,901.2,137.79999999999995,111.09090909090912,1177.7272727272727,574.6363636363636,141.36363636363626,102.0,931.7826086956521,723.7391304347826,157.0000000000001,98.0,1034.3333333333333,1573.888888888889,140.0,106.0,642.0,623.3846153846154,147.0,114.0,628.4285714285714,494.65714285714284,174.02857142857147,32.0,344.3333333333333,733.3333333333334,34.0
143,137.0,259.0,762.0,193.0,91.0,667.6176470588235,838.2647058823529,170.0,98.0,2221.0,749.5,114.0,93.0,1140.375,1283.75,122.125,106.13333333333344,983.4666666666667,907.8,138.20000000000005,111.0,1185.0,578.0,142.0,102.0,936.7391304347826,724.0869565217391,156.9999999999999,98.0,1031.0,1572.3333333333333,140.0,106.0,648.0,621.2307692307693,147.0,114.0,632.8571428571429,494.3142857142857,173.05714285714282,32.0,344.6666666666667,735.6666666666666,34.0
144,137.0,257.55555555555554,759.4444444444445,186.66666666666669,91.0,663.2352941176471,839.5294117647059,170.0,97.0,2227.6,749.0,111.40000000000009,93.0,1146.25,1284.5,118.75,104.06666666666672,981.7333333333333,914.4,138.5999999999999,111.0,1187.0,580.3333333333334,142.0,102.0,941.695652173913,724.4347826086956,157.0,98.0,1027.6666666666667,1570.7777777777778,140.0,106.0,654.0,619.0769230769231,147.0,113.99999999999994,637.2857142857143,493.9714285714286,172.0857142857143,32.0,345.0,738.0,34.0
145,137.0,256.1111111111111,756.8888888888889,180.33333333333337,91.0,658.8529411764706,840.7941176470588,170.0,96.0,2234.2,748.5,108.80000000000018,93.0,1152.125,1285.25,115.375,102.0,980.0,921.0,139.0,111.0,1189.0,582.6666666666666,142.0,102.0,946.6521739130435,724.7826086956521,157.0,98.0,1024.3333333333333,1569.2222222222222,140.0,106.0,660.0,616.9230769230769,147.0,113.99999999999994,641.7142857142857,493.62857142857143,171.11428571428576,32.0,333.6666666666667,737.6666666666666,34.0
146,137.0,254.66666666666666,754.3333333333334,174.00000000000003,91.0,654.4705882352941,842.0588235294117,170.0,95.0,2240.8,748.0,106.19999999999982,93.0,1158.0,1286.0,112.0,100.0,977.0,927.5,139.5,111.0,1191.0,585.0,142.0,102.0,951.6086956521739,725.1304347826087,157.0000000000001,98.0,1021.0,1567.6666666666667,140.0,106.0,666.0,614.7692307692307,147.0,114.00000000000006,646.1428571428571,493.2857142857143,170.14285714285722,32.0,322.3333333333333,737.3333333333334,34.0
147,137.0,253.22222222222223,751.7777777777778,167.66666666666669,91.0,650.0882352941177,843.3235294117648,170.0,94.0,2247.4,747.5,103.59999999999991,93.0,1164.0,1286.75,115.125,98.0,974.0,934.0,140.0,110.78571428571433,1196.7857142857142,588.6428571428571,142.0,102.0,956.5652173913044,725.4782608695652,156.9999999999999,98.0,1017.6666666666666,1566.111111111111,140.0000000000001,106.0,672.0,612.6153846153846,147.0,114.00000000000006,650.5714285714286,492.9428571428571,169.17142857142858,32.0,311.0,737.0,34.0
148,137.0,251.77777777777777,749.2222222222222,161.33333333333331,91.0,645.7058823529412,844.5882352941177,170.0,93.0,2254.0,747.0,101.0,93.0,1170.0,1287.5,118.25,96.0,971.0,940.5,140.5,110.57142857142856,1202.5714285714287,592.2857142857143,142.0,102.0,961.5217391304348,725.8260869565217,157.0,98.0,1014.3333333333334,1564.5555555555557,139.9999999999999,106.0,678.0,610.4615384615385,147.0,114.0,655.0,492.6,168.20000000000005,32.0,304.3333333333333,738.3333333333334,34.0
149,137.0,250.33333333333334,746.6666666666666,154.99999999999997,91.0,641.3235294117648,845.8529411764706,170.0,95.0,2256.3333333333335,744.6666666666666,103.66666666666652,93.0,1176.0,1288.25,121.375,94.0,968.0,947.0,141.0,110.35714285714289,1208.357142857143,595.9285714285714,142.0,102.0,966.4782608695652,726.1739130434783,157.0,98.0,1011.0,1563.0,140.0,106.0,684.0,608.3076923076923,147.0,114.0,659.4285714285714,492.25714285714287,167.2285714285714,32.0,297.6666666666667,739.6666666666666,34.0
150,137.0,248.88888888888889,744.1111111111111,148.66666666666666,91.0,636.9411764705883,847.1176470588235,170.0,97.0,2258.6666666666665,742.3333333333334,106.33333333333348,93.0,1182.0,1289.0,124.5,99.875,968.625,951.0,137.625,110.14285714285711,1214.142857142857,599.5714285714286,142.0,102.0,971.4347826086956,726.5217391304348,157.0000000000001,98.0,1007.6666666666666,1561.4444444444443,140.0000000000001,106.0,690.0,606.1538461538462,147.0,114.0,663.8571428571429,491.9142857142857,166.25714285714287,32.0,291.0,741.0,34.0
151,137.0,247.44444444444446,741.5555555555555,142.33333333333331,91.0,632.5588235294117,848.3823529411765,170.0,99.0,2261.0,740.0,109.0,93.0,1188.0,1289.75,127.625,105.75,969.25,955.0,134.25,109.92857142857144,1219.9285714285713,603.2142857142857,142.0,102.0,976.3913043478261,726.8695652173913,156.9999999999999,98.0,1004.3333333333334,1559.888888888889,139.9999999999999,106.0,696.0,604.0,147.0,114.0,668.2857142857143,491.57142857142856,165.28571428571422,32.0,287.0,741.3333333333334,34.0
152,137.0,246.0,739.0,136.0,91.0,628.1764705882352,849.6470588235294,170.0,101.0,2263.3333333333335,737.6666666666666,111.66666666666652,93.0,1194.0,1290.5,130.75,111.625,969.875,959.0,130.875,109.71428571428567,1225.7142857142858,606.8571428571429,142.0,102.0,981.3478260869565,727.2173913043479,157.0,98.0,1001.0,1558.3333333333333,140.0,106.0,702.0,601.8461538461538,147.0,113.99999999999994,672.7142857142857,491.22857142857146,164.3142857142858,32.0,283.0,741.6666666666666,34.0
153,137.0,244.4,737.4,137.6,91.0,623.7941176470588,850.9117647058823,170.0,103.0,2265.6666666666665,735.3333333333334,114.33333333333348,93.0,1200.0,1291.25,133.875,117.5,970.5,963.0,127.5,109.5,1231.5,610.5,142.0,102.0,986.304347826087,727.5652173913044,157.0,98.0,997.6666666666666,1556.7777777777778,140.0000000000001,106.0,708.0,599.6923076923077,147.0,113.99999999999994,677.1428571428571,490.8857142857143,163.34285714285716,32.0,279.0,742.0,34.0
154,137.0,242.8,735.8,139.2,91.0,619.4117647058823,852.1764705882352,170.0,105.0,2268.0,733.0,117.0,93.0,1206.0,1292.0,137.0,123.375,971.125,967.0,124.125,109.28571428571433,1237.2857142857142,614.1428571428571,142.0,102.0,991.2608695652174,727.9130434782609,157.0000000000001,98.0,994.3333333333334,1555.2222222222222,139.9999999999999,106.0,714.0,597.5384615384615,147.0,113.99999999999994,681.5714285714286,490.54285714285714,162.37142857142862,32.0,278.0,742.0,34.0
155,137.0,241.2,734.2,140.8,91.0,615.0294117647059,853.4411764705883,170.0,107.0,2272.25,730.25,116.0,93.0,1212.0,1292.6,133.4000000000001,129.25,971.75,971.0,120.75,109.07142857142856,1243.0714285714287,617.7857142857143,142.0,102.0,996.2173913043479,728.2608695652174,156.9999999999999,98.0,991.0,1553.6666666666667,140.0,106.0,720.0,595.3846153846154,147.0,114.00000000000006,686.0,490.2,161.39999999999998,32.0,277.0,742.0,34.0
156,137.0,239.6,732.6,142.4,91.0,610.6470588235294,854.7058823529412,170.0,109.0,2276.5,727.5,115.0,93.0,1218.0,1293.2,129.79999999999995,135.125,972.375,975.0,117.375,108.85714285714289,1248.857142857143,621.4285714285714,142.0,102.0,1001.1739130434783,728.6086956521739,157.0,98.0,987.6666666666666,1552.111111111111,140.0000000000001,106.0,726.0,593.2307692307693,147.0,114.00000000000006,690.4285714285714,489.85714285714283,160.42857142857144,32.0,278.5,740.5,34.0
157,137.0,238.0,731.0,144.0,91.0,606.2647058823529,855.9705882352941,170.0,111.0,2280.75,724.75,114.0,93.0,1224.0,1293.8,126.20000000000005,141.0,973.0,979.0,114.0,108.64285714285711,1254.642857142857,625.0714285714286,142.0,102.0,1006.1304347826087,728.9565217391304,157.0,98.0,984.3333333333334,1550.5555555555557,139.9999999999999,106.0,732.0,591.0769230769231,147.0,114.0,694.8571428571429,489.51428571428573,159.4571428571428,32.0,280.0,739.0,34.0
158,137.0,236.4,729.4,145.6,91.0,601.8823529411765,857.2352941176471,170.0,113.0,2285.0,722.0,113.0,93.0,1230.0,1294.4,122.59999999999991,140.5999999999999,973.5,986.2,114.0,108.42857142857144,1260.4285714285713,628.7142857142857,142.0,102.0,1011.0869565217391,729.304347826087,156.9999999999999,98.0,981.0,1549.0,140.0,106.0,738.0,588.9230769230769,147.0,114.0,699.2857142857143,489.1714285714286,158.48571428571427,32.0,283.0,739.0,34.0
159,137.0,234.8,727.8,147.2,91.0,597.5,858.5,170.0,111.38461538461536,2288.6153846153848,720.6153846153846,114.84615384615381,93.0,1236.0,1295.0,119.0,140.19999999999993,974.0,993.4,114.0,108.21428571428567,1266.2142857142858,632.3571428571429,142.0,102.0,1016.0434782608695,729.6521739130435,157.0,99.40000000000009,978.7333333333333,1543.5333333333333,140.0,106.0,744.0,586.7692307692307,147.0,114.0,703.7142857142857,488.8285714285714,157.51428571428573,32.0,286.0,739.0,34.0
160,137.0,233.2,726.2,148.8,91.0,593.1176470588235,859.7647058823529,170.0,109.76923076923072,2292.230769230769,719.2307692307693,116.69230769230808,93.0,1241.2,1295.2,115.59999999999991,139.80000000000007,974.5,1000.6,114.0,108.0,1272.0,636.0,142.0,102.0,1021.0,730.0,157.0,100.79999999999995,976.4666666666667,1538.0666666666666,140.0,106.0,750.0,584.6153846153846,147.0,114.0,708.1428571428571,488.48571428571427,156.5428571428572,32.0,292.0,737.0,34.0
161,137.0,231.6,724.6,150.4,91.0,588.7352941176471,861.0294117647059,170.0,108.15384615384619,2295.846153846154,717.8461538461538,118.53846153846143,93.0,1246.4,1295.4,112.19999999999982,139.4000000000001,975.0,1007.8,114.0,107.80000000000007,1277.75,638.275,142.0,102.0,1026.341463414634,731.1219512195122,156.7560975609756,102.20000000000005,974.2,1532.6,140.0,106.0,756.0,582.4615384615385,147.0,113.99999999999994,712.5714285714286,488.14285714285717,155.57142857142856,32.0,300.0,737.0,34.0
162,137.0,230.0,723.0,152.0,91.0,584.3529411764706,862.2941176470588,170.0,106.53846153846155,2299.4615384615386,716.4615384615385,120.38461538461524,93.0,1251.6,1295.6,108.80000000000018,139.0,975.5,1015.0,114.0,107.60000000000002,1283.5,640.55,142.0,102.0,1031.6829268292684,732.2439024390244,156.5121951219512,103.59999999999991,971.9333333333333,1527.1333333333334,140.0000000000001,106.0,762.0,580.3076923076923,147.0,113.99999999999994,717.0,487.8,154.60000000000002,32.0,309.0,737.0,34.0
163,135.5,228.375,723.8125,154.375,91.0,579.9705882352941,863.5588235294117,170.0,104.9230769230769,2303.076923076923,715.0769230769231,122.23076923076951,93.0,1256.8,1295.8,105.40000000000009,138.5999999999999,976.0,1022.2,114.0,107.39999999999998,1289.25,642.825,142.0,102.0,1037.0243902439024,733.3658536585366,156.2682926829268,105.0,969.6666666666666,1521.6666666666667,140.0000000000001,106.0,768.0,578.1538461538462,147.0,114.00000000000006,721.4285714285714,487.45714285714286,153.62857142857138,32.0,313.0,734.0,34.0
164,134.0,226.75,724.625,156.75,91.0,575.5882352941177,864.8235294117648,170.0,103.30769230769226,2306.6923076923076,713.6923076923077,124.07692307692332,93.0,1262.0,1296.0,102.0,138.19999999999982,976.5,1029.4,114.0,107.19999999999993,1295.0,645.1,142.0,102.0,1042.3658536585365,734.4878048780488,156.02439024390264,106.39999999999986,967.4,1516.2,140.0000000000001,106.0,774.0,576.0,147.0,114.00000000000006,725.8571428571429,487.1142857142857,152.65714285714284,32.0,303.0,726.0,34.0
165,132.5,225.125,725.4375,159.125,91.0,571.2058823529412,866.0882352941177,170.0,101.69230769230774,2310.3076923076924,712.3076923076923,125.92307692307668,93.0,1268.5,1297.25,111.25,137.80000000000018,977.0,1036.6,114.0,107.0,1300.75,647.375,142.0,102.0,1047.7073170731708,735.609756097561,155.78048780487802,107.79999999999995,965.1333333333333,1510.7333333333333,140.0000000000001,106.0,781.48,574.2,146.48000000000002,114.0,730.2857142857143,486.7714285714286,151.6857142857142,32.0,294.0,721.0,34.0
166,131.0,223.5,726.25,161.5,91.0,566.8235294117646,867.3529411764706,170.0,100.0769230769231,2313.923076923077,710.9230769230769,127.76923076923049,93.0,1275.0,1298.5,120.5,137.4000000000001,977.5,1043.8,114.0,106.80000000000007,1306.5,649.65,142.0,102.0,1053.0487804878048,736.7317073170732,155.53658536585363,109.20000000000005,962.8666666666667,1505.2666666666667,139.9999999999999,106.0,788.96,572.4,145.95999999999992,114.0,734.7142857142858,486.42857142857144,150.71428571428567,32.0,285.0,716.0,34.0
167,129.5,221.875,727.0625,163.875,91.0,562.4411764705883,868.6176470588235,170.0,98.46153846153845,2317.5384615384614,709.5384615384615,129.61538461538476,93.0,1281.5,1299.75,129.75,137.0,978.0,1051.0,114.0,106.60000000000002,1312.25,651.925,142.0,102.0,1058.3902439024391,737.8536585365854,155.29268292682923,110.60000000000014,960.6,1499.8,139.9999999999999,106.0,796.44,570.6,145.43999999999994,114.0,739.1428571428571,486.0857142857143,149.74285714285713,32.0,276.0,711.0,34.0
168,128.0,220.25,727.875,166.25,91.0,558.0588235294117,869.8823529411765,170.0,96.84615384615381,2321.153846153846,708.1538461538462,131.46153846153857,93.0,1288.0,1301.0,139.0,134.5,978.25,1056.375,114.0,106.39999999999998,1318.0,654.2,142.0,102.0,1063.7317073170732,738.9756097560976,155.04878048780483,112.0,958.3333333333334,1494.3333333333333,139.9999999999999,106.0,803.92,568.8,144.92000000000007,114.0,743.5714285714286,485.74285714285713,148.7714285714286,32.0,269.6666666666667,706.0,34.0
169,126.5,218.625,728.6875,168.625,91.0,553.6764705882354,871.1470588235294,170.0,95.23076923076928,2324.769230769231,706.7692307692307,133.30769230769192,93.0,1294.5,1302.0,140.0,132.0,978.5,1061.75,114.0,106.19999999999993,1323.75,656.475,142.0,102.0,1069.0731707317073,740.0975609756098,154.80487804878067,113.39999999999986,956.0666666666667,1488.8666666666668,139.9999999999999,106.0,811.4,567.0,144.39999999999998,114.0,748.0,485.4,147.79999999999995,32.0,263.3333333333333,701.0,34.0
170,125.0,217.0,729.5,171.0,91.0,549.2941176470588,872.4117647058823,170.0,93.61538461538464,2328.3846153846152,705.3846153846154,135.1538461538462,93.0,1301.0,1303.0,141.0,129.5,978.75,1067.125,114.0,106.0,1329.5,658.75,142.0,102.0,1074.4146341463415,741.219512195122,154.56097560975604,114.79999999999995,953.8,1483.4,140.0,106.0,818.88,565.2,143.88,113.99999999999994,752.4285714285714,485.0571428571429,146.82857142857142,32.0,257.0,696.0,34.0
171,123.5,215.375,730.3125,173.375,91.0,544.9117647058823,873.6764705882352,170.0,92.0,2332.0,704.0,137.0,93.5,1306.2777777777778,1302.8333333333333,141.1111111111111,127.0,979.0,1072.5,114.0,105.80000000000007,1335.25,661.025,142.0,102.0,1079.7560975609756,742.3414634146342,154.31707317073165,116.20000000000005,951.5333333333333,1477.9333333333334,140.0,106.0,826.36,563.4,143.36,113.99999999999994,756.8571428571429,484.7142857142857,145.85714285714278,32.0,254.0,691.0,34.0
172,122.0,213.75,731.125,175.75,91.0,540.5294117647059,874.9411764705883,170.0,92.08571428571429,2336.4857142857145,702.6571428571428,137.22857142857129,94.0,1311.5555555555557,1302.6666666666667,141.22222222222217,124.5,979.25,1077.875,114.0,105.60000000000002,1341.0,663.3,142.0,102.0,1085.0975609756097,743.4634146341464,154.07317073170748,117.59999999999991,949.2666666666667,1472.4666666666667,140.0,106.0,833.84,561.6,142.83999999999992,114.00000000000006,761.2857142857142,484.37142857142857,144.88571428571436,32.0,251.0,686.0,34.0
173,120.5,212.125,731.9375,178.125,91.0,536.1470588235294,876.2058823529412,170.0,92.17142857142858,2340.9714285714285,701.3142857142857,137.45714285714303,94.5,1316.8333333333333,1302.5,141.33333333333348,122.0,979.5,1083.25,114.0,105.39999999999998,1346.75,665.575,142.0,102.0,1090.439024390244,744.5853658536586,153.82926829268285,119.0,947.0,1467.0,140.0,106.0,841.3199999999999,559.8,142.32000000000005,114.00000000000006,765.7142857142858,484.0285714285714,143.9142857142856,32.0,248.0,681.0,34.0
174,119.0,210.5,732.75,180.5,91.0,531.7647058823529,877.4705882352941,170.0,92.25714285714287,2345.457142857143,699.9714285714285,137.6857142857143,95.0,1322.111111111111,1302.3333333333333,141.44444444444457,119.5,979.75,1088.625,114.0,105.19999999999993,1352.5,667.85,142.0,102.0,1095.780487804878,745.7073170731708,153.5853658536587,113.75,946.5,1468.25,140.0,106.0,848.8,558.0,141.80000000000007,114.0,770.1428571428571,483.6857142857143,142.94285714285718,32.0,247.0,677.0,34.0
175,117.5,208.875,733.5625,182.875,91.0,527.3823529411765,878.7352941176471,170.0,92.34285714285716,2349.942857142857,698.6285714285714,137.9142857142856,95.5,1327.388888888889,1302.1666666666667,141.55555555555543,117.0,980.0,1094.0,114.0,105.0,1358.25,670.125,142.0,102.0,1101.121951219512,746.829268292683,153.3414634146343,108.5,946.0,1469.5,140.0,106.0,856.28,556.2,141.27999999999997,114.0,774.5714285714286,483.34285714285716,141.97142857142865,32.0,246.0,673.0,34.0
176,116.0,207.25,734.375,185.25,91.0,523.0,880.0,170.0,92.42857142857133,2354.4285714285716,697.2857142857143,138.14285714285688,96.0,1332.6666666666667,1302.0,141.66666666666652,117.40000000000009,983.2,1102.0,117.20000000000005,104.80000000000007,1364.0,672.4,142.0,102.0,1106.4634146341464,747.9512195121952,153.09756097560967,103.25,945.5,1470.75,140.0,106.0,863.76,554.4,140.76,114.0,779.0,483.0,141.0,32.0,245.0,669.0,34.0
177,114.5,205.625,735.1875,187.625,91.64285714285722,520.5714285714286,883.2142857142857,169.07142857142856,92.51428571428573,2358.9142857142856,695.9428571428572,138.37142857142862,96.5,1337.9444444444443,1301.8333333333333,141.77777777777783,117.79999999999995,986.4,1110.0,120.39999999999998,104.60000000000002,1369.75,674.675,142.0,102.0,1111.8048780487804,749.0731707317074,152.8536585365855,98.0,945.0,1472.0,140.0,106.0,871.24,552.6,140.24,113.66666666666669,784.6666666666666,482.7916666666667,140.66666666666674,32.0,245.0,665.6666666666666,34.0
178,113.0,204.0,736.0,190.0,92.28571428571422,518.1428571428571,886.4285714285714,168.14285714285722,92.60000000000002,2363.4,694.6,138.5999999999999,97.0,1343.2222222222222,1301.6666666666667,141.8888888888889,118.20000000000005,989.6,1118.0,123.60000000000002,104.39999999999998,1375.5,676.95,142.0,102.0,1117.1463414634147,750.1951219512196,152.60975609756088,99.57142857142867,945.5,1465.9285714285713,139.21428571428578,106.0,878.72,550.8,139.72000000000003,113.33333333333331,790.3333333333334,482.5833333333333,140.33333333333326,32.0,245.0,662.3333333333334,34.0
179,113.0,203.5,736.0,190.5,92.92857142857144,515.7142857142857,889.6428571428571,167.21428571428578,92.68571428571431,2367.885714285714,693.2571428571429,138.82857142857165,97.5,1348.5,1301.5,142.0,118.59999999999991,992.8,1126.0,126.79999999999995,104.19999999999993,1381.25,679.225,142.0,102.0,1122.4878048780488,751.3170731707318,152.36585365853648,101.14285714285711,946.0,1459.857142857143,138.42857142857133,106.0,886.2,549.0,139.20000000000005,113.0,796.0,482.375,140.0,32.0,245.0,659.0,34.0
180,113.0,203.0,736.0,191.0,93.57142857142856,513.2857142857143,892.8571428571429,166.28571428571422,92.7714285714286,2372.3714285714286,691.9142857142857,139.05714285714294,98.0,1353.7777777777778,1301.3333333333333,142.1111111111111,119.0,996.0,1134.0,130.0,104.0,1387.0,681.5,142.0,102.0,1127.8292682926829,752.439024390244,152.1219512195123,102.71428571428578,946.5,1453.7857142857142,137.6428571428571,106.0,893.6800000000001,547.2,138.67999999999984,112.66666666666669,801.6666666666666,482.1666666666667,139.66666666666674,32.0,246.66666666666666,656.3333333333334,34.00000000000003
181,113.0,202.5,736.0,191.5,94.21428571428578,510.85714285714283,896.0714285714286,165.35714285714283,92.85714285714289,2376.8571428571427,690.5714285714286,139.28571428571468,98.5,1359.0555555555557,1301.1666666666667,142.22222222222217,119.33333333333326,999.1666666666666,1137.0,129.16666666666663,103.80000000000007,1392.75,683.775,142.0,102.0,1133.1707317073171,753.560975609756,151.8780487804877,104.28571428571422,947.0,1447.7142857142858,136.8571428571429,106.0,901.16,545.4,138.15999999999997,112.33333333333331,807.3333333333334,481.9583333333333,139.33333333333326,32.0,248.33333333333334,653.6666666666666,33.99999999999997
182,113.0,202.0,736.0,192.0,94.85714285714278,508.42857142857144,899.2857142857143,164.42857142857144,92.94285714285718,2381.342857142857,689.2285714285714,139.5142857142855,99.0,1364.3333333333333,1301.0,142.33333333333348,119.66666666666674,1002.3333333333334,1140.0,128.33333333333337,103.60000000000002,1398.5,686.05,142.0,102.0,1138.5121951219512,754.6829268292682,151.63414634146352,105.85714285714289,947.5,1441.642857142857,136.07142857142867,106.0,908.64,543.6,137.64,112.0,813.0,481.75,139.0,32.0,250.0,651.0,34.0
183,113.0,201.5,736.0,192.5,95.5,506.0,902.5,163.5,93.02857142857147,2385.8285714285716,687.8857142857142,139.7428571428568,99.5,1369.611111111111,1300.8333333333333,142.44444444444457,120.0,1005.5,1143.0,127.5,103.39999999999998,1404.25,688.325,142.0,102.0,1143.8536585365853,755.8048780487804,151.39024390243912,107.42857142857133,948.0,1435.5714285714287,135.28571428571422,106.0,916.12,541.8,137.12,111.66666666666669,818.6666666666666,481.5416666666667,138.66666666666674,32.0,251.0,649.6666666666666,34.0
184,113.0,201.0,736.0,193.0,96.14285714285722,503.57142857142856,905.7142857142857,162.57142857142856,93.11428571428576,2390.3142857142857,686.5428571428571,139.97142857142853,100.0,1374.888888888889,1300.6666666666667,142.55555555555543,120.33333333333326,1008.6666666666666,1146.0,126.66666666666663,103.19999999999993,1410.0,690.6,142.0,102.0,1149.1951219512196,756.9268292682926,151.1463414634145,109.0,948.5,1429.5,134.5,106.0,923.6,540.0,136.60000000000002,111.33333333333331,824.3333333333334,481.3333333333333,138.33333333333326,32.0,252.0,648.3333333333334,34.0
185,113.0,200.5,736.0,193.5,96.78571428571422,501.14285714285717,908.9285714285714,161.64285714285717,93.19999999999993,2394.8,685.2,140.19999999999982,100.5,1380.1666666666667,1300.5,142.66666666666652,120.66666666666674,1011.8333333333334,1149.0,125.83333333333337,103.0,1415.75,692.875,142.0,102.0,1154.5365853658536,758.0487804878048,150.90243902439033,110.57142857142867,949.0,1423.4285714285713,133.71428571428578,106.0,931.0799999999999,538.2,136.08000000000015,111.0,830.0,481.125,138.0,32.0,253.0,647.0,34.0
186,113.0,200.0,736.0,194.0,97.42857142857144,498.7142857142857,912.1428571428571,160.71428571428572,93.28571428571422,2399.285714285714,683.8571428571429,140.42857142857156,101.0,1385.4444444444443,1300.3333333333333,142.77777777777783,121.0,1015.0,1152.0,125.0,102.80000000000007,1421.5,695.15,142.0,102.0,1159.878048780488,759.170731707317,150.6585365853657,112.14285714285711,949.5,1417.357142857143,132.92857142857133,106.0,938.56,536.4,135.55999999999995,110.66666666666669,835.6666666666666,480.9166666666667,137.66666666666674,32.0,254.0,644.6666666666666,34.0
187,113.0,199.5,736.0,194.5,98.07142857142856,496.2857142857143,915.3571428571429,159.78571428571428,93.37142857142851,2403.7714285714287,682.5142857142857,140.65714285714284,101.5,1390.7222222222222,1300.1666666666667,142.8888888888889,121.36363636363626,1020.0,1157.4545454545455,124.0,102.60000000000002,1427.25,697.425,142.0,102.0,1165.219512195122,760.2926829268292,150.41463414634154,113.71428571428578,950.0,1411.2857142857142,132.1428571428571,106.0,946.04,534.6,135.03999999999996,110.33333333333331,841.3333333333334,480.7083333333333,137.33333333333326,32.0,255.0,642.3333333333334,34.0
188,113.0,199.0,736.0,195.0,98.71428571428578,493.85714285714283,918.5714285714286,158.85714285714283,93.4571428571428,2408.2571428571428,681.1714285714286,140.88571428571458,102.0,1396.0,1300.0,143.0,121.72727272727275,1025.0,1162.909090909091,123.0,102.39999999999998,1433.0,699.7,142.0,102.0,1170.560975609756,761.4146341463414,150.17073170731715,115.28571428571422,950.5,1405.2142857142858,131.3571428571429,106.0,953.52,532.8,134.51999999999998,110.0,847.0,480.5,137.0,32.0,256.0,640.0,34.0
189,113.0,198.5,736.0,195.5,99.35714285714278,491.42857142857144,921.7857142857143,157.92857142857144,93.5428571428572,2412.7428571428572,679.8285714285714,141.11428571428542,99.0,1403.3333333333333,1303.6666666666667,140.66666666666674,122.09090909090924,1030.0,1168.3636363636363,122.0,102.19999999999993,1438.75,701.975,142.0,102.0,1175.9024390243903,762.5365853658536,149.92682926829252,116.85714285714289,951.0,1399.142857142857,130.57142857142867,106.0,961.0,531.0,134.0,109.66666666666669,852.6666666666666,480.2916666666667,136.66666666666674,32.0,258.3333333333333,641.3333333333334,34.0
190,113.0,198.0,736.0,196.0,100.0,489.0,925.0,157.0,93.62857142857149,2417.2285714285713,678.4857142857143,141.34285714285716,96.0,1410.6666666666667,1307.3333333333333,138.33333333333326,122.4545454545455,1035.0,1173.8181818181818,121.0,102.0,1444.5,704.25,142.0,102.0,1181.2439024390244,763.6585365853658,149.68292682926835,118.42857142857133,951.5,1393.0714285714287,129.78571428571422,106.0,970.0645161290323,529.7096774193549,133.9999999999999,109.33333333333331,858.3333333333334,480.0833333333333,136.33333333333326,32.0,260.6666666666667,642.6666666666666,34.0
191,113.0,197.5,736.0,196.5,96.85714285714289,487.14285714285717,929.0,156.99999999999994,93.71428571428578,2421.714285714286,677.1428571428571,141.57142857142844,93.0,1418.0,1311.0,136.0,122.81818181818176,1040.0,1179.2727272727273,120.0,101.80000000000007,1450.25,706.525,142.0,102.0,1186.5853658536585,764.780487804878,149.43902439024396,120.0,952.0,1387.0,129.0,106.0,979.1290322580645,528.4193548387096,134.0000000000001,109.0,864.0,479.875,136.0,32.0,263.0,644.0,34.0
192,113.0,197.0,736.0,197.0,93.71428571428578,485.2857142857143,933.0,157.00000000000006,93.80000000000007,2426.2,675.8,141.80000000000018,93.0,1433.3333333333333,1314.6666666666667,135.66666666666674,123.18181818181824,1045.0,1184.7272727272727,119.0,101.60000000000002,1456.0,708.8,142.0,102.0,1191.9268292682927,765.9024390243902,149.19512195121933,115.33333333333348,952.3333333333334,1387.3333333333333,128.33333333333337,106.0,988.1935483870968,527.1290322580645,134.0,108.66666666666669,869.6666666666666,479.6666666666667,135.66666666666674,32.0,275.6666666666667,653.3333333333334,34.0
193,113.0,196.5,736.0,197.5,90.57142857142867,483.42857142857144,937.0,157.0,93.88571428571424,2430.6857142857143,674.4571428571429,142.02857142857147,93.0,1448.6666666666667,1318.3333333333333,135.33333333333326,123.5454545454545,1050.0,1190.1818181818182,118.0,101.39999999999998,1461.75,711.075,142.0,102.0,1197.2682926829268,767.0243902439024,148.95121951219517,110.66666666666652,952.6666666666666,1387.6666666666667,127.66666666666663,106.0,997.258064516129,525.8387096774194,134.0,108.33333333333331,875.3333333333334,479.4583333333333,135.33333333333326,32.0,288.3333333333333,662.6666666666666,34.0
194,113.0,196.0,736.0,198.0,87.42857142857133,481.57142857142856,941.0,157.0,93.97142857142853,2435.171428571429,673.1142857142858,142.25714285714275,93.0,1464.0,1322.0,135.0,123.90909090909076,1055.0,1195.6363636363637,117.0,101.19999999999993,1467.5,713.35,142.0,102.0,1202.6097560975609,768.1463414634146,148.70731707317077,106.0,953.0,1388.0,127.0,106.0,1006.3225806451613,524.5483870967741,133.9999999999999,108.0,881.0,479.25,135.0,32.0,301.0,672.0,34.0
195,113.0,195.5,736.0,198.5,84.28571428571422,479.7142857142857,945.0,156.99999999999994,94.05714285714282,2439.657142857143,671.7714285714286,142.4857142857145,93.0,1470.75,1322.75,138.75,124.27272727272725,1060.0,1201.090909090909,116.0,101.0,1473.25,715.625,142.0,102.0,1207.9512195121952,769.2682926829268,148.46341463414637,106.53571428571422,954.5714285714286,1382.4642857142858,126.82142857142856,106.0,1015.3870967741935,523.258064516129,134.0000000000001,107.66666666666669,886.6666666666666,479.0416666666667,134.66666666666674,32.0,314.0,684.0,34.0
196,113.0,195.0,736.0,199.0,81.14285714285711,477.85714285714283,949.0,157.00000000000006,94.14285714285711,2444.1428571428573,670.4285714285714,142.71428571428532,93.0,1477.5,1323.5,142.5,124.63636363636374,1065.0,1206.5454545454545,115.0,100.80000000000007,1479.0,717.9,142.0,102.0,1213.2926829268292,770.390243902439,148.21951219512198,107.07142857142867,956.1428571428571,1376.9285714285713,126.64285714285711,106.0,1024.4516129032259,521.9677419354839,134.0,107.33333333333331,892.3333333333334,478.8333333333333,134.33333333333337,32.0,327.0,695.0,34.0
197,113.0,194.5,736.0,199.5,78.0,476.0,953.0,157.0,94.2285714285714,2448.6285714285714,669.0857142857143,142.94285714285706,93.0,1484.25,1324.25,146.25,125.0,1070.0,1212.0,114.0,100.60000000000002,1484.75,720.175,142.0,102.0,1218.6341463414633,771.5121951219512,147.97560975609758,107.60714285714289,957.7142857142857,1371.392857142857,126.46428571428567,106.0,1033.516129032258,520.6774193548387,134.0,107.0,898.0,478.625,134.0,32.0,345.0,708.0,34.0
198,113.0,194.0,736.0,200.0,79.18181818181824,476.8181818181818,955.5454545454545,157.00000000000006,94.31428571428569,2453.114285714286,667.7428571428571,143.17142857142835,93.0,1491.0,1325.0,150.0,124.0,1073.5,1216.9,115.20000000000005,100.39999999999998,1490.5,722.45,142.0,102.0,1223.9756097560976,772.6341463414634,147.7317073170732,108.14285714285711,959.2857142857143,1365.857142857143,126.28571428571433,106.0,1042.5806451612902,519.3870967741935,134.0,106.66666666666669,903.6666666666666,478.4166666666667,133.66666666666663,32.0,363.0,718.0,34.0
199,113.0,196.35294117647058,736.0,197.64705882352942,80.36363636363637,477.6363636363636,958.0909090909091,157.0,94.39999999999998,2457.6,666.4,143.4000000000001,93.0,1506.6666666666667,1327.6666666666667,144.66666666666652,123.0,1077.0,1221.8,116.40000000000009,100.19999999999993,1496.25,724.725,142.0,102.0,1229.3170731707316,773.7560975609756,147.4878048780488,108.67857142857133,960.8571428571429,1360.3214285714287,126.10714285714289,106.0,1051.6451612903227,518.0967741935484,134.0,106.33333333333331,909.3333333333334,478.2083333333333,133.33333333333337,32.0,368.0,724.0,34.0
200,113.0,198.7058823529412,736.0,195.2941176470588,81.54545454545462,478.45454545454544,960.6363636363636,157.00000000000006,94.48571428571427,2462.0857142857144,665.0571428571428,143.62857142857138,93.0,1522.3333333333333,1330.3333333333333,139.33333333333348,122.0,1080.5,1226.7,117.59999999999991,100.0,1502.0,727.0,142.0,102.0,1234.658536585366,774.8780487804878,147.2439024390244,109.21428571428578,962.4285714285714,1354.7857142857142,125.92857142857144,106.0,1060.7096774193549,516.8064516129032,134.0,106.0,915.0,478.0,133.0,32.0,358.0,725.0,34.0
201,113.0,201.05882352941177,736.0,192.94117647058823,82.72727272727286,479.27272727272725,963.1818181818181,157.0,94.57142857142867,2466.5714285714284,663.7142857142857,143.85714285714312,93.0,1538.0,1333.0,134.0,121.0,1084.0,1231.6,118.79999999999995,100.0,1509.4375,727.625,141.6875,102.0,1240.0,776.0,147.0,109.75,964.0,1349.25,125.75,106.0,1069.774193548387,515.516129032258,134.0,106.0,920.2857142857143,477.57142857142856,132.9999999999999,32.0,348.0,726.0,34.0
202,113.0,203.41176470588235,736.0,190.58823529411765,83.90909090909099,480.09090909090907,965.7272727272727,157.00000000000006,94.65714285714284,2471.057142857143,662.3714285714286,144.0857142857144,93.0,1565.5,1336.0,128.5,120.0,1087.5,1236.5,120.0,100.0,1516.875,728.25,141.375,102.0,1246.4418604651162,776.6744186046511,146.4651162790699,110.28571428571422,965.5714285714286,1343.7142857142858,125.57142857142856,106.0,1078.8387096774193,514.2258064516129,134.0,105.99999999999994,925.5714285714286,477.14285714285717,133.0000000000001,32.0,340.0,729.0,34.0
203,113.0,205.76470588235293,736.0,188.23529411764707,85.09090909090901,480.90909090909093,968.2727272727273,156.99999999999994,94.74285714285713,2475.542857142857,661.0285714285715,144.3142857142857,93.0,1593.0,1339.0,123.0,119.0,1091.0,1241.4,121.20000000000005,100.0,1524.3125,728.875,141.0625,102.0,1252.8837209302326,777.3488372093024,145.93023255813955,110.82142857142867,967.1428571428571,1338.1785714285713,125.39285714285711,106.0,1087.9032258064517,512.9354838709678,134.0,105.99999999999994,930.8571428571429,476.7142857142857,133.0,32.0,332.0,732.0,34.0
204,113.0,208.11764705882354,736.0,185.88235294117646,86.27272727272714,481.72727272727275,970.8181818181819,157.0,94.82857142857142,2480.0285714285715,659.6857142857143,144.54285714285697,91.75,1599.5,1342.5,131.0,118.0,1094.5,1246.3,122.40000000000009,100.0,1531.75,729.5,140.75,102.0,1259.3255813953488,778.0232558139535,145.39534883720944,111.35714285714289,968.7142857142857,1332.642857142857,125.21428571428567,106.0,1096.967741935484,511.64516129032256,134.0,106.00000000000006,936.1428571428571,476.2857142857143,133.0,32.0,325.6666666666667,734.3333333333334,34.0
205,113.0,210.47058823529412,736.0,183.52941176470588,87.45454545454538,482.54545454545456,973.3636363636364,156.99999999999994,94.91428571428571,2484.5142857142855,658.3428571428572,144.77142857142871,90.5,1606.0,1346.0,139.0,117.0,1098.0,1251.2,123.59999999999991,100.0,1539.1875,730.125,140.4375,102.0,1265.7674418604652,778.6976744186046,144.8604651162791,111.89285714285711,970.2857142857143,1327.107142857143,125.03571428571433,106.0,1106.032258064516,510.35483870967744,134.0,106.00000000000006,941.4285714285714,475.85714285714283,132.9999999999999,32.0,319.3333333333333,736.6666666666666,34.0
206,113.0,212.8235294117647,736.0,181.1764705882353,88.63636363636363,483.3636363636364,975.9090909090909,157.0,95.0,2489.0,657.0,145.0,89.25,1612.5,1349.5,147.0,116.0,1101.5,1256.1,124.79999999999995,100.0,1546.625,730.75,140.125,102.0,1272.2093023255813,779.3720930232558,144.325581395349,112.42857142857133,971.8571428571429,1321.5714285714287,124.85714285714289,106.00000000000006,1115.0967741935483,509.06451612903226,134.0,106.0,946.7142857142857,475.42857142857144,133.0000000000001,32.0,313.0,739.0,34.0
207,113.0,215.1764705882353,736.0,178.8235294117647,89.81818181818176,484.1818181818182,978.4545454545455,156.99999999999994,95.0625,2494.125,657.1875,145.25,88.0,1619.0,1353.0,155.0,115.0,1105.0,1261.0,126.0,100.0,1554.0625,731.375,139.8125,102.0,1278.6511627906978,780.046511627907,143.79069767441842,112.96428571428578,973.4285714285714,1316.0357142857142,124.67857142857144,106.0,1124.1612903225807,507.7741935483871,134.0,106.0,952.0,475.0,133.0,32.0,310.0,741.3333333333334,34.0
208,113.0,217.52941176470588,736.0,176.47058823529412,91.0,485.0,981.0,157.0,95.125,2499.25,657.375,145.5,92.0,1637.0,1357.0,151.66666666666674,114.0625,1110.0,1263.875,127.25,100.0,1561.5,732.0,139.5,102.0,1285.093023255814,780.7209302325581,143.2558139534883,113.5,975.0,1310.5,124.5,106.0,1133.225806451613,506.48387096774195,134.0,106.0,957.7619047619048,474.57142857142856,133.0,32.0,307.0,743.6666666666666,34.0
209,113.0,219.88235294117646,736.0,174.11764705882354,90.99999999999989,485.0769230769231,983.6153846153846,157.0,95.1875,2504.375,657.5625,145.75,96.0,1655.0,1361.0,148.33333333333326,113.125,1115.0,1266.75,128.5,100.0,1568.9375,732.625,139.1875,102.0,1291.5348837209303,781.3953488372093,142.72093023255798,114.03571428571422,976.5714285714286,1304.9642857142858,124.32142857142856,106.00000000000006,1142.2903225806451,505.19354838709677,134.0,105.99999999999994,963.5238095238095,474.14285714285717,133.0000000000001,32.0,304.0,746.0,34.0
210,113.0,222.23529411764707,736.0,171.76470588235293,91.0,485.15384615384613,986.2307692307693,157.00000000000006,95.25,2509.5,657.75,146.0,100.0,1673.0,1365.0,145.0,112.1875,1120.0,1269.625,129.75,100.0,1576.375,733.25,138.875,102.0,1297.9767441860465,782.0697674418604,142.18604651162786,114.57142857142867,978.1428571428571,1299.4285714285713,124.14285714285711,106.0,1151.3548387096773,503.9032258064516,134.0,105.99999999999994,969.2857142857143,473.7142857142857,132.9999999999999,32.0,301.3333333333333,742.6666666666666,34.0
211,113.0,224.58823529411765,736.0,169.41176470588235,91.0,485.2307692307692,988.8461538461538,157.00000000000006,95.3125,2514.625,657.9375,146.25,104.33333333333326,1701.0,1370.0,142.0,111.25,1125.0,1272.5,131.0,100.0,1583.8125,733.875,138.5625,102.0,1304.4186046511627,782.7441860465116,141.65116279069775,115.10714285714289,979.7142857142857,1293.892857142857,123.96428571428567,106.0,1160.4193548387098,502.61290322580646,134.0,106.00000000000006,975.047619047619,473.2857142857143,133.0,32.0,298.6666666666667,739.3333333333334,34.0
212,113.0,226.94117647058823,736.0,167.05882352941177,91.00000000000011,485.3076923076923,991.4615384615385,156.99999999999994,95.375,2519.75,658.125,146.5,108.66666666666674,1729.0,1375.0,139.0,110.3125,1130.0,1275.375,132.25,100.0,1591.25,734.5,138.25,102.0,1310.860465116279,783.4186046511628,141.11627906976742,115.64285714285711,981.2857142857143,1288.357142857143,123.78571428571433,106.00000000000006,1169.483870967742,501.3225806451613,134.0,106.00000000000006,980.8095238095239,472.85714285714283,133.0,32.0,296.0,736.0,34.0
213,113.0,229.29411764705884,736.0,164.70588235294116,91.0,485.38461538461536,994.0769230769231,157.0,95.4375,2524.875,658.3125,146.75,113.0,1757.0,1380.0,136.0,109.375,1135.0,1278.25,133.5,100.0,1598.6875,735.125,137.9375,102.0,1317.3023255813953,784.0930232558139,140.5813953488373,116.17857142857133,982.8571428571429,1282.8214285714287,123.60714285714289,106.0,1178.5483870967741,500.0322580645161,134.0,106.0,986.5714285714286,472.42857142857144,133.0000000000001,32.0,293.0,733.0,34.0
214,113.0,231.64705882352942,736.0,162.35294117647058,90.99999999999989,485.46153846153845,996.6923076923077,157.0,95.5,2530.0,658.5,147.0,109.0,1758.0,1378.0,136.0,108.4375,1140.0,1281.125,134.75,100.0,1606.125,735.75,137.625,102.0,1323.7441860465117,784.7674418604652,140.04651162790697,116.71428571428578,984.4285714285714,1277.2857142857142,123.42857142857144,106.0,1187.6129032258063,498.741935483871,134.0,106.0,992.3333333333334,472.0,132.9999999999999,32.0,291.5,733.5,34.0
215,113.0,234.0,736.0,160.0,91.00000000000011,485.53846153846155,999.3076923076923,157.0,95.5625,2535.125,658.6875,147.25,106.5,1772.5,1380.0,143.0,107.5,1145.0,1284.0,136.0,100.0,1613.5625,736.375,137.3125,102.0,1330.1860465116279,785.4418604651163,139.51162790697686,117.25,986.0,1271.75,123.25,106.00000000000006,1196.6774193548388,497.4516129032258,134.0,106.0,998.0952380952381,471.57142857142856,133.0,32.0,290.0,734.0,34.0
216,113.0,235.88888888888889,734.7777777777778,158.66666666666666,91.0,485.61538461538464,1001.9230769230769,157.0,95.625,2540.25,658.875,147.5,104.0,1787.0,1382.0,150.0,106.5625,1150.0,1286.875,137.25,100.0,1621.0,737.0,137.0,102.0,1336.6279069767443,786.1162790697674,138.97674418604652,117.78571428571422,987.5714285714286,1266.2142857142858,123.07142857142856,105.99999999999994,1205.741935483871,496.16129032258067,134.0,105.99999999999994,1003.8571428571429,471.14285714285717,133.0,32.0,295.0,738.0,34.0
217,113.0,237.77777777777777,733.5555555555555,157.33333333333331,90.99999999999989,485.6923076923077,1004.5384615384615,157.00000000000006,95.6875,2545.375,659.0625,147.75,102.0,1811.0,1383.6666666666667,147.66666666666674,105.625,1155.0,1289.75,138.5,98.0,1629.4,737.2,132.0,102.0,1343.0697674418604,786.7906976744187,138.44186046511618,118.32142857142867,989.1428571428571,1260.6785714285713,122.89285714285711,106.0,1214.8064516129032,494.8709677419355,134.0,105.99999999999994,1009.6190476190476,470.7142857142857,133.0000000000001,32.0,305.0,742.0,34.0
218,113.0,239.66666666666666,732.3333333333334,156.00000000000003,91.0,485.7692307692308,1007.1538461538462,156.99999999999994,95.75,2550.5,659.25,148.0,100.0,1835.0,1385.3333333333333,145.33333333333326,104.6875,1160.0,1292.625,139.75,96.0,1637.8,737.4,127.0,102.0,1349.5116279069766,787.4651162790698,137.90697674418607,118.85714285714289,990.7142857142857,1255.142857142857,122.71428571428567,106.00000000000006,1223.8709677419356,493.5806451612903,134.0,106.00000000000006,1015.3809523809524,470.2857142857143,132.9999999999999,32.0,318.0,748.0,34.0
219,113.0,241.55555555555554,731.1111111111111,154.66666666666669,91.0,485.84615384615387,1009.7692307692307,156.99999999999994,95.8125,2555.625,659.4375,148.25,98.0,1859.0,1387.0,143.0,103.75,1165.0,1295.5,141.0,94.0,1646.2,737.6,122.0,102.0,1355.953488372093,788.1395348837209,137.37209302325573,119.39285714285711,992.2857142857143,1249.607142857143,122.53571428571433,105.99999999999994,1232.9354838709678,492.2903225806452,134.0,106.00000000000006,1021.1428571428571,469.85714285714283,133.0,32.0,340.0,761.0,34.0
220,113.0,243.44444444444446,729.8888888888889,153.33333333333331,91.00000000000011,485.9230769230769,1012.3846153846154,157.0,95.875,2560.75,659.625,148.5,96.0,1883.0,1388.6666666666667,140.66666666666674,102.8125,1170.0,1298.375,142.25,92.0,1654.6,737.8,117.0,102.0,1362.3953488372092,788.8139534883721,136.83720930232562,119.92857142857156,993.8571428571429,1244.0714285714284,122.35714285714289,106.0,1242.0,491.0,134.0,106.0,1026.904761904762,469.42857142857144,133.0,32.0,368.0,783.3333333333334,34.0
221,113.0,245.33333333333334,728.6666666666666,151.99999999999997,91.0,486.0,1015.0,157.0,95.9375,2565.875,659.8125,148.75,94.0,1907.0,1390.3333333333333,138.33333333333326,101.875,1175.0,1301.25,143.5,90.0,1663.0,738.0,112.0,102.0,1368.8372093023256,789.4883720930233,136.30232558139528,120.46428571428578,995.4285714285714,1238.5357142857142,122.17857142857144,106.0,1252.9,491.23333333333335,134.0,106.0,1032.6666666666667,469.0,133.0,32.0,396.0,805.6666666666666,34.0
222,113.0,247.22222222222223,727.4444444444445,150.66666666666669,91.72727272727263,486.6363636363636,1015.6363636363636,158.0,96.0,2571.0,660.0,149.0,92.0,1931.0,1392.0,136.0,100.9375,1180.0,1304.125,144.75,90.33333333333337,1669.3333333333333,739.2222222222222,113.44444444444457,102.0,1375.2790697674418,790.1627906976744,135.76744186046517,121.0,997.0,1233.0,122.0,106.00000000000006,1263.8,491.46666666666664,134.0,106.0,1038.4285714285713,468.57142857142856,133.0,32.0,424.0,828.0,34.0
223,113.0,249.11111111111111,726.2222222222222,149.33333333333334,92.4545454545455,487.27272727272725,1016.2727272727273,159.0,98.61904761904759,2576.4761904761904,659.2857142857143,149.71428571428578,90.0,1940.0,1394.0,142.0,100.0,1185.0,1307.0,146.0,90.66666666666663,1675.6666666666667,740.4444444444445,114.88888888888891,102.0,1381.7209302325582,790.8372093023256,135.23255813953483,121.0,999.0,1229.0,123.23076923076928,106.00000000000006,1274.7,491.7,134.0,105.99999999999994,1044.1904761904761,468.14285714285717,133.0,32.0,451.75,851.0,34.0
224,113.0,251.0,725.0,148.0,93.18181818181813,487.90909090909093,1016.9090909090909,159.99999999999994,101.2380952380953,2581.9523809523807,658.5714285714286,150.42857142857156,88.0,1949.0,1396.0,148.0,101.0434782608695,1190.4347826086957,1304.5217391304348,144.91304347826076,91.0,1682.0,741.6666666666666,116.33333333333326,102.0,1388.1627906976744,791.5116279069767,134.69767441860472,121.0,1001.0,1225.0,124.46153846153857,105.99999999999994,1285.6,491.93333333333334,134.0,105.99999999999994,1049.952380952381,467.7142857142857,133.0,32.0,479.5,874.0,34.0
225,113.0,253.0,724.0,160.0,93.90909090909099,488.54545454545456,1017.5454545454545,160.99999999999994,103.85714285714278,2587.4285714285716,657.8571428571429,151.14285714285688,86.0,1968.0,1398.0,144.0,102.08695652173924,1195.8695652173913,1302.0434782608695,143.82608695652175,91.33333333333326,1688.3333333333333,742.8888888888889,117.77777777777783,102.0,1394.6046511627908,792.1860465116279,134.16279069767438,121.0,1003.0,1221.0,125.69230769230762,105.99999999999994,1296.5,492.1666666666667,134.0,106.00000000000006,1055.7142857142858,467.2857142857143,133.0,32.0,507.25,897.0,34.0
226,113.0,258.6666666666667,722.5,163.66666666666663,94.63636363636363,489.1818181818182,1018.1818181818181,161.99999999999994,106.47619047619048,2592.904761904762,657.1428571428571,151.85714285714266,84.0,1987.0,1400.0,140.0,103.13043478260875,1201.304347826087,1299.5652173913043,142.7391304347825,91.66666666666674,1694.6666666666667,744.1111111111111,119.22222222222217,102.0,1401.046511627907,792.8604651162791,133.62790697674427,121.0,1005.0,1217.0,126.9230769230769,106.0,1307.4,492.4,134.0,106.00000000000006,1061.4761904761904,466.85714285714283,133.0,32.0,535.0,920.0,34.0
227,113.0,264.3333333333333,721.0,167.33333333333337,95.36363636363637,489.8181818181818,1018.8181818181819,163.00000000000006,109.09523809523807,2598.3809523809523,656.4285714285714,152.57142857142844,82.0,2006.0,1402.0,136.0,104.17391304347825,1206.7391304347825,1297.0869565217392,141.6521739130435,92.0,1701.0,745.3333333333334,120.66666666666674,102.0,1407.4883720930234,793.5348837209302,133.09302325581393,121.0,1007.0,1213.0,128.1538461538462,106.0,1318.3,492.6333333333333,134.0,106.0,1067.2380952380952,466.42857142857144,133.0,32.0,548.0,935.0,34.0
228,113.0,270.0,719.5,171.0,96.09090909090901,490.45454545454544,1019.4545454545455,164.00000000000006,111.71428571428578,2603.8571428571427,655.7142857142857,153.28571428571468,82.0,2026.25,1404.0,137.25,105.21739130434776,1212.1739130434783,1294.608695652174,140.56521739130426,92.33333333333337,1707.3333333333333,746.5555555555555,122.11111111111109,102.0,1413.9302325581396,794.2093023255813,132.55813953488382,121.0,1009.0,1209.0,129.38461538461547,106.0,1329.2,492.8666666666667,134.0,106.0,1073.0,466.0,133.0,32.0,544.0,945.0,34.0
229,113.0,275.6666666666667,718.0,174.66666666666663,96.81818181818187,491.09090909090907,1020.0909090909091,165.00000000000006,114.33333333333337,2609.3333333333335,655.0,154.0,82.0,2046.5,1406.0,138.5,106.26086956521726,1217.608695652174,1292.1304347826087,139.47826086956525,92.66666666666663,1713.6666666666667,747.7777777777778,123.55555555555543,102.0,1420.3720930232557,794.8837209302326,132.0232558139537,121.0,1011.0,1205.0,130.61538461538453,106.0,1340.1,493.1,134.0,106.0,1078.5454545454545,465.3636363636364,133.0,32.0,540.0,955.0,34.0
230,113.0,281.3333333333333,716.5,178.33333333333337,97.5454545454545,491.72727272727275,1020.7272727272727,166.0,116.95238095238085,2614.809523809524,654.2857142857143,154.71428571428578,82.0,2066.75,1408.0,139.75,107.304347826087,1223.0434782608695,1289.6521739130435,138.39130434782624,93.0,1720.0,749.0,125.0,102.0,1426.8139534883721,795.5581395348837,131.48837209302314,121.0,1013.0,1201.0,131.8461538461538,106.00000000000006,1351.0,493.3333333333333,134.0,106.0,1084.090909090909,464.72727272727275,133.0,32.0,540.0,968.0,34.0
231,113.0,287.0,715.0,182.0,98.27272727272737,492.3636363636364,1021.3636363636364,167.0,119.57142857142856,2620.285714285714,653.5714285714286,155.42857142857156,82.0,2087.0,1410.0,141.0,108.3478260869565,1228.4782608695652,1287.1739130434783,137.304347826087,93.27999999999997,1726.28,750.24,124.92000000000007,102.0,1433.2558139534883,796.2325581395348,130.95348837209303,121.0,1015.0,1197.0,133.0769230769231,106.00000000000006,1361.9,493.56666666666666,134.0,106.00000000000006,1089.6363636363637,464.09090909090907,133.0,32.0,540.0,980.5,34.0
232,113.0,292.6666666666667,713.5,178.33333333333331,99.0,493.0,1022.0,168.0,122.19047619047615,2625.7619047619046,652.8571428571429,156.14285714285734,91.5,2106.0,1409.5,142.0,109.39130434782624,1233.913043478261,1284.695652173913,136.21739130434776,93.55999999999995,1732.56,751.48,124.84000000000015,102.0,1439.6976744186047,796.9069767441861,130.4186046511627,121.0,1017.0,1193.0,134.30769230769238,105.99999999999994,1372.8,493.8,134.0,106.00000000000006,1095.1818181818182,463.45454545454544,133.0,32.0,540.0,993.0,34.0
233,113.0,298.3333333333333,712.0,174.66666666666669,99.0,496.57142857142856,1024.7142857142858,168.0,124.80952380952385,2631.2380952380954,652.1428571428571,156.85714285714266,101.0,2125.0,1409.0,143.0,110.43478260869574,1239.3478260869565,1282.2173913043478,135.13043478260875,93.83999999999992,1738.84,752.72,124.75999999999999,102.0,1446.139534883721,797.5813953488372,129.88372093023258,121.0,1019.0,1189.0,135.53846153846143,105.99999999999994,1383.7,494.03333333333336,134.0,106.00000000000006,1100.7272727272727,462.8181818181818,133.0,32.000000000000114,542.3333333333334,1005.6666666666666,34.0
234,113.0,304.0,710.5,171.0,99.0,500.14285714285717,1027.4285714285713,167.99999999999994,127.42857142857144,2636.714285714286,651.4285714285714,157.57142857142844,99.80000000000018,2147.0,1408.6,144.5999999999999,111.47826086956525,1244.7826086956522,1279.7391304347825,134.0434782608695,94.12,1745.12,753.96,124.68000000000006,102.0,1452.5813953488373,798.2558139534884,129.34883720930225,121.0,1021.0,1185.0,136.76923076923072,106.0,1394.6,494.26666666666665,134.0,105.99999999999994,1106.2727272727273,462.1818181818182,133.0,31.999999999999886,544.6666666666666,1018.3333333333334,34.0
235,113.0,309.6666666666667,709.0,167.33333333333331,99.0,503.7142857142857,1030.142857142857,167.99999999999994,130.04761904761915,2642.190476190476,650.7142857142857,158.28571428571422,98.59999999999991,2169.0,1408.2,146.19999999999982,112.52173913043475,1250.2173913043478,1277.2608695652175,132.9565217391305,94.39999999999998,1751.4,755.2,124.59999999999991,102.0,1459.0232558139535,798.9302325581396,128.81395348837214,121.0,1023.0,1181.0,138.0,106.0,1405.5,494.5,134.0,105.99999999999994,1111.8181818181818,461.54545454545456,133.0,32.0,547.0,1031.0,34.0
236,113.0,315.3333333333333,707.5,163.66666666666669,99.0,507.2857142857143,1032.857142857143,168.00000000000006,132.66666666666663,2647.6666666666665,650.0,159.0,97.40000000000009,2191.0,1407.8,147.80000000000018,113.56521739130426,1255.6521739130435,1274.7826086956522,131.86956521739125,94.67999999999995,1757.68,756.44,124.51999999999998,102.0,1465.4651162790697,799.6046511627907,128.27906976744202,121.0,1026.388888888889,1176.7222222222222,137.22222222222217,106.0,1416.4,494.73333333333335,134.0,105.99999999999994,1117.3636363636363,460.90909090909093,133.0,32.0,551.3333333333334,1035.3333333333333,34.0
237,113.0,321.0,706.0,160.0,99.0,510.85714285714283,1035.5714285714287,168.00000000000006,135.28571428571422,2653.1428571428573,649.2857142857143,159.71428571428532,96.19999999999982,2213.0,1407.4,149.4000000000001,114.60869565217376,1261.0869565217392,1272.304347826087,130.78260869565202,94.96000000000004,1763.96,757.68,124.44000000000005,102.0,1471.906976744186,800.2790697674419,127.74418604651169,121.0,1029.7777777777778,1172.4444444444443,136.44444444444434,106.00000000000006,1427.3,494.96666666666664,134.0,106.0,1122.909090909091,460.27272727272725,133.0,32.0,555.6666666666666,1039.6666666666667,34.0
238,112.71428571428567,326.85714285714283,705.0,159.8571428571429,99.0,514.4285714285714,1038.2857142857142,168.0,137.90476190476193,2658.6190476190477,648.5714285714286,160.42857142857156,95.0,2235.0,1407.0,151.0,115.6521739130435,1266.5217391304348,1269.8260869565217,129.695652173913,95.24000000000001,1770.24,758.92,124.3599999999999,102.0,1478.3488372093022,800.953488372093,127.20930232558135,121.0,1033.1666666666667,1168.1666666666667,135.66666666666652,106.00000000000006,1438.2,495.2,134.0,106.0,1128.4545454545455,459.6363636363636,133.0,32.0,560.0,1044.0,34.0
239,112.42857142857144,332.7142857142857,704.0,159.71428571428572,99.0,518.0,1041.0,168.0,140.52380952380952,2664.095238095238,647.8571428571429,161.14285714285734,93.91666666666674,2252.4166666666665,1406.5833333333333,152.33333333333348,116.695652173913,1271.9565217391305,1267.3478260869565,128.60869565217376,95.51999999999998,1776.52,760.16,124.27999999999997,102.0,1484.7906976744187,801.6279069767442,126.67441860465101,121.0,1036.5555555555557,1163.888888888889,134.8888888888887,105.99999999999994,1449.1,495.43333333333334,134.0,106.0,1134.0,459.0,133.0,32.0,567.0,1049.0,34.0
240,112.14285714285711,338.57142857142856,703.0,159.5714285714286,98.22222222222217,521.7777777777778,1043.7777777777778,165.22222222222217,143.14285714285722,2669.5714285714284,647.1428571428571,161.85714285714312,92.83333333333326,2269.8333333333335,1406.1666666666667,153.66666666666652,117.73913043478274,1277.391304347826,1264.8695652173913,127.52173913043475,95.80000000000007,1782.8,761.4,124.20000000000005,102.0,1491.2325581395348,802.3023255813954,126.1395348837209,121.0,1039.9444444444443,1159.611111111111,134.1111111111113,105.99999999999994,1460.0,495.6666666666667,134.0,106.0,1140.157894736842,459.2105263157895,133.0,32.0,574.0,1054.0,34.0
241,111.85714285714289,344.42857142857144,702.0,159.4285714285714,97.44444444444434,525.5555555555555,1046.5555555555557,162.44444444444446,145.7619047619047,2675.0476190476193,646.4285714285714,162.57142857142844,91.75,2287.25,1405.75,155.0,118.78260869565224,1282.8260869565217,1262.391304347826,126.43478260869574,96.08000000000004,1789.08,762.64,124.12000000000012,102.0,1497.6744186046512,802.9767441860465,125.60465116279056,121.0,1043.3333333333333,1155.3333333333333,133.33333333333348,106.0,1470.9,495.9,134.0,106.0,1146.3157894736842,459.42105263157896,133.0,32.0,581.0,1059.0,34.0
242,111.57142857142856,350.2857142857143,701.0,159.28571428571428,96.66666666666674,529.3333333333334,1049.3333333333333,159.66666666666663,148.3809523809524,2680.5238095238096,645.7142857142857,163.28571428571422,90.66666666666674,2304.6666666666665,1405.3333333333333,156.33333333333348,119.82608695652175,1288.2608695652175,1259.9130434782608,125.3478260869565,96.36000000000001,1795.36,763.88,124.04000000000019,102.0,1504.1162790697674,803.6511627906976,125.06976744186045,121.0,1046.7222222222222,1151.0555555555557,132.55555555555566,106.0,1481.8,496.1333333333333,134.0,106.0,1152.4736842105262,459.63157894736844,133.0,32.0,587.0,1063.0,34.0
243,111.28571428571433,356.1428571428571,700.0,159.14285714285722,95.88888888888891,533.1111111111111,1052.111111111111,156.8888888888889,151.0,2686.0,645.0,164.0,89.58333333333326,2322.0833333333335,1404.9166666666667,157.66666666666652,120.86956521739125,1293.695652173913,1257.4347826086957,124.26086956521749,96.63999999999999,1801.64,765.12,123.95999999999981,102.0,1510.5581395348836,804.3255813953489,124.53488372093034,121.0,1050.111111111111,1146.7777777777778,131.77777777777783,106.0,1492.7,496.3666666666667,134.0,106.0,1158.6315789473683,459.8421052631579,133.0,32.0,593.0,1067.0,34.0
244,111.0,362.0,699.0,159.0,95.11111111111109,536.8888888888889,1054.888888888889,154.1111111111111,145.875,2698.125,648.75,165.5,88.5,2339.5,1404.5,159.0,121.91304347826076,1299.1304347826087,1254.9565217391305,123.17391304347825,96.91999999999996,1807.92,766.36,123.87999999999988,102.0,1517.0,805.0,124.0,121.0,1053.5,1142.5,131.0,106.0,1503.6,496.6,134.0,106.00000000000006,1164.7894736842106,460.05263157894734,133.0,32.0,599.0,1071.0,34.0
245,110.58823529411757,369.94117647058823,698.7058823529412,158.76470588235298,94.33333333333326,540.6666666666666,1057.6666666666667,151.33333333333337,140.75,2710.25,652.5,167.0,87.41666666666674,2356.9166666666665,1404.0833333333333,160.33333333333348,122.9565217391305,1304.5652173913043,1252.4782608695652,122.08695652173924,97.19999999999993,1814.2,767.6,123.79999999999995,102.0,1524.3529411764705,806.0,122.94117647058829,121.0,1056.888888888889,1138.2222222222222,130.22222222222217,106.00000000000006,1514.5,496.8333333333333,134.0,106.00000000000006,1170.9473684210527,460.2631578947368,133.0,32.0,605.6666666666666,1078.0,34.0
246,110.17647058823536,377.88235294117646,698.4117647058823,158.52941176470586,93.55555555555566,544.4444444444445,1060.4444444444443,148.55555555555554,135.625,2722.375,656.25,168.5,86.33333333333326,2374.3333333333335,1403.6666666666667,161.66666666666652,124.0,1310.0,1250.0,121.0,97.48000000000002,1820.48,768.84,123.72000000000003,102.0,1531.7058823529412,807.0,121.88235294117635,121.0,1060.2777777777778,1133.9444444444443,129.44444444444434,106.00000000000006,1525.4,497.06666666666666,134.0,106.00000000000006,1177.1052631578948,460.4736842105263,133.0,32.0,612.3333333333334,1085.0,34.0
247,109.76470588235293,385.8235294117647,698.1176470588235,158.29411764705884,92.77777777777783,548.2222222222222,1063.2222222222222,145.77777777777783,130.5,2734.5,660.0,170.0,85.25,2391.75,1403.25,163.0,118.0,1315.5,1256.0,127.25,97.75999999999999,1826.76,770.08,123.6400000000001,102.0,1539.0588235294117,808.0,120.82352941176487,121.0,1063.6666666666667,1129.6666666666667,128.66666666666652,105.99999999999994,1536.3,497.3,134.0,106.00000000000006,1183.2631578947369,460.6842105263158,133.0,32.0,619.0,1092.0,34.0
248,109.3529411764705,393.7647058823529,697.8235294117648,158.05882352941182,92.0,552.0,1066.0,143.0,125.375,2746.625,663.75,171.5,84.16666666666674,2409.1666666666665,1402.8333333333333,164.33333333333348,112.0,1321.0,1262.0,133.5,98.03999999999996,1833.04,771.32,123.55999999999995,102.0,1546.4117647058824,809.0,119.76470588235293,121.0,1067.0555555555557,1125.388888888889,127.88888888888869,105.99999999999994,1547.2,497.53333333333336,134.0,106.00000000000006,1189.421052631579,460.89473684210526,133.0,32.0,630.6666666666666,1097.0,34.0
249,108.94117647058829,401.70588235294116,697.5294117647059,157.8235294117647,91.19999999999982,558.0,1067.4,146.39999999999998,120.25,2758.75,667.5,173.0,83.08333333333326,2426.5833333333335,1402.4166666666667,165.66666666666652,106.0,1326.5,1268.0,139.75,98.32000000000005,1839.32,772.56,123.48000000000002,102.0,1553.764705882353,810.0,118.70588235294122,121.0,1070.4444444444443,1121.111111111111,127.11111111111131,106.0,1558.1,497.76666666666665,134.0,105.99999999999994,1195.578947368421,461.10526315789474,133.0,32.0,642.3333333333334,1102.0,34.0
250,108.52941176470586,409.6470588235294,697.2352941176471,157.58823529411768,90.40000000000009,564.0,1068.8,149.79999999999995,115.125,2770.875,671.25,174.5,82.0,2444.0,1402.0,167.0,100.0,1332.0,1274.0,146.0,98.60000000000002,1845.6,773.8,123.40000000000009,102.0,1561.1176470588234,811.0,117.6470588235295,121.0,1073.8333333333333,1116.8333333333333,126.33333333333348,106.0,1569.0,498.0,134.0,105.99999999999994,1201.7368421052631,461.3157894736842,133.0,32.0,654.0,1107.0,34.0
251,108.11764705882342,417.5882352941176,696.9411764705883,157.35294117647067,89.59999999999991,570.0,1070.2,153.20000000000005,110.0,2783.0,675.0,176.0,82.0,2461.0,1401.5,165.5,99.66666666666674,1338.0,1276.0,142.66666666666674,98.88,1851.88,775.04,123.31999999999994,102.0,1568.4705882352941,812.0,116.58823529411757,121.0,1077.2222222222222,1112.5555555555557,125.55555555555566,106.0,1582.5,500.125,134.0,105.99999999999994,1207.8947368421052,461.5263157894737,133.0,32.0,671.0,1113.3333333333333,34.0
252,107.70588235294122,425.52941176470586,696.6470588235294,157.11764705882354,88.80000000000018,576.0,1071.6,156.60000000000002,111.75,2789.9166666666665,678.0833333333334,175.25,82.0,2478.0,1401.0,164.0,99.33333333333326,1344.0,1278.0,139.33333333333326,99.16000000000008,1858.16,776.28,123.24000000000001,102.0,1575.8235294117646,813.0,115.52941176470586,121.0,1080.611111111111,1108.2777777777778,124.77777777777783,106.0,1596.0,502.25,134.0,105.99999999999994,1214.0526315789473,461.7368421052632,133.0,32.0,688.0,1119.6666666666667,34.0
253,107.29411764705878,433.47058823529414,696.3529411764706,156.88235294117646,88.0,582.0,1073.0,160.0,113.5,2796.8333333333335,681.1666666666666,174.5,82.0,2495.0,1400.5,162.5,99.0,1350.0,1280.0,136.0,99.44000000000005,1864.44,777.52,123.15999999999985,102.0,1583.1764705882354,814.0,114.47058823529414,121.0,1084.0,1104.0,124.0,106.0,1609.5,504.375,134.0,105.99999999999994,1220.2105263157894,461.94736842105266,133.0,32.0,705.0,1126.0,34.0
254,106.88235294117658,441.4117647058824,696.0588235294117,156.64705882352933,94.0,589.25,1074.5,155.75,115.25,2803.75,684.25,173.75,82.0,2512.0,1400.0,161.0,98.66666666666674,1356.0,1282.0,132.66666666666674,99.72000000000003,1870.72,778.76,123.07999999999993,102.0,1590.5294117647059,815.0,113.41176470588243,121.0,1091.3333333333333,1101.3333333333333,123.33333333333348,106.0,1623.0,506.5,134.0,106.0,1226.3684210526317,462.1578947368421,133.0,32.0,723.0,1133.0,34.0
255,106.47058823529414,449.3529411764706,695.7647058823529,156.41176470588232,100.0,596.5,1076.0,151.5,117.0,2810.6666666666665,687.3333333333334,173.0,82.0,2533.1666666666665,1397.1666666666667,161.0,98.33333333333326,1362.0,1284.0,129.33333333333326,100.0,1877.0,780.0,123.0,102.0,1597.8823529411766,816.0,112.3529411764705,121.0,1098.6666666666667,1098.6666666666667,122.66666666666652,106.0,1636.5,508.625,134.0,106.0,1232.5263157894738,462.36842105263156,133.0,32.0,720.0,1140.0,34.0
256,106.05882352941171,457.29411764705884,695.4705882352941,156.1764705882353,106.0,603.75,1077.5,147.25,118.75,2817.5833333333335,690.4166666666666,172.25,82.0,2554.3333333333335,1394.3333333333333,161.0,98.0,1368.0,1286.0,126.0,99.5,1882.0,782.0,122.5,102.0,1605.235294117647,817.0,111.29411764705878,121.0,1106.0,1096.0,122.0,106.0,1650.0,510.75,134.0,106.0,1238.6842105263158,462.57894736842104,133.0,32.0,714.0,1145.0,34.0
257,105.6470588235295,465.2352941176471,695.1764705882352,155.94117647058818,112.0,611.0,1079.0,143.0,120.5,2824.5,693.5,171.5,82.0,2575.5,1391.5,161.0,97.72222222222217,1376.5,1289.7777777777778,125.77777777777783,99.0,1887.0,784.0,122.0,102.0,1612.5882352941176,818.0,110.23529411764707,121.0,1110.0,1092.7,122.0,106.0,1663.5,512.875,134.0,106.0,1244.842105263158,462.7894736842105,133.0,32.0,705.0,1152.0,34.0
258,105.23529411764707,473.1764705882353,694.8823529411765,155.70588235294116,114.5,616.25,1081.25,139.75,122.25,2831.4166666666665,696.5833333333334,170.75,82.0,2596.6666666666665,1388.6666666666667,161.0,97.44444444444434,1385.0,1293.5555555555557,125.55555555555566,98.66666666666663,1893.6666666666667,785.8888888888889,119.22222222222217,102.0,1619.9411764705883,819.0,109.17647058823513,121.0,1114.0,1089.4,122.0,106.0,1677.0,515.0,134.0,106.0,1251.0,463.0,133.0,32.0,696.0,1159.0,34.0
259,104.82352941176464,481.11764705882354,694.5882352941177,155.47058823529414,117.0,621.5,1083.5,136.5,124.0,2838.3333333333335,699.6666666666666,170.0,82.0,2617.8333333333335,1385.8333333333333,161.0,97.16666666666674,1393.5,1297.3333333333333,125.33333333333326,98.33333333333326,1900.3333333333333,787.7777777777778,116.44444444444457,102.0,1627.2941176470588,820.0,108.11764705882365,121.0,1118.0,1086.1,122.0,106.0,1690.5,517.125,134.0,105.99999999999994,1256.5483870967741,463.93548387096774,133.0,32.0,692.0,1163.5,34.0
260,104.41176470588243,489.05882352941177,694.2941176470588,155.23529411764702,119.5,626.75,1085.75,133.25,125.75,2845.25,702.75,169.25,82.0,2639.0,1383.0,161.0,96.88888888888891,1402.0,1301.111111111111,125.11111111111109,98.0,1907.0,789.6666666666666,113.66666666666674,102.0,1634.6470588235295,821.0,107.05882352941171,121.0,1122.0,1082.8,122.0,106.0,1704.0,519.25,134.0,106.0,1262.0967741935483,464.8709677419355,133.0,32.0,688.0,1168.0,34.0
261,104.0,497.0,694.0,155.0,122.0,632.0,1088.0,130.0,127.5,2852.1666666666665,705.8333333333334,168.5,82.0,2657.3333333333335,1381.6666666666667,161.0,96.61111111111109,1410.5,1304.888888888889,124.88888888888891,97.66666666666663,1913.6666666666667,791.5555555555555,110.88888888888891,102.0,1642.0,822.0,106.0,121.0,1126.0,1079.5,122.0,106.0,1717.5,521.375,134.0,105.99999999999994,1267.6451612903227,465.80645161290323,133.0,32.0,685.0,1168.5,34.0
262,103.66666666666663,506.46666666666664,694.3333333333334,154.8,117.0,637.3333333333334,1090.0,135.66666666666663,129.25,2859.0833333333335,708.9166666666666,167.75,82.0,2675.6666666666665,1380.3333333333333,161.0,96.33333333333326,1419.0,1308.6666666666667,124.66666666666674,97.33333333333337,1920.3333333333333,793.4444444444445,108.11111111111109,102.0,1649.3157894736842,823.1578947368421,106.42105263157896,121.0,1130.0,1076.2,122.0,106.0,1731.0,523.5,134.0,106.0,1273.1935483870968,466.741935483871,133.0,32.0,682.0,1169.0,34.0
263,103.33333333333337,515.9333333333333,694.6666666666666,154.60000000000002,112.0,642.6666666666666,1092.0,141.33333333333337,131.0,2866.0,712.0,167.0,82.0,2694.0,1379.0,161.0,96.05555555555566,1427.5,1312.4444444444443,124.44444444444434,97.0,1927.0,795.3333333333334,105.33333333333326,102.0,1656.6315789473683,824.3157894736842,106.84210526315792,121.0,1134.0,1072.9,122.0,106.0,1744.5,525.625,134.0,105.99999999999994,1278.741935483871,467.6774193548387,133.0,32.0,680.5,1169.0,34.0
264,103.0,525.4,695.0,154.39999999999998,107.0,648.0,1094.0,147.0,131.0,2874.777777777778,718.7777777777778,164.8888888888887,82.0,2712.3333333333335,1373.6666666666667,161.0,95.77777777777783,1436.0,1316.2222222222222,124.22222222222217,96.66666666666674,1933.6666666666667,797.2222222222222,102.55555555555543,102.0,1663.9473684210527,825.4736842105264,107.26315789473665,121.0,1138.0,1069.6,122.0,106.0,1758.0,527.75,134.0,106.0,1284.2903225806451,468.61290322580646,133.0,32.0,679.0,1169.0,34.0
265,102.66666666666663,534.8666666666667,695.3333333333334,154.19999999999993,105.0,657.75,1096.0,152.25,131.0,2883.5555555555557,725.5555555555555,162.77777777777783,82.0,2730.6666666666665,1368.3333333333333,161.0,95.5,1444.5,1320.0,124.0,96.33333333333337,1940.3333333333333,799.1111111111111,99.77777777777783,102.0,1671.2631578947369,826.6315789473684,107.68421052631584,121.0,1142.0,1066.3,122.0,106.0,1771.5,529.875,134.0,105.99999999999994,1289.8387096774193,469.5483870967742,133.0,32.0,682.5,1167.0,34.0
266,102.33333333333337,544.3333333333334,695.6666666666666,154.0,103.0,667.5,1098.0,157.5,131.0,2892.3333333333335,732.3333333333334,160.66666666666652,82.0,2749.0,1363.0,161.0,95.22222222222217,1453.0,1323.7777777777778,123.77777777777783,96.0,1947.0,801.0,97.0,102.0,1678.578947368421,827.7894736842105,108.1052631578948,121.0,1146.0,1063.0,122.0,106.0,1785.0,532.0,134.0,106.0,1295.3870967741937,470.48387096774195,133.0,32.0,686.0,1165.0,34.0
267,102.0,553.8,696.0,153.80000000000007,101.0,677.25,1100.0,162.75,131.0,2901.1111111111113,739.1111111111111,158.5555555555552,82.0,2764.25,1360.75,161.0,94.94444444444434,1461.5,1327.5555555555557,123.55555555555566,95.0,1958.0,805.5,97.25,102.0,1685.8947368421052,828.9473684210526,108.52631578947376,121.0,1158.0,1060.5,122.0,106.0,1800.0,534.8181818181819,134.0,105.99999999999994,1300.9354838709678,471.4193548387097,133.0,32.0,691.0,1161.0,34.0
268,101.66666666666663,563.2666666666667,696.3333333333334,153.60000000000002,99.0,687.0,1102.0,168.0,131.0,2909.8888888888887,745.8888888888889,156.4444444444448,82.0,2779.5,1358.5,161.0,94.66666666666674,1470.0,1331.3333333333333,123.33333333333326,94.0,1969.0,810.0,97.5,102.0,1693.2105263157894,830.1052631578947,108.94736842105272,121.0,1170.0,1058.0,122.0,106.0,1815.0,537.6363636363636,134.0,106.0,1306.483870967742,472.35483870967744,133.0,32.0,696.0,1157.0,34.0
269,101.33333333333337,572.7333333333333,696.6666666666666,153.39999999999998,93.5,693.0,1102.0,162.0,131.0,2918.6666666666665,752.6666666666666,154.33333333333348,82.0,2794.75,1356.25,161.0,94.38888888888891,1478.5,1335.111111111111,123.11111111111109,93.0,1980.0,814.5,97.75,102.0,1700.5263157894738,831.2631578947369,109.36842105263145,121.0,1175.3333333333333,1055.6666666666667,122.0,106.0,1830.0,540.4545454545455,134.0,105.99999999999994,1312.032258064516,473.2903225806452,133.0,32.0,703.5,1157.0,34.0
270,101.0,582.2,697.0,153.19999999999993,88.0,699.0,1102.0,156.0,131.0,2927.4444444444443,759.4444444444445,152.22222222222217,82.0,2810.0,1354.0,161.0,94.11111111111109,1487.0,1338.888888888889,122.88888888888891,92.0,1991.0,819.0,98.0,102.0,1707.842105263158,832.421052631579,109.7894736842104,121.0,1180.6666666666667,1053.3333333333333,122.0,106.0,1845.0,543.2727272727273,134.0,106.0,1317.5806451612902,474.2258064516129,133.0,32.0,711.0,1157.0,34.0
271,100.66666666666663,591.6666666666666,697.3333333333334,153.0,94.66666666666674,705.3333333333334,1102.3333333333333,150.66666666666663,131.0,2936.222222222222,766.2222222222222,150.1111111111113,86.20000000000005,2822.0,1346.0,148.4000000000001,93.83333333333326,1495.5,1342.6666666666667,122.66666666666674,91.39999999999998,1995.6,822.0,102.20000000000027,102.0,1715.157894736842,833.578947368421,110.2105263157896,121.0,1186.0,1051.0,122.0,106.0,1860.0,546.0909090909091,134.0,105.99999999999994,1323.1290322580644,475.16129032258067,133.0,32.0,722.0,1162.0,34.0
272,100.33333333333337,601.1333333333333,697.6666666666666,152.79999999999995,101.33333333333326,711.6666666666666,1102.6666666666667,145.33333333333337,131.0,2945.0,773.0,148.0,90.40000000000009,2834.0,1338.0,135.80000000000018,93.55555555555566,1504.0,1346.4444444444443,122.44444444444434,90.79999999999995,2000.2,825.0,106.39999999999986,102.0,1722.4736842105262,834.7368421052631,110.63157894736855,121.0,1189.5,1048.5,122.0,106.0,1875.0,548.9090909090909,134.0,106.0,1328.6774193548388,476.0967741935484,133.0,32.0,733.0,1167.0,34.0
273,100.0,610.6,698.0,152.60000000000002,108.0,718.0,1103.0,140.0,137.0,2947.0,783.0,148.0,94.59999999999991,2846.0,1330.0,123.19999999999982,93.27777777777783,1512.5,1350.2222222222222,122.22222222222217,90.20000000000005,2004.8,828.0,110.60000000000014,102.0,1729.7894736842104,835.8947368421053,111.05263157894751,121.0,1193.0,1046.0,122.0,106.0,1890.0,551.7272727272727,134.0,105.99999999999994,1334.225806451613,477.03225806451616,133.0,32.0,751.0,1183.0,34.0
274,99.66666666666663,620.0666666666667,698.3333333333334,152.39999999999998,119.5,724.5,1103.5,136.0,143.0,2949.0,793.0,148.0,98.79999999999995,2858.0,1322.0,110.59999999999991,93.0,1521.0,1354.0,122.0,89.60000000000002,2009.4,831.0,114.79999999999973,102.0,1737.1052631578948,837.0526315789474,111.47368421052624,121.0,1195.5,1042.5,122.0,106.0,1905.0,554.5454545454545,134.0,106.00000000000006,1339.774193548387,477.96774193548384,133.0,32.0,769.0,1199.0,34.0
275,99.33333333333337,629.5333333333333,698.6666666666666,152.20000000000005,131.0,731.0,1104.0,132.0,146.5,2951.5,802.5,148.0,103.0,2870.0,1314.0,98.0,92.75,1531.0,1356.75,121.75,89.0,2014.0,834.0,119.0,102.0,1744.421052631579,838.2105263157895,111.8947368421052,121.0,1198.0,1039.0,122.0,106.0,1920.0,557.3636363636364,134.0,106.0,1345.3225806451612,478.9032258064516,133.0,32.0,794.0,1214.0,34.0
276,99.0,639.0,699.0,152.0,125.5,737.0,1104.5,128.5,150.0,2954.0,812.0,148.0,101.57142857142867,2878.5714285714284,1312.2857142857142,100.42857142857156,92.5,1541.0,1359.5,121.5,94.39999999999998,2020.8,837.2,121.39999999999986,102.0,1751.7368421052631,839.3684210526316,112.31578947368416,118.16666666666674,1204.3333333333333,1041.0,119.83333333333348,106.0,1935.0,560.1818181818181,134.0,106.00000000000006,1350.8709677419356,479.83870967741933,133.0,32.0,822.0,1223.0,34.0
277,99.0,643.0,701.0,152.0,120.0,743.0,1105.0,125.0,146.83333333333337,2956.1666666666665,821.5,148.0,100.14285714285711,2887.1428571428573,1310.5714285714287,102.85714285714266,92.25,1551.0,1362.25,121.25,99.80000000000007,2027.6,840.4,123.80000000000018,102.0,1759.0526315789473,840.5263157894736,112.73684210526312,115.33333333333326,1210.6666666666667,1043.0,117.66666666666652,106.0,1950.0,563.0,134.0,106.0,1356.4193548387098,480.7741935483871,133.0,32.0,857.0,1215.3333333333333,34.0
278,99.0,647.0,703.0,152.0,115.79999999999995,749.2,1105.4,133.5999999999999,143.66666666666663,2958.3333333333335,831.0,148.0,98.71428571428578,2895.714285714286,1308.857142857143,105.28571428571422,92.0,1561.0,1365.0,121.0,105.19999999999993,2034.4,843.6,126.19999999999982,102.0,1766.3684210526317,841.6842105263158,113.15789473684208,112.5,1217.0,1045.0,115.5,106.0,1964.8214285714287,565.8928571428571,134.8571428571429,106.00000000000006,1361.967741935484,481.7096774193548,133.0,32.0,892.0,1207.6666666666667,34.0
279,99.0,651.0,705.0,152.0,111.60000000000014,755.4,1105.8,142.20000000000005,140.5,2960.5,840.5,148.0,97.28571428571422,2904.285714285714,1307.142857142857,107.71428571428578,91.75,1571.0,1367.75,120.75,110.60000000000002,2041.2,846.8,128.60000000000014,102.0,1773.6842105263158,842.8421052631579,113.57894736842104,109.66666666666674,1223.3333333333333,1047.0,113.33333333333348,106.0,1979.642857142857,568.7857142857143,135.71428571428555,106.0,1367.516129032258,482.64516129032256,133.0,32.0,927.0,1200.0,34.0
280,99.0,663.6,705.4,152.0,107.39999999999986,761.6,1106.2,150.79999999999995,137.33333333333337,2962.6666666666665,850.0,148.0,95.85714285714289,2912.8571428571427,1305.4285714285713,110.14285714285734,91.5,1581.0,1370.5,120.5,116.0,2048.0,850.0,131.0,102.0,1781.0,844.0,114.0,106.83333333333326,1229.6666666666667,1049.0,111.16666666666652,106.0,1994.4642857142858,571.6785714285714,136.57142857142844,106.00000000000006,1373.0645161290322,483.5806451612903,133.0,32.0,967.0,1192.0,34.0
281,99.0,676.2,705.8,152.0,103.20000000000005,767.8,1106.6,159.4000000000001,134.16666666666663,2964.8333333333335,859.5,148.0,94.42857142857133,2921.4285714285716,1303.7142857142858,112.57142857142844,91.25,1591.0,1373.25,120.25,123.80000000000007,2061.0,853.8,127.0,102.0,1790.5,846.25,116.75,104.0,1236.0,1051.0,109.0,106.0,2009.2857142857142,574.5714285714286,137.42857142857156,106.0,1378.6129032258063,484.51612903225805,133.0,32.0,1007.0,1184.0,34.0
282,99.0,688.8,706.2,152.0,99.0,774.0,1107.0,168.0,131.0,2967.0,869.0,148.0,93.0,2930.0,1302.0,115.0,91.0,1601.0,1376.0,120.0,131.60000000000002,2074.0,857.6,123.0,102.0,1800.0,848.5,119.5,101.20000000000005,1241.4,1052.6,115.39999999999986,106.0,2024.107142857143,577.4642857142857,138.28571428571445,106.00000000000006,1384.1612903225807,485.4516129032258,133.0,32.0,1047.0,1176.0,34.0
283,99.0,701.4,706.6,152.0,99.0,787.6,1108.2,168.0,129.5,2968.5,878.5,153.25,91.75,2934.0,1300.25,117.25,90.75,1611.0,1378.75,119.75,139.39999999999998,2087.0,861.4,119.0,102.0,1809.5,850.75,122.25,98.39999999999986,1246.8,1054.2,121.79999999999995,106.0,2038.9285714285713,580.3571428571429,139.1428571428571,106.0,1389.7096774193549,486.38709677419354,133.0,32.0,1087.0,1168.0,34.0
284,99.0,714.0,707.0,152.0,99.0,801.2,1109.4,168.0,128.0,2970.0,888.0,158.5,90.5,2938.0,1298.5,119.5,90.5,1621.0,1381.5,119.5,147.19999999999993,2100.0,865.2,115.0,102.0,1819.0,853.0,125.0,95.60000000000014,1252.2,1055.8,128.20000000000005,106.0,2053.75,583.25,140.0,106.00000000000006,1395.258064516129,487.3225806451613,133.0,32.0,1130.6666666666667,1162.3333333333333,34.0
285,99.0,726.6,707.4,152.0,99.0,814.8,1110.6,168.0,126.5,2971.5,897.5,163.75,89.25,2942.0,1296.75,121.75,90.25,1631.0,1384.25,119.25,155.0,2113.0,869.0,111.0,102.0,1836.5,856.5,128.0,92.79999999999995,1257.6,1057.4,134.60000000000014,106.0,2068.5714285714284,586.1428571428571,140.85714285714312,106.0,1400.8064516129032,488.258064516129,133.0,32.0,1174.3333333333333,1156.6666666666667,34.0
286,99.0,739.2,707.8,152.0,99.0,828.4,1111.8,168.0,125.0,2973.0,907.0,169.0,88.0,2946.0,1295.0,124.0,90.0,1641.0,1387.0,119.0,147.0999999999999,2125.3,880.0,110.19999999999982,102.0,1854.0,860.0,131.0,90.0,1263.0,1059.0,141.0,106.0,2083.3928571428573,589.0357142857143,141.71428571428532,106.00000000000006,1406.3548387096773,489.19354838709677,133.0,32.0,1218.0,1151.0,34.0
287,99.0,751.8,708.2,152.0,99.0,842.0,1113.0,168.0,126.19999999999993,2971.6,912.6,164.80000000000018,88.0,2946.5,1293.6666666666667,129.5,89.66666666666674,1643.6666666666667,1388.0,122.66666666666652,139.20000000000005,2137.6,891.0,109.40000000000009,102.0,1857.3333333333333,860.0,131.66666666666674,92.21428571428578,1269.857142857143,1058.7857142857142,139.6428571428571,106.0,2098.214285714286,591.9285714285714,142.57142857142844,106.0,1411.9032258064517,490.1290322580645,133.0,32.0,1266.5,1144.5,34.0
288,99.0,764.4,708.6,152.0,97.81818181818176,845.2727272727273,1114.0,166.36363636363637,127.39999999999986,2970.2,918.2,160.60000000000036,88.0,2947.0,1292.3333333333333,135.0,89.33333333333326,1646.3333333333333,1389.0,126.33333333333348,131.29999999999995,2149.9,902.0,108.59999999999991,102.0,1860.6666666666667,860.0,132.33333333333326,94.42857142857133,1276.7142857142858,1058.5714285714287,138.28571428571422,106.0,2113.035714285714,594.8214285714286,143.42857142857156,106.00000000000006,1417.4516129032259,491.06451612903226,133.0,32.0,1315.0,1138.0,34.0
289,99.0,777.0,709.0,152.0,96.63636363636374,848.5454545454545,1115.0,164.72727272727275,128.60000000000014,2968.8,923.8,156.39999999999964,88.0,2947.5,1291.0,140.5,89.0,1649.0,1390.0,130.0,123.40000000000009,2162.2,913.0,107.80000000000018,102.0,1864.0,860.0,133.0,96.64285714285711,1283.5714285714287,1058.357142857143,136.92857142857133,106.0,2127.8571428571427,597.7142857142857,144.28571428571468,106.0,1423.0,492.0,133.0,32.0,1364.3333333333333,1133.3333333333333,34.0
290,99.0,789.3,710.1,152.0,95.4545454545455,851.8181818181819,1116.0,163.090909090909,129.80000000000007,2967.4,929.4,152.19999999999982,88.0,2948.0,1289.6666666666667,146.0,88.75,1660.6666666666667,1391.0833333333333,128.91666666666652,115.5,2174.5,924.0,107.0,102.0,1873.0,861.6666666666666,128.66666666666674,98.85714285714289,1290.4285714285713,1058.142857142857,135.57142857142867,106.0,2142.6785714285716,600.6071428571429,145.14285714285688,106.00000000000006,1427.0,493.7,133.0,32.0,1413.6666666666667,1128.6666666666667,34.0
291,99.0,801.6,711.2,152.0,94.27272727272725,855.0909090909091,1117.0,161.45454545454538,131.0,2966.0,935.0,148.0,88.0,2948.5,1288.3333333333333,151.5,88.5,1672.3333333333333,1392.1666666666667,127.83333333333348,107.59999999999991,2186.8,935.0,106.19999999999982,102.0,1882.0,863.3333333333334,124.33333333333326,101.07142857142867,1297.2857142857142,1057.9285714285713,134.21428571428578,106.0,2157.5,603.5,146.0,106.0,1431.0,495.4,133.0,32.0,1463.0,1124.0,34.0
292,99.0,813.9,712.3,152.0,93.09090909090901,858.3636363636364,1118.0,159.81818181818176,131.0000000000001,2967.6666666666665,936.1666666666666,145.0,88.0,2949.0,1287.0,157.0,88.25,1684.0,1393.25,126.75,99.70000000000005,2199.1,946.0,105.40000000000009,102.0,1891.0,865.0,120.0,103.28571428571422,1304.142857142857,1057.7142857142858,132.8571428571429,106.0,2172.3214285714284,606.3928571428571,146.85714285714312,106.0,1435.0,497.1,133.0,32.0,1514.0,1119.0,34.0
293,99.0,826.2,713.4,152.0,91.90909090909099,861.6363636363636,1119.0,158.18181818181824,130.9999999999999,2969.3333333333335,937.3333333333334,142.0,88.0,2962.3333333333335,1285.1666666666667,150.83333333333303,88.0,1695.6666666666667,1394.3333333333333,125.66666666666652,91.79999999999995,2211.4,957.0,104.59999999999991,102.0,1902.6,866.5333333333333,120.4666666666667,105.5,1311.0,1057.5,131.5,106.0,2187.1428571428573,609.2857142857143,147.71428571428532,105.99999999999994,1439.0,498.8,133.0,32.0,1565.0,1114.0,34.0
294,99.0,838.5,714.5,152.0,90.72727272727275,864.9090909090909,1120.0,156.54545454545462,131.0,2971.0,938.5,139.0,88.0,2975.6666666666665,1283.3333333333333,144.66666666666697,87.75,1707.3333333333333,1395.4166666666667,124.58333333333348,83.90000000000009,2223.7,968.0,103.80000000000018,102.0,1914.2,868.0666666666667,120.9333333333334,107.71428571428578,1317.857142857143,1057.2857142857142,130.1428571428571,106.0,2201.964285714286,612.1785714285714,148.57142857142844,106.0,1443.0,500.5,133.0,32.0,1616.0,1109.0,34.0
295,99.0,850.8,715.6,152.0,89.5454545454545,868.1818181818181,1121.0,154.909090909091,131.0000000000001,2972.6666666666665,939.6666666666666,136.0,88.0,2989.0,1281.5,138.5,87.5,1719.0,1396.5,123.5,76.0,2236.0,979.0,103.0,102.0,1925.8,869.6,121.40000000000009,109.92857142857133,1324.7142857142858,1057.0714285714287,128.78571428571422,106.0,2216.785714285714,615.0714285714286,149.42857142857156,106.00000000000006,1447.0,502.2,133.0,32.0,1669.3333333333333,1105.3333333333333,34.0
296,99.0,863.1,716.7,152.0,88.36363636363626,871.4545454545455,1122.0,153.27272727272725,130.9999999999999,2974.3333333333335,940.8333333333334,133.0,88.0,3002.3333333333335,1279.6666666666667,132.33333333333303,87.25,1730.6666666666667,1397.5833333333333,122.41666666666652,81.19999999999993,2248.4,987.6,101.59999999999991,102.0,1937.4,871.1333333333333,121.86666666666679,112.14285714285711,1331.5714285714287,1056.857142857143,127.42857142857133,106.0,2231.607142857143,617.9642857142857,150.28571428571422,106.0,1451.0,503.9,133.0,32.0,1722.6666666666667,1101.6666666666667,34.0
297,99.0,875.4,717.8,152.0000000000001,87.18181818181824,874.7272727272727,1123.0,151.6363636363635,131.0,2976.0,942.0,130.0,88.0,3015.6666666666665,1277.8333333333333,126.16666666666697,87.0,1742.3333333333333,1398.6666666666667,121.33333333333348,86.39999999999986,2260.8,996.2,100.19999999999982,102.0,1949.0,872.6666666666666,122.33333333333348,114.35714285714289,1338.4285714285713,1056.642857142857,126.07142857142867,106.0,2246.4285714285716,620.8571428571429,151.14285714285688,106.0,1455.0,505.6,133.0,32.0,1776.0,1098.0,34.0
298,99.0,887.7,718.9,152.0,86.0,878.0,1124.0,150.0,131.0,2982.5,943.25,127.25,88.0,3029.0,1276.0,120.0,86.75,1754.0,1399.75,120.25,91.60000000000014,2273.2,1004.8,98.80000000000018,102.0,1960.6,874.2,122.80000000000018,116.57142857142867,1345.2857142857142,1056.4285714285713,124.71428571428578,106.0,2261.25,623.75,152.0,105.99999999999994,1459.0,507.3,133.0,32.0,1828.3333333333333,1095.3333333333333,34.0
299,99.0,900.0,720.0,152.0,88.59999999999991,878.3,1122.5,150.0,131.0,2989.0,944.5,124.5,88.0,3030.5714285714284,1274.857142857143,123.85714285714312,86.5,1765.6666666666667,1400.8333333333333,119.16666666666652,96.80000000000007,2285.6,1013.4,97.40000000000009,102.0,1972.2,875.7333333333333,123.26666666666665,118.78571428571422,1352.142857142857,1056.2142857142858,123.35714285714289,106.0,2276.0714285714284,626.6428571428571,152.85714285714312,106.0,1463.0,509.0,133.0,32.0,1880.6666666666667,1092.6666666666667,34.0
300,99.0,910.3333333333334,720.6666666666666,151.9999999999999,91.20000000000005,878.6,1121.0,149.9999999999999,131.0,2995.5,945.75,121.75,88.0,3032.1428571428573,1273.7142857142858,127.71428571428532,86.25,1777.3333333333333,1401.9166666666667,118.08333333333348,102.0,2298.0,1022.0,96.0,102.0,1983.8,877.2666666666667,123.73333333333335,121.0,1359.0,1056.0,122.0,106.0,2290.892857142857,629.5357142857142,153.71428571428578,106.00000000000006,1467.0,510.7,133.0,32.0,1933.0,1090.0,34.0
301,99.0,920.6666666666666,721.3333333333334,152.0000000000001,93.79999999999995,878.9,1119.5,150.0000000000001,131.0,3002.0,947.0,119.0,88.0,3033.714285714286,1272.5714285714287,131.57142857142844,86.0,1789.0,1403.0,117.0,101.5,2304.625,1029.0,98.375,102.0,1995.4,878.8,124.19999999999982,119.625,1365.0,1057.625,122.9375,106.0,2305.714285714286,632.4285714285714,154.57142857142844,106.0,1471.0,512.4,133.0,32.0,1985.0,1088.4,34.0
302,99.0,931.0,722.0,152.0,96.40000000000009,879.2,1118.0,150.0,131.0,3001.1111111111113,947.8888888888889,119.0,88.0,3035.285714285714,1271.4285714285713,135.42857142857156,86.0,1790.0,1404.0,123.66666666666674,101.0,2311.25,1036.0,100.75,102.0,2007.0,880.3333333333334,124.66666666666652,118.25,1371.0,1059.25,123.875,106.0,2320.535714285714,635.3214285714286,155.42857142857156,106.0,1475.0,514.1,133.0,32.0,2037.0,1086.8,34.0
303,99.0,941.3333333333334,722.6666666666666,151.9999999999999,99.0,879.5,1116.5,150.0,131.0,3000.222222222222,948.7777777777778,119.0,88.0,3036.8571428571427,1270.2857142857142,139.28571428571468,86.0,1791.0,1405.0,130.33333333333326,100.5,2317.875,1043.0,103.125,102.0,2018.6,881.8666666666667,125.13333333333321,116.875,1377.0,1060.875,124.8125,106.0,2335.357142857143,638.2142857142858,156.28571428571422,106.0,1479.0,515.8,133.0,32.0,2089.0,1085.2,34.0
304,99.0,951.6666666666666,723.3333333333334,152.0000000000001,101.59999999999991,879.8,1115.0,150.0,131.0000000000001,2999.3333333333335,949.6666666666666,119.0,88.0,3038.4285714285716,1269.142857142857,143.14285714285688,86.0,1792.0,1406.0,137.0,100.0,2324.5,1050.0,105.5,102.0,2030.2,883.4,125.60000000000014,115.5,1383.0,1062.5,125.75,106.0,2350.1785714285716,641.1071428571429,157.14285714285688,106.0,1483.0,517.5,133.0,32.0,2141.0,1083.6,34.0
305,99.0,962.0,724.0,152.0,104.20000000000005,880.1,1113.5,149.9999999999999,131.0000000000001,2998.4444444444443,950.5555555555555,119.0,88.0,3040.0,1268.0,147.0,85.5,1805.25,1407.25,131.5,99.5,2331.125,1057.0,107.875,102.0,2041.8,884.9333333333333,126.06666666666683,114.125,1389.0,1064.125,126.6875,106.0,2365.0,644.0,158.0,106.0,1487.0,519.2,133.0,32.0,2193.0,1082.0,34.0
306,99.0,972.3333333333334,724.6666666666666,151.9999999999999,106.79999999999995,880.4,1112.0,150.0000000000001,130.9999999999999,2997.5555555555557,951.4444444444445,119.0,88.0,3050.0,1267.0,142.4000000000001,85.0,1818.5,1408.5,126.0,99.0,2337.75,1064.0,110.25,102.0,2053.4,886.4666666666667,126.5333333333333,112.75,1395.0,1065.75,127.625,106.0,2381.5555555555557,649.2222222222222,158.94444444444434,106.0,1491.0,520.9,133.0,32.0,2241.3333333333335,1081.3333333333333,34.0
307,99.0,982.6666666666666,725.3333333333334,152.0000000000001,109.40000000000009,880.7,1110.5,150.0,130.9999999999999,2996.6666666666665,952.3333333333334,119.0,88.0,3060.0,1266.0,137.80000000000018,84.5,1831.75,1409.75,120.5,98.5,2344.375,1071.0,112.625,102.0,2065.0,888.0,127.0,111.375,1401.0,1067.375,128.5625,106.0,2398.1111111111113,654.4444444444445,159.8888888888887,106.0,1495.0,522.6,133.0,32.0,2289.6666666666665,1080.6666666666667,34.0
308,99.0,993.0,726.0,152.0,112.0,881.0,1109.0,150.0,131.0,2995.777777777778,953.2222222222222,119.0,88.0,3070.0,1265.0,133.19999999999982,84.0,1845.0,1411.0,115.0,98.0,2351.0,1078.0,115.0,102.0,2075.5,888.6428571428571,127.5,110.0,1407.0,1069.0,129.5,106.0,2414.6666666666665,659.6666666666666,160.83333333333348,106.0,1499.0,524.3,133.0,32.0,2338.0,1080.0,34.0
309,99.0,1003.3333333333334,726.6666666666666,151.9999999999999,111.61111111111109,882.6666666666666,1109.111111111111,148.16666666666663,131.0,2994.8888888888887,954.1111111111111,119.0,88.0,3080.0,1264.0,128.5999999999999,84.0,1855.55,1409.2,115.0,97.0,2359.5,1086.5,117.5,102.0,2086.0,889.2857142857143,128.0,108.625,1413.0,1070.625,130.4375,106.0,2431.222222222222,664.8888888888889,161.77777777777783,106.0,1503.0,526.0,133.0,32.0,2384.3333333333335,1080.6666666666667,34.0
310,99.0,1013.6666666666666,727.3333333333334,152.0000000000001,111.22222222222217,884.3333333333334,1109.2222222222222,146.33333333333337,131.0,2994.0,955.0,119.0,88.0,3090.0,1263.0,124.0,84.0,1866.1,1407.4,115.0,96.0,2368.0,1095.0,120.0,102.0,2096.5,889.9285714285714,128.5,107.25,1419.0,1072.25,131.375,106.0,2447.777777777778,670.1111111111111,162.72222222222217,106.0,1507.3636363636363,526.1060606060606,133.0,32.0,2430.6666666666665,1081.3333333333333,34.0
311,99.0,1024.0,728.0,152.0,110.83333333333348,886.0,1109.3333333333333,144.5,127.75,2992.5,963.125,120.75,88.0,3090.6666666666665,1263.6666666666667,127.88888888888914,84.0,1876.65,1405.6,115.0,96.0,2377.5,1098.8333333333333,120.5,102.0,2107.0,890.5714285714286,129.0,105.875,1425.0,1073.875,132.3125,106.0,2464.3333333333335,675.3333333333334,163.66666666666652,106.0,1511.7272727272727,526.2121212121212,133.0,32.0,2477.0,1082.0,34.0
312,99.0,1032.3333333333333,728.6666666666666,152.0,110.44444444444457,887.6666666666666,1109.4444444444443,142.66666666666663,124.5,2991.0,971.25,122.5,88.0,3091.3333333333335,1264.3333333333333,131.77777777777783,84.0,1887.2,1403.8,115.0,96.0,2387.0,1102.6666666666667,121.0,102.0,2117.5,891.2142857142857,129.5,104.5,1431.0,1075.5,133.25,106.0,2480.8888888888887,680.5555555555555,164.6111111111113,106.0,1516.090909090909,526.3181818181819,133.0,32.0,2519.5,1082.0,34.0
313,99.0,1040.6666666666667,729.3333333333334,152.0,110.05555555555543,889.3333333333334,1109.5555555555557,140.83333333333337,121.25,2989.5,979.375,124.25,88.0,3092.0,1265.0,135.66666666666652,84.0,1897.75,1402.0,115.0,96.0,2396.5,1106.5,121.5,102.0,2128.0,891.8571428571429,130.0,103.125,1437.0,1077.125,134.1875,106.0,2497.4444444444443,685.7777777777778,165.55555555555566,106.0,1520.4545454545455,526.4242424242424,133.0,32.0,2562.0,1082.0,34.0
314,99.0,1049.0,730.0,152.0,109.66666666666652,891.0,1109.6666666666667,139.0,118.0,2988.0,987.5,126.0,88.0,3092.6666666666665,1265.6666666666667,139.55555555555566,84.0,1908.3,1400.2,115.0,96.0,2406.0,1110.3333333333333,122.0,102.0,2138.5,892.5,130.5,101.75,1443.0,1078.75,135.125,106.0,2514.0,691.0,166.5,106.0,1524.8181818181818,526.530303030303,133.0,32.0,2601.0,1083.3333333333333,34.0
315,99.0,1057.3333333333333,730.6666666666666,152.0,109.27777777777783,892.6666666666666,1109.7777777777778,137.16666666666663,114.75,2986.5,995.625,127.75,88.0,3093.3333333333335,1266.3333333333333,143.44444444444434,84.0,1918.85,1398.4,115.0,96.0,2415.5,1114.1666666666667,122.5,102.0,2149.0,893.1428571428571,131.0,100.375,1449.0,1080.375,136.0625,106.0,2530.5555555555557,696.2222222222222,167.44444444444434,106.0,1529.1818181818182,526.6363636363636,133.0,32.0,2640.0,1084.6666666666667,34.0
316,99.0,1065.6666666666667,731.3333333333334,152.0,108.88888888888891,894.3333333333334,1109.888888888889,135.33333333333337,111.5,2985.0,1003.75,129.5,88.0,3094.0,1267.0,147.33333333333348,84.0,1929.4,1396.6,115.0,96.0,2425.0,1118.0,123.0,102.0,2159.5,893.7857142857143,131.5,99.0,1455.0,1082.0,137.0,106.0,2547.1111111111113,701.4444444444445,168.3888888888887,106.0,1533.5454545454545,526.7424242424242,133.0,32.0,2679.0,1086.0,34.0
317,99.0,1074.0,732.0,152.0,108.5,896.0,1110.0,133.5,108.25,2983.5,1011.875,131.25,88.0,3094.6666666666665,1267.6666666666667,151.22222222222217,84.0,1939.95,1394.8,114.99999999999977,95.83333333333326,2434.1666666666665,1125.0,124.0,102.0,2170.0,894.4285714285714,132.0,99.66666666666652,1461.3333333333333,1083.1333333333334,136.0,106.0,2563.6666666666665,706.6666666666666,169.33333333333348,106.0,1537.909090909091,526.8484848484849,133.0,32.0,2713.0,1087.0,34.0
318,99.0,1082.3333333333333,732.6666666666666,152.0,108.11111111111109,897.6666666666666,1110.111111111111,131.66666666666663,105.0,2982.0,1020.0,133.0,88.0,3095.3333333333335,1268.3333333333333,155.11111111111086,84.0,1950.5,1393.0,115.0,95.66666666666674,2443.3333333333335,1132.0,125.0,102.0,2180.5,895.0714285714286,132.5,100.33333333333326,1467.6666666666667,1084.2666666666667,135.0,106.0,2580.222222222222,711.8888888888889,170.27777777777783,106.0,1542.2727272727273,526.9545454545455,133.0,32.0,2747.0,1088.0,34.0
319,99.0,1090.6666666666667,733.3333333333334,152.0,107.72222222222217,899.3333333333334,1110.2222222222222,129.83333333333337,105.0,2980.75,1026.625,133.0,88.0,3096.0,1269.0,159.0,84.0,1961.05,1391.2,115.00000000000023,95.5,2452.5,1139.0,126.0,102.0,2191.0,895.7142857142857,133.0,101.0,1474.0,1085.4,134.0,106.0,2596.777777777778,717.1111111111111,171.22222222222217,106.0,1546.6363636363637,527.060606060606,133.0,32.0,2781.0,1089.0,34.0
320,99.0,1099.0,734.0,152.0,107.33333333333348,901.0,1110.3333333333333,128.0,105.0,2979.5,1033.25,133.0,88.0,3099.3125,1270.5625,159.75,84.0,1971.6,1389.4,115.0,95.33333333333326,2461.6666666666665,1146.0,127.0,102.0,2201.5,896.3571428571429,133.5,101.66666666666674,1480.3333333333333,1086.5333333333333,133.0,106.0,2613.3333333333335,722.3333333333334,172.16666666666652,106.0,1551.0,527.1666666666666,133.0,32.0,2811.0,1092.0,34.0
321,99.0,1107.3333333333333,734.6666666666666,152.0,106.94444444444457,902.6666666666666,1110.4444444444443,126.16666666666663,105.0,2978.25,1039.875,133.0,88.0,3102.625,1272.125,160.5,84.0,1982.15,1387.6,115.0,95.16666666666674,2470.8333333333335,1153.0,128.0,102.0,2212.0,897.0,134.0,102.33333333333326,1486.6666666666667,1087.6666666666667,132.0,106.0,2629.8888888888887,727.5555555555555,173.1111111111113,106.0,1555.3636363636363,527.2727272727273,133.0,32.0,2841.0,1095.0,34.0
322,99.0,1115.6666666666667,735.3333333333334,152.0,106.55555555555543,904.3333333333334,1110.5555555555557,124.33333333333337,105.0,2977.0,1046.5,133.0,88.0,3105.9375,1273.6875,161.25,84.0,1992.7,1385.8,114.99999999999977,95.0,2480.0,1160.0,129.0,102.38095238095241,2223.0,897.4285714285714,134.3809523809523,103.0,1493.0,1088.8,131.0,106.0,2646.4444444444443,732.7777777777778,174.05555555555566,106.0,1559.7272727272727,527.3787878787879,133.0,32.0,2871.0,1098.0,34.0
323,99.0,1124.0,736.0,152.0,106.16666666666652,906.0,1110.6666666666667,122.5,105.0,2975.75,1053.125,133.0,88.0,3109.25,1275.25,162.0,84.0,2003.25,1384.0,115.0,94.83333333333348,2482.6666666666665,1160.8333333333333,131.66666666666697,102.7619047619047,2234.0,897.8571428571429,134.7619047619046,103.66666666666652,1499.3333333333333,1089.9333333333334,130.0,106.0,2663.0,738.0,175.0,106.0,1564.090909090909,527.4848484848485,133.0,32.0,2897.5,1099.0,34.0
324,99.0,1131.888888888889,735.5555555555555,152.0,105.77777777777783,907.6666666666666,1110.7777777777778,120.66666666666663,105.0,2974.5,1059.75,133.0,88.0,3112.5625,1276.8125,162.75,84.0,2013.8,1382.2,115.00000000000023,94.66666666666652,2485.3333333333335,1161.6666666666667,134.33333333333303,103.14285714285711,2245.0,898.2857142857143,135.14285714285734,104.33333333333348,1505.6666666666667,1091.0666666666666,129.0,106.0,2683.875,744.75,172.875,106.0,1568.4545454545455,527.5909090909091,133.0,32.0,2924.0,1100.0,34.0
325,99.0,1139.7777777777778,735.1111111111111,152.0,105.38888888888891,909.3333333333334,1110.888888888889,118.83333333333337,105.0,2973.25,1066.375,133.0,88.0,3115.875,1278.375,163.5,84.0,2024.35,1380.4,115.0,94.5,2488.0,1162.5,137.0,103.52380952380952,2256.0,898.7142857142857,135.52380952380963,105.0,1512.0,1092.2,128.0,106.0,2704.75,751.5,170.75,106.0,1572.8181818181818,527.6969696969697,133.0,32.0,2950.0,1102.0,34.0
326,99.0,1147.6666666666667,734.6666666666666,152.0,105.0,911.0,1111.0,117.0,105.0,2972.0,1073.0,133.0,88.0,3119.1875,1279.9375,164.25,84.0,2034.9,1378.6,115.0,94.33333333333348,2490.6666666666665,1163.3333333333333,139.66666666666697,103.90476190476193,2267.0,899.1428571428571,135.90476190476193,105.66666666666674,1518.3333333333333,1093.3333333333333,127.0,106.0,2725.625,758.25,168.625,106.0,1577.1818181818182,527.8030303030303,133.0,32.0,2965.0,1103.0,34.0
327,99.0,1155.5555555555557,734.2222222222222,152.0,105.0,912.0,1109.3636363636363,117.0,106.0,2973.5555555555557,1073.3333333333333,134.8888888888887,88.0,3122.5,1281.5,165.0,84.0,2045.45,1376.8,114.99999999999977,94.16666666666652,2493.3333333333335,1164.1666666666667,142.33333333333303,104.28571428571433,2278.0,899.5714285714286,136.28571428571422,106.33333333333326,1524.6666666666667,1094.4666666666667,126.0,106.0,2746.5,765.0,166.5,106.0,1581.5454545454545,527.9090909090909,133.0,32.0,2969.0,1106.0,34.0
328,99.0,1163.4444444444443,733.7777777777778,152.0,105.0,913.0,1107.7272727272727,117.0,107.0,2975.1111111111113,1073.6666666666667,136.77777777777737,88.0,3125.8125,1283.0625,165.75,84.0,2056.0,1375.0,115.0,94.0,2496.0,1165.0,145.0,104.66666666666663,2289.0,900.0,136.66666666666652,107.0,1531.0,1095.6,125.0,106.0,2767.375,771.75,164.375,106.0,1585.909090909091,528.0151515151515,133.0,32.0,2973.0,1109.0,34.0
329,99.0,1171.3333333333333,733.3333333333334,152.0,105.0,914.0,1106.090909090909,117.0,108.0,2976.6666666666665,1074.0,138.66666666666697,88.0,3129.125,1284.625,166.5,84.75,2065.8125,1374.0,115.9375,93.875,2502.9375,1166.3125,145.4375,105.04761904761904,2300.0,900.4285714285714,137.04761904761926,107.66666666666674,1537.3333333333333,1096.7333333333333,124.0,106.0,2788.25,778.5,162.25,106.0,1590.2727272727273,528.1212121212121,133.0,32.0,2983.5,1107.5,34.0
330,99.0,1179.2222222222222,732.8888888888889,152.0,105.0,915.0,1104.4545454545455,117.0,109.0,2978.222222222222,1074.3333333333333,140.55555555555566,88.0,3132.4375,1286.1875,167.25,85.5,2075.625,1373.0,116.875,93.75,2509.875,1167.625,145.875,105.42857142857144,2311.0,900.8571428571429,137.42857142857156,108.33333333333348,1543.6666666666667,1097.8666666666666,123.0,106.0,2809.125,785.25,160.125,106.0,1594.6363636363637,528.2272727272727,133.0,32.0,2994.0,1106.0,34.0
331,99.0,1187.111111111111,732.4444444444445,152.0,105.0,916.0,1102.8181818181818,117.0,110.0,2979.777777777778,1074.6666666666667,142.44444444444434,88.0,3135.75,1287.75,168.0,86.25,2085.4375,1372.0,117.8125,93.625,2516.8125,1168.9375,146.3125,105.80952380952374,2322.0,901.2857142857143,137.80952380952385,109.0,1550.0,1099.0,122.0,106.0,2830.0,792.0,158.0,106.0,1599.0,528.3333333333334,133.0,32.0,3007.0,1103.0,34.0
332,99.0,1195.0,732.0,152.0,105.0,917.0,1101.1818181818182,117.0,111.0,2981.3333333333335,1075.0,144.33333333333303,88.0,3139.0625,1289.3125,168.75,87.0,2095.25,1371.0,118.75,93.5,2523.75,1170.25,146.75,106.19047619047626,2333.0,901.7142857142857,138.19047619047615,108.0625,1555.125,1101.0,122.0,106.0,2849.3333333333335,802.5555555555555,156.66666666666652,106.0,1603.3636363636365,528.439393939394,133.0,32.0,3020.0,1100.0,34.0
333,99.0,1200.0625,731.625,152.0,105.0,918.0,1099.5454545454545,117.0,112.0,2982.8888888888887,1075.3333333333333,146.22222222222263,88.0,3142.375,1290.875,169.5,87.75,2105.0625,1370.0,119.6875,93.375,2530.6875,1171.5625,147.1875,106.57142857142856,2344.0,902.1428571428571,138.57142857142844,107.125,1560.25,1103.0,122.0,106.0,2868.6666666666665,813.1111111111111,155.33333333333348,106.0,1607.7272727272727,528.5454545454545,133.0,32.0,3033.0,1096.5,34.0
334,99.0,1205.125,731.25,152.0,105.0,919.0,1097.909090909091,117.0,113.0,2984.4444444444443,1075.6666666666667,148.1111111111113,88.0,3145.6875,1292.4375,170.25,88.5,2114.875,1369.0,120.625,93.25,2537.625,1172.875,147.625,106.95238095238096,2355.0,902.5714285714286,138.95238095238074,106.1875,1565.375,1105.0,122.0,106.0,2888.0,823.6666666666666,154.0,106.0,1612.090909090909,528.6515151515151,133.0,32.0,3046.0,1093.0,34.0
335,99.0,1210.1875,730.875,152.0,105.0,920.0,1096.2727272727273,117.0,114.0,2986.0,1076.0,150.0,88.0,3149.0,1294.0,171.0,89.25,2124.6875,1368.0,121.5625,93.125,2544.5625,1174.1875,148.0625,107.33333333333337,2366.0,903.0,139.33333333333348,105.25,1570.5,1107.0,122.0,106.0,2907.3333333333335,834.2222222222222,152.66666666666652,106.0,1616.4545454545455,528.7575757575758,133.0,32.0,3062.6666666666665,1097.6666666666667,34.0
336,99.0,1215.25,730.5,152.0,105.0,921.0,1094.6363636363637,117.0,112.44444444444457,2987.4444444444443,1077.3333333333333,160.0,89.5,3148.0,1292.5,175.0,90.0,2134.5,1367.0,122.5,93.0,2551.5,1175.5,148.5,107.71428571428567,2377.0,903.4285714285714,139.71428571428578,104.3125,1575.625,1109.0,122.0,106.0,2926.6666666666665,844.7777777777778,151.33333333333348,106.0,1620.8181818181818,528.8636363636364,133.0,32.0,3079.3333333333335,1102.3333333333333,34.0
337,99.0,1220.3125,730.125,152.0,105.0,922.0,1093.0,117.0,110.88888888888891,2988.8888888888887,1078.6666666666667,170.0,91.0,3147.0,1291.0,179.0,90.75,2144.3125,1366.0,123.4375,92.875,2558.4375,1176.8125,148.9375,108.09523809523807,2388.0,903.8571428571429,140.09523809523807,103.375,1580.75,1111.0,122.0,106.0,2946.0,855.3333333333334,150.0,106.0,1625.1818181818182,528.969696969697,133.0,32.0,3096.0,1107.0,34.0
338,99.0,1225.375,729.75,152.0,102.5,923.875,1092.375,119.25,109.33333333333326,2990.3333333333335,1080.0,180.0,92.25,3152.25,1289.75,177.0,91.5,2154.125,1365.0,124.375,92.75,2565.375,1178.125,149.375,108.47619047619048,2399.0,904.2857142857143,140.47619047619037,102.4375,1585.875,1113.0,122.0,106.0,2965.3333333333335,865.8888888888889,148.66666666666652,106.0,1629.5454545454545,529.0757575757576,133.0,32.0,3119.0,1113.6666666666667,34.0
339,99.0,1230.4375,729.375,152.0,100.0,925.75,1091.75,121.5,107.77777777777783,2991.777777777778,1081.3333333333333,190.0,93.5,3157.5,1288.5,175.0,92.25,2163.9375,1364.0,125.3125,92.625,2572.3125,1179.4375,149.8125,108.85714285714289,2410.0,904.7142857142857,140.85714285714266,101.5,1591.0,1115.0,122.0,106.0,2984.6666666666665,876.4444444444445,147.33333333333348,106.0,1633.909090909091,529.1818181818181,133.0,32.0,3142.0,1120.3333333333333,34.0
340,99.0,1235.5,729.0,152.0,97.5,927.625,1091.125,123.75,106.22222222222217,2993.222222222222,1082.6666666666667,200.0,94.75,3162.75,1287.25,173.0,93.0,2173.75,1363.0,126.25,92.5,2579.25,1180.75,150.25,109.2380952380953,2421.0,905.1428571428571,141.2380952380954,100.5625,1596.125,1117.0,122.0,106.0,3004.0,887.0,146.0,106.0,1638.2727272727273,529.2878787878788,133.0,32.0,3165.0,1127.0,34.0
341,99.0,1240.5625,728.625,152.0,95.0,929.5,1090.5,126.0,104.66666666666674,2994.6666666666665,1084.0,210.0,96.0,3168.0,1286.0,171.0,93.75,2183.5625,1362.0,127.1875,92.375,2586.1875,1182.0625,150.6875,109.61904761904759,2432.0,905.5714285714286,141.6190476190477,99.625,1601.25,1119.0,122.0,106.0,3016.3333333333335,894.3333333333334,144.66666666666652,106.0,1642.6363636363635,529.3939393939394,133.0,32.0,3180.6666666666665,1136.6666666666667,34.0
342,99.0,1245.625,728.25,152.0,92.5,931.375,1089.875,128.25,103.11111111111109,2996.1111111111113,1085.3333333333333,220.0,97.25,3172.375,1284.75,171.0,94.5,2193.375,1361.0,128.125,92.25,2593.125,1183.375,151.125,110.0,2443.0,906.0,142.0,98.6875,1606.375,1121.0,122.0,106.0,3028.6666666666665,901.6666666666666,143.33333333333348,106.0,1647.0,529.5,133.0,32.0,3196.3333333333335,1146.3333333333333,34.0
343,99.0,1250.6875,727.875,152.0,90.0,933.25,1089.25,130.5,101.55555555555543,2997.5555555555557,1086.6666666666667,230.0,98.5,3176.75,1283.5,171.0,95.25,2203.1875,1360.0,129.0625,92.125,2600.0625,1184.6875,151.5625,110.44444444444434,2453.3333333333335,906.7777777777778,142.33333333333303,97.75,1611.5,1123.0,122.0,106.0,3041.0,909.0,142.0,106.0,1651.3636363636365,529.6060606060606,133.0,32.0,3212.0,1156.0,34.0
344,99.0,1255.75,727.5,152.0,87.5,935.125,1088.625,132.75,100.0,2999.0,1088.0,240.0,99.75,3181.125,1282.25,171.0,96.0,2213.0,1359.0,130.0,92.0,2607.0,1186.0,152.0,110.88888888888891,2463.6666666666665,907.5555555555555,142.66666666666697,96.8125,1616.625,1125.0,122.0,106.0,3053.3333333333335,916.3333333333334,140.66666666666652,106.0,1655.7272727272727,529.7121212121212,133.0,32.0,3227.3333333333335,1164.6666666666667,34.0
345,99.0,1260.8125,727.125,152.0,85.0,937.0,1088.0,135.0,100.0,3001.5,1085.8333333333333,240.0,101.0,3185.5,1281.0,171.0,95.70000000000005,2223.0,1358.7,130.19999999999982,91.88888888888891,2613.6666666666665,1186.888888888889,152.4444444444448,111.33333333333326,2474.0,908.3333333333334,143.0,95.875,1621.75,1127.0,122.0,106.00000000000011,3065.6666666666665,923.6666666666666,139.33333333333348,106.0,1660.090909090909,529.8181818181819,133.0,32.0,3242.6666666666665,1173.3333333333333,34.0
346,99.0,1265.875,726.75,152.0,85.375,940.0625,1085.65625,135.0,100.0,3004.0,1083.6666666666667,240.0,102.25,3189.875,1279.75,171.0,95.39999999999986,2233.0,1358.4,130.4000000000001,91.77777777777783,2620.3333333333335,1187.7777777777778,152.8888888888887,111.77777777777783,2484.3333333333335,909.1111111111111,143.33333333333303,94.9375,1626.875,1129.0,122.0,106.0,3078.0,931.0,138.0,106.0,1664.4545454545455,529.9242424242424,133.0,32.0,3258.0,1182.0,34.0
347,99.0,1270.9375,726.375,152.0,85.75,943.125,1083.3125,135.0,100.0,3006.5,1081.5,240.0,103.5,3194.25,1278.5,171.0,95.10000000000014,2243.0,1358.1,130.5999999999999,91.66666666666652,2627.0,1188.6666666666667,153.33333333333348,112.22222222222217,2494.6666666666665,909.8888888888889,143.66666666666697,94.0,1632.0,1131.0,122.0,105.99999999999989,3090.3333333333335,938.3333333333334,136.66666666666652,106.0,1668.8181818181818,530.030303030303,133.0,32.0,3270.0,1191.3333333333333,34.0
348,99.0,1276.0,726.0,152.0,86.125,946.1875,1080.96875,135.0,100.0,3009.0,1079.3333333333333,240.0,104.75,3198.625,1277.25,171.0,94.79999999999995,2253.0,1357.8,130.80000000000018,91.55555555555543,2633.6666666666665,1189.5555555555557,153.77777777777783,112.66666666666674,2505.0,910.6666666666666,144.0,95.07142857142844,1634.142857142857,1131.857142857143,122.0,106.00000000000011,3102.6666666666665,945.6666666666666,135.33333333333348,106.0,1673.1818181818182,530.1363636363636,133.0,32.0,3282.0,1200.6666666666667,34.0
349,99.0,1281.0625,725.625,152.0,86.5,949.25,1078.625,135.0,100.0,3011.5,1077.1666666666667,240.0,106.0,3203.0,1276.0,171.0,94.5,2263.0,1357.5,131.0,91.44444444444457,2640.3333333333335,1190.4444444444443,154.22222222222217,113.1111111111112,2515.3333333333335,911.4444444444445,144.33333333333303,96.14285714285711,1636.2857142857142,1132.7142857142858,122.0,106.0,3115.0,953.0,134.0,106.0,1677.5454545454545,530.2424242424242,133.0,32.0,3294.0,1210.0,34.0
350,99.0,1286.125,725.25,152.0,86.875,952.3125,1076.28125,135.0,100.0,3014.0,1075.0,240.0,105.40000000000009,3203.0,1276.6,171.0,94.20000000000005,2273.0,1357.2,131.19999999999982,91.33333333333348,2647.0,1191.3333333333333,154.66666666666652,113.55555555555566,2525.6666666666665,912.2222222222222,144.66666666666697,97.21428571428555,1638.4285714285713,1133.5714285714287,122.0,106.00000000000011,3125.5,959.1666666666666,134.0,106.0,1681.909090909091,530.3484848484849,133.0,32.0,3303.4,1218.2,34.0
351,99.0,1291.1875,724.875,152.0,87.25,955.375,1073.9375,135.0,104.125,3016.625,1068.875,233.25,104.79999999999995,3203.0,1277.2,171.0,93.89999999999986,2283.0,1356.9,131.4000000000001,91.22222222222217,2653.6666666666665,1192.2222222222222,155.1111111111113,114.0,2536.0,913.0,145.0,98.28571428571445,1640.5714285714287,1134.4285714285713,122.0,105.99999999999989,3136.0,965.3333333333334,134.0,106.0,1686.2727272727273,530.4545454545455,133.0,32.0,3312.8,1226.4,34.0
352,99.0,1296.25,724.5,152.0,87.625,958.4375,1071.59375,135.0,108.25,3019.25,1062.75,226.5,104.20000000000005,3203.0,1277.8,171.0,93.60000000000014,2293.0,1356.6,131.5999999999999,91.11111111111109,2660.3333333333335,1193.111111111111,155.5555555555552,114.28571428571433,2543.4285714285716,910.5714285714286,145.4285714285711,99.35714285714289,1642.7142857142858,1135.2857142857142,122.0,106.0,3146.5,971.5,134.0,106.0,1690.6363636363635,530.560606060606,133.0,32.0,3322.2,1234.6,34.0
353,99.0,1301.3125,724.125,152.0,88.0,961.5,1069.25,135.0,112.375,3021.875,1056.625,219.75,103.59999999999991,3203.0,1278.4,171.0,93.29999999999995,2303.0,1356.3,131.80000000000018,91.0,2667.0,1194.0,156.0,114.57142857142856,2550.8571428571427,908.1428571428571,145.85714285714312,100.42857142857156,1644.857142857143,1136.142857142857,122.0,106.00000000000011,3157.0,977.6666666666666,134.0,106.0,1695.0,530.6666666666666,133.0,32.0,3331.6,1242.8,34.0
354,99.0,1306.375,723.75,152.0,88.375,964.5625,1066.90625,135.0,116.5,3024.5,1050.5,213.0,103.0,3203.0,1279.0,171.0,93.0,2313.0,1356.0,132.0,90.9375,2673.75,1192.75,156.4375,114.85714285714289,2558.285714285714,905.7142857142857,146.28571428571422,101.5,1647.0,1137.0,122.0,105.99999999999989,3167.5,983.8333333333334,134.0,106.0,1699.3636363636363,530.7727272727273,133.0,32.0,3341.0,1251.0,34.0
355,99.0,1311.4375,723.375,152.0,88.75,967.625,1064.5625,135.0,120.625,3027.125,1044.375,206.25,102.40000000000009,3203.0,1279.6,171.0,92.59999999999991,2320.9,1353.9,132.29999999999973,90.875,2680.5,1191.5,156.875,115.14285714285711,2565.714285714286,903.2857142857143,146.71428571428578,102.57142857142844,1649.142857142857,1137.857142857143,122.0,106.0,3178.0,990.0,134.0,106.0,1703.7272727272727,530.8787878787879,133.0,32.0,3342.6666666666665,1256.0,34.0
356,99.0,1316.5,723.0,152.0,89.125,970.6875,1062.21875,135.0,124.75,3029.75,1038.25,199.5,101.79999999999995,3203.0,1280.2,171.0,92.20000000000005,2328.8,1351.8,132.5999999999999,90.8125,2687.25,1190.25,157.3125,115.42857142857144,2573.1428571428573,900.8571428571429,147.14285714285688,103.64285714285711,1651.2857142857142,1138.7142857142858,122.0,106.0,3183.0,993.8571428571429,135.85714285714266,106.0,1708.090909090909,530.9848484848485,133.0,32.0,3344.3333333333335,1261.0,34.0
357,99.0,1321.5625,722.625,152.0,89.5,973.75,1059.875,135.0,128.875,3032.375,1032.125,192.75,101.20000000000005,3203.0,1280.8,171.0,91.79999999999995,2336.7,1349.7,132.9000000000001,90.75,2694.0,1189.0,157.75,115.71428571428567,2580.5714285714284,898.4285714285714,147.5714285714289,104.71428571428555,1653.4285714285713,1139.5714285714287,122.0,106.00000000000011,3188.0,997.7142857142857,137.71428571428578,106.0,1712.4545454545455,531.0909090909091,133.0,32.0,3346.0,1266.0,34.0
358,99.0,1326.625,722.25,152.0,89.875,976.8125,1057.53125,135.0,133.0,3035.0,1026.0,186.0,100.59999999999991,3203.0,1281.4,171.0,91.40000000000009,2344.6,1347.6,133.20000000000027,90.6875,2700.75,1187.75,158.1875,116.0,2588.0,896.0,148.0,105.78571428571445,1655.5714285714287,1140.4285714285713,122.0,106.00000000000011,3193.0,1001.5714285714286,139.57142857142844,106.0,1716.8181818181818,531.1969696969697,133.0,32.0,3343.0,1272.0,34.0
359,99.0,1331.6875,721.875,152.0,90.25,979.875,1055.1875,135.0,131.33333333333326,3041.0,1024.0,185.0,100.0,3203.0,1282.0,171.0,91.0,2352.5,1345.5,133.5,90.625,2707.5,1186.5,158.625,116.19999999999993,2594.6,898.6,148.5999999999999,106.85714285714289,1657.7142857142858,1141.2857142857142,122.0,105.99999999999989,3198.0,1005.4285714285714,141.42857142857156,106.0,1721.1818181818182,531.3030303030303,133.0,32.0,3340.0,1278.0,34.0
360,99.0,1336.75,721.5,152.0,90.625,982.9375,1052.84375,135.0,129.66666666666674,3047.0,1022.0,184.0,100.0,3203.0,1282.0,171.67857142857156,90.59999999999991,2360.4,1343.4,133.79999999999973,90.5625,2714.25,1185.25,159.0625,116.39999999999998,2601.2,901.2,149.20000000000027,107.92857142857156,1659.857142857143,1142.142857142857,122.0,105.99999999999989,3203.0,1009.2857142857143,143.28571428571422,106.0,1725.5454545454545,531.4090909090909,133.0,32.0,3334.0,1281.5,34.0
361,99.0,1341.8125,721.125,152.0,91.0,986.0,1050.5,135.0,128.0,3053.0,1020.0,183.0,100.0,3203.0,1282.0,172.35714285714266,90.20000000000005,2368.3,1341.3,134.0999999999999,90.5,2721.0,1184.0,159.5,116.60000000000002,2607.8,903.8,149.79999999999973,109.0,1662.0,1143.0,122.0,106.0,3208.0,1013.1428571428571,145.14285714285734,106.0,1729.909090909091,531.5151515151515,133.0,32.0,3328.0,1285.0,34.0
362,99.0,1346.875,720.75,152.0,91.375,989.0625,1048.15625,135.0,121.0,3059.0,1017.75,182.25,100.0,3203.0,1282.0,173.03571428571422,89.79999999999995,2376.2,1339.2,134.4000000000001,90.4375,2727.75,1182.75,159.9375,116.80000000000007,2614.4,906.4,150.4000000000001,109.0,1661.3636363636363,1146.2727272727273,122.0,106.0,3213.0,1017.0,147.0,106.0,1734.2727272727273,531.6212121212121,133.0,32.0,3317.5,1286.5,34.0
363,99.0,1351.9375,720.375,152.0,91.75,992.125,1045.8125,135.0,114.0,3065.0,1015.5,181.5,100.0,3203.0,1282.0,173.71428571428578,89.40000000000009,2384.1,1337.1,134.70000000000027,90.375,2734.5,1181.5,160.375,117.0,2621.0,909.0,151.0,109.0,1660.7272727272727,1149.5454545454545,122.0,110.19999999999993,3217.6,1019.4,147.0,106.0,1738.6363636363637,531.7272727272727,133.0,32.0,3307.0,1288.0,34.0
364,99.0,1357.0,720.0,152.0,92.125,995.1875,1043.46875,135.0,107.0,3071.0,1013.25,180.75,100.0,3203.0,1282.0,174.39285714285734,89.0,2392.0,1335.0,135.0,90.3125,2741.25,1180.25,160.8125,117.33333333333337,2623.6666666666665,913.6666666666666,151.33333333333348,109.0,1660.090909090909,1152.8181818181818,122.0,114.40000000000009,3222.2,1021.8,147.0,106.0,1743.0,531.8333333333334,133.0,32.0,3304.0,1288.0,34.0
365,98.66666666666663,1362.3333333333333,719.6969696969697,151.15151515151524,92.5,998.25,1041.125,135.0,100.0,3077.0,1011.0,180.0,100.0,3203.0,1282.0,175.07142857142844,88.72222222222217,2397.8888888888887,1334.111111111111,135.16666666666697,90.25,2748.0,1179.0,161.25,117.66666666666663,2626.3333333333335,918.3333333333334,151.66666666666652,109.0,1659.4545454545455,1156.090909090909,122.0,118.59999999999991,3226.8,1024.2,147.0,106.0,1747.3636363636365,531.939393939394,133.0,32.0,3304.0,1288.0,34.0
366,98.33333333333337,1367.6666666666667,719.3939393939394,150.30303030303025,92.875,1001.3125,1038.78125,135.0,99.99999999999989,3079.6363636363635,1008.8181818181819,180.0,100.0,3203.0,1282.0,175.75,88.44444444444457,2403.777777777778,1333.2222222222222,135.33333333333348,90.1875,2754.75,1177.75,161.6875,118.0,2629.0,923.0,152.0,109.0,1658.8181818181818,1159.3636363636363,122.0,122.80000000000018,3231.4,1026.6,147.0,106.0,1751.7272727272727,532.0454545454545,133.0,32.0,3304.0,1285.5,34.0
367,98.0,1373.0,719.0909090909091,149.4545454545455,93.25,1004.375,1036.4375,135.0,100.00000000000011,3082.2727272727275,1006.6363636363636,180.0,100.0,3203.0,1282.0,176.42857142857156,88.16666666666674,2409.6666666666665,1332.3333333333333,135.5,90.125,2761.5,1176.5,162.125,117.8125,2634.0,922.4375,152.4375,109.0,1658.1818181818182,1162.6363636363637,122.0,127.0,3236.0,1029.0,147.0,106.0,1756.090909090909,532.1515151515151,133.0,32.0,3304.0,1283.0,34.0
368,97.66666666666674,1378.3333333333333,718.7878787878788,148.60606060606074,93.625,1007.4375,1034.09375,135.0,100.0,3084.909090909091,1004.4545454545455,180.0,100.0,3203.0,1282.0,177.10714285714266,87.88888888888891,2415.5555555555557,1331.4444444444443,135.66666666666652,90.0625,2768.25,1175.25,162.5625,117.625,2639.0,921.875,152.875,109.0,1657.5454545454545,1165.909090909091,122.0,128.83333333333326,3238.8333333333335,1033.0,159.0,106.0,1760.4545454545455,532.2575757575758,133.0,32.0,3310.0,1283.0,34.0
369,97.33333333333337,1383.6666666666667,718.4848484848485,147.75757575757575,94.0,1010.5,1031.75,135.0,100.0,3087.5454545454545,1002.2727272727273,180.0,100.0,3203.0,1282.0,177.78571428571422,87.61111111111109,2421.4444444444443,1330.5555555555557,135.83333333333348,90.0,2775.0,1174.0,163.0,117.4375,2644.0,921.3125,153.3125,109.0,1656.909090909091,1169.1818181818182,122.0,130.66666666666674,3241.6666666666665,1037.0,171.0,106.0,1764.8181818181818,532.3636363636364,133.0,32.0,3316.0,1283.0,34.0
370,97.0,1389.0,718.1818181818181,146.909090909091,94.375,1013.5625,1029.40625,135.0,99.99999999999989,3090.181818181818,1000.0909090909091,180.0,100.0,3203.0,1282.0,178.46428571428578,87.33333333333326,2427.3333333333335,1329.6666666666667,136.0,89.5,2782.5,1178.0,163.0,117.25,2649.0,920.75,153.75,109.0,1656.2727272727273,1172.4545454545455,122.0,132.5,3244.5,1041.0,183.0,106.0,1769.1818181818182,532.469696969697,133.0,32.0,3320.6666666666665,1285.0,34.0
371,96.66666666666663,1394.3333333333333,717.8787878787879,146.06060606060623,94.75,1016.625,1027.0625,135.0,100.00000000000011,3092.818181818182,997.9090909090909,180.0,100.0,3203.0,1282.0,179.14285714285734,87.05555555555543,2433.222222222222,1328.7777777777778,136.16666666666652,89.0,2790.0,1182.0,163.0,117.0625,2654.0,920.1875,154.1875,109.0,1655.6363636363637,1175.7272727272727,122.0,134.33333333333326,3247.3333333333335,1045.0,195.0,106.0,1773.5454545454545,532.5757575757576,133.0,32.0,3325.3333333333335,1287.0,34.0
372,96.33333333333326,1399.6666666666667,717.5757575757576,145.21212121212125,95.125,1019.6875,1024.71875,135.0,100.0,3095.4545454545455,995.7272727272727,180.0,100.0,3203.0,1282.0,179.82142857142844,86.77777777777783,2439.1111111111113,1327.888888888889,136.33333333333303,89.66666666666674,2797.625,1179.375,164.20833333333348,116.875,2659.0,919.625,154.625,109.0,1655.0,1179.0,122.0,136.16666666666674,3250.1666666666665,1049.0,207.0,106.0,1777.909090909091,532.6818181818181,133.0,32.0,3330.0,1289.0,34.0
373,96.0,1405.0,717.2727272727273,144.36363636363626,95.5,1022.75,1022.375,135.0,100.0,3098.090909090909,993.5454545454545,180.0,100.0,3203.0,1282.0,180.5,86.5,2445.0,1327.0,136.5,90.33333333333326,2805.25,1176.75,165.41666666666652,116.6875,2664.0,919.0625,155.0625,107.375,1653.875,1179.25,122.0,138.0,3253.0,1053.0,219.0,106.0,1782.2727272727273,532.7878787878788,133.0,32.0,3327.0,1286.0,34.0
374,95.66666666666663,1410.3333333333333,716.969696969697,143.5151515151515,95.875,1025.8125,1020.03125,135.0,99.99999999999989,3100.7272727272725,991.3636363636364,180.0,100.0,3203.0,1282.0,181.17857142857156,86.22222222222217,2450.8888888888887,1326.111111111111,136.66666666666697,91.0,2812.875,1174.125,166.625,116.5,2669.0,918.5,155.5,105.75,1652.75,1179.5,122.0,133.66666666666674,3253.0,1057.3333333333333,214.66666666666652,106.0,1786.6363636363635,532.8939393939394,133.0,32.0,3320.0,1285.0,34.0
375,95.33333333333337,1415.6666666666667,716.6666666666666,142.66666666666652,96.25,1028.875,1017.6875,135.0,100.00000000000011,3103.3636363636365,989.1818181818181,180.0,100.0,3203.0,1282.0,181.85714285714266,85.94444444444457,2456.777777777778,1325.2222222222222,136.83333333333348,91.66666666666674,2820.5,1171.5,167.83333333333348,116.3125,2674.0,917.9375,155.9375,104.125,1651.625,1179.75,122.0,129.33333333333326,3253.0,1061.6666666666667,210.33333333333348,106.0,1791.0,533.0,133.0,32.0,3314.0,1283.5,34.0
376,95.0,1421.0,716.3636363636364,141.81818181818176,96.625,1031.9375,1015.34375,135.0,100.0,3106.0,987.0,180.0,100.0,3203.0,1282.0,182.53571428571422,85.66666666666674,2462.6666666666665,1324.3333333333333,137.0,92.33333333333326,2828.125,1168.875,169.04166666666652,116.125,2679.0,917.375,156.375,102.5,1650.5,1180.0,122.0,125.0,3253.0,1066.0,206.0,106.0,1795.1527777777778,533.4861111111111,133.0,32.0,3308.0,1282.0,34.0
377,94.66666666666674,1426.3333333333333,716.060606060606,140.969696969697,97.0,1035.0,1013.0,135.0,102.0,3116.4,982.2,178.5999999999999,100.0,3203.0,1282.0,183.21428571428578,85.38888888888891,2468.5555555555557,1323.4444444444443,137.16666666666652,93.0,2835.75,1166.25,170.25,115.9375,2684.0,916.8125,156.8125,100.875,1649.375,1180.25,122.0,120.66666666666674,3253.0,1070.3333333333333,201.66666666666652,106.0,1799.3055555555557,533.9722222222222,133.0,32.0,3309.0,1282.0,34.0
378,94.33333333333337,1431.6666666666667,715.7575757575758,140.121212121212,97.0,1041.0,1011.5,135.0,104.00000000000011,3126.8,977.4,177.19999999999982,100.0,3203.0,1282.0,183.89285714285734,85.11111111111109,2474.4444444444443,1322.5555555555557,137.33333333333348,93.66666666666674,2843.375,1163.625,171.45833333333348,115.75,2689.0,916.25,157.25,99.25,1648.25,1180.5,122.0,116.33333333333326,3253.0,1074.6666666666667,197.33333333333348,106.0,1803.4583333333333,534.4583333333334,133.0,32.0,3311.0,1281.0,34.0
379,94.0,1437.0,715.4545454545455,139.27272727272725,97.0,1047.0,1010.0,135.0,105.99999999999989,3137.2,972.6,175.80000000000018,100.0,3203.0,1282.0,184.57142857142844,84.83333333333326,2480.3333333333335,1321.6666666666667,137.5,94.33333333333326,2851.0,1161.0,172.66666666666652,115.5625,2694.0,915.6875,157.6875,97.625,1647.125,1180.75,122.0,112.0,3253.0,1079.0,193.0,106.0,1807.611111111111,534.9444444444445,133.0,32.0,3322.5,1286.0,34.0
380,93.66666666666674,1442.3333333333333,715.1515151515151,138.4242424242425,97.0,1053.0,1008.5,135.0,108.0,3147.6,967.8,174.4000000000001,100.0,3203.0,1282.0,185.25,84.55555555555543,2486.222222222222,1320.7777777777778,137.66666666666652,95.0,2858.625,1158.375,173.875,115.375,2699.0,915.125,158.125,96.0,1646.0,1181.0,122.0,107.66666666666674,3253.0,1083.3333333333333,188.66666666666652,106.0,1811.763888888889,535.4305555555555,133.0,32.0,3334.0,1291.0,34.0
381,93.33333333333326,1447.6666666666667,714.8484848484849,137.5757575757575,97.0,1059.0,1007.0,135.0,110.0,3158.0,963.0,173.0,100.0,3203.0,1282.0,185.92857142857156,84.27777777777783,2492.1111111111113,1319.888888888889,137.83333333333303,95.66666666666674,2866.25,1155.75,175.08333333333348,115.1875,2704.0,914.5625,158.5625,98.16666666666674,1639.5,1181.5,122.0,103.33333333333326,3253.0,1087.6666666666667,184.33333333333348,106.0,1815.9166666666667,535.9166666666666,133.0,32.0,3344.0,1295.0,34.0
382,93.0,1453.0,714.5454545454545,136.72727272727275,96.99999999999989,1062.878787878788,1005.5757575757576,135.0,112.28571428571433,3161.4285714285716,958.7142857142857,171.4285714285711,100.0,3203.0,1282.0,186.60714285714266,84.0,2498.0,1319.0,138.0,96.33333333333326,2873.875,1153.125,176.29166666666652,115.0,2709.0,914.0,159.0,100.33333333333326,1633.0,1182.0,122.0,99.0,3253.0,1092.0,180.0,106.0,1820.0694444444443,536.4027777777778,133.0,32.0,3354.0,1301.0,34.0
383,92.66666666666663,1458.3333333333333,714.2424242424242,135.878787878788,97.00000000000011,1066.7575757575758,1004.1515151515151,135.0,114.57142857142856,3164.8571428571427,954.4285714285714,169.85714285714312,100.0,3203.0,1282.0,187.28571428571422,84.0,2503.2,1317.85,138.0,97.0,2881.5,1150.5,177.5,114.8125,2714.0,913.4375,159.4375,102.5,1626.5,1182.5,122.0,99.0,3253.1428571428573,1096.0,180.0,106.0,1824.2222222222222,536.8888888888889,133.0,32.0,3365.5,1299.5,34.0
384,92.33333333333326,1463.6666666666667,713.939393939394,135.030303030303,97.0,1070.6363636363637,1002.7272727272727,135.0,116.85714285714289,3168.285714285714,950.1428571428571,168.28571428571422,100.0,3203.0,1282.0,187.96428571428578,84.0,2508.4,1316.7,138.0,97.66666666666674,2889.125,1147.875,178.70833333333348,114.625,2719.0,912.875,159.875,104.66666666666674,1620.0,1183.0,122.0,99.0,3253.285714285714,1100.0,180.0,106.0,1828.375,537.375,133.0,32.0,3377.0,1298.0,34.0
385,92.0,1469.0,713.6363636363636,134.18181818181824,97.0,1074.5151515151515,1001.3030303030303,135.0,119.14285714285711,3171.714285714286,945.8571428571429,166.71428571428578,100.0,3203.0,1282.0,188.64285714285734,84.0,2513.6,1315.55,138.0,98.33333333333326,2896.75,1145.25,179.91666666666652,114.4375,2724.0,912.3125,160.3125,106.83333333333326,1613.5,1183.5,122.0,99.0,3253.4285714285716,1104.0,180.0,106.0,1832.5277777777778,537.8611111111111,133.0,32.0,3394.0,1289.0,34.0
386,91.66666666666663,1474.3333333333333,713.3333333333334,133.33333333333348,97.00000000000011,1078.3939393939395,999.8787878787879,135.0,121.42857142857144,3175.1428571428573,941.5714285714286,165.14285714285688,100.0,3203.0,1282.0,189.32142857142844,84.0,2518.8,1314.4,138.0,99.0,2904.375,1142.625,181.125,114.25,2729.0,911.75,160.75,109.0,1607.0,1184.0,122.0,99.0,3253.5714285714284,1108.0,180.0,106.0,1836.6805555555557,538.3472222222222,133.0,32.0,3401.0,1274.0,34.0
387,91.33333333333337,1479.6666666666667,713.030303030303,132.4848484848485,97.0,1082.2727272727273,998.4545454545455,135.0,123.71428571428567,3178.5714285714284,937.2857142857143,163.5714285714289,100.0,3203.0,1282.0,190.0,84.0,2524.0,1313.25,138.0,99.66666666666674,2912.0,1140.0,182.33333333333348,114.0625,2734.0,911.1875,161.1875,109.0,1604.9166666666667,1185.4166666666667,122.0,99.0,3253.714285714286,1112.0,180.0,106.0,1840.8333333333333,538.8333333333334,133.0,32.0,3412.0,1259.0,34.0
388,91.0,1485.0,712.7272727272727,131.63636363636374,97.0,1086.1515151515152,997.030303030303,135.0,126.0,3182.0,933.0,162.0,100.0,3203.0,1282.0,185.33333333333348,84.0,2529.2,1312.1,138.0,100.33333333333326,2919.625,1137.375,183.54166666666652,113.875,2739.0,910.625,161.625,109.0,1602.8333333333333,1186.8333333333333,122.0,99.0,3253.8571428571427,1116.0,180.0,106.0,1844.986111111111,539.3194444444445,133.0,32.0,3423.0,1244.0,34.0
389,90.66666666666674,1490.3333333333333,712.4242424242424,130.78787878787875,96.99999999999989,1090.030303030303,995.6060606060606,135.0,127.09090909090912,3184.5454545454545,929.0909090909091,164.909090909091,100.0,3203.0,1282.0,180.66666666666652,84.0,2534.4,1310.95,138.0,101.0,2927.25,1134.75,184.75,113.6875,2744.0,910.0625,162.0625,109.0,1600.75,1188.25,122.0,99.0,3254.0,1120.0,180.0,106.0,1849.138888888889,539.8055555555555,133.0,32.0,3434.0,1229.0,34.0
390,90.33333333333337,1495.6666666666667,712.1212121212121,129.93939393939377,97.00000000000011,1093.909090909091,994.1818181818181,135.0,128.18181818181813,3187.090909090909,925.1818181818181,167.81818181818198,100.0,3203.0,1282.0,176.0,84.0,2539.6,1309.8,138.0,101.66666666666674,2934.875,1132.125,185.95833333333348,113.5,2749.0,909.5,162.5,109.0,1598.6666666666667,1189.6666666666667,122.0,99.0,3254.1428571428573,1123.2857142857142,180.0,106.0,1853.2916666666667,540.2916666666666,133.0,32.0,3441.75,1212.75,34.0
391,90.0,1501.0,711.8181818181819,129.090909090909,97.0,1097.7878787878788,992.7575757575758,135.0,129.27272727272725,3189.6363636363635,921.2727272727273,170.72727272727298,100.0,3203.0,1282.0,171.33333333333348,84.0,2544.8,1308.65,138.0,102.33333333333326,2942.5,1129.5,187.16666666666652,113.3125,2754.0,908.9375,162.9375,109.0,1596.5833333333333,1191.0833333333333,122.0,99.0,3254.285714285714,1126.5714285714287,180.0,106.0,1857.4444444444443,540.7777777777778,133.0,32.0,3449.5,1196.5,34.0
392,89.66666666666663,1506.3333333333333,711.5151515151515,128.24242424242425,96.99999999999989,1101.6666666666667,991.3333333333334,135.0,130.36363636363637,3192.181818181818,917.3636363636364,173.63636363636397,100.0,3203.0,1282.0,166.66666666666652,84.0,2550.0,1307.5,138.0,103.0,2950.125,1126.875,188.375,113.125,2759.0,908.375,163.375,109.0,1594.5,1192.5,122.0,99.0,3254.4285714285716,1129.857142857143,180.0,106.0,1861.5972222222222,541.2638888888889,133.0,32.0,3457.25,1180.25,34.0
393,89.33333333333326,1511.6666666666667,711.2121212121212,127.39393939393926,97.00000000000011,1105.5454545454545,989.9090909090909,135.0,131.4545454545455,3194.7272727272725,913.4545454545455,176.54545454545496,100.0,3203.0,1282.0,162.0,84.0,2555.2,1306.35,138.0,103.66666666666674,2957.75,1124.25,189.58333333333348,112.9375,2764.0,907.8125,163.8125,109.0,1592.4166666666667,1193.9166666666667,122.0,99.0,3254.5714285714284,1133.142857142857,180.0,106.0,1865.75,541.75,133.0,32.0,3465.0,1164.0,34.0
394,89.0,1517.0,710.9090909090909,126.5454545454545,97.0,1109.4242424242425,988.4848484848485,135.0,132.5454545454545,3197.2727272727275,909.5454545454545,179.45454545454504,100.0,3203.3636363636365,1282.3636363636363,162.0,84.0,2560.4,1305.2,138.0,104.33333333333326,2965.375,1121.625,190.79166666666652,112.75,2769.0,907.25,164.25,109.0,1590.3333333333333,1195.3333333333333,122.0,99.0,3254.714285714286,1136.4285714285713,180.0,106.0,1869.9027777777778,542.2361111111111,133.0,32.0,3469.0,1148.0,34.0
395,88.66666666666663,1522.3333333333333,710.6060606060606,125.69696969696975,97.0,1113.3030303030303,987.060606060606,135.0,133.63636363636363,3199.818181818182,905.6363636363636,182.36363636363603,100.0,3203.7272727272725,1282.7272727272727,162.0,84.0,2565.6,1304.05,138.0,105.0,2973.0,1119.0,192.0,112.5625,2774.0,906.6875,164.6875,109.0,1588.25,1196.75,122.0,99.0,3254.8571428571427,1139.7142857142858,180.0,106.0,1874.0555555555557,542.7222222222222,133.0,32.0,3473.0,1132.0,34.0
396,88.33333333333337,1527.6666666666667,710.3030303030303,124.84848484848476,97.00000000000011,1117.1818181818182,985.6363636363636,135.0,134.72727272727275,3202.3636363636365,901.7272727272727,185.27272727272702,100.0,3204.090909090909,1283.090909090909,162.0,84.0,2570.8,1302.9,138.0,105.0,2986.5263157894738,1110.421052631579,188.0526315789475,112.375,2779.0,906.125,165.125,109.0,1586.1666666666667,1198.1666666666667,122.0,99.0,3255.0,1143.0,180.0,106.0,1878.2083333333333,543.2083333333334,133.0,32.0,3477.0,1116.0,34.0
397,88.0,1533.0,710.0,124.0,97.0,1121.060606060606,984.2121212121212,135.0,135.81818181818198,3204.909090909091,897.8181818181818,188.18181818181802,100.0,3204.4545454545455,1283.4545454545455,162.0,84.0,2576.0,1301.75,138.0,105.0,3000.0526315789475,1101.842105263158,184.10526315789457,112.1875,2784.0,905.5625,165.5625,109.0,1584.0833333333333,1199.5833333333333,122.0,99.0,3254.714285714286,1143.6190476190477,179.23809523809496,106.0,1882.361111111111,543.6944444444445,133.0,32.0,3481.0,1100.0,34.0
398,88.10000000000002,1537.6,709.65,123.45000000000005,97.0,1124.939393939394,982.7878787878788,135.0,136.90909090909088,3207.4545454545455,893.9090909090909,191.090909090909,100.0,3204.818181818182,1283.8181818181818,162.0,84.0,2581.2,1300.6,138.0,105.0,3013.5789473684213,1093.2631578947369,180.15789473684208,112.0,2789.0,905.0,166.0,109.0,1582.0,1201.0,122.0,99.0,3254.4285714285716,1144.2380952380952,178.47619047619037,106.0,1886.513888888889,544.1805555555555,133.0,34.0,3480.0,1080.0,40.0
399,88.20000000000005,1542.2,709.3,122.89999999999986,96.99999999999989,1128.8181818181818,981.3636363636364,135.0,138.0,3210.0,890.0,194.0,100.0,3205.181818181818,1284.1818181818182,162.0,84.0,2586.4,1299.45,138.0,105.0,3027.1052631578946,1084.6842105263158,176.2105263157896,112.125,2794.8125,902.875,165.625,109.0,1580.0555555555557,1201.7777777777778,122.0,99.0,3254.1428571428573,1144.857142857143,177.71428571428532,106.0,1890.6666666666667,544.6666666666666,133.0,33.333333333333485,3481.3333333333335,1064.3333333333333,38.0
400,88.29999999999995,1546.8,708.95,122.35000000000014,97.0,1132.6969696969697,979.939393939394,135.0,136.5,3213.0,886.0,198.0,100.0,3205.5454545454545,1284.5454545454545,162.0,84.0,2591.6,1298.3,138.0,105.0,3040.6315789473683,1076.1052631578948,172.2631578947371,112.25,2800.625,900.75,165.25,109.0,1578.111111111111,1202.5555555555557,122.0,99.0,3253.8571428571427,1145.4761904761904,176.9523809523812,106.0,1894.8194444444443,545.1527777777778,133.0,32.666666666666515,3482.6666666666665,1048.6666666666667,36.0
401,88.39999999999998,1551.4,708.6,121.79999999999995,97.0,1136.5757575757575,978.5151515151515,135.0,135.0,3216.0,882.0,202.0,100.0,3205.909090909091,1284.909090909091,162.0,84.0,2596.8,1297.15,138.0,105.0,3054.157894736842,1067.5263157894738,168.31578947368416,112.375,2806.4375,898.625,164.875,109.0,1576.1666666666667,1203.3333333333333,122.0,99.0,3253.5714285714284,1146.095238095238,176.19047619047615,106.0,1898.9722222222222,545.6388888888889,133.0,32.0,3484.0,1033.0,34.0
402,88.5,1556.0,708.25,121.25,96.99999999999989,1140.4545454545455,977.0909090909091,135.0,130.0,3224.25,878.0,201.0,100.0,3206.2727272727275,1285.2727272727273,162.0,84.0,2602.0,1296.0,138.0,105.0,3067.684210526316,1058.9473684210527,164.36842105263167,112.5,2812.25,896.5,164.5,109.0,1574.2222222222222,1204.111111111111,122.0,99.0,3253.285714285714,1146.7142857142858,175.42857142857156,106.0,1903.125,546.125,133.0,32.5,3481.25,1017.0,34.5
403,88.60000000000002,1560.6,707.9,120.70000000000005,97.00000000000011,1144.3333333333333,975.6666666666666,135.0,125.0,3232.5,874.0,200.0,100.0,3206.6363636363635,1285.6363636363637,162.0,84.0,2606.744680851064,1294.0,138.0,105.0,3081.2105263157896,1050.3684210526317,160.42105263157873,112.625,2818.0625,894.375,164.125,109.0,1572.2777777777778,1204.888888888889,122.0,99.0,3253.0,1147.3333333333333,174.66666666666652,106.0,1907.2777777777778,546.6111111111111,133.0,33.0,3478.5,1001.0,35.0
404,88.70000000000005,1565.2,707.55,120.14999999999986,97.0,1148.2121212121212,974.2424242424242,135.0,120.0,3240.75,870.0,199.0,100.0,3207.0,1286.0,162.0,84.0,2611.4893617021276,1292.0,138.0,105.0,3094.7368421052633,1041.7894736842106,156.47368421052624,112.75,2823.875,892.25,163.75,109.0,1570.3333333333333,1205.6666666666667,122.0,99.0,3252.714285714286,1147.952380952381,173.90476190476193,106.0,1911.4305555555557,547.0972222222222,133.0,33.5,3475.75,985.0,35.5
405,88.79999999999995,1569.8,707.2,119.60000000000014,96.99999999999989,1152.090909090909,972.8181818181819,135.0,115.0,3249.0,866.0,198.0,98.8947368421052,3207.4210526315787,1286.3157894736842,162.0,84.0,2616.2340425531916,1290.0,138.0,105.0,3108.2631578947367,1033.2105263157896,152.52631578947376,112.875,2829.6875,890.125,163.375,109.0,1568.388888888889,1206.4444444444443,122.0,99.0,3252.4285714285716,1148.5714285714287,173.14285714285688,106.0,1915.5833333333333,547.5833333333334,133.00000000000023,34.0,3473.0,969.0,36.0
406,88.89999999999998,1574.4,706.85,119.04999999999995,97.00000000000011,1155.969696969697,971.3939393939394,135.0,110.0,3257.25,862.0,197.0,97.78947368421063,3207.842105263158,1286.6315789473683,162.0,84.0,2620.978723404255,1288.0,138.0,105.0,3121.7894736842104,1024.6315789473683,148.57894736842127,113.0,2835.5,888.0,163.0,109.0,1566.4444444444443,1207.2222222222222,122.0,99.0,3252.1428571428573,1149.1904761904761,172.3809523809523,106.0,1919.736111111111,548.0694444444445,133.00000000000023,34.0,3467.25,954.25,36.0
407,89.0,1579.0,706.5,118.5,97.0,1159.8484848484848,969.969696969697,135.0,105.0,3265.5,858.0,196.0,96.68421052631561,3208.2631578947367,1286.9473684210527,162.0,84.0,2625.723404255319,1286.0,138.0,104.99999999999989,3135.315789473684,1016.0526315789474,144.63157894736833,113.125,2841.3125,885.875,162.625,109.0,1564.5,1208.0,122.0,99.0,3251.8571428571427,1149.8095238095239,171.6190476190477,106.0,1923.888888888889,548.5555555555555,132.99999999999977,34.0,3461.5,939.5,36.0
408,89.10000000000002,1583.6,706.15,117.95000000000005,97.0,1163.7272727272727,968.5454545454545,135.0,100.0,3273.75,854.0,195.0,95.57894736842104,3208.684210526316,1287.2631578947369,162.0,84.0,2630.468085106383,1284.0,138.0,104.99999999999989,3148.842105263158,1007.4736842105264,140.68421052631584,113.25,2847.125,883.75,162.25,109.0,1562.5555555555557,1208.7777777777778,122.0,99.0,3251.5714285714284,1150.4285714285713,170.85714285714312,106.0,1928.0416666666667,549.0416666666666,132.99999999999977,34.0,3455.75,924.75,36.0
409,89.20000000000005,1588.2,705.8,117.39999999999986,96.99999999999989,1167.6060606060605,967.1212121212121,135.0,95.0,3282.0,850.0,194.0,94.47368421052624,3209.1052631578946,1287.578947368421,162.0,84.0,2635.2127659574467,1282.0,138.0,104.99999999999989,3162.3684210526317,998.8947368421053,136.7368421052629,113.375,2852.9375,881.625,161.875,109.0,1560.611111111111,1209.5555555555557,122.0,99.0,3251.285714285714,1151.047619047619,170.09523809523807,106.0,1932.1944444444443,549.5277777777778,133.0,34.0,3450.0,910.0,36.0
410,89.29999999999995,1592.8,705.45,116.85000000000014,97.0,1171.4848484848485,965.6969696969697,135.0,95.0,3284.0,845.0,191.5,93.36842105263167,3209.5263157894738,1287.8947368421052,162.0,84.0,2639.9574468085107,1280.0,138.0,105.0,3175.8947368421054,990.3157894736842,132.7894736842104,113.5,2858.75,879.5,161.5,109.0,1558.6666666666667,1210.3333333333333,122.0,99.0,3251.0,1151.6666666666667,169.33333333333348,106.0,1936.3472222222222,550.0138888888889,133.0,34.0,3442.5,895.0,36.0
411,89.39999999999998,1597.4,705.1,116.29999999999995,97.0,1175.3636363636363,964.2727272727273,135.0,95.0,3286.0,840.0,189.0,92.26315789473688,3209.9473684210525,1288.2105263157894,162.0,84.0,2644.7021276595747,1278.0,138.0,105.0,3189.4210526315787,981.7368421052631,128.84210526315792,113.625,2864.5625,877.375,161.125,109.0,1556.7222222222222,1211.111111111111,122.0,99.0,3250.714285714286,1152.2857142857142,168.57142857142844,106.0,1940.5,550.5,133.0,34.0,3435.0,880.0,36.0
412,89.5,1602.0,704.75,115.75,96.99999999999989,1179.2424242424242,962.8484848484849,135.0,95.0,3288.0,835.0,186.5,91.15789473684208,3210.3684210526317,1288.5263157894738,162.0,84.0,2649.446808510638,1276.0,138.0,105.0,3202.9473684210525,973.1578947368421,124.89473684210543,113.75,2870.375,875.25,160.75,109.0,1554.7777777777778,1211.888888888889,122.0,99.0,3250.4285714285716,1152.904761904762,167.80952380952385,106.0,1944.6527777777778,550.9861111111111,133.0,34.0,3433.0,873.5,36.0
413,89.60000000000002,1606.6,704.4,115.20000000000005,97.00000000000011,1183.121212121212,961.4242424242424,135.0,95.0,3290.0,830.0,184.0,90.05263157894728,3210.7894736842104,1288.842105263158,162.0,84.0,2654.191489361702,1274.0,138.0,105.0,3216.4736842105262,964.578947368421,120.94736842105249,113.875,2876.1875,873.125,160.375,109.0,1552.8333333333333,1212.6666666666667,122.0,99.0,3250.1428571428573,1153.5238095238096,167.0476190476188,106.0,1948.8055555555557,551.4722222222222,133.0,34.0,3431.0,867.0,36.0
414,89.70000000000005,1611.2,704.05,114.64999999999986,97.0,1187.0,960.0,135.0,95.0,3291.6666666666665,824.6666666666666,180.0,88.94736842105272,3211.2105263157896,1289.157894736842,162.0,84.0,2658.936170212766,1272.0,138.0,105.0,3230.0,956.0,117.0,114.0,2882.0,871.0,160.0,109.0,1550.888888888889,1213.4444444444443,122.0,99.0,3249.8571428571427,1154.142857142857,166.28571428571468,106.0,1952.9583333333333,551.9583333333334,133.00000000000023,34.0,3427.0,863.0,36.0
415,89.79999999999995,1615.8,703.7,114.10000000000014,97.0,1190.9705882352941,960.0,135.0,95.0,3293.3333333333335,819.3333333333334,176.0,87.84210526315792,3211.6315789473683,1289.4736842105262,162.0,84.0,2663.68085106383,1270.0,138.0,105.0,3237.375,947.625,117.0,114.19999999999993,2887.8,870.2,159.5999999999999,109.0,1548.9444444444443,1214.2222222222222,122.0,99.0,3249.5714285714284,1154.7619047619048,165.52380952380963,106.0,1957.111111111111,552.4444444444445,133.00000000000023,34.0,3428.0,860.0,36.0
416,89.89999999999998,1620.4,703.35,113.54999999999995,97.0,1194.9411764705883,960.0,135.0,95.0,3295.0,814.0,172.0,86.73684210526312,3212.0526315789475,1289.7894736842106,162.0,84.0,2668.425531914894,1268.0,138.0,105.0,3244.75,939.25,117.0,114.39999999999998,2893.6,869.4,159.20000000000027,109.0,1547.0,1215.0,122.0,99.0,3249.285714285714,1155.3809523809523,164.76190476190504,106.0,1961.263888888889,552.9305555555555,132.99999999999977,34.0,3429.0,858.5,36.0
417,90.0,1625.0,703.0,113.0,97.0,1198.9117647058824,960.0,135.0,95.0,3297.0,813.4285714285714,173.85714285714266,85.63157894736833,3212.4736842105262,1290.1052631578948,162.0,84.0,2673.1702127659573,1266.0,138.0,105.0,3252.125,930.875,117.0,114.60000000000002,2899.4,868.6,158.79999999999973,108.68421052631584,1544.3947368421052,1216.3157894736842,122.0,99.0,3249.0,1156.0,164.0,106.0,1965.4166666666667,553.4166666666666,132.99999999999977,34.0,3430.0,857.0,36.0
418,90.0,1626.25,704.0,112.5,97.0,1202.8823529411766,960.0,135.0,95.0,3299.0,812.8571428571429,175.71428571428578,84.52631578947376,3212.8947368421054,1290.421052631579,162.0,84.0,2677.9148936170213,1264.0,138.0,105.0,3259.5,922.5,117.0,114.80000000000007,2905.2,867.8,158.4000000000001,108.36842105263167,1541.7894736842106,1217.6315789473683,122.0,99.0,3250.0,1155.0,164.0,106.0,1969.5694444444443,553.9027777777778,133.0,34.0,3433.0,855.0,36.0
419,90.0,1627.5,705.0,112.0,97.0,1206.8529411764705,960.0,135.0,95.0,3301.0,812.2857142857143,177.57142857142844,83.42105263157896,3213.315789473684,1290.7368421052631,162.0,84.0,2682.6595744680853,1262.0,138.0,105.0,3266.875,914.125,117.0,115.0,2911.0,867.0,158.0,108.05263157894728,1539.1842105263158,1218.9473684210527,122.0,99.0,3251.0,1154.0,164.0,106.0,1973.7222222222222,554.3888888888889,133.0,34.0,3437.0,854.5,36.0
420,90.0,1628.75,706.0,111.5,97.0,1210.8235294117646,960.0,135.0,95.0,3303.0,811.7142857142857,179.42857142857156,82.31578947368439,3213.7368421052633,1291.0526315789473,162.0,84.0,2687.404255319149,1260.0,138.0,105.0,3274.25,905.75,117.0,115.20000000000005,2917.8,867.4,157.5999999999999,107.73684210526312,1536.578947368421,1220.2631578947369,122.0,99.0,3252.0,1153.0,164.0,106.0,1977.875,554.875,133.0,34.0,3441.0,854.0,36.0
421,90.0,1630.0,707.0,111.0,97.0,1214.7941176470588,960.0,135.0,95.0,3305.0,811.1428571428571,181.28571428571422,81.21052631578937,3214.157894736842,1291.3684210526317,162.0,84.0,2692.148936170213,1258.0,138.0,105.0,3281.625,897.375,117.0,115.40000000000009,2924.6,867.8,157.20000000000027,107.42105263157896,1533.9736842105262,1221.578947368421,122.0,99.0,3253.0,1152.0,164.0,106.0,1982.0277777777778,555.3611111111111,133.0,34.0,3449.0,855.0,36.0
422,90.0666666666666,1634.6,707.3333333333334,110.53333333333353,97.0,1218.764705882353,960.0,135.0,95.0,3307.0,810.5714285714286,183.14285714285734,80.1052631578948,3214.5789473684213,1291.6842105263158,162.0,84.0,2696.8936170212764,1256.0,138.0,105.0,3289.0,889.0,117.0,115.59999999999991,2931.4,868.2,156.79999999999973,107.1052631578948,1531.3684210526317,1222.8947368421052,122.0,99.0,3254.0,1151.0,164.0,106.0,1986.1805555555557,555.8472222222222,133.0,34.0,3467.0,861.25,36.0
423,90.13333333333333,1639.2,707.6666666666666,110.0666666666666,97.0,1222.735294117647,960.0,135.0,95.0,3309.0,810.0,185.0,79.0,3215.0,1292.0,162.0,84.0,2701.6382978723404,1254.0,138.0,105.0,3289.0,880.75,117.0,115.79999999999995,2938.2,868.6,156.4000000000001,106.78947368421063,1528.7631578947369,1224.2105263157894,122.0,99.0,3255.0,1150.0,164.0,106.0,1990.3333333333333,556.3333333333334,133.00000000000023,34.0,3485.0,867.5,36.0
424,90.20000000000005,1643.8,708.0,109.60000000000014,97.0,1226.7058823529412,960.0,135.0,95.0,3307.0,809.5714285714286,185.0,79.0,3214.714285714286,1292.0,162.28571428571422,84.0,2706.3829787234044,1252.0,138.0,105.0,3289.0,872.5,117.0,116.0,2945.0,869.0,156.0,106.47368421052624,1526.157894736842,1225.5263157894738,122.0,99.0,3256.0,1149.0,164.0,106.0,1994.486111111111,556.8194444444445,133.00000000000023,34.0,3503.0,873.75,36.0
425,90.26666666666665,1648.4,708.3333333333334,109.13333333333321,97.0,1230.6764705882354,960.0,135.0,95.0,3305.0,809.1428571428571,185.0,79.0,3214.4285714285716,1292.0,162.57142857142844,84.0,2711.127659574468,1250.0,138.0,105.0,3289.0,864.25,117.0,116.125,2948.625,871.0,157.375,106.15789473684208,1523.5526315789473,1226.842105263158,122.0,99.0,3257.0,1148.0,164.0,106.0,1998.638888888889,557.3055555555555,132.99999999999977,34.0,3521.0,880.0,36.0
426,90.33333333333337,1653.0,708.6666666666666,108.66666666666674,97.0,1234.6470588235295,960.0,135.0,95.0,3303.0,808.7142857142857,185.0,79.0,3214.1428571428573,1292.0,162.85714285714266,84.0,2715.872340425532,1248.0,138.0,105.0,3289.0,856.0,117.0,116.25,2952.25,873.0,158.75,105.84210526315792,1520.9473684210527,1228.157894736842,122.0,99.0,3258.0,1147.0,164.0,106.0,2002.7916666666667,557.7916666666666,132.99999999999977,34.0,3537.25,888.75,36.0
427,90.39999999999998,1657.6,709.0,108.20000000000005,97.0,1238.6176470588234,960.0,135.0,95.0,3301.0,808.2857142857143,185.0,79.0,3213.8571428571427,1292.0,163.14285714285734,84.0,2720.6170212765956,1246.0,138.0,105.0,3288.4285714285716,855.5714285714286,120.28571428571422,116.375,2955.875,875.0,160.125,105.52631578947376,1518.342105263158,1229.4736842105262,122.0,99.0,3258.3333333333335,1144.5333333333333,164.0,106.0,2006.9444444444443,558.2777777777778,133.0,34.0,3553.5,897.5,36.0
428,90.46666666666658,1662.2,709.3333333333334,107.73333333333335,97.0,1242.5882352941176,960.0,135.0,95.0,3299.0,807.8571428571429,185.0,79.0,3213.5714285714284,1292.0,163.42857142857156,84.0,2725.3617021276596,1244.0,138.0,105.0,3287.8571428571427,855.1428571428571,123.5714285714289,116.5,2959.5,877.0,161.5,105.21052631578937,1515.7368421052631,1230.7894736842106,122.0,99.0,3258.6666666666665,1142.0666666666666,164.0,106.0,2011.0972222222222,558.7638888888889,133.0,34.0,3569.75,906.25,36.0
429,90.53333333333342,1666.8,709.6666666666666,107.26666666666665,97.0,1246.5588235294117,960.0,135.0,95.0,3297.0,807.4285714285714,185.0,79.0,3213.285714285714,1292.0,163.71428571428578,84.0,2730.1063829787236,1242.0,138.0,105.0,3287.285714285714,854.7142857142857,126.85714285714312,116.625,2963.125,879.0,162.875,104.8947368421052,1513.1315789473683,1232.1052631578948,122.0,99.0,3259.0,1139.6,164.0,106.0,2015.25,559.25,133.0,34.0,3586.0,915.0,36.0
430,90.60000000000002,1671.4,710.0,106.79999999999995,97.0,1250.5294117647059,960.0,135.0,95.0,3295.0,807.0,185.0,79.0,3213.0,1292.0,164.0,84.0,2734.851063829787,1240.0,138.0,105.0,3286.714285714286,854.2857142857143,130.14285714285688,116.75,2966.75,881.0,164.25,104.57894736842104,1510.5263157894738,1233.421052631579,122.0,99.0,3259.3333333333335,1137.1333333333334,164.0,106.0,2019.4027777777778,559.7361111111111,133.0,34.0,3599.0,924.75,36.0
431,90.66666666666663,1676.0,710.3333333333334,106.33333333333326,97.0,1254.5,960.0,135.0,95.0,3292.1666666666665,801.3333333333334,185.0,79.0,3212.714285714286,1292.0,164.28571428571422,84.0,2739.595744680851,1238.0,138.0,105.0,3286.1428571428573,853.8571428571429,133.4285714285711,116.875,2970.375,883.0,165.625,104.26315789473688,1507.921052631579,1234.7368421052631,122.0,99.0,3259.6666666666665,1134.6666666666667,164.0,106.0,2023.5555555555557,560.2222222222222,133.0,34.0,3612.0,934.5,36.0
432,90.73333333333335,1680.6,710.6666666666666,105.86666666666679,97.0,1258.4705882352941,960.0,135.0,95.0,3289.3333333333335,795.6666666666666,185.0,79.0,3212.4285714285716,1292.0,164.57142857142844,84.0,2744.3404255319147,1236.0,138.0,105.0,3285.5714285714284,853.4285714285714,136.71428571428578,117.0,2974.0,885.0,167.0,103.94736842105272,1505.3157894736842,1236.0526315789473,122.0,99.0,3260.0,1132.2,164.0,106.0,2027.7083333333333,560.7083333333334,133.00000000000023,34.0,3625.0,944.25,36.0
433,90.79999999999995,1685.2,711.0,105.39999999999986,97.0,1262.4411764705883,960.0,135.0,95.0,3286.5,790.0,185.0,79.0,3212.1428571428573,1292.0,164.85714285714266,84.0,2749.0851063829787,1234.0,138.0,105.0,3285.0,853.0,140.0,117.19999999999993,2982.8,884.6,163.5999999999999,103.63157894736833,1502.7105263157894,1237.3684210526317,122.0,99.0,3260.3333333333335,1129.7333333333333,164.0,106.0,2031.861111111111,561.1944444444445,133.00000000000023,34.0,3638.0,954.0,36.0
434,90.86666666666667,1689.8,711.3333333333334,104.9333333333334,97.0,1266.4117647058824,960.0,135.0,95.0,3283.6666666666665,784.3333333333334,185.0,79.0,3211.8571428571427,1292.0,165.14285714285734,84.0,2753.8297872340427,1232.0,138.0,107.54545454545462,3284.2727272727275,851.2727272727273,141.90909090909054,117.39999999999998,2991.6,884.2,160.20000000000027,103.31578947368416,1500.1052631578948,1238.6842105263158,122.0,99.0,3260.6666666666665,1127.2666666666667,164.0,106.0,2036.013888888889,561.6805555555555,132.99999999999977,34.0,3643.0,963.0,36.0
435,90.9333333333334,1694.4,711.6666666666666,104.46666666666647,97.0,1270.3823529411766,960.0,135.0,95.0,3280.8333333333335,778.6666666666666,185.0,79.0,3211.5714285714284,1292.0,165.42857142857156,84.0,2758.574468085106,1230.0,138.0,110.09090909090912,3283.5454545454545,849.5454545454545,143.81818181818198,117.60000000000002,3000.4,883.8,156.79999999999973,103.0,1497.5,1240.0,122.0,99.0,3261.0,1124.8,164.0,106.0,2040.1666666666667,562.1666666666666,132.99999999999977,34.0,3637.0,967.0,36.0
436,91.0,1699.0,712.0,104.0,97.0,1274.3529411764705,960.0,135.0,95.0,3278.0,773.0,185.0,79.0,3211.285714285714,1292.0,165.71428571428578,84.0,2763.31914893617,1228.0,138.0,112.63636363636363,3282.818181818182,847.8181818181819,145.72727272727252,117.80000000000007,3009.2,883.4,153.4000000000001,102.68421052631584,1494.8947368421052,1241.3157894736842,122.0,99.0,3261.3333333333335,1122.3333333333333,164.0,106.0,2044.3194444444443,562.6527777777778,133.0,34.0,3631.0,974.0,36.0
437,91.19999999999993,1700.0,712.6,103.40000000000009,97.0,1278.3235294117646,960.0,135.0,101.88888888888891,3278.777777777778,766.1111111111111,181.77777777777783,79.0,3211.0,1292.0,166.0,84.0,2768.063829787234,1226.0,138.0,115.18181818181813,3282.090909090909,846.0909090909091,147.6363636363635,118.0,3018.0,883.0,150.0,102.36842105263167,1492.2894736842104,1242.6315789473683,122.0,99.0,3261.6666666666665,1119.8666666666666,164.0,106.0,2048.472222222222,563.1388888888889,133.0,34.0,3624.0,981.0,36.0
438,91.39999999999998,1701.0,713.2,102.79999999999995,97.0,1282.2941176470588,960.0,135.0,108.77777777777783,3279.5555555555557,759.2222222222222,178.55555555555566,79.0,3207.8,1292.0,169.19999999999982,84.0,2772.808510638298,1224.0,138.0,117.72727272727275,3281.3636363636365,844.3636363636364,149.5454545454545,118.0,3020.5,882.375,153.0,102.05263157894728,1489.6842105263158,1243.9473684210527,122.0,99.0,3262.0,1117.4,164.0,106.0,2052.625,563.625,133.0,34.0,3614.25,987.25,36.0
439,91.60000000000002,1702.0,713.8,102.20000000000005,97.0,1286.264705882353,960.0,135.0,115.66666666666663,3280.3333333333335,752.3333333333334,175.33333333333303,79.0,3204.6,1292.0,172.4000000000001,84.0,2777.553191489362,1222.0,138.0,120.27272727272725,3280.6363636363635,842.6363636363636,151.4545454545455,118.0,3023.0,881.75,156.0,101.73684210526312,1487.078947368421,1245.2631578947369,122.0,99.0,3262.3333333333335,1114.9333333333334,164.0,106.0,2056.777777777778,564.1111111111111,133.0,34.0,3604.5,993.5,36.0
440,91.80000000000007,1703.0,714.4,101.59999999999991,97.0,1290.235294117647,960.0,135.0,122.55555555555554,3281.1111111111113,745.4444444444445,172.11111111111086,79.0,3201.4,1292.0,175.5999999999999,84.0,2782.2978723404253,1220.0,138.0,122.81818181818187,3279.909090909091,840.9090909090909,153.3636363636365,118.0,3025.5,881.125,159.0,101.42105263157896,1484.4736842105262,1246.578947368421,122.0,99.0,3262.6666666666665,1112.4666666666667,164.0,106.0,2060.9305555555557,564.5972222222222,133.0,34.0,3594.75,999.75,36.0
441,92.0,1704.0,715.0,101.0,97.0,1294.2058823529412,960.0,135.0,129.44444444444446,3281.8888888888887,738.5555555555555,168.88888888888914,79.0,3198.2,1292.0,178.80000000000018,84.0,2787.0425531914893,1218.0,138.0,125.36363636363637,3279.181818181818,839.1818181818181,155.27272727272748,118.0,3028.0,880.5,162.0,101.1052631578948,1481.8684210526317,1247.8947368421052,122.0,99.0,3263.0,1110.0,164.0,106.0,2065.0833333333335,565.0833333333334,133.0,34.0,3585.0,1006.0,36.0
442,92.19999999999993,1705.0,715.6,100.40000000000009,97.0,1298.1764705882354,960.0,135.0,136.33333333333337,3282.6666666666665,731.6666666666666,165.66666666666697,79.0,3195.0,1292.0,182.0,84.0,2791.7872340425533,1216.0,138.0,127.90909090909088,3278.4545454545455,837.4545454545455,157.18181818181802,118.0,3030.5,879.875,165.0,100.78947368421063,1479.2631578947369,1249.2105263157894,122.0,100.46153846153857,3265.3846153846152,1105.8461538461538,166.07692307692332,106.0,2069.2361111111113,565.5694444444445,133.0,34.0,3572.0,1013.0,36.0
443,92.39999999999998,1706.0,716.2,99.79999999999995,97.0,1302.1470588235295,960.0,135.0,143.22222222222217,3283.4444444444443,724.7777777777778,162.44444444444434,79.0,3189.75,1292.0,182.0,84.0,2796.531914893617,1214.0,138.0,130.45454545454538,3277.7272727272725,835.7272727272727,159.09090909090946,118.0,3033.0,879.25,168.0,100.47368421052624,1476.657894736842,1250.5263157894738,122.0,101.9230769230769,3267.769230769231,1101.6923076923076,168.1538461538462,106.0,2073.3888888888887,566.0555555555555,133.0,34.0,3578.0,1013.0,36.0
444,92.60000000000002,1707.0,716.8,99.20000000000005,97.0,1306.1176470588234,960.0,135.0,150.1111111111111,3284.222222222222,717.8888888888889,159.22222222222217,79.0,3184.5,1292.0,182.0,84.0,2801.276595744681,1212.0,138.0,133.0,3277.0,834.0,161.0,118.0,3035.5,878.625,171.0,100.15789473684208,1474.0526315789473,1251.842105263158,122.0,103.38461538461547,3270.153846153846,1097.5384615384614,170.23076923076906,106.0,2077.5416666666665,566.5416666666666,133.0,34.0,3581.5,1012.5,36.0
445,92.80000000000007,1708.0,717.4,98.59999999999991,97.0,1310.0882352941176,960.0,135.0,157.0,3285.0,711.0,156.0,79.0,3179.25,1292.0,182.0,84.0,2806.021276595745,1210.0,138.0,127.66666666666663,3277.0,839.3333333333334,162.5,118.0,3038.0,878.0,174.0,99.84210526315792,1471.4473684210527,1253.157894736842,122.0,104.84615384615381,3272.5384615384614,1093.3846153846155,172.30769230769238,106.0,2081.6944444444443,567.0277777777778,133.0,34.0,3585.0,1012.0,36.0
446,93.0,1709.0,718.0,98.0,97.0,1314.0588235294117,960.0,135.0,148.5,3281.125,713.75,157.5,79.0,3174.0,1292.0,182.0,84.0,2810.7659574468084,1208.0,138.0,122.33333333333337,3277.0,844.6666666666666,164.0,116.0,3042.0,873.0,175.0,99.52631578947376,1468.842105263158,1254.4736842105262,122.0,106.30769230769215,3274.923076923077,1089.2307692307693,174.38461538461524,106.0,2085.847222222222,567.5138888888889,133.0,34.0,3591.0,1011.0,36.0
447,93.0,1708.6363636363637,719.0,98.0,97.0,1318.0294117647059,960.0,135.0,140.0,3277.25,716.5,159.0,80.0,3176.0,1292.0,176.5,84.0,2815.5106382978724,1206.0,138.0,117.0,3277.0,850.0,165.5,114.19999999999993,3043.8,875.6,176.29999999999973,99.21052631578937,1466.2368421052631,1255.7894736842106,122.0,107.76923076923072,3277.3076923076924,1085.076923076923,176.46153846153857,106.0,2090.0,568.0,133.0,34.0,3586.5,1011.5,36.0
448,93.0,1708.2727272727273,720.0,98.0,97.0,1322.0,960.0,135.0,131.5,3273.375,719.25,160.5,81.0,3178.0,1292.0,171.0,84.0,2820.255319148936,1204.0,138.0,111.66666666666663,3277.0,855.3333333333334,167.0,112.39999999999998,3045.6,878.2,177.5999999999999,98.8947368421052,1463.6315789473683,1257.1052631578948,122.0,109.23076923076928,3279.6923076923076,1080.923076923077,178.53846153846143,106.0,2094.090909090909,567.6818181818181,132.22727272727298,34.0,3582.0,1012.0,36.0
449,93.0,1707.909090909091,721.0,98.0,97.0,1325.0,960.24,134.24,123.0,3269.5,722.0,162.0,82.125,3177.875,1291.75,165.875,84.0,2825.0,1202.0,138.0,106.33333333333337,3277.0,860.6666666666666,168.5,110.60000000000002,3047.4,880.8,178.9000000000001,98.57894736842104,1461.0263157894738,1258.421052631579,122.0,110.69230769230785,3282.076923076923,1076.7692307692307,180.61538461538476,106.0,2098.181818181818,567.3636363636364,131.4545454545455,34.0,3577.5,1013.0,36.0
450,93.0,1707.5454545454545,722.0,98.0,97.0,1328.0,960.48,133.48000000000002,114.5,3265.625,724.75,163.5,83.25,3177.75,1291.5,160.75,83.22222222222217,2826.6666666666665,1202.7777777777778,136.33333333333348,101.0,3277.0,866.0,170.0,108.80000000000007,3049.2,883.4,180.20000000000027,98.26315789473688,1458.421052631579,1259.7368421052631,122.0,112.15384615384619,3284.4615384615386,1072.6153846153845,182.69230769230762,106.0,2102.2727272727275,567.0454545454545,130.68181818181802,34.0,3573.0,1014.0,36.0
451,93.0,1707.1818181818182,723.0,98.0,97.0,1331.0,960.72,132.72000000000003,106.0,3261.75,727.5,165.0,84.375,3177.625,1291.25,155.625,82.44444444444434,2828.3333333333335,1203.5555555555557,134.66666666666652,101.0,3277.9,866.1,170.0,107.0,3051.0,886.0,181.5,97.94736842105272,1455.8157894736842,1261.0526315789473,122.0,113.61538461538453,3286.846153846154,1068.4615384615386,184.76923076923094,106.0,2106.3636363636365,566.7272727272727,129.909090909091,34.0,3563.0,1014.5,36.0
452,93.0,1706.8181818181818,724.0,98.0,97.0,1334.0,960.96,131.96000000000004,97.5,3257.875,730.25,166.5,85.5,3177.5,1291.0,150.5,81.66666666666674,2830.0,1204.3333333333333,133.0,101.0,3278.8,866.2,170.0,105.19999999999993,3052.8,888.6,182.79999999999973,97.63157894736833,1453.2105263157896,1262.3684210526317,122.0,115.0769230769231,3289.230769230769,1064.3076923076924,186.8461538461538,106.0,2110.4545454545455,566.4090909090909,129.1363636363635,34.0,3553.0,1015.0,36.0
453,93.0,1706.4545454545455,725.0,98.0,97.0,1337.0,961.2,131.20000000000005,89.0,3254.0,733.0,168.0,86.625,3177.375,1290.75,145.375,80.88888888888891,2831.6666666666665,1205.111111111111,131.33333333333348,101.0,3279.7,866.3,170.0,103.39999999999998,3054.6,891.2,184.0999999999999,97.31578947368416,1450.6052631578948,1263.6842105263158,122.0,116.53846153846143,3291.6153846153848,1060.1538461538462,188.92307692307668,106.0,2114.5454545454545,566.0909090909091,128.3636363636365,34.0,3541.5,1017.0,36.0
454,93.0,1706.090909090909,726.0,98.0,97.0,1340.0,961.44,130.44000000000005,89.0,3250.222222222222,729.8888888888889,164.55555555555566,87.75,3177.25,1290.5,140.25,80.11111111111109,2833.3333333333335,1205.888888888889,129.66666666666652,101.0,3280.6,866.4,170.0,101.60000000000002,3056.4,893.8,185.4000000000001,97.0,1448.0,1265.0,122.0,118.0,3294.0,1056.0,191.0,106.0,2118.6363636363635,565.7727272727273,127.59090909090901,34.0,3530.0,1019.0,36.0
455,93.0,1705.7272727272727,727.0,98.0,97.00000000000011,1343.0,961.68,129.68000000000006,89.0,3246.4444444444443,726.7777777777778,161.1111111111113,88.875,3177.125,1290.25,135.125,79.33333333333326,2835.0,1206.6666666666667,128.0,101.0,3281.5,866.5,170.0,99.80000000000007,3058.2,896.4,186.70000000000027,97.85714285714289,1443.857142857143,1264.9285714285713,122.0,118.0,3293.5555555555557,1052.888888888889,191.0,106.0,2122.7272727272725,565.4545454545455,126.81818181818198,34.0,3518.5,1019.5,36.0
456,93.0,1705.3636363636363,728.0,98.0,97.00000000000011,1346.0,961.92,128.92000000000007,89.0,3242.6666666666665,723.6666666666666,157.66666666666697,90.0,3177.0,1290.0,130.0,78.55555555555566,2836.6666666666665,1207.4444444444443,126.33333333333348,101.0,3282.4,866.6,170.0,98.0,3060.0,899.0,188.0,98.71428571428578,1439.7142857142858,1264.857142857143,122.0,118.0,3293.1111111111113,1049.7777777777778,191.0,106.0,2126.818181818182,565.1363636363636,126.0454545454545,34.0,3507.0,1020.0,36.0
457,93.0,1705.0,729.0,98.0,97.00000000000011,1349.0,962.16,128.16000000000008,89.0,3238.8888888888887,720.5555555555555,154.22222222222263,91.0,3162.5,1290.0,139.5,77.77777777777783,2838.3333333333335,1208.2222222222222,124.66666666666652,101.0,3283.3,866.7,170.0,96.0,3058.2,899.8,189.4000000000001,99.57142857142867,1435.5714285714287,1264.7857142857142,122.0,118.0,3292.6666666666665,1046.6666666666667,191.0,106.0,2130.909090909091,564.8181818181819,125.27272727272702,34.0,3493.75,1021.0,36.0
458,93.0,1701.6666666666667,729.8333333333334,100.66666666666652,97.00000000000011,1352.0,962.4,127.40000000000009,89.0,3235.1111111111113,717.4444444444445,150.77777777777737,92.0,3148.0,1290.0,149.0,77.0,2840.0,1209.0,123.0,101.0,3284.2,866.8,170.0,94.0,3056.4,900.6,190.79999999999973,100.42857142857133,1431.4285714285713,1264.7142857142858,122.0,118.0,3292.222222222222,1043.5555555555557,191.0,106.0,2135.0,564.5,124.5,34.0,3480.5,1022.0,36.0
459,93.0,1698.3333333333333,730.6666666666666,103.33333333333348,97.00000000000011,1355.0,962.64,126.6400000000001,89.0,3231.3333333333335,714.3333333333334,147.33333333333303,92.0,3139.8,1289.6,150.39999999999964,77.0,2838.1666666666665,1211.6666666666667,123.0,101.0,3285.1,866.9,170.0,92.0,3054.6,901.4,192.20000000000027,101.28571428571422,1427.2857142857142,1264.642857142857,122.0,118.0,3291.777777777778,1040.4444444444443,191.0,106.0,2139.090909090909,564.1818181818181,123.72727272727298,34.0,3467.25,1023.0,36.0
460,93.0,1695.0,731.5,106.0,97.00000000000011,1358.0,962.88,125.88000000000011,89.0,3227.5555555555557,711.2222222222222,143.8888888888887,92.0,3131.6,1289.2,151.80000000000018,77.0,2836.3333333333335,1214.3333333333333,123.0,101.0,3286.0,867.0,170.0,90.0,3052.8,902.2,193.5999999999999,102.14285714285711,1423.142857142857,1264.5714285714287,122.0,118.0,3291.3333333333335,1037.3333333333333,191.0,106.0,2143.181818181818,563.8636363636364,122.9545454545455,34.0,3454.0,1024.0,36.0
461,93.0,1691.6666666666667,732.3333333333334,108.66666666666652,96.99999999999989,1361.0,963.12,125.11999999999989,89.0,3223.777777777778,708.1111111111111,140.44444444444434,92.0,3123.4,1288.8,153.19999999999982,77.0,2834.5,1217.0,123.0,101.0,3288.4285714285716,862.5714285714286,170.0,88.0,3051.0,903.0,195.0,103.0,1419.0,1264.5,122.0,118.0,3290.8888888888887,1034.2222222222222,191.0,106.0,2147.2727272727275,563.5454545454545,122.18181818181802,33.0,3437.0,1027.0,35.0
462,93.0,1688.3333333333333,733.1666666666666,111.33333333333348,96.99999999999989,1364.0,963.36,124.3599999999999,89.0,3220.0,705.0,137.0,92.0,3115.2,1288.4,154.60000000000036,77.0,2832.6666666666665,1219.6666666666667,123.0,101.0,3290.8571428571427,858.1428571428571,170.0,86.19999999999993,3051.8,904.6,190.79999999999973,103.85714285714289,1414.857142857143,1264.4285714285713,122.0,118.0,3290.4444444444443,1031.111111111111,191.0,106.0,2151.3636363636365,563.2272727272727,121.40909090909099,32.0,3425.0,1027.0,34.0
463,93.0,1685.0,734.0,114.0,96.99999999999989,1367.0,963.6,123.59999999999991,89.0,3211.818181818182,703.7272727272727,136.4545454545455,92.0,3107.0,1288.0,156.0,77.0,2830.8333333333335,1222.3333333333333,123.0,101.0,3293.285714285714,853.7142857142857,170.0,84.39999999999998,3052.6,906.2,186.5999999999999,104.71428571428578,1410.7142857142858,1264.357142857143,122.0,118.0,3290.0,1028.0,191.0,106.0,2155.4545454545455,562.9090909090909,120.63636363636351,31.0,3419.0,1028.0,34.0
464,93.0,1682.0,735.0,106.0,96.99999999999989,1370.0,963.84,122.83999999999992,89.0,3203.6363636363635,702.4545454545455,135.909090909091,92.0,3104.75,1287.5,153.25,77.0,2829.0,1225.0,123.0,101.0,3295.714285714286,849.2857142857143,170.0,82.60000000000002,3053.4,907.8,182.4000000000001,105.57142857142867,1406.5714285714287,1264.2857142857142,122.0,114.57142857142867,3292.1428571428573,1028.4285714285713,191.0,106.0,2159.5454545454545,562.5909090909091,119.86363636363649,30.0,3413.0,1028.0,33.0
465,93.0,1679.0,736.0,98.0,96.99999999999989,1373.0,964.08,122.07999999999993,89.0,3195.4545454545455,701.1818181818181,135.3636363636365,92.0,3102.5,1287.0,150.5,80.20000000000005,2827.6,1225.2,119.80000000000018,101.0,3298.1428571428573,844.8571428571429,170.0,80.80000000000007,3054.2,909.4,178.20000000000027,106.42857142857133,1402.4285714285713,1264.2142857142858,122.0,111.14285714285711,3294.285714285714,1028.857142857143,191.0,106.0,2163.6363636363635,562.2727272727273,119.09090909090901,30.0,3407.0,1030.0,33.0
466,93.0,1674.142857142857,736.2857142857143,100.57142857142867,96.99999999999989,1376.0,964.32,121.31999999999994,89.0,3187.2727272727275,699.9090909090909,134.81818181818153,92.0,3100.25,1286.5,147.75,83.39999999999986,2826.2,1225.4,116.60000000000036,101.0,3300.5714285714284,840.4285714285714,170.0,79.0,3055.0,911.0,174.0,107.28571428571422,1398.2857142857142,1264.142857142857,122.0,107.71428571428578,3296.4285714285716,1029.2857142857142,191.0,106.0,2167.7272727272725,561.9545454545455,118.31818181818198,30.0,3404.6666666666665,1032.6666666666667,33.0
467,93.0,1669.2857142857142,736.5714285714286,103.14285714285711,97.0,1379.0,964.56,120.55999999999995,89.0,3179.090909090909,698.6363636363636,134.27272727272748,92.0,3098.0,1286.0,145.0,86.60000000000014,2824.8,1225.6,113.39999999999964,101.0,3303.0,836.0,170.0,80.53846153846155,3054.3846153846152,911.4615384615385,171.1538461538462,108.14285714285711,1394.142857142857,1264.0714285714287,122.0,104.28571428571422,3298.5714285714284,1029.7142857142858,191.0,106.0,2171.818181818182,561.6363636363636,117.5454545454545,30.0,3402.3333333333335,1035.3333333333333,33.0
468,93.0,1664.4285714285713,736.8571428571429,105.71428571428578,97.0,1382.0,964.8,119.79999999999995,89.0,3170.909090909091,697.3636363636364,133.72727272727252,92.0,3097.0,1285.5,140.0,89.79999999999995,2823.4,1225.8,110.19999999999982,103.66666666666663,3304.1666666666665,830.8333333333334,167.83333333333348,82.0769230769231,3053.769230769231,911.9230769230769,168.30769230769192,109.0,1390.0,1264.0,122.0,100.85714285714289,3300.714285714286,1030.142857142857,191.0,106.0,2175.909090909091,561.3181818181819,116.77272727272702,30.0,3400.0,1038.0,33.0
469,93.0,1659.5714285714287,737.1428571428571,108.28571428571422,97.0,1385.0,965.04,119.03999999999996,89.0,3162.7272727272725,696.0909090909091,133.18181818181847,92.0,3096.0,1285.0,135.0,93.0,2822.0,1226.0,107.0,106.33333333333337,3305.3333333333335,825.6666666666666,165.66666666666652,83.61538461538464,3053.153846153846,912.3846153846154,165.46153846153857,107.85714285714289,1385.5714285714287,1265.4285714285713,121.42857142857133,97.42857142857133,3302.8571428571427,1030.5714285714287,191.0,106.0,2180.0,561.0,116.0,30.0,3404.3333333333335,1038.3333333333333,33.0
470,93.0,1654.7142857142858,737.4285714285714,110.85714285714289,97.0,1388.0,965.28,118.27999999999997,89.0,3154.5454545454545,694.8181818181819,132.6363636363635,92.0,3095.0,1284.5,130.0,93.0,2817.1666666666665,1226.1666666666667,107.0,109.0,3306.5,820.5,163.5,85.15384615384619,3052.5384615384614,912.8461538461538,162.61538461538476,106.71428571428578,1381.142857142857,1266.857142857143,120.85714285714289,94.0,3305.0,1031.0,191.0,106.0,2184.1111111111113,559.6666666666666,116.0,30.0,3408.6666666666665,1038.6666666666667,33.0
471,93.0,1649.857142857143,737.7142857142857,113.42857142857133,97.0,1391.0,965.52,117.51999999999998,89.0,3146.3636363636365,693.5454545454545,132.090909090909,92.0,3094.0,1284.0,125.0,93.0,2812.3333333333335,1226.3333333333333,107.0,111.66666666666663,3307.6666666666665,815.3333333333334,161.33333333333348,86.69230769230774,3051.923076923077,913.3076923076923,159.7692307692305,105.57142857142867,1376.7142857142858,1268.2857142857142,120.28571428571422,95.33333333333348,3308.0,1026.7407407407406,192.03703703703695,106.0,2188.222222222222,558.3333333333334,116.0,30.0,3413.0,1039.0,33.0
472,93.0,1645.0,738.0,116.0,97.0,1394.0,965.76,116.75999999999999,89.0,3138.181818181818,692.2727272727273,131.5454545454545,92.0,3083.5,1285.8333333333333,127.66666666666652,93.0,2807.5,1226.5,107.0,114.33333333333337,3308.8333333333335,810.1666666666666,159.16666666666652,88.23076923076928,3051.3076923076924,913.7692307692307,156.92307692307668,104.42857142857133,1372.2857142857142,1269.7142857142858,119.71428571428578,96.66666666666652,3311.0,1022.4814814814815,193.0740740740739,106.0,2192.3333333333335,557.0,116.0,30.0,3421.5,1036.0,33.0
473,93.0,1642.75,737.0,117.625,97.0,1397.0,966.0,116.0,89.0,3130.0,691.0,131.0,92.0,3073.0,1287.6666666666667,130.33333333333348,93.0,2802.6666666666665,1226.6666666666667,107.0,117.0,3310.0,805.0,157.0,89.76923076923072,3050.6923076923076,914.2307692307693,154.07692307692332,103.28571428571422,1367.857142857143,1271.142857142857,119.14285714285711,98.0,3314.0,1018.2222222222222,194.1111111111113,106.0,2196.4444444444443,555.6666666666666,116.0,30.0,3430.0,1033.0,33.0
474,93.0,1640.5,736.0,119.25,97.0,1397.25,965.25,121.5,89.0,3128.5,690.0,124.0,92.0,3062.5,1289.5,133.0,93.0,2797.8333333333335,1226.8333333333333,107.0,117.0,3309.787878787879,800.4848484848485,157.0,91.30769230769226,3050.076923076923,914.6923076923077,151.2307692307695,102.14285714285711,1363.4285714285713,1272.5714285714287,118.57142857142867,99.33333333333337,3317.0,1013.9629629629629,195.14814814814827,106.0,2200.5555555555557,554.3333333333334,116.0,30.0,3438.5,1030.0,33.0
475,93.0,1638.25,735.0,120.875,97.0,1397.5,964.5,127.0,89.0,3127.0,689.0,117.0,92.0,3052.0,1291.3333333333333,135.66666666666652,93.0,2793.0,1227.0,107.0,117.0,3309.5757575757575,795.969696969697,157.0,92.84615384615381,3049.4615384615386,915.1538461538462,148.38461538461524,101.0,1359.0,1274.0,118.0,100.66666666666674,3320.0,1009.7037037037037,196.18518518518522,106.0,2204.6666666666665,553.0,116.0,30.0,3447.0,1027.0,33.0
476,93.0,1636.0,734.0,122.5,97.0,1397.75,963.75,132.5,89.0,3111.8333333333335,688.6666666666666,119.33333333333303,92.0,3041.5,1293.1666666666667,138.33333333333348,93.0,2782.0,1228.2,113.80000000000018,117.0,3309.3636363636365,791.4545454545455,157.0,94.38461538461536,3048.846153846154,915.6153846153846,145.53846153846143,101.20000000000005,1356.5,1276.5,118.29999999999995,101.99999999999989,3323.0,1005.4444444444445,197.22222222222217,106.0,2208.777777777778,551.6666666666666,116.0,30.0,3452.75,1023.75,33.0
477,93.0,1633.75,733.0,124.125,97.0,1398.0,963.0,138.0,89.0,3096.6666666666665,688.3333333333334,121.66666666666697,92.0,3031.0,1295.0,141.0,93.0,2771.0,1229.4,120.59999999999991,117.0,3309.151515151515,786.939393939394,157.0,95.9230769230769,3048.230769230769,916.0769230769231,142.69230769230808,101.40000000000009,1354.0,1279.0,118.59999999999991,103.33333333333326,3326.0,1001.1851851851852,198.25925925925912,106.0,2212.8888888888887,550.3333333333334,116.0,30.0,3458.5,1020.5,33.0
478,93.0,1631.5,732.0,125.75,97.0,1398.5,962.25,136.5,89.0,3081.5,688.0,124.0,92.0,3028.6666666666665,1295.6666666666667,134.66666666666697,93.0,2760.0,1230.6,127.40000000000009,117.0,3308.939393939394,782.4242424242424,157.0,97.46153846153845,3047.6153846153848,916.5384615384615,139.8461538461538,101.59999999999991,1351.5,1281.5,118.90000000000009,104.66666666666663,3329.0,996.925925925926,199.29629629629608,106.0,2217.0,549.0,116.0,30.0,3464.25,1017.25,33.0
479,93.0,1629.25,731.0,127.375,97.0,1399.0,961.5,135.0,89.0,3066.3333333333335,687.6666666666666,126.33333333333303,92.0,3026.3333333333335,1296.3333333333333,128.33333333333303,93.0,2749.0,1231.8,134.19999999999982,117.0,3308.7272727272725,777.9090909090909,157.0,99.0,3047.0,917.0,137.0,101.79999999999995,1349.0,1284.0,119.20000000000005,106.00000000000011,3332.0,992.6666666666666,200.33333333333348,106.0,2218.846153846154,547.5384615384615,117.84615384615381,30.0,3470.0,1014.0,33.0
480,93.0,1627.0,730.0,129.0,97.0,1399.5,960.75,133.5,89.0,3051.1666666666665,687.3333333333334,128.66666666666697,92.0,3024.0,1297.0,122.0,93.0,2738.0,1233.0,141.0,117.0,3308.5151515151515,773.3939393939394,157.0,99.42857142857144,3038.714285714286,917.5714285714286,140.14285714285688,102.0,1346.5,1286.5,119.5,107.33333333333326,3335.0,988.4074074074074,201.37037037037044,106.0,2220.6923076923076,546.0769230769231,119.69230769230762,30.0,3480.0,1012.5,33.0
481,94.0,1621.7142857142858,730.4285714285714,124.57142857142844,97.0,1400.0,960.0,132.0,89.0,3036.0,687.0,131.0,92.0,3021.0,1299.0,117.83333333333348,93.0,2736.0,1234.0,139.0,117.0,3308.3030303030305,768.8787878787879,157.0,99.85714285714289,3030.4285714285716,918.1428571428571,143.28571428571422,102.20000000000005,1344.0,1289.0,119.79999999999995,108.66666666666663,3338.0,984.1481481481482,202.4074074074074,106.0,2222.5384615384614,544.6153846153846,121.53846153846143,30.0,3490.0,1011.0,33.0
482,95.0,1616.4285714285713,730.8571428571429,120.14285714285734,97.0,1400.0,959.0,127.0,89.0,3025.5,686.875,133.375,92.0,3018.0,1301.0,113.66666666666652,93.0,2729.6153846153848,1233.923076923077,138.7692307692305,117.0,3308.090909090909,764.3636363636364,157.0,100.28571428571433,3022.1428571428573,918.7142857142857,146.4285714285711,102.40000000000009,1341.5,1291.5,120.09999999999991,110.0,3341.0,979.8888888888889,203.44444444444434,106.0,2224.3846153846152,543.1538461538462,123.3846153846157,30.0,3500.0,1009.5,33.0
483,96.0,1611.142857142857,731.2857142857143,115.71428571428578,97.0,1400.0,959.0,121.33333333333326,89.0,3015.0,686.75,135.75,92.0,3015.0,1303.0,109.5,93.0,2723.230769230769,1233.8461538461538,138.5384615384619,117.0,3307.878787878788,759.8484848484849,157.0,100.71428571428567,3013.8571428571427,919.2857142857143,149.5714285714289,102.59999999999991,1339.0,1294.0,120.40000000000009,111.33333333333337,3344.0,975.6296296296297,204.4814814814813,106.0,2226.230769230769,541.6923076923077,125.23076923076951,30.0,3510.0,1008.0,33.0
484,97.0,1605.857142857143,731.7142857142857,111.28571428571422,97.0,1400.0,959.0,115.66666666666674,89.0,3004.5,686.625,138.125,92.0,3012.0,1305.0,105.33333333333348,93.0,2716.846153846154,1233.7692307692307,138.30769230769238,117.0,3307.6666666666665,755.3333333333334,157.0,101.14285714285711,3005.5714285714284,919.8571428571429,152.71428571428578,102.79999999999995,1336.5,1296.5,120.70000000000005,112.66666666666663,3347.0,971.3703703703703,205.5185185185187,106.0,2228.076923076923,540.2307692307693,127.07692307692332,30.0,3514.0,1007.75,33.0
485,98.0,1600.5714285714287,732.1428571428571,106.85714285714266,97.0,1400.0,959.0,110.0,89.0,2994.0,686.5,140.5,92.0,3009.0,1307.0,101.16666666666652,93.0,2710.4615384615386,1233.6923076923076,138.07692307692287,117.0,3307.4545454545455,750.8181818181819,157.0,101.57142857142856,2997.285714285714,920.4285714285714,155.85714285714312,103.0,1334.0,1299.0,121.0,114.0,3350.0,967.1111111111111,206.55555555555566,106.0,2229.923076923077,538.7692307692307,128.92307692307668,30.0,3518.0,1007.5,33.0
486,99.0,1595.2857142857142,732.5714285714286,102.42857142857156,97.0,1399.75,960.75,110.0,89.0,2983.5,686.375,142.875,92.0,3006.0,1309.0,97.0,93.0,2704.076923076923,1233.6153846153845,137.84615384615427,117.0,3307.242424242424,746.3030303030303,157.0,102.0,2989.0,921.0,159.0,103.20000000000005,1329.0,1299.8,121.29999999999995,115.33333333333337,3353.0,962.8518518518518,207.5925925925926,106.0,2231.769230769231,537.3076923076923,130.7692307692305,30.0,3522.0,1007.25,33.0
487,100.0,1590.0,733.0,98.0,97.0,1399.5,962.5,110.0,89.0,2973.0,686.25,145.25,92.0,2990.25,1310.75,103.0,93.0,2697.6923076923076,1233.5384615384614,137.61538461538476,117.0,3307.030303030303,741.7878787878788,157.0,102.25,2987.75,921.75,155.25,103.40000000000009,1324.0,1300.6,121.59999999999991,116.66666666666674,3356.0,958.5925925925926,208.62962962962956,106.0,2233.6153846153848,535.8461538461538,132.6153846153843,30.0,3526.0,1007.0,33.0
488,99.42857142857144,1584.4285714285713,733.4285714285714,102.57142857142867,97.0,1399.25,964.25,110.0,89.0,2962.5,686.125,147.625,92.0,2974.5,1312.5,109.0,93.0,2691.3076923076924,1233.4615384615386,137.38461538461524,117.0,3306.818181818182,737.2727272727273,157.0,102.5,2986.5,922.5,151.5,103.59999999999991,1319.0,1301.4,121.90000000000009,117.99999999999989,3359.0,954.3333333333334,209.66666666666652,106.0,2235.4615384615386,534.3846153846154,134.46153846153857,30.0,3527.25,1008.25,33.0
489,98.85714285714278,1578.857142857143,733.8571428571429,107.14285714285711,97.0,1399.0,966.0,110.0,89.0,2952.0,686.0,150.0,92.0,2958.75,1314.25,115.0,93.0,2684.923076923077,1233.3846153846155,137.15384615384573,117.0,3306.6060606060605,732.7575757575758,157.0,102.75,2985.25,923.25,147.75,103.79999999999995,1314.0,1302.2,122.20000000000005,119.33333333333326,3362.0,950.0740740740741,210.70370370370392,106.0,2237.3076923076924,532.9230769230769,136.30769230769238,30.0,3528.5,1009.5,33.0
490,98.28571428571422,1573.2857142857142,734.2857142857143,111.71428571428578,97.0,1398.75,967.75,110.0,89.0,2934.0,687.6666666666666,152.33333333333348,92.0,2943.0,1316.0,121.0,93.0,2678.5384615384614,1233.3076923076924,136.92307692307713,117.0,3306.3939393939395,728.2424242424242,157.0,103.0,2984.0,924.0,144.0,104.0,1309.0,1303.0,122.5,120.66666666666674,3365.0,945.8148148148148,211.74074074074088,106.0,2239.153846153846,531.4615384615385,138.1538461538462,30.0,3529.75,1010.75,33.0
491,97.71428571428578,1567.7142857142858,734.7142857142857,116.28571428571422,97.0,1398.5,969.5,110.0,89.0,2916.0,689.3333333333334,154.66666666666652,92.0,2941.0,1317.6666666666667,113.0,93.0,2672.153846153846,1233.2307692307693,136.69230769230762,117.0,3306.181818181818,723.7272727272727,157.0,103.0,2982.0,923.0,140.0,104.20000000000005,1304.0,1303.8,122.79999999999995,122.00000000000011,3368.0,941.5555555555555,212.77777777777783,106.0,2241.0,530.0,140.0,30.0,3531.0,1012.0,33.0
492,97.14285714285722,1562.142857142857,735.1428571428571,120.85714285714289,97.0,1398.25,971.25,110.0,89.0,2898.0,691.0,157.0,92.0,2939.0,1319.3333333333333,105.0,93.0,2665.769230769231,1233.1538461538462,136.4615384615381,117.0,3305.969696969697,719.2121212121212,157.0,103.0,2980.0,922.0,136.0,104.40000000000009,1299.0,1304.6,123.09999999999991,123.33333333333326,3371.0,937.2962962962963,213.81481481481478,108.0526315789474,2244.1052631578946,527.421052631579,138.36842105263167,30.0,3530.75,1011.75,33.0
493,96.57142857142856,1556.5714285714287,735.5714285714286,125.42857142857133,97.0,1398.0,973.0,110.0,89.0,2884.909090909091,691.5909090909091,157.0,92.0,2937.0,1321.0,97.0,93.0,2659.3846153846152,1233.076923076923,136.2307692307695,117.0,3305.757575757576,714.6969696969697,157.0,103.0,2978.0,921.0,132.0,104.59999999999991,1294.0,1305.4,123.40000000000009,124.66666666666663,3374.0,933.0370370370371,214.85185185185173,110.10526315789468,2247.2105263157896,524.8421052631579,136.7368421052629,30.0,3530.5,1011.5,33.0
494,96.0,1551.0,736.0,130.0,97.66666666666663,1396.3333333333333,973.3333333333334,111.33333333333348,89.0,2871.818181818182,692.1818181818181,157.0,92.0,2927.75,1322.5,101.25,93.0,2653.0,1233.0,136.0,117.0,3305.5454545454545,710.1818181818182,157.0,103.0,2976.0,920.0,128.0,104.79999999999995,1289.0,1306.2,123.70000000000005,126.0,3377.0,928.7777777777778,215.8888888888887,112.15789473684208,2250.315789473684,522.2631578947369,135.10526315789457,30.0,3530.25,1011.25,33.0
495,96.0,1547.8333333333333,735.3333333333334,130.0,98.33333333333337,1394.6666666666667,973.6666666666666,112.66666666666652,89.0,2858.7272727272725,692.7727272727273,157.0,92.0,2918.5,1324.0,105.5,93.0,2646.5344827586205,1233.103448275862,135.84482758620697,117.0,3305.3333333333335,705.6666666666666,157.0,103.0,2974.0,919.0,124.0,105.0,1284.0,1307.0,124.0,127.33333333333326,3380.0,924.5185185185185,216.9259259259261,114.21052631578948,2253.4210526315787,519.6842105263158,133.4736842105267,30.0,3530.0,1011.0,33.0
496,96.0,1544.6666666666667,734.6666666666666,130.0,99.0,1393.0,974.0,114.0,89.0,2845.6363636363635,693.3636363636364,157.0,92.0,2909.25,1325.5,109.75,93.0,2640.0689655172414,1233.2068965517242,135.68965517241395,117.0,3305.121212121212,701.1515151515151,157.0,103.19999999999993,2961.6,918.6,129.4000000000001,105.76470588235293,1279.9411764705883,1310.6470588235295,124.3529411764705,128.66666666666663,3383.0,920.2592592592592,217.96296296296305,116.26315789473688,2256.5263157894738,517.1052631578947,131.84210526315792,30.0,3532.5,1009.25,33.0
497,96.0,1541.5,734.0,130.0,99.66666666666663,1391.3333333333333,974.3333333333334,115.33333333333348,89.0,2832.5454545454545,693.9545454545455,157.0,92.0,2900.0,1327.0,114.0,93.0,2633.603448275862,1233.3103448275863,135.53448275862092,117.0,3304.909090909091,696.6363636363636,157.0,103.39999999999998,2949.2,918.2,134.80000000000018,106.52941176470586,1275.8823529411766,1314.2941176470588,124.70588235294099,130.0,3386.0,916.0,219.0,118.31578947368428,2259.6315789473683,514.5263157894736,130.2105263157896,30.0,3535.0,1007.5,33.0
498,96.0,1538.3333333333333,733.3333333333334,130.0,100.33333333333337,1389.6666666666667,974.6666666666666,116.66666666666652,89.0,2819.4545454545455,694.5454545454545,157.0,92.0,2882.0,1330.3333333333333,118.0,93.0,2627.137931034483,1233.4137931034484,135.37931034482745,117.0,3304.6969696969695,692.1212121212121,157.0,103.60000000000002,2936.8,917.8,140.19999999999982,107.29411764705878,1271.8235294117646,1317.9411764705883,125.05882352941194,128.36363636363626,3392.818181818182,913.7272727272727,217.72727272727252,120.3684210526315,2262.7368421052633,511.94736842105266,128.5789473684208,30.0,3537.5,1005.75,33.0
499,96.0,1535.1666666666667,732.6666666666666,130.0,101.0,1388.0,975.0,118.0,89.0,2806.3636363636365,695.1363636363636,157.0,92.0,2864.0,1333.6666666666667,122.0,93.0,2620.6724137931033,1233.5172413793102,135.22413793103487,117.0,3304.4848484848485,687.6060606060606,157.0,103.80000000000007,2924.4,917.4,145.5999999999999,108.05882352941194,1267.764705882353,1321.5882352941176,125.41176470588243,126.72727272727275,3399.6363636363635,911.4545454545455,216.4545454545455,122.42105263157896,2265.842105263158,509.36842105263156,126.94736842105249,30.0,3540.0,1004.0,33.0
500,96.0,1532.0,732.0,130.0,101.71428571428567,1386.4285714285713,975.4285714285714,115.42857142857156,89.0,2793.2727272727275,695.7272727272727,157.0,92.0,2846.0,1337.0,126.0,93.0,2614.206896551724,1233.6206896551723,135.0689655172414,117.0,3304.2727272727275,683.0909090909091,157.0,104.0,2912.0,917.0,151.0,108.82352941176464,1263.7058823529412,1325.235294117647,125.76470588235293,125.09090909090912,3406.4545454545455,909.1818181818181,215.18181818181802,124.47368421052636,2268.9473684210525,506.7894736842105,125.31578947368416,30.0,3547.0,1000.5,33.0
501,96.0,1527.3333333333333,733.1666666666666,124.33333333333348,102.42857142857133,1384.857142857143,975.8571428571429,112.85714285714289,89.0,2780.181818181818,696.3181818181819,157.0,92.0,2843.0,1339.5,120.0,93.0,2607.7413793103447,1233.7241379310344,134.91379310344837,117.0,3304.060606060606,678.5757575757576,157.0,104.19999999999993,2906.3333333333335,917.0666666666667,150.0666666666666,109.58823529411757,1259.6470588235295,1328.8823529411766,126.11764705882342,123.45454545454538,3413.2727272727275,906.9090909090909,213.90909090909054,126.52631578947364,2272.0526315789475,504.2105263157895,123.68421052631584,30.0,3554.0,997.0,33.0
502,96.0,1522.6666666666667,734.3333333333334,118.66666666666652,103.142857142857,1383.2857142857142,976.2857142857143,110.28571428571445,89.0,2767.090909090909,696.9090909090909,157.0,92.0,2840.0,1342.0,114.0,93.0,2601.2758620689656,1233.8275862068965,134.7586206896549,117.0,3303.848484848485,674.060606060606,157.0,104.39999999999998,2900.6666666666665,917.1333333333333,149.13333333333367,110.35294117647072,1255.5882352941176,1332.5294117647059,126.47058823529414,121.81818181818187,3420.090909090909,904.6363636363636,212.6363636363635,128.57894736842104,2275.157894736842,501.63157894736844,122.05263157894751,30.0,3561.0,993.5,33.0
503,96.0,1518.0,735.5,113.0,103.857142857143,1381.7142857142858,976.7142857142857,107.71428571428555,89.0,2754.0,697.5,157.0,92.0,2834.5,1345.5,106.5,93.0,2594.810344827586,1233.9310344827586,134.60344827586232,117.0,3303.6363636363635,669.5454545454545,157.0,104.59999999999991,2895.0,917.2,148.19999999999982,111.11764705882342,1251.5294117647059,1336.1764705882354,126.82352941176464,120.18181818181813,3426.909090909091,902.3636363636364,211.3636363636365,130.63157894736844,2278.2631578947367,499.0526315789474,120.42105263157919,30.0,3568.0,990.0,33.0
504,96.0,1513.3333333333333,736.6666666666666,107.33333333333348,104.57142857142867,1380.142857142857,977.1428571428571,105.14285714285711,89.0,2740.909090909091,698.0909090909091,157.0,92.0,2829.0,1349.0,99.0,93.0,2588.344827586207,1234.0344827586207,134.44827586206884,117.0,3303.4242424242425,665.030303030303,157.0,104.80000000000007,2889.3333333333335,917.2666666666667,147.26666666666642,111.88235294117658,1247.4705882352941,1339.8235294117646,127.17647058823536,118.5454545454545,3433.7272727272725,900.0909090909091,210.09090909090946,132.68421052631578,2281.3684210526317,496.4736842105263,118.7894736842104,30.0,3577.5,985.25,33.0
505,96.0,1508.6666666666667,737.8333333333334,101.66666666666652,105.28571428571433,1378.5714285714287,977.5714285714286,102.57142857142844,89.0,2727.818181818182,698.6818181818181,157.0,92.0,2824.0,1346.0,102.0,93.0,2581.8793103448274,1234.1379310344828,134.29310344827582,117.0,3303.212121212121,660.5151515151515,157.0,105.0,2883.6666666666665,917.3333333333334,146.33333333333348,112.64705882352928,1243.4117647058824,1343.4705882352941,127.52941176470586,116.90909090909088,3440.5454545454545,897.8181818181819,208.81818181818198,134.73684210526318,2284.4736842105262,493.89473684210526,117.15789473684208,30.0,3587.0,980.5,33.0
506,96.0,1504.0,739.0,96.0,106.0,1377.0,978.0,100.0,89.0,2714.7272727272725,699.2727272727273,157.0,92.0,2807.0,1348.25,107.0,93.0,2575.4137931034484,1234.2413793103449,134.1379310344828,117.0,3303.0,656.0,157.0,105.20000000000005,2878.0,917.4,145.4000000000001,113.41176470588243,1239.3529411764705,1347.1176470588234,127.88235294117658,115.27272727272725,3447.3636363636365,895.5454545454545,207.5454545454545,136.78947368421046,2287.5789473684213,491.3157894736842,115.5263157894733,30.0,3596.5,975.75,33.0
507,96.375,1497.75,738.0,100.875,106.0,1374.6666666666667,978.5,101.16666666666652,89.0,2701.6363636363635,699.8636363636364,157.0,92.0,2790.0,1350.5,112.0,93.0,2568.948275862069,1234.344827586207,133.98275862068976,117.25,3302.375,649.125,157.0,105.39999999999998,2872.3333333333335,917.4666666666667,144.4666666666667,114.17647058823536,1235.2941176470588,1350.764705882353,128.23529411764707,113.63636363636363,3454.181818181818,893.2727272727273,206.27272727272748,138.84210526315786,2290.684210526316,488.7368421052632,113.89473684210543,30.0,3606.0,971.0,33.0
508,96.75,1491.5,737.0,105.75,106.0,1372.3333333333333,979.0,102.33333333333348,89.0,2688.5454545454545,700.4545454545455,157.0,92.0,2773.0,1352.75,117.0,93.0,2562.4827586206898,1234.448275862069,133.82758620689629,117.5,3301.75,642.25,157.0,105.60000000000002,2866.6666666666665,917.5333333333333,143.5333333333333,114.94117647058806,1231.235294117647,1354.4117647058824,128.58823529411757,112.0,3461.0,891.0,205.0,140.89473684210532,2293.7894736842104,486.1578947368421,112.2631578947371,30.0,3613.75,966.25,33.0
509,97.125,1485.25,736.0,110.625,106.0,1370.0,979.5,103.5,89.0,2675.4545454545455,701.0454545454545,157.0,92.0,2756.0,1355.0,122.0,93.0,2556.0172413793102,1234.551724137931,133.67241379310371,117.75,3301.125,635.375,157.0,105.79999999999995,2861.0,917.6,142.5999999999999,115.70588235294122,1227.1764705882354,1358.0588235294117,128.94117647058806,110.36363636363637,3467.818181818182,888.7272727272727,203.72727272727252,142.9473684210526,2296.8947368421054,483.57894736842104,110.63157894736833,30.0,3621.5,961.5,33.0
510,97.5,1479.0,735.0,115.5,106.0,1367.6666666666667,980.0,104.66666666666652,89.0,2662.3636363636365,701.6363636363636,157.0,92.0,2740.5,1357.5,130.0,93.0,2549.551724137931,1234.655172413793,133.51724137931024,118.0,3300.5,628.5,157.0,106.0,2855.3333333333335,917.6666666666666,141.66666666666652,116.47058823529414,1223.1176470588234,1361.7058823529412,129.294117647059,108.72727272727263,3474.6363636363635,886.4545454545455,202.4545454545455,145.0,2300.0,481.0,109.0,30.0,3629.25,956.75,33.0
511,97.875,1472.75,734.0,120.375,106.0,1365.3333333333333,980.5,105.83333333333348,89.0,2649.2727272727275,702.2272727272727,157.0,92.0,2725.0,1360.0,138.0,93.0,2543.0862068965516,1234.7586206896551,133.3620689655172,118.25,3299.875,621.625,157.0,106.19999999999993,2849.6666666666665,917.7333333333333,140.73333333333358,117.23529411764707,1219.0588235294117,1365.3529411764705,129.6470588235295,107.09090909090912,3481.4545454545455,884.1818181818181,201.18181818181802,144.11764705882348,2301.4117647058824,478.4117647058824,109.11764705882342,30.0,3637.0,952.0,33.0
512,98.25,1466.5,733.0,125.25,106.0,1363.0,981.0,107.0,89.0,2636.181818181818,702.8181818181819,157.0,92.0,2720.3333333333335,1362.3333333333333,130.33333333333303,93.0,2536.6206896551726,1234.8620689655172,133.20689655172418,118.5,3299.25,614.75,157.0,106.40000000000009,2844.0,917.8,139.80000000000018,118.0,1215.0,1369.0,130.0,105.4545454545455,3488.2727272727275,881.9090909090909,199.90909090909054,143.23529411764702,2302.823529411765,475.8235294117647,109.23529411764684,30.0,3644.75,944.25,33.0
513,98.625,1460.25,732.0,130.125,106.0,1360.6666666666667,981.5,108.16666666666652,89.0,2623.090909090909,703.4090909090909,157.0,92.0,2715.6666666666665,1364.6666666666667,122.66666666666697,93.0,2530.155172413793,1234.9655172413793,133.05172413793116,118.75,3298.625,607.875,157.0,106.60000000000002,2838.3333333333335,917.8666666666667,138.86666666666633,117.40000000000009,1210.6,1375.1,130.30000000000018,103.81818181818187,3495.090909090909,879.6363636363636,198.6363636363635,142.3529411764706,2304.235294117647,473.2352941176471,109.35294117647072,30.0,3652.5,936.5,33.0
514,99.0,1454.0,731.0,135.0,106.0,1358.3333333333333,982.0,109.33333333333348,89.0,2610.0,704.0,157.0,92.0,2711.0,1367.0,115.0,93.0,2523.689655172414,1235.0689655172414,132.89655172413768,119.0,3298.0,601.0,157.0,106.80000000000007,2832.6666666666665,917.9333333333333,137.9333333333334,116.79999999999995,1206.2,1381.2,130.5999999999999,102.18181818181813,3501.909090909091,877.3636363636364,197.3636363636365,141.47058823529414,2305.6470588235293,470.6470588235294,109.47058823529414,30.0,3660.25,928.75,33.0
515,100.0,1451.0,731.0,132.33333333333326,106.0,1356.0,982.5,110.5,89.0,2595.6,703.4666666666667,157.0,92.0,2697.0,1369.375,117.75,93.0,2517.2241379310344,1235.1724137931035,132.7413793103451,119.25,3296.625,598.0,157.0,107.0,2827.0,918.0,137.0,116.20000000000005,1201.8,1387.3,130.9000000000001,100.5454545454545,3508.7272727272725,875.0909090909091,196.09090909090946,140.58823529411762,2307.0588235294117,468.05882352941177,109.58823529411757,30.0,3668.0,921.0,33.0
516,101.0,1448.0,731.0,129.66666666666674,106.0,1353.6666666666667,983.0,111.66666666666652,89.0,2581.2,702.9333333333333,157.0,92.0,2683.0,1371.75,120.5,93.0,2510.7586206896553,1235.2758620689656,132.58620689655163,119.5,3295.25,595.0,157.0,107.16666666666674,2824.6666666666665,918.0,134.16666666666697,115.59999999999991,1197.4,1393.4,131.19999999999982,98.90909090909088,3515.5454545454545,872.8181818181819,194.81818181818198,139.7058823529411,2308.470588235294,465.47058823529414,109.70588235294099,30.0,3673.0,908.5,33.0
517,102.0,1445.0,731.0,127.0,106.0,1351.3333333333333,983.5,112.83333333333348,89.0,2566.8,702.4,157.0,92.0,2669.0,1374.125,123.25,93.0,2504.293103448276,1235.3793103448277,132.4310344827586,119.75,3293.875,592.0,157.0,107.33333333333326,2822.3333333333335,918.0,131.33333333333303,115.0,1193.0,1399.5,131.5,97.27272727272737,3522.3636363636365,870.5454545454545,193.5454545454545,138.82352941176475,2309.8823529411766,462.88235294117646,109.82352941176441,30.0,3678.0,896.0,33.0
518,102.66666666666663,1442.0,731.0,118.66666666666674,106.0,1349.0,984.0,114.0,89.0,2552.4,701.8666666666667,157.0,92.0,2655.0,1376.5,126.0,93.0,2497.8275862068967,1235.4827586206898,132.27586206896513,120.0,3292.5,589.0,157.0,107.5,2820.0,918.0,128.5,114.40000000000009,1188.6,1405.6,131.80000000000018,95.63636363636363,3529.181818181818,868.2727272727273,192.27272727272748,137.94117647058823,2311.294117647059,460.29411764705884,109.94117647058783,30.0,3683.0,883.5,33.0
519,103.33333333333337,1439.0,731.0,110.33333333333326,106.00000000000011,1346.1666666666667,983.9166666666666,114.08333333333326,89.0,2538.0,701.3333333333334,157.0,92.0,2641.0,1378.875,128.75,93.0,2491.362068965517,1235.5862068965516,132.12068965517255,120.25,3291.125,586.0,157.0,107.66666666666674,2817.6666666666665,918.0,125.66666666666697,113.79999999999995,1184.2,1411.7,132.0999999999999,94.0,3536.0,866.0,191.0,137.05882352941177,2312.705882352941,457.70588235294116,110.05882352941217,30.0,3688.0,871.0,33.0
520,104.0,1436.0,731.0,102.0,105.99999999999989,1343.3333333333333,983.8333333333334,114.16666666666674,89.0,2523.6,700.8,157.0,92.0,2627.0,1381.25,131.5,93.0,2484.896551724138,1235.6896551724137,131.96551724137908,120.5,3289.75,583.0,157.0,107.83333333333326,2815.3333333333335,918.0,122.83333333333303,113.20000000000005,1179.8,1417.8,132.4000000000001,94.0,3538.5555555555557,863.5555555555555,187.55555555555566,136.17647058823525,2314.1176470588234,455.11764705882354,110.17647058823559,30.0,3680.5,850.5,33.0
521,105.0,1428.0,728.5,96.5,106.0,1340.5,983.75,114.25,89.0,2509.2,700.2666666666667,157.0,92.0,2613.0,1383.625,134.25,93.0,2478.4310344827586,1235.7931034482758,131.81034482758605,120.75,3288.375,580.0,157.0,108.0,2813.0,918.0,120.0,112.59999999999991,1175.4,1423.9,132.69999999999982,94.0,3541.1111111111113,861.1111111111111,184.11111111111086,135.2941176470589,2315.529411764706,452.52941176470586,110.29411764705901,30.0,3673.0,830.0,33.0
522,106.0,1420.0,726.0,91.0,106.00000000000011,1337.6666666666667,983.6666666666666,114.33333333333326,89.0,2494.8,699.7333333333333,157.0,92.0,2599.0,1386.0,137.0,93.0,2471.9655172413795,1235.896551724138,131.65517241379303,121.0,3287.0,577.0,157.0,108.0,2802.8,917.2,121.39999999999964,112.0,1171.0,1430.0,133.0,94.0,3543.6666666666665,858.6666666666666,180.66666666666697,134.41176470588238,2316.9411764705883,449.94117647058823,110.41176470588243,30.0,3648.5,808.0,33.0
523,106.0,1414.6666666666667,726.3333333333334,95.66666666666652,105.99999999999989,1334.8333333333333,983.5833333333334,114.41666666666674,89.0,2480.4,699.2,157.0,92.0,2585.090909090909,1388.2727272727273,137.5454545454545,93.0,2465.5,1236.0,131.5,120.5,3286.0,573.0,157.0,108.00000000000011,2792.6,916.4,122.80000000000018,111.25,1168.0,1432.25,133.25,94.0,3546.222222222222,856.2222222222222,177.22222222222217,133.52941176470586,2318.3529411764707,447.3529411764706,110.52941176470586,30.0,3624.0,786.0,33.0
524,106.0,1409.3333333333333,726.6666666666666,100.33333333333348,106.0,1332.0,983.5,114.5,89.0,2466.0,698.6666666666666,157.0,92.0,2571.181818181818,1390.5454545454545,138.09090909090946,93.0,2459.0344827586205,1236.103448275862,131.34482758620697,120.0,3285.0,569.0,157.0,108.0,2782.4,915.6,124.19999999999982,110.5,1165.0,1434.5,133.5,94.0,3548.777777777778,853.7777777777778,173.77777777777783,132.6470588235294,2319.764705882353,444.7647058823529,110.64705882352928,30.0,3593.5,766.0,33.0
525,106.0,1404.0,727.0,105.0,106.00000000000011,1329.1666666666667,983.4166666666666,114.58333333333326,89.0,2451.6,698.1333333333333,157.0,92.0,2557.2727272727275,1392.8181818181818,138.6363636363635,93.0,2452.5689655172414,1236.2068965517242,131.18965517241395,115.33333333333326,3282.0,561.3333333333334,158.66666666666652,108.0,2772.2,914.8,125.60000000000036,109.75,1162.0,1436.75,133.75,94.0,3551.3333333333335,851.3333333333334,170.33333333333303,131.76470588235298,2321.176470588235,442.1764705882353,110.76470588235316,30.0,3563.0,746.0,33.0
526,106.0,1398.6666666666667,727.3333333333334,109.66666666666652,105.99999999999989,1326.3333333333333,983.3333333333334,114.66666666666674,89.0,2437.2,697.6,157.0,92.0,2543.3636363636365,1395.090909090909,139.18181818181802,93.0,2446.103448275862,1236.3103448275863,131.03448275862092,110.66666666666674,3279.0,553.6666666666666,160.33333333333348,108.0,2762.0,914.0,127.0,109.0,1159.0,1439.0,134.0,94.0,3553.8888888888887,848.8888888888889,166.88888888888914,130.88235294117652,2322.5882352941176,439.5882352941176,110.88235294117658,30.0,3532.5,726.0,33.0
527,106.0,1393.3333333333333,727.6666666666666,114.33333333333348,106.0,1323.5,983.25,114.75,89.0,2422.8,697.0666666666667,157.0,92.0,2529.4545454545455,1397.3636363636363,139.72727272727252,93.0,2439.637931034483,1236.4137931034484,130.87931034482745,106.0,3276.0,546.0,162.0,108.0,2756.6666666666665,913.3333333333334,123.66666666666697,109.375,1154.53125,1443.28125,134.71875,94.0,3556.4444444444443,846.4444444444445,163.44444444444434,130.0,2324.0,437.0,111.0,30.0,3502.0,706.0,33.0
528,106.0,1388.0,728.0,119.0,106.00000000000011,1320.6666666666667,983.1666666666666,114.83333333333326,89.0,2408.4,696.5333333333333,157.0,92.0,2515.5454545454545,1399.6363636363637,140.27272727272748,93.0,2433.1724137931033,1236.5172413793102,130.72413793103487,105.5,3270.25,542.5,163.5,108.0,2751.3333333333335,912.6666666666666,120.33333333333303,109.75,1150.0625,1447.5625,135.4375,94.0,3559.0,844.0,160.0,130.0,2323.6875,434.375,112.8125,30.0,3470.0,686.5,33.0
529,106.0,1382.6666666666667,728.3333333333334,123.66666666666652,105.99999999999989,1317.8333333333333,983.0833333333334,114.91666666666674,89.0,2394.0,696.0,157.0,92.0,2501.6363636363635,1401.909090909091,140.81818181818198,93.0,2426.706896551724,1236.6206896551723,130.5689655172414,105.0,3264.5,539.0,165.0,108.0,2746.0,912.0,117.0,110.125,1145.59375,1451.84375,136.15625,94.0,3559.625,839.5,157.0,130.0,2323.375,431.75,114.625,30.0,3438.0,667.0,33.0
530,106.0,1377.3333333333333,728.6666666666666,128.33333333333348,106.0,1315.0,983.0,115.0,89.0,2379.6,695.4666666666667,157.0,92.0,2487.7272727272725,1404.1818181818182,141.3636363636365,93.0,2420.2413793103447,1236.7241379310344,130.41379310344837,104.5,3258.75,535.5,166.5,108.0,2736.6666666666665,911.5555555555555,117.66666666666697,110.5,1141.125,1456.125,136.875,94.0,3560.25,835.0,154.0,130.0,2323.0625,429.125,116.4375,30.0,3405.0,649.5,33.0
531,106.0,1372.0,729.0,133.0,106.0,1312.8333333333333,983.7666666666667,115.10000000000014,89.0,2365.2,694.9333333333333,157.0,92.0,2473.818181818182,1406.4545454545455,141.90909090909054,93.0,2413.7758620689656,1236.8275862068965,130.2586206896549,104.0,3253.0,532.0,168.0,108.0,2727.3333333333335,911.1111111111111,118.33333333333303,110.875,1136.65625,1460.40625,137.59375,94.0,3560.875,830.5,151.0,130.0,2322.75,426.5,118.25,30.0,3372.0,632.0,33.0
532,106.0,1366.6666666666667,729.3333333333334,133.0666666666666,106.0,1310.6666666666667,984.5333333333333,115.19999999999982,89.0,2350.8,694.4,157.0,92.0,2459.909090909091,1408.7272727272727,142.4545454545455,93.0,2407.310344827586,1236.9310344827586,130.10344827586232,103.33333333333337,3249.0,529.6666666666666,169.66666666666652,108.0,2718.0,910.6666666666666,119.0,111.25,1132.1875,1464.6875,138.3125,94.0,3561.5,826.0,148.0,130.0,2322.4375,423.875,120.0625,30.0,3359.0,614.0,33.0
533,106.0,1361.3333333333333,729.6666666666666,133.13333333333344,106.0,1308.5,985.3,115.29999999999995,89.0,2336.4,693.8666666666667,157.0,92.0,2446.0,1411.0,143.0,93.0,2400.844827586207,1237.0344827586207,129.94827586206884,102.66666666666663,3245.0,527.3333333333334,171.33333333333348,108.0,2708.6666666666665,910.2222222222222,119.66666666666697,111.625,1127.71875,1468.96875,139.03125,94.0,3562.125,821.5,145.0,130.0,2322.125,421.25,121.875,30.0,3355.0,597.0,33.0
534,106.0,1356.0,730.0,133.20000000000005,105.99999999999989,1306.3333333333333,986.0666666666667,115.40000000000009,89.0,2322.0,693.3333333333334,157.0,92.0,2433.125,1413.25,143.0,93.0,2394.3793103448274,1237.1379310344828,129.79310344827582,102.0,3241.0,525.0,173.0,108.0,2699.3333333333335,909.7777777777778,120.33333333333303,112.0,1123.25,1473.25,139.75,94.0,3562.75,817.0,142.0,130.0,2321.8125,418.625,123.6875,30.0,3351.0,581.0,33.0
535,106.0,1350.6666666666667,730.3333333333334,133.26666666666665,105.99999999999989,1304.1666666666667,986.8333333333334,115.5,89.0,2307.6,692.8,157.0,92.0,2420.25,1415.5,143.0,93.0,2387.9137931034484,1237.2413793103449,129.6379310344828,101.44444444444434,3240.4444444444443,521.7777777777778,171.22222222222217,108.0,2690.0,909.3333333333334,121.0,112.375,1118.78125,1477.53125,140.46875,94.0,3563.375,812.5,139.0,130.0,2321.5,416.0,125.5,30.0,3347.0,565.0,33.0
536,106.0,1345.3333333333333,730.6666666666666,133.33333333333348,105.99999999999989,1302.0,987.6,115.59999999999991,89.0,2293.2,692.2666666666667,157.0,92.0,2407.375,1417.75,143.0,93.0,2381.448275862069,1237.344827586207,129.48275862068976,100.88888888888891,3239.8888888888887,518.5555555555555,169.4444444444448,108.0,2680.6666666666665,908.8888888888889,121.66666666666697,112.75,1114.3125,1481.8125,141.1875,94.0,3564.0,808.0,136.0,130.0,2321.1875,413.375,127.3125,30.0,3337.5,548.5,33.0
537,106.0,1340.0,731.0,133.4000000000001,105.99999999999989,1299.8333333333333,988.3666666666667,115.70000000000005,89.0,2278.8,691.7333333333333,157.0,92.0,2394.5,1420.0,143.0,93.0,2374.9827586206898,1237.448275862069,129.32758620689629,100.33333333333326,3239.3333333333335,515.3333333333334,167.66666666666652,108.0,2671.3333333333335,908.4444444444445,122.33333333333303,113.125,1109.84375,1486.09375,141.90625,97.5,3557.125,803.5,137.875,130.0,2320.875,410.75,129.125,30.0,3328.0,532.0,33.0
538,106.0,1334.6666666666667,731.3333333333334,133.4666666666667,106.00000000000011,1297.6666666666667,989.1333333333333,115.79999999999995,89.0,2264.4,691.2,157.0,92.0,2381.625,1422.25,143.0,93.0,2368.5172413793102,1237.551724137931,129.17241379310371,99.77777777777783,3238.777777777778,512.1111111111111,165.8888888888887,108.0,2662.0,908.0,123.0,113.5,1105.375,1490.375,142.625,101.0,3550.25,799.0,139.75,130.0,2320.5625,408.125,130.9375,30.0,3319.3333333333335,517.3333333333334,33.0
539,106.0,1329.3333333333333,731.6666666666666,133.5333333333333,106.00000000000011,1295.5,989.9,115.90000000000009,89.0,2250.0,690.6666666666666,157.0,92.0,2368.75,1424.5,143.0,93.0,2362.051724137931,1237.655172413793,129.01724137931024,99.22222222222217,3238.222222222222,508.8888888888889,164.1111111111113,108.0,2656.25,907.5,120.0,113.875,1100.90625,1494.65625,143.34375,104.5,3543.375,794.5,141.625,130.0,2320.25,405.5,132.75,29.999999999999943,3310.6666666666665,502.6666666666667,33.0
540,106.0,1324.0,732.0,133.5999999999999,106.00000000000011,1293.3333333333333,990.6666666666666,116.0,89.0,2235.6,690.1333333333333,157.0,92.0,2355.875,1426.75,143.0,93.0,2355.5862068965516,1237.7586206896551,128.8620689655172,98.66666666666669,3237.6666666666665,505.6666666666667,162.33333333333348,108.0,2650.5,907.0,117.0,114.25,1096.4375,1498.9375,144.0625,108.0,3536.5,790.0,143.5,130.0,2319.9375,402.875,134.5625,30.0,3302.0,488.0,33.0
541,106.0,1318.6666666666667,732.3333333333334,133.66666666666652,106.00000000000011,1291.1666666666667,991.4333333333333,116.09999999999991,89.0,2221.2,689.6,157.0,92.0,2343.0,1429.0,143.0,93.0,2349.1206896551726,1237.8620689655172,128.70689655172418,98.11111111111109,3237.1111111111113,502.44444444444446,160.5555555555552,108.0,2644.75,906.5,114.0,114.625,1091.96875,1503.21875,144.78125,111.5,3529.625,785.5,145.375,130.0,2319.625,400.25,136.375,30.0,3289.3333333333335,476.3333333333333,33.0
542,106.0,1313.3333333333333,732.6666666666666,133.73333333333335,106.0,1289.0,992.2,116.20000000000005,89.0,2206.8,689.0666666666667,157.0,92.0,2316.0,1429.0,143.0,93.0,2342.655172413793,1237.9655172413793,128.55172413793116,97.5555555555556,3236.5555555555557,499.22222222222223,158.77777777777783,108.0,2639.0,906.0,111.0,115.0,1087.5,1507.5,145.5,115.0,3522.75,781.0,147.25,130.0,2319.3125,397.625,138.1875,30.0,3276.6666666666665,464.6666666666667,33.0
543,106.0,1308.0,733.0,133.79999999999995,106.0,1286.8333333333333,992.9666666666667,116.30000000000018,89.0,2192.4,688.5333333333333,157.0,92.0,2301.5454545454545,1430.7272727272727,143.0,93.0,2336.189655172414,1238.0689655172414,128.39655172413768,97.0,3236.0,496.0,157.0,108.0,2629.6071428571427,905.1071428571429,111.64285714285734,115.375,1083.03125,1511.78125,146.21875,118.5,3515.875,776.5,149.125,130.0,2319.0,395.0,140.0,30.0,3264.0,453.0,33.0
544,106.0,1302.6666666666667,733.3333333333334,133.86666666666656,106.0,1284.6666666666667,993.7333333333333,116.39999999999986,89.0,2178.0,688.0,157.0,92.0,2287.090909090909,1432.4545454545455,143.0,93.0,2329.7241379310344,1238.1724137931035,128.2413793103451,96.99999999999994,3230.4285714285716,494.14285714285717,159.4285714285711,108.0,2620.214285714286,904.2142857142857,112.28571428571422,115.75,1078.5625,1516.0625,146.9375,122.0,3509.0,772.0,151.0,129.29411764705878,2318.0,392.47058823529414,138.35294117647072,30.0,3249.25,442.75,33.0
545,106.0,1297.3333333333333,733.6666666666666,133.9333333333334,106.0,1282.5,994.5,116.5,89.0,2164.3793103448274,688.0,157.0,92.0,2272.6363636363635,1434.1818181818182,143.0,93.0,2323.2586206896553,1238.2758620689656,128.08620689655163,97.00000000000006,3224.8571428571427,492.2857142857143,161.85714285714312,108.0,2610.8214285714284,903.3214285714286,112.92857142857156,116.125,1074.09375,1520.34375,147.65625,117.375,3506.875,771.0,147.75,128.58823529411762,2317.0,389.94117647058823,136.705882352941,30.0,3234.5,432.5,33.0
546,106.0,1292.0,734.0,134.0,106.0,1280.3333333333333,995.2666666666667,116.60000000000014,89.0,2150.7586206896553,688.0,157.0,92.0,2258.181818181818,1435.909090909091,143.0,93.0,2316.793103448276,1238.3793103448277,127.9310344827586,97.0,3219.285714285714,490.42857142857144,164.28571428571422,108.0,2601.4285714285716,902.4285714285714,113.57142857142844,116.5,1069.625,1524.625,148.375,112.75,3504.75,770.0,144.5,127.8823529411764,2316.0,387.4117647058824,135.0588235294117,30.0,3219.75,422.25,33.0
547,105.55555555555554,1286.5,734.8333333333334,134.3888888888889,106.0,1278.1666666666667,996.0333333333333,116.69999999999982,89.0,2137.137931034483,688.0,157.0,92.0,2243.7272727272725,1437.6363636363637,143.0,93.0,2310.3275862068967,1238.4827586206898,127.77586206896513,97.0,3213.714285714286,488.57142857142856,166.71428571428578,108.0,2592.035714285714,901.5357142857143,114.21428571428578,116.875,1065.15625,1528.90625,149.09375,108.125,3502.625,769.0,141.25,127.17647058823525,2315.0,384.88235294117646,133.41176470588243,30.0,3205.0,412.0,33.0
548,105.1111111111112,1281.0,735.6666666666666,134.77777777777783,106.0,1276.0,996.8,116.79999999999995,89.0,2123.5172413793102,688.0,157.0,92.0,2229.2727272727275,1439.3636363636363,143.0,93.0,2303.862068965517,1238.5862068965516,127.62068965517255,96.99999999999994,3208.1428571428573,486.7142857142857,169.14285714285688,108.0,2582.6428571428573,900.6428571428571,114.85714285714266,117.25,1060.6875,1533.1875,149.8125,103.5,3500.5,768.0,138.0,126.47058823529409,2314.0,382.3529411764706,131.76470588235316,30.0,3188.6666666666665,403.3333333333333,33.0
549,104.66666666666663,1275.5,736.5,135.16666666666674,105.99999999999989,1273.8333333333333,997.5666666666667,116.90000000000009,89.0,2109.896551724138,688.0,157.0,92.0,2214.818181818182,1441.090909090909,143.0,93.0,2297.3965517241377,1238.6896551724137,127.46551724137953,97.00000000000006,3202.5714285714284,484.85714285714283,171.5714285714289,108.0,2573.25,899.75,115.5,117.625,1056.21875,1537.46875,150.53125,98.875,3498.375,767.0,134.75,125.76470588235293,2313.0,379.8235294117647,130.11764705882342,30.0,3172.3333333333335,394.6666666666667,33.0
550,104.22222222222217,1270.0,737.3333333333334,135.55555555555566,105.99999999999989,1271.6666666666667,998.3333333333334,117.0,89.0,2096.2758620689656,688.0,157.0,92.0,2200.3636363636365,1442.8181818181818,143.0,93.0,2290.9310344827586,1238.7931034482758,127.31034482758605,97.0,3197.0,483.0,174.0,108.0,2563.8571428571427,898.8571428571429,116.14285714285734,118.0,1051.75,1541.75,151.25,94.25,3496.25,766.0,131.5,125.05882352941177,2312.0,377.29411764705884,128.47058823529414,30.0,3156.0,386.0,33.0
551,103.77777777777783,1264.5,738.1666666666666,135.94444444444434,105.99999999999989,1269.5,999.1,117.09999999999991,89.0,2082.655172413793,688.0,157.0,92.0,2185.909090909091,1444.5454545454545,143.0,93.0,2284.4655172413795,1238.896551724138,127.15517241379303,97.00000000000006,3196.0,480.2,170.5999999999999,108.0,2554.464285714286,897.9642857142857,116.78571428571422,118.375,1047.28125,1546.03125,151.96875,89.625,3494.125,765.0,128.25,124.35294117647061,2311.0,374.7647058823529,126.82352941176487,30.0,3137.0,376.0,33.0
552,103.33333333333337,1259.0,739.0,136.33333333333326,105.99999999999989,1267.3333333333333,999.8666666666667,117.20000000000005,89.0,2069.0344827586205,688.0,157.0,92.0,2171.4545454545455,1446.2727272727273,143.0,93.0,2278.0,1239.0,127.0,97.0,3195.0,477.4,167.19999999999982,108.0,2545.0714285714284,897.0714285714286,117.42857142857156,118.75,1042.8125,1550.3125,152.6875,85.0,3492.0,764.0,125.0,123.64705882352939,2310.0,372.2352941176471,125.17647058823513,30.0,3128.0,366.0,33.0
553,102.8888888888888,1253.5,739.8333333333334,136.72222222222217,106.00000000000011,1265.1666666666667,1000.6333333333333,117.29999999999995,89.0,2055.4137931034484,688.0,157.0,92.0,2157.0,1448.0,143.0,93.0,2270.1111111111113,1239.6666666666667,126.88888888888869,97.0,3194.0,474.6,163.80000000000018,108.0,2535.6785714285716,896.1785714285714,118.07142857142844,119.125,1038.34375,1554.59375,153.40625,88.19999999999993,3475.8,758.2,134.5999999999999,122.94117647058823,2309.0,369.70588235294116,123.52941176470586,30.0,3123.6666666666665,352.6666666666667,33.0
554,102.44444444444446,1248.0,740.6666666666666,137.1111111111111,106.00000000000011,1263.0,1001.4,117.40000000000009,89.0,2041.7931034482758,688.0,157.0,92.0,2144.6666666666665,1449.6666666666667,143.0,93.0,2262.222222222222,1240.3333333333333,126.77777777777783,96.99999999999994,3193.0,471.8,160.4000000000001,108.0,2526.285714285714,895.2857142857143,118.71428571428578,119.5,1033.875,1558.875,154.125,91.39999999999998,3459.6,752.4,144.20000000000027,122.23529411764702,2308.0,367.1764705882353,121.88235294117658,30.0,3119.3333333333335,339.3333333333333,33.0
555,102.0,1242.5,741.5,137.5,106.00000000000011,1260.8333333333333,1002.1666666666666,117.5,89.0,2028.1724137931035,688.0,156.99999999999977,92.0,2132.3333333333335,1451.3333333333333,143.0,93.0,2254.3333333333335,1241.0,126.66666666666652,97.0,3192.0,469.0,157.0,108.0,2516.8928571428573,894.3928571428571,119.35714285714266,119.875,1029.40625,1563.15625,154.84375,94.60000000000002,3443.4,746.6,153.79999999999973,121.52941176470591,2307.0,364.6470588235294,120.23529411764684,30.0,3115.0,326.0,33.0
556,101.55555555555554,1237.0,742.3333333333334,137.8888888888889,106.00000000000011,1258.6666666666667,1002.9333333333333,117.59999999999991,89.0,2014.5517241379312,688.0,157.0,92.0,2120.0,1453.0,143.0,93.0,2246.4444444444443,1241.6666666666667,126.55555555555566,97.25,3193.75,466.75,157.0,108.0,2507.5,893.5,120.0,120.25,1024.9375,1567.4375,155.5625,97.80000000000007,3427.2,740.8,163.4000000000001,120.8235294117647,2306.0,362.11764705882354,118.58823529411757,30.0,3107.6666666666665,312.3333333333333,33.0
557,101.1111111111112,1231.5,743.1666666666666,138.27777777777783,106.0,1256.5,1003.7,117.70000000000005,89.0,2000.9310344827586,688.0,157.0,92.0,2105.4666666666667,1454.2666666666667,143.0,93.0,2238.5555555555557,1242.3333333333333,126.44444444444434,97.5,3195.5,464.5,157.0,108.0,2498.1071428571427,892.6071428571429,120.64285714285734,120.625,1020.46875,1571.71875,156.28125,101.0,3411.0,735.0,173.0,120.11764705882348,2305.0,359.5882352941177,116.94117647058829,30.0,3100.3333333333335,298.6666666666667,33.0
558,100.66666666666663,1226.0,744.0,138.66666666666674,106.0,1254.3333333333333,1004.4666666666667,117.80000000000018,89.0,1987.3103448275863,688.0,156.99999999999977,92.0,2090.9333333333334,1455.5333333333333,143.0,93.0,2230.6666666666665,1243.0,126.33333333333348,97.75,3197.25,462.25,157.0,108.0,2488.714285714286,891.7142857142857,121.28571428571422,121.0,1016.0,1576.0,157.0,101.0,3402.6363636363635,733.9090909090909,174.18181818181847,119.41176470588238,2304.0,357.05882352941177,115.29411764705901,30.0,3093.0,285.0,33.0
559,100.22222222222217,1220.5,744.8333333333334,139.05555555555566,106.0,1252.1666666666667,1005.2333333333333,117.89999999999986,89.0,1973.6896551724137,688.0,157.00000000000023,92.0,2076.4,1456.8,143.0,93.0,2222.777777777778,1243.6666666666667,126.22222222222217,98.0,3199.0,460.0,157.0,108.0,2479.3214285714284,890.8214285714286,121.92857142857156,121.0,1010.8846153846154,1579.9615384615386,157.42307692307702,101.0,3394.2727272727275,732.8181818181819,175.36363636363603,118.70588235294122,2303.0,354.52941176470586,113.64705882352928,30.0,3084.5,273.75,33.0
560,99.77777777777783,1215.0,745.6666666666666,139.44444444444434,106.0,1250.0,1006.0,118.0,89.0,1960.0689655172414,688.0,157.0,92.0,2061.866666666667,1458.0666666666666,143.0,93.0,2214.8888888888887,1244.3333333333333,126.11111111111131,98.24999999999994,3196.0833333333335,457.9166666666667,157.0,108.0,2469.9285714285716,889.9285714285714,122.57142857142844,121.0,1005.7692307692307,1583.923076923077,157.8461538461538,101.0,3385.909090909091,731.7272727272727,176.5454545454545,118.0,2302.0,352.0,112.0,30.0,3076.0,262.5,33.0
561,99.33333333333337,1209.5,746.5,139.83333333333326,106.0,1248.7777777777778,1006.6111111111111,118.0,89.0,1946.448275862069,688.0,156.99999999999977,92.0,2047.3333333333333,1459.3333333333333,143.00000000000023,93.0,2207.0,1245.0,126.0,98.50000000000006,3193.1666666666665,455.8333333333333,157.0,108.0,2460.535714285714,889.0357142857143,123.21428571428578,121.0,1000.6538461538462,1587.8846153846155,158.26923076923072,101.0,3377.5454545454545,730.6363636363636,177.72727272727298,121.0,2301.0,349.5,113.75,30.0,3067.5,251.25,33.0
562,98.8888888888888,1204.0,747.3333333333334,140.22222222222217,106.0,1247.5555555555557,1007.2222222222222,118.0,89.0,1932.8275862068965,688.0,157.00000000000023,92.0,2032.8,1460.6,143.00000000000023,93.0,2200.796296296296,1244.611111111111,125.85185185185219,98.75,3190.25,453.75,157.0,108.0,2451.1428571428573,888.1428571428571,123.85714285714266,121.0,995.5384615384615,1591.8461538461538,158.69230769230774,101.0,3369.181818181818,729.5454545454545,178.909090909091,124.0,2300.0,347.0,115.5,30.0,3059.0,240.0,33.0
563,98.44444444444446,1198.5,748.1666666666666,140.6111111111111,105.99999999999989,1246.3333333333333,1007.8333333333334,118.0,89.0,1919.2068965517242,688.0,157.0,92.0,2018.2666666666667,1461.8666666666666,143.00000000000023,93.0,2194.5925925925926,1244.2222222222222,125.70370370370347,98.99999999999994,3187.3333333333335,451.6666666666667,157.0,108.0,2441.75,887.25,124.5,121.0,990.4230769230769,1595.8076923076924,159.11538461538453,101.0,3360.818181818182,728.4545454545455,180.090909090909,127.0,2299.0,344.5,117.25,30.0,3048.25,230.0,33.0
564,98.0,1193.0,749.0,141.0,105.99999999999989,1245.111111111111,1008.4444444444445,118.0,89.0,1905.5862068965516,688.0,157.0,92.0,2003.7333333333333,1463.1333333333334,142.99999999999977,93.0,2188.3888888888887,1243.8333333333333,125.55555555555566,99.25000000000006,3184.4166666666665,449.5833333333333,157.0,108.0,2432.3571428571427,886.3571428571429,125.14285714285734,121.0,985.3076923076923,1599.7692307692307,159.53846153846155,101.0,3352.4545454545455,727.3636363636364,181.27272727272702,130.0,2298.0,342.0,119.0,30.0,3037.5,220.0,33.0
565,98.0,1188.2307692307693,750.3076923076923,140.23076923076928,106.00000000000011,1243.888888888889,1009.0555555555555,118.0,89.0,1891.9655172413793,688.0,157.00000000000023,92.0,1989.2,1464.4,142.99999999999977,93.0,2182.185185185185,1243.4444444444443,125.40740740740739,99.5,3181.5,447.5,157.0,108.0,2422.964285714286,885.4642857142857,125.78571428571422,121.0,980.1923076923077,1603.7307692307693,159.96153846153845,101.0,3344.090909090909,726.2727272727273,182.4545454545455,128.33333333333331,2295.6666666666665,340.4166666666667,119.75,30.0,3026.75,210.0,33.0
566,98.0,1183.4615384615386,751.6153846153846,139.46153846153834,106.00000000000011,1242.6666666666667,1009.6666666666666,118.0,89.0,1878.344827586207,688.0,157.0,92.0,1974.6666666666667,1465.6666666666667,142.99999999999977,93.0,2175.9814814814813,1243.0555555555557,125.25925925925958,99.74999999999994,3178.5833333333335,445.4166666666667,157.0,108.0,2413.5714285714284,884.5714285714286,126.42857142857156,121.0,975.0769230769231,1607.6923076923076,160.38461538461547,101.0,3335.7272727272725,725.1818181818181,183.63636363636397,126.66666666666669,2293.3333333333335,338.8333333333333,120.5,30.0,3016.0,200.0,33.0
567,98.0,1178.6923076923076,752.9230769230769,138.69230769230785,106.0,1241.4444444444443,1010.2777777777778,118.0,89.0,1864.7241379310344,688.0,157.0,92.0,1960.1333333333334,1466.9333333333334,142.99999999999977,93.0,2169.777777777778,1242.6666666666667,125.11111111111086,100.00000000000006,3175.6666666666665,443.3333333333333,157.0,108.0,2404.1785714285716,883.6785714285714,127.07142857142844,121.0,969.9615384615385,1611.6538461538462,160.80769230769226,101.0,3327.3636363636365,724.0909090909091,184.81818181818153,125.0,2291.0,337.25,121.25,30.0,3002.5,191.0,33.0
568,98.0,1173.923076923077,754.2307692307693,137.9230769230769,106.0,1240.2222222222222,1010.8888888888889,118.0,89.0,1851.103448275862,688.0,157.0,92.0,1945.6,1468.2,143.0,93.0,2163.574074074074,1242.2777777777778,124.96296296296305,100.25,3172.75,441.25,157.0,108.0,2394.785714285714,882.7857142857143,127.71428571428578,121.0,964.8461538461538,1615.6153846153845,161.23076923076928,101.0,3319.0,723.0,186.0,123.33333333333331,2288.6666666666665,335.6666666666667,122.0,30.0,2989.0,182.0,33.0
569,98.0,1169.1538461538462,755.5384615384615,137.1538461538462,106.0,1239.0,1011.5,118.0,89.0,1837.4827586206898,688.0,157.0,92.0,1931.0666666666666,1469.4666666666667,143.0,93.0,2157.3703703703704,1241.888888888889,124.81481481481478,100.49999999999994,3169.8333333333335,439.1666666666667,157.0,108.0,2385.3928571428573,881.8928571428571,128.35714285714266,121.0,959.7307692307693,1619.576923076923,161.6538461538462,100.0,3317.4545454545455,723.4545454545455,183.909090909091,121.66666666666669,2286.3333333333335,334.0833333333333,122.75,30.0,2975.5,176.0,33.0
570,98.0,1164.3846153846155,756.8461538461538,136.38461538461524,106.0,1237.7777777777778,1012.1111111111111,118.0,89.0,1823.8620689655172,688.0,157.0,92.0,1916.5333333333333,1470.7333333333333,143.0,93.0,2151.1666666666665,1241.5,124.66666666666697,100.75000000000006,3166.9166666666665,437.0833333333333,157.0,108.0,2376.0,881.0,129.0,121.0,954.6153846153846,1623.5384615384614,162.07692307692298,99.0,3315.909090909091,723.9090909090909,181.81818181818153,120.0,2284.0,332.5,123.5,30.0,2962.0,170.0,33.0
571,98.0,1159.6153846153845,758.1538461538462,135.61538461538476,106.0,1236.5555555555557,1012.7222222222222,118.0,89.0,1810.2413793103449,688.0,157.0,92.0,1902.0,1472.0,143.0,93.0,2144.962962962963,1241.111111111111,124.51851851851825,101.0,3164.0,435.0,157.0,108.0,2366.9,880.2,129.19999999999982,121.0,949.5,1627.5,162.5,98.0,3314.3636363636365,724.3636363636364,179.72727272727252,118.33333333333331,2281.6666666666665,330.9166666666667,124.25,30.0,2955.0,158.5,33.0
572,98.0,1154.8461538461538,759.4615384615385,134.8461538461538,105.99999999999989,1235.3333333333333,1013.3333333333334,118.0,89.0,1796.6206896551723,688.0,157.0,92.0,1887.4666666666667,1473.2666666666667,143.0,93.0,2138.759259259259,1240.7222222222222,124.37037037037044,102.60000000000002,3160.2,432.4,155.60000000000036,108.0,2357.8,879.4,129.39999999999964,121.0,944.3846153846154,1631.4615384615386,162.92307692307702,97.0,3312.818181818182,724.8181818181819,177.6363636363635,116.66666666666669,2279.3333333333335,329.3333333333333,125.0,30.0,2948.0,147.0,33.0
573,98.0,1150.076923076923,760.7692307692307,134.0769230769231,105.99999999999989,1234.111111111111,1013.9444444444445,118.0,89.0,1783.0,688.0,157.0,92.0,1872.9333333333334,1474.5333333333333,143.0,93.0,2132.5555555555557,1240.3333333333333,124.22222222222217,104.19999999999999,3156.4,429.8,154.19999999999982,108.0,2348.7,878.6,129.60000000000036,121.0,939.2692307692307,1635.423076923077,163.3461538461538,96.0,3311.2727272727275,725.2727272727273,175.5454545454545,115.0,2277.0,327.75,125.75,30.0,2942.5,133.0,33.0
574,98.0,1145.3076923076924,762.0769230769231,133.30769230769215,106.00000000000011,1232.888888888889,1014.5555555555555,118.0,89.0,1769.0,684.3333333333334,157.0,92.0,1858.4,1475.8,143.0,93.0,2126.3518518518517,1239.9444444444443,124.07407407407436,105.80000000000001,3152.6,427.2,152.80000000000018,108.0,2339.6,877.8,129.80000000000018,121.0,934.1538461538462,1639.3846153846155,163.76923076923072,95.0,3309.7272727272725,725.7272727272727,173.4545454545455,113.33333333333331,2274.6666666666665,326.1666666666667,126.5,30.0,2937.0,119.0,33.0
575,98.0,1140.5384615384614,763.3846153846154,132.53846153846166,106.00000000000011,1231.6666666666667,1015.1666666666666,118.0,89.0,1755.0,680.6666666666666,157.0,92.0,1843.8666666666668,1477.0666666666666,143.0,93.0,2120.1481481481483,1239.5555555555557,123.92592592592564,107.39999999999998,3148.8,424.6,151.39999999999964,108.0,2330.5,877.0,130.0,121.0,929.0384615384615,1643.3461538461538,164.19230769230774,94.0,3308.181818181818,726.1818181818181,171.3636363636365,111.66666666666669,2272.3333333333335,324.5833333333333,127.25,30.0,2930.0,106.5,33.0
576,98.0,1135.7692307692307,764.6923076923077,131.76923076923072,106.0,1230.4444444444443,1015.7777777777778,118.0,89.0,1741.0,677.0,157.0,92.0,1829.3333333333335,1478.3333333333333,143.0,93.0,2113.9444444444443,1239.1666666666667,123.77777777777783,109.0,3145.0,422.0,150.0,108.0,2321.4,876.2,130.19999999999982,121.0,923.9230769230769,1647.3076923076924,164.61538461538453,93.0,3306.6363636363635,726.6363636363636,169.27272727272748,110.0,2270.0,323.0,128.0,30.0,2923.0,94.0,33.0
577,98.0,1131.0,766.0,131.0,106.0,1229.2222222222222,1016.3888888888889,118.0,89.43333333333328,1727.9,676.2,156.5999999999999,92.0,1814.8,1479.6,143.0,93.0,2107.740740740741,1238.7777777777778,123.62962962962956,110.39999999999998,3143.0,419.4,148.5999999999999,108.0,2312.3,875.4,130.39999999999964,121.0,918.8076923076923,1651.2692307692307,165.03846153846155,92.0,3305.090909090909,727.0909090909091,167.18181818181847,110.0,2269.0,323.0,128.0,30.0,2914.0,82.75,33.0
578,98.0,1130.5555555555557,766.4444444444445,130.33333333333326,106.0,1228.0,1017.0,118.0,89.86666666666667,1714.8,675.4,156.20000000000005,92.0,1800.2666666666667,1480.8666666666666,143.0,93.0,2101.537037037037,1238.388888888889,123.48148148148175,111.80000000000001,3141.0,416.8,147.19999999999982,108.0,2303.2,874.6,130.60000000000036,121.0,913.6923076923077,1655.2307692307693,165.46153846153845,91.0,3303.5454545454545,727.5454545454545,165.090909090909,110.0,2268.0,323.0,128.0,30.0,2905.0,71.5,33.0
579,98.0,1130.111111111111,766.8888888888889,129.66666666666674,106.0,1226.7777777777778,1017.6111111111111,118.0,90.29999999999995,1701.7,674.6,155.79999999999995,92.0,1785.7333333333333,1482.1333333333334,143.0,93.0,2095.3333333333335,1238.0,123.33333333333303,113.19999999999999,3139.0,414.2,145.80000000000018,108.0,2294.1,873.8,130.80000000000018,121.0,908.5769230769231,1659.1923076923076,165.88461538461547,90.0,3302.0,728.0,163.0,110.0,2267.0,323.0,128.0,30.0,2896.0,60.25,33.0
580,98.0,1129.6666666666667,767.3333333333334,129.0,106.0,1225.5555555555557,1018.2222222222222,118.0,90.73333333333335,1688.6,673.8,155.4000000000001,92.0,1771.2,1483.4,143.0,93.0,2089.1296296296296,1237.611111111111,123.18518518518522,114.60000000000002,3137.0,411.6,144.4000000000001,108.0,2285.0,873.0,131.0,121.0,903.4615384615385,1663.1538461538462,166.30769230769226,90.0,3297.9,726.9,163.0,110.0,2266.0,323.0,128.0,30.0,2887.0,49.0,33.0
581,98.0,1129.2222222222222,767.7777777777778,128.33333333333348,105.99999999999989,1224.3333333333333,1018.8333333333334,118.0,91.16666666666663,1675.5,673.0,155.0,92.0,1756.6666666666665,1484.6666666666667,143.0,93.0,2082.925925925926,1237.2222222222222,123.03703703703695,116.0,3135.0,409.0,143.0,108.0,2281.0,872.25,126.0,121.0,898.3461538461538,1667.1153846153845,166.73076923076928,90.0,3293.8,725.8,163.0,110.0,2265.0,323.0,128.0,30.0,2876.5,39.75,33.0
582,98.0,1128.7777777777778,768.2222222222222,127.66666666666652,105.99999999999989,1223.111111111111,1019.4444444444445,118.0,91.59999999999991,1662.4,672.2,154.5999999999999,92.0,1742.1333333333332,1485.9333333333334,143.0,93.0,2076.722222222222,1236.8333333333333,122.88888888888914,116.0,3140.0,405.0,145.0,108.0,2277.0,871.5,121.0,121.0,893.2307692307693,1671.076923076923,167.1538461538462,90.0,3289.7,724.7,163.0,110.0,2264.0,323.0,128.0,30.0,2866.0,30.5,33.0
583,98.0,1128.3333333333333,768.6666666666666,127.0,106.00000000000011,1221.888888888889,1020.0555555555555,118.0,92.0333333333333,1649.3,671.4,154.20000000000005,92.0,1727.6,1487.2,143.0,93.0,2070.5185185185187,1236.4444444444443,122.74074074074042,115.99999999999994,3134.0,402.6666666666667,147.0,108.0,2273.0,870.75,116.0,121.0,888.1153846153846,1675.0384615384614,167.57692307692298,90.0,3285.6,723.6,163.0,110.0,2263.0,323.0,128.0,30.0,2855.5,21.25,33.0
584,98.0,1127.888888888889,769.1111111111111,126.33333333333326,106.00000000000011,1220.6666666666667,1020.6666666666666,118.0,92.4666666666667,1636.2,670.6,153.79999999999995,92.0,1713.0666666666666,1488.4666666666667,143.0,93.0,2064.314814814815,1236.0555555555557,122.59259259259261,116.00000000000006,3128.0,400.3333333333333,149.0,108.0,2269.0,870.0,111.0,121.0,883.0,1679.0,168.0,90.0,3281.5,722.5,163.0,110.0,2262.0,323.0,128.0,30.0,2845.0,12.0,33.0
585,98.0,1127.4444444444443,769.5555555555555,125.66666666666674,106.0,1219.4444444444443,1021.2777777777778,118.0,92.90000000000009,1623.1,669.8,153.4000000000001,92.0,1698.5333333333333,1489.7333333333333,143.0,93.0,2058.1111111111113,1235.6666666666667,122.44444444444434,116.0,3122.0,398.0,151.0,108.0,2254.5,869.0,101.5,121.0,877.5238095238095,1680.904761904762,168.42857142857144,90.0,3277.4,721.4,163.0,110.0,2261.0,323.0,128.0,26.0,2834.25,9.0,33.0
586,98.0,1127.0,770.0,125.0,106.0,1218.2222222222222,1021.8888888888889,118.0,93.33333333333337,1610.0,669.0,153.0,92.0,1684.0,1491.0,143.0,93.0,2051.9074074074074,1235.2777777777778,122.29629629629608,116.0,3114.6666666666665,395.0,153.0,108.0,2240.0,868.0,92.0,121.0,872.047619047619,1682.8095238095239,168.8571428571429,90.0,3273.3,720.3,163.0,110.0,2260.0,323.0,128.0,22.0,2823.5,6.0,33.0
587,98.0,1126.857142857143,771.0,125.0,106.0,1217.0,1022.5,118.0,93.76666666666665,1596.9,668.2,152.5999999999999,92.3809523809523,1670.8095238095239,1490.8095238095239,143.0,93.0,2045.7037037037037,1234.888888888889,122.14814814814804,116.0,3107.3333333333335,392.0,155.0,108.0,2230.0,867.5,95.75,121.0,866.5714285714286,1684.7142857142858,169.28571428571433,90.0,3269.2,719.2,163.0,110.0,2259.0,323.0,128.0,18.0,2812.75,3.0,33.0
588,98.0,1126.7142857142858,772.0,125.0,106.0,1215.7777777777778,1023.1111111111111,118.0,94.20000000000005,1583.8,667.4,152.20000000000005,92.76190476190459,1657.6190476190477,1490.6190476190477,143.0,93.0,2039.5,1234.5,122.0,116.0,3100.0,389.0,157.0,108.0,2220.0,867.0,99.5,121.0,861.0952380952381,1686.6190476190477,169.71428571428578,90.0,3265.1,718.1,163.0,110.0,2258.0,323.0,128.0,14.0,2802.0,0.0,33.0
589,98.0,1126.5714285714287,773.0,125.0,106.0,1214.5555555555557,1023.7222222222222,118.0,94.63333333333333,1570.7,666.6,151.79999999999995,93.14285714285734,1644.4285714285713,1490.4285714285713,143.0,93.0,2033.2962962962963,1234.111111111111,121.85185185185196,116.0,3090.0,388.0,159.33333333333348,108.0,2210.0,866.5,103.25,121.0,855.6190476190476,1688.5238095238096,170.14285714285722,90.0,3261.0,717.0,163.0,113.0,2259.090909090909,323.45454545454544,125.81818181818198,5.0,2795.0,0.0,19.0
590,98.0,1126.4285714285713,774.0,125.0,106.0,1213.3333333333333,1024.3333333333333,118.0,95.06666666666672,1557.6,665.8,151.4000000000001,93.52380952380963,1631.2380952380952,1490.2380952380952,143.0,93.0,2027.0925925925926,1233.7222222222222,121.70370370370347,116.0,3080.0,387.0,161.66666666666652,108.0,2200.0,866.0,107.0,121.0,850.1428571428571,1690.4285714285713,170.57142857142856,91.33333333333326,3257.6666666666665,713.8333333333334,163.0,116.0,2260.181818181818,323.90909090909093,123.63636363636397,,,,
591,98.0,1126.2857142857142,775.0,125.0,106.0,1212.111111111111,1024.9444444444443,118.0,95.5,1544.5,665.0,151.0,93.90476190476193,1618.047619047619,1490.047619047619,143.0,93.0,2020.888888888889,1233.3333333333333,121.55555555555543,116.0,3070.0,386.0,164.0,101.5,2184.5,865.5,117.5,121.0,844.6666666666666,1692.3333333333333,171.0,92.66666666666674,3254.3333333333335,710.6666666666666,163.0,119.0,2261.2727272727275,324.3636363636364,121.45454545454504,,,,
592,98.0,1126.142857142857,776.0,125.0,106.0,1210.888888888889,1025.5555555555557,118.0,95.93333333333328,1531.4,664.2,150.5999999999999,94.28571428571422,1604.857142857143,1489.857142857143,143.0,93.0,2014.6851851851852,1232.9444444444443,121.40740740740739,116.0,3064.7894736842104,384.05263157894734,163.84210526315792,95.0,2169.0,865.0,128.0,121.0,839.1904761904761,1694.2380952380952,171.42857142857144,94.0,3251.0,707.5,163.0,122.0,2262.3636363636365,324.8181818181818,119.27272727272702,,,,
593,98.0,1126.0,777.0,125.0,106.0,1209.6666666666667,1026.1666666666667,118.0,96.36666666666667,1518.3,663.4,150.20000000000005,94.66666666666652,1591.6666666666667,1489.6666666666667,143.0,93.0,2008.4814814814815,1232.5555555555557,121.25925925925935,116.0,3059.5789473684213,382.10526315789474,163.68421052631538,95.66666666666674,2165.3333333333335,863.6666666666666,122.33333333333303,121.0,833.7142857142857,1696.142857142857,171.8571428571429,95.33333333333326,3247.6666666666665,704.3333333333334,163.0,125.0,2263.4545454545455,325.27272727272725,117.09090909090901,,,,
594,98.0,1127.5,778.125,125.0,106.0,1208.4444444444443,1026.7777777777778,118.0,96.79999999999995,1505.2,662.6,149.79999999999995,95.04761904761926,1578.4761904761904,1489.4761904761904,143.0,93.0,2002.2777777777778,1232.1666666666667,121.11111111111086,116.0,3054.3684210526317,380.1578947368421,163.52631578947376,96.33333333333326,2161.6666666666665,862.3333333333334,116.66666666666697,121.0,828.2380952380952,1698.047619047619,172.28571428571433,96.66666666666674,3244.3333333333335,701.1666666666666,163.0,128.0,2264.5454545454545,325.72727272727275,114.90909090909099,,,,
595,98.0,1129.0,779.25,125.0,106.0,1207.2222222222222,1027.388888888889,118.0,97.23333333333335,1492.1,661.8,149.4000000000001,95.42857142857156,1565.2857142857142,1489.2857142857142,143.0,93.0,1996.0740740740741,1231.7777777777778,120.96296296296282,116.0,3049.157894736842,378.2105263157895,163.36842105263167,97.0,2158.0,861.0,111.0,121.0,822.7619047619048,1699.952380952381,172.71428571428567,98.0,3241.0,698.0,163.0,131.0,2265.6363636363635,326.1818181818182,112.72727272727298,,,,
596,98.0,1130.5,780.375,125.0,106.0,1206.0,1028.0,118.0,97.66666666666663,1479.0,661.0,149.0,95.80952380952385,1552.095238095238,1489.095238095238,143.0,93.0,1989.8703703703704,1231.388888888889,120.81481481481478,116.0,3043.9473684210525,376.2631578947368,163.2105263157896,97.66666666666674,2146.6666666666665,859.1666666666666,111.33333333333348,121.0,817.2857142857143,1701.857142857143,173.1428571428571,98.0,3237.625,696.375,163.0,134.0,2266.7272727272725,326.6363636363636,110.54545454545496,,,,
597,98.0,1132.0,781.5,125.0,106.0,1206.9411764705883,1026.5294117647059,118.0,98.09999999999991,1465.9,660.2,148.5999999999999,96.19047619047615,1538.904761904762,1488.904761904762,143.0,93.0,1983.6666666666667,1231.0,120.66666666666674,116.0,3038.7368421052633,374.3157894736842,163.05263157894706,98.33333333333326,2135.3333333333335,857.3333333333334,111.66666666666652,121.0,811.8095238095239,1703.7619047619048,173.57142857142856,98.0,3234.25,694.75,163.0,137.00000000000006,2267.818181818182,327.09090909090907,108.36363636363603,,,,
598,98.0,1133.5,782.625,125.0,106.0,1207.8823529411766,1025.0588235294117,118.0,98.5333333333333,1452.8,659.4,148.20000000000005,96.57142857142844,1525.7142857142858,1488.7142857142858,143.0,93.0,1977.462962962963,1230.611111111111,120.51851851851825,116.0,3033.5263157894738,372.36842105263156,162.89473684210498,99.0,2124.0,855.5,112.0,121.0,806.3333333333334,1705.6666666666667,174.0,98.0,3230.875,693.125,163.0,140.0,2268.909090909091,327.54545454545456,106.18181818181802,,,,
599,98.0,1135.0,783.75,125.0,105.99999999999989,1208.8235294117646,1023.5882352941177,118.0,98.9666666666667,1439.7,658.6,147.79999999999995,96.95238095238074,1512.5238095238096,1488.5238095238096,143.0,93.0,1971.2592592592594,1230.2222222222222,120.37037037037021,116.0,3028.315789473684,370.42105263157896,162.73684210526335,99.66666666666674,2112.6666666666665,853.6666666666666,112.33333333333348,121.0,800.8571428571429,1707.5714285714287,174.42857142857133,98.0,3227.5,691.5,163.0,143.0,2270.0,328.0,104.0,,,,
600,98.0,1136.5,784.875,125.0,105.99999999999989,1209.764705882353,1022.1176470588235,118.0,99.40000000000009,1426.6,657.8,147.4000000000001,97.33333333333348,1499.3333333333333,1488.3333333333333,143.0,93.0,1965.0555555555557,1229.8333333333333,120.22222222222217,116.0,3023.1052631578946,368.4736842105263,162.57894736842127,100.33333333333326,2101.3333333333335,851.8333333333334,112.66666666666652,121.0,795.3809523809524,1709.4761904761904,174.85714285714278,98.0,3224.125,689.875,163.0,142.45454545454544,2270.909090909091,328.40909090909093,103.5454545454545,,,,
601,98.0,1138.0,786.0,125.0,106.00000000000011,1210.7058823529412,1020.6470588235294,118.0,99.83333333333337,1413.5,657.0,147.0,97.71428571428578,1486.142857142857,1488.142857142857,143.0,93.0,1958.851851851852,1229.4444444444443,120.07407407407413,116.0,3017.8947368421054,366.5263157894737,162.42105263157873,101.0,2090.0,850.0,113.0,121.0,789.9047619047619,1711.3809523809523,175.28571428571422,98.0,3220.75,688.25,163.0,141.90909090909093,2271.818181818182,328.8181818181818,103.09090909090901,,,,
602,96.20000000000005,1143.1,788.4,126.80000000000018,106.00000000000011,1211.6470588235295,1019.1764705882352,118.0,100.26666666666665,1400.4,656.2,146.5999999999999,98.09523809523807,1472.952380952381,1487.952380952381,143.0,93.0,1952.648148148148,1229.0555555555557,119.92592592592587,116.0,3012.684210526316,364.57894736842104,162.26315789473665,101.33333333333337,2079.6666666666665,850.6666666666666,118.0,121.0,784.4285714285714,1713.2857142857142,175.71428571428567,98.0,3217.375,686.625,163.0,141.36363636363632,2272.7272727272725,329.22727272727275,102.63636363636397,,,,
603,94.40000000000009,1148.2,790.8,128.5999999999999,106.0,1212.5882352941176,1017.7058823529412,118.0,100.70000000000005,1387.3,655.4,146.20000000000005,98.47619047619037,1459.7619047619048,1487.7619047619048,143.0,93.0,1946.4444444444443,1228.6666666666667,119.77777777777783,116.0,3007.4736842105262,362.63157894736844,162.10526315789502,101.66666666666663,2069.3333333333335,851.3333333333334,123.0,121.0,778.952380952381,1715.1904761904761,176.1428571428571,98.0,3214.0,685.0,163.0,140.8181818181818,2273.6363636363635,329.6363636363636,102.18181818181847,,,,
604,92.59999999999991,1153.3,793.2,130.4000000000001,106.0,1213.5294117647059,1016.2352941176471,118.0,101.13333333333333,1374.2,654.6,145.79999999999995,98.85714285714266,1446.5714285714287,1487.5714285714287,143.0,93.0,1940.2407407407409,1228.2777777777778,119.62962962962956,116.0,3002.2631578947367,360.6842105263158,161.94736842105294,102.0,2059.0,852.0,128.0,121.0,773.4761904761905,1717.095238095238,176.57142857142856,98.0,3211.3333333333335,683.2083333333334,162.16666666666652,140.27272727272725,2274.5454545454545,330.04545454545456,101.72727272727298,,,,
605,90.79999999999995,1158.4,795.6,132.19999999999982,106.0,1214.4705882352941,1014.7647058823529,118.0,101.56666666666672,1361.1,653.8,145.4000000000001,99.23809523809541,1433.3809523809523,1487.3809523809523,143.0,93.0,1934.037037037037,1227.888888888889,119.48148148148175,116.0,2997.0526315789475,358.7368421052632,161.7894736842104,102.66666666666674,2051.3333333333335,852.6666666666666,126.33333333333303,121.0,768.0,1719.0,177.0,98.0,3208.6666666666665,681.4166666666666,161.33333333333348,139.72727272727275,2275.4545454545455,330.45454545454544,101.27272727272702,,,,
606,89.0,1163.5,798.0,134.0,106.0,1215.4117647058824,1013.2941176470588,118.0,102.0,1348.0,653.0,145.0,99.6190476190477,1420.1904761904761,1487.1904761904761,143.0,93.0,1927.8333333333333,1227.5,119.33333333333326,116.0,2991.842105263158,356.7894736842105,161.63157894736833,103.33333333333326,2043.6666666666667,853.3333333333334,124.66666666666674,121.0,763.4285714285714,1720.9285714285713,176.54761904761904,98.0,3206.0,679.625,160.5,139.1818181818182,2276.3636363636365,330.8636363636364,100.81818181818153,,,,
607,87.20000000000005,1168.6,800.4,135.80000000000018,105.99999999999989,1216.3529411764705,1011.8235294117648,118.0,102.0,1337.0,655.2,143.5999999999999,100.0,1407.0,1487.0,143.0,93.0,1921.6296296296296,1227.111111111111,119.18518518518522,116.0,2986.6315789473683,354.8421052631579,161.47368421052624,104.0,2036.0,854.0,123.0,121.0,758.8571428571429,1722.857142857143,176.09523809523807,98.0,3203.3333333333335,677.8333333333334,159.66666666666652,138.63636363636368,2277.2727272727275,331.27272727272725,100.36363636363603,,,,
608,85.40000000000009,1173.7,802.8,137.5999999999999,105.99999999999989,1217.2941176470588,1010.3529411764706,118.0,102.0,1326.0,657.4,142.20000000000005,100.66666666666674,1391.6666666666667,1484.0,143.0,93.0,1915.4259259259259,1226.7222222222222,119.03703703703718,116.0,2981.4210526315787,352.89473684210526,161.31578947368462,104.80000000000007,2027.6,851.4,121.40000000000009,121.0,754.2857142857143,1724.7857142857142,175.6428571428571,98.0,3200.6666666666665,676.0416666666666,158.83333333333348,138.09090909090907,2278.181818181818,331.6818181818182,99.90909090909099,,,,
609,83.59999999999991,1178.8,805.2,139.4000000000001,106.00000000000011,1218.235294117647,1008.8823529411765,118.0,102.0,1315.0,659.6,140.79999999999995,101.33333333333326,1376.3333333333333,1481.0,143.0,93.0,1909.2222222222222,1226.3333333333333,118.88888888888891,116.0,2976.2105263157896,350.9473684210526,161.15789473684208,105.60000000000002,2019.2,848.8,119.79999999999995,121.0,749.7142857142857,1726.7142857142858,175.19047619047626,98.0,3198.0,674.25,158.0,137.54545454545456,2279.090909090909,332.09090909090907,99.4545454545455,,,,
610,81.79999999999995,1183.9,807.6,141.19999999999982,106.00000000000011,1219.1764705882354,1007.4117647058823,118.0,102.0,1304.0,661.8,139.4000000000001,102.0,1361.0,1478.0,143.0,93.0,1903.0185185185185,1225.9444444444443,118.74074074074065,116.0,2971.0,349.0,161.0,106.39999999999998,2010.8,846.2,118.20000000000005,121.0,745.1428571428571,1728.642857142857,174.7380952380953,98.0,3195.3333333333335,672.4583333333334,157.16666666666652,137.0,2280.0,332.5,99.0,,,,
611,80.0,1189.0,810.0,143.0,106.0,1220.1176470588234,1005.9411764705883,118.0,102.0,1293.0,664.0,138.0,92.0,1348.0,1477.0,143.0,93.0,1896.8148148148148,1225.5555555555557,118.59259259259261,116.0,2964.785714285714,346.82142857142856,160.85714285714312,107.19999999999993,2002.4,843.6,116.59999999999991,121.0,740.5714285714286,1730.5714285714287,174.28571428571433,98.0,3192.6666666666665,670.6666666666666,156.33333333333348,136.45454545454544,2280.909090909091,332.90909090909093,98.5454545454545,,,,
612,81.53333333333342,1194.6,810.8,143.0,106.0,1221.0588235294117,1004.4705882352941,118.0,102.0,1282.0,664.4,131.20000000000005,92.0,1340.5384615384614,1475.5384615384614,139.53846153846166,93.0,1890.611111111111,1225.1666666666667,118.44444444444457,116.0,2958.5714285714284,344.64285714285717,160.71428571428578,108.0,1994.0,841.0,115.0,121.0,736.0,1732.5,173.83333333333337,98.0,3190.0,668.875,155.5,135.90909090909093,2281.818181818182,333.3181818181818,98.09090909090901,,,,
613,83.0666666666666,1200.2,811.6,143.0,106.0,1222.0,1003.0,118.0,102.0,1271.0,664.8,124.40000000000009,92.0,1333.076923076923,1474.076923076923,136.0769230769231,93.0,1884.4074074074074,1224.7777777777778,118.2962962962963,116.0,2952.3571428571427,342.4642857142857,160.5714285714289,106.91666666666663,1987.75,840.75,114.66666666666652,121.0,731.4285714285714,1734.4285714285713,173.3809523809524,98.0,3187.3333333333335,667.0833333333334,154.66666666666652,135.36363636363632,2282.7272727272725,333.72727272727275,97.63636363636397,,,,
614,84.60000000000002,1205.8,812.4,143.0,106.0,1224.5714285714287,1001.1428571428571,119.0,102.0,1260.0,665.2,117.59999999999991,92.0,1325.6153846153845,1472.6153846153845,132.61538461538476,93.0,1878.2037037037037,1224.388888888889,118.14814814814804,116.0,2946.1428571428573,340.2857142857143,160.4285714285711,105.83333333333337,1981.5,840.5,114.33333333333348,121.0,726.8571428571429,1736.357142857143,172.92857142857144,98.0,3184.6666666666665,665.2916666666666,153.83333333333348,134.8181818181818,2283.6363636363635,334.1363636363636,97.18181818181847,,,,
615,86.13333333333333,1211.4,813.2,143.0,105.99999999999989,1227.142857142857,999.2857142857143,120.0,102.0,1249.0,665.6,110.79999999999995,92.0,1318.1538461538462,1471.1538461538462,129.1538461538462,93.0,1872.0,1224.0,118.0,116.0,2939.9285714285716,338.10714285714283,160.28571428571422,104.75,1975.25,840.25,114.0,121.0,722.2857142857143,1738.2857142857142,172.47619047619048,98.0,3182.0,663.5,153.0,134.27272727272725,2284.5454545454545,334.54545454545456,96.72727272727298,,,,
616,87.66666666666663,1217.0,814.0,143.0,105.99999999999989,1229.7142857142858,997.4285714285714,121.0,102.0,1238.0,666.0,104.0,92.0,1310.6923076923076,1469.6923076923076,125.69230769230785,92.61538461538476,1866.6153846153845,1221.7692307692307,117.84615384615404,116.0,2933.714285714286,335.92857142857144,160.14285714285688,103.66666666666663,1969.0,840.0,113.66666666666652,121.0,717.7142857142857,1740.2142857142858,172.02380952380952,98.0,3179.3333333333335,661.7083333333334,152.16666666666652,133.72727272727275,2285.4545454545455,334.95454545454544,96.27272727272702,,,,
617,89.20000000000005,1222.6,814.8,143.0,106.00000000000011,1232.2857142857142,995.5714285714286,122.0,102.0,1233.0,666.5714285714286,105.71428571428578,92.0,1303.2307692307693,1468.2307692307693,122.23076923076928,92.23076923076928,1861.2307692307693,1219.5384615384614,117.69230769230762,116.0,2927.5,333.75,160.0,102.58333333333337,1962.75,839.75,113.33333333333348,121.0,713.1428571428571,1742.142857142857,171.57142857142856,98.0,3176.6666666666665,659.9166666666666,151.33333333333348,133.1818181818182,2286.3636363636365,335.3636363636364,95.81818181818153,,,,
618,90.73333333333335,1228.2,815.6,143.0,106.00000000000011,1234.857142857143,993.7142857142857,123.0,102.0,1228.0,667.1428571428571,107.42857142857133,92.0,1295.7692307692307,1466.7692307692307,118.76923076923072,91.84615384615381,1855.8461538461538,1217.3076923076924,117.53846153846166,116.0,2921.285714285714,331.57142857142856,159.85714285714312,101.5,1956.5,839.5,113.0,121.0,708.5714285714286,1744.0714285714287,171.1190476190476,98.0,3174.0,658.125,150.5,132.63636363636368,2287.2727272727275,335.77272727272725,95.36363636363603,,,,
619,92.26666666666665,1233.8,816.4,143.0,106.0,1237.4285714285713,991.8571428571429,124.0,102.0,1223.0,667.7142857142857,109.14285714285711,92.0,1288.3076923076924,1465.3076923076924,115.30769230769215,91.46153846153834,1850.4615384615386,1215.076923076923,117.38461538461524,116.0,2915.0714285714284,329.39285714285717,159.71428571428578,100.41666666666663,1950.25,839.25,112.66666666666652,121.0,704.0,1746.0,170.66666666666663,98.0,3171.3333333333335,656.3333333333334,149.66666666666652,132.09090909090907,2288.181818181818,336.1818181818182,94.90909090909099,,,,
620,93.79999999999995,1239.4,817.2,143.0,106.0,1240.0,990.0,125.0,102.0,1218.0,668.2857142857143,110.85714285714289,92.0,1280.8461538461538,1463.8461538461538,111.84615384615381,91.0769230769231,1845.076923076923,1212.8461538461538,117.23076923076928,116.0,2908.8571428571427,327.2142857142857,159.5714285714289,99.33333333333337,1944.0,839.0,112.33333333333348,121.0,699.4285714285714,1747.9285714285713,170.21428571428567,98.0,3168.6666666666665,654.5416666666666,148.83333333333348,131.54545454545456,2289.090909090909,336.59090909090907,94.4545454545455,,,,
621,95.33333333333337,1245.0,818.0,143.0,106.0,1242.75,988.0,123.25,102.0,1213.0,668.8571428571429,112.57142857142867,92.0,1273.3846153846155,1462.3846153846155,108.38461538461524,90.69230769230785,1839.6923076923076,1210.6153846153845,117.0769230769231,116.0,2902.6428571428573,325.0357142857143,159.4285714285711,98.25,1937.75,838.75,112.0,121.0,694.8571428571429,1749.857142857143,169.7619047619047,98.0,3166.0,652.75,148.0,131.0,2290.0,337.0,94.0,,,,
622,96.86666666666667,1250.6,818.8,143.0,106.0,1245.5,986.0,121.5,102.0,1208.0,669.4285714285714,114.28571428571422,92.0,1265.923076923077,1460.923076923077,104.9230769230769,90.30769230769215,1834.3076923076924,1208.3846153846155,116.9230769230769,116.0,2896.4285714285716,322.85714285714283,159.28571428571422,97.16666666666663,1931.5,838.5,111.66666666666674,121.0,690.2857142857142,1751.7857142857142,169.30952380952385,98.0,3163.3333333333335,650.9583333333334,147.16666666666652,133.0,2290.8333333333335,337.3333333333333,95.66666666666652,,,,
623,98.39999999999998,1256.2,819.6,143.0,106.0,1248.25,984.0,119.75,102.0,1203.0,670.0,116.0,92.0,1258.4615384615386,1459.4615384615386,101.46153846153834,89.9230769230769,1828.923076923077,1206.1538461538462,116.76923076923072,116.0,2890.214285714286,320.67857142857144,159.14285714285688,96.08333333333337,1925.25,838.25,111.33333333333326,121.0,685.7142857142858,1753.7142857142858,168.85714285714278,98.0,3160.6666666666665,649.1666666666666,146.33333333333348,135.0,2291.6666666666665,337.6666666666667,97.33333333333348,,,,
624,99.9333333333334,1261.8,820.4,143.0,106.0,1251.0,982.0,118.0,102.0,1197.2,669.2,119.39999999999986,92.0,1251.0,1458.0,98.0,89.53846153846166,1823.5384615384614,1203.923076923077,116.61538461538476,116.0,2884.0,318.5,159.0,95.0,1919.0,838.0,111.0,121.0,681.1428571428571,1755.642857142857,168.40476190476193,98.0,3158.0,647.375,145.5,137.0,2292.5,338.0,99.0,,,,
625,101.46666666666658,1267.4,821.2,143.0,106.0,1253.3,979.8,116.79999999999995,102.0,1191.4,668.4,122.79999999999995,93.42857142857156,1244.142857142857,1457.4285714285713,102.57142857142867,89.15384615384619,1818.1538461538462,1201.6923076923076,116.46153846153834,116.0,2877.785714285714,316.32142857142856,158.85714285714312,101.0,1910.0,838.0,116.25,121.0,676.5714285714286,1757.5714285714287,167.95238095238096,98.0,3155.3333333333335,645.5833333333334,144.66666666666652,139.0,2293.3333333333335,338.3333333333333,100.66666666666652,,,,
626,103.0,1273.0,822.0,143.0,105.99999999999989,1255.6,977.6,115.60000000000014,102.0,1185.6,667.6,126.20000000000005,94.85714285714289,1237.2857142857142,1456.857142857143,107.14285714285711,88.76923076923072,1812.7692307692307,1199.4615384615386,116.30769230769238,116.0,2871.5714285714284,314.14285714285717,158.71428571428578,107.0,1901.0,838.0,121.5,121.0,672.0,1759.5,167.5,98.0,3152.6666666666665,643.7916666666666,143.83333333333348,141.0,2294.1666666666665,338.6666666666667,102.33333333333348,,,,
627,103.0,1279.1521739130435,823.6086956521739,143.0,106.00000000000011,1257.9,975.4,114.39999999999986,102.0,1179.8,666.8,129.60000000000014,96.28571428571445,1230.4285714285713,1456.2857142857142,111.71428571428578,88.38461538461524,1807.3846153846155,1197.2307692307693,116.15384615384596,116.0,2865.3571428571427,311.9642857142857,158.5714285714289,113.0,1892.0,838.0,126.75,121.0,667.4285714285714,1761.4285714285713,167.04761904761904,98.0,3150.0,642.0,143.0,143.0,2295.0,339.0,104.0,,,,
628,103.0,1285.304347826087,825.2173913043479,143.0,106.0,1260.2,973.2,113.20000000000005,102.0,1174.0,666.0,133.0,97.71428571428555,1223.5714285714287,1455.7142857142858,116.28571428571422,88.0,1802.0,1195.0,116.0,116.0,2859.1428571428573,309.7857142857143,158.4285714285711,119.0,1883.0,838.0,132.0,121.0,662.8571428571429,1763.357142857143,166.59523809523807,98.0,3145.076923076923,641.1538461538462,143.0,141.28571428571428,2293.5714285714284,339.9047619047619,106.23809523809541,,,,
629,103.0,1291.4565217391305,826.8260869565217,143.0,106.0,1262.5,971.0,112.0,102.0,1168.1,665.3,131.30000000000018,99.14285714285711,1216.7142857142858,1455.142857142857,120.85714285714289,87.5,1797.5,1198.0,115.5,116.0,2852.9285714285716,307.60714285714283,158.28571428571422,120.0,1881.0,837.6666666666666,128.0,121.0,658.2857142857143,1765.2857142857142,166.1428571428571,98.0,3140.153846153846,640.3076923076923,143.0,139.5714285714286,2292.1428571428573,340.8095238095238,108.47619047619037,,,,
630,103.0,1297.608695652174,828.4347826086956,143.0,106.0,1264.8,968.8,110.79999999999995,102.0,1162.2,664.6,129.5999999999999,100.57142857142844,1209.857142857143,1454.5714285714287,125.42857142857133,87.0,1793.0,1201.0,115.0,116.0,2846.714285714286,305.42857142857144,158.14285714285688,121.0,1879.0,837.3333333333334,124.0,121.0,653.7142857142858,1767.2142857142858,165.69047619047615,98.0,3135.230769230769,639.4615384615385,143.0,137.85714285714283,2290.714285714286,341.7142857142857,110.71428571428578,,,,
631,103.0,1303.7608695652175,830.0434782608696,143.0,105.99999999999989,1267.1,966.6,109.60000000000014,102.0,1156.3,663.9,127.90000000000009,102.0,1203.0,1454.0,130.0,86.6470588235295,1788.7058823529412,1199.5882352941176,114.88235294117635,116.0,2840.5,303.25,158.0,122.0,1877.0,837.0,120.0,121.0,649.1428571428571,1769.142857142857,165.2380952380953,98.0,3130.3076923076924,638.6153846153846,143.0,136.14285714285717,2289.285714285714,342.6190476190476,112.95238095238119,,,,
632,103.0,1309.9130434782608,831.6521739130435,143.0,106.00000000000011,1269.4,964.4,108.39999999999986,102.0,1150.4,663.2,126.19999999999982,103.75,1196.0,1453.25,128.75,86.29411764705878,1784.4117647058824,1198.1764705882354,114.76470588235293,116.0,2834.285714285714,301.07142857142856,157.85714285714312,123.0,1871.0,836.6666666666666,115.66666666666674,121.0,644.5714285714286,1771.0714285714287,164.78571428571433,98.0,3125.3846153846152,637.7692307692307,143.0,134.42857142857144,2287.8571428571427,343.5238095238095,115.1904761904766,,,,
633,103.0,1316.0652173913043,833.2608695652174,143.0,106.0,1271.7,962.2,107.20000000000005,102.0,1144.5,662.5,124.5,105.5,1189.0,1452.5,127.5,85.94117647058829,1780.1176470588234,1196.764705882353,114.6470588235295,116.0,2828.0714285714284,298.89285714285717,157.71428571428578,124.0,1865.0,836.3333333333334,111.33333333333326,121.0,640.0,1773.0,164.33333333333337,98.0,3120.4615384615386,636.9230769230769,143.0,132.71428571428572,2286.4285714285716,344.42857142857144,117.4285714285711,,,,
634,103.0,1322.2173913043478,834.8695652173913,143.0,106.0,1274.0,960.0,106.0,102.0,1138.6,661.8,122.80000000000018,107.25,1182.0,1451.75,126.25,85.5882352941178,1775.8235294117646,1195.3529411764705,114.52941176470586,116.0,2821.8571428571427,296.7142857142857,157.5714285714289,125.0,1859.0,836.0,107.0,121.0,635.4285714285714,1774.9285714285713,163.8809523809524,98.0,3115.5384615384614,636.0769230769231,143.0,131.0,2285.0,345.3333333333333,119.66666666666652,,,,
635,103.0,1328.3695652173913,836.4782608695652,143.0,106.0,1276.2,957.8,107.20000000000005,102.0,1132.7,661.1,121.09999999999991,109.0,1175.0,1451.0,125.0,85.23529411764707,1771.5294117647059,1193.9411764705883,114.41176470588243,116.0,2815.6428571428573,294.5357142857143,157.4285714285711,121.60000000000002,1850.8,833.8,110.40000000000009,121.0,630.8571428571429,1776.857142857143,163.42857142857133,98.0,3110.6153846153848,635.2307692307693,143.0,129.28571428571428,2283.5714285714284,346.23809523809524,121.90476190476193,,,,
636,103.0,1334.5217391304348,838.0869565217391,143.0,105.99999999999989,1278.4,955.6,108.39999999999986,102.0,1126.8,660.4,119.40000000000009,107.70000000000005,1170.7,1448.8,125.5,84.88235294117658,1767.235294117647,1192.5294117647059,114.29411764705878,116.0,2809.4285714285716,292.35714285714283,157.28571428571422,118.19999999999993,1842.6,831.6,113.80000000000018,121.0,626.2857142857142,1778.7857142857142,162.9761904761906,98.0,3105.6923076923076,634.3846153846154,143.0,127.57142857142856,2282.1428571428573,347.14285714285717,124.14285714285688,,,,
637,103.0,1340.6739130434783,839.695652173913,143.0,106.00000000000011,1280.6,953.4,109.60000000000014,102.0,1120.9,659.7,117.69999999999982,106.40000000000009,1166.4,1446.6,126.0,84.52941176470608,1762.9411764705883,1191.1176470588234,114.17647058823513,116.0,2803.214285714286,290.17857142857144,157.14285714285688,114.80000000000007,1834.4,829.4,117.19999999999982,121.0,621.7142857142858,1780.7142857142858,162.5238095238094,98.0,3100.769230769231,633.5384615384615,143.0,125.85714285714289,2280.714285714286,348.04761904761904,126.3809523809523,,,,
638,103.0,1346.8260869565217,841.304347826087,143.0,106.0,1282.8,951.2,110.79999999999995,102.0,1115.0,659.0,116.0,105.09999999999991,1162.1,1444.4,126.5,84.17647058823536,1758.6470588235295,1189.7058823529412,114.05882352941171,116.0,2797.0,288.0,157.0,111.39999999999998,1826.2,827.2,120.59999999999991,121.0,617.1428571428571,1782.642857142857,162.07142857142867,98.0,3095.846153846154,632.6923076923077,143.0,124.14285714285711,2279.285714285714,348.95238095238096,128.6190476190477,,,,
639,103.0,1352.9782608695652,842.9130434782609,143.0,106.0,1285.0,949.0,112.0,103.11111111111109,1110.6666666666667,657.8888888888889,118.44444444444434,103.79999999999995,1157.8,1442.2,127.0,83.82352941176464,1754.3529411764705,1188.2941176470588,113.94117647058829,116.29310344827587,2791.1724137931033,284.9310344827586,156.77586206896558,108.0,1818.0,825.0,124.0,121.0,612.5714285714286,1784.5714285714287,161.6190476190476,98.0,3090.923076923077,631.8461538461538,143.0,122.42857142857144,2277.8571428571427,349.85714285714283,130.85714285714312,,,,
640,103.0,1359.1304347826087,844.5217391304348,143.0,106.0,1287.2,946.8,113.20000000000005,104.22222222222217,1106.3333333333333,656.7777777777778,120.88888888888891,102.5,1153.5,1440.0,127.5,83.47058823529392,1750.0588235294117,1186.8823529411766,113.82352941176487,116.58620689655169,2785.344827586207,281.86206896551727,156.55172413793116,108.0,1816.0,824.1818181818181,123.09090909090901,121.0,608.0,1786.5,161.16666666666663,98.0,3086.0,631.0,143.0,120.71428571428572,2276.4285714285716,350.76190476190476,133.09523809523807,,,,
641,103.0,1365.2826086956522,846.1304347826087,143.0,105.99999999999989,1289.4,944.6,114.39999999999986,105.33333333333337,1102.0,655.6666666666666,123.33333333333326,101.20000000000005,1149.2,1437.8,128.0,83.11764705882342,1745.764705882353,1185.4705882352941,113.70588235294122,116.87931034482756,2779.5172413793102,278.7931034482759,156.32758620689674,108.0,1814.0,823.3636363636364,122.18181818181824,121.0,603.4285714285714,1788.4285714285713,160.71428571428567,98.0,3080.5,631.8571428571429,144.92857142857156,119.0,2275.0,351.6666666666667,135.33333333333348,,,,
642,103.0,1371.4347826086957,847.7391304347826,143.0,106.00000000000011,1291.6,942.4,115.60000000000014,106.44444444444446,1097.6666666666667,654.5555555555555,125.7777777777776,99.90000000000009,1144.9,1435.6,128.5,82.76470588235293,1741.4705882352941,1184.0588235294117,113.58823529411757,117.17241379310343,2773.689655172414,275.7241379310345,156.10344827586187,108.0,1812.0,822.5454545454545,121.27272727272725,121.0,598.8571428571429,1790.357142857143,160.2619047619047,98.0,3075.0,632.7142857142857,146.85714285714266,117.28571428571428,2273.5714285714284,352.57142857142856,137.5714285714289,,,,
643,103.0,1377.586956521739,849.3478260869565,143.0,106.0,1293.8,940.2,116.79999999999995,107.55555555555554,1093.3333333333333,653.4444444444445,128.2222222222224,98.59999999999991,1140.6,1433.4,129.0,82.4117647058822,1737.1764705882354,1182.6470588235295,113.47058823529414,117.46551724137936,2767.862068965517,272.6551724137931,155.87931034482745,108.0,1810.0,821.7272727272727,120.36363636363626,121.0,594.2857142857142,1792.2857142857142,159.80952380952385,98.0,3069.5,633.5714285714286,148.78571428571422,115.57142857142856,2272.1428571428573,353.4761904761905,139.8095238095234,,,,
644,103.0,1383.7391304347825,850.9565217391305,143.0,106.0,1296.0,938.0,118.0,108.66666666666663,1089.0,652.3333333333334,130.66666666666674,97.29999999999995,1136.3,1431.2,129.5,82.05882352941171,1732.8823529411766,1181.235294117647,113.3529411764705,117.75862068965517,2762.0344827586205,269.58620689655174,155.65517241379348,108.0,1808.0,820.9090909090909,119.4545454545455,121.0,589.7142857142858,1794.2142857142858,159.35714285714278,98.0,3064.0,634.4285714285714,150.71428571428578,113.85714285714283,2270.714285714286,354.3809523809524,142.0476190476188,,,,
645,103.0,1389.891304347826,852.5652173913044,143.0,106.0,1299.3636363636363,934.4545454545455,118.0,109.77777777777783,1084.6666666666667,651.2222222222222,133.1111111111111,96.0,1132.0,1429.0,130.0,81.70588235294122,1728.5882352941176,1179.8235294117646,113.23529411764707,118.05172413793105,2756.206896551724,266.51724137931035,155.4310344827586,108.0,1806.0,820.0909090909091,118.5454545454545,121.0,585.1428571428571,1796.142857142857,158.90476190476193,98.0,3058.5,635.2857142857143,152.64285714285734,112.14285714285717,2269.285714285714,355.2857142857143,144.28571428571422,,,,
646,103.0,1396.0434782608695,854.1739130434783,143.0,106.00000000000011,1302.7272727272727,930.9090909090909,118.0,110.88888888888891,1080.3333333333333,650.1111111111111,135.55555555555566,96.0,1128.0,1428.0,130.0,81.3529411764705,1724.2941176470588,1178.4117647058824,113.11764705882365,118.34482758620692,2750.3793103448274,263.44827586206895,155.20689655172418,108.0,1804.0,819.2727272727273,117.63636363636374,121.0,580.5714285714286,1798.0714285714287,158.45238095238096,98.0,3053.0,636.1428571428571,154.57142857142844,110.42857142857139,2267.8571428571427,356.1904761904762,146.52380952380963,,,,
647,103.0,1402.195652173913,855.7826086956521,143.0,105.99999999999989,1306.090909090909,927.3636363636364,118.0,112.0,1076.0,649.0,138.0,96.0,1124.0,1427.0,130.0,81.0,1720.0,1177.0,113.0,118.63793103448279,2744.551724137931,260.37931034482756,154.9827586206893,108.0,1802.0,818.4545454545455,116.72727272727275,121.0,576.0,1800.0,158.0,98.0,3047.5,637.0,156.5,108.71428571428572,2266.4285714285716,357.0952380952381,148.7619047619046,,,,
648,103.0,1408.3478260869565,857.3913043478261,143.0,105.99999999999989,1309.4545454545455,923.8181818181819,118.0,114.85714285714289,1074.7142857142858,645.5714285714286,138.0,96.0,1120.0,1426.0,130.0,82.0,1716.0,1172.5,110.5,118.9310344827586,2738.7241379310344,257.3103448275862,154.75862068965534,108.0,1800.0,817.6363636363636,115.81818181818176,121.86363636363626,573.7727272727273,1801.0,158.36363636363637,98.0,3042.0,637.8571428571429,158.42857142857156,107.0,2265.0,358.0,151.0,,,,
649,103.0,1414.5,859.0,143.0,106.0,1312.8181818181818,920.2727272727273,118.0,117.71428571428578,1073.4285714285713,642.1428571428571,138.0,96.0,1116.0,1425.0,130.0,83.0,1712.0,1168.0,108.0,119.22413793103448,2732.896551724138,254.24137931034483,154.53448275862047,108.0,1798.0,816.8181818181819,114.90909090909099,122.72727272727275,571.5454545454545,1802.0,158.72727272727275,98.0,3036.5,638.7142857142857,160.35714285714266,110.0,2264.4375,355.8125,147.1875,,,,
650,103.0,1420.6521739130435,860.6086956521739,143.0,106.0,1316.1818181818182,916.7272727272727,118.0,120.57142857142867,1072.142857142857,638.7142857142857,138.0,96.0,1112.0,1424.0,130.0,84.0,1708.0,1163.5,105.5,119.51724137931032,2727.0689655172414,251.17241379310346,154.31034482758605,108.0,1796.0,816.0,114.0,123.59090909090901,569.3181818181819,1803.0,159.090909090909,98.0,3031.0,639.5714285714286,162.28571428571422,113.0,2263.875,353.625,143.375,,,,
651,103.0,1426.804347826087,862.2173913043479,143.0,106.0,1319.5454545454545,913.1818181818181,118.0,123.42857142857133,1070.857142857143,635.2857142857143,138.0,96.0,1108.0,1423.0,130.0,85.0,1704.0,1159.0,103.0,119.81034482758619,2721.2413793103447,248.10344827586206,154.08620689655208,108.0,1790.0,817.8,117.0,124.4545454545455,567.0909090909091,1804.0,159.45454545454538,98.0,3025.5,640.4285714285714,164.21428571428578,116.0,2263.3125,351.4375,139.5625,,,,
652,103.0,1432.9565217391305,863.8260869565217,143.0,106.0,1322.909090909091,909.6363636363636,118.0,126.28571428571422,1069.5714285714287,631.8571428571429,138.0,96.0,1104.0,1422.0,130.0,86.0,1700.0,1154.5,100.5,120.10344827586204,2715.4137931034484,245.0344827586207,153.8620689655172,108.0,1784.0,819.6,120.0,125.31818181818176,564.8636363636364,1805.0,159.81818181818176,98.0,3020.0,641.2857142857143,166.14285714285734,119.0,2262.75,349.25,135.75,,,,
653,103.0,1439.108695652174,865.4347826086956,143.0,106.0,1326.2727272727273,906.0909090909091,118.0,129.1428571428571,1068.2857142857142,628.4285714285714,138.0,96.0,1100.0,1421.0,130.0,87.0,1696.0,1150.0,98.0,120.39655172413791,2709.5862068965516,241.9655172413793,153.6379310344828,108.0,1778.0,821.4,123.0,126.18181818181824,562.6363636363636,1806.0,160.18181818181824,98.0,3014.5,642.1428571428571,168.07142857142844,122.0,2262.1875,347.0625,131.9375,,,,
654,103.0,1445.2608695652175,867.0434782608696,143.0,106.0,1329.6363636363637,902.5454545454545,118.0,132.0,1067.0,625.0,138.0,96.0,1096.0,1420.0,130.0,87.75,1696.0,1146.25,95.25,120.68965517241381,2703.7586206896553,238.89655172413794,153.41379310344792,108.0,1772.0,823.2,126.0,127.0454545454545,560.4090909090909,1807.0,160.54545454545462,98.0,3009.0,643.0,170.0,125.0,2261.625,344.875,128.125,,,,
655,103.0,1451.413043478261,868.6521739130435,143.0,106.0,1333.0,899.0,118.0,132.0,1068.7142857142858,623.0,138.0,96.0,1092.0,1419.0,130.0,88.5,1696.0,1142.5,92.5,120.98275862068965,2697.9310344827586,235.82758620689657,153.18965517241395,108.0,1766.0,825.0,129.0,127.90909090909099,558.1818181818181,1808.0,160.909090909091,98.0,3004.4,643.8,170.0,128.0,2261.0625,342.6875,124.3125,,,,
656,103.0,1457.5652173913043,870.2608695652174,143.0,106.0,1334.8333333333333,896.3888888888889,118.0,132.0,1070.4285714285713,621.0,138.0,96.0,1088.0,1418.0,130.0,89.25,1696.0,1138.75,89.75,121.27586206896552,2692.103448275862,232.75862068965517,152.96551724137953,105.0,1764.75,827.125,132.25,128.77272727272725,555.9545454545455,1809.0,161.27272727272725,98.0,2999.8,644.6,170.0,131.0,2260.5,340.5,120.5,,,,
657,103.0,1463.7173913043478,871.8695652173913,143.0,106.0,1336.6666666666667,893.7777777777778,118.0,132.0,1072.142857142857,619.0,138.0,96.0,1084.0,1417.0,130.0,90.0,1696.0,1135.0,87.0,121.5689655172414,2686.2758620689656,229.68965517241378,152.74137931034466,102.0,1763.5,829.25,135.5,129.63636363636374,553.7272727272727,1810.0,161.63636363636363,98.0,2995.2,645.4,170.0,134.0,2259.9375,338.3125,116.6875,,,,
658,103.0,1469.8695652173913,873.4782608695652,143.0,106.0,1338.5,891.1666666666666,118.0,132.0,1073.857142857143,617.0,138.0,96.0,1080.0,1416.0,130.0,90.85714285714289,1693.142857142857,1131.142857142857,87.28571428571422,121.86206896551724,2680.448275862069,226.6206896551724,152.5172413793107,99.0,1762.25,831.375,138.75,130.5,551.5,1811.0,162.0,98.0,2990.6,646.2,170.0,137.0,2259.375,336.125,112.875,,,,
659,103.0,1476.0217391304348,875.0869565217391,143.0,106.0,1340.3333333333333,888.5555555555555,118.0,132.0,1075.5714285714287,615.0,138.0,96.0,1076.0,1415.0,130.0,91.71428571428578,1690.2857142857142,1127.2857142857142,87.57142857142867,122.15517241379308,2674.6206896551726,223.55172413793105,152.29310344827582,96.0,1761.0,833.5,142.0,131.36363636363626,549.2727272727273,1812.0,162.36363636363637,98.0,2986.0,647.0,170.0,140.0,2258.8125,333.9375,109.0625,,,,
660,103.0,1482.1739130434783,876.695652173913,143.0,106.0,1342.1666666666667,885.9444444444445,118.0,132.0,1077.2857142857142,613.0,138.0,96.0,1072.0,1414.0,130.0,92.57142857142867,1687.4285714285713,1123.4285714285713,87.85714285714289,122.44827586206895,2668.793103448276,220.48275862068965,152.0689655172414,93.0,1759.75,835.625,145.25,132.22727272727275,547.0454545454545,1813.0,162.72727272727275,98.0,2981.4,647.8,170.0,143.0,2258.25,331.75,105.25,,,,
661,103.0,1488.3260869565217,878.304347826087,143.0,106.0,1344.0,883.3333333333334,118.0,132.0,1079.0,611.0,138.0,96.0,1068.0,1413.0,130.0,93.42857142857133,1684.5714285714287,1119.5714285714287,88.14285714285711,122.74137931034483,2662.9655172413795,217.41379310344826,151.84482758620652,90.0,1758.5,837.75,148.5,133.090909090909,544.8181818181819,1814.0,163.090909090909,98.0,2976.8,648.6,170.0,146.0,2257.6875,329.5625,101.4375,,,,
662,103.0,1494.4782608695652,879.9130434782609,143.0,106.0,1345.8333333333333,880.7222222222222,118.0,132.0,1080.4285714285713,610.0,138.0,95.83333333333348,1064.5,1410.5833333333333,129.5,94.28571428571422,1681.7142857142858,1115.7142857142858,88.42857142857133,123.03448275862064,2657.137931034483,214.34482758620692,151.62068965517255,87.0,1757.25,839.875,151.75,133.9545454545455,542.5909090909091,1815.0,163.45454545454538,98.0,2972.2,649.4,170.0,149.0,2257.125,327.375,97.625,,,,
663,103.0,1500.6304347826087,881.5217391304348,143.0,106.0,1347.6666666666667,878.1111111111111,118.0,132.0,1081.857142857143,609.0,138.0,95.66666666666652,1061.0,1408.1666666666667,129.0,95.14285714285711,1678.857142857143,1111.857142857143,88.71428571428578,123.32758620689657,2651.310344827586,211.27586206896552,151.39655172413813,84.0,1756.0,842.0,155.0,134.81818181818176,540.3636363636364,1816.0,163.81818181818176,98.0,2967.6,650.2,170.0,152.0,2256.5625,325.1875,93.8125,,,,
664,103.0,1506.7826086956522,883.1304347826087,143.0,106.0,1349.5,875.5,118.0,132.0,1083.2857142857142,608.0,138.0,95.5,1057.5,1405.75,128.5,96.0,1676.0,1108.0,89.0,123.62068965517244,2645.4827586206898,208.20689655172413,151.17241379310326,91.0,1765.0,841.0,149.0,135.68181818181824,538.1363636363636,1817.0,164.18181818181824,98.0,2963.0,651.0,170.0,155.0,2256.0,323.0,90.0,,,,
665,103.0,1512.9347826086957,884.7391304347826,143.0,106.0,1351.3333333333333,872.8888888888889,118.0,132.0,1084.7142857142858,607.0,138.0,95.33333333333348,1054.0,1403.3333333333333,128.0,96.83333333333326,1675.6666666666667,1103.6666666666667,89.16666666666652,123.91379310344828,2639.655172413793,205.13793103448276,150.94827586206884,89.0,1765.0,843.0,144.5,136.5454545454545,535.9090909090909,1818.0,164.54545454545462,98.0,2958.4,651.8,170.0,151.09090909090912,2251.0,323.8181818181818,92.90909090909099,,,,
666,103.0,1519.086956521739,886.3478260869565,143.0,106.0,1353.1666666666667,870.2777777777778,118.0,132.0,1086.142857142857,606.0,138.0,95.16666666666652,1050.5,1400.9166666666667,127.5,97.66666666666674,1675.3333333333333,1099.3333333333333,89.33333333333348,124.20689655172413,2633.8275862068967,202.0689655172414,150.72413793103442,87.0,1765.0,845.0,140.0,137.409090909091,533.6818181818181,1819.0,164.909090909091,98.0,2953.8,652.6,170.0,147.1818181818182,2246.0,324.6363636363636,95.81818181818198,,,,
667,103.0,1525.2391304347825,887.9565217391305,143.0,106.0,1355.0,867.6666666666666,118.0,132.0,1087.5714285714287,605.0,138.0,95.0,1047.0,1398.5,127.0,98.5,1675.0,1095.0,89.5,124.5,2628.0,199.0,150.5,94.0,1774.3333333333333,835.6666666666666,131.33333333333348,138.27272727272725,531.4545454545455,1820.0,165.27272727272725,98.0,2949.2,653.4,170.0,143.2727272727273,2241.0,325.45454545454544,98.72727272727252,,,,
668,103.0,1531.391304347826,889.5652173913044,143.0,106.0,1356.8333333333333,865.0555555555555,118.0,132.0,1089.0,604.0,138.0,94.83333333333348,1043.5,1396.0833333333333,126.5,99.33333333333326,1674.6666666666667,1090.6666666666667,89.66666666666652,124.79310344827587,2622.1724137931033,195.9310344827586,150.27586206896558,101.0,1783.6666666666667,826.3333333333334,122.66666666666652,139.13636363636374,529.2272727272727,1821.0,165.63636363636363,98.0,2944.6,654.2,170.0,139.36363636363637,2236.0,326.27272727272725,101.63636363636351,,,,
669,103.0,1537.5434782608695,891.1739130434783,143.0,106.0,1358.6666666666667,862.4444444444445,118.0,130.23076923076917,1093.6153846153845,602.6153846153846,138.0,94.66666666666652,1040.0,1393.6666666666667,126.0,100.16666666666674,1674.3333333333333,1086.3333333333333,89.83333333333348,125.08620689655169,2616.344827586207,192.86206896551727,150.05172413793116,108.0,1793.0,817.0,114.0,140.0,527.0,1822.0,166.0,98.0,2940.0,655.0,170.0,135.4545454545455,2231.0,327.09090909090907,104.5454545454545,,,,
670,103.0,1543.695652173913,892.7826086956521,143.0,106.0,1360.5,859.8333333333334,118.0,128.46153846153845,1098.2307692307693,601.2307692307693,138.0,94.5,1036.5,1391.25,125.5,101.0,1674.0,1082.0,90.0,125.37931034482756,2610.5172413793102,189.79310344827587,149.82758620689674,108.0,1798.6666666666667,821.0,113.0,137.5999999999999,525.6,1822.0,167.10000000000002,97.75,2935.4545454545455,655.0681818181819,169.3863636363635,131.5454545454545,2226.0,327.90909090909093,107.4545454545455,,,,
671,103.0,1549.8478260869565,894.3913043478261,143.0,106.0,1362.3333333333333,857.2222222222222,118.0,126.69230769230774,1102.8461538461538,599.8461538461538,138.0,94.33333333333348,1033.0,1388.8333333333333,125.0,101.70588235294122,1673.235294117647,1077.7058823529412,89.70588235294122,125.67241379310343,2604.689655172414,186.72413793103448,149.60344827586187,108.0,1804.3333333333333,825.0,112.0,135.20000000000005,524.2,1822.0,168.19999999999993,97.5,2930.909090909091,655.1363636363636,168.77272727272702,127.63636363636363,2221.0,328.72727272727275,110.36363636363649,,,,
672,103.0,1556.0,896.0,143.0,106.0,1364.1666666666667,854.6111111111111,118.0,124.9230769230769,1107.4615384615386,598.4615384615385,138.0,94.16666666666652,1029.5,1386.4166666666667,124.5,102.4117647058822,1672.4705882352941,1073.4117647058824,89.41176470588243,125.96551724137933,2598.862068965517,183.6551724137931,149.37931034482745,108.0,1810.0,829.0,111.0,132.79999999999995,522.8,1822.0,169.30000000000007,97.25,2926.3636363636365,655.2045454545455,168.159090909091,123.72727272727269,2216.0,329.54545454545456,113.27272727272748,,,,
673,103.08695652173913,1562.0652173913043,897.9130434782609,142.73913043478274,106.0,1366.0,852.0,118.0,123.15384615384619,1112.076923076923,597.0769230769231,138.0,94.0,1026.0,1384.0,124.0,103.11764705882365,1671.7058823529412,1069.1176470588234,89.11764705882342,126.25862068965517,2593.0344827586205,180.58620689655174,149.15517241379348,108.0,1811.0,833.3333333333334,117.0,130.4000000000001,521.4,1822.0,170.39999999999998,97.0,2921.818181818182,655.2727272727273,167.5454545454545,119.81818181818181,2211.0,330.3636363636364,116.18181818181802,,,,
674,103.17391304347825,1568.1304347826087,899.8260869565217,142.47826086956525,106.21428571428578,1367.9285714285713,847.5714285714286,117.85714285714289,121.38461538461536,1116.6923076923076,595.6923076923077,138.0,93.77272727272748,1024.590909090909,1381.3636363636363,123.5,103.82352941176487,1670.9411764705883,1064.8235294117646,88.82352941176464,126.55172413793105,2587.206896551724,177.51724137931035,148.9310344827586,108.0,1812.0,837.6666666666666,123.0,128.0,520.0,1822.0,171.5,96.75,2917.2727272727275,655.3409090909091,166.93181818181802,115.90909090909093,2206.0,331.1818181818182,119.09090909090901,,,,
675,103.26086956521738,1574.195652173913,901.7391304347826,142.21739130434776,106.42857142857144,1369.857142857143,843.1428571428571,117.71428571428578,119.61538461538464,1121.3076923076924,594.3076923076923,138.0,93.5454545454545,1023.1818181818181,1378.7272727272727,123.00000000000011,104.52941176470586,1670.1764705882354,1060.5294117647059,88.52941176470586,126.84482758620692,2581.3793103448274,174.44827586206895,148.70689655172418,108.0,1813.0,842.0,129.0,125.59999999999991,518.6,1822.0,172.60000000000002,96.5,2912.7272727272725,655.4090909090909,166.31818181818198,112.0,2201.0,332.0,122.0,,,,
676,103.3478260869565,1580.2608695652175,903.6521739130435,141.95652173913027,106.64285714285722,1371.7857142857142,838.7142857142857,117.57142857142867,117.84615384615381,1125.923076923077,592.9230769230769,138.0,93.31818181818198,1021.7727272727273,1376.090909090909,122.5,105.23529411764707,1669.4117647058824,1056.235294117647,88.23529411764707,127.13793103448276,2575.551724137931,171.3793103448276,148.4827586206893,108.89999999999998,1816.3,845.2,127.40000000000009,123.20000000000005,517.2,1822.0,173.69999999999993,96.25,2908.181818181818,655.4772727272727,165.7045454545455,111.0,2201.6666666666665,332.8333333333333,118.5,,,,
677,103.43478260869563,1586.3260869565217,905.5652173913044,141.695652173913,106.85714285714278,1373.7142857142858,834.2857142857143,117.42857142857133,116.0769230769231,1130.5384615384614,591.5384615384615,138.0,93.09090909090901,1020.3636363636364,1373.4545454545455,121.99999999999989,105.94117647058829,1668.6470588235295,1051.9411764705883,87.94117647058806,127.4310344827586,2569.7241379310344,168.31034482758622,148.25862068965534,109.80000000000007,1819.6,848.4,125.80000000000018,120.79999999999995,515.8,1822.0,174.80000000000007,96.0,2903.6363636363635,655.5454545454545,165.090909090909,110.0,2202.3333333333335,333.6666666666667,115.0,,,,
678,103.52173913043475,1592.391304347826,907.4782608695652,141.43478260869574,107.07142857142856,1375.642857142857,829.8571428571429,117.28571428571422,114.30769230769226,1135.1538461538462,590.1538461538462,138.0,92.86363636363649,1018.9545454545455,1370.8181818181818,121.5,106.64705882352928,1667.8823529411766,1047.6470588235295,87.64705882352928,127.72413793103448,2563.8965517241377,165.24137931034483,148.03448275862092,110.69999999999993,1822.9,851.6,124.19999999999982,118.40000000000009,514.4,1822.0,175.89999999999998,95.75,2899.090909090909,655.6136363636364,164.47727272727298,109.0,2203.0,334.5,111.5,,,,
679,103.60869565217388,1598.4565217391305,909.3913043478261,141.17391304347825,107.28571428571422,1377.5714285714287,825.4285714285714,117.14285714285711,112.53846153846155,1139.7692307692307,588.7692307692307,138.0,92.63636363636351,1017.5454545454545,1368.1818181818182,121.0,107.35294117647072,1667.1176470588234,1043.3529411764705,87.35294117647072,128.01724137931032,2558.0689655172414,162.17241379310346,147.81034482758605,111.60000000000002,1826.2,854.8,122.59999999999991,116.0,513.0,1822.0,177.0,95.5,2894.5454545454545,655.6818181818181,163.8636363636365,108.0,2203.6666666666665,335.3333333333333,108.0,,,,
680,103.695652173913,1604.5217391304348,911.304347826087,140.913043478261,107.5,1379.5,821.0,117.0,110.76923076923083,1144.3846153846155,587.3846153846154,138.0,92.40909090909099,1016.1363636363636,1365.5454545454545,120.50000000000011,108.05882352941171,1666.3529411764705,1039.0588235294117,87.05882352941194,128.3103448275862,2552.2413793103447,159.10344827586206,147.58620689655208,112.5,1829.5,858.0,121.0,116.0,512.2727272727273,1821.7272727272727,177.0,95.25,2890.0,655.75,163.25,107.0,2204.3333333333335,336.1666666666667,104.5,,,,
681,103.78260869565213,1610.5869565217392,913.2173913043479,140.65217391304327,107.71428571428578,1381.4285714285713,816.5714285714286,116.85714285714289,109.0,1149.0,586.0,138.0,92.18181818181802,1014.7272727272727,1362.909090909091,120.0,108.76470588235293,1665.5882352941176,1034.764705882353,86.76470588235293,128.60344827586206,2546.4137931034484,156.03448275862067,147.3620689655172,113.39999999999998,1832.8,861.2,119.40000000000009,116.0,511.54545454545456,1821.4545454545455,176.99999999999994,95.0,2885.4545454545455,655.8181818181819,162.6363636363635,106.0,2205.0,337.0,101.0,,,,
682,103.86956521739125,1616.6521739130435,915.1304347826087,140.391304347826,107.92857142857144,1383.357142857143,812.1428571428571,116.71428571428578,109.0,1153.8823529411766,584.5294117647059,138.0,91.9545454545455,1013.3181818181819,1360.2727272727273,119.49999999999989,109.47058823529414,1664.8235294117646,1030.4705882352941,86.47058823529414,128.89655172413794,2540.5862068965516,152.96551724137933,147.1379310344828,114.30000000000007,1836.1,864.4,117.80000000000018,116.0,510.8181818181818,1821.1818181818182,177.00000000000006,94.75,2880.909090909091,655.8863636363636,162.02272727272702,106.46153846153845,2200.4615384615386,336.3076923076923,102.6153846153843,,,,
683,103.95652173913038,1622.7173913043478,917.0434782608696,140.13043478260875,108.14285714285722,1385.2857142857142,807.7142857142857,116.57142857142867,109.0,1158.764705882353,583.0588235294117,138.0,91.72727272727252,1011.9090909090909,1357.6363636363637,119.00000000000011,110.17647058823513,1664.0588235294117,1026.1764705882354,86.17647058823536,129.1896551724138,2534.7586206896553,149.89655172413794,146.91379310344792,115.19999999999993,1839.4,867.6,116.19999999999982,116.0,510.09090909090907,1820.909090909091,177.00000000000006,94.5,2876.3636363636365,655.9545454545455,161.409090909091,106.9230769230769,2195.923076923077,335.61538461538464,104.23076923076906,,,,
684,104.04347826086962,1628.7826086956522,918.9565217391304,139.86956521739125,108.35714285714278,1387.2142857142858,803.2857142857143,116.42857142857133,109.0,1163.6470588235295,581.5882352941177,138.0,91.5,1010.5,1355.0,118.5,110.88235294117646,1663.2941176470588,1021.8823529411765,85.88235294117658,129.48275862068968,2528.9310344827586,146.82758620689654,146.68965517241395,116.10000000000002,1842.7,870.8,114.59999999999991,116.0,509.3636363636364,1820.6363636363637,177.0,94.25,2871.818181818182,656.0227272727273,160.7954545454545,107.38461538461542,2191.3846153846152,334.9230769230769,105.84615384615381,,,,
685,104.13043478260875,1634.8478260869565,920.8695652173913,139.608695652174,108.57142857142856,1389.142857142857,798.8571428571429,116.28571428571422,109.0,1168.5294117647059,580.1176470588235,138.0,91.27272727272748,1009.0909090909091,1352.3636363636363,117.99999999999989,111.58823529411768,1662.5294117647059,1017.5882352941177,85.58823529411757,129.77586206896552,2523.1034482758623,143.75862068965517,146.46551724137908,117.0,1846.0,874.0,113.0,116.0,508.6363636363636,1820.3636363636363,177.0,94.0,2867.2727272727275,656.0909090909091,160.18181818181802,107.84615384615387,2186.846153846154,334.2307692307692,107.46153846153857,,,,
686,104.21739130434787,1640.913043478261,922.7826086956521,139.3478260869565,108.78571428571422,1391.0714285714287,794.4285714285714,116.14285714285711,109.0,1173.4117647058824,578.6470588235294,138.0,91.0454545454545,1007.6818181818181,1349.7272727272727,117.50000000000011,112.29411764705878,1661.764705882353,1013.2941176470588,85.29411764705878,130.06896551724137,2517.2758620689656,140.6896551724138,146.24137931034466,117.875,1851.75,876.25,111.375,116.0,507.90909090909093,1820.090909090909,176.99999999999994,93.75,2862.7272727272725,656.1590909090909,159.56818181818198,108.30769230769232,2182.3076923076924,333.53846153846155,109.07692307692287,,,,
687,104.304347826087,1646.9782608695652,924.695652173913,139.086956521739,109.0,1393.0,790.0,116.0,109.0,1178.2941176470588,577.1764705882352,138.0,90.81818181818198,1006.2727272727273,1347.090909090909,117.0,113.0,1661.0,1009.0,85.0,130.36206896551724,2511.448275862069,137.6206896551724,146.0172413793107,118.75,1857.5,878.5,109.75,116.0,507.1818181818182,1819.8181818181818,176.99999999999994,93.5,2858.181818181818,656.2272727272727,158.9545454545455,108.76923076923077,2177.769230769231,332.84615384615387,110.69230769230762,,,,
688,104.39130434782612,1653.0434782608695,926.6086956521739,138.82608695652175,109.2285714285714,1393.8857142857144,785.9428571428572,115.79999999999995,109.0,1183.1764705882354,575.7058823529412,138.0,90.59090909090901,1004.8636363636364,1344.4545454545455,116.49999999999989,113.0,1660.3846153846155,1004.1538461538462,85.0,130.65517241379314,2505.6206896551726,134.55172413793105,145.79310344827582,119.625,1863.25,880.75,108.125,116.0,506.45454545454544,1819.5454545454545,177.00000000000006,93.25,2853.6363636363635,656.2954545454545,158.340909090909,109.23076923076923,2173.230769230769,332.15384615384613,112.30769230769238,,,,
689,104.47826086956525,1659.108695652174,928.5217391304348,138.56521739130426,109.45714285714291,1394.7714285714285,781.8857142857142,115.60000000000014,109.0,1188.0588235294117,574.2352941176471,138.0,90.36363636363649,1003.4545454545455,1341.8181818181818,116.0,113.00000000000011,1659.7692307692307,999.3076923076923,85.0,130.94827586206895,2499.793103448276,131.48275862068965,145.5689655172414,120.5,1869.0,883.0,106.5,116.0,505.72727272727275,1819.2727272727273,177.0,93.0,2849.090909090909,656.3636363636364,157.72727272727298,109.69230769230768,2168.6923076923076,331.46153846153845,113.92307692307713,,,,
690,104.56521739130437,1665.1739130434783,930.4347826086956,138.304347826087,109.68571428571431,1395.6571428571428,777.8285714285714,115.40000000000009,109.0,1192.9411764705883,572.7647058823529,138.0,90.13636363636351,1002.0454545454545,1339.1818181818182,115.5,113.00000000000011,1659.1538461538462,994.4615384615385,85.0,131.24137931034485,2493.9655172413795,128.41379310344828,145.34482758620652,121.375,1874.75,885.25,104.875,116.0,505.0,1819.0,177.0,92.75,2844.5454545454545,656.4318181818181,157.1136363636365,110.15384615384613,2164.153846153846,330.7692307692308,115.53846153846143,,,,
691,104.6521739130435,1671.2391304347825,932.3478260869565,138.04347826086973,109.91428571428571,1396.5428571428572,773.7714285714286,115.20000000000005,109.0,1197.8235294117646,571.2941176470588,138.0,89.90909090909099,1000.6363636363636,1336.5454545454545,115.00000000000011,112.99999999999989,1658.5384615384614,989.6153846153846,85.0,131.53448275862067,2488.137931034483,125.34482758620689,145.12068965517255,122.25,1880.5,887.5,103.25,116.0,505.0,1819.0,178.33333333333337,92.5,2840.0,656.5,156.5,110.61538461538458,2159.6153846153848,330.0769230769231,117.15384615384619,,,,
692,104.73913043478262,1677.304347826087,934.2608695652174,137.78260869565202,110.14285714285722,1397.4285714285713,769.7142857142857,115.0,109.0,1202.7058823529412,569.8235294117648,138.0,89.68181818181802,999.2272727272727,1333.909090909091,114.5,113.0,1657.923076923077,984.7692307692307,85.0,131.82758620689654,2482.310344827586,122.27586206896552,144.89655172413813,123.125,1886.25,889.75,101.625,116.0,505.0,1819.0,179.66666666666663,92.25,2835.4545454545455,656.5681818181819,155.8863636363635,111.0769230769231,2155.076923076923,329.38461538461536,118.76923076923094,,,,
693,104.82608695652175,1683.3695652173913,936.1739130434783,137.52173913043475,110.37142857142862,1398.3142857142857,765.6571428571428,114.79999999999995,109.0,1207.5882352941176,568.3529411764706,138.0,89.4545454545455,997.8181818181819,1331.2727272727273,113.99999999999989,113.0,1657.3076923076924,979.9230769230769,85.0,132.1206896551724,2476.4827586206898,119.20689655172413,144.67241379310326,124.0,1892.0,892.0,100.0,116.0,505.0,1819.0,181.0,92.0,2830.909090909091,656.6363636363636,155.27272727272702,111.53846153846155,2150.5384615384614,328.6923076923077,120.3846153846157,,,,
694,104.91304347826087,1689.4347826086957,938.0869565217391,137.26086956521726,110.60000000000002,1399.2,761.6,114.59999999999991,109.0,1212.4705882352941,566.8823529411765,138.0,89.22727272727252,996.4090909090909,1328.6363636363637,113.50000000000011,113.0,1656.6923076923076,975.0769230769231,85.0,132.41379310344826,2470.655172413793,116.13793103448276,144.44827586206884,120.0,1892.75,893.75,107.25,116.0,505.0,1819.0,182.33333333333337,91.75,2826.3636363636365,656.7045454545455,154.65909090909054,112.0,2146.0,328.0,122.0,,,,
695,105.0,1695.5,940.0,137.0,110.82857142857142,1400.0857142857142,757.5428571428572,114.40000000000009,109.0,1217.3529411764705,565.4117647058823,138.0,89.0,995.0,1326.0,113.0,113.0,1656.076923076923,970.2307692307693,85.0,132.70689655172413,2464.8275862068967,113.0689655172414,144.22413793103442,116.0,1893.5,895.5,114.5,116.0,505.0,1819.0,183.66666666666663,91.5,2821.818181818182,656.7727272727273,154.0454545454545,113.0,2145.4,326.8,118.19999999999982,,,,
696,105.08695652173913,1701.5652173913043,941.9130434782609,136.73913043478274,111.05714285714294,1400.9714285714285,753.4857142857143,114.20000000000005,109.0,1222.235294117647,563.9411764705883,138.0,89.0,994.7,1324.2,114.29999999999995,113.00000000000011,1655.4615384615386,965.3846153846154,85.0,133.0,2459.0,110.0,144.0,112.0,1894.25,897.25,121.75,116.0,505.0,1819.0,185.0,91.25,2817.2727272727275,656.8409090909091,153.43181818181802,114.0,2144.8,325.6,114.39999999999964,,,,
697,105.17391304347825,1707.6304347826087,943.8260869565217,136.47826086956525,111.28571428571422,1401.857142857143,749.4285714285714,114.0,109.0,1227.1176470588234,562.4705882352941,138.0,89.0,994.4,1322.4,115.60000000000002,112.99999999999989,1654.8461538461538,960.5384615384615,85.0,133.36363636363637,2451.818181818182,105.9090909090909,143.72727272727252,108.0,1895.0,899.0,129.0,116.0,505.0,1819.0,186.33333333333337,91.0,2812.7272727272725,656.9090909090909,152.81818181818198,115.0,2144.2,324.4,110.60000000000036,,,,
698,105.26086956521738,1713.695652173913,945.7391304347826,136.21739130434776,111.51428571428562,1402.7428571428572,745.3714285714286,113.79999999999995,109.0,1232.0,561.0,138.0,89.0,994.1,1320.6,116.89999999999998,112.99999999999989,1654.2307692307693,955.6923076923077,85.0,133.72727272727272,2444.6363636363635,101.81818181818181,143.4545454545455,108.0,1899.7222222222222,900.3333333333334,129.0,116.0,505.0,1819.0,187.66666666666663,90.75,2808.181818181818,656.9772727272727,152.2045454545455,116.0,2143.6,323.2,106.80000000000018,,,,
699,105.3478260869565,1719.7608695652175,947.6521739130435,135.95652173913027,111.74285714285713,1403.6285714285714,741.3142857142857,113.60000000000014,109.0,1236.8125,560.3125,138.0,89.0,993.8,1318.8,118.20000000000005,113.0,1653.6153846153845,950.8461538461538,85.0,134.09090909090907,2437.4545454545455,97.72727272727273,143.18181818181802,108.0,1904.4444444444443,901.6666666666666,129.0,116.0,505.0,1819.0,189.0,90.5,2803.6363636363635,657.0454545454545,151.59090909090946,117.0,2143.0,322.0,103.0,,,,
700,105.43478260869563,1725.8260869565217,949.5652173913044,135.695652173913,111.97142857142853,1404.5142857142857,737.2571428571429,113.40000000000009,109.0,1241.625,559.625,138.0,89.0,993.5,1317.0,119.5,113.0,1653.0,946.0,85.0,134.45454545454544,2430.2727272727275,93.63636363636364,142.90909090909054,108.0,1909.1666666666667,903.0,129.0,116.0,505.0,1819.0,190.33333333333337,90.25,2799.090909090909,657.1136363636364,150.97727272727298,118.25,2138.5833333333335,320.6666666666667,103.08333333333303,,,,
701,105.52173913043475,1731.891304347826,951.4782608695652,135.43478260869574,112.19999999999993,1405.4,733.2,113.19999999999982,109.0,1246.4375,558.9375,138.0,89.0,993.2,1315.2,120.79999999999995,112.99999999999989,1654.0454545454545,941.3636363636364,85.0,134.8181818181818,2423.090909090909,89.54545454545455,142.6363636363635,108.0,1913.888888888889,904.3333333333334,129.0,116.0,505.0,1819.0,191.66666666666663,90.0,2794.5454545454545,657.1818181818181,150.3636363636365,119.5,2134.1666666666665,319.3333333333333,103.16666666666697,,,,
702,105.60869565217388,1737.9565217391305,953.3913043478261,135.17391304347825,112.42857142857144,1406.2857142857142,729.1428571428571,113.0,109.0,1251.25,558.25,138.0,89.0,992.9,1313.4,122.10000000000002,113.0,1655.090909090909,936.7272727272727,85.0,135.1818181818182,2415.909090909091,85.45454545454545,142.3636363636365,108.0,1918.611111111111,905.6666666666666,129.0,116.0,505.0,1819.0,193.0,89.75,2790.0,657.25,149.75,120.75,2129.75,318.0,103.25,,,,
703,105.695652173913,1744.0217391304348,955.304347826087,134.913043478261,112.65714285714284,1407.1714285714286,725.0857142857143,112.79999999999995,109.0,1256.0625,557.5625,138.0,89.0,992.6,1311.6,123.39999999999998,112.99999999999989,1656.1363636363637,932.0909090909091,85.0,135.54545454545456,2408.7272727272725,81.36363636363636,142.09090909090946,108.0,1923.3333333333333,907.0,129.00000000000023,117.0,506.7826086956522,1817.608695652174,191.56521739130432,89.5,2785.4545454545455,657.3181818181819,149.1363636363635,122.0,2125.3333333333335,316.6666666666667,103.33333333333303,,,,
704,105.78260869565213,1750.086956521739,957.2173913043479,134.6521739130435,112.88571428571424,1408.057142857143,721.0285714285715,112.59999999999991,109.0,1260.875,556.875,138.0,89.0,992.3,1309.8,124.70000000000005,113.0,1657.1818181818182,927.4545454545455,85.0,135.9090909090909,2401.5454545454545,77.27272727272728,141.81818181818198,108.0,1928.0555555555557,908.3333333333334,129.0,118.0,508.5652173913044,1816.2173913043478,190.13043478260863,89.25,2780.909090909091,657.3863636363636,148.52272727272702,123.25,2120.9166666666665,315.3333333333333,103.41666666666697,,,,
705,105.86956521739125,1756.1521739130435,959.1304347826087,134.391304347826,113.11428571428576,1408.942857142857,716.9714285714285,112.40000000000009,109.0,1265.6875,556.1875,138.0,89.0,992.0,1308.0,126.0,112.99999999999989,1658.2272727272727,922.8181818181819,85.0,136.27272727272725,2394.3636363636365,73.18181818181819,141.5454545454545,108.0,1932.7777777777778,909.6666666666666,129.0,119.0,510.3478260869565,1814.8260869565217,188.69565217391312,89.0,2776.3636363636365,657.4545454545455,147.90909090909054,124.5,2116.5,314.0,103.5,,,,
706,105.9565217391305,1762.2173913043478,961.0434782608695,134.13043478260875,113.34285714285716,1409.8285714285714,712.9142857142857,112.20000000000005,109.0,1270.5,555.5,138.0,89.0,996.6,1305.4,127.19999999999993,113.00000000000011,1659.2727272727273,918.1818181818181,85.0,136.63636363636363,2387.181818181818,69.0909090909091,141.27272727272748,108.0,1937.5,911.0,129.0,120.0,512.1304347826087,1813.4347826086957,187.26086956521738,88.75,2771.818181818182,657.5227272727273,147.2954545454545,125.75,2112.0833333333335,312.6666666666667,103.58333333333303,,,,
707,106.0434782608695,1768.2826086956522,962.9565217391305,133.86956521739125,113.57142857142856,1410.7142857142858,708.8571428571429,112.0,109.0,1275.3125,554.8125,138.0,89.0,1001.2,1302.8,128.39999999999986,113.0,1660.3181818181818,913.5454545454545,85.0,137.0,2380.0,65.0,141.0,108.0,1942.2222222222222,912.3333333333334,129.0,121.0,513.9130434782609,1812.0434782608695,185.82608695652175,88.5,2767.2727272727275,657.5909090909091,146.68181818181802,127.0,2107.6666666666665,311.3333333333333,103.66666666666697,,,,
708,106.13043478260875,1774.3478260869565,964.8695652173913,133.608695652174,113.80000000000007,1411.6,704.8,111.80000000000018,109.0,1280.125,554.125,138.0,89.0,1005.8,1300.2,129.60000000000014,113.0,1661.3636363636363,908.9090909090909,85.0,137.4375,2375.4375,60.9375,139.9375,108.0,1946.9444444444443,913.6666666666666,129.0,122.0,515.695652173913,1810.6521739130435,184.39130434782612,88.25,2762.7272727272725,657.6590909090909,146.06818181818198,128.25,2103.25,310.0,103.75,,,,
709,106.21739130434787,1780.413043478261,966.7826086956521,133.3478260869565,114.02857142857147,1412.4857142857143,700.7428571428571,111.59999999999991,109.0,1284.9375,553.4375,138.0,89.0,1010.4,1297.6,130.80000000000007,113.0,1662.409090909091,904.2727272727273,85.0,137.875,2370.875,56.875,138.875,108.0,1951.6666666666667,915.0,128.99999999999977,123.0,517.4782608695652,1809.2608695652175,182.95652173913038,88.0,2758.181818181818,657.7272727272727,145.4545454545455,129.5,2098.8333333333335,308.6666666666667,103.83333333333303,,,,
710,106.304347826087,1786.4782608695652,968.695652173913,133.086956521739,114.25714285714287,1413.3714285714286,696.6857142857143,111.39999999999986,109.0,1289.75,552.75,138.0,89.0,1015.0,1295.0,132.0,113.0,1663.4545454545455,899.6363636363636,85.0,138.3125,2366.3125,52.8125,137.8125,107.99999999999989,1956.388888888889,916.3333333333334,128.99999999999977,124.0,519.2608695652174,1807.8695652173913,181.52173913043475,87.75,2753.6363636363635,657.7954545454545,144.84090909090946,130.75,2094.4166666666665,307.3333333333333,103.91666666666697,,,,
711,106.39130434782612,1792.5434782608695,970.6086956521739,132.82608695652175,114.48571428571438,1414.2571428571428,692.6285714285714,111.20000000000005,109.0,1294.5625,552.0625,138.0,89.0,1018.3529411764706,1294.235294117647,131.9999999999999,113.0,1664.5,895.0,85.0,138.75,2361.75,48.75,136.75,108.00000000000011,1961.111111111111,917.6666666666666,129.00000000000023,125.0,521.0434782608696,1806.4782608695652,180.08695652173913,87.5,2749.090909090909,657.8636363636364,144.22727272727298,132.0,2090.0,306.0,104.0,,,,
712,106.47826086956525,1798.608695652174,972.5217391304348,132.56521739130426,114.71428571428567,1415.142857142857,688.5714285714286,111.0,109.0,1299.375,551.375,138.0,89.0,1021.7058823529412,1293.4705882352941,132.0,113.0,1665.5454545454545,890.3636363636364,85.0,139.1875,2357.1875,44.6875,135.6875,108.0,1965.8333333333333,919.0,129.00000000000023,126.0,522.8260869565217,1805.0869565217392,178.6521739130435,87.25,2744.5454545454545,657.9318181818181,143.6136363636365,131.09090909090912,2086.7272727272725,306.77272727272725,104.81818181818198,,,,
713,106.56521739130437,1804.6739130434783,974.4347826086956,132.304347826087,114.94285714285706,1416.0285714285715,684.5142857142857,110.79999999999995,109.0,1304.1875,550.6875,138.0,89.0,1025.0588235294117,1292.7058823529412,132.0,113.0,1666.590909090909,885.7272727272727,85.0,139.625,2352.625,40.625,134.625,107.99999999999989,1970.5555555555557,920.3333333333334,129.0,127.0,524.6086956521739,1803.695652173913,177.21739130434787,87.0,2740.0,658.0,143.0,130.1818181818182,2083.4545454545455,307.54545454545456,105.63636363636351,,,,
714,106.6521739130435,1810.7391304347825,976.3478260869565,132.04347826086973,115.17142857142858,1416.9142857142858,680.4571428571428,110.59999999999991,109.0,1309.0,550.0,138.0,89.0,1028.4117647058824,1291.9411764705883,132.0,113.0,1667.6363636363637,881.0909090909091,85.0,140.0625,2348.0625,36.5625,133.5625,108.00000000000011,1975.2777777777778,921.6666666666666,129.0,128.0,526.3913043478261,1802.304347826087,175.78260869565213,87.0,2734.822222222222,657.7111111111111,142.80000000000018,129.27272727272725,2080.181818181818,308.3181818181818,106.4545454545455,,,,
715,106.73913043478262,1816.804347826087,978.2608695652174,131.78260869565224,115.39999999999998,1417.8,676.4,110.40000000000009,106.20000000000005,1313.8,548.8,134.79999999999995,89.0,1031.764705882353,1291.1764705882354,132.0,113.0,1668.6818181818182,876.4545454545455,85.0,140.5,2343.5,32.5,132.5,108.0,1980.0,923.0,129.0,129.0,528.1739130434783,1800.9130434782608,174.3478260869565,87.0,2729.6444444444446,657.4222222222222,142.5999999999999,128.36363636363637,2076.909090909091,309.09090909090907,107.27272727272702,,,,
716,106.82608695652175,1822.8695652173913,980.1739130434783,131.52173913043475,115.62857142857138,1418.6857142857143,672.3428571428572,110.20000000000005,103.39999999999998,1318.6,547.6,131.60000000000014,89.0,1035.1176470588234,1290.4117647058824,132.0,113.0,1669.7272727272727,871.8181818181818,85.0,140.9375,2338.9375,28.4375,131.4375,107.99999999999989,1984.7222222222222,924.3333333333334,129.0,130.0,529.9565217391305,1799.5217391304348,172.91304347826076,87.0,2724.4666666666667,657.1333333333333,142.4000000000001,127.45454545454544,2073.6363636363635,309.8636363636364,108.09090909090901,,,,
717,106.91304347826087,1828.9347826086957,982.0869565217391,131.26086956521726,115.85714285714278,1419.5714285714287,668.2857142857143,110.0,100.60000000000002,1323.4,546.4,128.39999999999986,89.0,1038.4705882352941,1289.6470588235295,132.0,113.0,1670.7727272727273,867.1818181818182,85.0,141.375,2334.375,24.375,130.375,108.00000000000011,1989.4444444444443,925.6666666666666,129.0,131.0,531.7391304347826,1798.1304347826087,171.47826086956525,87.0,2719.288888888889,656.8444444444444,142.20000000000027,126.54545454545456,2070.3636363636365,310.6363636363636,108.90909090909099,,,,
718,107.0,1835.0,984.0,131.0,116.08571428571429,1420.4571428571428,664.2285714285714,109.79999999999995,97.79999999999995,1328.2,545.2,125.20000000000005,89.0,1041.8235294117646,1288.8823529411766,132.0,113.0,1671.8181818181818,862.5454545454545,85.0,141.8125,2329.8125,20.3125,129.3125,108.0,1994.1666666666667,927.0,128.99999999999977,132.0,533.5217391304348,1796.7391304347825,170.04347826086962,87.0,2714.1111111111113,656.5555555555555,142.0,125.63636363636363,2067.090909090909,311.40909090909093,109.72727272727298,,,,
719,107.15384615384619,1841.6153846153845,987.1538461538462,130.69230769230785,116.31428571428569,1421.3428571428572,660.1714285714286,109.59999999999991,95.0,1333.0,544.0,122.0,89.0,1045.1764705882354,1288.1176470588234,132.0,113.0,1672.8636363636363,857.9090909090909,85.0,142.25,2325.25,16.25,128.25,107.99999999999989,1998.888888888889,928.3333333333334,128.99999999999977,133.0,535.304347826087,1795.3478260869565,168.60869565217388,87.0,2708.9333333333334,656.2666666666667,141.79999999999973,124.72727272727275,2063.818181818182,312.1818181818182,110.5454545454545,,,,
720,107.30769230769226,1848.2307692307693,990.3076923076923,130.38461538461524,116.54285714285709,1422.2285714285715,656.1142857142858,109.39999999999986,97.0,1337.7142857142858,542.8571428571429,124.28571428571422,89.0,1048.5294117647059,1287.3529411764705,132.0,113.0,1673.909090909091,853.2727272727273,85.0,142.6875,2320.6875,12.1875,127.1875,108.00000000000011,2003.611111111111,929.6666666666666,129.00000000000023,134.0,537.0869565217391,1793.9565217391305,167.17391304347825,87.0,2703.7555555555555,655.9777777777778,141.5999999999999,123.81818181818181,2060.5454545454545,312.95454545454544,111.36363636363649,,,,
721,107.46153846153845,1854.8461538461538,993.4615384615385,130.0769230769231,116.7714285714286,1423.1142857142856,652.0571428571428,109.20000000000005,99.0,1342.4285714285713,541.7142857142857,126.57142857142867,89.0,1051.8823529411766,1286.5882352941176,132.0,113.0,1674.9545454545455,848.6363636363636,85.0,143.125,2316.125,8.125,126.125,108.0,2008.3333333333333,931.0,129.00000000000023,135.0,538.8695652173913,1792.5652173913043,165.73913043478262,87.0,2698.5777777777776,655.6888888888889,141.4000000000001,122.90909090909088,2057.2727272727275,313.72727272727275,112.18181818181802,,,,
722,107.61538461538464,1861.4615384615386,996.6153846153846,129.76923076923072,117.0,1424.0,648.0,109.0,101.0,1347.142857142857,540.5714285714286,128.8571428571429,89.0,1055.235294117647,1285.8235294117646,132.0,113.0,1676.0,844.0,85.0,143.5625,2311.5625,4.0625,125.0625,107.99999999999989,2013.0555555555557,932.3333333333334,129.0,136.0,540.6521739130435,1791.1739130434783,164.30434782608688,87.0,2693.4,655.4,141.19999999999982,122.0,2054.0,314.5,113.0,,,,
723,107.76923076923072,1868.076923076923,999.7692307692307,129.46153846153834,114.0,1427.375,646.5,109.0,103.0,1351.857142857143,539.4285714285714,131.1428571428571,89.0,1058.5882352941176,1285.0588235294117,132.0,113.36000000000001,1678.2,839.52,85.48000000000002,144.0,2307.0,0.0,124.0,108.00000000000011,2017.7777777777778,933.6666666666666,129.0,137.0,542.4347826086956,1789.7826086956522,162.86956521739137,87.0,2688.222222222222,655.1111111111111,141.0,121.09090909090912,2050.7272727272725,315.27272727272725,113.81818181818198,,,,
724,107.9230769230769,1874.6923076923076,1002.9230769230769,129.1538461538462,111.0,1430.75,645.0,109.0,105.0,1356.5714285714287,538.2857142857143,133.42857142857133,89.0,1061.9411764705883,1284.2941176470588,132.0,113.72000000000003,1680.4,835.04,85.95999999999981,140.25,2302.5,0.0,123.0,108.0,2022.5,935.0,129.0,138.0,544.2173913043479,1788.391304347826,161.43478260869563,87.0,2683.0444444444443,654.8222222222222,140.80000000000018,120.18181818181819,2047.4545454545455,316.04545454545456,114.63636363636351,,,,
725,108.0769230769231,1881.3076923076924,1006.0769230769231,128.8461538461538,108.0,1434.125,643.5,109.0,107.0,1361.2857142857142,537.1428571428571,135.71428571428578,89.0,1065.2941176470588,1283.5294117647059,132.0,114.08000000000004,1682.6,830.56,86.44000000000005,136.5,2298.0,0.0,122.0,107.99999999999989,2027.2222222222222,936.3333333333334,129.0,139.0,546.0,1787.0,160.0,87.0,2677.866666666667,654.5333333333333,140.5999999999999,119.27272727272725,2044.1818181818182,316.8181818181818,115.45454545454527,,,,
726,108.23076923076928,1887.923076923077,1009.2307692307693,128.53846153846166,105.0,1437.5,642.0,109.0,109.0,1366.0,536.0,138.0,89.0,1068.6470588235295,1282.764705882353,132.0,114.43999999999994,1684.8,826.08,86.92000000000007,132.75,2293.5,0.0,121.0,108.00000000000011,2031.9444444444443,937.6666666666666,129.0,139.0,548.0769230769231,1785.2307692307693,160.0,87.0,2672.688888888889,654.2444444444444,140.4000000000001,118.36363636363637,2040.909090909091,317.59090909090907,116.27272727272702,,,,
727,108.38461538461536,1894.5384615384614,1012.3846153846154,128.23076923076928,102.0,1440.875,640.5,109.0,109.0,1371.5,534.875,138.0,89.0,1072.0,1282.0,132.0,114.79999999999995,1687.0,821.6,87.40000000000009,129.0,2289.0,0.0,120.0,108.0,2036.6666666666667,939.0,128.99999999999977,139.0,550.1538461538462,1783.4615384615386,160.0,87.0,2667.511111111111,653.9555555555555,140.20000000000027,117.45454545454544,2037.6363636363637,318.3636363636364,117.09090909090878,,,,
728,108.53846153846155,1901.1538461538462,1015.5384615384615,127.9230769230769,99.0,1444.25,639.0,109.0,109.0,1377.0,533.75,138.0,89.0,1075.0833333333333,1281.1666666666667,132.0,115.15999999999997,1689.2,817.12,87.87999999999988,125.3,2284.4,0.0,119.0,107.99999999999989,2041.388888888889,940.3333333333334,128.99999999999977,139.0,552.2307692307693,1781.6923076923076,160.0,87.0,2662.3333333333335,653.6666666666666,140.0,116.54545454545456,2034.3636363636363,319.1363636363636,117.90909090909122,,,,
729,108.69230769230774,1907.7692307692307,1018.6923076923077,127.61538461538476,96.0,1447.625,637.5,109.0,109.0,1382.5,532.625,138.0,89.0,1078.1666666666667,1280.3333333333333,132.0,115.51999999999998,1691.4,812.64,88.3599999999999,121.6,2279.8,0.0,118.0,108.00000000000011,2046.111111111111,941.6666666666666,129.00000000000023,139.0,554.3076923076923,1779.923076923077,160.0,87.0,2657.1555555555556,653.3777777777777,139.80000000000018,115.63636363636363,2031.090909090909,319.90909090909093,118.72727272727298,,,,
730,108.84615384615381,1914.3846153846155,1021.8461538461538,127.30769230769215,93.0,1451.0,636.0,109.0,109.0,1388.0,531.5,138.0,89.0,1081.25,1279.5,132.0,115.88,1693.6,808.16,88.84000000000015,117.9,2275.2,0.0,117.0,108.0,2050.8333333333335,943.0,129.0,139.0,556.3846153846154,1778.1538461538462,160.0,87.0,2651.9777777777776,653.0888888888888,139.5999999999999,114.72727272727275,2027.8181818181818,320.6818181818182,119.54545454545473,,,,
731,109.0,1921.0,1025.0,127.0,93.25,1451.75,636.25,106.75,109.0,1393.5,530.375,138.0,89.0,1084.3333333333333,1278.6666666666667,132.0,116.24000000000001,1695.8,803.68,89.31999999999994,114.2,2270.6,0.0,116.0,107.99999999999989,2055.5555555555557,944.3333333333334,129.0,139.0,558.4615384615385,1776.3846153846155,160.0,87.0,2646.8,652.8,139.39999999999964,113.81818181818181,2024.5454545454545,321.45454545454544,120.36363636363649,,,,
732,109.0,1926.774193548387,1027.4032258064517,127.17741935483878,93.5,1452.5,636.5,104.5,109.0,1399.0,529.25,138.0,89.0,1087.4166666666667,1277.8333333333333,132.0,116.59999999999991,1698.0,799.2,89.79999999999995,110.5,2266.0,0.0,115.0,108.00000000000011,2060.277777777778,945.6666666666666,129.0,139.0,560.5384615384615,1774.6153846153845,160.0,87.0,2641.6222222222223,652.5111111111111,139.19999999999982,112.90909090909088,2021.2727272727273,322.22727272727275,121.18181818181824,,,,
733,109.0,1932.5483870967741,1029.8064516129032,127.35483870967755,93.75,1453.25,636.75,102.25,109.0,1404.5,528.125,138.0,89.0,1090.5,1277.0,132.0,116.95999999999992,1700.2,794.72,90.27999999999997,106.8,2261.4,0.0,114.0,108.0,2065.0,947.0,129.0,139.0,562.6153846153846,1772.8461538461538,160.0,87.0,2636.4444444444443,652.2222222222222,139.0,112.0,2018.0,323.0,122.0,,,,
734,109.0,1938.3225806451612,1032.2096774193549,127.53225806451633,94.0,1454.0,637.0,100.0,109.0,1410.0,527.0,138.0,89.0,1093.5833333333333,1276.1666666666667,132.0,117.31999999999994,1702.4,790.24,90.75999999999999,103.1,2256.8,0.0,113.0,108.00000000000011,2070.1923076923076,948.3076923076923,129.3461538461538,139.0,564.6923076923077,1771.076923076923,160.0,87.0,2631.266666666667,651.9333333333333,138.79999999999973,113.60000000000002,2017.2,325.46666666666664,121.26666666666665,,,,
735,109.0,1944.0967741935483,1034.6129032258063,127.7096774193551,94.0,1455.25,635.8333333333334,100.0,109.0,1416.04,527.04,138.0,89.0,1096.6666666666667,1275.3333333333333,132.0,117.68000000000006,1704.6,785.76,91.24000000000001,99.4,2252.2,0.0,112.0,107.99999999999989,2075.3846153846152,949.6153846153846,129.69230769230762,139.0,566.7692307692307,1769.3076923076924,160.0,87.0,2626.088888888889,651.6444444444444,138.5999999999999,115.19999999999999,2016.4,327.93333333333334,120.5333333333333,,,,
736,109.0,1949.8709677419354,1037.016129032258,127.88709677419388,94.0,1456.5,634.6666666666666,100.0,109.0,1422.08,527.08,138.0,89.0,1099.75,1274.5,132.0,118.03999999999996,1706.8,781.28,91.72000000000003,95.69999999999999,2247.6,0.0,111.0,108.0,2080.576923076923,950.9230769230769,130.0384615384619,139.0,568.8461538461538,1767.5384615384614,160.0,87.0,2620.911111111111,651.3555555555556,138.4000000000001,116.80000000000001,2015.6,330.4,119.80000000000018,,,,
737,109.0,1955.6451612903227,1039.4193548387098,128.06451612903197,94.0,1457.75,633.5,100.0,109.0,1428.12,527.12,138.0,89.0,1102.8333333333333,1273.6666666666667,132.0,118.40000000000009,1709.0,776.8,92.20000000000005,92.0,2243.0,0.0,110.0,108.0,2085.769230769231,952.2307692307693,130.38461538461524,139.0,570.9230769230769,1765.7692307692307,160.0,87.0,2615.733333333333,651.0666666666667,138.20000000000027,118.39999999999998,2014.8,332.8666666666667,119.06666666666683,,,,
738,109.0,1961.4193548387098,1041.8225806451612,128.24193548387075,94.0,1459.0,632.3333333333334,100.0,109.0,1434.16,527.16,138.0,89.0,1105.9166666666667,1272.8333333333333,132.0,118.7600000000001,1711.2,772.3199999999999,92.68000000000006,82.2,2243.0,0.0,103.40000000000009,107.99999999999989,2090.9615384615386,953.5384615384615,130.73076923076906,139.0,573.0,1764.0,160.0,87.0,2610.5555555555557,650.7777777777778,138.0,120.0,2014.0,335.3333333333333,118.33333333333348,,,,
739,109.0,1967.1935483870968,1044.225806451613,128.41935483870952,94.0,1460.25,631.1666666666666,100.0,109.0,1440.2,527.2,138.0,89.0,1109.0,1272.0,132.0,119.12,1713.4,767.84,93.15999999999985,72.4,2243.0,0.0,96.80000000000018,108.0,2096.153846153846,954.8461538461538,131.07692307692287,136.78571428571445,574.1428571428571,1763.9285714285713,161.14285714285722,87.0,2605.3777777777777,650.4888888888889,137.80000000000018,121.59999999999997,2013.2,337.8,117.60000000000014,,,,
740,109.0,1972.967741935484,1046.6290322580646,128.5967741935483,94.0,1461.5,630.0,100.0,109.0,1446.24,527.24,138.0,89.0,1117.2,1272.6,132.0,119.48000000000002,1715.6,763.36,93.6400000000001,62.6,2243.0,0.0,90.19999999999982,108.0,2101.346153846154,956.1538461538462,131.42307692307713,134.57142857142844,575.2857142857143,1763.857142857143,162.28571428571422,87.0,2600.2,650.2,137.60000000000036,123.20000000000005,2012.4,340.26666666666665,116.86666666666679,,,,
741,109.0,1978.741935483871,1049.032258064516,128.77419354838707,94.0,1462.75,628.8333333333334,100.0,109.0,1452.28,527.28,138.0,89.0,1125.4,1273.2,132.0,119.84000000000003,1717.8,758.88,94.12000000000012,52.8,2243.0,0.0,83.59999999999991,108.00000000000011,2106.5384615384614,957.4615384615385,131.76923076923094,132.3571428571429,576.4285714285714,1763.7857142857142,163.42857142857144,87.0,2595.0222222222224,649.9111111111112,137.4000000000001,124.79999999999995,2011.6,342.73333333333335,116.13333333333321,,,,
742,109.0,1984.516129032258,1051.4354838709678,128.95161290322585,94.0,1464.0,627.6666666666666,100.0,109.0,1458.32,527.32,138.0,89.0,1133.6,1273.8,132.0,120.20000000000005,1720.0,754.4,94.59999999999991,43.0,2243.0,0.0,77.0,108.0,2111.730769230769,958.7692307692307,132.11538461538476,130.1428571428571,577.5714285714286,1763.7142857142858,164.57142857142856,87.0,2589.8444444444444,649.6222222222223,137.19999999999982,126.40000000000003,2010.8,345.2,115.39999999999986,,,,
743,109.0,1990.2903225806451,1053.8387096774193,129.12903225806463,94.0,1465.25,626.5,100.0,109.0,1464.36,527.36,138.0,89.0,1141.8,1274.4,132.0,120.56000000000006,1722.2,749.92,95.07999999999993,39.333333333333336,2243.0,0.0,67.33333333333348,108.0,2116.923076923077,960.0769230769231,132.4615384615381,127.92857142857156,578.7142857142857,1763.642857142857,165.71428571428578,87.0,2584.6666666666665,649.3333333333334,137.0,128.0,2010.0,347.6666666666667,114.66666666666652,,,,
744,109.0,1996.0645161290322,1056.241935483871,129.3064516129034,94.0,1466.5,625.3333333333334,100.0,109.0,1470.4,527.4,138.0,89.0,1150.0,1275.0,132.0,120.91999999999996,1724.4,745.44,95.55999999999995,35.666666666666664,2243.0,0.0,57.666666666666515,108.00000000000011,2122.1153846153848,961.3846153846154,132.80769230769238,125.71428571428555,579.8571428571429,1763.5714285714287,166.85714285714278,87.0,2579.488888888889,649.0444444444445,136.79999999999973,129.60000000000002,2009.2,350.1333333333333,113.93333333333317,,,,
745,109.0,2001.8387096774193,1058.6451612903227,129.48387096774218,94.0,1467.75,624.1666666666666,100.0,109.0,1476.44,527.44,138.0,89.0,1153.0,1275.5,132.0,121.27999999999997,1726.6,740.96,96.04000000000019,32.0,2243.0,0.0,48.0,107.99999999999989,2127.3076923076924,962.6923076923077,133.1538461538462,123.5,581.0,1763.5,168.0,87.0,2574.311111111111,648.7555555555556,136.5999999999999,131.2,2008.4,352.6,113.19999999999982,,,,
746,109.0,2007.6129032258063,1061.0483870967741,129.66129032258095,94.0,1469.0,623.0,100.0,109.0,1482.48,527.48,138.0,89.0,1156.0,1276.0,132.0,121.63999999999999,1728.8,736.48,96.51999999999998,30.125,2243.0,0.0,44.625,108.0,2132.5,964.0,133.5,121.28571428571445,582.1428571428571,1763.4285714285713,169.14285714285722,87.0,2569.133333333333,648.4666666666667,136.4000000000001,132.8,2007.6,355.06666666666666,112.4666666666667,,,,
747,109.0,2013.3870967741937,1063.4516129032259,129.83870967741905,95.90909090909088,1472.4545454545455,623.6363636363636,100.81818181818176,109.0,1488.52,527.52,138.0,89.0,1159.5714285714287,1276.2857142857142,132.0,122.0,1731.0,732.0,97.0,28.25,2243.0,0.0,41.25,108.00000000000011,2137.6923076923076,965.3076923076923,133.8461538461538,119.07142857142844,583.2857142857143,1763.357142857143,170.28571428571422,87.0,2563.9555555555557,648.1777777777778,136.19999999999982,134.40000000000003,2006.8,357.5333333333333,111.73333333333335,,,,
748,109.0,2019.1612903225807,1065.8548387096773,130.01612903225782,97.81818181818187,1475.909090909091,624.2727272727273,101.63636363636351,109.0,1494.56,527.56,138.0,89.0,1163.142857142857,1276.5714285714287,132.0,122.38095238095241,1734.3333333333333,726.6666666666666,97.52380952380963,26.375,2243.0,0.0,37.875,107.99999999999989,2142.8846153846152,966.6153846153846,134.19230769230762,116.85714285714289,584.4285714285714,1763.2857142857142,171.42857142857144,87.0,2558.777777777778,647.8888888888889,136.0,136.0,2006.0,360.0,111.0,,,,
749,109.0,2024.9354838709678,1068.258064516129,130.1935483870966,99.72727272727275,1479.3636363636363,624.9090909090909,102.4545454545455,109.0,1500.6,527.6,138.0,89.0,1166.7142857142858,1276.857142857143,132.0,122.7619047619047,1737.6666666666667,721.3333333333334,98.04761904761904,24.5,2243.0,0.0,34.5,108.0,2148.076923076923,967.9230769230769,134.5384615384619,114.64285714285711,585.5714285714286,1763.2142857142858,172.57142857142856,87.0,2553.6,647.6,135.80000000000018,135.4444444444444,2007.0,361.6666666666667,111.22222222222217,,,,
750,109.0,2030.7096774193549,1070.6612903225807,130.37096774193537,101.63636363636363,1482.8181818181818,625.5454545454545,103.27272727272725,109.0,1506.64,527.64,138.0,89.0,1170.2857142857142,1277.142857142857,132.0,123.14285714285711,1741.0,716.0,98.57142857142867,22.625,2243.0,0.0,31.125,108.0,2153.269230769231,969.2307692307693,134.88461538461524,112.42857142857156,586.7142857142857,1763.142857142857,173.71428571428578,87.0,2548.4222222222224,647.3111111111111,135.5999999999999,134.8888888888889,2008.0,363.3333333333333,111.44444444444434,,,,
751,109.0,2036.483870967742,1073.0645161290322,130.54838709677415,103.54545454545462,1486.2727272727273,626.1818181818181,104.09090909090901,109.0,1512.68,527.68,138.0,89.0,1173.857142857143,1277.4285714285713,132.0,123.52380952380952,1744.3333333333333,710.6666666666666,99.09523809523807,20.75,2243.0,0.0,27.75,107.99999999999989,2158.4615384615386,970.5384615384615,135.23076923076906,110.21428571428555,587.8571428571429,1763.0714285714287,174.85714285714278,87.0,2543.2444444444445,647.0222222222222,135.4000000000001,134.33333333333331,2009.0,365.0,111.66666666666652,,,,
752,109.0,2042.258064516129,1075.467741935484,130.72580645161293,105.45454545454538,1489.7272727272727,626.8181818181819,104.90909090909099,109.0,1518.72,527.72,138.0,89.0,1177.4285714285713,1277.7142857142858,132.0,123.90476190476181,1747.6666666666667,705.3333333333334,99.61904761904748,18.875,2243.0,0.0,24.375,108.0,2163.653846153846,971.8461538461538,135.57692307692287,108.0,589.0,1763.0,176.0,87.0,2538.0666666666666,646.7333333333333,135.19999999999982,133.77777777777777,2010.0,366.6666666666667,111.88888888888869,,,,
753,109.0,2048.032258064516,1077.8709677419356,130.9032258064517,107.36363636363637,1493.1818181818182,627.4545454545455,105.72727272727275,109.0,1524.76,527.76,138.0,89.0,1181.0,1278.0,132.0,124.28571428571433,1751.0,700.0,100.14285714285711,17.0,2243.0,0.0,21.0,108.0,2168.846153846154,973.1538461538462,135.92307692307713,108.0,590.0625,1763.0,174.9375,87.0,2532.8888888888887,646.4444444444445,135.0,133.22222222222223,2011.0,368.3333333333333,112.11111111111131,,,,
754,109.0,2053.8064516129034,1080.274193548387,131.08064516129025,109.27272727272725,1496.6363636363637,628.0909090909091,106.5454545454545,109.0,1530.8,527.8,138.0,89.0,1186.875,1278.625,132.0,124.66666666666674,1754.3333333333333,694.6666666666666,100.66666666666674,,,,,108.00000000000011,2174.0384615384614,974.4615384615385,136.26923076923094,108.0,591.125,1763.0,173.875,87.0,2527.711111111111,646.1555555555556,134.79999999999973,132.66666666666669,2012.0,370.0,112.33333333333348,,,,
755,109.0,2059.5806451612902,1082.6774193548388,131.25806451612925,111.18181818181813,1500.090909090909,628.7272727272727,107.36363636363649,109.0,1536.84,527.84,138.0,89.0,1192.75,1279.25,132.0,125.04761904761904,1757.6666666666667,689.3333333333334,101.19047619047615,,,,,108.0,2179.230769230769,975.7692307692307,136.61538461538476,108.0,592.1875,1763.0,172.8125,87.0,2522.5333333333333,645.8666666666667,134.5999999999999,132.1111111111111,2013.0,371.6666666666667,112.55555555555566,,,,
756,109.0,2065.3548387096776,1085.0806451612902,131.4354838709678,113.09090909090912,1503.5454545454545,629.3636363636364,108.18181818181824,109.0,1542.88,527.88,138.0,89.0,1198.625,1279.875,132.0,125.42857142857144,1761.0,684.0,101.71428571428578,,,,,108.0,2184.423076923077,977.0769230769231,136.9615384615381,108.0,593.25,1763.0,171.75,87.0,2517.3555555555554,645.5777777777778,134.4000000000001,131.5555555555556,2014.0,373.3333333333333,112.77777777777783,,,,
757,109.0,2071.1290322580644,1087.483870967742,131.6129032258068,115.0,1507.0,630.0,109.0,109.0,1548.92,527.92,138.0,89.0,1204.5,1280.5,132.0,125.80952380952385,1764.3333333333333,678.6666666666666,102.23809523809541,,,,,108.00000000000011,2189.6153846153848,978.3846153846154,137.30769230769238,108.0,594.3125,1763.0,170.6875,87.0,2512.177777777778,645.2888888888889,134.19999999999982,131.0,2015.0,375.0,113.0,,,,
758,109.0,2076.9032258064517,1089.8870967741937,131.7903225806449,115.0,1510.3548387096773,629.0645161290323,109.0,109.0,1554.96,527.96,138.0,89.0,1210.375,1281.125,132.0,126.19047619047615,1767.6666666666667,673.3333333333334,102.76190476190459,,,,,107.99999999999989,2194.8076923076924,979.6923076923077,137.6538461538462,108.0,595.375,1763.0,169.625,87.0,2507.0,645.0,134.0,130.33333333333331,2015.1666666666667,378.5,113.33333333333326,,,,
759,109.0,2082.6774193548385,1092.2903225806451,131.9677419354839,115.0,1513.7096774193549,628.1290322580645,109.0,109.0,1561.0,528.0,138.0,89.0,1216.25,1281.75,132.0,126.57142857142856,1771.0,668.0,103.28571428571422,,,,,108.0,2200.0,981.0,138.0,108.0,596.4375,1763.0,168.5625,87.41379310344837,2502.689655172414,642.8275862068965,133.6206896551721,129.66666666666669,2015.3333333333333,382.0,113.66666666666674,,,,
760,109.0,2088.451612903226,1094.6935483870968,132.14516129032245,115.0,1517.0645161290322,627.1935483870968,109.0,109.0,1566.3529411764705,529.1764705882352,138.0,89.0,1222.125,1282.375,132.0,126.95238095238096,1774.3333333333333,662.6666666666666,103.80952380952385,,,,,108.00000000000011,2205.3,981.6333333333333,138.33333333333303,108.0,597.5,1763.0,167.5,87.82758620689651,2498.3793103448274,640.6551724137931,133.2413793103451,129.0,2015.5,385.5,114.0,,,,
761,109.0,2094.2258064516127,1097.0967741935483,132.32258064516145,115.0,1520.4193548387098,626.258064516129,109.0,109.0,1571.7058823529412,530.3529411764706,138.0,89.0,1228.0,1283.0,132.0,127.33333333333326,1777.6666666666667,657.3333333333334,104.33333333333326,,,,,108.0,2210.6,982.2666666666667,138.66666666666697,108.0,598.5625,1763.0,166.4375,88.24137931034488,2494.0689655172414,638.4827586206897,132.8620689655172,128.33333333333337,2015.6666666666667,389.0,114.33333333333326,,,,
762,109.0,2100.0,1099.5,132.5,115.0,1523.774193548387,625.3225806451613,109.0,109.0,1577.0588235294117,531.5294117647059,138.0,89.0,1232.8444444444444,1284.4444444444443,132.0,127.71428571428567,1781.0,652.0,104.85714285714289,,,,,108.00000000000011,2215.9,982.9,139.0,108.0,599.625,1763.0,165.375,88.65517241379314,2489.7586206896553,636.3103448275862,132.4827586206893,127.66666666666663,2015.8333333333333,392.5,114.66666666666674,,,,
763,109.0,2105.7741935483873,1101.9032258064517,132.67741935483855,115.0,1527.1290322580646,624.3870967741935,109.0,109.0,1582.4117647058824,532.7058823529412,138.0,89.0,1237.6888888888889,1285.888888888889,132.0,128.0952380952382,1784.3333333333333,646.6666666666666,105.38095238095252,,,,,108.0,2221.2,983.5333333333333,139.33333333333348,108.0,600.6875,1763.0,164.3125,89.0689655172414,2485.448275862069,634.1379310344828,132.10344827586232,127.0,2016.0,396.0,115.0,,,,
764,109.0,2111.548387096774,1104.3064516129032,132.85483870967755,115.0,1530.483870967742,623.4516129032259,109.0,109.0,1587.764705882353,533.8823529411765,138.0,89.0,1242.5333333333333,1287.3333333333333,132.0,128.47619047619048,1787.6666666666667,641.3333333333334,105.90476190476193,,,,,108.00000000000011,2226.5,984.1666666666666,139.66666666666652,108.0,601.75,1763.0,163.25,89.48275862068965,2481.137931034483,631.9655172413793,131.72413793103442,127.5,2019.125,399.125,115.25,,,,
765,109.0,2117.3225806451615,1106.7096774193549,133.0322580645161,115.0,1533.8387096774193,622.516129032258,109.0,109.0,1593.1176470588234,535.0588235294117,138.0,89.0,1247.3777777777777,1288.7777777777778,132.0,128.8571428571429,1791.0,636.0,106.42857142857133,,,,,108.0,2231.8,984.8,140.0,108.0,602.8125,1763.0,162.1875,89.89655172413802,2476.8275862068967,629.7931034482758,131.34482758620652,128.0,2022.25,402.25,115.5,,,,
766,109.0,2123.0967741935483,1109.1129032258063,133.2096774193551,115.0,1537.1935483870968,621.5806451612904,109.0,109.0,1598.4705882352941,536.2352941176471,138.0,89.0,1252.2222222222222,1290.2222222222222,132.0,129.2380952380953,1794.3333333333333,630.6666666666666,106.95238095238096,,,,,108.00000000000011,2237.1,985.4333333333333,140.33333333333348,108.0,603.875,1763.0,161.125,90.31034482758616,2472.5172413793102,627.6206896551724,130.96551724137953,128.5,2025.375,405.375,115.75,,,,
767,109.0,2128.8709677419356,1111.516129032258,133.38709677419365,115.0,1540.5483870967741,620.6451612903226,109.0,109.0,1603.8235294117646,537.4117647058823,138.0,89.0,1257.0666666666666,1291.6666666666667,132.0,129.6190476190476,1797.6666666666667,625.3333333333334,107.47619047619037,,,,,107.99999999999989,2242.4,986.0666666666667,140.66666666666652,108.0,604.9375,1763.0,160.0625,90.72413793103453,2468.206896551724,625.448275862069,130.58620689655163,129.0,2028.5,408.5,116.0,,,,
768,109.0,2134.6451612903224,1113.9193548387098,133.5645161290322,115.0,1543.9032258064517,619.7096774193549,109.0,109.0,1609.1764705882354,538.5882352941177,138.0,89.0,1261.911111111111,1293.111111111111,132.0,130.0,1801.0,620.0,108.0,,,,,108.0,2247.7,986.7,141.0,108.0,606.0,1763.0,159.0,91.13793103448279,2463.896551724138,623.2758620689655,130.20689655172373,129.5,2031.625,411.625,116.25,,,,
769,109.0,2140.4193548387098,1116.3225806451612,133.74193548387075,115.0,1547.258064516129,618.7741935483871,109.0,109.0,1614.5294117647059,539.7647058823529,138.0,89.0,1266.7555555555555,1294.5555555555557,132.0,133.1111111111112,1803.111111111111,614.2222222222222,108.0,,,,,107.99999999999989,2253.0,987.3333333333334,141.33333333333348,108.75,604.6666666666666,1763.4166666666667,160.08333333333337,91.55172413793105,2459.5862068965516,621.1034482758621,129.82758620689674,130.0,2034.75,414.75,116.5,,,,
770,109.0,2146.1935483870966,1118.725806451613,133.91935483870975,115.0,1550.6129032258063,617.8387096774194,109.0,109.0,1619.8823529411766,540.9411764705883,138.0,89.0,1271.6,1296.0,132.0,136.22222222222217,1805.2222222222222,608.4444444444445,108.0,,,,,108.0,2258.3,987.9666666666667,141.66666666666652,109.5,603.3333333333334,1763.8333333333333,161.16666666666663,91.9655172413793,2455.2758620689656,618.9310344827586,129.44827586206884,130.5,2037.875,417.875,116.75,,,,
771,109.0,2151.967741935484,1121.1290322580644,134.0967741935483,115.0,1553.967741935484,616.9032258064516,109.0,109.0,1625.235294117647,542.1176470588235,138.0,89.0,1276.4444444444443,1297.4444444444443,132.0,139.33333333333337,1807.3333333333333,602.6666666666666,108.0,,,,,107.99999999999989,2263.6,988.6,142.0,110.25,602.0,1764.25,162.25,92.37931034482767,2450.9655172413795,616.7586206896551,129.06896551724094,131.0,2041.0,421.0,117.0,,,,
772,109.0,2157.7419354838707,1123.532258064516,134.2741935483873,115.0,1557.3225806451612,615.9677419354839,109.0,109.0,1630.5882352941176,543.2941176470588,138.0,89.0,1281.2888888888888,1298.888888888889,132.0,142.44444444444446,1809.4444444444443,596.8888888888889,108.0,,,,,108.0,2268.9,989.2333333333333,142.33333333333303,111.0,600.6666666666666,1764.6666666666667,163.33333333333337,92.79310344827582,2446.655172413793,614.5862068965517,128.68965517241395,130.0,2042.2857142857142,421.42857142857144,117.28571428571422,,,,
773,109.0,2163.516129032258,1125.9354838709678,134.45161290322585,115.0,1560.6774193548388,615.0322580645161,109.0,109.0,1635.9411764705883,544.4705882352941,138.0,89.0,1286.1333333333334,1300.3333333333333,132.0,145.55555555555554,1811.5555555555557,591.1111111111111,108.0,,,,,107.99999999999989,2274.2,989.8666666666667,142.66666666666697,111.75,599.3333333333334,1765.0833333333333,164.41666666666663,93.20689655172418,2442.344827586207,612.4137931034483,128.31034482758605,129.00000000000006,2043.5714285714287,421.85714285714283,117.57142857142867,,,,
774,109.0,2169.2903225806454,1128.3387096774193,134.6290322580644,115.0,1564.032258064516,614.0967741935484,109.0,109.0,1641.2941176470588,545.6470588235294,138.0,89.0,1290.9777777777779,1301.7777777777778,132.0,148.66666666666663,1813.6666666666667,585.3333333333334,108.0,,,,,108.0,2279.5,990.5,143.0,112.5,598.0,1765.5,165.5,93.62068965517233,2438.0344827586205,610.2413793103449,127.93103448275906,128.00000000000006,2044.857142857143,422.2857142857143,117.85714285714289,,,,
775,109.0,2175.064516129032,1130.741935483871,134.8064516129034,115.0,1567.3870967741937,613.1612903225806,109.0,109.0,1646.6470588235295,546.8235294117648,138.0,89.0,1295.8222222222223,1303.2222222222222,132.0,151.77777777777783,1815.7777777777778,579.5555555555555,108.0,,,,,108.00000000000011,2284.8,991.1333333333333,143.33333333333303,113.25,596.6666666666666,1765.9166666666667,166.58333333333337,94.0344827586207,2433.7241379310344,608.0689655172414,127.55172413793116,126.99999999999994,2046.142857142857,422.7142857142857,118.14285714285711,,,,
776,109.0,2180.8387096774195,1133.1451612903227,134.98387096774195,115.0,1570.741935483871,612.2258064516129,109.0,109.0,1652.0,548.0,138.0,89.0,1300.6666666666667,1304.6666666666667,132.0,154.8888888888888,1817.888888888889,573.7777777777778,108.0,,,,,108.0,2290.1,991.7666666666667,143.66666666666697,114.0,595.3333333333334,1766.3333333333333,167.66666666666663,94.44827586206895,2429.4137931034484,605.8965517241379,127.17241379310326,125.99999999999994,2047.4285714285713,423.14285714285717,118.42857142857133,,,,
777,109.0,2186.6129032258063,1135.5483870967741,135.16129032258095,115.0,1574.0967741935483,611.2903225806451,109.0,109.0,1657.3529411764705,549.1764705882352,138.0,89.0,1305.5111111111112,1306.111111111111,132.0,158.0,1820.0,568.0,108.0,,,,,108.00000000000011,2295.4,992.4,144.0,114.75,594.0,1766.75,168.75,94.86206896551721,2425.103448275862,603.7241379310345,126.79310344827627,125.0,2048.714285714286,423.57142857142856,118.71428571428578,,,,
778,109.0,2192.3870967741937,1137.9516129032259,135.33870967741905,115.0,1577.4516129032259,610.3548387096774,109.0,109.0,1662.7058823529412,550.3529411764706,138.0,89.0,1310.3555555555556,1307.5555555555557,132.0,158.0,1822.7333333333333,563.2666666666667,108.0,,,,,108.0,2300.7,993.0333333333333,144.33333333333348,115.5,592.6666666666666,1767.1666666666667,169.83333333333337,95.27586206896547,2420.793103448276,601.551724137931,126.41379310344837,124.0,2050.0,424.0,119.0,,,,
779,109.0,2198.1612903225805,1140.3548387096773,135.51612903225805,115.0,1580.8064516129032,609.4193548387096,109.0,109.0,1668.0588235294117,551.5294117647059,138.0,89.0,1315.2,1309.0,132.0,158.0,1825.4666666666667,558.5333333333333,108.0,,,,,108.00000000000011,2306.0,993.6666666666666,144.66666666666652,116.25,591.3333333333334,1767.5833333333333,170.91666666666663,95.68965517241384,2416.4827586206898,599.3793103448276,126.03448275862047,123.20000000000005,2053.9,426.0,119.29999999999973,,,,
780,109.0,2203.935483870968,1142.758064516129,135.6935483870966,115.0,1584.1612903225807,608.483870967742,109.0,109.0,1673.4117647058824,552.7058823529412,138.0,89.0,1320.0444444444445,1310.4444444444443,132.0,158.0,1828.2,553.8,108.0,,,,,108.0,2311.3,994.3,145.0,117.0,590.0,1768.0,172.0,96.10344827586198,2412.1724137931033,597.2068965517242,125.65517241379348,122.39999999999998,2057.8,428.0,119.59999999999991,,,,
781,109.0,2209.7096774193546,1145.1612903225807,135.8709677419356,115.0,1587.516129032258,607.5483870967741,109.0,109.0,1678.764705882353,553.8823529411765,138.0,89.0,1324.888888888889,1311.888888888889,132.0,158.0,1830.9333333333334,549.0666666666667,108.0,,,,,108.00000000000011,2316.6,994.9333333333333,145.33333333333348,117.0,590.1290322580645,1767.3548387096773,172.0,96.51724137931035,2407.862068965517,595.0344827586207,125.27586206896558,121.60000000000002,2061.7,430.0,119.90000000000009,,,,
782,109.0,2215.483870967742,1147.5645161290322,136.04838709677415,115.0,1590.8709677419354,606.6129032258065,109.0,109.0,1684.1176470588234,555.0588235294117,138.0,89.0,1329.7333333333333,1313.3333333333333,132.0,158.0,1833.6666666666667,544.3333333333334,108.0,,,,,107.99999999999989,2321.9,995.5666666666667,145.66666666666652,117.0,590.258064516129,1766.7096774193549,172.0,96.9310344827586,2403.551724137931,592.8620689655172,124.89655172413768,120.79999999999995,2065.6,432.0,120.20000000000027,,,,
783,109.0,2221.258064516129,1149.967741935484,136.22580645161315,115.0,1594.225806451613,605.6774193548387,109.0,109.0,1689.4705882352941,556.2352941176471,138.0,89.0,1334.5777777777778,1314.7777777777778,132.0,158.0,1836.4,539.6,108.0,,,,,108.0,2327.2,996.2,146.0,117.0,590.3870967741935,1766.0645161290322,172.0,97.34482758620686,2399.2413793103447,590.6896551724138,124.51724137931069,120.0,2069.5,434.0,120.5,,,,
784,109.0,2227.032258064516,1152.3709677419356,136.4032258064517,115.0,1597.5806451612902,604.741935483871,109.0,109.0,1694.8235294117646,557.4117647058823,138.0,89.0,1339.4222222222222,1316.2222222222222,132.0,158.0,1839.1333333333334,534.8666666666667,108.0,,,,,107.99999999999989,2332.5,996.8333333333334,146.33333333333348,117.0,590.516129032258,1765.4193548387098,172.0,97.75862068965512,2394.9310344827586,588.5172413793103,124.13793103448279,119.20000000000005,2073.4,436.0,120.79999999999973,,,,
785,109.0,2232.8064516129034,1154.774193548387,136.58064516129025,115.0,1600.9354838709678,603.8064516129032,109.0,109.0,1700.1764705882354,558.5882352941177,138.0,89.0,1344.2666666666667,1317.6666666666667,132.0,158.0,1841.8666666666666,530.1333333333333,108.0,,,,,108.0,2337.8,997.4666666666667,146.66666666666652,117.0,590.6451612903226,1764.774193548387,172.0,98.17241379310349,2390.6206896551726,586.3448275862069,123.75862068965489,118.39999999999998,2077.3,438.0,121.09999999999991,,,,
786,109.0,2238.5806451612902,1157.1774193548388,136.75806451612925,115.0,1604.2903225806451,602.8709677419355,109.0,109.0,1705.5294117647059,559.7647058823529,138.0,89.0,1349.111111111111,1319.111111111111,132.0,158.0,1844.6,525.4,108.0,,,,,107.99999999999989,2343.1,998.1,147.0,117.0,590.7741935483871,1764.1290322580646,172.0,98.58620689655163,2386.310344827586,584.1724137931035,123.3793103448279,117.60000000000002,2081.2,440.0,121.40000000000009,,,,
787,109.0,2244.3548387096776,1159.5806451612902,136.93548387096735,115.0,1607.6451612903227,601.9354838709677,109.0,109.0,1710.8823529411766,560.9411764705883,138.0,89.0,1353.9555555555555,1320.5555555555557,132.0,158.0,1847.3333333333333,520.6666666666666,108.0,,,,,108.0,2348.4,998.7333333333333,147.33333333333348,117.0,590.9032258064516,1763.483870967742,172.0,99.0,2382.0,582.0,123.0,116.79999999999995,2085.1,442.0,121.70000000000027,,,,
788,109.0,2250.1290322580644,1161.983870967742,137.1129032258068,115.0,1611.0,601.0,109.0,109.0,1716.235294117647,562.1176470588235,138.0,89.0,1358.8,1322.0,132.0,158.0,1850.0666666666666,515.9333333333334,108.0,,,,,107.99999999999989,2353.7,999.3666666666667,147.66666666666697,117.0,591.0322580645161,1762.8387096774193,172.0,100.57894736842104,2379.7894736842104,578.3684210526316,122.78947368421086,116.0,2089.0,444.0,122.0,,,,
789,109.0,2255.9032258064517,1164.3870967741937,137.2903225806449,115.0,1612.44,599.8,109.75999999999999,109.0,1721.5882352941176,563.2941176470588,138.0,89.0,1363.6444444444444,1323.4444444444443,132.0,158.00000000000006,1852.8,511.2,108.0,,,,,108.0,2359.0,1000.0,148.0,117.0,591.1612903225806,1762.1935483870968,172.0,102.1578947368422,2377.5789473684213,574.7368421052631,122.57894736842081,112.0,2090.0,449.0,122.0,,,,
790,109.0,2261.6774193548385,1166.7903225806451,137.4677419354839,115.0,1613.88,598.6,110.51999999999998,109.0,1726.9411764705883,564.4705882352941,138.0,89.0,1368.4888888888888,1324.888888888889,132.0,158.00000000000006,1855.5333333333333,506.46666666666664,108.0,,,,,108.0,2364.2285714285713,1000.0,148.34285714285716,117.0,591.2903225806451,1761.5483870967741,172.0,103.73684210526324,2375.3684210526317,571.1052631578947,122.36842105263167,112.00000000000006,2094.4545454545455,451.09090909090907,122.0,,,,
791,109.0,2267.451612903226,1169.1935483870968,137.64516129032245,115.0,1615.32,597.4,111.27999999999997,109.0,1732.2941176470588,565.6470588235294,138.0,89.0,1373.3333333333333,1326.3333333333333,132.0,158.0,1858.2666666666667,501.73333333333335,108.0,,,,,108.0,2369.457142857143,1000.0,148.6857142857143,117.0,591.4193548387096,1760.9032258064517,172.0,105.31578947368416,2373.157894736842,567.4736842105264,122.15789473684208,111.99999999999994,2098.909090909091,453.1818181818182,122.0,,,,
792,109.0,2273.2258064516127,1171.5967741935483,137.82258064516145,115.0,1616.76,596.2,112.03999999999996,109.0,1737.6470588235295,566.8235294117648,138.0,89.0,1378.1777777777777,1327.7777777777778,132.0,158.0,1861.0,497.0,108.0,,,,,108.0,2374.6857142857143,1000.0,149.02857142857147,117.0,591.5483870967741,1760.258064516129,172.0,106.8947368421052,2370.9473684210525,563.8421052631579,121.94736842105294,112.0,2103.3636363636365,455.27272727272725,122.0,,,,
793,109.0,2279.0,1174.0,138.0,115.0,1618.2,595.0,112.79999999999995,109.0,1743.0,568.0,138.0,89.0,1383.0222222222224,1329.2222222222222,132.0,157.2,1864.8,492.6666666666667,108.0,,,,,108.0,2379.9142857142856,1000.0,149.37142857142862,117.0,591.6774193548387,1759.6129032258063,172.0,108.47368421052636,2368.7368421052633,560.2105263157895,121.7368421052629,112.0,2107.818181818182,457.3636363636364,122.0,,,,
794,109.0,2285.28125,1175.84375,138.5,115.0,1619.64,593.8,113.55999999999995,108.54166666666663,1749.5,569.4583333333334,137.5,89.0,1387.8666666666666,1330.6666666666667,132.0,156.40000000000003,1868.6,488.3333333333333,108.0,,,,,108.0,2385.1428571428573,1000.0,149.71428571428532,117.0,591.8064516129032,1758.967741935484,172.0,110.0526315789474,2366.5263157894738,556.578947368421,121.52631578947376,112.00000000000006,2112.2727272727275,459.45454545454544,122.0,,,,
795,109.0,2291.5625,1177.6875,139.0,115.0,1621.08,592.6,114.32000000000016,108.08333333333337,1756.0,570.9166666666666,137.0,89.0,1392.7111111111112,1332.111111111111,132.0,155.60000000000002,1872.4,484.0,108.0,,,,,108.0,2390.3714285714286,1000.0,150.05714285714294,117.0,591.9354838709677,1758.3225806451612,172.0,111.63157894736844,2364.315789473684,552.9473684210526,121.31578947368416,111.99999999999994,2116.7272727272725,461.54545454545456,122.0,,,,
796,109.0,2297.84375,1179.53125,139.5,115.0,1622.52,591.4,115.07999999999993,107.625,1762.5,572.375,136.5,89.0,1397.5555555555557,1333.5555555555557,132.0,154.8,1876.2,479.6666666666667,108.0,,,,,108.0,2395.6,1000.0,150.4000000000001,117.0,592.0645161290323,1757.6774193548388,172.0,113.21052631578948,2362.1052631578946,549.3157894736842,121.10526315789502,112.0,2121.181818181818,463.6363636363636,122.0,,,,
797,109.0,2304.125,1181.375,140.0,115.0,1623.96,590.2,115.83999999999992,107.16666666666663,1769.0,573.8333333333334,136.0,89.0,1402.4,1335.0,132.0,154.00000000000006,1880.0,475.3333333333333,108.0,,,,,108.0,2400.8285714285716,1000.0,150.7428571428568,117.0,592.1935483870968,1757.032258064516,172.0,114.78947368421052,2359.8947368421054,545.6842105263158,120.89473684210498,112.0,2125.6363636363635,465.72727272727275,122.0,,,,
798,109.0,2310.40625,1183.21875,140.5,115.0,1625.4,589.0,116.59999999999991,106.70833333333337,1775.5,575.2916666666666,135.5,89.0,1407.2444444444445,1336.4444444444443,132.0,153.20000000000005,1883.8,471.0,108.0,,,,,108.0,2406.057142857143,1000.0,151.0857142857144,117.0,592.3225806451613,1756.3870967741937,172.0,116.36842105263156,2357.684210526316,542.0526315789474,120.68421052631584,112.00000000000006,2130.090909090909,467.8181818181818,122.0,,,,
799,109.0,2316.6875,1185.0625,141.0,115.0,1626.84,587.8,117.36000000000013,106.25,1782.0,576.75,135.0,89.0,1412.088888888889,1337.888888888889,132.0,152.39999999999992,1887.6,466.6666666666667,108.0,,,,,108.0,2411.285714285714,1000.0,151.42857142857156,117.0,592.4516129032259,1755.741935483871,172.0,117.9473684210526,2355.4736842105262,538.421052631579,120.47368421052624,111.99999999999994,2134.5454545454545,469.90909090909093,122.0,,,,
800,109.0,2322.96875,1186.90625,141.5,115.0,1628.28,586.6,118.12000000000012,105.79166666666663,1788.5,578.2083333333334,134.5,89.0,1416.9333333333334,1339.3333333333333,132.0,151.60000000000008,1891.4,462.3333333333333,108.0,,,,,108.0,2416.5142857142855,1000.0,151.77142857142871,117.0,592.5806451612904,1755.0967741935483,172.0,119.52631578947364,2353.2631578947367,534.7894736842105,120.2631578947371,112.0,2139.0,472.0,122.0,,,,
801,109.0,2329.25,1188.75,142.0,115.0,1629.72,585.4,118.87999999999988,105.33333333333337,1795.0,579.6666666666666,134.0,89.0,1421.7777777777778,1340.7777777777778,132.0,150.79999999999995,1895.2,458.0,108.0,,,,,108.0,2421.7428571428572,1000.0,152.11428571428542,117.0,592.7096774193549,1754.4516129032259,172.0,121.1052631578948,2351.0526315789475,531.1578947368421,120.05263157894706,114.25,2143.0,474.625,119.625,,,,
802,109.0,2335.53125,1190.59375,142.5,115.0,1631.16,584.2,119.63999999999987,104.875,1801.5,581.125,133.5,89.0,1426.6222222222223,1342.2222222222222,132.0,149.99999999999994,1899.0,453.6666666666667,108.0,,,,,108.0,2426.9714285714285,1000.0,152.45714285714303,117.0,592.8387096774194,1753.8064516129032,172.0,122.68421052631584,2348.842105263158,527.5263157894736,119.84210526315792,116.5,2147.0,477.25,117.25,,,,
803,109.0,2341.8125,1192.4375,143.0,115.0,1632.6,583.0,120.40000000000009,104.41666666666663,1808.0,582.5833333333334,133.0,89.0,1431.4666666666667,1343.6666666666667,132.0,149.2,1902.8,449.3333333333333,108.0,,,,,108.0,2432.2,1000.0,152.80000000000018,117.0,592.9677419354839,1753.1612903225807,172.0,124.26315789473676,2346.6315789473683,523.8947368421053,119.63157894736833,118.75,2151.0,479.875,114.875,,,,
804,109.0,2348.09375,1194.28125,143.5,115.0,1634.04,581.8,121.16000000000008,103.95833333333337,1814.5,584.0416666666666,132.5,89.0,1436.3111111111111,1345.111111111111,132.0,148.39999999999998,1906.6,445.0,108.0,,,,,108.0,2437.4285714285716,1000.0,153.14285714285688,117.0,593.0967741935484,1752.516129032258,172.0,125.84210526315792,2344.4210526315787,520.2631578947369,119.42105263157919,121.0,2155.0,482.5,112.5,,,,
805,109.0,2354.375,1196.125,144.0,115.0,1635.48,580.6,121.92000000000007,103.5,1821.0,585.5,132.0,89.0,1441.1555555555556,1346.5555555555557,132.0,147.59999999999997,1910.4,440.6666666666667,108.0,,,,,108.0,2442.657142857143,1000.0,153.4857142857145,117.0,593.2258064516129,1751.8709677419354,172.0,127.42105263157896,2342.2105263157896,516.6315789473684,119.21052631578914,123.25,2159.0,485.125,110.125,,,,
806,109.0,2360.65625,1197.96875,144.5,115.0,1636.92,579.4,122.67999999999984,103.04166666666663,1827.5,586.9583333333334,131.5,89.0,1446.0,1348.0,132.0,146.8,1914.2,436.3333333333333,108.0,,,,,108.0,2447.885714285714,1000.0,153.82857142857165,117.0,593.3548387096774,1751.225806451613,172.0,129.0,2340.0,513.0,119.0,125.5,2163.0,487.75,107.75,,,,
807,109.0,2366.9375,1199.8125,145.0,115.0,1638.36,578.2,123.44000000000005,102.58333333333337,1834.0,588.4166666666666,131.0,89.0,1451.6896551724137,1350.1724137931035,131.62068965517255,146.0,1918.0,432.0,108.0,,,,,108.0,2453.114285714286,1000.0,154.17142857142835,117.0,593.483870967742,1750.5806451612902,172.0,128.9230769230769,2338.6153846153848,509.38461538461536,118.84615384615381,127.75,2167.0,490.375,105.375,,,,
808,109.0,2373.21875,1201.65625,145.5,115.0,1639.8,577.0,124.20000000000005,102.125,1840.5,589.875,130.5,89.0,1457.3793103448277,1352.344827586207,131.24137931034466,145.33333333333331,1918.6666666666667,426.6666666666667,108.0,,,,,108.0,2458.342857142857,1000.0,154.5142857142855,117.0,593.6129032258065,1749.9354838709678,172.0,128.84615384615387,2337.230769230769,505.7692307692308,118.69230769230808,130.0,2171.0,493.0,103.0,,,,
809,109.0,2379.5,1203.5,146.0,115.0,1641.24,575.8,124.96000000000004,101.66666666666663,1847.0,591.3333333333334,130.0,89.0,1463.0689655172414,1354.5172413793102,130.8620689655172,144.66666666666669,1919.3333333333333,421.3333333333333,108.0,,,,,108.0,2463.5714285714284,1000.0,154.85714285714312,117.0,593.741935483871,1749.2903225806451,172.0,128.76923076923077,2335.846153846154,502.15384615384613,118.53846153846143,129.81818181818187,2175.0,494.27272727272725,103.27272727272748,,,,
810,109.0,2385.78125,1205.34375,146.5,115.0,1642.68,574.6,125.72000000000003,101.20833333333337,1853.5,592.7916666666666,129.5,89.0,1468.7586206896551,1356.6896551724137,130.48275862068976,144.0,1920.0,416.0,108.0,,,,,108.0,2468.8,1000.0,155.19999999999982,117.0,593.8709677419355,1748.6451612903227,172.0,128.69230769230774,2334.4615384615386,498.53846153846155,118.38461538461524,129.63636363636357,2179.0,495.54545454545456,103.5454545454545,,,,
811,109.0,2392.0625,1207.1875,147.0,115.0,1644.12,573.4,126.48000000000002,100.75,1860.0,594.25,129.0,89.0,1474.448275862069,1358.8620689655172,130.10344827586187,143.33333333333331,1920.6666666666667,410.6666666666667,108.0,,,,,108.0,2474.0285714285715,1000.0,155.54285714285697,117.0,594.0,1748.0,172.0,128.61538461538464,2333.076923076923,494.9230769230769,118.23076923076951,129.45454545454544,2183.0,496.8181818181818,103.81818181818198,,,,
812,109.0,2398.34375,1209.03125,147.5,115.0,1645.56,572.2,127.24000000000001,100.29166666666663,1866.5,595.7083333333334,128.5,89.0,1480.1379310344828,1361.0344827586207,129.72413793103442,142.66666666666669,1921.3333333333333,405.3333333333333,108.0,,,,,108.0,2479.2571428571428,1000.0,155.88571428571458,116.55555555555566,595.3888888888889,1747.111111111111,171.22222222222217,128.5384615384615,2331.6923076923076,491.3076923076923,118.07692307692332,129.2727272727273,2187.0,498.09090909090907,104.09090909090901,,,,
813,109.0,2404.625,1210.875,148.0,115.0,1647.0,571.0,128.0,99.83333333333337,1873.0,597.1666666666666,128.0,89.0,1485.8275862068965,1363.2068965517242,129.34482758620697,142.0,1922.0,400.0,108.0,,,,,108.0,2484.4857142857145,1000.0,156.22857142857129,116.11111111111109,596.7777777777778,1746.2222222222222,170.44444444444434,128.4615384615385,2330.3076923076924,487.6923076923077,117.92307692307668,129.09090909090912,2191.0,499.3636363636364,104.36363636363649,,,,
814,109.0,2410.90625,1212.71875,148.5,115.0,1651.5454545454545,567.5454545454545,127.63636363636374,99.375,1879.5,598.625,127.5,89.0,1491.5172413793102,1365.3793103448277,128.96551724137953,141.99999999999994,1923.904761904762,396.1904761904762,107.71428571428578,,,,,108.0,2489.714285714286,1000.0,156.57142857142844,115.66666666666674,598.1666666666666,1745.3333333333333,169.66666666666674,128.38461538461536,2328.923076923077,484.0769230769231,117.76923076923049,128.90909090909088,2195.0,500.6363636363636,104.63636363636351,,,,
815,109.0,2417.1875,1214.5625,149.0,115.0,1656.090909090909,564.0909090909091,127.27272727272725,98.91666666666663,1886.0,600.0833333333334,127.0,89.0,1497.2068965517242,1367.551724137931,128.58620689655163,142.0,1925.8095238095239,392.3809523809524,107.42857142857133,,,,,108.0,2494.942857142857,1000.0,156.9142857142856,115.2222222222224,599.5555555555555,1744.4444444444443,168.8888888888889,128.30769230769226,2327.5384615384614,480.46153846153845,117.61538461538476,128.7272727272727,2199.0,501.90909090909093,104.90909090909099,,,,
816,109.0,2423.46875,1216.40625,149.5,115.0,1660.6363636363637,560.6363636363636,126.90909090909076,98.45833333333337,1892.5,601.5416666666666,126.5,89.0,1502.896551724138,1369.7241379310344,128.20689655172418,142.0,1927.7142857142858,388.57142857142856,107.14285714285711,,,,,108.0,2500.171428571429,1000.0,157.25714285714275,114.7777777777776,600.9444444444445,1743.5555555555557,168.1111111111111,128.23076923076923,2326.153846153846,476.84615384615387,117.46153846153857,128.54545454545456,2203.0,503.1818181818182,105.18181818181802,,,,
817,109.0,2429.75,1218.25,150.0,115.0,1665.1818181818182,557.1818181818181,126.5454545454545,98.0,1899.0,603.0,126.0,89.0,1508.5862068965516,1371.896551724138,127.82758620689674,142.00000000000006,1929.6190476190477,384.76190476190476,106.85714285714266,,,,,108.0,2505.4,1000.0,157.5999999999999,114.33333333333326,602.3333333333334,1742.6666666666667,167.33333333333326,128.15384615384613,2324.769230769231,473.2307692307692,117.30769230769192,128.36363636363643,2207.0,504.45454545454544,105.4545454545455,,,,
818,109.0,2436.03125,1220.09375,150.5,115.0,1669.7272727272727,553.7272727272727,126.18181818181824,98.0,1906.8333333333333,603.8333333333334,125.75,89.0,1514.2758620689656,1374.0689655172414,127.44827586206884,142.0,1931.5238095238096,380.95238095238096,106.57142857142844,,,,,108.0,2510.6285714285714,1000.0,157.94285714285706,113.88888888888891,603.7222222222222,1741.7777777777778,166.55555555555566,128.0769230769231,2323.3846153846152,469.61538461538464,117.15384615384619,128.18181818181813,2211.0,505.72727272727275,105.72727272727252,,,,
819,109.0,2442.3125,1221.9375,151.0,115.0,1674.2727272727273,550.2727272727273,125.81818181818176,98.0,1914.6666666666667,604.6666666666666,125.5,89.0,1519.9655172413793,1376.2413793103449,127.0689655172414,141.99999999999994,1933.4285714285713,377.14285714285717,106.28571428571445,,,,,108.0,2515.8571428571427,1000.0,158.28571428571468,113.44444444444434,605.1111111111111,1740.888888888889,165.77777777777783,128.0,2322.0,466.0,117.0,128.0,2215.0,507.0,106.0,,,,
820,109.0,2448.59375,1223.78125,151.5,115.0,1678.8181818181818,546.8181818181819,125.4545454545455,98.0,1922.5,605.5,125.25,89.0,1525.655172413793,1378.4137931034484,126.68965517241395,142.00000000000006,1935.3333333333333,373.3333333333333,106.0,,,,,108.0,2521.0857142857144,1000.0,158.62857142857138,113.0,606.5,1740.0,165.0,127.89999999999998,2322.1,462.4,116.90000000000009,126.57142857142861,2217.5714285714284,509.7142857142857,107.71428571428578,,,,
821,109.0,2454.875,1225.625,152.0,115.0,1683.3636363636363,543.3636363636364,125.09090909090924,98.0,1930.3333333333333,606.3333333333334,125.00000000000023,89.0,1531.344827586207,1380.5862068965516,126.31034482758605,142.0,1937.2380952380952,369.5238095238095,105.71428571428578,,,,,108.0,2526.3142857142857,1000.0,158.97142857142853,112.55555555555566,607.8888888888889,1739.111111111111,164.22222222222217,127.80000000000001,2322.2,458.8,116.80000000000018,125.14285714285711,2220.1428571428573,512.4285714285714,109.4285714285711,,,,
822,109.0,2461.15625,1227.46875,152.5,115.0,1687.909090909091,539.9090909090909,124.72727272727275,98.0,1938.1666666666667,607.1666666666666,124.74999999999977,89.0,1537.0344827586207,1382.7586206896551,125.9310344827586,142.0,1939.142857142857,365.7142857142857,105.42857142857156,,,,,108.0,2531.542857142857,1000.0,159.3142857142857,112.11111111111109,609.2777777777778,1738.2222222222222,163.44444444444434,127.69999999999999,2322.3,455.2,116.69999999999982,123.71428571428578,2222.714285714286,515.1428571428571,111.14285714285688,,,,
823,109.0,2467.4375,1229.3125,153.0,115.0,1692.4545454545455,536.4545454545455,124.36363636363626,98.0,1946.0,608.0,124.5,89.0,1542.7241379310344,1384.9310344827586,125.55172413793116,142.0,1941.047619047619,361.9047619047619,105.14285714285711,,,,,108.0,2536.7714285714287,1000.0,159.65714285714284,111.66666666666674,610.6666666666666,1737.3333333333333,162.66666666666674,127.60000000000002,2322.4,451.6,116.59999999999991,122.28571428571422,2225.285714285714,517.8571428571429,112.85714285714312,,,,
824,109.0,2473.71875,1231.15625,153.5,115.0,1697.0,533.0,124.0,98.0,1953.8333333333333,608.8333333333334,124.25000000000023,89.0,1548.4137931034484,1387.103448275862,125.17241379310326,142.0,1942.952380952381,358.0952380952381,104.85714285714289,,,,,108.0,2542.0,1000.0,160.0,111.2222222222224,612.0555555555555,1736.4444444444443,161.8888888888889,127.5,2322.5,448.0,116.5,120.85714285714289,2227.8571428571427,520.5714285714286,114.5714285714289,,,,
825,109.0,2480.0,1233.0,154.0,115.0,1700.3589743589744,531.1538461538462,123.61538461538453,98.0,1961.6666666666667,609.6666666666666,123.99999999999977,89.0,1554.103448275862,1389.2758620689656,124.79310344827582,142.0,1944.857142857143,354.2857142857143,104.57142857142867,,,,,108.0,2547.7894736842104,1000.6842105263158,159.84210526315792,110.7777777777776,613.4444444444445,1735.5555555555557,161.1111111111111,127.39999999999998,2322.6,444.4,116.40000000000009,119.42857142857133,2230.4285714285716,523.2857142857143,116.28571428571422,,,,
826,108.7894736842104,2486.0877192982457,1233.982456140351,154.33333333333303,115.0,1703.7179487179487,529.3076923076923,123.23076923076928,98.0,1969.5,610.5,123.75,89.0,1559.7931034482758,1391.448275862069,124.41379310344837,142.0,1946.7619047619048,350.4761904761905,104.28571428571445,,,,,108.00000000000011,2553.5789473684213,1001.3684210526316,159.68421052631538,110.33333333333326,614.8333333333334,1734.6666666666667,160.33333333333326,127.30000000000001,2322.7,440.8,116.30000000000018,118.0,2233.0,526.0,118.0,,,,
827,108.57894736842104,2492.1754385964914,1234.9649122807018,154.66666666666652,115.0,1707.076923076923,527.4615384615385,122.84615384615381,98.0,1977.3333333333333,611.3333333333334,123.50000000000023,89.0,1565.4827586206898,1393.6206896551723,124.03448275862047,142.0,1948.6666666666667,346.6666666666667,103.99999999999977,,,,,107.99999999999989,2559.3684210526317,1002.0526315789474,159.52631578947376,109.88888888888891,616.2222222222222,1733.7777777777778,159.55555555555566,127.19999999999999,2322.8,437.2,116.19999999999982,118.83333333333337,2237.4166666666665,529.6666666666666,118.0,,,,
828,108.36842105263145,2498.2631578947367,1235.9473684210527,155.0,115.0,1710.4358974358975,525.6153846153846,122.46153846153834,98.0,1985.1666666666667,612.1666666666666,123.24999999999977,89.0,1571.1724137931035,1395.7931034482758,123.65517241379303,142.0,1950.5714285714287,342.85714285714283,103.71428571428555,,,,,108.0,2565.157894736842,1002.7368421052631,159.36842105263167,109.44444444444434,617.6111111111111,1732.888888888889,158.77777777777783,127.10000000000002,2322.9,433.6,116.09999999999991,119.66666666666663,2241.8333333333335,533.3333333333334,118.0,,,,
829,108.15789473684208,2504.3508771929824,1236.9298245614036,155.33333333333348,115.0,1713.7948717948718,523.7692307692307,122.0769230769231,98.0,1993.0,613.0,123.0,89.0,1576.8620689655172,1397.9655172413793,123.27586206896558,142.0,1952.4761904761904,339.04761904761904,103.42857142857156,,,,,108.0,2570.9473684210525,1003.421052631579,159.2105263157896,109.0,619.0,1732.0,158.0,127.0,2323.0,430.0,116.0,120.5,2246.25,537.0,118.0,,,,
830,107.94736842105272,2510.438596491228,1237.9122807017543,155.66666666666652,115.0,1717.1538461538462,521.9230769230769,121.69230769230762,100.20000000000005,1997.0,610.4,126.0,89.0,1582.5517241379312,1400.1379310344828,122.89655172413791,142.0,1954.3809523809523,335.23809523809524,103.14285714285734,,,,,108.00000000000011,2576.7368421052633,1004.1052631578947,159.05263157894706,105.33333333333348,622.6666666666666,1732.3333333333333,152.66666666666674,126.0,2324.25,429.125,119.625,121.33333333333337,2250.6666666666665,540.6666666666666,118.0,,,,
831,107.73684210526312,2516.5263157894738,1238.8947368421052,156.0,115.0,1720.5128205128206,520.0769230769231,121.30769230769238,102.40000000000009,2001.0,607.8,129.0,89.0,1588.2413793103449,1402.3103448275863,122.51724137931024,142.0,1956.2857142857142,331.42857142857144,102.85714285714312,,,,,108.00000000000011,2582.5263157894738,1004.7894736842105,158.89473684210498,101.66666666666652,626.3333333333334,1732.6666666666667,147.33333333333326,125.0,2325.5,428.25,123.25,122.16666666666663,2255.0833333333335,544.3333333333334,118.0,,,,
832,107.52631578947376,2522.6140350877195,1239.877192982456,156.33333333333303,115.0,1723.871794871795,518.2307692307693,120.9230769230769,104.59999999999991,2005.0,605.2,132.0,89.0,1593.9310344827586,1404.4827586206898,122.13793103448279,142.0,1958.1904761904761,327.6190476190476,102.57142857142844,,,,,107.99999999999989,2588.315789473684,1005.4736842105264,158.73684210526335,98.0,630.0,1733.0,142.0,124.0,2326.75,427.375,126.875,123.0,2259.5,548.0,118.0,,,,
833,107.31578947368416,2528.7017543859647,1240.859649122807,156.66666666666697,115.0,1727.2307692307693,516.3846153846154,120.53846153846143,106.79999999999995,2009.0,602.6,135.0,89.0,1599.6206896551723,1406.655172413793,121.75862068965534,142.0,1960.095238095238,323.8095238095238,102.28571428571422,,,,,108.0,2594.1052631578946,1006.1578947368421,158.57894736842127,100.18181818181824,630.1818181818181,1728.7272727272727,142.27272727272737,123.0,2328.0,426.5,130.5,123.83333333333337,2263.9166666666665,551.6666666666666,118.0,,,,
834,107.1052631578948,2534.7894736842104,1241.842105263158,157.0,115.0,1730.5897435897436,514.5384615384615,120.15384615384619,109.0,2013.0,600.0,138.0,89.0,1605.3103448275863,1408.8275862068965,121.37931034482745,142.0,1962.0,320.0,102.0,,,,,108.0,2599.8947368421054,1006.8421052631579,158.42105263157873,102.36363636363626,630.3636363636364,1724.4545454545455,142.5454545454545,122.0,2329.25,425.625,134.125,124.66666666666663,2268.3333333333335,555.3333333333334,118.0,,,,
835,106.8947368421052,2540.877192982456,1242.8245614035088,157.33333333333348,115.0,1733.948717948718,512.6923076923077,119.76923076923072,109.0,2020.923076923077,600.2307692307693,138.15384615384596,89.0,1611.0,1411.0,121.0,142.0,1963.5853658536585,315.219512195122,101.78048780487825,,,,,108.00000000000011,2605.684210526316,1007.5263157894736,158.26315789473665,104.5454545454545,630.5454545454545,1720.1818181818182,142.81818181818187,121.0,2330.5,424.75,137.75,125.5,2272.75,559.0,118.0,,,,
836,106.68421052631561,2546.964912280702,1243.8070175438597,157.66666666666652,114.99999999999994,1737.3076923076924,510.84615384615387,119.38461538461524,109.0,2028.8461538461538,600.4615384615385,138.30769230769238,89.0,1615.4,1413.2,120.79999999999995,142.0,1965.1707317073171,310.4390243902439,101.56097560975581,,,,,107.99999999999989,2611.4736842105262,1008.2105263157895,158.10526315789502,106.72727272727275,630.7272727272727,1715.909090909091,143.09090909090912,120.0,2331.75,423.875,141.375,126.33333333333337,2277.1666666666665,562.6666666666666,118.0,,,,
837,106.47368421052624,2553.0526315789475,1244.7894736842106,158.0,115.0,1740.6666666666667,509.0,119.0,109.0,2036.7692307692307,600.6923076923077,138.46153846153834,89.0,1619.8,1415.4,120.60000000000014,142.0,1966.7560975609756,305.6585365853659,101.34146341463406,,,,,107.99999999999989,2617.2631578947367,1008.8947368421053,157.94736842105294,108.90909090909076,630.9090909090909,1711.6363636363637,143.36363636363637,119.0,2333.0,423.0,145.0,127.16666666666663,2281.5833333333335,566.3333333333334,118.0,,,,
838,106.26315789473688,2559.1403508771928,1245.7719298245613,158.33333333333348,115.00000000000006,1744.025641025641,507.15384615384613,118.61538461538453,109.0,2044.6923076923076,600.9230769230769,138.61538461538476,89.0,1624.2,1417.6,120.39999999999986,142.0,1968.341463414634,300.8780487804878,101.12195121951231,,,,,108.0,2623.0526315789475,1009.578947368421,157.7894736842104,111.09090909090924,631.0909090909091,1707.3636363636363,143.63636363636363,118.76470588235293,2337.8823529411766,421.3529411764706,144.11764705882342,128.0,2286.0,570.0,118.0,,,,
839,106.05263157894751,2565.2280701754385,1246.7543859649122,158.66666666666697,114.99999999999994,1747.3846153846155,505.3076923076923,118.23076923076906,109.0,2052.6153846153848,601.1538461538462,138.7692307692305,89.0,1628.6,1419.8,120.20000000000005,142.0,1969.9268292682927,296.0975609756098,100.90243902439033,,,,,108.0,2628.842105263158,1010.2631578947369,157.63157894736833,113.27272727272725,631.2727272727273,1703.090909090909,143.90909090909088,118.52941176470591,2342.764705882353,419.70588235294116,143.23529411764684,126.70588235294122,2289.764705882353,572.2352941176471,118.05882352941171,,,,
840,105.84210526315792,2571.315789473684,1247.7368421052631,159.0,115.0,1750.7435897435898,503.46153846153845,117.84615384615381,109.0,2060.5384615384614,601.3846153846154,138.92307692307713,89.0,1633.0,1422.0,120.0,142.0,1971.5121951219512,291.3170731707317,100.68292682926813,,,,,108.00000000000011,2634.6315789473683,1010.9473684210526,157.47368421052624,115.4545454545455,631.4545454545455,1698.8181818181818,144.18181818181813,118.29411764705884,2347.6470588235293,418.05882352941177,142.35294117647072,125.41176470588232,2293.529411764706,574.4705882352941,118.11764705882342,,,,
841,105.63157894736833,2577.40350877193,1248.719298245614,159.33333333333348,115.0,1754.1025641025642,501.61538461538464,117.46153846153834,109.0,2068.4615384615386,601.6153846153846,139.07692307692287,89.0,1640.3,1425.0,119.70000000000005,142.0,1973.0975609756097,286.5365853658536,100.46341463414637,,,,,107.99999999999989,2640.4210526315787,1011.6315789473684,157.31578947368462,117.63636363636374,631.6363636363636,1694.5454545454545,144.4545454545455,118.05882352941177,2352.529411764706,416.4117647058824,141.47058823529414,124.11764705882354,2297.294117647059,576.7058823529412,118.17647058823513,,,,
842,105.42105263157896,2583.4912280701756,1249.701754385965,159.66666666666652,114.99999999999994,1757.4615384615386,499.7692307692308,117.07692307692287,109.0,2076.3846153846152,601.8461538461538,139.2307692307695,89.0,1647.6,1428.0,119.40000000000009,142.0,1974.6829268292684,281.7560975609756,100.2439024390244,,,,,108.0,2646.2105263157896,1012.3157894736842,157.15789473684208,119.81818181818176,631.8181818181819,1690.2727272727273,144.72727272727263,117.82352941176475,2357.4117647058824,414.7647058823529,140.58823529411757,122.82352941176464,2301.0588235294117,578.9411764705883,118.2352941176473,,,,
843,105.21052631578937,2589.578947368421,1250.6842105263158,160.0,115.0,1760.8205128205127,497.9230769230769,116.69230769230785,109.0,2084.3076923076924,602.0769230769231,139.38461538461524,89.0,1654.9,1431.0,119.09999999999991,142.0,1976.2682926829268,276.9756097560976,100.02439024390264,,,,,108.0,2652.0,1013.0,157.0,122.0,632.0,1686.0,145.0,117.58823529411768,2362.294117647059,413.11764705882354,139.705882352941,121.52941176470597,2304.823529411765,581.1764705882352,118.29411764705856,,,,
844,105.0,2595.6666666666665,1251.6666666666667,160.33333333333348,115.0,1764.179487179487,496.0769230769231,116.30769230769238,109.0,2092.230769230769,602.3076923076923,139.5384615384619,89.0,1662.2,1434.0,118.79999999999995,142.0,1977.8536585365853,272.1951219512195,99.80487804878044,,,,,108.00000000000011,2656.911111111111,1012.8222222222222,157.55555555555566,119.80000000000018,632.0,1685.6,145.5,117.35294117647061,2367.176470588235,411.47058823529414,138.82352941176487,120.23529411764707,2308.5882352941176,583.4117647058823,118.35294117647072,,,,
845,104.7894736842104,2601.754385964912,1252.6491228070176,160.66666666666652,115.00000000000006,1767.5384615384614,494.2307692307692,115.92307692307713,109.0,2100.153846153846,602.5384615384615,139.69230769230762,89.0,1669.5,1437.0,118.5,142.0,1979.439024390244,267.4146341463415,99.58536585365846,,,,,108.0,2661.822222222222,1012.6444444444444,158.1111111111113,117.59999999999991,632.0,1685.2,146.0,117.1176470588236,2372.0588235294117,409.8235294117647,137.9411764705883,118.94117647058829,2312.3529411764707,585.6470588235294,118.41176470588243,,,,
846,104.57894736842104,2607.842105263158,1253.6315789473683,161.0,115.0,1770.8974358974358,492.38461538461536,115.53846153846166,109.0,2108.076923076923,602.7692307692307,139.84615384615427,89.0,1676.8,1440.0,118.20000000000005,142.0,1981.0243902439024,262.6341463414634,99.36585365853671,,,,,108.0,2666.733333333333,1012.4666666666667,158.66666666666697,115.40000000000009,632.0,1684.8,146.5,116.8823529411764,2376.9411764705883,408.1764705882353,137.0588235294117,117.64705882352939,2316.1176470588234,587.8823529411765,118.47058823529414,,,,
847,104.36842105263167,2613.9298245614036,1254.6140350877192,161.33333333333303,115.0,1774.2564102564102,490.53846153846155,115.15384615384619,109.0,2116.0,603.0,140.0,89.0,1684.1,1443.0,117.90000000000009,142.0,1982.6097560975609,257.8536585365854,99.14634146341496,,,,,107.99999999999989,2671.6444444444446,1012.2888888888889,159.22222222222217,113.19999999999982,632.0,1684.4,147.0,116.64705882352939,2381.823529411765,406.52941176470586,136.17647058823513,116.35294117647061,2319.8823529411766,590.1176470588235,118.52941176470586,,,,
848,104.15789473684208,2620.0175438596493,1255.5964912280701,161.66666666666652,115.00000000000006,1777.6153846153845,488.6923076923077,114.76923076923094,108.38095238095241,2125.3333333333335,602.2380952380952,140.23809523809496,89.0,1691.4,1446.0,117.59999999999991,142.0,1984.1951219512196,253.0731707317073,98.92682926829252,,,,,108.0,2676.5555555555557,1012.1111111111111,159.77777777777783,111.0,632.0,1684.0,147.5,116.41176470588232,2386.705882352941,404.88235294117646,135.294117647059,115.05882352941171,2323.6470588235293,592.3529411764706,118.58823529411757,,,,
849,103.94736842105272,2626.1052631578946,1256.578947368421,162.0,115.0,1780.974358974359,486.8461538461538,114.38461538461547,107.7619047619047,2134.6666666666665,601.4761904761905,140.47619047619082,89.0,1698.7,1449.0,117.29999999999995,142.0,1985.780487804878,248.2926829268293,98.70731707317077,,,,,108.00000000000011,2681.4666666666667,1011.9333333333333,160.33333333333348,108.80000000000018,632.0,1683.6,148.0,116.17647058823525,2391.5882352941176,403.2352941176471,134.41176470588243,113.76470588235293,2327.4117647058824,594.5882352941177,118.64705882352928,,,,
850,103.73684210526312,2632.1929824561403,1257.561403508772,162.33333333333348,115.0,1784.3333333333333,485.0,114.0,107.14285714285722,2144.0,600.7142857142857,140.71428571428578,89.0,1706.0,1452.0,117.0,142.0,1987.3658536585365,243.5121951219512,98.48780487804902,,,,,107.99999999999989,2686.3777777777777,1011.7555555555556,160.88888888888914,106.59999999999991,632.0,1683.2,148.5,115.94117647058823,2396.470588235294,401.5882352941176,133.52941176470586,112.47058823529403,2331.176470588235,596.8235294117648,118.70588235294144,,,,
851,103.52631578947353,2638.280701754386,1258.5438596491229,162.66666666666652,115.00000000000006,1787.6923076923076,483.15384615384613,113.61538461538476,106.52380952380952,2153.3333333333335,599.952380952381,140.95238095238074,89.0,1710.0,1454.1666666666667,116.66666666666674,142.0,1988.9512195121952,238.7317073170732,98.26829268292659,,,,,108.0,2691.288888888889,1011.5777777777778,161.44444444444434,104.40000000000009,632.0,1682.8,149.0,115.70588235294116,2401.3529411764707,399.94117647058823,132.64705882352928,111.17647058823536,2334.9411764705883,599.0588235294117,118.7647058823527,,,,
852,103.31578947368416,2644.3684210526317,1259.5263157894738,163.0,114.99999999999994,1791.051282051282,481.3076923076923,113.23076923076928,105.90476190476193,2162.6666666666665,599.1904761904761,141.19047619047615,89.0,1714.0,1456.3333333333333,116.33333333333326,142.0,1990.5365853658536,233.9512195121951,98.04878048780483,,,,,108.00000000000011,2696.2,1011.4,162.0,102.19999999999982,632.0,1682.4,149.5,115.47058823529409,2406.235294117647,398.29411764705884,131.76470588235316,109.88235294117646,2338.705882352941,601.2941176470588,118.82352941176487,,,,
853,103.10526315789457,2650.4561403508774,1260.5087719298247,163.33333333333303,115.0,1794.4102564102564,479.46153846153845,112.84615384615381,105.28571428571422,2172.0,598.4285714285714,141.42857142857156,89.0,1718.0,1458.5,116.0,142.0,1992.121951219512,229.1707317073171,97.82926829268308,,,,,108.0,2701.1111111111113,1011.2222222222222,162.5555555555552,100.0,632.0,1682.0,150.0,115.23529411764707,2411.1176470588234,396.6470588235294,130.88235294117658,108.58823529411768,2342.470588235294,603.5294117647059,118.88235294117658,,,,
854,102.89473684210543,2656.5438596491226,1261.4912280701753,163.66666666666697,115.0,1797.7692307692307,477.61538461538464,112.46153846153857,104.66666666666674,2181.3333333333335,597.6666666666666,141.66666666666652,89.0,1722.0,1460.6666666666667,115.66666666666674,142.0,1993.7073170731708,224.390243902439,97.6097560975611,,,,,108.0,2706.0222222222224,1011.0444444444445,163.11111111111086,100.25,632.0,1680.25,154.0,115.0,2416.0,395.0,130.0,107.29411764705878,2346.235294117647,605.7647058823529,118.94117647058829,,,,
855,102.68421052631584,2662.6315789473683,1262.4736842105262,164.0,114.99999999999994,1801.128205128205,475.7692307692308,112.0769230769231,104.04761904761904,2190.6666666666665,596.9047619047619,141.90476190476193,89.0,1726.0,1462.8333333333333,115.33333333333326,142.0,1995.2926829268292,219.609756097561,97.3902439024389,,,,,107.99999999999989,2710.9333333333334,1010.8666666666667,163.66666666666652,100.5,632.0,1678.5,158.0,114.84615384615387,2420.6153846153848,394.9230769230769,131.23076923076906,106.0,2350.0,608.0,119.0,,,,
856,102.47368421052647,2668.719298245614,1263.4561403508771,164.33333333333348,115.0,1804.4871794871794,473.9230769230769,111.69230769230785,103.42857142857144,2200.0,596.1428571428571,142.14285714285734,89.0,1730.0,1465.0,115.0,142.0,1996.878048780488,214.8292682926829,97.17073170731692,,,,,108.0,2715.8444444444444,1010.6888888888889,164.22222222222217,100.75,632.0,1676.75,162.0,114.69230769230768,2425.230769230769,394.84615384615387,132.46153846153857,104.79999999999995,2355.4,611.6,119.0,,,,
857,102.26315789473688,2674.8070175438597,1264.438596491228,164.66666666666652,115.0,1807.8461538461538,472.0769230769231,111.30769230769238,102.80952380952374,2209.3333333333335,595.3809523809524,142.3809523809523,89.0,1736.875,1467.0,117.125,141.99999999999997,1998.4634146341464,210.04878048780486,96.95121951219517,,,,,108.00000000000011,2720.7555555555555,1010.5111111111111,164.77777777777783,101.0,632.0,1675.0,166.0,114.53846153846155,2429.846153846154,394.7692307692308,133.69230769230762,103.59999999999991,2360.8,615.2,119.0,,,,
858,102.05263157894728,2680.8947368421054,1265.421052631579,165.0,115.00000000000006,1811.2051282051282,470.2307692307692,110.9230769230769,102.19047619047626,2218.6666666666665,594.6190476190476,142.6190476190477,89.0,1743.75,1469.0,119.25,141.99999999999997,2000.0487804878048,205.26829268292684,96.73170731707341,,,,,107.99999999999989,2725.6666666666665,1010.3333333333334,165.33333333333348,105.75,634.0,1667.0,165.75,114.38461538461542,2434.4615384615386,394.6923076923077,134.92307692307668,102.40000000000009,2366.2,618.8,119.0,,,,
859,101.84210526315792,2686.9824561403507,1266.4035087719299,165.33333333333348,115.0,1814.5641025641025,468.38461538461536,110.53846153846166,101.57142857142856,2228.0,593.8571428571429,142.85714285714266,89.0,1750.625,1471.0,121.375,142.0,2001.6341463414635,200.4878048780488,96.51219512195098,,,,,108.0,2730.5777777777776,1010.1555555555556,165.88888888888914,110.5,636.0,1659.0,165.5,114.23076923076923,2439.076923076923,394.61538461538464,136.1538461538462,101.20000000000005,2371.6,622.4,119.0,,,,
860,101.63157894736833,2693.0701754385964,1267.3859649122808,165.66666666666697,115.0,1817.923076923077,466.53846153846155,110.15384615384619,100.95238095238096,2237.3333333333335,593.0952380952381,143.09523809523807,89.0,1757.5,1473.0,123.5,142.0,2003.219512195122,195.7073170731707,96.29268292682923,,,,,108.00000000000011,2735.488888888889,1009.9777777777778,166.44444444444434,115.25,638.0,1651.0,165.25,114.0769230769231,2443.6923076923076,394.53846153846155,137.38461538461524,100.0,2377.0,626.0,119.0,,,,
861,101.42105263157896,2699.157894736842,1268.3684210526317,166.0,115.00000000000006,1821.2820512820513,464.6923076923077,109.76923076923072,100.33333333333326,2246.6666666666665,592.3333333333334,143.33333333333348,89.0,1764.375,1475.0,125.625,141.99999999999997,2004.8048780487804,190.92682926829266,96.07317073170748,,,,,108.0,2740.4,1009.8,167.0,120.0,640.0,1643.0,165.0,113.9230769230769,2448.3076923076924,394.46153846153845,138.61538461538476,103.10000000000002,2381.1,628.6,119.09999999999991,,,,
862,101.2105263157896,2705.245614035088,1269.3508771929824,166.33333333333348,114.99999999999994,1824.6410256410256,462.84615384615387,109.38461538461547,99.71428571428578,2256.0,591.5714285714286,143.57142857142844,89.0,1771.25,1477.0,127.75,142.0,2006.3902439024391,186.14634146341461,95.85365853658504,,,,,108.0,2745.311111111111,1009.6222222222223,167.55555555555566,119.07142857142844,640.5714285714286,1641.7142857142858,164.8571428571429,113.76923076923077,2452.923076923077,394.38461538461536,139.8461538461538,106.19999999999993,2385.2,631.2,119.20000000000027,,,,
863,101.0,2711.3333333333335,1270.3333333333333,166.66666666666652,115.0,1828.0,461.0,109.0,99.09523809523807,2265.3333333333335,590.8095238095239,143.80952380952385,89.0,1778.125,1479.0,129.875,142.0,2007.9756097560976,181.3658536585366,95.63414634146329,,,,,107.99999999999989,2750.222222222222,1009.4444444444445,168.1111111111113,118.14285714285734,641.1428571428571,1640.4285714285713,164.71428571428578,113.61538461538458,2457.5384615384614,394.3076923076923,141.07692307692332,109.30000000000007,2389.3,633.8,119.29999999999973,,,,
864,100.78947368421063,2717.421052631579,1271.3157894736842,167.0,115.0,1830.7297297297298,459.2972972972973,109.0,98.47619047619048,2274.6666666666665,590.047619047619,144.04761904761926,89.0,1785.0,1481.0,132.0,142.00000000000003,2009.560975609756,176.58536585365854,95.41463414634154,,,,,108.0,2755.133333333333,1009.2666666666667,168.66666666666697,117.21428571428578,641.7142857142857,1639.142857142857,164.57142857142867,113.46153846153845,2462.153846153846,394.2307692307692,142.30769230769238,112.39999999999998,2393.4,636.4,119.40000000000009,,,,
865,100.57894736842104,2723.5087719298244,1272.298245614035,167.33333333333348,115.0,1833.4594594594594,457.5945945945946,109.0,97.85714285714278,2284.0,589.2857142857143,144.28571428571422,89.0,1793.1666666666667,1483.5,130.0,142.0,2011.1463414634147,171.8048780487805,95.19512195121956,,,,,108.00000000000011,2760.0444444444443,1009.0888888888888,169.22222222222263,116.28571428571422,642.2857142857143,1637.857142857143,164.42857142857133,113.30769230769232,2466.769230769231,394.15384615384613,143.53846153846143,115.5,2397.5,639.0,119.5,,,,
866,100.36842105263167,2729.59649122807,1273.280701754386,167.66666666666652,115.0,1836.1891891891892,455.8918918918919,109.0,97.2380952380953,2293.3333333333335,588.5238095238095,144.52380952380918,89.0,1801.3333333333333,1486.0,128.0,141.99999999999997,2012.7317073170732,167.02439024390245,94.97560975609736,,,,,107.99999999999989,2764.9555555555557,1008.9111111111112,169.77777777777737,115.35714285714266,642.8571428571429,1636.5714285714287,164.28571428571422,113.15384615384613,2471.3846153846152,394.0769230769231,144.76923076923094,118.60000000000002,2401.6,641.6,119.59999999999991,,,,
867,100.15789473684208,2735.684210526316,1274.2631578947369,168.0,115.0,1838.918918918919,454.18918918918916,109.0,96.61904761904759,2302.6666666666665,587.7619047619048,144.76190476190504,89.0,1809.5,1488.5,126.0,142.00000000000003,2014.3170731707316,162.24390243902437,94.7560975609756,,,,,108.0,2769.866666666667,1008.7333333333333,170.33333333333303,114.42857142857156,643.4285714285714,1635.2857142857142,164.1428571428571,113.0,2476.0,394.0,146.0,121.69999999999993,2405.7,644.2,119.70000000000027,,,,
868,99.94736842105249,2741.7719298245615,1275.2456140350878,168.33333333333303,114.99999999999994,1841.6486486486488,452.4864864864865,109.0,96.0,2312.0,587.0,145.0,89.0,1817.6666666666667,1491.0,124.0,142.00000000000003,2015.9024390243903,157.46341463414635,94.53658536585363,,,,,108.00000000000011,2774.777777777778,1008.5555555555555,170.8888888888887,113.5,644.0,1634.0,164.0,112.66666666666669,2491.6666666666665,394.0,136.0,124.80000000000007,2409.8,646.8,119.79999999999973,,,,
869,99.73684210526312,2747.8596491228072,1276.2280701754387,168.66666666666652,114.99999999999994,1844.3783783783783,450.7837837837838,109.0,96.72222222222217,2322.3888888888887,586.2777777777778,145.22222222222263,89.0,1825.8333333333333,1493.5,122.0,142.0,2017.4878048780488,152.6829268292683,94.31707317073187,,,,,108.0,2779.688888888889,1008.3777777777777,171.44444444444434,112.57142857142844,644.5714285714286,1632.7142857142858,163.8571428571429,112.33333333333331,2507.3333333333335,394.0,126.0,127.89999999999998,2413.9,649.4,119.90000000000009,,,,
870,99.52631578947376,2753.9473684210525,1277.2105263157894,169.0,114.99999999999994,1847.1081081081081,449.0810810810811,109.0,97.44444444444446,2332.777777777778,585.5555555555555,145.44444444444434,89.0,1834.0,1496.0,120.0,141.99999999999997,2019.0731707317073,147.90243902439025,94.09756097560967,,,,,108.0,2784.6,1008.2,172.0,111.64285714285734,645.1428571428571,1631.4285714285713,163.71428571428578,112.0,2523.0,394.0,116.0,131.0,2418.0,652.0,120.0,,,,
871,99.31578947368439,2760.035087719298,1278.1929824561403,169.33333333333348,114.99999999999994,1849.837837837838,447.3783783783784,109.0,98.16666666666663,2343.1666666666665,584.8333333333334,145.66666666666697,89.0,1842.25,1498.375,121.0,142.0,2020.658536585366,143.1219512195122,93.87804878048769,,,,,107.99999999999989,2789.511111111111,1008.0222222222222,172.55555555555566,110.71428571428578,645.7142857142857,1630.142857142857,163.57142857142867,112.0,2525.818181818182,394.45454545454544,118.90909090909054,130.36842105263156,2421.1052631578946,653.8421052631579,120.10526315789502,,,,
872,99.1052631578948,2766.122807017544,1279.1754385964912,169.66666666666652,114.99999999999994,1852.5675675675675,445.6756756756757,109.0,98.88888888888891,2353.5555555555557,584.1111111111111,145.8888888888887,89.0,1850.5,1500.75,122.0,142.00000000000003,2022.2439024390244,138.34146341463415,93.65853658536594,,,,,108.0,2794.4222222222224,1007.8444444444444,173.11111111111086,109.78571428571422,646.2857142857143,1628.857142857143,163.42857142857133,112.0,2528.6363636363635,394.90909090909093,121.81818181818198,129.73684210526312,2424.2105263157896,655.6842105263158,120.21052631578914,,,,
873,98.8947368421052,2772.2105263157896,1280.157894736842,170.0,115.00000000000006,1855.2972972972973,443.97297297297297,109.0,99.61111111111109,2363.9444444444443,583.3888888888889,146.1111111111113,89.0,1858.75,1503.125,123.0,142.0,2023.8292682926829,133.5609756097561,93.43902439024419,,,,,108.00000000000011,2799.3333333333335,1007.6666666666666,173.66666666666652,108.85714285714266,646.8571428571429,1627.5714285714287,163.28571428571422,112.0,2531.4545454545455,395.3636363636364,124.72727272727252,129.1052631578948,2427.315789473684,657.5263157894736,120.31578947368416,,,,
874,98.68421052631584,2778.2982456140353,1281.140350877193,170.33333333333303,115.00000000000006,1858.027027027027,442.27027027027026,109.0,100.33333333333337,2374.3333333333335,582.6666666666666,146.33333333333303,89.0,1867.0,1505.5,124.0,141.99999999999997,2025.4146341463415,128.78048780487805,93.21951219512175,,,,,107.99999999999989,2804.2444444444445,1007.4888888888889,174.22222222222217,107.92857142857156,647.4285714285714,1626.2857142857142,163.1428571428571,112.0,2534.2727272727275,395.8181818181818,127.63636363636351,128.47368421052636,2430.4210526315787,659.3684210526316,120.42105263157919,,,,
875,98.47368421052624,2784.3859649122805,1282.122807017544,170.66666666666697,115.00000000000006,1860.7567567567567,440.56756756756755,109.0,101.05555555555554,2384.722222222222,581.9444444444445,146.55555555555566,89.0,1875.25,1507.875,125.0,142.0,2027.0,124.0,93.0,,,,,108.0,2809.1555555555556,1007.3111111111111,174.77777777777783,107.0,648.0,1625.0,163.0,112.0,2537.090909090909,396.27272727272725,130.5454545454545,127.84210526315792,2433.5263157894738,661.2105263157895,120.52631578947376,,,,
876,98.26315789473688,2790.4736842105262,1283.1052631578948,171.0,115.00000000000006,1863.4864864864865,438.86486486486484,109.0,101.77777777777783,2395.1111111111113,581.2222222222222,146.77777777777737,89.0,1883.5,1510.25,126.0,146.0,2034.5,117.0,93.5,,,,,108.00000000000011,2814.0666666666666,1007.1333333333333,175.33333333333348,108.18181818181802,648.7272727272727,1620.6363636363637,163.27272727272725,112.0,2539.909090909091,396.72727272727275,133.4545454545455,127.21052631578948,2436.6315789473683,663.0526315789474,120.63157894736833,,,,
877,98.05263157894728,2796.561403508772,1284.0877192982457,171.33333333333348,115.0,1866.2162162162163,437.1621621621622,109.0,102.5,2405.5,580.5,147.0,89.0,1891.75,1512.625,127.0,150.0,2042.0,110.0,94.0,,,,,108.0,2818.9777777777776,1006.9555555555555,175.88888888888914,109.36363636363649,649.4545454545455,1616.2727272727273,163.5454545454545,112.0,2542.7272727272725,397.1818181818182,136.3636363636365,126.57894736842104,2439.7368421052633,664.8947368421053,120.7368421052629,,,,
878,97.84210526315792,2802.6491228070176,1285.0701754385964,171.66666666666652,115.0,1868.945945945946,435.4594594594595,109.0,103.22222222222217,2415.8888888888887,579.7777777777778,147.22222222222263,89.0,1900.0,1515.0,128.0,150.0,2043.4347826086957,106.21739130434783,93.99999999999977,,,,,108.0,2823.8888888888887,1006.7777777777778,176.4444444444448,110.5454545454545,650.1818181818181,1611.909090909091,163.81818181818187,112.0,2545.5454545454545,397.6363636363636,139.27272727272748,125.94736842105272,2442.842105263158,666.7368421052631,120.84210526315792,,,,
879,97.63157894736855,2808.7368421052633,1286.0526315789473,172.0,115.0,1871.6756756756756,433.7567567567568,109.0,103.94444444444446,2426.277777777778,579.0555555555555,147.44444444444434,89.0,1913.6,1517.4,122.20000000000005,150.0,2044.8695652173913,102.43478260869566,94.00000000000023,,,,,107.99999999999989,2828.8,1006.6,177.0,111.72727272727275,650.9090909090909,1607.5454545454545,164.09090909090912,112.0,2548.3636363636365,398.09090909090907,142.18181818181802,125.31578947368428,2445.9473684210525,668.578947368421,120.94736842105294,,,,
880,97.42105263157896,2814.8245614035086,1287.0350877192982,172.33333333333348,115.0,1874.4054054054054,432.05405405405406,109.0,104.66666666666663,2436.6666666666665,578.3333333333334,147.66666666666697,89.0,1927.2,1519.8,116.39999999999986,150.0,2046.304347826087,98.65217391304348,94.0,,,,,108.0,2833.711111111111,1006.4222222222222,177.5555555555552,112.90909090909076,651.6363636363636,1603.1818181818182,164.36363636363637,112.0,2551.181818181818,398.54545454545456,145.09090909090946,124.68421052631572,2449.0526315789475,670.421052631579,121.05263157894706,,,,
881,97.2105263157896,2820.9122807017543,1288.017543859649,172.66666666666652,115.0,1877.1351351351352,430.35135135135135,109.0,105.38888888888891,2447.0555555555557,577.6111111111111,147.8888888888887,89.0,1940.8,1522.2,110.60000000000014,150.0,2047.7391304347825,94.86956521739131,94.0,,,,,108.00000000000011,2838.6222222222223,1006.2444444444444,178.11111111111086,114.09090909090924,652.3636363636364,1598.8181818181818,164.63636363636363,112.0,2554.0,399.0,148.0,124.05263157894728,2452.157894736842,672.2631578947369,121.15789473684208,,,,
882,97.0,2827.0,1289.0,173.0,115.0,1879.8648648648648,428.64864864864865,109.0,106.11111111111109,2457.4444444444443,576.8888888888889,148.1111111111113,89.0,1954.4,1524.6,104.79999999999973,150.0,2049.1739130434785,91.08695652173913,94.0,,,,,107.99999999999989,2843.5333333333333,1006.0666666666667,178.66666666666652,115.27272727272725,653.0909090909091,1594.4545454545455,164.90909090909088,112.0,2564.5,399.5,143.16666666666652,123.42105263157896,2455.2631578947367,674.1052631578947,121.2631578947371,,,,
883,97.0,2832.6111111111113,1289.0555555555557,173.0,115.0,1882.5945945945946,426.94594594594594,109.0,106.83333333333337,2467.8333333333335,576.1666666666666,148.33333333333303,89.0,1968.0,1527.0,99.0,150.0,2050.608695652174,87.30434782608695,94.0,,,,,108.0,2848.4444444444443,1005.8888888888889,179.22222222222217,116.4545454545455,653.8181818181819,1590.090909090909,165.18181818181813,112.0,2575.0,400.0,138.33333333333348,122.78947368421052,2458.3684210526317,675.9473684210526,121.36842105263167,,,,
884,97.0,2838.222222222222,1289.111111111111,173.0,115.0,1885.3243243243244,425.2432432432432,109.0,107.55555555555554,2478.222222222222,575.4444444444445,148.55555555555566,91.40000000000009,1973.6,1528.6,103.20000000000027,150.0,2052.0434782608695,83.52173913043478,94.0,,,,,108.00000000000011,2853.3555555555554,1005.7111111111111,179.77777777777783,117.63636363636351,654.5454545454545,1585.7272727272727,165.4545454545455,112.0,2585.5,400.5,133.5,122.15789473684208,2461.4736842105262,677.7894736842105,121.47368421052624,,,,
885,97.0,2843.8333333333335,1289.1666666666667,173.0,115.0,1888.054054054054,423.5405405405405,109.0,108.27777777777783,2488.6111111111113,574.7222222222222,148.77777777777737,93.79999999999995,1979.2,1530.2,107.39999999999986,150.0,2053.478260869565,79.73913043478261,94.0,,,,,108.0,2858.266666666667,1005.5333333333333,180.33333333333303,118.81818181818198,655.2727272727273,1581.3636363636363,165.72727272727275,112.0,2596.0,401.0,128.66666666666652,121.52631578947364,2464.5789473684213,679.6315789473684,121.57894736842081,,,,
886,97.0,2849.4444444444443,1289.2222222222222,173.0,115.0,1890.7837837837837,421.8378378378378,109.0,109.0,2499.0,574.0,149.0,96.20000000000005,1984.8,1531.8,111.60000000000014,150.0,2054.913043478261,75.95652173913044,94.0,,,,,108.0,2863.177777777778,1005.3555555555556,180.8888888888887,120.0,656.0,1577.0,166.0,112.0,2606.5,401.5,123.83333333333348,120.8947368421052,2467.684210526316,681.4736842105264,121.68421052631584,,,,
887,97.0,2855.0555555555557,1289.2777777777778,173.0,115.0,1893.5135135135135,420.1351351351351,109.0,109.0,2509.3571428571427,574.2142857142857,149.0,98.59999999999991,1990.4,1533.4,115.79999999999973,150.0,2056.3478260869565,72.17391304347827,94.0,,,,,107.99999999999989,2868.088888888889,1005.1777777777778,181.44444444444434,118.78571428571422,656.7857142857143,1575.0714285714287,166.1428571428571,112.0,2617.0,402.0,119.0,120.26315789473688,2470.7894736842104,683.3157894736842,121.78947368421086,,,,
888,97.0,2860.6666666666665,1289.3333333333333,173.0,114.99999999999994,1896.2432432432433,418.43243243243245,109.0,109.0,2519.714285714286,574.4285714285714,149.0,101.0,1996.0,1535.0,120.0,150.0,2057.782608695652,68.3913043478261,94.0,,,,,108.0,2873.0,1005.0,182.0,117.57142857142867,657.5714285714286,1573.142857142857,166.28571428571433,112.0,2620.1,402.5,121.59999999999991,119.63157894736844,2473.8947368421054,685.1578947368421,121.89473684210498,,,,
889,97.0,2866.277777777778,1289.388888888889,173.0,114.99999999999994,1898.972972972973,416.72972972972974,109.0,109.0,2530.0714285714284,574.6428571428571,149.0,101.0,2005.6666666666667,1538.1666666666667,119.99999999999977,150.0,2059.217391304348,64.6086956521739,94.0,,,,,107.99999999999989,2879.0833333333335,1006.5833333333334,182.0,116.35714285714289,658.3571428571429,1571.2142857142858,166.42857142857144,112.0,2623.2,403.0,124.20000000000027,119.0,2477.0,687.0,122.0,,,,
890,97.0,2871.8888888888887,1289.4444444444443,173.0,114.99999999999994,1901.7027027027027,415.02702702702703,109.0,109.0,2540.4285714285716,574.8571428571429,149.0,101.0,2015.3333333333333,1541.3333333333333,120.00000000000023,150.0,2060.6521739130435,60.82608695652174,94.0,,,,,108.00000000000011,2885.1666666666665,1008.1666666666666,182.0,115.14285714285711,659.1428571428571,1569.2857142857142,166.57142857142856,112.0,2626.3,403.5,126.79999999999973,118.36363636363637,2482.818181818182,691.0,122.0,,,,
891,97.0,2877.5,1289.5,173.0,115.00000000000006,1904.4324324324325,413.3243243243243,109.0,109.0,2550.785714285714,575.0714285714286,149.0,101.0,2025.0,1544.5,120.0,150.0,2062.086956521739,57.04347826086956,94.0,,,,,108.0,2891.25,1009.75,182.0,113.92857142857133,659.9285714285714,1567.357142857143,166.71428571428567,112.0,2629.4,404.0,129.4000000000001,117.72727272727275,2488.6363636363635,695.0,122.0,,,,
892,97.0,2883.1111111111113,1289.5555555555557,173.0,115.00000000000006,1907.162162162162,411.6216216216216,109.0,109.0,2561.1428571428573,575.2857142857143,149.0,101.0,2034.6666666666667,1547.6666666666667,119.99999999999977,150.0,2063.521739130435,53.26086956521739,94.0,,,,,107.99999999999989,2897.3333333333335,1011.3333333333334,182.0,112.71428571428578,660.7142857142857,1565.4285714285713,166.8571428571429,112.0,2632.5,404.5,132.0,117.09090909090912,2494.4545454545455,699.0,122.0,,,,
893,97.0,2888.722222222222,1289.611111111111,173.0,115.00000000000006,1909.8918918918919,409.9189189189189,109.0,109.0,2571.5,575.5,149.0,101.0,2044.3333333333333,1550.8333333333333,120.00000000000023,150.0,2064.9565217391305,49.47826086956522,94.0,,,,,108.00000000000011,2903.4166666666665,1012.9166666666666,182.0,111.5,661.5,1563.5,167.0,112.0,2635.6,405.0,134.5999999999999,116.4545454545455,2500.2727272727275,703.0,122.0,,,,
894,97.0,2894.3333333333335,1289.6666666666667,173.0,115.00000000000006,1912.6216216216217,408.2162162162162,109.0,109.0,2581.8571428571427,575.7142857142857,149.0,101.0,2054.0,1554.0,120.0,150.0,2066.391304347826,45.69565217391305,94.0,,,,,108.0,2909.5,1014.5,182.0,110.28571428571422,662.2857142857143,1561.5714285714287,167.1428571428571,112.0,2638.7,405.5,137.20000000000027,115.81818181818187,2506.090909090909,707.0,122.0,,,,
895,97.0,2899.9444444444443,1289.7222222222222,173.0,115.00000000000006,1915.3513513513512,406.5135135135135,109.0,109.0,2592.214285714286,575.9285714285714,149.0,101.0,2063.6666666666665,1557.1666666666667,120.0,150.0,2067.8260869565215,41.91304347826086,94.0,,,,,107.99999999999989,2915.5833333333335,1016.0833333333334,182.0,109.07142857142867,663.0714285714286,1559.642857142857,167.28571428571433,112.0,2641.8,406.0,139.79999999999973,115.18181818181813,2511.909090909091,711.0,122.0,,,,
896,97.0,2905.5555555555557,1289.7777777777778,173.0,115.0,1918.081081081081,404.81081081081084,109.0,109.0,2602.5714285714284,576.1428571428571,149.0,101.0,2073.3333333333335,1560.3333333333333,120.0,150.0,2069.2608695652175,38.13043478260869,94.0,,,,,108.00000000000011,2921.6666666666665,1017.6666666666666,182.0,107.85714285714289,663.8571428571429,1557.7142857142858,167.42857142857144,112.0,2644.9,406.5,142.4000000000001,114.5454545454545,2517.7272727272725,715.0,122.0,,,,
897,97.0,2911.1666666666665,1289.8333333333333,173.0,115.0,1920.8108108108108,403.1081081081081,109.0,109.0,2612.9285714285716,576.3571428571429,149.0,101.0,2083.0,1563.5,120.0,150.0,2070.695652173913,34.34782608695653,94.0,,,,,108.0,2927.75,1019.25,182.0,106.64285714285711,664.6428571428571,1555.7857142857142,167.57142857142856,112.0,2648.0,407.0,145.0,113.90909090909088,2523.5454545454545,719.0,122.0,,,,
898,97.0,2916.777777777778,1289.888888888889,173.0,115.0,1923.5405405405406,401.4054054054054,109.0,109.0,2623.285714285714,576.5714285714286,149.0,101.0,2092.6666666666665,1566.6666666666667,120.0,150.0,2072.1304347826085,30.56521739130436,94.0,,,,,107.99999999999989,2933.8333333333335,1020.8333333333334,182.0,105.42857142857133,665.4285714285714,1553.857142857143,167.71428571428567,111.99999999999994,2663.3333333333335,407.6666666666667,135.33333333333303,113.27272727272725,2529.3636363636365,723.0,122.0,,,,
899,97.0,2922.3888888888887,1289.9444444444443,173.0,115.0,1926.2702702702702,399.7027027027027,109.0,109.0,2633.6428571428573,576.7857142857143,149.0,101.0,2102.3333333333335,1569.8333333333333,120.0,150.0,2073.5652173913045,26.782608695652172,94.0,,,,,108.00000000000011,2939.9166666666665,1022.4166666666666,182.0,104.21428571428578,666.2142857142857,1551.9285714285713,167.8571428571429,112.00000000000006,2678.6666666666665,408.3333333333333,125.66666666666697,112.63636363636363,2535.181818181818,727.0,122.0,,,,
900,97.0,2928.0,1290.0,173.0,115.0,1929.0,398.0,109.0,109.0,2644.0,577.0,149.0,101.0,2112.0,1573.0,120.0,150.0,2075.0,23.0,94.0,,,,,108.0,2946.0,1024.0,182.0,103.0,667.0,1550.0,168.0,112.0,2694.0,409.0,116.0,112.0,2541.0,731.0,122.0,,,,
