TeamID,0,0,0,0,0,0,0,0,0,0,0,0,0,0,0,0,0,0,0,0,1,1,1,1,1,1,1,1,1,1,1,1,1,1,1,1,1,1,1,1,BALL,BALL,BALL,BALL
PlayerID,1,1,1,1,2,2,2,2,3,3,3,3,4,4,4,4,5,5,5,5,0,0,0,0,1,1,1,1,3,3,3,3,4,4,4,4,5,5,5,5,BALL,BALL,BALL,BALL
Attributes,bb_height,bb_left,bb_top,bb_width,bb_height,bb_left,bb_top,bb_width,bb_height,bb_left,bb_top,bb_width,bb_height,bb_left,bb_top,bb_width,bb_height,bb_left,bb_top,bb_width,bb_height,bb_left,bb_top,bb_width,bb_height,bb_left,bb_top,bb_width,bb_height,bb_left,bb_top,bb_width,bb_height,bb_left,bb_top,bb_width,bb_height,bb_left,bb_top,bb_width,bb_height,bb_left,bb_top,bb_width
frame,,,,,,,,,,,,,,,,,,,,,,,,,,,,,,,,,,,,,,,,,,,,
1,105.0,2946.0,1185.0,151.0,113.0,2650.0,558.0,133.0,121.0,3042.0,830.0,154.0,108.0,2696.0,976.0,139.0,135.0,2532.0,1239.0,115.0,100.0,2078.0,1535.0,114.0,114.0,2882.0,1311.0,145.0,116.0,2506.0,276.0,151.0,99.0,1313.0,695.0,126.0,88.0,1369.0,932.0,118.0,36.0,1431.0,951.0,38.0
2,104.95384615384614,2946.1846153846154,1185.3076923076924,150.89230769230744,113.0,2648.535714285714,559.1071428571429,133.0,121.0,3041.983870967742,829.741935483871,154.0,108.0,2696.9666666666667,975.5333333333333,139.0,135.0,2532.193181818182,1239.1931818181818,115.0,100.61904761904748,2082.4285714285716,1534.6666666666667,114.09523809523807,114.0,2882.285714285714,1314.2857142857142,145.85714285714312,117.28571428571428,2508.9285714285716,275.7857142857143,149.4285714285711,99.0,1317.241935483871,694.4677419354839,126.0,88.29411764705878,1372.9411764705883,931.9411764705883,117.76470588235293,36.0,1434.5,952.0,38.0
3,104.90769230769229,2946.369230769231,1185.6153846153845,150.78461538461534,113.0,2647.0714285714284,560.2142857142857,133.0,121.0,3041.967741935484,829.483870967742,154.0,107.99999999999989,2697.9333333333334,975.0666666666667,139.0,135.0,2532.3863636363635,1239.3863636363637,115.0,101.23809523809541,2086.8571428571427,1534.3333333333333,114.1904761904766,114.0,2882.5714285714284,1317.5714285714287,146.71428571428578,118.57142857142861,2511.8571428571427,275.57142857142856,147.85714285714312,99.0,1321.483870967742,693.9354838709677,126.0,88.58823529411768,1376.8823529411766,931.8823529411765,117.52941176470586,36.0,1438.0,953.0,38.0
4,104.86153846153843,2946.5538461538463,1185.923076923077,150.67692307692278,113.0,2645.6071428571427,561.3214285714286,133.0,121.0,3041.951612903226,829.2258064516129,154.0,107.99999999999989,2698.9,974.6,139.0,135.0,2532.5795454545455,1239.5795454545455,115.0,101.85714285714289,2091.285714285714,1534.0,114.28571428571422,114.0,2882.8571428571427,1320.857142857143,147.5714285714289,119.85714285714289,2514.785714285714,275.35714285714283,146.28571428571422,99.0,1325.725806451613,693.4032258064516,126.0,88.88235294117646,1380.8235294117646,931.8235294117648,117.29411764705878,36.0,1441.5,954.0,38.0
5,104.81538461538457,2946.7384615384617,1186.2307692307693,150.56923076923067,113.0,2644.1428571428573,562.4285714285714,133.0,121.0,3041.935483870968,828.9677419354839,154.0,108.00000000000011,2699.866666666667,974.1333333333333,139.0,135.0,2532.7727272727275,1239.7727272727273,115.0,102.47619047619037,2095.714285714286,1533.6666666666667,114.3809523809523,114.0,2883.1428571428573,1324.142857142857,148.4285714285711,121.14285714285711,2517.714285714286,275.14285714285717,144.71428571428578,99.0,1329.967741935484,692.8709677419355,126.0,89.17647058823536,1384.764705882353,931.7647058823529,117.05882352941171,36.0,1445.0,955.0,38.0
6,104.76923076923094,2946.923076923077,1186.5384615384614,150.4615384615381,113.0,2642.6785714285716,563.5357142857143,133.0,121.0,3041.9193548387098,828.7096774193549,154.0,108.00000000000011,2700.8333333333335,973.6666666666666,139.0,135.0,2532.965909090909,1239.965909090909,115.0,103.09523809523807,2100.1428571428573,1533.3333333333333,114.47619047619037,114.0,2883.4285714285716,1327.4285714285713,149.28571428571422,122.42857142857139,2520.6428571428573,274.92857142857144,143.14285714285688,99.0,1334.2096774193549,692.3387096774194,126.0,89.47058823529403,1388.7058823529412,931.7058823529412,116.82352941176464,36.0,1448.5,956.0,38.0
7,104.72307692307686,2947.107692307692,1186.8461538461538,150.35384615384646,113.0,2641.214285714286,564.6428571428571,133.0,121.0,3041.9032258064517,828.4516129032259,154.0,108.0,2701.8,973.2,139.0,135.0,2533.159090909091,1240.159090909091,115.0,103.71428571428578,2104.5714285714284,1533.0,114.5714285714289,114.0,2883.714285714286,1330.7142857142858,150.14285714285688,123.71428571428572,2523.5714285714284,274.7142857142857,141.5714285714289,99.0,1338.4516129032259,691.8064516129032,126.0,89.76470588235293,1392.6470588235295,931.6470588235294,116.58823529411757,36.0,1452.0,957.0,38.0
8,104.676923076923,2947.2923076923075,1187.1538461538462,150.2461538461539,113.0,2639.75,565.75,133.0,121.0,3041.8870967741937,828.1935483870968,154.0,108.0,2702.766666666667,972.7333333333333,139.0,135.0,2533.3522727272725,1240.3522727272727,115.0,104.33333333333326,2109.0,1532.6666666666667,114.66666666666652,114.0,2884.0,1334.0,151.0,125.0,2526.5,274.5,140.0,99.0,1342.6935483870968,691.2741935483871,126.0,90.05882352941171,1396.5882352941176,931.5882352941177,116.35294117647072,36.0,1455.0,954.1666666666666,38.0
9,104.63076923076915,2947.476923076923,1187.4615384615386,150.1384615384618,113.0,2638.285714285714,566.8571428571429,133.0,121.0,3041.8709677419356,827.9354838709677,154.0,108.0,2703.733333333333,972.2666666666667,139.0,135.0,2533.5454545454545,1240.5454545454545,115.0,104.95238095238096,2113.4285714285716,1532.3333333333333,114.76190476190459,114.0,2884.375,1335.3125,152.0,126.28571428571428,2529.4285714285716,274.2857142857143,138.4285714285711,99.0,1346.9354838709678,690.741935483871,126.0,90.35294117647061,1400.5294117647059,931.5294117647059,116.11764705882365,36.0,1458.0,951.3333333333334,38.0
10,104.58461538461552,2947.6615384615384,1187.7692307692307,150.03076923076924,113.0,2636.8214285714284,567.9642857142857,133.0,121.0,3041.8548387096776,827.6774193548387,154.0,108.0,2704.7,971.8,139.0,135.0,2533.7386363636365,1240.7386363636363,115.0,105.57142857142867,2117.8571428571427,1532.0,114.85714285714312,114.0,2884.75,1336.625,153.0,127.57142857142861,2532.3571428571427,274.07142857142856,136.85714285714312,99.0,1351.1774193548388,690.2096774193549,126.0,90.64705882352939,1404.4705882352941,931.4705882352941,115.88235294117635,36.0,1461.0,948.5,38.0
11,104.53846153846143,2947.846153846154,1188.076923076923,149.92307692307713,113.0,2635.3571428571427,569.0714285714286,133.0,121.0,3041.8387096774195,827.4193548387096,154.0,107.99999999999989,2705.6666666666665,971.3333333333334,139.0,135.0,2533.931818181818,1240.9318181818182,115.0,106.19047619047615,2122.285714285714,1531.6666666666667,114.95238095238119,114.0,2885.125,1337.9375,154.0,128.8571428571429,2535.285714285714,273.85714285714283,135.28571428571422,99.0,1355.4193548387098,689.6774193548387,126.0,90.94117647058829,1408.4117647058824,931.4117647058823,115.64705882352928,36.0,1464.0,945.6666666666666,38.0
12,104.49230769230758,2948.0307692307692,1188.3846153846155,149.81538461538457,113.0,2633.8928571428573,570.1785714285714,133.0,121.0,3041.8225806451615,827.1612903225806,154.0,107.99999999999989,2706.633333333333,970.8666666666667,139.0,135.0,2534.125,1241.125,115.0,106.80952380952385,2126.714285714286,1531.3333333333333,115.04761904761881,114.0,2885.5,1339.25,155.0,130.1428571428571,2538.214285714286,273.64285714285717,133.71428571428578,99.0,1359.6612903225807,689.1451612903226,126.0,91.23529411764707,1412.3529411764705,931.3529411764706,115.41176470588243,36.0,1467.0,942.8333333333334,38.0
13,104.44615384615395,2948.2153846153847,1188.6923076923076,149.70769230769247,113.0,2632.4285714285716,571.2857142857143,133.0,121.0,3041.8064516129034,826.9032258064516,154.0,108.00000000000011,2707.6,970.4,139.0,135.0,2534.318181818182,1241.3181818181818,115.0,107.42857142857133,2131.1428571428573,1531.0,115.14285714285688,114.0,2885.875,1340.5625,156.0,131.4285714285714,2541.1428571428573,273.42857142857144,132.14285714285688,99.0,1363.9032258064517,688.6129032258065,126.0,91.52941176470597,1416.2941176470588,931.2941176470588,115.17647058823536,36.0,1470.0,940.0,38.0
14,104.40000000000009,2948.4,1189.0,149.5999999999999,113.0,2630.964285714286,572.3928571428571,133.0,121.0,3041.7903225806454,826.6451612903226,154.0,108.00000000000011,2708.5666666666666,969.9333333333333,139.0,135.0,2534.5113636363635,1241.5113636363637,115.0,108.04761904761904,2135.5714285714284,1530.6666666666667,115.23809523809541,114.0,2886.25,1341.875,157.0,132.71428571428572,2544.0714285714284,273.2142857142857,130.5714285714289,99.0,1368.1451612903227,688.0806451612904,126.0,91.82352941176464,1420.235294117647,931.2352941176471,114.94117647058829,36.0,1472.2,939.0,38.0
15,104.353846153846,2948.5846153846155,1189.3076923076924,149.49230769230735,113.0,2629.5,573.5,133.0,121.0,3041.7741935483873,826.3870967741935,154.0,108.0,2709.5333333333333,969.4666666666667,139.0,135.0,2534.7045454545455,1241.7045454545455,115.0,108.66666666666674,2140.0,1530.3333333333333,115.33333333333348,114.0,2886.625,1343.1875,158.0,134.0,2547.0,273.0,129.0,99.0,1372.3870967741937,687.5483870967741,126.0,92.11764705882354,1424.1764705882354,931.1764705882352,114.70588235294122,36.0,1474.4,938.0,38.0
16,104.30769230769238,2948.769230769231,1189.6153846153845,149.38461538461524,113.0,2628.035714285714,574.6071428571429,133.0,121.0,3041.7580645161293,826.1290322580645,154.0,108.0,2710.5,969.0,139.0,135.0,2534.8977272727275,1241.8977272727273,115.0,109.28571428571422,2144.4285714285716,1530.0,115.4285714285711,114.0,2887.0,1344.5,159.0,133.90909090909093,2547.909090909091,273.8181818181818,130.0,99.0,1376.6290322580646,687.016129032258,126.0,92.41176470588232,1428.1176470588234,931.1176470588235,114.47058823529414,36.0,1476.6,937.0,38.0
17,104.26153846153852,2948.9538461538464,1189.923076923077,149.27692307692269,113.0,2626.5714285714284,575.7142857142857,133.0,121.0,3041.7419354838707,825.8709677419355,154.0,108.0,2711.4666666666667,968.5333333333333,139.0,135.0,2535.090909090909,1242.090909090909,115.0,109.90476190476193,2148.8571428571427,1529.6666666666667,115.52380952380963,114.0,2887.375,1345.8125,160.0,133.8181818181818,2548.818181818182,274.6363636363636,131.0,99.0,1380.8709677419356,686.483870967742,126.0,92.70588235294122,1432.0588235294117,931.0588235294117,114.23529411764707,36.0,1478.8,936.0,38.0
18,104.21538461538466,2949.1384615384613,1190.2307692307693,149.16923076923104,113.0,2625.1071428571427,576.8214285714286,133.0,121.0,3041.7258064516127,825.6129032258065,154.0,107.99999999999989,2712.4333333333334,968.0666666666667,139.0,135.0,2535.284090909091,1242.284090909091,115.0,110.52380952380963,2153.285714285714,1529.3333333333333,115.6190476190477,114.0,2887.75,1347.125,161.0,133.72727272727275,2549.7272727272725,275.45454545454544,132.0,99.0,1385.1129032258063,685.9516129032259,126.0,93.0,1436.0,931.0,114.0,36.0,1481.0,935.0,38.0
19,104.16923076923081,2949.3230769230768,1190.5384615384614,149.06153846153848,113.0,2623.6428571428573,577.9285714285714,133.0,121.0,3041.7096774193546,825.3548387096774,154.0,107.99999999999989,2713.4,967.6,139.0,135.0,2535.4772727272725,1242.4772727272727,115.0,111.14285714285711,2157.714285714286,1529.0,115.71428571428578,114.0,2888.125,1348.4375,162.0,133.63636363636368,2550.6363636363635,276.27272727272725,133.0,99.0,1389.3548387096773,685.4193548387096,126.0,93.28571428571433,1439.7857142857142,931.7142857142857,113.71428571428578,36.0,1483.5,935.2142857142857,38.0
20,104.12307692307695,2949.507692307692,1190.8461538461538,148.95384615384637,113.0,2622.1785714285716,579.0357142857143,133.0,121.0,3041.6935483870966,825.0967741935484,154.0,108.00000000000011,2714.366666666667,967.1333333333333,139.0,135.0,2535.6704545454545,1242.6704545454545,115.0,111.76190476190459,2162.1428571428573,1528.6666666666667,115.8095238095234,114.0,2888.5,1349.75,163.0,133.54545454545456,2551.5454545454545,277.09090909090907,134.0,99.0,1393.5967741935483,684.8870967741935,126.0,93.57142857142856,1443.5714285714287,932.4285714285714,113.42857142857133,36.0,1486.0,935.4285714285714,38.0
21,104.0769230769231,2949.6923076923076,1191.1538461538462,148.8461538461538,113.0,2620.714285714286,580.1428571428571,133.0,121.0,3041.6774193548385,824.8387096774194,154.0,108.00000000000011,2715.3333333333335,966.6666666666666,139.0,135.0,2535.8636363636365,1242.8636363636363,115.0,112.38095238095252,2166.5714285714284,1528.3333333333333,115.90476190476193,114.0,2888.875,1351.0625,164.0,133.45454545454544,2552.4545454545455,277.90909090909093,135.0,99.0,1397.8387096774193,684.3548387096774,126.0,93.85714285714289,1447.357142857143,933.1428571428571,113.14285714285711,36.0,1488.5,935.6428571428571,38.0
22,104.03076923076924,2949.876923076923,1191.4615384615386,148.7384615384617,113.0,2619.25,581.25,133.0,121.0,3041.6612903225805,824.5806451612904,154.0,108.0,2716.3,966.2,139.0,135.0,2536.056818181818,1243.0568181818182,115.0,113.0,2171.0,1528.0,116.0,114.0,2889.25,1352.375,165.0,133.36363636363632,2553.3636363636365,278.72727272727275,136.0,99.0,1402.0806451612902,683.8225806451613,126.0,94.14285714285711,1451.142857142857,933.8571428571429,112.85714285714289,36.0,1491.0,935.8571428571429,38.0
23,103.98461538461538,2950.0615384615385,1191.7692307692307,148.63076923076915,113.0,2617.785714285714,582.3571428571429,133.0,121.0,3041.6451612903224,824.3225806451613,154.0,108.0,2717.266666666667,965.7333333333333,139.0,135.0,2536.25,1243.25,115.0,113.58620689655186,2176.2758620689656,1528.5862068965516,116.03448275862047,114.0,2889.625,1353.6875,166.0,133.27272727272725,2554.2727272727275,279.54545454545456,137.0,99.0,1406.3225806451612,683.2903225806451,126.0,94.42857142857144,1454.9285714285713,934.5714285714286,112.57142857142867,36.0,1493.5,936.0714285714286,38.0
24,103.93846153846152,2950.246153846154,1192.076923076923,148.52307692307704,113.0,2616.3214285714284,583.4642857142857,133.0,121.0,3041.6290322580644,824.0645161290323,154.0,108.0,2718.233333333333,965.2666666666667,139.0,135.0,2536.443181818182,1243.4431818181818,115.0,114.17241379310349,2181.551724137931,1529.1724137931035,116.0689655172414,114.0,2890.0,1355.0,167.0,133.1818181818182,2555.181818181818,280.3636363636364,138.0,99.0,1410.5645161290322,682.758064516129,126.0,94.71428571428567,1458.7142857142858,935.2857142857143,112.28571428571422,36.0,1496.0,936.2857142857143,38.0
25,103.89230769230767,2950.4307692307693,1192.3846153846155,148.41538461538448,113.0,2614.8571428571427,584.5714285714286,133.0,121.0,3041.6129032258063,823.8064516129032,154.0,108.0,2719.2,964.8,139.0,135.0,2536.6363636363635,1243.6363636363637,115.0,114.75862068965512,2186.8275862068967,1529.7586206896551,116.10344827586187,113.11111111111109,2891.4444444444443,1356.0555555555557,165.27777777777783,133.09090909090907,2556.090909090909,281.1818181818182,139.0,99.0,1414.8064516129032,682.2258064516129,126.0,95.0,1462.5,936.0,112.0,36.0,1498.5,936.5,38.0
26,103.84615384615381,2950.6153846153848,1192.6923076923076,148.30769230769238,113.0,2613.3928571428573,585.6785714285714,133.0,121.0,3041.5967741935483,823.5483870967741,154.0,107.99999999999989,2720.1666666666665,964.3333333333334,139.0,135.0,2536.8295454545455,1243.8295454545455,115.0,115.34482758620675,2192.103448275862,1530.344827586207,116.13793103448279,112.22222222222217,2892.8888888888887,1357.111111111111,163.55555555555566,133.0,2557.0,282.0,140.0,99.0,1419.0483870967741,681.6935483870968,126.0,95.28571428571433,1466.2857142857142,936.7142857142857,111.71428571428578,36.0,1501.0,936.7142857142857,38.0
27,103.79999999999995,2950.8,1193.0,148.19999999999982,113.0,2611.9285714285716,586.7857142857143,133.0,121.0,3041.5806451612902,823.2903225806451,154.0,107.99999999999989,2721.133333333333,963.8666666666667,139.0,135.0,2537.0227272727275,1244.0227272727273,115.0,115.9310344827586,2197.3793103448274,1530.9310344827586,116.17241379310371,111.33333333333326,2894.3333333333335,1358.1666666666667,161.83333333333303,132.8125,2559.5,282.6875,140.875,99.0,1423.2903225806451,681.1612903225806,126.0,95.57142857142856,1470.0714285714287,937.4285714285714,111.42857142857133,36.0,1503.5,936.9285714285714,38.0
28,103.7538461538461,2950.9846153846156,1193.3076923076924,148.09230769230726,113.0,2610.464285714286,587.8928571428571,133.0,121.0,3041.564516129032,823.0322580645161,154.0,108.00000000000011,2722.1,963.4,139.0,135.0,2537.215909090909,1244.215909090909,115.0,116.51724137931046,2202.655172413793,1531.5172413793102,116.20689655172418,110.44444444444457,2895.777777777778,1359.2222222222222,160.11111111111086,132.625,2562.0,283.375,141.75,99.0,1427.532258064516,680.6290322580645,126.0,95.85714285714289,1473.857142857143,938.1428571428571,111.14285714285711,36.0,1506.0,937.1428571428571,38.0
29,103.70769230769247,2951.1692307692306,1193.6153846153845,147.9846153846156,113.0,2609.0,589.0,133.0,121.0,3041.548387096774,822.7741935483871,154.0,108.00000000000011,2723.0666666666666,962.9333333333333,139.0,135.0,2537.409090909091,1244.409090909091,115.0,117.10344827586209,2207.9310344827586,1532.103448275862,116.24137931034466,109.55555555555543,2897.222222222222,1360.2777777777778,158.38888888888914,132.4375,2564.5,284.0625,142.625,99.0,1431.774193548387,680.0967741935484,126.0,96.14285714285711,1477.642857142857,938.8571428571429,110.85714285714289,36.0,1508.5,937.3571428571429,38.0
30,103.66153846153838,2951.353846153846,1193.923076923077,147.87692307692305,113.0,2608.8,589.8857142857142,133.0,121.0,3041.532258064516,822.516129032258,154.0,108.0,2724.0333333333333,962.4666666666667,139.0,135.0,2537.6022727272725,1244.6022727272727,115.0,117.68965517241395,2213.206896551724,1532.6896551724137,116.27586206896558,108.66666666666674,2898.6666666666665,1361.3333333333333,156.66666666666697,132.25,2567.0,284.75,143.5,99.0,1436.016129032258,679.5645161290323,126.0,96.42857142857144,1481.4285714285713,939.5714285714286,110.57142857142867,36.0,1511.0,937.5714285714286,38.0
31,103.61538461538453,2951.5384615384614,1194.2307692307693,147.76923076923094,113.0,2608.6,590.7714285714286,133.0,121.0,3041.516129032258,822.258064516129,154.0,108.0,2725.0,962.0,139.0,135.0,2537.7954545454545,1244.7954545454545,115.0,118.27586206896535,2218.4827586206898,1533.2758620689656,116.31034482758605,107.77777777777783,2900.1111111111113,1362.388888888889,154.94444444444434,132.0625,2569.5,285.4375,144.375,99.0,1440.258064516129,679.0322580645161,126.0,96.71428571428567,1485.2142857142858,940.2857142857143,110.28571428571422,36.0,1513.5,937.7857142857143,38.0
32,103.5692307692309,2951.723076923077,1194.5384615384614,147.66153846153838,113.0,2608.4,591.6571428571428,133.0,121.0,3041.5,822.0,154.0,108.0,2725.0,962.0487804878048,139.0,135.0,2537.9886363636365,1244.9886363636363,115.0,118.86206896551721,2223.7586206896553,1533.8620689655172,116.34482758620652,106.88888888888891,2901.5555555555557,1363.4444444444443,153.22222222222217,131.875,2572.0,286.125,145.25,99.0,1444.5,678.5,126.0,97.0,1489.0,941.0,110.0,36.0,1516.0,938.0,38.0
33,103.52307692307704,2951.9076923076923,1194.8461538461538,147.55384615384628,113.0,2608.2,592.5428571428571,133.0,121.0,3041.483870967742,821.741935483871,154.0,107.99999999999989,2725.0,962.0975609756098,139.0,135.0,2538.181818181818,1245.1818181818182,115.0,119.44827586206884,2229.0344827586205,1534.448275862069,116.3793103448279,106.0,2903.0,1364.5,151.5,131.6875,2574.5,286.8125,146.125,99.0,1448.741935483871,677.9677419354839,126.0,97.0,1493.0,946.0,110.0,36.0,1520.75,939.75,38.0
34,103.47692307692296,2952.0923076923077,1195.1538461538462,147.44615384615372,113.0,2608.0,593.4285714285714,133.0,121.0,3041.467741935484,821.483870967742,154.0,108.00000000000011,2725.0,962.1463414634146,139.0,135.0,2538.375,1245.375,115.0,120.0344827586207,2234.310344827586,1535.0344827586207,116.41379310344837,105.11111111111109,2904.4444444444443,1365.5555555555557,149.77777777777783,131.5,2577.0,287.5,147.0,99.0,1452.983870967742,677.4354838709678,126.0,96.63636363636351,1496.909090909091,947.4545454545455,109.72727272727275,36.0,1525.5,941.5,38.0
35,103.4307692307691,2952.276923076923,1195.4615384615386,147.33846153846162,113.0,2607.8,594.3142857142857,133.0,121.0,3041.451612903226,821.2258064516129,154.0,108.0,2725.0,962.1951219512196,139.0,135.0,2538.568181818182,1245.5681818181818,115.0,120.62068965517255,2239.5862068965516,1535.6206896551723,116.44827586206884,104.22222222222217,2905.8888888888887,1366.611111111111,148.05555555555566,131.3125,2579.5,288.1875,147.875,99.0,1457.225806451613,676.9032258064516,126.0,96.27272727272737,1500.8181818181818,948.9090909090909,109.4545454545455,36.0,1530.25,943.25,38.0
36,103.38461538461547,2952.4615384615386,1195.7692307692307,147.23076923076906,113.0,2607.6,595.2,133.0,121.0,3041.435483870968,820.9677419354839,154.0,108.0,2725.0,962.2439024390244,139.0,135.0,2538.7613636363635,1245.7613636363637,115.0,121.20689655172418,2244.862068965517,1536.2068965517242,116.48275862068976,103.33333333333326,2907.3333333333335,1367.6666666666667,146.33333333333303,131.125,2582.0,288.875,148.75,99.0,1461.467741935484,676.3709677419355,126.0,95.90909090909088,1504.7272727272727,950.3636363636364,109.18181818181824,36.0,1535.0,945.0,38.0
37,103.33846153846162,2952.646153846154,1196.076923076923,147.12307692307695,113.0,2607.4,596.0857142857143,133.0,121.0,3041.4193548387098,820.7096774193549,154.0,108.0,2725.0,962.2926829268292,139.0,135.0,2538.9545454545455,1245.9545454545455,115.0,121.79310344827582,2250.137931034483,1536.7931034482758,116.51724137931024,102.44444444444457,2908.777777777778,1368.7222222222222,144.61111111111086,130.9375,2584.5,289.5625,149.625,99.0,1465.7096774193549,675.8387096774194,126.0,95.54545454545439,1508.6363636363637,951.8181818181819,108.90909090909076,36.0,1539.75,946.75,38.0
38,103.29230769230753,2952.8307692307694,1196.3846153846155,147.0153846153844,113.0,2607.2,596.9714285714285,133.0,121.0,3041.4032258064517,820.4516129032259,154.0,107.99999999999989,2725.0,962.3414634146342,139.0,135.0,2539.1477272727275,1246.1477272727273,115.0,122.37931034482745,2255.4137931034484,1537.3793103448277,116.55172413793116,101.55555555555543,2910.222222222222,1369.7777777777778,142.88888888888914,130.75,2587.0,290.25,150.5,99.0,1469.9516129032259,675.3064516129032,126.0,95.18181818181824,1512.5454545454545,953.2727272727273,108.63636363636374,36.0,1544.5,948.5,38.0
39,103.2461538461539,2953.0153846153844,1196.6923076923076,146.90769230769274,113.0,2607.0,597.8571428571429,133.0,121.0,3041.3870967741937,820.1935483870968,154.0,108.00000000000011,2725.0,962.390243902439,139.0,135.0,2539.340909090909,1246.340909090909,115.0,122.9655172413793,2260.689655172414,1537.9655172413793,116.58620689655163,100.66666666666674,2911.6666666666665,1370.8333333333333,141.16666666666697,130.5625,2589.5,290.9375,151.375,99.0,1474.1935483870968,674.7741935483871,126.0,94.81818181818176,1516.4545454545455,954.7272727272727,108.36363636363626,36.0,1549.25,950.25,38.0
40,103.20000000000005,2953.2,1197.0,146.80000000000018,113.0,2606.8,598.7428571428571,133.0,121.0,3041.3709677419356,819.9354838709677,154.0,108.0,2725.0,962.439024390244,139.0,135.0,2539.534090909091,1246.534090909091,115.0,123.55172413793116,2265.9655172413795,1538.551724137931,116.6206896551721,99.77777777777783,2913.1111111111113,1371.888888888889,139.44444444444434,130.375,2592.0,291.625,152.25,99.0,1478.4354838709678,674.241935483871,126.0,94.45454545454561,1520.3636363636363,956.1818181818181,108.09090909090924,36.0,1554.0,952.0,38.0
41,103.15384615384619,2953.3846153846152,1197.3076923076924,146.69230769230762,113.0,2606.6,599.6285714285714,133.0,121.0,3041.3548387096776,819.6774193548387,154.0,108.0,2725.0,962.4878048780488,139.0,135.0,2539.7272727272725,1246.7272727272727,115.0,124.13793103448279,2271.2413793103447,1539.1379310344828,116.65517241379348,98.88888888888891,2914.5555555555557,1372.9444444444443,137.72222222222217,130.1875,2594.5,292.3125,153.125,99.0,1482.6774193548388,673.7096774193549,126.0,94.09090909090912,1524.2727272727273,957.6363636363636,107.81818181818176,36.0,1558.75,953.75,38.0
42,103.10769230769233,2953.5692307692307,1197.6153846153845,146.58461538461552,113.0,2606.4,600.5142857142857,133.0,121.0,3041.3387096774195,819.4193548387096,154.0,108.0,2725.0,962.5365853658536,139.0,135.0,2539.9204545454545,1246.9204545454545,115.0,124.72413793103465,2276.5172413793102,1539.7241379310344,116.68965517241395,98.0,2916.0,1374.0,136.0,130.0,2597.0,293.0,154.0,99.0,1486.9193548387098,673.1774193548387,126.0,93.72727272727263,1528.1818181818182,959.0909090909091,107.5454545454545,36.0,1563.5,955.5,38.0
43,103.06153846153848,2953.753846153846,1197.923076923077,146.47692307692296,113.0,2606.2,601.4,133.0,121.0,3041.3225806451615,819.1612903225806,154.0,107.99999999999989,2725.0,962.5853658536586,139.0,135.0,2540.1136363636365,1247.1136363636363,115.0,125.31034482758605,2281.793103448276,1540.3103448275863,116.72413793103442,98.63999999999987,2915.4,1372.72,136.36000000000013,129.22222222222223,2600.5,295.55555555555554,153.83333333333348,99.0,1491.1612903225807,672.6451612903226,126.0,93.36363636363649,1532.090909090909,960.5454545454545,107.27272727272725,36.0,1568.25,957.25,38.0
44,103.01538461538462,2953.9384615384615,1198.2307692307693,146.36923076923085,113.0,2606.0,602.2857142857143,133.0,121.0,3041.3064516129034,818.9032258064516,154.0,108.00000000000011,2725.0,962.6341463414634,139.0,135.0,2540.306818181818,1247.3068181818182,115.0,125.89655172413791,2287.0689655172414,1540.896551724138,116.75862068965534,99.27999999999997,2914.8,1371.44,136.7199999999998,128.44444444444446,2604.0,298.1111111111111,153.66666666666652,99.0,1495.4032258064517,672.1129032258065,126.0,93.0,1536.0,962.0,107.0,36.0,1573.0,959.0,38.0
45,102.96923076923076,2954.123076923077,1198.5384615384614,146.2615384615383,113.0,2605.8,603.1714285714286,133.0,121.0,3041.2903225806454,818.6451612903226,154.0,108.00000000000011,2725.0,962.6829268292682,139.0,135.0,2540.5,1247.5,115.0,126.48275862068954,2292.344827586207,1541.4827586206898,116.79310344827582,99.91999999999985,2914.2,1370.16,137.08000000000038,127.66666666666663,2607.5,300.6666666666667,153.5,99.0,1499.6451612903227,671.5806451612904,126.0,92.73684210526312,1539.0,963.6842105263158,106.73684210526312,36.0,1578.5,965.3,38.0
46,102.9230769230769,2954.3076923076924,1198.8461538461538,146.1538461538462,113.0,2605.6,604.0571428571428,133.0,121.0,3041.2741935483873,818.3870967741935,154.0,108.0,2725.0,962.7317073170732,139.0,135.0,2540.693181818182,1247.6931818181818,115.0,127.0689655172414,2297.6206896551726,1542.0689655172414,116.82758620689629,100.55999999999995,2913.6,1368.88,137.44000000000005,126.88888888888886,2611.0,303.22222222222223,153.33333333333348,99.0,1503.8870967741937,671.0483870967741,126.0,92.47368421052636,1542.0,965.3684210526316,106.47368421052624,36.0,1584.0,971.6,38.0
47,102.87692307692305,2954.492307692308,1199.1538461538462,146.04615384615363,113.0,2605.4,604.9428571428572,133.0,121.0,3041.2580645161293,818.1290322580645,154.0,108.0,2725.0,962.780487804878,139.0,135.0,2540.8863636363635,1247.8863636363637,115.0,127.65517241379325,2302.896551724138,1542.655172413793,116.86206896551721,101.20000000000005,2913.0,1367.6,137.80000000000018,126.11111111111114,2614.5,305.77777777777777,153.16666666666652,99.0,1508.1290322580644,670.516129032258,126.0,92.21052631578948,1545.0,967.0526315789474,106.21052631578937,36.0,1589.5,977.9,38.0
48,102.83076923076919,2954.6769230769232,1199.4615384615386,145.93846153846152,113.0,2605.2,605.8285714285714,133.0,121.0,3041.2419354838707,817.8709677419355,154.0,107.99999999999989,2725.0,962.829268292683,139.0,135.0,2541.0795454545455,1248.0795454545455,115.0,128.24137931034488,2308.1724137931033,1543.2413793103449,116.89655172413813,101.84000000000015,2912.4,1366.32,138.15999999999985,125.33333333333337,2618.0,308.3333333333333,153.0,99.0,1512.3709677419356,669.983870967742,126.0,91.94736842105272,1548.0,968.7368421052631,105.94736842105272,36.0,1595.0,984.2,38.0
49,102.78461538461534,2954.8615384615387,1199.7692307692307,145.83076923076896,113.0,2605.0,606.7142857142857,133.0,121.0,3041.2258064516127,817.6129032258065,154.0,108.00000000000011,2725.0,962.8780487804878,139.0,135.0,2541.2727272727275,1248.2727272727273,115.0,128.8275862068965,2313.448275862069,1543.8275862068965,116.9310344827586,102.48000000000002,2911.8,1365.04,138.51999999999998,124.55555555555554,2621.5,310.8888888888889,152.83333333333348,99.0,1516.6129032258063,669.4516129032259,126.0,91.68421052631584,1551.0,970.421052631579,105.68421052631584,36.0,1600.5,990.5,38.0
50,102.73846153846148,2955.0461538461536,1200.076923076923,145.72307692307731,113.0,2604.8,607.6,133.0,121.0,3041.2096774193546,817.3548387096774,154.0,108.00000000000011,2725.0,962.9268292682926,139.0,135.0,2541.465909090909,1248.465909090909,115.0,129.41379310344814,2318.7241379310344,1544.4137931034484,116.96551724137953,103.12000000000012,2911.2,1363.76,138.8800000000001,123.77777777777777,2625.0,313.44444444444446,152.66666666666652,99.0,1520.8548387096773,668.9193548387096,126.0,91.42105263157907,1554.0,972.1052631578947,105.42105263157896,36.0,1606.0,996.8,38.0
51,102.69230769230762,2955.230769230769,1200.3846153846155,145.61538461538476,113.0,2604.6,608.4857142857143,133.0,121.0,3041.1935483870966,817.0967741935484,154.0,108.0,2725.0,962.9756097560976,139.0,135.0,2541.659090909091,1248.659090909091,115.0,130.0,2324.0,1545.0,117.0,103.75999999999999,2910.6,1362.48,139.24000000000024,123.0,2628.5,316.0,152.5,99.0,1525.0967741935483,668.3870967741935,126.0,91.1578947368422,1557.0,973.7894736842105,105.15789473684208,35.999999999999886,1611.5,1003.1,38.0
52,102.646153846154,2955.4153846153845,1200.6923076923076,145.50769230769265,113.0,2604.4,609.3714285714286,133.0,121.0,3041.1774193548385,816.8387096774194,154.0,108.0,2725.0,963.0243902439024,139.0,135.0,2541.8522727272725,1248.8522727272727,115.0,128.66666666666652,2329.0,1546.6666666666667,117.66666666666652,104.39999999999986,2910.0,1361.2,139.5999999999999,122.22222222222223,2632.0,318.55555555555554,152.33333333333348,99.0,1529.3387096774193,667.8548387096774,126.0,90.89473684210532,1560.0,975.4736842105264,104.8947368421052,36.000000000000114,1617.0,1009.4,38.0
53,102.59999999999991,2955.6,1201.0,145.4000000000001,113.0,2604.2,610.2571428571429,133.0,121.0,3041.1612903225805,816.5806451612904,154.0,107.99999999999989,2725.0,963.0731707317074,139.0,135.0,2542.0454545454545,1249.0454545454545,115.0,127.33333333333348,2334.0,1548.3333333333333,118.33333333333348,105.03999999999996,2909.4,1359.92,139.96000000000004,121.44444444444446,2635.5,321.1111111111111,152.16666666666652,99.0,1533.5806451612902,667.3225806451613,126.0,90.63157894736855,1563.0,977.1578947368421,104.63157894736833,36.0,1622.5,1015.7,38.0
54,102.55384615384605,2955.7846153846153,1201.3076923076924,145.29230769230753,113.0,2604.0,611.1428571428571,133.0,121.0,3041.1451612903224,816.3225806451613,154.0,107.99999999999989,2725.0,963.1219512195122,139.0,135.0,2542.2386363636365,1249.2386363636363,115.0,126.0,2339.0,1550.0,119.0,105.67999999999984,2908.8,1358.64,140.3199999999997,120.66666666666663,2639.0,323.6666666666667,152.0,99.0,1537.8225806451612,666.7903225806451,126.0,90.36842105263145,1566.0,978.8421052631579,104.36842105263167,36.0,1628.0,1022.0,38.0
55,102.50769230769242,2955.9692307692308,1201.6153846153845,145.18461538461543,113.0,2603.8,612.0285714285715,133.0,121.0,3041.1290322580644,816.0645161290323,154.0,108.00000000000011,2725.0,963.170731707317,139.0,135.0,2542.431818181818,1249.4318181818182,115.0,124.66666666666652,2344.0,1551.6666666666667,119.66666666666652,106.32000000000016,2908.2,1357.36,140.6800000000003,119.88888888888886,2642.5,326.22222222222223,151.83333333333348,99.0,1542.0645161290322,666.258064516129,126.0,90.10526315789468,1569.0,980.5263157894736,104.1052631578948,36.0,1639.0,1042.2857142857142,38.0
56,102.46153846153857,2956.153846153846,1201.923076923077,145.07692307692287,113.0,2603.6,612.9142857142857,133.0,121.0,3041.1129032258063,815.8064516129032,154.0,108.0,2725.0,963.219512195122,139.0,135.0,2542.625,1249.625,115.0,123.33333333333348,2349.0,1553.3333333333333,120.33333333333348,106.96000000000004,2907.6,1356.08,141.03999999999996,119.11111111111114,2646.0,328.77777777777777,151.66666666666652,99.0,1546.3064516129032,665.7258064516129,126.0,89.8421052631578,1572.0,982.2105263157895,103.84210526315792,36.0,1650.0,1062.5714285714287,38.0
57,102.41538461538448,2956.3384615384616,1202.2307692307693,144.96923076923076,113.0,2603.4,613.8,133.0,121.0,3041.0967741935483,815.5483870967741,154.0,108.0,2725.0,963.2682926829268,139.0,135.0,2542.818181818182,1249.8181818181818,115.0,122.0,2354.0,1555.0,121.0,107.60000000000014,2907.0,1354.8,141.4000000000001,118.33333333333337,2649.5,331.3333333333333,151.5,99.0,1550.5483870967741,665.1935483870968,126.0,89.57894736842093,1575.0,983.8947368421053,103.57894736842104,36.0,1661.0,1082.857142857143,38.0
58,102.36923076923085,2956.523076923077,1202.5384615384614,144.8615384615382,113.0,2603.2,614.6857142857143,133.0,121.0,3041.0806451612902,815.2903225806451,154.0,107.99999999999989,2725.0,963.3170731707318,139.0,135.0,2543.0113636363635,1250.0113636363637,115.0,120.66666666666652,2359.0,1556.6666666666667,121.66666666666652,108.24000000000001,2906.4,1353.52,141.75999999999976,117.55555555555554,2653.0,333.8888888888889,151.33333333333348,99.0,1554.7903225806451,664.6612903225806,126.0,89.31578947368416,1578.0,985.578947368421,103.31578947368416,36.0,1672.0,1103.142857142857,38.0
59,102.323076923077,2956.7076923076925,1202.8461538461538,144.7538461538461,113.0,2603.0,615.5714285714286,133.0,121.0,3041.064516129032,815.0322580645161,154.0,107.99999999999989,2725.0,963.3658536585366,139.0,135.0,2543.2045454545455,1250.2045454545455,115.0,119.33333333333348,2364.0,1558.3333333333333,122.33333333333348,108.87999999999988,2905.8,1352.24,142.1199999999999,116.77777777777777,2656.5,336.44444444444446,151.16666666666652,99.0,1559.032258064516,664.1290322580645,126.0,89.05263157894728,1581.0,987.2631578947369,103.05263157894728,36.0,1683.0,1123.4285714285713,38.0
60,102.27692307692314,2956.892307692308,1203.1538461538462,144.64615384615354,113.0,2602.8,616.4571428571428,133.0,121.0,3041.048387096774,814.7741935483871,154.0,108.00000000000011,2725.0,963.4146341463414,139.0,135.0,2543.3977272727275,1250.3977272727273,115.0,118.0,2369.0,1560.0,123.0,109.51999999999998,2905.2,1350.96,142.48000000000002,116.0,2660.0,339.0,151.0,99.0,1563.274193548387,663.5967741935484,126.0,88.78947368421052,1584.0,988.9473684210526,102.7894736842104,36.0,1694.0,1143.7142857142858,38.0
61,102.23076923076906,2957.076923076923,1203.4615384615386,144.5384615384619,113.0,2602.6,617.3428571428572,133.0,121.0,3041.032258064516,814.516129032258,154.0,108.0,2725.0,963.4634146341464,139.0,135.0,2543.590909090909,1250.590909090909,115.0,116.66666666666652,2374.0,1561.6666666666667,123.66666666666652,110.15999999999985,2904.6,1349.68,142.84000000000015,117.15384615384619,2662.3076923076924,337.9230769230769,149.7692307692305,99.0,1567.516129032258,663.0645161290322,126.0,88.52631578947364,1587.0,990.6315789473684,102.52631578947376,36.0,1705.0,1164.0,38.0
62,102.18461538461543,2957.2615384615383,1203.7692307692307,144.43076923076933,113.0,2602.4,618.2285714285714,133.0,121.0,3041.016129032258,814.258064516129,154.0,108.0,2725.0,963.5121951219512,139.0,135.0,2543.784090909091,1250.784090909091,115.0,115.33333333333348,2379.0,1563.3333333333333,124.33333333333348,110.79999999999995,2904.0,1348.4,143.19999999999982,118.30769230769226,2664.6153846153848,336.84615384615387,148.53846153846143,99.0,1571.758064516129,662.5322580645161,126.0,88.26315789473688,1590.0,992.3157894736842,102.26315789473688,36.0,1716.0,1184.2857142857142,38.0
63,102.13846153846157,2957.4461538461537,1204.076923076923,144.32307692307722,113.0,2602.2,619.1142857142858,133.0,121.0,3041.0,814.0,154.0,108.0,2725.0,963.560975609756,139.0,135.0,2543.9772727272725,1250.9772727272727,115.0,114.0,2384.0,1565.0,125.0,111.44000000000005,2903.4,1347.12,143.55999999999995,119.46153846153845,2666.923076923077,335.7692307692308,147.30769230769192,99.0,1576.0,662.0,126.0,88.0,1593.0,994.0,102.0,36.0,1727.0,1204.5714285714287,38.0
64,102.09230769230771,2957.630769230769,1204.3846153846155,144.21538461538466,113.0,2602.0,620.0,133.0,121.0,3041.1612903225805,814.1935483870968,154.0,107.99999999999989,2725.0,963.609756097561,139.0,135.0,2544.1704545454545,1251.1704545454545,115.0,112.66666666666652,2389.0,1566.6666666666667,125.66666666666652,112.08000000000015,2902.8,1345.84,143.91999999999962,120.61538461538464,2669.230769230769,334.6923076923077,146.07692307692332,99.0,1579.3181818181818,661.3636363636364,126.0,88.22222222222229,1595.3333333333333,994.8333333333334,102.2222222222224,36.0,1738.0,1224.857142857143,38.0
65,102.04615384615386,2957.8153846153846,1204.6923076923076,144.10769230769256,112.89285714285711,2602.1071428571427,620.5714285714286,132.53571428571468,121.0,3041.3225806451615,814.3870967741935,154.0,108.00000000000011,2725.0,963.6585365853658,139.0,135.0,2544.3636363636365,1251.3636363636363,115.0,111.33333333333348,2394.0,1568.3333333333333,126.33333333333348,112.72000000000003,2902.2,1344.56,144.2800000000002,121.76923076923072,2671.5384615384614,333.61538461538464,144.8461538461538,99.0,1582.6363636363637,660.7272727272727,126.0,88.44444444444446,1597.6666666666667,995.6666666666666,102.44444444444434,36.0,1749.0,1245.142857142857,38.0
66,102.0,2958.0,1205.0,144.0,112.78571428571433,2602.214285714286,621.1428571428571,132.07142857142844,121.0,3041.483870967742,814.5806451612904,154.0,108.0,2725.0,963.7073170731708,139.0,135.0,2544.556818181818,1251.5568181818182,115.0,110.0,2399.0,1570.0,127.0,113.36000000000013,2901.6,1343.28,144.63999999999987,122.9230769230769,2673.846153846154,332.53846153846155,143.61538461538476,99.0,1585.9545454545455,660.0909090909091,126.0,88.66666666666674,1600.0,996.5,102.66666666666674,36.0,1760.0,1265.4285714285713,38.0
67,101.95238095238096,2958.0833333333335,1205.0,143.90476190476193,112.67857142857144,2602.3214285714284,621.7142857142857,131.60714285714312,121.0,3041.6451612903224,814.7741935483871,154.0,108.0,2725.0,963.7560975609756,139.0,135.0,2544.75,1251.75,115.0,108.66666666666652,2404.0,1571.6666666666667,127.66666666666652,114.0,2901.0,1342.0,145.0,124.0769230769231,2676.153846153846,331.46153846153845,142.38461538461524,99.0,1589.2727272727273,659.4545454545455,126.0,88.8888888888888,1602.3333333333333,997.3333333333334,102.88888888888891,36.0,1771.0,1285.7142857142858,38.0
68,101.90476190476193,2958.1666666666665,1205.0,143.80952380952385,112.57142857142856,2602.4285714285716,622.2857142857143,131.14285714285688,121.0,3041.8064516129034,814.9677419354839,154.0,108.0,2725.0,963.8048780487804,139.0,135.0,2544.943181818182,1251.9431818181818,115.0,107.33333333333348,2409.0,1573.3333333333333,128.33333333333348,114.0,2899.6363636363635,1340.909090909091,145.0,125.23076923076928,2678.4615384615386,330.38461538461536,141.1538461538462,99.0,1592.590909090909,658.8181818181819,126.0,89.1111111111112,1604.6666666666667,998.1666666666666,103.11111111111109,36.0,1782.0,1306.0,38.0
69,101.85714285714289,2958.25,1205.0,143.71428571428578,112.46428571428567,2602.535714285714,622.8571428571429,130.67857142857156,121.0,3041.967741935484,815.1612903225806,154.0,107.99999999999989,2725.0,963.8536585365854,139.0,135.0,2545.1363636363635,1252.1363636363637,115.0,106.0,2414.0,1575.0,129.0,114.0,2898.2727272727275,1339.8181818181818,145.0,126.38461538461536,2680.769230769231,329.3076923076923,139.92307692307668,99.0,1595.909090909091,658.1818181818181,126.0,89.33333333333326,1607.0,999.0,103.33333333333326,36.0,1793.125,1324.625,38.0
70,101.80952380952385,2958.3333333333335,1205.0,143.61904761904725,112.35714285714289,2602.6428571428573,623.4285714285714,130.21428571428532,121.0,3042.1290322580644,815.3548387096774,154.0,108.00000000000011,2725.0,963.9024390243902,139.0,135.0,2545.3295454545455,1252.3295454545455,115.0,105.80000000000018,2418.4,1575.1,126.69999999999982,114.0,2896.909090909091,1338.7272727272727,145.0,127.53846153846155,2683.076923076923,328.2307692307692,138.69230769230808,99.0,1599.2272727272727,657.5454545454545,126.0,89.55555555555554,1609.3333333333333,999.8333333333334,103.55555555555566,36.0,1804.25,1343.25,38.0
71,101.76190476190482,2958.4166666666665,1205.0,143.52380952380963,112.25,2602.75,624.0,129.75,121.0,3042.2903225806454,815.5483870967741,154.0,108.0,2725.0,963.9512195121952,139.0,135.0,2545.5227272727275,1252.5227272727273,115.0,105.59999999999991,2422.8,1575.2,124.39999999999964,114.0,2895.5454545454545,1337.6363636363637,145.0,128.69230769230774,2685.3846153846152,327.15384615384613,137.46153846153857,99.0,1602.5454545454545,656.9090909090909,126.0,89.77777777777771,1611.6666666666667,1000.6666666666666,103.7777777777776,36.0,1815.375,1361.875,38.0
72,101.71428571428578,2958.5,1205.0,143.42857142857156,112.14285714285711,2602.8571428571427,624.5714285714286,129.28571428571468,121.0,3042.451612903226,815.741935483871,154.0,108.0,2725.0,964.0,139.0,135.0,2545.715909090909,1252.715909090909,115.0,105.40000000000009,2427.2,1575.3,122.10000000000036,114.0,2894.181818181818,1336.5454545454545,145.0,129.8461538461538,2687.6923076923076,326.0769230769231,136.2307692307695,99.0,1605.8636363636363,656.2727272727273,126.0,90.0,1614.0,1001.5,104.0,36.0,1826.5,1380.5,38.0
73,101.66666666666674,2958.5833333333335,1205.0,143.33333333333303,112.03571428571433,2602.964285714286,625.1428571428571,128.82142857142844,121.0,3042.6129032258063,815.9354838709677,154.0,108.0,2725.1875,965.28125,139.0,135.0,2545.909090909091,1252.909090909091,115.0,105.19999999999982,2431.6,1575.4,119.80000000000018,114.0,2892.818181818182,1335.4545454545455,145.0,131.0,2690.0,325.0,135.0,99.0,1609.1818181818182,655.6363636363636,126.0,90.22222222222229,1616.3333333333333,1002.3333333333334,104.2222222222224,36.0,1837.625,1399.125,38.0
74,101.6190476190477,2958.6666666666665,1205.0,143.2380952380954,111.92857142857144,2603.0714285714284,625.7142857142857,128.35714285714312,121.0,3042.7741935483873,816.1290322580645,154.0,108.0,2725.375,966.5625,139.0,135.0,2546.1022727272725,1253.1022727272727,115.0,105.0,2436.0,1575.5,117.5,114.0,2891.4545454545455,1334.3636363636363,145.0,129.75,2693.375,327.5,136.375,99.0,1612.5,655.0,126.0,90.44444444444446,1618.6666666666667,1003.1666666666666,104.44444444444434,36.0,1848.75,1417.75,38.0
75,101.57142857142867,2958.75,1205.0,143.14285714285734,111.82142857142856,2603.1785714285716,626.2857142857143,127.89285714285688,121.0,3042.935483870968,816.3225806451613,154.0,108.0,2725.5625,967.84375,139.0,135.0,2546.2954545454545,1253.2954545454545,115.0,104.80000000000018,2440.4,1575.6,115.19999999999982,114.0,2890.090909090909,1333.2727272727273,145.0,128.5,2696.75,330.0,137.75,99.0,1615.8181818181818,654.3636363636364,126.0,90.66666666666674,1621.0,1004.0,104.66666666666674,36.0,1859.875,1436.375,38.0
76,101.52380952380963,2958.8333333333335,1205.0,143.0476190476188,111.71428571428567,2603.285714285714,626.8571428571429,127.42857142857156,121.0,3043.0967741935483,816.516129032258,154.0,108.0,2725.75,969.125,139.0,135.0,2546.4886363636365,1253.4886363636363,115.0,104.59999999999991,2444.8,1575.7,112.89999999999964,114.0,2888.7272727272725,1332.1818181818182,145.0,127.25,2700.125,332.5,139.125,99.0,1619.1363636363637,653.7272727272727,126.0,90.8888888888888,1623.3333333333333,1004.8333333333334,104.88888888888891,36.0,1871.0,1455.0,38.0
77,101.47619047619037,2958.9166666666665,1205.0,142.9523809523812,111.60714285714289,2603.3928571428573,627.4285714285714,126.96428571428532,121.0,3043.2580645161293,816.7096774193549,154.0,108.0,2725.9375,970.40625,139.0,135.0,2546.681818181818,1253.6818181818182,115.0,104.40000000000009,2449.2,1575.8,110.60000000000036,114.0,2887.3636363636365,1331.090909090909,145.0,126.0,2703.5,335.0,140.5,99.0,1622.4545454545455,653.0909090909091,126.0,91.1111111111112,1625.6666666666667,1005.6666666666666,105.11111111111109,36.0,1880.8,1470.8,38.0
78,101.42857142857133,2959.0,1205.0,142.85714285714266,111.5,2603.5,628.0,126.5,121.0,3043.4193548387098,816.9032258064516,154.0,108.0,2726.125,971.6875,139.0,135.0,2546.875,1253.875,115.0,104.19999999999982,2453.6,1575.9,108.30000000000018,114.0,2886.0,1330.0,145.0,124.75,2706.875,337.5,141.875,99.0,1625.7727272727273,652.4545454545455,126.0,91.33333333333326,1628.0,1006.5,105.33333333333326,36.0,1890.6,1486.6,38.0
79,101.3809523809523,2959.0833333333335,1205.0,142.7619047619046,111.39285714285711,2603.6071428571427,628.5714285714286,126.03571428571468,121.0,3043.5806451612902,817.0967741935484,154.0,108.0,2726.3125,972.96875,139.0,135.0,2547.068181818182,1254.0681818181818,115.0,104.0,2458.0,1576.0,106.0,114.0,2884.6363636363635,1328.909090909091,145.0,123.5,2710.25,340.0,143.25,99.0,1629.090909090909,651.8181818181819,126.0,91.55555555555554,1630.3333333333333,1007.3333333333334,105.55555555555566,36.0,1900.4,1502.4,38.0
80,101.33333333333326,2959.1666666666665,1205.0,142.66666666666697,111.28571428571433,2603.714285714286,629.1428571428571,125.57142857142844,121.0,3043.7419354838707,817.2903225806451,154.0,108.0,2726.5,974.25,139.0,135.0,2547.2613636363635,1254.2613636363637,115.0,108.80000000000018,2456.4,1574.6,107.29999999999973,114.0,2883.2727272727275,1327.8181818181818,145.0,122.25,2713.625,342.5,144.625,99.0,1632.409090909091,651.1818181818181,126.0,91.77777777777771,1632.6666666666667,1008.1666666666666,105.7777777777776,36.0,1910.2,1518.2,38.0
81,101.28571428571422,2959.25,1205.0,142.57142857142844,111.17857142857144,2603.8214285714284,629.7142857142857,125.10714285714312,121.0,3043.9032258064517,817.483870967742,154.0,108.0,2726.6875,975.53125,139.0,135.0,2547.4545454545455,1254.4545454545455,115.0,113.59999999999991,2454.8,1573.2,108.59999999999991,114.0,2881.909090909091,1326.7272727272727,145.0,121.0,2717.0,345.0,146.0,99.0,1635.7272727272727,650.5454545454545,126.0,92.0,1635.0,1009.0,106.0,36.0,1920.0,1534.0,38.0
82,101.23809523809518,2959.3333333333335,1205.0,142.47619047619037,111.07142857142856,2603.9285714285716,630.2857142857143,124.64285714285688,121.0,3044.064516129032,817.6774193548387,154.0,108.0,2726.875,976.8125,139.0,135.0,2547.6477272727275,1254.6477272727273,115.0,118.40000000000009,2453.2,1571.8,109.90000000000009,114.0,2880.5454545454545,1325.6363636363637,145.0,121.22580645161287,2720.3548387096776,345.741935483871,145.74193548387075,99.0,1639.0454545454545,649.9090909090909,126.0,92.24657534246569,1638.4246575342465,1010.7260273972603,106.20547945205476,36.0,1925.875,1545.625,38.0
83,101.19047619047615,2959.4166666666665,1205.0,142.38095238095275,110.96428571428567,2604.035714285714,630.8571428571429,124.17857142857156,121.0,3044.2258064516127,817.8709677419355,154.0,108.0,2727.0625,978.09375,139.0,135.0,2547.840909090909,1254.840909090909,115.0,123.19999999999982,2451.6,1570.4,111.20000000000027,114.0,2879.181818181818,1324.5454545454545,145.0,121.4516129032258,2723.7096774193546,346.48387096774195,145.48387096774195,99.0,1642.3636363636363,649.2727272727273,126.0,92.49315068493138,1641.849315068493,1012.4520547945206,106.41095890410975,36.0,1931.75,1557.25,38.0
84,101.14285714285711,2959.5,1205.0,142.28571428571422,110.85714285714289,2604.1428571428573,631.4285714285714,123.71428571428532,121.0,3044.3870967741937,818.0645161290323,154.0,108.0,2727.25,979.375,139.0,135.0,2548.034090909091,1255.034090909091,115.0,128.0,2450.0,1569.0,112.5,114.0,2877.818181818182,1323.4545454545455,145.0,121.67741935483866,2727.064516129032,347.2258064516129,145.22580645161315,99.0,1645.6818181818182,648.6363636363636,126.0,92.7397260273973,1645.2739726027398,1014.1780821917808,106.61643835616428,36.0,1937.625,1568.875,38.0
85,101.09523809523807,2959.5833333333335,1205.0,142.19047619047615,110.75,2604.25,632.0,123.25,121.0,3044.548387096774,818.258064516129,154.0,108.0,2727.4375,980.65625,139.0,135.0,2548.2272727272725,1255.2272727272727,115.0,132.80000000000018,2448.4,1567.6,113.79999999999973,114.0,2876.4545454545455,1322.3636363636363,145.0,121.90322580645164,2730.4193548387098,347.96774193548384,144.9677419354839,99.0,1649.0,648.0,126.0,92.98630136986299,1648.6986301369864,1015.9041095890411,106.82191780821904,36.0,1943.5,1580.5,38.0
86,101.04761904761904,2959.6666666666665,1205.0,142.09523809523807,110.64285714285711,2604.3571428571427,632.5714285714286,122.78571428571468,121.0,3044.7096774193546,818.4516129032259,154.0,108.0,2727.625,981.9375,139.0,135.0,2548.4204545454545,1255.4204545454545,115.0,137.5999999999999,2446.8,1566.2,115.09999999999991,114.0,2875.090909090909,1321.2727272727273,145.0,122.12903225806451,2733.7741935483873,348.7096774193548,144.70967741935465,99.0,1653.1475409836066,647.7868852459017,125.55737704918033,93.23287671232868,1652.123287671233,1017.6301369863014,107.02739726027403,36.0,1949.375,1592.125,38.0
87,101.0,2959.75,1205.0,142.0,110.53571428571433,2604.464285714286,633.1428571428571,122.32142857142844,121.0,3044.8709677419356,818.6451612903226,154.0,108.0,2727.8125,983.21875,139.0,135.0,2548.6136363636365,1255.6136363636363,115.0,142.4000000000001,2445.2,1564.8,116.40000000000009,114.0,2873.7272727272725,1320.1818181818182,145.0,122.35483870967744,2737.1290322580644,349.4516129032258,144.45161290322585,99.0,1657.295081967213,647.5737704918033,125.11475409836066,93.47945205479436,1655.5479452054794,1019.3561643835617,107.23287671232879,36.0,1955.25,1603.75,38.0
88,100.95238095238096,2959.8333333333335,1205.0,141.90476190476193,110.42857142857144,2604.5714285714284,633.7142857142857,121.85714285714312,121.0,3045.032258064516,818.8387096774194,154.0,108.0,2728.0,984.5,139.0,135.0,2548.806818181818,1255.8068181818182,115.0,147.19999999999982,2443.6,1563.4,117.70000000000027,114.0,2872.3636363636365,1319.090909090909,145.0,122.5806451612903,2740.483870967742,350.19354838709677,144.1935483870966,99.0,1661.4426229508197,647.360655737705,124.672131147541,93.72602739726028,1658.972602739726,1021.082191780822,107.43835616438355,36.0,1961.125,1615.375,38.0
89,100.90476190476193,2959.9166666666665,1205.0,141.80952380952385,110.32142857142856,2604.6785714285716,634.2857142857143,121.39285714285688,121.0,3045.1935483870966,819.0322580645161,154.0,108.0,2728.1875,985.78125,139.0,135.0,2549.0,1256.0,115.0,152.0,2442.0,1562.0,119.0,114.0,2871.0,1318.0,145.0,122.80645161290323,2743.8387096774195,350.93548387096774,143.9354838709678,99.0,1665.5901639344263,647.1475409836065,124.22950819672133,93.97260273972609,1662.3972602739725,1022.8082191780821,107.64383561643854,36.0,1967.0,1627.0,38.0
90,100.85714285714289,2960.0,1205.0,141.71428571428578,110.21428571428567,2604.785714285714,634.8571428571429,120.92857142857156,121.0,3045.3548387096776,819.2258064516129,154.0,108.0,2728.375,987.0625,139.0,134.17647058823513,2549.3529411764707,1256.1764705882354,115.47058823529414,150.05555555555543,2441.9444444444443,1565.388888888889,117.66666666666697,114.0,2870.904761904762,1317.3809523809523,145.0,123.0322580645161,2747.1935483870966,351.6774193548387,143.677419354839,99.0,1669.7377049180327,646.9344262295082,123.78688524590166,94.21917808219177,1665.8219178082193,1024.5342465753424,107.84931506849307,36.0,1973.0,1636.857142857143,38.0
91,100.80952380952385,2960.0833333333335,1205.0,141.61904761904725,110.10714285714289,2604.8928571428573,635.4285714285714,120.46428571428532,121.0,3045.516129032258,819.4193548387096,154.0,108.0,2728.5625,988.34375,139.0,133.35294117647072,2549.705882352941,1256.3529411764705,115.94117647058829,148.1111111111111,2441.8888888888887,1568.7777777777778,116.33333333333348,114.0,2870.809523809524,1316.7619047619048,145.0,123.25806451612902,2750.548387096774,352.4193548387097,143.41935483870975,99.0,1673.8852459016393,646.7213114754098,123.34426229508199,94.46575342465735,1669.2465753424658,1026.2602739726028,108.05479452054783,36.0,1979.0,1646.7142857142858,38.0
92,100.76190476190482,2960.1666666666665,1205.0,141.52380952380963,110.0,2605.0,636.0,120.0,121.0,3045.6774193548385,819.6129032258065,154.0,108.0,2728.75,989.625,139.0,132.52941176470586,2550.0588235294117,1256.5294117647059,116.41176470588243,146.16666666666652,2441.8333333333335,1572.1666666666667,115.0,114.0,2870.714285714286,1316.142857142857,145.0,123.4838709677419,2753.9032258064517,353.16129032258067,143.1612903225805,99.0,1678.032786885246,646.5081967213115,122.90163934426232,94.71232876712338,1672.6712328767123,1027.986301369863,108.26027397260282,36.0,1985.0,1656.5714285714287,38.0
93,100.71428571428578,2960.25,1205.0,141.42857142857156,109.90476190476181,2605.1428571428573,635.7619047619048,119.52380952380918,121.0,3045.8387096774195,819.8064516129032,154.0,108.0,2728.9375,990.90625,139.0,131.70588235294122,2550.4117647058824,1256.7058823529412,116.88235294117658,144.22222222222217,2441.777777777778,1575.5555555555557,113.66666666666652,114.0,2870.6190476190477,1315.5238095238096,145.0,123.70967741935488,2757.2580645161293,353.9032258064516,142.90322580645125,99.0,1682.1803278688524,646.2950819672132,122.45901639344265,94.95890410958896,1676.0958904109589,1029.7123287671234,108.46575342465758,36.0,1991.0,1666.4285714285713,38.0
94,100.66666666666674,2960.3333333333335,1205.0,141.33333333333303,109.80952380952385,2605.285714285714,635.5238095238095,119.04761904761926,121.0,3046.0,820.0,154.0,108.0,2729.125,992.1875,139.0,130.88235294117635,2550.764705882353,1256.8823529411766,117.35294117647027,142.27777777777783,2441.722222222222,1578.9444444444443,112.33333333333348,114.0,2870.5238095238096,1314.904761904762,145.0,123.93548387096774,2760.6129032258063,354.64516129032256,142.6451612903229,99.0,1686.327868852459,646.0819672131148,122.01639344262298,95.20547945205476,1679.5205479452054,1031.4383561643835,108.67123287671234,36.0,1997.0,1676.2857142857142,38.0
95,100.6190476190477,2960.4166666666665,1205.0,141.2380952380954,109.71428571428567,2605.4285714285716,635.2857142857143,118.57142857142844,121.0,3046.1612903225805,820.1935483870968,154.0,108.0,2729.3125,993.46875,139.0,130.0588235294117,2551.1176470588234,1257.0588235294117,117.82352941176487,140.33333333333348,2441.6666666666665,1582.3333333333333,111.0,114.0,2870.4285714285716,1314.2857142857142,145.0,124.16129032258067,2763.967741935484,355.38709677419354,142.38709677419365,99.0,1690.4754098360656,645.8688524590164,121.57377049180332,95.45205479452034,1682.945205479452,1033.164383561644,108.87671232876733,36.0,2003.0,1686.142857142857,38.0
96,100.57142857142867,2960.5,1205.0,141.14285714285734,109.61904761904759,2605.5714285714284,635.047619047619,118.09523809523807,121.0,3046.3225806451615,820.3870967741935,154.0,108.0,2729.5,994.75,139.0,129.23529411764707,2551.470588235294,1257.235294117647,118.29411764705901,138.3888888888889,2441.6111111111113,1585.7222222222222,109.66666666666652,114.0,2870.3333333333335,1313.6666666666667,145.0,124.38709677419354,2767.3225806451615,356.1290322580645,142.1290322580644,99.0,1694.622950819672,645.655737704918,121.13114754098365,95.69863013698637,1686.3698630136987,1034.890410958904,109.08219178082186,36.0,2009.0,1696.0,38.0
97,100.52380952380963,2960.5833333333335,1205.0,141.0476190476188,109.52380952380952,2605.714285714286,634.8095238095239,117.6190476190477,121.0,3046.483870967742,820.5806451612904,154.0,108.0,2729.6875,996.03125,139.0,128.4117647058822,2551.823529411765,1257.4117647058824,118.7647058823527,136.44444444444457,2441.5555555555557,1589.111111111111,108.33333333333303,114.0,2870.2380952380954,1313.047619047619,145.0,124.61290322580646,2770.6774193548385,356.8709677419355,141.8709677419356,99.0,1698.7704918032787,645.4426229508197,120.68852459016398,95.94520547945217,1689.7945205479452,1036.6164383561643,109.28767123287662,36.0,2015.2,1705.0,37.99999999999977
98,100.47619047619037,2960.6666666666665,1205.0,140.9523809523812,109.42857142857144,2605.8571428571427,634.5714285714286,117.14285714285734,121.0,3046.6451612903224,820.7741935483871,154.0,108.0,2729.875,997.3125,139.0,127.5882352941178,2552.176470588235,1257.5882352941176,119.2352941176473,134.5,2441.5,1592.5,107.0,114.0,2870.1428571428573,1312.4285714285713,145.0,124.83870967741933,2774.032258064516,357.61290322580646,141.61290322580635,99.0,1702.9180327868853,645.2295081967213,120.24590163934408,96.19178082191775,1693.2191780821918,1038.3424657534247,109.4931506849316,36.0,2021.4,1714.0,38.0
99,100.42857142857133,2960.75,1205.0,140.85714285714266,109.33333333333326,2606.0,634.3333333333334,116.66666666666652,121.0,3046.8064516129034,820.9677419354839,154.0,108.0,2730.0625,998.59375,139.0,126.76470588235293,2552.529411764706,1257.764705882353,119.70588235294099,132.55555555555543,2441.4444444444443,1595.888888888889,105.66666666666697,114.0,2870.0476190476193,1311.8095238095239,145.0,125.06451612903226,2777.3870967741937,358.35483870967744,141.35483870967755,99.0,1707.0655737704917,645.016393442623,119.80327868852464,96.43835616438355,1696.6438356164383,1040.0684931506848,109.69863013698637,36.0,2027.6,1723.0,38.0
100,100.3809523809523,2960.8333333333335,1205.0,140.7619047619046,109.2380952380953,2606.1428571428573,634.0952380952381,116.19047619047615,121.0,3046.967741935484,821.1612903225806,154.0,108.0,2730.25,999.875,139.0,125.94117647058829,2552.8823529411766,1257.9411764705883,120.17647058823513,130.6111111111111,2441.3888888888887,1599.2777777777778,104.33333333333348,114.0,2869.9523809523807,1311.1904761904761,145.0,125.29032258064512,2780.7419354838707,359.0967741935484,141.09677419354875,99.0,1711.2131147540983,644.8032786885246,119.36065573770497,96.68493150684935,1700.0684931506848,1041.7945205479452,109.90410958904113,36.0,2033.8,1732.0,38.00000000000023
101,100.33333333333326,2960.9166666666665,1205.0,140.66666666666697,109.14285714285711,2606.285714285714,633.8571428571429,115.71428571428578,121.0,3047.1290322580644,821.3548387096774,154.0,108.0,2730.4375,1001.15625,139.0,125.11764705882365,2553.235294117647,1258.1176470588234,120.64705882352973,128.66666666666652,2441.3333333333335,1602.6666666666667,103.0,114.0,2869.8571428571427,1310.5714285714287,145.0,125.5161290322581,2784.0967741935483,359.83870967741933,140.8387096774195,99.0,1715.360655737705,644.5901639344262,118.91803278688508,96.93150684931516,1703.4931506849316,1043.5205479452054,110.10958904109589,36.0,2040.0,1741.0,38.0
102,100.28571428571422,2961.0,1205.0,140.57142857142844,109.04761904761904,2606.4285714285716,633.6190476190476,115.23809523809496,121.0,3047.2903225806454,821.5483870967741,154.0,108.0,2730.625,1002.4375,139.0,124.29411764705878,2553.5882352941176,1258.2941176470588,121.11764705882342,126.72222222222217,2441.277777777778,1606.0555555555557,101.66666666666652,114.0,2869.7619047619046,1309.952380952381,145.0,125.74193548387098,2787.451612903226,360.5806451612903,140.58064516129025,99.0,1719.5081967213114,644.3770491803278,118.47540983606564,97.17808219178073,1706.9178082191781,1045.2465753424658,110.31506849315065,36.0,2039.375,1744.625,38.0
103,100.23809523809518,2961.0833333333335,1205.0,140.47619047619037,108.95238095238096,2606.5714285714284,633.3809523809524,114.76190476190504,121.0,3047.451612903226,821.741935483871,154.0,108.0,2730.8125,1003.71875,139.0,123.47058823529414,2553.9411764705883,1258.4705882352941,121.58823529411757,124.77777777777783,2441.222222222222,1609.4444444444443,100.33333333333348,114.0,2869.6666666666665,1309.3333333333333,145.0,125.9677419354839,2790.8064516129034,361.3225806451613,140.322580645161,99.0,1723.655737704918,644.1639344262295,118.03278688524597,97.42465753424653,1710.3424657534247,1046.972602739726,110.52054794520541,36.0,2038.75,1748.25,38.0
104,100.19047619047615,2961.1666666666665,1205.0,140.38095238095275,108.85714285714289,2606.714285714286,633.1428571428571,114.28571428571422,121.0,3047.6129032258063,821.9354838709677,154.0,108.0,2731.0,1005.0,139.0,122.64705882352928,2554.294117647059,1258.6470588235295,122.05882352941171,122.83333333333348,2441.1666666666665,1612.8333333333333,99.0,114.0,2869.5714285714284,1308.7142857142858,145.0,126.19354838709677,2794.1612903225805,362.06451612903226,140.0645161290322,99.0,1727.8032786885246,643.9508196721312,117.59016393442607,97.67123287671234,1713.7671232876712,1048.6986301369864,110.7260273972604,36.0,2038.125,1751.875,38.0
105,100.14285714285711,2961.25,1205.0,140.28571428571422,108.7619047619047,2606.8571428571427,632.9047619047619,113.80952380952385,121.0,3047.7741935483873,822.1290322580645,154.0,108.0,2730.0,1005.0,139.0,121.82352941176487,2554.6470588235293,1258.8235294117646,122.52941176470586,120.88888888888891,2441.1111111111113,1616.2222222222222,97.66666666666652,114.0,2869.4761904761904,1308.095238095238,145.0,126.4193548387097,2797.516129032258,362.80645161290323,139.8064516129034,99.0,1731.950819672131,643.7377049180328,117.14754098360663,97.91780821917814,1717.1917808219177,1050.4246575342465,110.93150684931516,36.0,2037.5,1755.5,38.0
106,100.09523809523807,2961.3333333333335,1205.0,140.19047619047615,108.66666666666674,2607.0,632.6666666666666,113.33333333333348,121.0,3047.935483870968,822.3225806451613,154.0,108.0,2729.0,1005.0,139.0,121.0,2555.0,1259.0,123.0,118.94444444444457,2441.0555555555557,1619.611111111111,96.33333333333303,114.0,2869.3809523809523,1307.4761904761904,145.0,126.64516129032256,2800.8709677419356,363.5483870967742,139.54838709677415,99.0,1736.0983606557377,643.5245901639345,116.70491803278696,98.16438356164372,1720.6164383561643,1052.150684931507,111.13698630136992,36.0,2036.875,1759.125,38.0
107,100.04761904761904,2961.4166666666665,1205.0,140.09523809523807,108.57142857142856,2607.1428571428573,632.4285714285714,112.85714285714266,121.0,3048.0967741935483,822.516129032258,154.0,108.0,2728.0,1005.0,139.0,120.21428571428578,2556.0714285714284,1262.9285714285713,123.5,117.0,2441.0,1623.0,95.0,114.0,2869.285714285714,1306.857142857143,145.0,126.87096774193549,2804.2258064516127,364.2903225806452,139.29032258064535,99.0,1740.2459016393443,643.311475409836,116.26229508196707,98.41095890410952,1724.041095890411,1053.876712328767,111.34246575342445,36.0,2036.25,1762.75,38.0
108,100.0,2961.5,1205.0,140.0,108.47619047619048,2607.285714285714,632.1904761904761,112.3809523809523,121.0,3048.2580645161293,822.7096774193549,154.0,108.0,2727.0,1005.0,139.0,119.42857142857133,2557.1428571428573,1266.857142857143,124.0,118.0,2436.5,1623.6666666666667,96.16666666666652,114.0,2869.190476190476,1306.2380952380952,145.0,127.09677419354841,2807.5806451612902,365.0322580645161,139.0322580645161,99.0,1744.3934426229507,643.0983606557377,115.81967213114763,98.65753424657532,1727.4657534246576,1055.6027397260275,111.54794520547944,36.0,2035.625,1766.375,38.0
109,99.95238095238096,2961.5833333333335,1205.0,139.90476190476193,108.38095238095241,2607.4285714285716,631.952380952381,111.90476190476193,121.0,3048.4193548387098,822.9032258064516,154.0,108.0,2726.0,1005.0,139.0,118.64285714285711,2558.214285714286,1270.7857142857142,124.5,119.0,2432.0,1624.3333333333333,97.33333333333348,114.0,2869.095238095238,1305.6190476190477,145.0,127.32258064516134,2810.935483870968,365.7741935483871,138.77419354838685,99.0,1748.5409836065573,642.8852459016393,115.37704918032796,98.90410958904113,1730.890410958904,1057.3287671232877,111.7534246575342,36.0,2035.0,1770.0,38.0
110,99.90476190476193,2961.6666666666665,1205.0,139.80952380952385,108.28571428571433,2607.5714285714284,631.7142857142857,111.42857142857156,121.0,3048.5806451612902,823.0967741935484,154.0,108.0,2725.0,1005.0,139.0,117.85714285714289,2559.285714285714,1274.7142857142858,125.0,120.0,2427.5,1625.0,98.5,114.0,2869.0,1305.0,145.0,127.5483870967742,2814.2903225806454,366.51612903225805,138.51612903225805,99.0,1752.688524590164,642.672131147541,114.93442622950806,99.1506849315067,1734.3150684931506,1059.054794520548,111.95890410958918,36.0,2034.3,1772.3,38.00000000000023
111,99.85714285714289,2961.75,1205.0,139.71428571428578,108.19047619047615,2607.714285714286,631.4761904761905,110.95238095238074,121.0,3048.7419354838707,823.2903225806451,154.0,108.0,2724.0,1005.0,139.0,117.07142857142867,2560.3571428571427,1278.642857142857,125.5,121.0,2423.0,1625.6666666666667,99.66666666666652,113.88235294117658,2869.176470588235,1305.5882352941176,146.35294117647072,127.77419354838707,2817.6451612903224,367.258064516129,138.25806451612925,99.0,1756.8360655737704,642.4590163934427,114.49180327868862,99.3972602739725,1737.7397260273972,1060.7808219178082,112.16438356164394,36.0,2033.6,1774.6,38.0
112,99.80952380952385,2961.8333333333335,1205.0,139.61904761904725,108.09523809523819,2607.8571428571427,631.2380952380952,110.47619047619082,121.0,3048.9032258064517,823.483870967742,154.0,108.0,2723.0,1005.0,139.0,116.28571428571422,2561.4285714285716,1282.5714285714287,126.0,122.0,2418.5,1626.3333333333333,100.83333333333348,113.76470588235293,2869.3529411764707,1306.1764705882354,147.705882352941,128.0,2821.0,368.0,138.0,99.0,1760.983606557377,642.2459016393443,114.04918032786895,99.64383561643854,1741.1643835616437,1062.5068493150684,112.3698630136987,36.0,2032.9,1776.9,38.0
113,99.76190476190482,2961.9166666666665,1205.0,139.52380952380963,108.0,2608.0,631.0,110.0,121.0,3049.064516129032,823.6774193548387,154.0,108.0,2722.0,1005.0,139.0,115.5,2562.5,1286.5,126.5,123.0,2414.0,1627.0,102.0,113.6470588235295,2869.529411764706,1306.764705882353,149.0588235294117,127.8769230769231,2823.2153846153847,369.2,138.1076923076921,99.0,1765.1311475409836,642.0327868852459,113.60655737704906,99.89041095890411,1744.5890410958905,1064.2328767123288,112.57534246575324,36.0,2032.2,1779.2,37.99999999999977
114,99.71428571428578,2962.0,1205.0,139.42857142857156,108.1282051282052,2607.769230769231,631.5641025641025,110.5897435897432,121.0,3049.2258064516127,823.8709677419355,154.0,108.0,2721.0,1005.0,139.0,114.71428571428578,2563.5714285714284,1290.4285714285713,127.0,123.9333333333334,2410.3333333333335,1630.7333333333333,103.13333333333321,113.52941176470608,2869.705882352941,1307.3529411764705,150.41176470588243,127.75384615384615,2825.4307692307693,370.4,138.21538461538466,99.0,1769.27868852459,641.8196721311475,113.16393442622962,100.13698630136992,1748.013698630137,1065.958904109589,112.78082191780823,36.0,2031.5,1781.5,38.0
115,99.66666666666674,2962.0833333333335,1205.0,139.33333333333303,108.25641025641028,2607.5384615384614,632.1282051282051,111.1794871794873,121.0,3049.3870967741937,824.0645161290323,154.0,108.0,2720.0,1005.0,139.0,113.92857142857133,2564.6428571428573,1294.357142857143,127.5,124.86666666666656,2406.6666666666665,1634.4666666666667,104.26666666666688,113.4117647058822,2869.8823529411766,1307.9411764705883,151.7647058823527,127.6307692307692,2827.646153846154,371.6,138.32307692307677,99.0,1773.4262295081967,641.6065573770492,112.72131147540995,100.38356164383549,1751.4383561643835,1067.6849315068494,112.98630136986299,36.0,2030.8,1783.8,38.00000000000023
116,99.6190476190477,2962.1666666666665,1205.0,139.2380952380954,108.38461538461536,2607.3076923076924,632.6923076923077,111.76923076923049,121.0,3049.548387096774,824.258064516129,154.0,108.0,2719.0,1005.0,139.0,113.14285714285711,2565.714285714286,1298.2857142857142,128.0,125.79999999999995,2403.0,1638.2,105.40000000000009,113.29411764705878,2870.0588235294117,1308.5294117647059,153.11764705882342,127.50769230769231,2829.8615384615387,372.8,138.43076923076887,99.0,1777.5737704918033,641.3934426229508,112.27868852459005,100.63013698630152,1754.86301369863,1069.4109589041095,113.19178082191797,36.0,2030.1,1786.1,38.0
117,99.57142857142867,2962.25,1205.0,139.14285714285734,108.51282051282044,2607.076923076923,633.2564102564103,112.35897435897459,121.0,3049.7096774193546,824.4516129032259,154.0,108.0,2718.0,1005.0,139.0,112.35714285714289,2566.785714285714,1302.2142857142858,128.5,126.73333333333335,2399.3333333333335,1641.9333333333334,106.5333333333333,113.17647058823536,2870.235294117647,1309.1176470588234,154.47058823529414,127.38461538461536,2832.076923076923,374.0,138.5384615384619,99.0,1781.72131147541,641.1803278688525,111.83606557377038,100.8767123287671,1758.2876712328766,1071.13698630137,113.39726027397273,36.0,2029.4,1788.4,38.0
118,99.52380952380963,2962.3333333333335,1205.0,139.0476190476188,108.64102564102564,2606.846153846154,633.8205128205128,112.94871794871779,121.0,3049.8709677419356,824.6451612903226,154.0,108.0,2717.0,1005.0,139.0,111.57142857142867,2567.8571428571427,1306.142857142857,129.0,127.66666666666652,2395.6666666666665,1645.6666666666667,107.66666666666697,113.05882352941171,2870.4117647058824,1309.7058823529412,155.8235294117644,127.26153846153846,2834.2923076923075,375.2,138.646153846154,99.0,1785.8688524590164,640.9672131147541,111.39344262295094,101.1232876712329,1761.7123287671234,1072.86301369863,113.60273972602727,36.0,2028.7,1790.7,37.99999999999977
119,99.47619047619037,2962.4166666666665,1205.0,138.9523809523812,108.76923076923083,2606.6153846153848,634.3846153846154,113.53846153846143,121.0,3050.032258064516,824.8387096774194,154.0,108.0,2716.0,1005.0,139.0,110.78571428571422,2568.9285714285716,1310.0714285714287,129.5,128.5999999999999,2392.0,1649.4,108.80000000000018,112.94117647058829,2870.5882352941176,1310.2941176470588,157.1764705882356,127.13846153846157,2836.507692307692,376.4,138.7538461538461,99.0,1790.016393442623,640.7540983606557,110.95081967213105,101.36986301369848,1765.13698630137,1074.5890410958905,113.80821917808203,36.0,2028.0,1793.0,38.0
120,99.42857142857133,2962.5,1205.0,138.85714285714266,108.89743589743591,2606.3846153846152,634.9487179487179,114.12820512820508,121.0,3050.1935483870966,825.0322580645161,154.0,108.0,2715.0,1005.0,139.0,110.0,2570.0,1314.0,130.0,129.5333333333333,2388.3333333333335,1653.1333333333334,109.9333333333334,112.82352941176464,2870.764705882353,1310.8823529411766,158.52941176470586,127.01538461538462,2838.723076923077,377.6,138.86153846153866,99.0,1794.1639344262294,640.5409836065573,110.5081967213116,101.61643835616451,1768.5616438356165,1076.3150684931506,114.01369863013701,36.0,2026.875,1795.5,38.0
121,99.3809523809523,2962.5833333333335,1205.0,138.7619047619046,109.025641025641,2606.153846153846,635.5128205128206,114.71794871794873,121.0,3050.3548387096776,825.2258064516129,154.0,108.0,2714.0,1005.0,139.0,109.26666666666665,2571.5333333333333,1317.8,130.4666666666667,130.4666666666667,2384.6666666666665,1656.8666666666666,111.0666666666666,112.70588235294122,2870.9411764705883,1311.4705882352941,159.88235294117658,126.89230769230767,2840.9384615384615,378.8,138.96923076923076,99.0,1798.311475409836,640.327868852459,110.06557377049194,101.86301369863008,1771.986301369863,1078.041095890411,114.21917808219177,36.0,2025.75,1798.0,38.0
122,99.33333333333326,2962.6666666666665,1205.0,138.66666666666697,109.15384615384619,2605.923076923077,636.0769230769231,115.30769230769192,121.0,3050.516129032258,825.4193548387096,154.0,108.0,2713.0,1005.0,139.0,108.53333333333353,2573.0666666666666,1321.6,130.9333333333334,131.4000000000001,2381.0,1660.6,112.19999999999982,112.5882352941178,2871.1176470588234,1312.0588235294117,161.2352941176473,126.76923076923077,2843.153846153846,380.0,139.07692307692287,99.0,1802.4590163934427,640.1147540983607,109.62295081967204,102.10958904109589,1775.4109589041095,1079.7671232876712,114.42465753424676,36.0,2024.625,1800.5,38.0
123,99.28571428571422,2962.75,1205.0,138.57142857142844,109.28205128205127,2605.6923076923076,636.6410256410256,115.89743589743603,121.0,3050.6774193548385,825.6129032258065,154.0,108.0,2712.0,1005.0,139.0,107.79999999999995,2574.6,1325.4,131.4000000000001,132.33333333333348,2377.3333333333335,1664.3333333333333,113.33333333333303,112.47058823529392,2871.294117647059,1312.6470588235295,162.58823529411757,126.64615384615388,2845.369230769231,381.2,139.18461538461543,99.0,1806.6065573770493,639.9016393442623,109.18032786885237,102.35616438356146,1778.8356164383563,1081.4931506849316,114.6301369863013,36.0,2023.5,1803.0,38.0
124,99.23809523809518,2962.8333333333335,1205.0,138.47619047619037,109.41025641025647,2605.4615384615386,637.2051282051282,116.48717948717922,121.0,3050.8387096774195,825.8064516129032,154.0,108.0,2711.0,1005.0,139.0,107.0666666666666,2576.133333333333,1329.2,131.8666666666668,133.26666666666665,2373.6666666666665,1668.0666666666666,114.4666666666667,112.3529411764705,2871.470588235294,1313.235294117647,163.9411764705883,126.52307692307693,2847.5846153846155,382.4,139.29230769230753,99.0,1810.7540983606557,639.688524590164,108.73770491803293,102.6027397260275,1782.2602739726028,1083.2191780821918,114.83561643835606,36.0,2022.375,1805.5,38.0
125,99.19047619047615,2962.9166666666665,1205.0,138.38095238095275,109.53846153846155,2605.230769230769,637.7692307692307,117.07692307692332,121.0,3051.0,826.0,154.0,108.0,2710.0,1005.0,139.0,106.33333333333326,2577.6666666666665,1333.0,132.33333333333348,134.20000000000005,2370.0,1671.8,115.59999999999991,112.23529411764707,2871.6470588235293,1313.8235294117646,165.294117647059,126.39999999999998,2849.8,383.6,139.39999999999964,99.0,1814.9016393442623,639.4754098360655,108.29508196721304,102.8493150684933,1785.6849315068494,1084.945205479452,115.04109589041082,36.0,2021.25,1808.0,38.0
126,99.14285714285711,2963.0,1205.0,138.28571428571422,109.66666666666663,2605.0,638.3333333333334,117.66666666666652,121.0,3050.7685185185187,825.9166666666666,154.0,108.0,2709.0,1005.0,139.0,105.60000000000014,2579.2,1336.8,132.80000000000018,135.13333333333344,2366.3333333333335,1675.5333333333333,116.73333333333312,112.11764705882342,2871.823529411765,1314.4117647058824,166.64705882352928,126.27692307692308,2852.0153846153844,384.8,139.50769230769265,99.0,1819.0491803278687,639.2622950819672,107.8524590163936,103.09589041095887,1789.109589041096,1086.6712328767123,115.2465753424658,36.0,2020.125,1810.5,38.0
127,99.09523809523807,2963.0833333333335,1205.0,138.19047619047615,109.79487179487182,2604.769230769231,638.8974358974359,118.25641025641016,121.0,3050.537037037037,825.8333333333334,154.0,108.0,2708.0,1005.0,139.0,104.86666666666679,2580.733333333333,1340.6,133.26666666666688,136.0666666666666,2362.6666666666665,1679.2666666666667,117.86666666666679,112.0,2872.0,1315.0,168.0,126.15384615384619,2854.230769230769,386.0,139.61538461538476,99.0,1823.1967213114754,639.0491803278688,107.40983606557393,103.34246575342468,1792.5342465753424,1088.3972602739725,115.45205479452056,36.0,2019.0,1813.0,38.0
128,99.04761904761904,2963.1666666666665,1205.0,138.09523809523807,109.9230769230769,2604.5384615384614,639.4615384615385,118.84615384615381,121.0,3050.3055555555557,825.75,154.0,108.0,2707.0,1005.0,139.0,104.13333333333321,2582.266666666667,1344.4,133.73333333333312,137.0,2359.0,1683.0,119.0,112.0666666666666,2875.3333333333335,1315.9333333333334,167.23333333333312,126.0307692307693,2856.4461538461537,387.2,139.72307692307686,99.0,1827.344262295082,638.8360655737705,106.96721311475403,103.58904109589048,1795.958904109589,1090.123287671233,115.65753424657555,36.0,2017.625,1814.875,38.0
129,99.0,2963.25,1205.0,138.0,110.0512820512821,2604.3076923076924,640.025641025641,119.43589743589746,121.0,3050.074074074074,825.6666666666666,154.0,108.0,2706.0,1005.0,139.0,103.39999999999986,2583.8,1348.2,134.19999999999982,136.3157894736844,2355.842105263158,1687.2105263157894,119.42105263157873,112.13333333333344,2878.6666666666665,1316.8666666666666,166.4666666666667,125.90769230769229,2858.6615384615384,388.4,139.83076923076942,99.0,1831.4918032786886,638.6229508196722,106.52459016393436,103.83561643835628,1799.3835616438355,1091.849315068493,115.86301369863031,36.0,2016.25,1816.75,38.0
130,98.95238095238096,2963.3333333333335,1205.0,137.90476190476193,110.17948717948718,2604.076923076923,640.5897435897435,120.02564102564111,121.0,3049.8425925925926,825.5833333333334,154.0,108.0,2705.0,1005.0,139.0,102.66666666666674,2585.3333333333335,1352.0,134.66666666666652,135.63157894736833,2352.684210526316,1691.421052631579,119.84210526315792,112.20000000000005,2882.0,1317.8,165.69999999999982,125.78461538461534,2860.876923076923,389.6,139.93846153846152,99.0,1835.639344262295,638.4098360655738,106.08196721311492,104.08219178082186,1802.8082191780823,1093.5753424657535,116.06849315068484,36.0,2014.875,1818.625,38.0
131,98.90476190476193,2963.4166666666665,1205.0,137.80952380952385,110.30769230769226,2603.846153846154,641.1538461538462,120.61538461538476,121.0,3049.6111111111113,825.5,154.0,108.0,2704.0,1005.0,139.0,101.9333333333334,2586.866666666667,1355.8,135.1333333333332,134.94736842105272,2349.5263157894738,1695.6315789473683,120.26315789473665,112.26666666666665,2885.3333333333335,1318.7333333333333,164.9333333333334,125.66153846153844,2863.0923076923077,390.8,140.04615384615363,99.0,1839.7868852459017,638.1967213114754,105.63934426229503,104.32876712328766,1806.2328767123288,1095.3013698630136,116.2739726027396,36.0,2013.5,1820.5,38.0
132,98.85714285714289,2963.5,1205.0,137.71428571428578,110.43589743589746,2603.6153846153848,641.7179487179487,121.20512820512795,121.0,3049.3796296296296,825.4166666666666,154.0,108.0,2703.0,1005.0,139.0,101.20000000000005,2588.4,1359.6,135.5999999999999,134.26315789473688,2346.3684210526317,1699.842105263158,120.68421052631584,112.33333333333326,2888.6666666666665,1319.6666666666667,164.16666666666697,125.53846153846155,2865.3076923076924,392.0,140.1538461538462,99.0,1843.934426229508,637.983606557377,105.19672131147559,104.57534246575347,1809.6575342465753,1097.027397260274,116.47945205479459,36.0,2012.125,1822.375,38.0
133,98.80952380952385,2963.5833333333335,1205.0,137.61904761904725,110.56410256410254,2603.3846153846152,642.2820512820513,121.79487179487205,121.0,3049.1481481481483,825.3333333333334,154.0,108.0,2702.0,1005.0,139.0,100.46666666666647,2589.9333333333334,1363.4,136.0666666666666,133.57894736842104,2343.2105263157896,1704.0526315789473,121.10526315789457,112.40000000000009,2892.0,1320.6,163.4000000000001,125.41538461538465,2867.523076923077,393.2,140.2615384615383,99.0,1848.0819672131147,637.7704918032787,104.75409836065592,104.82191780821927,1813.0821917808219,1098.7534246575342,116.68493150684935,36.0,2010.75,1824.25,38.0
134,98.76190476190482,2963.6666666666665,1205.0,137.52380952380963,110.69230769230774,2603.153846153846,642.8461538461538,122.38461538461524,121.0,3048.9166666666665,825.25,154.0,108.0,2701.0,1005.0,139.0,99.73333333333335,2591.4666666666667,1367.2,136.5333333333333,132.8947368421052,2340.0526315789475,1708.2631578947369,121.52631578947376,112.4666666666667,2895.3333333333335,1321.5333333333333,162.6333333333332,125.29230769230776,2869.7384615384617,394.4,140.3692307692304,99.0,1852.2295081967213,637.5573770491803,104.31147540983602,105.06849315068484,1816.5068493150684,1100.4794520547946,116.89041095890434,36.0,2009.375,1826.125,38.0
135,98.71428571428578,2963.75,1205.0,137.42857142857156,110.82051282051282,2602.923076923077,643.4102564102565,122.97435897435889,121.0,3048.685185185185,825.1666666666666,154.0,108.0,2700.0,1005.0,139.0,99.0,2593.0,1371.0,137.0,132.2105263157896,2336.8947368421054,1712.4736842105262,121.94736842105249,112.5333333333333,2898.6666666666665,1322.4666666666667,161.8666666666668,125.1692307692307,2871.9538461538464,395.6,140.47692307692296,99.0,1856.377049180328,637.344262295082,103.86885245901635,105.31506849315065,1819.9315068493152,1102.2054794520548,117.09589041095887,36.0,2008.0,1828.0,38.0
136,98.66666666666674,2963.8333333333335,1205.0,137.33333333333303,110.9487179487179,2602.6923076923076,643.974358974359,123.56410256410254,121.0,3048.453703703704,825.0833333333334,154.0,108.0,2699.0,1005.0,139.0,100.94117647058829,2594.705882352941,1370.764705882353,136.1764705882356,131.52631578947353,2333.7368421052633,1716.6842105263158,122.36842105263122,112.59999999999991,2902.0,1323.4,161.0999999999999,125.0461538461538,2874.1692307692306,396.8,140.58461538461552,99.0,1860.5245901639344,637.1311475409836,103.42622950819691,105.56164383561645,1823.3561643835617,1103.9315068493152,117.30136986301363,36.0,2006.8,1829.0,38.0
137,98.6190476190477,2963.9166666666665,1205.0,137.2380952380954,111.0769230769231,2602.4615384615386,644.5384615384615,124.15384615384619,121.0,3048.222222222222,825.0,154.0,108.0,2698.0,1005.0,139.0,102.88235294117658,2596.4117647058824,1370.5294117647059,135.35294117647072,130.84210526315792,2330.5789473684213,1720.8947368421052,122.7894736842104,112.66666666666674,2905.3333333333335,1324.3333333333333,160.33333333333303,124.9230769230769,2876.3846153846152,398.0,140.69230769230762,99.0,1864.672131147541,636.9180327868852,102.98360655737702,105.80821917808225,1826.7808219178082,1105.6575342465753,117.5068493150684,36.0,2005.6,1830.0,38.0
138,98.57142857142867,2964.0,1205.0,137.14285714285734,111.20512820512818,2602.230769230769,645.1025641025641,124.74358974358984,121.0,3047.990740740741,824.9166666666666,154.0,108.0,2697.0,1005.0,139.0,104.82352941176464,2598.1176470588234,1370.2941176470588,134.52941176470586,130.15789473684208,2327.4210526315787,1725.1052631578948,123.2105263157896,112.73333333333335,2908.6666666666665,1325.2666666666667,159.5666666666666,124.80000000000001,2878.6,399.2,140.80000000000018,99.0,1868.8196721311476,636.7049180327868,102.54098360655735,106.05479452054783,1830.2054794520548,1107.3835616438357,117.71232876712338,36.0,2004.4,1831.0,38.0
139,98.52380952380963,2964.0833333333335,1205.0,137.0476190476188,111.33333333333337,2602.0,645.6666666666666,125.33333333333348,121.0,3047.759259259259,824.8333333333334,154.0,108.0,2696.0,1005.0,139.0,106.76470588235293,2599.823529411765,1370.0588235294117,133.705882352941,129.47368421052647,2324.2631578947367,1729.3157894736842,123.63157894736878,112.79999999999995,2912.0,1326.2,158.80000000000018,124.67692307692312,2880.8153846153846,400.4,140.9076923076923,99.0,1872.967213114754,636.4918032786885,102.09836065573768,106.30136986301363,1833.6301369863013,1109.109589041096,117.91780821917814,36.0,2003.2,1832.0,38.0
140,98.47619047619037,2964.1666666666665,1205.0,136.9523809523812,111.46153846153845,2601.769230769231,646.2307692307693,125.92307692307668,121.0,3047.527777777778,824.75,154.0,108.0,2695.0,1005.0,139.0,108.70588235294122,2601.529411764706,1369.8235294117646,132.88235294117658,128.7894736842104,2321.1052631578946,1733.5263157894738,124.05263157894751,112.86666666666656,2915.3333333333335,1327.1333333333334,158.0333333333333,124.55384615384617,2883.0307692307692,401.6,141.01538461538485,99.0,1877.1147540983607,636.2786885245902,101.65573770491801,106.54794520547944,1837.054794520548,1110.8356164383563,118.12328767123267,36.0,2002.0,1833.0,38.0
141,98.42857142857133,2964.25,1205.0,136.85714285714266,111.58974358974353,2601.5384615384614,646.7948717948718,126.51282051282078,121.0,3047.296296296296,824.6666666666666,154.0,108.0,2694.0,1005.0,139.0,110.6470588235295,2603.235294117647,1369.5882352941176,132.05882352941217,128.1052631578948,2317.9473684210525,1737.7368421052631,124.47368421052624,112.9333333333334,2918.6666666666665,1328.0666666666666,157.26666666666688,124.43076923076927,2885.246153846154,402.8,141.12307692307695,99.0,1881.2622950819673,636.0655737704918,101.21311475409834,106.79452054794524,1840.4794520547946,1112.5616438356165,118.32876712328766,36.0,2000.8,1834.0,38.0
142,98.3809523809523,2964.3333333333335,1205.0,136.7619047619046,111.71794871794873,2601.3076923076924,647.3589743589744,127.10256410256397,121.0,3047.064814814815,824.5833333333334,154.0,108.0,2693.0,1005.0,139.0,112.5882352941178,2604.9411764705883,1369.3529411764705,131.23529411764684,127.42105263157896,2314.7894736842104,1741.9473684210527,124.89473684210543,113.0,2922.0,1329.0,156.5,124.30769230769226,2887.4615384615386,404.0,141.23076923076906,99.0,1885.4098360655737,635.8524590163935,100.77049180327867,107.04109589041104,1843.9041095890411,1114.2876712328766,118.53424657534242,36.0,1999.6,1835.0,38.0
143,98.33333333333326,2964.4166666666665,1205.0,136.66666666666697,111.84615384615381,2601.076923076923,647.9230769230769,127.69230769230808,121.0,3046.8333333333335,824.5,154.0,108.0,2692.0,1005.0,139.0,114.52941176470608,2606.6470588235293,1369.1176470588234,130.41176470588243,126.73684210526312,2311.6315789473683,1746.157894736842,125.31578947368416,113.0666666666666,2925.3333333333335,1329.9333333333334,155.73333333333312,124.18461538461537,2889.6769230769232,405.2,141.33846153846116,99.0,1889.5573770491803,635.639344262295,100.327868852459,107.28767123287662,1847.3287671232877,1116.013698630137,118.73972602739718,36.0,1998.4,1836.0,38.0
144,98.28571428571422,2964.5,1205.0,136.57142857142844,111.974358974359,2600.846153846154,648.4871794871794,128.28205128205127,121.0,3046.6018518518517,824.4166666666666,154.0,108.0,2691.0,1005.0,139.0,116.47058823529392,2608.3529411764707,1368.8823529411766,129.58823529411757,126.05263157894728,2308.4736842105262,1750.3684210526317,125.73684210526335,113.13333333333344,2928.6666666666665,1330.8666666666666,154.9666666666667,124.06153846153848,2891.892307692308,406.4,141.44615384615372,99.0,1893.704918032787,635.4262295081967,99.88524590163934,107.53424657534265,1850.7534246575342,1117.7397260273972,118.94520547945217,36.0,1997.2,1837.0,38.0
145,98.23809523809518,2964.5833333333335,1205.0,136.47619047619037,112.10256410256409,2600.6153846153848,649.0512820512821,128.87179487179492,121.0,3046.3703703703704,824.3333333333334,154.0,108.0,2690.0,1005.0,139.0,118.4117647058822,2610.0588235294117,1368.6470588235295,128.76470588235316,125.36842105263167,2305.315789473684,1754.578947368421,126.15789473684208,113.20000000000005,2932.0,1331.8,154.19999999999982,123.93846153846152,2894.107692307692,407.6,141.55384615384628,99.0,1897.8524590163934,635.2131147540983,99.44262295081967,107.78082191780823,1854.1780821917807,1119.4657534246576,119.15068493150693,36.0,1996.0,1838.0,38.0
146,98.19047619047615,2964.6666666666665,1205.0,136.38095238095275,112.23076923076917,2600.3846153846152,649.6153846153846,129.46153846153857,121.0,3046.1388888888887,824.25,154.0,108.0,2689.0,1005.0,139.0,120.3529411764705,2611.764705882353,1368.4117647058824,127.94117647058783,124.68421052631584,2302.157894736842,1758.7894736842104,126.57894736842127,113.26666666666665,2935.3333333333335,1332.7333333333333,153.4333333333334,123.81538461538463,2896.3230769230768,408.8,141.66153846153884,99.0,1902.0,635.0,99.0,108.02739726027403,1857.6027397260275,1121.1917808219177,119.35616438356146,36.0,1994.5,1838.3,38.0
147,98.14285714285711,2964.75,1205.0,136.28571428571422,112.35897435897436,2600.153846153846,650.1794871794872,130.05128205128221,121.0,3045.9074074074074,824.1666666666666,154.0,108.0,2688.0,1005.0,139.0,122.29411764705878,2613.470588235294,1368.1764705882354,127.11764705882342,124.0,2299.0,1763.0,127.0,113.33333333333326,2938.6666666666665,1333.6666666666667,152.66666666666697,123.69230769230774,2898.5384615384614,410.0,141.76923076923094,99.125,1904.4375,634.59375,99.4375,108.2739726027396,1861.027397260274,1122.9178082191781,119.56164383561645,36.0,1993.0,1838.6,38.0
148,98.09523809523807,2964.8333333333335,1205.0,136.19047619047615,112.48717948717956,2599.923076923077,650.7435897435897,130.6410256410254,121.0,3045.675925925926,824.0833333333334,154.0,108.0,2687.0,1005.0,139.0,124.23529411764707,2615.176470588235,1367.9411764705883,126.29411764705901,123.28571428571422,2294.5714285714284,1766.0714285714287,127.42857142857156,113.40000000000009,2942.0,1334.6,151.9000000000001,123.56923076923073,2900.753846153846,411.2,141.87692307692305,99.25,1906.875,634.1875,99.875,108.52054794520541,1864.4520547945206,1124.6438356164383,119.76712328767121,36.0,1991.5,1838.9,38.0
149,98.04761904761904,2964.9166666666665,1205.0,136.09523809523807,112.61538461538464,2599.6923076923076,651.3076923076923,131.2307692307695,121.0,3045.4444444444443,824.0,154.0,108.0,2686.0,1005.0,139.0,126.17647058823536,2616.8823529411766,1367.7058823529412,125.47058823529414,122.57142857142867,2290.1428571428573,1769.142857142857,127.85714285714266,113.4666666666667,2945.3333333333335,1335.5333333333333,151.1333333333332,123.44615384615383,2902.9692307692308,412.4,141.98461538461515,99.375,1909.3125,633.78125,100.3125,108.76712328767121,1867.876712328767,1126.3698630136987,119.97260273972597,36.0,1990.0,1839.2,38.0
150,98.0,2965.0,1205.0,136.0,112.74358974358972,2599.4615384615386,651.8717948717949,131.8205128205127,121.0,3045.212962962963,823.9166666666666,154.0,108.0,2685.0,1005.0,139.0,128.11764705882342,2618.5882352941176,1367.4705882352941,124.64705882352928,121.85714285714289,2285.714285714286,1772.2142857142858,128.28571428571422,113.5333333333333,2948.6666666666665,1336.4666666666667,150.3666666666668,123.32307692307688,2905.1846153846154,413.6,142.0923076923077,99.5,1911.75,633.375,100.75,109.01369863013701,1871.3013698630136,1128.0958904109589,120.17808219178096,36.0,1988.5,1839.5,38.0
151,98.0,2964.8295454545455,1204.9545454545455,136.0,112.8717948717948,2599.230769230769,652.4358974358975,132.4102564102568,121.0,3044.9814814814813,823.8333333333334,154.0,108.0,2684.0,1005.0,139.0,130.0588235294117,2620.294117647059,1367.235294117647,123.82352941176441,121.14285714285711,2281.285714285714,1775.2857142857142,128.71428571428578,113.59999999999991,2952.0,1337.4,149.5999999999999,123.19999999999999,2907.4,414.8,142.19999999999982,99.625,1914.1875,632.96875,101.1875,109.26027397260259,1874.7260273972602,1129.8219178082193,120.38356164383572,36.0,1987.0,1839.8,38.0
152,98.0,2964.659090909091,1204.909090909091,136.0,113.0,2599.0,653.0,133.0,121.0,3044.75,823.75,154.0,108.0,2683.0,1005.0,139.0,132.0,2622.0,1367.0,123.0,120.42857142857133,2276.8571428571427,1778.357142857143,129.14285714285734,113.66666666666674,2955.3333333333335,1338.3333333333333,148.83333333333303,123.0769230769231,2909.6153846153848,416.0,142.30769230769238,99.75,1916.625,632.5625,101.625,109.50684931506862,1878.150684931507,1131.5479452054794,120.58904109589025,36.0,1985.5,1840.1,38.0
153,98.0,2964.4886363636365,1204.8636363636363,136.0,112.77272727272725,2598.3636363636365,653.9545454545455,132.590909090909,121.0,3044.5185185185187,823.6666666666666,154.0,108.0,2682.0,1005.0,139.0,131.909090909091,2621.8636363636365,1366.3636363636363,122.86363636363603,119.71428571428578,2272.4285714285716,1781.4285714285713,129.57142857142844,113.73333333333335,2958.6666666666665,1339.2666666666667,148.0666666666666,122.9538461538462,2911.8307692307694,417.2,142.41538461538448,99.875,1919.0625,632.15625,102.0625,109.7534246575342,1881.5753424657535,1133.2739726027398,120.79452054794524,36.0,1984.0,1840.4,38.0
154,98.0,2964.318181818182,1204.8181818181818,136.0,112.54545454545462,2597.7272727272725,654.9090909090909,132.18181818181847,121.0,3044.287037037037,823.5833333333334,154.0,108.0,2681.0,1005.0,139.0,131.81818181818176,2621.7272727272725,1365.7272727272727,122.72727272727298,119.0,2268.0,1784.5,130.0,113.79999999999995,2962.0,1340.2,147.30000000000018,122.8307692307693,2914.046153846154,418.4,142.5230769230766,100.0,1921.5,631.75,102.5,110.0,1885.0,1135.0,121.0,36.0,1982.5,1840.7,38.0
155,98.0,2964.1477272727275,1204.7727272727273,136.0,112.31818181818176,2597.090909090909,655.8636363636364,131.77272727272748,121.0,3044.0555555555557,823.5,154.0,108.0,2680.0,1005.0,139.0,131.72727272727275,2621.590909090909,1365.090909090909,122.59090909090901,118.28571428571422,2263.5714285714284,1787.5714285714287,130.42857142857156,113.86666666666656,2965.3333333333335,1341.1333333333334,146.5333333333333,122.70769230769224,2916.2615384615383,419.6,142.6307692307696,100.125,1923.9375,631.34375,102.9375,109.80000000000018,1887.6,1136.942857142857,120.72857142857151,36.0,1981.0,1841.0,38.0
156,98.0,2963.9772727272725,1204.7272727272727,136.0,112.09090909090901,2596.4545454545455,656.8181818181819,131.3636363636365,121.0,3043.824074074074,823.4166666666666,154.0,108.0,2679.0,1005.0,139.0,131.6363636363635,2621.4545454545455,1364.4545454545455,122.4545454545455,117.57142857142867,2259.1428571428573,1790.642857142857,130.85714285714266,113.9333333333334,2968.6666666666665,1342.0666666666666,145.76666666666688,122.58461538461535,2918.476923076923,420.8,142.7384615384617,100.25,1926.375,630.9375,103.375,109.59999999999991,1890.2,1138.8857142857144,120.4571428571428,36.0,1979.5,1841.3333333333333,38.0
157,98.0,2963.806818181818,1204.6818181818182,136.0,111.86363636363637,2595.818181818182,657.7727272727273,130.9545454545455,121.0,3043.5925925925926,823.3333333333334,154.0,108.0,2678.0,1005.0,139.0,131.5454545454545,2621.318181818182,1363.8181818181818,122.31818181818153,116.85714285714289,2254.714285714286,1793.7142857142858,131.28571428571422,114.0,2972.0,1343.0,145.0,122.46153846153845,2920.6923076923076,422.0,142.8461538461538,100.375,1928.8125,630.53125,103.8125,109.40000000000009,1892.8,1140.8285714285714,120.18571428571431,36.0,1978.0,1841.6666666666667,38.0
158,98.0,2963.6363636363635,1204.6363636363637,136.0,111.63636363636363,2595.181818181818,658.7272727272727,130.5454545454545,121.0,3043.3611111111113,823.25,154.0,108.0,2677.0,1005.0,139.0,131.4545454545455,2621.181818181818,1363.1818181818182,122.18181818181847,116.14285714285711,2250.285714285714,1796.7857142857142,131.71428571428578,113.78571428571422,2973.1428571428573,1342.0714285714287,146.14285714285688,122.33846153846156,2922.9076923076923,423.2,142.95384615384637,100.5,1931.25,630.125,104.25,109.20000000000005,1895.4,1142.7714285714285,119.9142857142856,36.0,1976.5,1842.0,38.0
159,98.0,2963.465909090909,1204.590909090909,136.0,111.40909090909099,2594.5454545454545,659.6818181818181,130.1363636363635,121.0,3043.1296296296296,823.1666666666666,154.0,108.0,2676.0,1005.0,139.0,131.3636363636365,2621.0454545454545,1362.5454545454545,122.0454545454545,115.42857142857133,2245.8571428571427,1799.857142857143,132.14285714285734,113.57142857142867,2974.285714285714,1341.142857142857,147.28571428571422,122.21538461538466,2925.123076923077,424.4,143.06153846153848,100.625,1933.6875,629.71875,104.6875,109.0,1898.0,1144.7142857142858,119.64285714285711,36.0,1975.0,1842.3333333333333,38.0
160,98.0,2963.2954545454545,1204.5454545454545,136.0,111.18181818181824,2593.909090909091,660.6363636363636,129.72727272727252,121.0,3042.8981481481483,823.0833333333334,154.0,108.0,2675.0,1005.0,139.0,131.27272727272725,2620.909090909091,1361.909090909091,121.90909090909099,114.71428571428578,2241.4285714285716,1802.9285714285713,132.57142857142844,113.35714285714289,2975.4285714285716,1340.2142857142858,148.4285714285711,122.09230769230771,2927.3384615384616,425.6,143.16923076923058,100.75,1936.125,629.3125,105.125,108.79999999999995,1900.6,1146.6571428571428,119.37142857142862,36.0,1973.5,1842.6666666666667,38.0
161,98.0,2963.125,1204.5,136.0,110.95454545454538,2593.2727272727275,661.5909090909091,129.31818181818153,121.0,3042.6666666666665,823.0,154.0,107.83333333333337,2674.4583333333335,1004.7083333333334,138.60416666666652,131.18181818181824,2620.7727272727275,1361.2727272727273,121.77272727272702,114.0,2237.0,1806.0,133.0,113.14285714285711,2976.5714285714284,1339.2857142857142,149.5714285714289,121.9692307692307,2929.5538461538463,426.8,143.27692307692314,100.875,1938.5625,628.90625,105.5625,108.60000000000014,1903.2,1148.6,119.09999999999991,36.0,1972.0,1843.0,38.0
162,98.0,2962.9545454545455,1204.4545454545455,136.0,110.72727272727275,2592.6363636363635,662.5454545454545,128.909090909091,121.0,3042.435185185185,822.9166666666666,154.0,107.66666666666663,2673.9166666666665,1004.4166666666666,138.20833333333348,131.090909090909,2620.6363636363635,1360.6363636363637,121.63636363636397,113.0,2224.0,1813.0,133.0,112.92857142857133,2977.714285714286,1338.357142857143,150.71428571428578,121.84615384615381,2931.769230769231,428.0,143.38461538461524,101.0,1941.0,628.5,106.0,108.39999999999986,1905.8,1150.5428571428572,118.82857142857142,36.0,1971.3333333333333,1842.5555555555557,38.0
163,98.0,2962.784090909091,1204.409090909091,136.0,110.5,2592.0,663.5,128.5,121.0,3042.203703703704,822.8333333333334,154.0,107.5,2673.375,1004.125,137.8125,131.0,2620.5,1360.0,121.5,112.36363636363626,2218.909090909091,1815.4545454545455,133.4545454545455,112.71428571428578,2978.8571428571427,1337.4285714285713,151.85714285714312,121.72307692307692,2933.9846153846156,429.2,143.49230769230735,101.125,1943.4375,628.09375,106.4375,108.20000000000005,1908.4,1152.4857142857143,118.55714285714271,36.0,1970.6666666666667,1842.111111111111,38.0
164,98.0,2962.6136363636365,1204.3636363636363,136.0,110.27272727272725,2591.3636363636365,664.4545454545455,128.090909090909,121.0,3041.972222222222,822.75,154.0,107.33333333333337,2672.8333333333335,1003.8333333333334,137.41666666666652,130.909090909091,2620.3636363636365,1359.3636363636363,121.36363636363603,111.72727272727275,2213.818181818182,1817.909090909091,133.90909090909054,112.5,2980.0,1336.5,153.0,121.60000000000002,2936.2,430.4,143.60000000000036,101.25,1945.875,627.6875,106.875,108.0,1911.0,1154.4285714285713,118.28571428571422,36.0,1970.0,1841.6666666666667,38.0
165,98.0,2962.443181818182,1204.3181818181818,136.0,110.04545454545462,2590.7272727272725,665.4090909090909,127.68181818181847,121.0,3041.740740740741,822.6666666666666,154.0,107.16666666666663,2672.2916666666665,1003.5416666666666,137.02083333333348,130.81818181818176,2620.2272727272725,1358.7272727272727,121.22727272727298,111.09090909090924,2208.7272727272725,1820.3636363636363,134.3636363636365,112.28571428571422,2981.1428571428573,1335.5714285714287,154.14285714285688,121.47692307692307,2938.4153846153845,431.6,143.70769230769247,101.375,1948.3125,627.28125,107.3125,107.79999999999995,1913.6,1156.3714285714286,118.01428571428573,36.0,1969.3333333333333,1841.2222222222222,38.0
166,98.0,2962.2727272727275,1204.2727272727273,136.0,109.81818181818176,2590.090909090909,666.3636363636364,127.27272727272748,121.0,3041.509259259259,822.5833333333334,154.0,107.0,2671.75,1003.25,136.625,130.72727272727275,2620.090909090909,1358.090909090909,121.09090909090901,110.4545454545455,2203.6363636363635,1822.8181818181818,134.81818181818198,112.07142857142867,2982.285714285714,1334.642857142857,155.28571428571422,121.35384615384618,2940.630769230769,432.8,143.81538461538457,101.5,1950.75,626.875,107.75,107.60000000000014,1916.2,1158.3142857142857,117.74285714285702,36.0,1968.6666666666667,1840.7777777777778,38.0
167,98.0,2962.1022727272725,1204.2272727272727,136.0,109.59090909090901,2589.4545454545455,667.3181818181819,126.86363636363649,121.0,3041.277777777778,822.5,154.0,106.83333333333337,2671.2083333333335,1002.9583333333334,136.22916666666652,130.6363636363635,2619.9545454545455,1357.4545454545455,120.9545454545455,109.81818181818176,2198.5454545454545,1825.2727272727273,135.27272727272748,111.85714285714289,2983.4285714285716,1333.7142857142858,156.4285714285711,121.23076923076928,2942.846153846154,434.0,143.92307692307713,101.625,1953.1875,626.46875,108.1875,107.40000000000009,1918.8,1160.2571428571428,117.47142857142853,36.0,1968.0,1840.3333333333333,38.0
168,98.0,2961.931818181818,1204.1818181818182,136.0,109.36363636363637,2588.818181818182,668.2727272727273,126.4545454545455,121.0,3041.046296296296,822.4166666666666,154.0,106.66666666666663,2670.6666666666665,1002.6666666666666,135.83333333333348,130.5454545454545,2619.818181818182,1356.8181818181818,120.81818181818153,109.18181818181824,2193.4545454545455,1827.7272727272727,135.72727272727252,111.64285714285711,2984.5714285714284,1332.7857142857142,157.5714285714289,121.10769230769228,2945.0615384615385,435.2,144.03076923076924,101.75,1955.625,626.0625,108.625,107.20000000000005,1921.4,1162.2,117.19999999999982,36.0,1967.3333333333333,1839.888888888889,38.0
169,98.0,2961.7613636363635,1204.1363636363637,136.0,109.13636363636363,2588.181818181818,669.2272727272727,126.0454545454545,121.0,3040.814814814815,822.3333333333334,154.0,106.5,2670.125,1002.375,135.4375,130.4545454545455,2619.681818181818,1356.1818181818182,120.68181818181847,108.5454545454545,2188.3636363636365,1830.1818181818182,136.18181818181802,111.42857142857133,2985.714285714286,1331.857142857143,158.71428571428578,120.98461538461538,2947.276923076923,436.4,144.13846153846134,101.875,1958.0625,625.65625,109.0625,107.0,1924.0,1164.142857142857,116.92857142857133,36.0,1966.6666666666667,1839.4444444444443,38.0
170,98.0,2961.590909090909,1204.090909090909,136.0,108.90909090909099,2587.5454545454545,670.1818181818181,125.63636363636351,121.0,3040.5833333333335,822.25,154.0,106.33333333333337,2669.5833333333335,1002.0833333333334,135.04166666666652,130.3636363636365,2619.5454545454545,1355.5454545454545,120.5454545454545,107.90909090909076,2183.2727272727275,1832.6363636363637,136.6363636363635,111.21428571428578,2986.8571428571427,1330.9285714285713,159.85714285714312,120.86153846153843,2949.492307692308,437.6,144.2461538461539,102.0,1960.5,625.25,109.5,106.80000000000018,1926.6,1166.0857142857142,116.65714285714284,36.0,1966.0,1839.0,38.0
171,98.0,2961.4204545454545,1204.0454545454545,136.0,108.68181818181824,2586.909090909091,671.1363636363636,125.22727272727252,121.0,3040.3518518518517,822.1666666666666,154.0,106.16666666666663,2669.0416666666665,1001.7916666666666,134.64583333333348,130.27272727272725,2619.409090909091,1354.909090909091,120.40909090909099,107.27272727272725,2178.181818181818,1835.090909090909,137.09090909090946,111.0,2988.0,1330.0,161.0,120.73846153846154,2951.7076923076925,438.8,144.353846153846,102.125,1962.9375,624.84375,109.9375,106.59999999999991,1929.2,1168.0285714285715,116.38571428571413,36.0,1966.0714285714287,1839.357142857143,38.0
172,98.0,2961.25,1204.0,136.0,108.45454545454538,2586.2727272727275,672.0909090909091,124.81818181818153,121.0,3040.1203703703704,822.0833333333334,154.0,106.0,2668.5,1001.5,134.25,130.18181818181824,2619.2727272727275,1354.2727272727273,120.27272727272702,106.63636363636374,2173.090909090909,1837.5454545454545,137.5454545454545,111.19999999999982,2990.866666666667,1328.6666666666667,159.9333333333334,120.61538461538464,2953.923076923077,440.0,144.4615384615381,102.25,1965.375,624.4375,110.375,106.40000000000009,1931.8,1169.9714285714285,116.11428571428564,36.0,1966.142857142857,1839.7142857142858,38.0
173,98.0,2961.0795454545455,1203.9545454545455,136.0,108.22727272727275,2585.6363636363635,673.0454545454545,124.40909090909099,121.0,3039.8888888888887,822.0,154.0,105.83333333333337,2667.9583333333335,1001.2083333333334,133.85416666666652,130.090909090909,2619.1363636363635,1353.6363636363637,120.13636363636397,106.0,2168.0,1840.0,138.0,111.40000000000009,2993.733333333333,1327.3333333333333,158.8666666666668,120.49230769230775,2956.1384615384613,441.2,144.56923076923113,102.375,1967.8125,624.03125,110.8125,106.20000000000005,1934.4,1171.9142857142856,115.84285714285716,36.0,1966.2142857142858,1840.0714285714287,38.0
174,98.0,2960.909090909091,1203.909090909091,136.0,108.0,2585.0,674.0,124.0,121.0,3039.6574074074074,821.9166666666666,154.0,105.66666666666663,2667.4166666666665,1000.9166666666666,133.45833333333348,130.0,2619.0,1353.0,120.0,104.39999999999986,2168.6,1841.2,132.80000000000018,111.59999999999991,2996.6,1326.0,157.80000000000018,120.36923076923074,2958.353846153846,442.4,144.67692307692323,102.5,1970.25,623.625,111.25,106.0,1937.0,1173.857142857143,115.57142857142844,36.0,1966.2857142857142,1840.4285714285713,38.0
175,98.0,2960.7386363636365,1203.8636363636363,136.0,107.78947368421052,2584.815789473684,674.3684210526316,123.63157894736833,121.0,3039.425925925926,821.8333333333334,154.0,105.5,2666.875,1000.625,133.0625,130.0,2618.6610169491523,1352.8983050847457,120.0,102.79999999999995,2169.2,1842.4,127.60000000000036,111.79999999999995,2999.4666666666667,1324.6666666666667,156.73333333333312,120.24615384615379,2960.5692307692307,443.6,144.78461538461534,102.625,1972.6875,623.21875,111.6875,105.79999999999995,1939.6,1175.8,115.30000000000018,36.0,1966.357142857143,1840.7857142857142,38.0
176,98.0,2960.568181818182,1203.8181818181818,136.0,107.57894736842104,2584.6315789473683,674.7368421052631,123.2631578947371,121.0,3039.1944444444443,821.75,154.0,105.33333333333337,2666.3333333333335,1000.3333333333334,132.66666666666652,130.0,2618.322033898305,1352.7966101694915,120.0,101.20000000000005,2169.8,1843.6,122.39999999999964,112.0,3002.3333333333335,1323.3333333333333,155.66666666666652,120.1230769230769,2962.7846153846153,444.8,144.8923076923079,102.75,1975.125,622.8125,112.125,105.59999999999991,1942.2,1177.7428571428572,115.02857142857124,36.0,1966.4285714285713,1841.142857142857,38.0
177,98.0,2960.3977272727275,1203.7727272727273,136.0,107.36842105263167,2584.4473684210525,675.1052631578947,122.89473684210543,121.0,3038.962962962963,821.6666666666666,154.0,105.16666666666663,2665.7916666666665,1000.0416666666666,132.27083333333348,130.0,2617.9830508474574,1352.6949152542372,120.0,99.60000000000014,2170.4,1844.8,117.19999999999982,112.20000000000005,3005.2,1322.0,154.60000000000036,120.0,2965.0,446.0,145.0,102.875,1977.5625,622.40625,112.5625,105.40000000000009,1944.8,1179.6857142857143,114.75714285714298,36.0,1966.5,1841.5,38.0
178,98.0,2960.2272727272725,1203.7272727272727,136.0,107.15789473684208,2584.2631578947367,675.4736842105264,122.52631578947376,121.0,3038.7314814814813,821.5833333333334,154.0,105.0,2665.25,999.75,131.875,130.0,2617.64406779661,1352.593220338983,120.0,98.0,2171.0,1846.0,112.0,112.39999999999986,3008.0666666666666,1320.6666666666667,153.5333333333333,119.70588235294122,2965.372549019608,446.37254901960785,145.11764705882342,103.0,1980.0,622.0,113.0,105.20000000000005,1947.4,1181.6285714285714,114.48571428571404,36.0,1966.5714285714287,1841.857142857143,38.0
179,98.0,2960.056818181818,1203.6818181818182,136.0,106.9473684210526,2584.0789473684213,675.8421052631579,122.15789473684208,121.0,3038.5,821.5,154.0,104.83333333333337,2664.7083333333335,999.4583333333334,131.47916666666652,130.0,2617.3050847457625,1352.4915254237287,120.0,99.0666666666666,2165.4666666666667,1845.6666666666667,113.19999999999982,112.60000000000014,3010.9333333333334,1319.3333333333333,152.4666666666667,119.41176470588232,2965.7450980392155,446.7450980392157,145.2352941176473,103.15151515151513,1982.8484848484848,622.2424242424242,113.42424242424272,105.0,1950.0,1183.5714285714287,114.21428571428578,36.0,1966.642857142857,1842.2142857142858,38.0
180,98.0,2959.8863636363635,1203.6363636363637,136.0,106.73684210526312,2583.8947368421054,676.2105263157895,121.7894736842104,121.0,3038.2685185185187,821.4166666666666,154.0,104.66666666666663,2664.1666666666665,999.1666666666666,131.08333333333348,130.0,2616.9661016949153,1352.3898305084747,120.0,100.13333333333344,2159.9333333333334,1845.3333333333333,114.40000000000009,112.79999999999995,3013.8,1318.0,151.39999999999964,119.11764705882354,2966.1176470588234,447.11764705882354,145.35294117647072,103.30303030303025,1985.6969696969697,622.4848484848485,113.84848484848476,104.79999999999995,1952.6,1185.5142857142857,113.94285714285706,36.0,1966.7142857142858,1842.5714285714287,38.0
181,98.0,2959.715909090909,1203.590909090909,136.0,106.52631578947364,2583.7105263157896,676.578947368421,121.42105263157873,121.0,3038.037037037037,821.3333333333334,154.0,104.5,2663.625,998.875,130.6875,130.0,2616.6271186440677,1352.2881355932204,120.0,101.20000000000005,2154.4,1845.0,115.59999999999991,113.0,3016.6666666666665,1316.6666666666667,150.33333333333348,118.82352941176475,2966.4901960784314,447.4901960784314,145.47058823529414,103.45454545454538,1988.5454545454545,622.7272727272727,114.27272727272748,104.60000000000014,1955.2,1187.4571428571428,113.67142857142858,36.0,1966.7857142857142,1842.9285714285713,38.0
182,98.0,2959.5454545454545,1203.5454545454545,136.0,106.31578947368428,2583.5263157894738,676.9473684210526,121.05263157894751,121.0,3037.8055555555557,821.25,154.0,104.33333333333337,2663.0833333333335,998.5833333333334,130.29166666666652,130.0,2616.2881355932204,1352.1864406779662,120.0,102.26666666666665,2148.866666666667,1844.6666666666667,116.79999999999973,113.20000000000005,3019.5333333333333,1315.3333333333333,149.26666666666688,118.52941176470586,2966.8627450980393,447.8627450980392,145.58823529411757,103.60606060606062,1991.3939393939395,622.969696969697,114.69696969696952,104.39999999999986,1957.8,1189.4,113.39999999999986,36.0,1966.857142857143,1843.2857142857142,38.0
183,98.0,2959.375,1203.5,136.0,106.1052631578948,2583.342105263158,677.3157894736842,120.68421052631584,121.0,3037.574074074074,821.1666666666666,154.0,104.16666666666663,2662.5416666666665,998.2916666666666,129.89583333333348,130.0,2615.9491525423728,1352.084745762712,120.0,103.33333333333348,2143.3333333333335,1844.3333333333333,118.0,113.40000000000009,3022.4,1314.0,148.19999999999982,118.23529411764707,2967.235294117647,448.2352941176471,145.70588235294144,103.75757575757575,1994.2424242424242,623.2121212121212,115.12121212121224,104.20000000000005,1960.4,1191.3428571428572,113.12857142857138,36.0,1966.9285714285713,1843.642857142857,38.0
184,98.0,2959.2045454545455,1203.4545454545455,136.0,105.8947368421052,2583.157894736842,677.6842105263158,120.31578947368416,121.0,3037.3425925925926,821.0833333333334,154.0,104.0,2662.0,998.0,129.5,130.0,2615.6101694915255,1351.9830508474577,120.0,104.40000000000009,2137.8,1844.0,119.19999999999982,113.59999999999991,3025.266666666667,1312.6666666666667,147.1333333333332,117.94117647058818,2967.607843137255,448.6078431372549,145.82352941176487,103.90909090909088,1997.090909090909,623.4545454545455,115.5454545454545,104.0,1963.0,1193.2857142857142,112.85714285714266,36.0,1967.0,1844.0,38.0
185,98.0,2959.034090909091,1203.409090909091,136.0,105.68421052631572,2582.9736842105262,678.0526315789474,119.94736842105249,121.0,3037.1111111111113,821.0,154.0,103.83333333333337,2661.4583333333335,997.7083333333334,129.10416666666652,130.0,2615.271186440678,1351.8813559322034,120.0,105.4666666666667,2132.266666666667,1843.6666666666667,120.39999999999964,113.80000000000018,3028.133333333333,1311.3333333333333,146.0666666666666,117.64705882352939,2967.9803921568628,448.98039215686276,145.9411764705883,104.060606060606,1999.939393939394,623.6969696969697,115.969696969697,103.79999999999995,1965.6,1195.2285714285715,112.5857142857144,36.0,1966.6315789473683,1844.0,38.0
186,98.0,2958.8636363636365,1203.3636363636363,136.0,105.47368421052636,2582.7894736842104,678.421052631579,119.57894736842127,121.0,3036.8796296296296,820.9166666666666,154.0,103.66666666666663,2660.9166666666665,997.4166666666666,128.70833333333348,130.0,2614.9322033898306,1351.7796610169491,120.0,106.5333333333333,2126.733333333333,1843.3333333333333,121.60000000000036,114.0,3031.0,1310.0,145.0,117.35294117647061,2968.3529411764707,449.3529411764706,146.0588235294117,104.21212121212113,2002.7878787878788,623.939393939394,116.39393939393926,103.59999999999991,1968.2,1197.1714285714286,112.31428571428546,36.0,1966.2631578947369,1844.0,38.0
187,98.0,2958.693181818182,1203.3181818181818,136.0,105.26315789473688,2582.6052631578946,678.7894736842105,119.2105263157896,121.0,3036.6481481481483,820.8333333333334,154.0,103.5,2660.375,997.125,128.3125,130.0,2614.593220338983,1351.677966101695,120.0,107.59999999999991,2121.2,1843.0,122.80000000000018,114.0,3031.896551724138,1309.7241379310344,145.0,117.05882352941171,2968.725490196078,449.72549019607845,146.1764705882356,104.36363636363637,2005.6363636363637,624.1818181818181,116.81818181818176,103.40000000000009,1970.8,1199.1142857142856,112.0428571428572,36.0,1965.8947368421052,1844.0,38.0
188,98.0,2958.5227272727275,1203.2727272727273,136.0,105.0526315789474,2582.4210526315787,679.1578947368421,118.84210526315792,121.0,3036.4166666666665,820.75,154.0,103.33333333333337,2659.8333333333335,996.8333333333334,127.91666666666652,130.0,2614.2542372881358,1351.5762711864406,120.0,108.66666666666652,2115.6666666666665,1842.6666666666667,124.0,114.0,3032.793103448276,1309.448275862069,145.0,116.76470588235293,2969.098039215686,450.0980392156863,146.294117647059,104.51515151515162,2008.4848484848485,624.4242424242424,117.24242424242402,103.19999999999982,1973.4,1201.057142857143,111.77142857142826,36.0,1965.5263157894738,1844.0,38.0
189,98.0,2958.3522727272725,1203.2272727272727,136.0,104.84210526315792,2582.2368421052633,679.5263157894736,118.47368421052624,121.0,3036.185185185185,820.6666666666666,154.0,103.16666666666663,2659.2916666666665,996.5416666666666,127.52083333333348,130.0,2613.915254237288,1351.4745762711864,120.0,109.73333333333335,2110.133333333333,1842.3333333333333,125.20000000000027,114.0,3033.689655172414,1309.1724137931035,145.0,116.47058823529414,2969.470588235294,450.47058823529414,146.41176470588243,104.66666666666674,2011.3333333333333,624.6666666666666,117.66666666666674,103.0,1976.0,1203.0,111.5,36.0,1965.157894736842,1844.0,38.0
190,98.0,2958.181818181818,1203.1818181818182,136.0,104.63157894736833,2582.0526315789475,679.8947368421053,118.10526315789457,121.0,3035.953703703704,820.5833333333334,154.0,103.0,2658.75,996.25,127.125,130.0,2613.576271186441,1351.3728813559321,120.0,110.79999999999995,2104.6,1842.0,126.40000000000009,114.0,3034.5862068965516,1308.896551724138,145.0,116.1764705882353,2969.843137254902,450.84313725490193,146.52941176470586,104.81818181818187,2014.1818181818182,624.9090909090909,118.09090909090924,102.80000000000018,1978.6,1204.942857142857,111.22857142857129,36.0,1964.7894736842106,1844.0,38.0
191,98.0,2958.0113636363635,1203.1363636363637,136.0,104.42105263157896,2581.8684210526317,680.2631578947369,117.7368421052629,121.0,3035.722222222222,820.5,154.0,102.83333333333337,2658.2083333333335,995.9583333333334,126.72916666666652,130.0,2613.237288135593,1351.2711864406779,120.0,111.86666666666656,2099.0666666666666,1841.6666666666667,127.59999999999991,114.0,3035.4827586206898,1308.6206896551723,145.0,115.88235294117652,2970.2156862745096,451.2156862745098,146.64705882352973,104.969696969697,2017.030303030303,625.1515151515151,118.5151515151515,102.59999999999991,1981.2,1206.8857142857144,110.9571428571428,36.0,1964.421052631579,1844.0,38.0
192,98.0,2957.840909090909,1203.090909090909,136.0,104.21052631578948,2581.684210526316,680.6315789473684,117.36842105263167,121.0,3035.490740740741,820.4166666666666,154.0,102.66666666666663,2657.6666666666665,995.6666666666666,126.33333333333348,130.0,2612.898305084746,1351.1694915254238,120.0,112.9333333333334,2093.5333333333333,1841.3333333333333,128.80000000000018,114.0,3036.3793103448274,1308.344827586207,145.0,115.58823529411762,2970.5882352941176,451.5882352941176,146.76470588235316,105.12121212121212,2019.878787878788,625.3939393939394,118.939393939394,102.40000000000009,1983.8,1208.8285714285714,110.68571428571454,36.0,1964.0526315789473,1844.0,38.0
193,98.0,2957.6704545454545,1203.0454545454545,136.0,104.0,2581.5,681.0,117.0,121.0,3035.259259259259,820.3333333333334,154.0,102.5,2657.125,995.375,125.9375,130.0,2612.5593220338983,1351.0677966101696,120.0,114.0,2088.0,1841.0,130.0,114.0,3037.2758620689656,1308.0689655172414,145.0,115.29411764705884,2970.9607843137255,451.96078431372547,146.88235294117658,105.27272727272725,2022.7272727272727,625.6363636363636,119.36363636363626,102.20000000000005,1986.4,1210.7714285714285,110.4142857142856,36.0,1963.6842105263158,1844.0,38.0
194,98.0,2957.5,1203.0,136.0,103.78947368421052,2581.315789473684,681.3684210526316,116.63157894736833,121.0,3035.027777777778,820.25,154.0,102.33333333333337,2656.5833333333335,995.0833333333334,125.54166666666652,130.0,2612.2203389830506,1350.9661016949153,120.0,114.375,2083.125,1839.5,129.625,114.0,3038.1724137931033,1307.7931034482758,145.0,115.00000000000006,2971.3333333333335,452.3333333333333,147.0,105.42424242424238,2025.5757575757575,625.8787878787879,119.78787878787898,102.0,1989.0,1212.7142857142858,110.14285714285734,36.0,1963.3157894736842,1844.0,38.0
195,98.0,2957.3295454545455,1202.9545454545455,136.0,103.57894736842104,2581.1315789473683,681.7368421052631,116.2631578947371,121.0,3034.796296296296,820.1666666666666,154.0,102.16666666666663,2656.0416666666665,994.7916666666666,125.14583333333348,130.0,2611.8813559322034,1350.864406779661,120.0,114.75,2078.25,1838.0,129.25,114.0,3039.0689655172414,1307.5172413793102,145.0,114.70588235294116,2971.705882352941,452.70588235294116,147.11764705882388,105.57575757575762,2028.4242424242425,626.1212121212121,120.21212121212102,101.79999999999995,1991.6,1214.6571428571428,109.87142857142862,36.0,1962.9473684210527,1844.0,38.0
196,98.0,2957.159090909091,1202.909090909091,136.0,103.36842105263167,2580.9473684210525,682.1052631578947,115.89473684210543,121.0,3034.564814814815,820.0833333333334,154.0,102.0,2655.5,994.5,124.75,130.0,2611.5423728813557,1350.7627118644068,120.0,115.125,2073.375,1836.5,128.875,114.0,3039.9655172413795,1307.2413793103449,145.0,114.41176470588238,2972.078431372549,453.078431372549,147.2352941176473,105.72727272727275,2031.2727272727273,626.3636363636364,120.63636363636374,101.60000000000014,1994.2,1216.6,109.60000000000014,36.0,1962.578947368421,1844.0,38.0
197,98.0,2956.9886363636365,1202.8636363636363,136.0,103.15789473684208,2580.7631578947367,682.4736842105264,115.52631578947376,121.0,3034.3333333333335,820.0,154.0,101.83333333333337,2654.9583333333335,994.2083333333334,124.35416666666652,130.0,2611.2033898305085,1350.6610169491526,120.0,115.5,2068.5,1835.0,128.5,114.0,3040.862068965517,1306.9655172413793,145.0,114.1176470588236,2972.450980392157,453.45098039215685,147.35294117647072,105.87878787878788,2034.121212121212,626.6060606060606,121.060606060606,101.39999999999986,1996.8,1218.5428571428572,109.32857142857142,36.0,1962.2105263157894,1844.0,38.0
198,98.0,2956.818181818182,1202.8181818181818,136.0,102.9473684210526,2580.5789473684213,682.8421052631579,115.15789473684208,121.0,3034.1018518518517,819.9166666666666,154.0,101.66666666666663,2654.4166666666665,993.9166666666666,123.95833333333348,130.0,2610.864406779661,1350.5593220338983,120.0,115.875,2063.625,1833.5,128.125,114.0,3041.7586206896553,1306.6896551724137,145.0,113.8235294117647,2972.823529411765,453.8235294117647,147.47058823529414,106.030303030303,2036.969696969697,626.8484848484849,121.4848484848485,101.20000000000005,1999.4,1220.4857142857143,109.05714285714294,36.0,1961.842105263158,1844.0,38.0
199,98.0,2956.6477272727275,1202.7727272727273,136.0,102.73684210526312,2580.3947368421054,683.2105263157895,114.7894736842104,121.0,3033.8703703703704,819.8333333333334,154.0,101.5,2653.875,993.625,123.5625,130.0,2610.5254237288136,1350.457627118644,120.0,116.25,2058.75,1832.0,127.75,114.0,3042.655172413793,1306.4137931034484,145.0,113.52941176470591,2973.1960784313724,454.19607843137254,147.58823529411802,106.18181818181813,2039.8181818181818,627.0909090909091,121.90909090909076,101.0,2002.0,1222.4285714285713,108.78571428571422,36.0,1961.4736842105262,1844.0,38.0
200,98.0,2956.4772727272725,1202.7272727272727,136.0,102.52631578947364,2580.2105263157896,683.578947368421,114.42105263157873,121.0,3033.6388888888887,819.75,154.0,101.33333333333337,2653.3333333333335,993.3333333333334,123.16666666666652,130.0,2610.186440677966,1350.3559322033898,120.0,116.625,2053.875,1830.5,127.375,114.0,3043.551724137931,1306.1379310344828,145.0,113.23529411764702,2973.5686274509803,454.5686274509804,147.70588235294144,106.33333333333326,2042.6666666666667,627.3333333333334,122.33333333333326,100.79999999999995,2004.6,1224.3714285714286,108.51428571428596,36.0,1961.1052631578948,1844.0,38.0
201,98.0,2956.306818181818,1202.6818181818182,136.0,102.31578947368428,2580.0263157894738,683.9473684210526,114.05263157894751,121.0,3033.4074074074074,819.6666666666666,154.0,101.16666666666663,2652.7916666666665,993.0416666666666,122.77083333333348,130.0,2609.8474576271187,1350.2542372881355,120.0,117.0,2049.0,1829.0,127.0,114.0,3044.448275862069,1305.8620689655172,145.0,112.94117647058823,2973.9411764705883,454.94117647058823,147.82352941176487,106.48484848484838,2045.5151515151515,627.5757575757576,122.75757575757598,100.59999999999991,2007.2,1226.3142857142857,108.24285714285702,36.0,1960.7368421052631,1844.0,38.0
202,98.0,2956.1363636363635,1202.6363636363637,136.0,102.1052631578948,2579.842105263158,684.3157894736842,113.68421052631584,121.0,3033.175925925926,819.5833333333334,154.0,101.0,2652.25,992.75,122.375,130.0,2609.508474576271,1350.1525423728813,120.0,117.375,2044.125,1827.5,126.625,114.0,3045.344827586207,1305.5862068965516,145.0,112.64705882352945,2974.3137254901962,455.3137254901961,147.9411764705883,106.63636363636363,2048.3636363636365,627.8181818181819,123.18181818181802,100.40000000000009,2009.8,1228.2571428571428,107.97142857142876,36.0,1960.3684210526317,1844.0,38.0
203,98.0,2955.965909090909,1202.590909090909,136.0,101.8947368421052,2579.657894736842,684.6842105263158,113.31578947368416,121.0,3032.9444444444443,819.5,154.0,100.83333333333337,2651.7083333333335,992.4583333333334,121.97916666666652,130.0,2609.169491525424,1350.050847457627,120.0,117.75,2039.25,1826.0,126.25,114.0,3046.2413793103447,1305.3103448275863,145.0,112.35294117647055,2974.6862745098038,455.6862745098039,148.0588235294117,106.78787878787887,2051.212121212121,628.060606060606,123.60606060606096,100.20000000000005,2012.4,1230.2,107.69999999999982,36.0,1960.0,1844.0,38.0
204,98.0,2955.7954545454545,1202.5454545454545,136.0,101.68421052631572,2579.4736842105262,685.0526315789474,112.94736842105249,121.0,3032.712962962963,819.4166666666666,154.0,100.66666666666663,2651.1666666666665,992.1666666666666,121.58333333333348,130.0,2608.830508474576,1349.949152542373,120.0,118.125,2034.375,1824.5,125.875,114.0,3047.137931034483,1305.0344827586207,145.0,112.05882352941177,2975.0588235294117,456.05882352941177,148.17647058823513,106.939393939394,2054.060606060606,628.3030303030303,124.030303030303,100.0,2015.0,1232.142857142857,107.42857142857156,36.0,1960.2142857142858,1843.9285714285713,38.0
205,98.0,2955.625,1202.5,136.0,101.47368421052636,2579.2894736842104,685.421052631579,112.57894736842127,121.0,3032.4814814814813,819.3333333333334,154.0,100.5,2650.625,991.875,121.1875,130.0,2608.491525423729,1349.8474576271187,120.0,118.5,2029.5,1823.0,125.5,114.0,3048.0344827586205,1304.7586206896551,145.0,111.76470588235298,2975.4313725490197,456.4313725490196,148.29411764705856,107.09090909090912,2056.909090909091,628.5454545454545,124.4545454545455,99.80000000000018,2017.6,1234.0857142857142,107.15714285714284,36.0,1960.4285714285713,1843.857142857143,38.0
206,98.0,2955.4545454545455,1202.4545454545455,136.0,101.26315789473688,2579.1052631578946,685.7894736842105,112.2105263157896,121.0,3032.25,819.25,154.0,100.33333333333337,2650.0833333333335,991.5833333333334,120.79166666666652,130.0,2608.1525423728813,1349.7457627118645,120.0,118.875,2024.625,1821.5,125.125,114.0,3048.9310344827586,1304.4827586206898,145.0,111.47058823529409,2975.8039215686276,456.80392156862746,148.41176470588198,107.24242424242425,2059.757575757576,628.7878787878788,124.87878787878753,99.59999999999991,2020.2,1236.0285714285715,106.88571428571436,36.0,1960.642857142857,1843.7857142857142,38.0
207,98.0,2955.284090909091,1202.409090909091,136.0,101.0526315789474,2578.9210526315787,686.1578947368421,111.84210526315792,121.0,3032.0185185185187,819.1666666666666,154.0,100.16666666666663,2649.5416666666665,991.2916666666666,120.39583333333348,130.0,2607.813559322034,1349.6440677966102,120.0,119.25,2019.75,1820.0,124.75,114.0,3049.8275862068967,1304.2068965517242,145.0,111.1764705882353,2976.176470588235,457.1764705882353,148.52941176470586,107.39393939393938,2062.6060606060605,629.030303030303,125.30303030303048,99.40000000000009,2022.8,1237.9714285714285,106.61428571428564,36.0,1960.857142857143,1843.7142857142858,38.0
208,98.0,2955.1136363636365,1202.3636363636363,136.0,100.84210526315792,2578.7368421052633,686.5263157894736,111.47368421052624,121.0,3031.787037037037,819.0833333333334,154.0,100.0,2649.0,991.0,120.0,130.0,2607.4745762711864,1349.542372881356,120.0,119.625,2014.875,1818.5,124.375,114.0,3050.7241379310344,1303.9310344827586,145.0,110.8823529411764,2976.549019607843,457.54901960784315,148.64705882352928,107.54545454545462,2065.4545454545455,629.2727272727273,125.72727272727252,99.19999999999982,2025.4,1239.9142857142858,106.34285714285716,36.0,1961.0714285714287,1843.642857142857,38.0
209,98.0,2954.943181818182,1202.3181818181818,136.0,100.63157894736833,2578.5526315789475,686.8947368421053,111.10526315789457,121.0,3031.5555555555557,819.0,154.0,99.80000000000007,2646.1,990.35,121.34999999999991,130.0,2607.135593220339,1349.4406779661017,120.0,120.0,2010.0,1817.0,124.0,114.0,3051.6206896551726,1303.655172413793,145.0,110.58823529411762,2976.921568627451,457.921568627451,148.7647058823527,107.69696969696975,2068.3030303030305,629.5151515151515,126.15151515151501,99.0,2028.0,1241.857142857143,106.07142857142844,36.0,1961.2857142857142,1843.5714285714287,38.0
210,98.0,2954.7727272727275,1202.2727272727273,136.0,100.42105263157896,2578.3684210526317,687.2631578947369,110.7368421052629,121.0,3031.324074074074,818.9166666666666,154.0,99.59999999999991,2643.2,989.7,122.70000000000027,130.0,2606.7966101694915,1349.3389830508474,120.0,120.375,2005.125,1815.5,123.625,114.0,3052.5172413793102,1303.3793103448277,145.0,110.29411764705884,2977.294117647059,458.29411764705884,148.88235294117612,107.84848484848487,2071.151515151515,629.7575757575758,126.5757575757575,98.79999999999995,2030.6,1243.8,105.80000000000018,36.0,1961.5,1843.5,38.0
211,98.0,2954.6022727272725,1202.2272727272727,136.0,100.21052631578948,2578.184210526316,687.6315789473684,110.36842105263167,121.0,3031.0925925925926,818.8333333333334,154.0,99.40000000000009,2640.3,989.05,124.04999999999973,130.0,2606.4576271186443,1349.2372881355932,120.0,120.75,2000.25,1814.0,123.25,114.0,3053.4137931034484,1303.103448275862,145.0,109.99999999999994,2977.6666666666665,458.6666666666667,149.0,108.0,2074.0,630.0,127.0,98.59999999999991,2033.2,1245.7428571428572,105.52857142857124,36.0,1961.7142857142858,1843.4285714285713,38.0
212,98.0,2954.431818181818,1202.1818181818182,136.0,100.0,2578.0,688.0,110.0,121.0,3030.8611111111113,818.75,154.0,99.19999999999993,2637.4,988.4,125.40000000000009,130.0,2606.1186440677966,1349.135593220339,120.0,121.125,1995.375,1812.5,122.875,114.0,3054.310344827586,1302.8275862068965,145.0,109.70588235294116,2978.0392156862745,459.03921568627453,149.11764705882342,108.0,2076.909090909091,629.9090909090909,127.0,98.40000000000009,2035.8,1247.6857142857143,105.25714285714298,36.0,1961.9285714285713,1843.357142857143,38.0
213,98.0,2954.2613636363635,1202.1363636363637,136.0,100.37735849056605,2577.622641509434,687.433962264151,109.98113207547203,121.0,3030.6296296296296,818.6666666666666,154.0,99.0,2634.5,987.75,126.75,130.0,2605.7796610169494,1349.0338983050847,120.0,121.5,1990.5,1811.0,122.5,114.0,3055.206896551724,1302.551724137931,145.0,109.41176470588238,2978.4117647058824,459.4117647058824,149.23529411764684,108.0,2079.818181818182,629.8181818181819,127.0,98.20000000000005,2038.4,1249.6285714285714,104.98571428571404,36.0,1962.142857142857,1843.2857142857142,38.0
214,98.0,2954.090909090909,1202.090909090909,136.0,100.7547169811321,2577.245283018868,686.8679245283018,109.96226415094316,121.0,3030.3981481481483,818.5833333333334,154.0,98.80000000000007,2631.6,987.1,128.0999999999999,130.0,2605.4406779661017,1348.9322033898304,120.0,121.875,1985.625,1809.5,122.125,114.0,3056.103448275862,1302.2758620689656,145.0,109.11764705882348,2978.7843137254904,459.7843137254902,149.35294117647027,108.0,2082.7272727272725,629.7272727272727,127.0,98.0,2041.0,1251.5714285714287,104.71428571428578,36.0,1962.357142857143,1843.2142857142858,38.0
215,98.0,2953.9204545454545,1202.0454545454545,136.0,101.13207547169816,2576.867924528302,686.3018867924528,109.94339622641519,121.0,3030.1666666666665,818.5,154.0,98.59999999999991,2628.7,986.45,129.45000000000027,130.0,2605.101694915254,1348.8305084745762,120.0,122.25,1980.75,1808.0,121.75,114.0,3057.0,1302.0,145.0,108.82352941176475,2979.156862745098,460.156862745098,149.47058823529414,108.0,2085.6363636363635,629.6363636363636,127.0,97.79999999999995,2043.6,1253.5142857142857,104.44285714285706,36.0,1962.5714285714287,1843.142857142857,38.0
216,98.0,2953.75,1202.0,136.0,101.5094339622641,2576.490566037736,685.7358490566038,109.92452830188677,121.0,3029.935185185185,818.4166666666666,154.0,98.40000000000009,2625.8,985.8,130.79999999999973,130.0,2604.762711864407,1348.7288135593221,120.0,122.625,1975.875,1806.5,121.375,113.73684210526335,3057.0526315789475,1301.6315789473683,145.47368421052624,108.52941176470586,2979.529411764706,460.52941176470586,149.58823529411757,108.0,2088.5454545454545,629.5454545454545,127.0,97.60000000000014,2046.2,1255.4571428571428,104.17142857142858,36.0,1962.7857142857142,1843.0714285714287,38.0
217,98.0,2953.5795454545455,1201.9545454545455,136.0,101.88679245283026,2576.1132075471696,685.1698113207547,109.9056603773588,121.0,3029.703703703704,818.3333333333334,154.0,98.19999999999993,2622.9,985.15,132.1500000000001,130.0,2604.423728813559,1348.6271186440679,120.0,123.0,1971.0,1805.0,121.0,113.47368421052624,3057.1052631578946,1301.2631578947369,145.94736842105294,108.23529411764707,2979.901960784314,460.9019607843137,149.705882352941,108.0,2091.4545454545455,629.4545454545455,127.0,97.39999999999986,2048.8,1257.4,103.89999999999964,36.0,1963.0,1843.0,38.0
218,98.0,2953.409090909091,1201.909090909091,136.0,102.2641509433962,2575.735849056604,684.6037735849056,109.88679245282992,121.0,3029.472222222222,818.25,154.0,98.0,2620.0,984.5,133.5,130.0,2604.084745762712,1348.5254237288136,120.0,122.83333333333326,1970.375,1804.875,120.70833333333348,113.2105263157896,3057.157894736842,1300.8947368421052,146.4210526315792,107.94117647058829,2980.274509803922,461.27450980392155,149.8235294117644,108.0,2094.3636363636365,629.3636363636364,127.0,97.20000000000005,2051.4,1259.3428571428572,103.62857142857138,36.0,1963.5384615384614,1843.0,38.0
219,98.0,2953.2386363636365,1201.8636363636363,136.0,102.64150943396226,2575.3584905660377,684.0377358490566,109.86792452830196,121.0,3029.240740740741,818.1666666666666,154.0,97.80000000000007,2617.1,983.85,134.8499999999999,130.0,2603.7457627118642,1348.4237288135594,120.0,122.66666666666674,1969.75,1804.75,120.41666666666652,112.94736842105249,3057.2105263157896,1300.5263157894738,146.89473684210498,107.64705882352939,2980.6470588235293,461.6470588235294,149.9411764705883,108.0,2097.2727272727275,629.2727272727273,127.0,97.0,2054.0,1261.2857142857142,103.35714285714266,36.0,1964.076923076923,1843.0,38.0
220,98.0,2953.068181818182,1201.8181818181818,136.0,103.01886792452831,2574.9811320754716,683.4716981132076,109.84905660377353,121.0,3029.009259259259,818.0833333333334,154.0,97.59999999999991,2614.2,983.2,136.20000000000027,130.0,2603.406779661017,1348.322033898305,120.0,122.5,1969.125,1804.625,120.125,112.68421052631584,3057.2631578947367,1300.157894736842,147.36842105263167,107.35294117647061,2981.0196078431372,462.01960784313724,150.0588235294117,108.0,2100.181818181818,629.1818181818181,127.0,96.79999999999995,2056.6,1263.2285714285715,103.0857142857144,36.0,1964.6153846153845,1843.0,38.0
221,98.0,2952.8977272727275,1201.7727272727273,136.0,103.39622641509436,2574.603773584906,682.9056603773585,109.83018867924511,121.0,3028.777777777778,818.0,154.0,97.40000000000009,2611.3,982.55,137.54999999999973,130.0,2603.0677966101694,1348.2203389830509,120.0,122.33333333333326,1968.5,1804.5,119.83333333333348,112.42105263157873,3057.315789473684,1299.7894736842106,147.84210526315792,107.05882352941182,2981.392156862745,462.3921568627451,150.17647058823513,108.0,2103.090909090909,629.0909090909091,127.0,96.59999999999991,2059.2,1265.1714285714286,102.81428571428569,36.0,1965.1538461538462,1843.0,38.0
222,98.0,2952.7272727272725,1201.7272727272727,136.0,103.77358490566041,2574.2264150943397,682.3396226415094,109.81132075471669,121.0,3028.546296296296,817.9166666666666,154.0,97.19999999999993,2608.4,981.9,138.9000000000001,130.0,2602.728813559322,1348.1186440677966,120.0,122.16666666666674,1967.875,1804.375,119.54166666666652,112.15789473684208,3057.3684210526317,1299.421052631579,148.31578947368416,106.76470588235293,2981.764705882353,462.7647058823529,150.29411764705856,108.0,2106.0,629.0,127.0,96.40000000000009,2061.8,1267.1142857142856,102.54285714285697,36.0,1965.6923076923076,1843.0,38.0
223,98.0,2952.556818181818,1201.6818181818182,136.0,104.15094339622635,2573.8490566037735,681.7735849056604,109.79245283018872,121.0,3028.314814814815,817.8333333333334,154.0,97.0,2605.5,981.25,140.25,130.0,2602.3898305084745,1348.0169491525423,120.0,122.0,1967.25,1804.25,119.25,111.89473684210543,3057.4210526315787,1299.0526315789473,148.78947368421086,106.47058823529414,2982.1372549019607,463.1372549019608,150.41176470588243,108.0,2108.4565217391305,629.804347826087,127.0,96.19999999999982,2064.4,1269.057142857143,102.27142857142871,36.0,1966.2307692307693,1843.0,38.0
224,98.0,2952.3863636363635,1201.6363636363637,136.0,104.52830188679252,2573.4716981132074,681.2075471698113,109.77358490566075,121.0,3028.0833333333335,817.75,154.0,96.80000000000007,2602.6,980.6,141.5999999999999,130.0,2602.0508474576272,1347.915254237288,120.0,121.83333333333326,1966.625,1804.125,118.95833333333348,111.63157894736833,3057.4736842105262,1298.6842105263158,149.2631578947371,106.17647058823525,2982.5098039215686,463.5098039215686,150.52941176470586,108.0,2110.913043478261,630.6086956521739,127.0,96.0,2067.0,1271.0,102.0,36.0,1966.7692307692307,1843.0,38.0
225,98.0,2952.215909090909,1201.590909090909,136.0,104.90566037735846,2573.0943396226417,680.6415094339623,109.75471698113188,121.0,3027.8518518518517,817.6666666666666,154.0,96.59999999999991,2599.7,979.95,142.95000000000027,130.0,2601.7118644067796,1347.8135593220338,120.0,121.66666666666674,1966.0,1804.0,118.66666666666652,111.36842105263167,3057.5263157894738,1298.3157894736842,149.7368421052629,105.88235294117646,2982.8823529411766,463.88235294117646,150.64705882352928,108.0,2113.3695652173915,631.4130434782609,127.0,95.81818181818198,2069.0,1272.8181818181818,101.72727272727252,36.0,1967.3076923076924,1843.0,38.0
226,98.0,2952.0454545454545,1201.5454545454545,136.0,105.28301886792451,2572.7169811320755,680.0754716981132,109.73584905660391,121.0,3027.6203703703704,817.5833333333334,154.0,96.40000000000009,2596.8,979.3,144.29999999999973,130.0,2601.3728813559323,1347.7118644067796,120.0,121.5,1965.375,1803.875,118.375,111.10526315789457,3057.5789473684213,1297.9473684210527,150.21052631578914,105.58823529411768,2983.2549019607845,464.2549019607843,150.7647058823527,108.0,2115.8260869565215,632.2173913043479,127.0,95.63636363636351,2071.0,1274.6363636363637,101.4545454545455,36.0,1967.8461538461538,1843.0,38.0
227,98.0,2951.875,1201.5,136.0,105.66037735849056,2572.3396226415093,679.5094339622641,109.71698113207549,121.0,3027.3888888888887,817.5,154.0,96.19999999999993,2593.9,978.65,145.6500000000001,130.0,2601.0338983050847,1347.6101694915253,120.0,121.33333333333326,1964.75,1803.75,118.08333333333348,110.84210526315792,3057.6315789473683,1297.578947368421,150.68421052631584,105.29411764705878,2983.627450980392,464.62745098039215,150.88235294117658,108.0,2118.282608695652,633.0217391304348,127.0,95.4545454545455,2073.0,1276.4545454545455,101.18181818181802,36.0,1968.3846153846155,1843.0,38.0
228,98.0,2951.7045454545455,1201.4545454545455,136.0,106.03773584905662,2571.9622641509436,678.9433962264151,109.69811320754707,121.0,3027.1574074074074,817.4166666666666,154.0,96.0,2591.0,978.0,147.0,130.0,2600.6949152542375,1347.5084745762713,120.0,121.16666666666674,1964.125,1803.625,117.79166666666652,110.57894736842127,3057.684210526316,1297.2105263157894,151.15789473684208,105.0,2984.0,465.0,151.0,108.0,2120.7391304347825,633.8260869565217,127.0,95.27272727272725,2075.0,1278.2727272727273,100.90909090909099,36.0,1968.923076923077,1843.0,38.0
229,98.0,2951.534090909091,1201.409090909091,136.0,106.41509433962267,2571.5849056603774,678.377358490566,109.67924528301864,121.0,3026.925925925926,817.3333333333334,154.0,96.19444444444434,2590.75,977.7777777777778,146.55555555555566,130.0,2600.35593220339,1347.406779661017,120.0,121.0,1963.5,1803.5,117.5,110.31578947368416,3057.7368421052633,1296.842105263158,151.63157894736833,105.0,2983.6271186440677,464.728813559322,151.0,108.0,2123.195652173913,634.6304347826087,127.0,95.09090909090924,2077.0,1280.090909090909,100.63636363636351,36.0,1969.4615384615386,1843.0,38.0
230,98.0,2951.3636363636365,1201.3636363636363,136.0,106.79245283018861,2571.2075471698113,677.811320754717,109.66037735849068,121.0,3026.6944444444443,817.25,154.0,96.3888888888888,2590.5,977.5555555555555,146.1111111111113,130.0,2600.0169491525426,1347.3050847457628,120.0,120.83333333333326,1962.875,1803.375,117.20833333333348,110.05263157894751,3057.7894736842104,1296.4736842105262,152.10526315789502,105.0,2983.2542372881358,464.45762711864404,151.0,108.0,2125.6521739130435,635.4347826086956,127.0,94.90909090909076,2079.0,1281.909090909091,100.36363636363649,36.0,1970.0,1843.0,38.0
231,98.0,2951.193181818182,1201.3181818181818,136.0,107.16981132075477,2570.830188679245,677.2452830188679,109.64150943396226,121.0,3026.462962962963,817.1666666666666,154.0,96.58333333333337,2590.25,977.3333333333334,145.66666666666652,130.0,2599.677966101695,1347.2033898305085,120.0,120.66666666666674,1962.25,1803.25,116.91666666666652,109.7894736842104,3057.842105263158,1296.1052631578948,152.5789473684208,104.99999999999994,2982.8813559322034,464.1864406779661,151.0,108.0,2128.108695652174,636.2391304347826,127.0,94.72727272727275,2081.0,1283.7272727272727,100.09090909090901,36.0,1970.5,1841.5,38.0
232,98.0,2951.0227272727275,1201.2727272727273,136.0,107.54716981132071,2570.4528301886794,676.6792452830189,109.62264150943383,121.0,3026.2314814814813,817.0833333333334,154.0,96.77777777777783,2590.0,977.1111111111111,145.22222222222217,130.0,2599.3389830508477,1347.1016949152543,120.0,120.5,1961.625,1803.125,116.625,109.52631578947376,3057.8947368421054,1295.7368421052631,153.05263157894706,104.99999999999994,2982.508474576271,463.91525423728814,151.0,108.0,2130.5652173913045,637.0434782608696,127.0,94.5454545454545,2083.0,1285.5454545454545,99.81818181818198,36.0,1971.0,1840.0,38.0
233,98.0,2950.8522727272725,1201.2272727272727,136.0,107.92452830188677,2570.0754716981132,676.1132075471698,109.60377358490541,121.0,3026.0,817.0,154.0,96.97222222222217,2589.75,976.8888888888889,144.77777777777783,130.0,2599.0,1347.0,120.0,120.33333333333326,1961.0,1803.0,116.33333333333348,109.26315789473665,3057.9473684210525,1295.3684210526317,153.52631578947376,105.00000000000006,2982.135593220339,463.64406779661016,151.0,108.0,2133.021739130435,637.8478260869565,127.0,94.36363636363649,2085.0,1287.3636363636363,99.5454545454545,36.0,1971.5,1838.5,38.0
234,98.0,2950.681818181818,1201.1818181818182,136.0,108.30188679245282,2569.698113207547,675.5471698113207,109.58490566037744,121.0,3025.5227272727275,817.0909090909091,154.0,97.16666666666663,2589.5,976.6666666666666,144.33333333333348,130.0,2598.719298245614,1346.7543859649122,120.0,120.16666666666674,1960.375,1802.875,116.04166666666652,109.0,3058.0,1295.0,154.0,105.00000000000006,2981.762711864407,463.3728813559322,151.0,108.0,2135.478260869565,638.6521739130435,127.0,94.18181818181802,2087.0,1289.1818181818182,99.27272727272748,36.0,1972.0,1837.0,38.0
235,98.0,2950.5113636363635,1201.1363636363637,136.0,108.67924528301887,2569.3207547169814,674.9811320754717,109.56603773584902,121.0,3025.0454545454545,817.1818181818181,154.0,97.3611111111112,2589.25,976.4444444444445,143.8888888888887,130.0,2598.438596491228,1346.5087719298247,120.0,120.0,1959.75,1802.75,115.75,108.695652173913,3055.4347826086955,1295.4347826086957,154.391304347826,105.0,2981.3898305084745,463.10169491525426,151.0,108.0,2137.9347826086955,639.4565217391304,127.0,94.0,2089.0,1291.0,99.0,36.0,1977.25,1833.75,38.0
236,98.0,2950.340909090909,1201.090909090909,136.0,109.05660377358492,2568.943396226415,674.4150943396227,109.5471698113206,121.0,3024.568181818182,817.2727272727273,154.0,97.55555555555566,2589.0,976.2222222222222,143.44444444444434,130.0,2598.157894736842,1346.2631578947369,120.0,119.83333333333326,1959.125,1802.625,115.45833333333348,108.39130434782624,3052.8695652173915,1295.8695652173913,154.78260869565202,105.0,2981.0169491525426,462.8305084745763,151.0,108.0,2140.391304347826,640.2608695652174,127.0,93.78947368421063,2092.7894736842104,1292.2105263157894,98.68421052631584,36.0,1982.5,1830.5,38.0
237,98.0,2950.1704545454545,1201.0454545454545,136.0,109.43396226415098,2568.566037735849,673.8490566037735,109.52830188679263,121.0,3024.090909090909,817.3636363636364,154.0,97.75,2588.75,976.0,143.0,130.0,2597.877192982456,1346.017543859649,120.0,119.66666666666674,1958.5,1802.5,115.16666666666652,108.08695652173901,3050.304347826087,1296.304347826087,155.17391304347802,105.0,2980.64406779661,462.5593220338983,151.0,108.0,2142.8478260869565,641.0652173913044,127.0,93.57894736842104,2096.5789473684213,1293.421052631579,98.36842105263122,36.0,1987.75,1827.25,38.0
238,98.0,2950.0,1201.0,136.0,109.81132075471703,2568.188679245283,673.2830188679245,109.50943396226421,121.0,3023.6136363636365,817.4545454545455,154.0,97.94444444444434,2588.5,975.7777777777778,142.55555555555566,130.0,2597.59649122807,1345.7719298245613,120.0,119.5,1957.875,1802.375,114.875,107.78260869565224,3047.7391304347825,1296.7391304347825,155.5652173913045,105.0,2980.271186440678,462.2881355932203,151.0,108.0,2145.304347826087,641.8695652173913,127.0,93.36842105263167,2100.3684210526317,1294.6315789473683,98.05263157894706,36.0,1993.0,1824.0,38.0
239,98.0,2949.64,1200.88,136.0,110.18867924528297,2567.811320754717,672.7169811320755,109.49056603773579,121.0,3023.1363636363635,817.5454545454545,154.0,98.1388888888888,2588.25,975.5555555555555,142.1111111111113,130.0,2597.315789473684,1345.5263157894738,120.0,119.33333333333326,1957.25,1802.25,114.58333333333348,107.47826086956525,3045.1739130434785,1297.1739130434783,155.95652173913004,104.99999999999994,2979.898305084746,462.0169491525424,151.0,108.0,2147.7608695652175,642.6739130434783,127.0,93.15789473684208,2104.157894736842,1295.842105263158,97.73684210526335,36.0,2002.75,1828.75,38.0
240,98.0,2949.28,1200.76,136.0,110.56603773584902,2567.433962264151,672.1509433962265,109.47169811320737,121.0,3022.659090909091,817.6363636363636,154.0,98.33333333333337,2588.0,975.3333333333334,141.66666666666652,130.0,2597.035087719298,1345.280701754386,120.0,119.16666666666674,1956.625,1802.125,114.29166666666652,107.17391304347825,3042.608695652174,1297.608695652174,156.3478260869565,104.99999999999994,2979.5254237288136,461.7457627118644,151.0,108.0,2150.217391304348,643.4782608695652,127.0,92.94736842105272,2107.9473684210525,1297.0526315789473,97.42105263157919,36.0,2012.5,1833.5,38.0
241,98.0,2948.92,1200.64,136.0,110.94339622641508,2567.056603773585,671.5849056603773,109.4528301886794,121.0,3022.181818181818,817.7272727272727,154.0,98.52777777777783,2587.75,975.1111111111111,141.22222222222217,130.0,2596.754385964912,1345.0350877192982,120.0,119.0,1956.0,1802.0,114.0,106.86956521739125,3040.0434782608695,1298.0434782608695,156.7391304347825,105.00000000000006,2979.1525423728813,461.47457627118644,151.0,108.0,2152.6739130434785,644.2826086956521,127.0,92.73684210526312,2111.7368421052633,1298.2631578947369,97.10526315789457,36.0,2022.25,1838.25,38.0
242,98.0,2948.56,1200.52,136.0,111.32075471698113,2566.6792452830186,671.0188679245283,109.43396226415098,121.0,3021.7045454545455,817.8181818181819,154.0,98.72222222222217,2587.5,974.8888888888889,140.77777777777783,130.0,2596.4736842105262,1344.7894736842106,120.0,120.125,1957.875,1801.0,116.125,106.56521739130426,3037.478260869565,1298.4782608695652,157.13043478260897,105.00000000000006,2978.7796610169494,461.20338983050846,151.0,108.0,2155.1304347826085,645.0869565217391,127.0,92.52631578947376,2115.5263157894738,1299.4736842105262,96.7894736842104,36.0,2032.0,1843.0,38.0
243,98.0,2948.2,1200.4,136.0,111.69811320754718,2566.301886792453,670.4528301886793,109.41509433962256,121.0,3021.2272727272725,817.9090909090909,154.0,98.91666666666663,2587.25,974.6666666666666,140.33333333333348,130.0,2596.1929824561403,1344.5438596491229,120.0,121.25,1959.75,1800.0,118.25,106.26086956521749,3034.913043478261,1298.9130434782608,157.52173913043453,105.0,2978.406779661017,460.93220338983053,151.0,108.0,2157.586956521739,645.8913043478261,127.0,92.31578947368416,2119.315789473684,1300.6842105263158,96.47368421052624,36.0,2035.3333333333333,1850.6666666666667,38.00000000000023
244,98.0,2947.84,1200.28,136.0,112.07547169811323,2565.9245283018868,669.8867924528302,109.39622641509459,121.0,3020.75,818.0,154.0,99.1111111111112,2587.0,974.4444444444445,139.8888888888887,130.0,2595.9122807017543,1344.298245614035,120.0,122.375,1961.625,1799.0,120.375,105.9565217391305,3032.3478260869565,1299.3478260869565,157.913043478261,105.0,2978.0338983050847,460.66101694915255,151.0,108.0,2160.0434782608695,646.695652173913,127.0,92.1052631578948,2123.1052631578946,1301.8947368421052,96.15789473684208,36.0,2038.6666666666667,1858.3333333333333,37.99999999999977
245,98.0,2947.48,1200.16,136.0,112.45283018867929,2565.5471698113206,669.3207547169811,109.37735849056617,121.0,3020.2727272727275,818.0909090909091,154.0,99.30555555555566,2586.75,974.2222222222222,139.44444444444434,130.0,2595.6315789473683,1344.0526315789473,120.0,123.5,1963.5,1798.0,122.5,105.6521739130435,3029.782608695652,1299.7826086956522,158.304347826087,105.0,2977.6610169491523,460.3898305084746,151.0,108.0,2162.5,647.5,127.0,91.8947368421052,2126.8947368421054,1303.1052631578948,95.84210526315792,36.0,2042.0,1866.0,38.0
246,98.0,2947.12,1200.04,136.0,112.83018867924523,2565.169811320755,668.7547169811321,109.35849056603774,121.0,3019.7954545454545,818.1818181818181,154.0,99.5,2586.5,974.0,139.0,130.0,2595.3508771929824,1343.8070175438597,120.0,124.625,1965.375,1797.0,124.625,105.3478260869565,3027.217391304348,1300.2173913043478,158.695652173913,105.0,2977.2881355932204,460.1186440677966,151.0,108.0,2164.9565217391305,648.304347826087,127.0,91.68421052631584,2130.684210526316,1304.3157894736842,95.52631578947376,36.0,2043.5,1870.0,38.0
247,98.0,2946.76,1199.92,136.0,113.20754716981139,2564.7924528301887,668.188679245283,109.33962264150932,121.0,3019.318181818182,818.2727272727273,154.0,99.69444444444434,2586.25,973.7777777777778,138.55555555555566,130.0,2595.0701754385964,1343.561403508772,120.0,125.75,1967.25,1796.0,126.75,105.0434782608695,3024.6521739130435,1300.6521739130435,159.086956521739,104.99999999999994,2976.915254237288,459.8474576271187,151.0,108.0,2167.413043478261,649.1086956521739,127.0,91.47368421052624,2134.4736842105262,1305.5263157894738,95.2105263157896,36.0,2045.0,1874.0,38.0
248,98.0,2946.4,1199.8,136.0,113.58490566037733,2564.4150943396226,667.622641509434,109.32075471698136,121.0,3018.840909090909,818.3636363636364,154.0,99.8888888888888,2586.0,973.5555555555555,138.1111111111113,130.0,2594.7894736842104,1343.3157894736842,120.0,126.875,1969.125,1795.0,128.875,104.73913043478251,3022.086956521739,1301.0869565217392,159.47826086956547,104.99999999999994,2976.5423728813557,459.5762711864407,151.0,108.0,2169.8695652173915,649.9130434782609,127.0,91.26315789473688,2138.2631578947367,1306.7368421052631,94.89473684210543,36.0,2049.0,1875.0,38.0
249,98.0,2946.04,1199.68,136.0,113.96226415094338,2564.0377358490564,667.0566037735849,109.30188679245293,121.0,3018.3636363636365,818.4545454545455,154.0,100.08333333333337,2585.75,973.3333333333334,137.66666666666652,130.0,2594.5087719298244,1343.0701754385964,120.0,128.0,1971.0,1794.0,131.0,104.43478260869574,3019.521739130435,1301.5217391304348,159.86956521739103,104.99999999999994,2976.169491525424,459.3050847457627,151.0,108.0,2172.326086956522,650.7173913043479,127.0,91.05263157894728,2142.0526315789475,1307.9473684210527,94.57894736842081,36.0,2053.0,1876.0,38.0
250,98.0,2945.68,1199.56,136.0,114.33962264150944,2563.6603773584907,666.4905660377359,109.28301886792451,121.0,3017.8863636363635,818.5454545454545,154.0,100.27777777777783,2585.5,973.1111111111111,137.22222222222217,130.0,2594.2280701754385,1342.8245614035088,120.0,120.25,1970.5,1794.5,138.75,104.13043478260875,3016.9565217391305,1301.9565217391305,160.2608695652175,105.00000000000006,2975.7966101694915,459.03389830508473,151.0,108.0,2174.782608695652,651.5217391304348,127.0,90.84210526315792,2145.842105263158,1309.157894736842,94.26315789473665,36.0,2062.3333333333335,1867.3333333333333,38.0
251,98.0,2945.32,1199.44,136.0,114.71698113207549,2563.2830188679245,665.9245283018868,109.26415094339609,121.0,3017.409090909091,818.6363636363636,154.0,100.47222222222217,2585.25,972.8888888888889,136.77777777777783,130.0,2593.9473684210525,1342.578947368421,120.0,112.5,1970.0,1795.0,146.5,103.82608695652175,3014.391304347826,1302.391304347826,160.6521739130435,105.00000000000006,2975.423728813559,458.76271186440675,151.0,108.0,2177.2391304347825,652.3260869565217,127.0,90.63157894736833,2149.6315789473683,1310.3684210526317,93.94736842105294,36.0,2071.6666666666665,1858.6666666666667,38.0
252,98.0,2944.96,1199.32,136.0,115.09433962264154,2562.9056603773583,665.3584905660377,109.24528301886812,121.0,3016.931818181818,818.7272727272727,154.0,100.66666666666663,2585.0,972.6666666666666,136.33333333333348,130.0,2593.6666666666665,1342.3333333333333,120.0,104.75,1969.5,1795.5,154.25,103.52173913043475,3011.8260869565215,1302.8260869565217,161.04347826086996,105.0,2975.0508474576272,458.49152542372883,151.0,108.0,2179.695652173913,653.1304347826087,127.0,90.42105263157896,2153.4210526315787,1311.578947368421,93.63157894736878,36.0,2081.0,1850.0,38.0
253,98.0,2944.6,1199.2,136.0,115.47169811320748,2562.5283018867926,664.7924528301887,109.22641509433925,121.0,3016.4545454545455,818.8181818181819,154.0,100.8611111111112,2584.75,972.4444444444445,135.8888888888887,130.0,2593.3859649122805,1342.0877192982457,120.0,97.0,1969.0,1796.0,162.0,103.21739130434776,3009.2608695652175,1303.2608695652175,161.4347826086955,105.0,2974.677966101695,458.22033898305085,151.0,108.0,2182.1521739130435,653.9347826086956,127.0,90.21052631578937,2157.2105263157896,1312.7894736842106,93.31578947368416,36.0,2091.714285714286,1826.857142857143,38.0
254,98.0,2944.24,1199.08,136.0,115.84905660377365,2562.1509433962265,664.2264150943396,109.20754716981128,121.0,3015.9772727272725,818.9090909090909,154.0,101.05555555555566,2584.5,972.2222222222222,135.44444444444434,130.0,2593.1052631578946,1341.842105263158,120.0,99.5,1973.1666666666667,1794.0,154.33333333333326,102.91304347826099,3006.695652173913,1303.695652173913,161.82608695652198,105.0,2974.3050847457625,457.9491525423729,151.0,108.0,2184.608695652174,654.7391304347826,127.0,90.0,2161.0,1314.0,93.0,36.0,2102.4285714285716,1803.7142857142858,38.0
255,98.0,2943.88,1198.96,136.0,116.22641509433959,2561.7735849056603,663.6603773584906,109.18867924528331,121.0,3015.5,819.0,154.0,101.25,2584.25,972.0,135.0,130.0,2592.8245614035086,1341.5964912280701,120.0,102.0,1977.3333333333333,1792.0,146.66666666666674,102.60869565217376,3004.1304347826085,1304.1304347826087,162.21739130434798,105.0,2973.9322033898306,457.6779661016949,151.0,108.0,2187.0652173913045,655.5434782608695,127.0,89.58333333333326,2162.25,1315.75,95.25,36.0,2113.1428571428573,1780.5714285714287,38.0
256,98.0,2943.52,1198.84,136.0,116.60377358490564,2561.396226415094,663.0943396226415,109.16981132075489,121.0,3015.0227272727275,819.0909090909091,154.0,101.44444444444434,2584.0,971.7777777777778,134.55555555555566,130.0,2592.5438596491226,1341.3508771929824,120.0,104.5,1981.5,1790.0,139.0,102.304347826087,3001.5652173913045,1304.5652173913043,162.608695652174,104.99999999999994,2973.5593220338983,457.40677966101697,151.0,108.0,2189.521739130435,656.3478260869565,127.0,89.16666666666674,2163.5,1317.5,97.5,36.0,2123.8571428571427,1757.4285714285713,38.0
257,98.0,2943.16,1198.72,136.0,116.98113207547169,2561.0188679245284,662.5283018867924,109.15094339622647,121.0,3014.5454545454545,819.1818181818181,154.0,101.6388888888888,2583.75,971.5555555555555,134.1111111111113,130.0,2592.2631578947367,1341.1052631578948,120.0,107.0,1985.6666666666667,1788.0,131.33333333333326,102.0,2999.0,1305.0,163.0,104.99999999999994,2973.186440677966,457.135593220339,151.0,108.0,2191.978260869565,657.1521739130435,127.0,88.75,2164.75,1319.25,99.75,36.0,2134.5714285714284,1734.2857142857142,38.0
258,98.0,2942.8,1198.6,136.0,117.35849056603774,2560.6415094339623,661.9622641509434,109.13207547169804,121.0,3014.068181818182,819.2727272727273,154.0,101.83333333333337,2583.5,971.3333333333334,133.66666666666652,130.0,2591.9824561403507,1340.859649122807,120.0,109.5,1989.8333333333333,1786.0,123.66666666666674,101.84210526315792,2997.6315789473683,1304.421052631579,161.68421052631584,105.00000000000006,2972.813559322034,456.864406779661,151.0,108.0,2194.4347826086955,657.9565217391305,127.0,88.33333333333326,2166.0,1321.0,102.0,36.0,2145.285714285714,1711.142857142857,38.0
259,98.0,2942.44,1198.48,136.0,117.7358490566038,2560.264150943396,661.3962264150944,109.11320754717008,121.0,3013.590909090909,819.3636363636364,154.0,102.02777777777783,2583.25,971.1111111111111,133.22222222222217,130.0,2591.7017543859647,1340.6140350877192,120.0,112.0,1994.0,1784.0,116.0,101.68421052631584,2996.2631578947367,1303.842105263158,160.36842105263167,105.00000000000006,2972.4406779661017,456.59322033898303,151.0,108.0,2196.891304347826,658.7608695652174,127.0,87.91666666666674,2167.25,1322.75,104.25,36.0,2156.0,1688.0,38.0
260,98.0,2942.08,1198.36,136.0,118.11320754716974,2559.8867924528304,660.8301886792453,109.0943396226412,121.0,3013.1136363636365,819.4545454545455,154.0,102.22222222222217,2583.0,970.8888888888889,132.77777777777783,130.0,2591.4210526315787,1340.3684210526317,120.0,115.0,2003.0,1770.0,108.0,101.52631578947376,2994.8947368421054,1303.2631578947369,159.05263157894706,105.0,2972.0677966101694,456.3220338983051,151.0,108.0,2199.3478260869565,659.5652173913044,127.0,87.5,2168.5,1324.5,106.5,36.0,2165.8,1663.0,38.0
261,98.0,2941.72,1198.24,136.0,118.4905660377359,2559.509433962264,660.2641509433962,109.07547169811323,121.0,3012.6363636363635,819.5454545454545,154.0,102.41666666666663,2582.75,970.6666666666666,132.33333333333348,130.0,2591.1403508771928,1340.122807017544,120.0,115.625,2004.75,1767.625,110.25,101.36842105263145,2993.5263157894738,1302.6842105263158,157.7368421052629,105.0,2971.6949152542375,456.0508474576271,151.0,108.0,2201.804347826087,660.3695652173913,127.0,87.08333333333326,2169.75,1326.25,108.75,36.0,2175.6,1638.0,38.0
262,98.0,2941.36,1198.12,136.0,118.86792452830184,2559.132075471698,659.6981132075472,109.05660377358481,121.0,3012.159090909091,819.6363636363636,154.0,102.6111111111112,2582.5,970.4444444444445,131.8888888888887,130.0,2590.8596491228072,1339.877192982456,120.0,116.25,2006.5,1765.25,112.5,101.21052631578937,2992.157894736842,1302.1052631578948,156.4210526315792,105.0,2971.322033898305,455.77966101694915,151.0,108.0,2204.2608695652175,661.1739130434783,127.0,86.66666666666674,2171.0,1328.0,111.0,36.0,2185.4,1613.0,38.0
263,98.0,2941.0,1198.0,136.0,119.2452830188679,2558.754716981132,659.1320754716982,109.03773584905684,121.0,3011.681818181818,819.7272727272727,154.0,102.80555555555566,2582.25,970.2222222222222,131.44444444444434,130.0,2590.5789473684213,1339.6315789473683,120.0,116.875,2008.25,1762.875,114.75,101.05263157894728,2990.7894736842104,1301.5263157894738,155.10526315789502,105.0,2970.9491525423728,455.50847457627117,151.0,108.0,2206.717391304348,661.9782608695652,127.0,86.25,2172.25,1329.75,113.25,36.0,2195.2,1588.0,38.0
264,98.0,2942.4545454545455,1198.1363636363637,136.0,119.62264150943395,2558.377358490566,658.566037735849,109.01886792452797,121.0,3011.2045454545455,819.8181818181819,154.0,103.0,2582.0,970.0,131.0,130.0,2590.2982456140353,1339.3859649122808,120.0,117.5,2010.0,1760.5,117.0,100.8947368421052,2989.4210526315787,1300.9473684210527,153.78947368421086,104.99999999999994,2970.576271186441,455.23728813559325,151.0,108.0,2209.173913043478,662.7826086956521,127.0,85.83333333333326,2173.5,1331.5,115.5,36.0,2205.0,1563.0,38.0
265,98.0,2943.909090909091,1198.2727272727273,136.0,120.0,2558.0,658.0,109.0,121.0,3010.7272727272725,819.9090909090909,154.0,103.23076923076928,2582.3846153846152,970.3461538461538,130.57692307692332,130.0,2590.0175438596493,1339.140350877193,120.0,118.125,2011.75,1758.125,119.25,100.73684210526312,2988.0526315789475,1300.3684210526317,152.47368421052624,104.99999999999994,2970.2033898305085,454.96610169491527,151.0,108.0,2211.6304347826085,663.5869565217391,127.0,85.41666666666674,2174.75,1333.25,117.75,36.0,2212.5,1546.5,38.0
266,98.0,2945.3636363636365,1198.409090909091,136.0,119.875,2557.46875,657.84375,108.9375,121.0,3010.25,820.0,154.0,103.46153846153845,2582.769230769231,970.6923076923077,130.1538461538462,130.0,2589.7368421052633,1338.8947368421052,120.0,118.75,2013.5,1755.75,121.5,100.57894736842104,2986.684210526316,1299.7894736842106,151.15789473684208,105.00000000000006,2969.830508474576,454.6949152542373,151.0,108.0,2214.086956521739,664.3913043478261,127.0,85.0,2176.0,1335.0,120.0,36.0,2220.0,1530.0,38.0
267,98.0,2946.818181818182,1198.5454545454545,136.0,119.75,2556.9375,657.6875,108.875,121.0,3009.7727272727275,820.0909090909091,154.0,103.69230769230774,2583.153846153846,971.0384615384615,129.73076923076906,130.0,2589.4561403508774,1338.6491228070176,120.0,119.375,2015.25,1753.375,123.75,100.42105263157896,2985.315789473684,1299.2105263157894,149.84210526315792,105.00000000000006,2969.4576271186443,454.4237288135593,151.0,108.0,2216.5434782608695,665.195652173913,127.0,86.66666666666674,2181.8333333333335,1333.0,117.16666666666652,36.0,2227.4,1518.2,38.0
268,98.0,2948.2727272727275,1198.6818181818182,136.0,119.625,2556.40625,657.53125,108.8125,121.0,3009.2954545454545,820.1818181818181,154.0,103.92307692307702,2583.5384615384614,971.3846153846154,129.30769230769238,130.0,2589.1754385964914,1338.4035087719299,120.0,120.0,2017.0,1751.0,126.0,100.26315789473688,2983.9473684210525,1298.6315789473683,148.52631578947376,105.0,2969.084745762712,454.1525423728814,151.0,108.0,2219.0,666.0,127.0,88.33333333333326,2187.6666666666665,1331.0,114.33333333333348,36.0,2234.8,1506.4,38.0
269,98.0,2949.7272727272725,1198.8181818181818,136.0,119.5,2555.875,657.375,108.75,121.0,3008.818181818182,820.2727272727273,154.0,104.15384615384619,2583.923076923077,971.7307692307693,128.88461538461524,130.0,2588.8947368421054,1338.157894736842,120.0,119.0,2021.642857142857,1750.0714285714287,125.92857142857133,100.1052631578948,2982.5789473684213,1298.0526315789473,147.21052631578914,105.0,2968.7118644067796,453.8813559322034,151.0,108.27499999999998,2220.85,667.775,126.92500000000018,90.0,2193.5,1329.0,111.5,36.0,2242.2,1494.6,38.0
270,98.0,2951.181818181818,1198.9545454545455,136.0,119.375,2555.34375,657.21875,108.6875,121.0,3008.340909090909,820.3636363636364,154.0,104.38461538461547,2584.3076923076924,972.0769230769231,128.46153846153857,130.0,2588.6140350877195,1337.9122807017543,120.0,118.0,2026.2857142857142,1749.142857142857,125.85714285714312,99.94736842105272,2981.2105263157896,1297.4736842105262,145.89473684210498,105.0,2968.3389830508477,453.6101694915254,151.0,108.55000000000007,2222.7,669.55,126.85000000000036,91.66666666666674,2199.3333333333335,1327.0,108.66666666666652,36.0,2249.6,1482.8,38.0
271,98.0,2952.6363636363635,1199.090909090909,136.0,119.25,2554.8125,657.0625,108.625,121.0,3007.8636363636365,820.4545454545455,154.0,104.61538461538453,2584.6923076923076,972.4230769230769,128.03846153846143,130.0,2588.3333333333335,1337.6666666666667,120.0,117.0,2030.9285714285713,1748.2142857142858,125.78571428571445,99.78947368421063,2979.842105263158,1296.8947368421052,144.5789473684208,105.0,2967.9661016949153,453.33898305084745,151.0,108.82499999999993,2224.55,671.325,126.77499999999964,93.33333333333326,2205.1666666666665,1325.0,105.83333333333348,36.0,2257.0,1471.0,38.0
272,98.0,2954.090909090909,1199.2272727272727,136.0,119.125,2554.28125,656.90625,108.5625,121.0,3007.3863636363635,820.5454545454545,154.0,104.84615384615381,2585.076923076923,972.7692307692307,127.61538461538476,130.0,2588.0526315789475,1337.421052631579,120.0,116.0,2035.5714285714287,1747.2857142857142,125.71428571428555,99.63157894736855,2978.4736842105262,1296.3157894736842,143.2631578947371,105.0,2967.593220338983,453.06779661016947,151.0,109.10000000000002,2226.4,673.1,126.69999999999982,95.0,2211.0,1323.0,103.0,36.0,2263.3333333333335,1458.5,38.0
273,98.0,2955.5454545454545,1199.3636363636363,136.0,119.0,2553.75,656.75,108.5,121.0,3006.909090909091,820.6363636363636,154.0,105.07692307692298,2585.4615384615386,973.1153846153846,127.19230769230762,130.0,2587.7719298245615,1337.1754385964912,120.0,115.0,2040.2142857142858,1746.357142857143,125.64285714285688,99.47368421052624,2977.1052631578946,1295.7368421052631,141.94736842105294,104.99999999999994,2967.2203389830506,452.79661016949154,151.0,109.375,2228.25,674.875,126.625,94.80000000000018,2214.4,1324.6,104.59999999999991,36.0,2269.6666666666665,1446.0,38.0
274,98.0,2957.0,1199.5,136.0,118.875,2553.21875,656.59375,108.4375,121.0,3006.431818181818,820.7272727272727,154.0,105.30769230769226,2585.846153846154,973.4615384615385,126.76923076923094,130.0,2587.4912280701756,1336.9298245614036,120.0,114.0,2044.857142857143,1745.4285714285713,125.57142857142867,99.31578947368416,2975.7368421052633,1295.157894736842,140.63157894736833,104.99999999999994,2966.8474576271187,452.52542372881356,151.0,109.64999999999998,2230.1,676.65,126.55000000000018,94.59999999999991,2217.8,1326.2,106.19999999999982,36.0,2276.0,1433.5,38.0
275,98.0,2958.4545454545455,1199.6363636363637,136.0,118.75,2552.6875,656.4375,108.375,121.0,3005.9545454545455,820.8181818181819,154.0,105.53846153846155,2586.230769230769,973.8076923076923,126.34615384615381,130.0,2587.2105263157896,1336.6842105263158,120.0,113.0,2049.5,1744.5,125.5,99.15789473684208,2974.3684210526317,1294.578947368421,139.31578947368416,105.00000000000006,2966.4745762711864,452.2542372881356,151.0,109.92500000000007,2231.95,678.425,126.47500000000036,94.40000000000009,2221.2,1327.8,107.80000000000018,36.0,2282.3333333333335,1421.0,38.0
276,98.0,2959.909090909091,1199.7727272727273,136.0,118.625,2552.15625,656.28125,108.3125,121.0,3005.4772727272725,820.9090909090909,154.0,105.76923076923072,2586.6153846153848,974.1538461538462,125.92307692307668,130.0,2586.9298245614036,1336.438596491228,120.0,112.0,2054.1428571428573,1743.5714285714287,125.4285714285711,99.0,2973.0,1294.0,138.0,105.00000000000006,2966.101694915254,451.9830508474576,151.0,110.19999999999993,2233.8,680.2,126.39999999999964,94.19999999999982,2224.6,1329.4,109.40000000000009,36.0,2288.6666666666665,1408.5,38.0
277,98.0,2961.3636363636365,1199.909090909091,136.0,118.5,2551.625,656.125,108.25,121.0,3005.0,821.0,154.0,106.0,2587.0,974.5,125.5,130.0,2586.6491228070176,1336.1929824561403,120.0,111.0,2058.785714285714,1742.642857142857,125.35714285714312,98.88888888888891,2968.4444444444443,1294.0,139.1111111111113,105.0,2965.728813559322,451.7118644067797,151.0,110.47500000000002,2235.65,681.975,126.32499999999982,94.0,2228.0,1331.0,111.0,36.0,2295.0,1396.0,38.0
278,98.0,2962.818181818182,1200.0454545454545,136.0,118.375,2551.09375,655.96875,108.1875,121.0,3004.7727272727275,820.6818181818181,153.45454545454504,106.23076923076928,2587.3846153846152,974.8461538461538,125.07692307692332,130.0,2586.3684210526317,1335.9473684210527,120.0,110.0,2063.4285714285716,1741.7142857142858,125.28571428571422,98.77777777777783,2963.8888888888887,1294.0,140.22222222222263,105.0,2965.35593220339,451.4406779661017,151.0,110.75,2237.5,683.75,126.25,93.71428571428555,2230.1428571428573,1329.5714285714287,112.4285714285711,36.0,2299.3333333333335,1384.6666666666667,38.0
279,98.0,2964.2727272727275,1200.1818181818182,136.0,118.25,2550.5625,655.8125,108.125,121.0,3004.5454545454545,820.3636363636364,152.909090909091,106.46153846153845,2587.769230769231,975.1923076923077,124.65384615384619,130.0,2586.0877192982457,1335.701754385965,120.0,109.0,2068.0714285714284,1740.7857142857142,125.21428571428578,98.66666666666674,2959.3333333333335,1294.0,141.33333333333303,105.0,2964.9830508474574,451.1694915254237,151.0,111.02499999999998,2239.35,685.525,126.17500000000018,93.42857142857156,2232.285714285714,1328.142857142857,113.85714285714312,36.0,2303.6666666666665,1373.3333333333333,38.0
280,98.0,2965.7272727272725,1200.3181818181818,136.0,118.125,2550.03125,655.65625,108.0625,121.0,3004.318181818182,820.0454545454545,152.36363636363603,106.69230769230774,2588.153846153846,975.5384615384615,124.23076923076906,130.0,2585.8070175438597,1335.4561403508771,120.0,108.0,2072.714285714286,1739.857142857143,125.14285714285688,98.55555555555566,2954.777777777778,1294.0,142.44444444444434,105.0,2964.6101694915255,450.89830508474574,151.0,111.30000000000007,2241.2,687.3,126.10000000000036,93.14285714285711,2234.4285714285716,1326.7142857142858,115.28571428571422,36.0,2308.0,1362.0,38.0
281,98.0,2967.181818181818,1200.4545454545455,136.0,118.0,2549.5,655.5,108.0,121.0,3004.090909090909,819.7272727272727,151.81818181818198,106.92307692307702,2588.5384615384614,975.8846153846154,123.80769230769238,130.0,2585.5263157894738,1335.2105263157894,120.0,107.0,2077.3571428571427,1738.9285714285713,125.0714285714289,98.44444444444434,2950.222222222222,1294.0,143.55555555555566,104.99999999999994,2964.237288135593,450.6271186440678,151.0,111.57499999999993,2243.05,689.075,126.02499999999964,92.85714285714289,2236.5714285714284,1325.2857142857142,116.71428571428578,36.0,2311.75,1353.75,38.0
282,98.0,2968.6363636363635,1200.590909090909,136.0,117.875,2548.96875,655.34375,107.9375,121.0,3003.8636363636365,819.4090909090909,151.27272727272702,107.15384615384619,2588.923076923077,976.2307692307693,123.38461538461524,130.0,2585.245614035088,1334.9649122807018,120.0,106.0,2082.0,1738.0,125.0,98.33333333333326,2945.6666666666665,1294.0,144.66666666666697,104.99999999999994,2963.864406779661,450.35593220338984,151.0,111.85000000000002,2244.9,690.85,125.94999999999982,92.57142857142844,2238.714285714286,1323.857142857143,118.14285714285688,36.0,2315.5,1345.5,38.0
283,98.0,2970.090909090909,1200.7272727272727,136.0,117.75,2548.4375,655.1875,107.875,121.0,3003.6363636363635,819.0909090909091,150.72727272727298,107.38461538461547,2589.3076923076924,976.5769230769231,122.96153846153857,130.0,2584.964912280702,1334.719298245614,120.0,106.3599999999999,2088.12,1736.4,124.32000000000016,98.22222222222217,2941.1111111111113,1294.0,145.77777777777737,105.00000000000006,2963.491525423729,450.08474576271186,151.0,112.125,2246.75,692.625,125.875,92.28571428571445,2240.8571428571427,1322.4285714285713,119.5714285714289,36.0,2319.25,1337.25,38.0
284,98.0,2971.5454545454545,1200.8636363636363,136.0,117.625,2547.90625,655.03125,107.8125,121.0,3003.409090909091,818.7727272727273,150.18181818181802,107.61538461538453,2589.6923076923076,976.9230769230769,122.53846153846143,130.0,2584.684210526316,1334.4736842105262,120.0,106.72000000000003,2094.24,1734.8,123.64000000000033,98.11111111111109,2936.5555555555557,1294.0,146.8888888888887,105.00000000000006,2963.1186440677966,449.8135593220339,151.0,112.39999999999998,2248.6,694.4,125.80000000000018,92.0,2243.0,1321.0,121.0,36.0,2323.0,1329.0,38.0
285,98.0,2973.0,1201.0,136.0,117.5,2547.375,654.875,107.75,121.0,3003.181818181818,818.4545454545455,149.63636363636397,107.84615384615381,2590.076923076923,977.2692307692307,122.11538461538476,130.0,2584.40350877193,1334.2280701754387,120.0,107.07999999999993,2100.36,1733.2,122.96000000000004,98.0,2932.0,1294.0,148.0,105.0,2962.7457627118642,449.54237288135596,151.0,112.67500000000007,2250.45,696.175,125.72500000000036,97.42857142857133,2247.0,1317.5714285714287,122.14285714285734,36.0,2325.6666666666665,1323.6666666666667,38.0
286,97.7894736842104,2971.315789473684,1201.1052631578948,137.0526315789475,117.375,2546.84375,654.71875,107.6875,121.0,3002.9545454545455,818.1363636363636,149.090909090909,108.07692307692298,2590.4615384615386,977.6153846153846,121.69230769230762,130.0,2584.122807017544,1333.982456140351,120.0,107.44000000000005,2106.48,1731.6,122.2800000000002,97.79166666666674,2930.4583333333335,1292.4583333333333,147.41666666666652,105.0,2962.3728813559323,449.271186440678,151.0,112.94999999999993,2252.3,697.95,125.64999999999964,102.85714285714289,2251.0,1314.142857142857,123.28571428571422,36.0,2328.3333333333335,1318.3333333333333,38.0
287,97.57894736842127,2969.6315789473683,1201.2105263157894,138.10526315789502,117.25,2546.3125,654.5625,107.625,121.0,3002.7272727272725,817.8181818181819,148.54545454545496,108.30769230769226,2590.846153846154,977.9615384615385,121.26923076923094,130.0,2583.842105263158,1333.7368421052631,120.0,107.79999999999995,2112.6,1730.0,121.59999999999991,97.58333333333326,2928.9166666666665,1290.9166666666667,146.83333333333348,105.0,2962.0,449.0,151.0,113.22500000000002,2254.15,699.725,125.57499999999982,108.28571428571422,2255.0,1310.7142857142858,124.42857142857156,36.0,2331.0,1313.0,38.0
288,97.36842105263167,2967.9473684210525,1201.3157894736842,139.15789473684208,117.125,2545.78125,654.40625,107.5625,121.0,3002.5,817.5,148.0,108.53846153846155,2591.230769230769,978.3076923076923,120.84615384615381,130.0,2583.561403508772,1333.4912280701753,120.0,108.15999999999985,2118.72,1728.4,120.92000000000007,97.375,2927.375,1289.375,146.25,105.2380952380953,2961.6190476190477,448.6190476190476,150.7619047619046,113.5,2256.0,701.5,125.5,113.71428571428578,2259.0,1307.2857142857142,125.57142857142844,36.0,2335.5,1310.0,38.0
289,97.15789473684208,2966.2631578947367,1201.421052631579,140.2105263157896,117.0,2545.25,654.25,107.5,121.0,3002.2727272727275,817.1818181818181,147.45454545454504,108.76923076923072,2591.6153846153848,978.6538461538462,120.42307692307668,130.0,2583.280701754386,1333.2456140350878,120.0,108.51999999999998,2124.84,1726.8,120.23999999999978,97.16666666666674,2925.8333333333335,1287.8333333333333,145.66666666666652,105.47619047619042,2961.2380952380954,448.23809523809524,150.52380952380918,113.77499999999998,2257.85,703.275,125.42500000000018,119.14285714285711,2263.0,1303.857142857143,126.71428571428578,36.0,2340.0,1307.0,38.0
290,96.94736842105249,2964.5789473684213,1201.5263157894738,141.26315789473665,116.875,2544.71875,654.09375,107.4375,121.0,3002.0454545454545,816.8636363636364,146.909090909091,109.0,2592.0,979.0,120.0,130.0,2583.0,1333.0,120.0,108.87999999999988,2130.96,1725.2,119.55999999999995,96.95833333333326,2924.2916666666665,1286.2916666666667,145.08333333333348,105.71428571428572,2960.8571428571427,447.85714285714283,150.28571428571468,114.05000000000007,2259.7,705.05,125.35000000000036,124.57142857142867,2267.0,1300.4285714285713,127.85714285714266,36.0,2344.5,1304.0,38.0
291,96.73684210526335,2962.8947368421054,1201.6315789473683,142.31578947368416,116.75,2544.1875,653.9375,107.375,121.0,3001.818181818182,816.5454545454545,146.36363636363603,109.3888888888888,2593.5,980.3333333333334,120.44444444444434,131.1538461538462,2583.076923076923,1330.5384615384614,119.07692307692332,109.24000000000001,2137.08,1723.6,118.88000000000011,96.75,2922.75,1284.75,144.5,105.95238095238096,2960.4761904761904,447.4761904761905,150.04761904761926,114.32499999999993,2261.55,706.825,125.27499999999964,130.0,2271.0,1297.0,129.0,36.0,2349.0,1301.0,38.0
292,96.52631578947376,2961.2105263157896,1201.7368421052631,143.36842105263167,116.625,2543.65625,653.78125,107.3125,121.0,3001.590909090909,816.2272727272727,145.81818181818198,109.77777777777771,2595.0,981.6666666666666,120.88888888888869,132.30769230769238,2583.153846153846,1328.076923076923,118.15384615384619,109.59999999999991,2143.2,1722.0,118.20000000000027,96.54166666666674,2921.2083333333335,1283.2083333333333,143.91666666666652,106.19047619047626,2960.095238095238,447.0952380952381,149.80952380952385,114.60000000000002,2263.4,708.6,125.19999999999982,127.83333333333326,2275.1666666666665,1295.5,128.5,36.0,2353.5,1297.5,38.0
293,96.31578947368416,2959.5263157894738,1201.842105263158,144.42105263157873,116.5,2543.125,653.625,107.25,121.0,3001.3636363636365,815.9090909090909,145.27272727272702,110.16666666666674,2596.5,983.0,121.33333333333348,133.46153846153857,2583.230769230769,1325.6153846153845,117.23076923076951,109.95999999999981,2149.32,1720.4,117.51999999999998,96.33333333333326,2919.6666666666665,1281.6666666666667,143.33333333333348,106.42857142857139,2959.714285714286,446.7142857142857,149.57142857142844,114.875,2265.25,710.375,125.125,125.66666666666674,2279.3333333333335,1294.0,128.0,36.0,2358.0,1294.0,38.0
294,96.10526315789457,2957.842105263158,1201.9473684210527,145.47368421052624,116.375,2542.59375,653.46875,107.1875,121.0,3001.1363636363635,815.5909090909091,144.72727272727298,110.55555555555554,2598.0,984.3333333333334,121.77777777777783,134.61538461538453,2583.3076923076924,1323.1538461538462,116.30769230769238,110.31999999999994,2155.44,1718.8,116.84000000000015,96.125,2918.125,1280.125,142.75,106.66666666666669,2959.3333333333335,446.3333333333333,149.33333333333303,115.14999999999998,2267.1,712.15,125.05000000000018,123.5,2283.5,1292.5,127.5,36.0,2362.5,1290.5,38.0
295,95.89473684210543,2956.157894736842,1202.0526315789473,146.52631578947376,116.25,2542.0625,653.3125,107.125,121.0,3000.909090909091,815.2727272727273,144.18181818181802,110.94444444444446,2599.5,985.6666666666666,122.22222222222217,135.76923076923094,2583.3846153846152,1320.6923076923076,115.3846153846157,110.68000000000006,2161.56,1717.2,116.15999999999985,95.91666666666674,2916.5833333333335,1278.5833333333333,142.16666666666652,106.90476190476193,2958.9523809523807,445.95238095238096,149.09523809523853,115.42500000000007,2268.95,713.925,124.97500000000036,121.33333333333326,2287.6666666666665,1291.0,127.0,36.0,2367.0,1287.0,38.0
296,95.68421052631584,2954.4736842105262,1202.157894736842,147.57894736842127,116.125,2541.53125,653.15625,107.0625,121.0,3000.681818181818,814.9545454545455,143.63636363636397,111.33333333333326,2601.0,987.0,122.66666666666652,136.9230769230769,2583.4615384615386,1318.2307692307693,114.46153846153857,111.04000000000019,2167.68,1715.6,115.48000000000002,95.70833333333326,2915.0416666666665,1277.0416666666667,141.58333333333348,107.14285714285711,2958.5714285714284,445.57142857142856,148.85714285714312,115.69999999999993,2270.8,715.7,124.89999999999964,119.16666666666674,2291.8333333333335,1289.5,126.5,36.0,2371.5,1283.5,38.0
297,95.47368421052624,2952.7894736842104,1202.2631578947369,148.63157894736833,116.0,2541.0,653.0,107.0,121.0,3000.4545454545455,814.6363636363636,143.090909090909,111.72222222222229,2602.5,988.3333333333334,123.11111111111131,138.0769230769231,2583.5384615384614,1315.7692307692307,113.53846153846143,111.40000000000009,2173.8,1714.0,114.79999999999973,95.5,2913.5,1275.5,141.0,107.38095238095235,2958.190476190476,445.1904761904762,148.6190476190477,115.97500000000002,2272.65,717.475,124.82499999999982,117.0,2296.0,1288.0,126.0,36.0,2376.0,1280.0,38.0
298,95.26315789473665,2951.1052631578946,1202.3684210526317,149.68421052631584,115.89999999999998,2540.75,653.9,106.90000000000009,121.0,3000.2272727272725,814.3181818181819,142.54545454545496,112.1111111111112,2604.0,989.6666666666666,123.55555555555566,139.23076923076906,2583.6153846153848,1313.3076923076924,112.6153846153843,111.75999999999999,2179.92,1712.4,114.11999999999989,95.29166666666674,2911.9583333333335,1273.9583333333333,140.41666666666652,107.61904761904765,2957.809523809524,444.8095238095238,148.3809523809523,116.25,2274.5,719.25,124.75,113.0,2302.75,1288.5,121.25,36.0,2378.5,1275.25,38.0
299,95.05263157894751,2949.4210526315787,1202.4736842105262,150.73684210526335,115.80000000000007,2540.5,654.8,106.80000000000018,121.0,3000.0,814.0,142.0,112.5,2605.5,991.0,124.0,140.38461538461547,2583.6923076923076,1310.8461538461538,111.69230769230762,112.12000000000012,2186.04,1710.8,113.44000000000005,95.08333333333326,2910.4166666666665,1272.4166666666667,139.83333333333348,107.85714285714289,2957.4285714285716,444.42857142857144,148.14285714285688,116.52499999999998,2276.35,721.025,124.67500000000018,109.0,2309.5,1289.0,116.5,36.0,2381.0,1270.5,38.0
300,94.84210526315792,2947.7368421052633,1202.578947368421,151.7894736842104,115.69999999999993,2540.25,655.7,106.69999999999982,121.0,2999.7727272727275,813.6818181818181,141.45454545454504,112.8888888888888,2607.0,992.3333333333334,124.44444444444434,141.53846153846143,2583.769230769231,1308.3846153846155,110.76923076923049,112.48000000000002,2192.16,1709.2,112.76000000000022,94.875,2908.875,1270.875,139.25,108.09523809523807,2957.0476190476193,444.04761904761904,147.90476190476147,116.80000000000007,2278.2,722.8,124.60000000000036,105.0,2316.25,1289.5,111.75,36.0,2383.5,1265.75,38.0
301,94.63157894736833,2946.0526315789475,1202.6842105263158,152.84210526315792,115.60000000000002,2540.0,656.6,106.59999999999991,121.0,2999.5454545454545,813.3636363636364,140.909090909091,113.27777777777771,2608.5,993.6666666666666,124.88888888888869,142.69230769230762,2583.846153846154,1305.923076923077,109.84615384615381,112.84000000000015,2198.28,1707.6,112.07999999999993,94.66666666666674,2907.3333333333335,1269.3333333333333,138.66666666666652,108.33333333333331,2956.6666666666665,443.6666666666667,147.66666666666697,117.07499999999993,2280.05,724.575,124.52499999999964,101.0,2323.0,1290.0,107.0,36.0,2386.0,1261.0,38.0
302,94.42105263157873,2944.3684210526317,1202.7894736842106,153.89473684210498,115.5,2539.75,657.5,106.5,121.0,2999.318181818182,813.0454545454545,140.36363636363603,113.66666666666674,2610.0,995.0,125.33333333333348,143.8461538461538,2583.923076923077,1303.4615384615386,108.92307692307668,113.20000000000005,2204.4,1706.0,111.40000000000009,94.45833333333326,2905.7916666666665,1267.7916666666667,138.08333333333348,108.57142857142861,2956.285714285714,443.2857142857143,147.42857142857156,117.35000000000002,2281.9,726.35,124.44999999999982,104.0,2320.0,1278.0,118.0,36.0,2390.0,1261.0,38.0
303,94.2105263157896,2942.684210526316,1202.8947368421052,154.9473684210525,115.39999999999998,2539.5,658.4,106.40000000000009,121.0,2999.090909090909,812.7272727272727,139.81818181818198,114.05555555555554,2611.5,996.3333333333334,125.77777777777783,145.0,2584.0,1301.0,108.0,113.55999999999995,2210.52,1704.4,110.7199999999998,94.25,2904.25,1266.25,137.5,108.80952380952374,2955.904761904762,442.9047619047619,147.19047619047615,117.625,2283.75,728.125,124.375,103.9333333333334,2323.4,1275.3333333333333,118.79999999999973,36.0,2394.0,1261.0,38.0
304,94.0,2941.0,1203.0,156.0,115.30000000000007,2539.25,659.3,106.30000000000018,121.0,2998.8636363636365,812.4090909090909,139.27272727272702,114.44444444444446,2613.0,997.6666666666666,126.22222222222217,145.28571428571422,2581.785714285714,1296.142857142857,109.0,113.92000000000007,2216.64,1702.8,110.03999999999996,94.04166666666674,2902.7083333333335,1264.7083333333333,136.91666666666652,109.04761904761904,2955.5238095238096,442.5238095238095,146.95238095238074,117.89999999999998,2285.6,729.9,124.30000000000018,103.86666666666656,2326.8,1272.6666666666667,119.59999999999991,36.0,2398.0,1261.0,38.0
305,93.88235294117658,2941.176470588235,1202.3529411764705,154.1764705882356,115.19999999999993,2539.0,660.2,106.19999999999982,121.0,2998.6363636363635,812.0909090909091,138.72727272727298,114.83333333333326,2614.5,999.0,126.66666666666652,145.57142857142867,2579.5714285714284,1291.2857142857142,110.0,114.27999999999997,2222.76,1701.2,109.35999999999967,93.83333333333326,2901.1666666666665,1263.1666666666667,136.33333333333348,109.28571428571428,2955.1428571428573,442.14285714285717,146.71428571428532,118.17500000000007,2287.45,731.675,124.22500000000036,103.79999999999995,2330.2,1270.0,120.40000000000009,36.0,2402.0,1261.0,38.0
306,93.76470588235293,2941.3529411764707,1201.7058823529412,152.35294117647027,115.10000000000002,2538.75,661.1,106.09999999999991,121.0,2998.409090909091,811.7727272727273,138.18181818181802,115.22222222222229,2616.0,1000.3333333333334,127.11111111111131,145.8571428571429,2577.3571428571427,1286.4285714285713,111.0,114.6400000000001,2228.88,1699.6,108.67999999999984,93.625,2899.625,1261.625,135.75,109.52380952380958,2954.7619047619046,441.76190476190476,146.47619047619082,118.44999999999993,2289.3,733.45,124.14999999999964,103.73333333333335,2333.6,1267.3333333333333,121.20000000000027,36.0,2406.0,1261.0,38.0
307,93.6470588235295,2941.529411764706,1201.0588235294117,150.52941176470586,115.0,2538.5,662.0,106.0,121.0,2998.181818181818,811.4545454545455,137.63636363636397,115.6111111111112,2617.5,1001.6666666666666,127.55555555555566,146.1428571428571,2575.1428571428573,1281.5714285714287,112.0,115.0,2235.0,1698.0,108.0,93.41666666666674,2898.0833333333335,1260.0833333333333,135.16666666666652,109.7619047619047,2954.3809523809523,441.3809523809524,146.2380952380954,118.72500000000002,2291.15,735.225,124.07499999999982,103.66666666666652,2337.0,1264.6666666666667,122.0,36.0,2408.2,1260.2,38.0
308,93.52941176470586,2941.705882352941,1200.4117647058824,148.70588235294144,114.89999999999998,2538.25,662.9,105.90000000000009,121.0,2997.9545454545455,811.1363636363636,137.090909090909,116.0,2619.0,1003.0,128.0,146.42857142857133,2572.9285714285716,1276.7142857142858,113.0,114.43478260869574,2240.478260869565,1697.3478260869565,109.56521739130449,93.20833333333326,2896.5416666666665,1258.5416666666667,134.58333333333348,110.0,2954.0,441.0,146.0,119.0,2293.0,737.0,124.0,103.59999999999991,2340.4,1262.0,122.79999999999973,36.0,2410.4,1259.4,38.0
309,93.41176470588243,2941.8823529411766,1199.764705882353,146.88235294117658,114.80000000000007,2538.0,663.8,105.80000000000018,121.0,2997.7272727272725,810.8181818181819,136.54545454545496,116.39999999999986,2620.3,1005.95,128.44999999999982,146.71428571428578,2570.714285714286,1271.857142857143,114.0,113.86956521739125,2245.9565217391305,1696.695652173913,111.13043478260852,93.0,2895.0,1257.0,134.0,110.1764705882353,2953.8823529411766,441.70588235294116,145.8235294117644,117.42857142857144,2292.714285714286,739.4285714285714,123.85714285714266,103.5333333333333,2343.8,1259.3333333333333,123.59999999999991,36.0,2412.6,1258.6,38.0
310,93.29411764705901,2942.0588235294117,1199.1176470588234,145.0588235294117,114.69999999999993,2537.75,664.7,105.69999999999982,121.0,2997.5,810.5,136.0,116.80000000000007,2621.6,1008.9,128.9000000000001,147.0,2568.5,1267.0,115.0,113.304347826087,2251.4347826086955,1696.0434782608695,112.695652173913,93.76470588235293,2892.0588235294117,1252.2941176470588,134.2352941176473,110.35294117647055,2953.764705882353,442.4117647058824,145.64705882352928,115.85714285714278,2292.4285714285716,741.8571428571429,123.71428571428578,103.4666666666667,2347.2,1256.6666666666667,124.40000000000009,36.0,2414.8,1257.8,38.0
311,93.17647058823536,2942.235294117647,1198.4705882352941,143.2352941176473,114.60000000000002,2537.5,665.6,105.59999999999991,121.0,2997.2727272727275,810.1818181818181,135.45454545454504,117.19999999999993,2622.9,1011.85,129.3499999999999,147.28571428571422,2566.285714285714,1262.142857142857,116.0,112.73913043478274,2256.913043478261,1695.391304347826,114.26086956521749,94.52941176470586,2889.1176470588234,1247.5882352941176,134.47058823529414,110.52941176470586,2953.6470588235293,443.11764705882354,145.47058823529414,114.28571428571422,2292.1428571428573,744.2857142857143,123.57142857142844,103.40000000000009,2350.6,1254.0,125.20000000000027,36.0,2417.0,1257.0,38.0
312,93.05882352941194,2942.4117647058824,1197.8235294117646,141.41176470588243,114.5,2537.25,666.5,105.5,121.0,2997.0454545454545,809.8636363636364,134.909090909091,117.60000000000014,2624.2,1014.8,129.80000000000018,147.57142857142867,2564.0714285714284,1257.2857142857142,117.0,112.17391304347825,2262.391304347826,1694.7391304347825,115.82608695652198,95.29411764705878,2886.176470588235,1242.8823529411766,134.70588235294144,110.70588235294116,2953.529411764706,443.8235294117647,145.294117647059,112.71428571428578,2291.8571428571427,746.7142857142857,123.42857142857156,103.33333333333348,2354.0,1251.3333333333333,126.0,36.0,2420.5,1258.5,38.0
313,92.94117647058806,2942.5882352941176,1197.1764705882354,139.58823529411757,114.39999999999998,2537.0,667.4,105.40000000000009,121.0,2996.818181818182,809.5454545454545,134.36363636363603,118.0,2625.5,1017.75,130.25,147.8571428571429,2561.8571428571427,1252.4285714285713,118.0,111.60869565217376,2267.8695652173915,1694.0869565217392,117.39130434782601,96.05882352941171,2883.235294117647,1238.1764705882354,134.9411764705883,110.88235294117646,2953.4117647058824,444.52941176470586,145.11764705882342,111.14285714285722,2291.5714285714284,749.1428571428571,123.28571428571422,103.26666666666665,2357.4,1248.6666666666667,126.79999999999973,36.0,2424.0,1260.0,38.0
314,92.82352941176464,2942.764705882353,1196.5294117647059,137.7647058823527,114.30000000000007,2536.75,668.3,105.30000000000018,121.0,2996.590909090909,809.2272727272727,133.81818181818198,118.39999999999986,2626.8,1020.7,130.69999999999982,148.1428571428571,2559.6428571428573,1247.5714285714287,119.0,111.0434782608695,2273.3478260869565,1693.4347826086957,118.9565217391305,96.82352941176464,2880.294117647059,1233.4705882352941,135.17647058823513,111.05882352941171,2953.294117647059,445.2352941176471,144.94117647058783,109.57142857142856,2291.285714285714,751.5714285714286,123.14285714285734,103.20000000000005,2360.8,1246.0,127.59999999999991,36.0,2427.5,1261.5,38.0
315,92.70588235294099,2942.9411764705883,1195.8823529411766,135.9411764705883,114.19999999999993,2536.5,669.2,105.19999999999982,121.0,2996.3636363636365,808.9090909090909,133.27272727272702,118.80000000000007,2628.1,1023.65,131.1500000000001,148.42857142857133,2557.4285714285716,1242.7142857142858,120.0,110.47826086956525,2278.8260869565215,1692.7826086956522,120.52173913043498,97.58823529411757,2877.3529411764707,1228.764705882353,135.41176470588243,111.23529411764702,2953.176470588235,445.94117647058823,144.76470588235316,108.0,2291.0,754.0,123.0,103.13333333333344,2364.2,1243.3333333333333,128.4000000000001,36.0,2431.0,1263.0,38.0
316,92.58823529411757,2943.1176470588234,1195.235294117647,134.11764705882342,114.10000000000002,2536.25,670.1,105.09999999999991,121.0,2996.1363636363635,808.5909090909091,132.72727272727298,119.20000000000005,2629.4,1026.6,131.5999999999999,148.71428571428578,2555.214285714286,1237.857142857143,121.0,109.91304347826076,2284.304347826087,1692.1304347826087,122.08695652173901,98.35294117647072,2874.4117647058824,1224.0588235294117,135.64705882352928,111.41176470588232,2953.0588235294117,446.6470588235294,144.58823529411757,109.90000000000009,2292.6,756.8,123.0,103.0666666666666,2367.6,1240.6666666666667,129.20000000000027,36.0,2436.1,1263.3,38.0
317,92.47058823529414,2943.294117647059,1194.5882352941176,132.29411764705856,114.0,2536.0,671.0,105.0,121.0,2995.909090909091,808.2727272727273,132.18181818181802,119.60000000000014,2630.7,1029.55,132.05000000000018,149.0,2553.0,1233.0,122.0,109.3478260869565,2289.782608695652,1691.4782608695652,123.6521739130435,99.11764705882365,2871.470588235294,1219.3529411764705,135.88235294117658,111.58823529411768,2952.9411764705883,447.3529411764706,144.41176470588243,111.79999999999995,2294.2,759.6,123.0,103.0,2371.0,1238.0,130.0,36.0,2441.2,1263.6,38.0
318,92.3529411764705,2943.470588235294,1193.9411764705883,130.47058823529414,113.79999999999995,2535.1,672.1333333333333,105.30000000000018,121.0,2995.681818181818,807.9545454545455,131.63636363636397,120.0,2632.0,1032.5,132.5,147.71428571428578,2555.714285714286,1232.0,121.85714285714266,108.78260869565224,2295.2608695652175,1690.8260869565217,125.21739130434753,99.88235294117635,2868.529411764706,1214.6470588235295,136.11764705882342,111.76470588235298,2952.823529411765,448.05882352941177,144.23529411764684,113.70000000000005,2295.8,762.4,123.0,102.9230769230769,2373.6923076923076,1236.8461538461538,130.92307692307713,36.0,2446.3,1263.9,38.0
319,92.23529411764707,2943.6470588235293,1193.2941176470588,128.64705882352973,113.60000000000002,2534.2,673.2666666666667,105.60000000000036,121.0,2995.4545454545455,807.6363636363636,131.090909090909,120.39999999999986,2633.3,1035.45,132.94999999999982,146.42857142857133,2558.4285714285716,1231.0,121.71428571428578,108.21739130434776,2300.7391304347825,1690.1739130434783,126.78260869565247,100.64705882352928,2865.5882352941176,1209.9411764705883,136.35294117647072,111.94117647058829,2952.705882352941,448.7647058823529,144.05882352941217,115.59999999999991,2297.4,765.2,123.0,102.84615384615381,2376.3846153846152,1235.6923076923076,131.8461538461538,36.0,2451.4,1264.2,38.0
320,92.11764705882342,2943.823529411765,1192.6470588235295,126.82352941176441,113.39999999999998,2533.3,674.4,105.89999999999964,121.0,2995.2272727272725,807.3181818181819,130.54545454545496,120.79999999999995,2634.6,1038.4,133.4000000000001,145.1428571428571,2561.1428571428573,1230.0,121.57142857142844,107.6521739130435,2306.217391304348,1689.5217391304348,128.3478260869565,101.41176470588243,2862.6470588235293,1205.235294117647,136.58823529411757,112.11764705882354,2952.5882352941176,449.47058823529414,143.88235294117658,117.5,2299.0,768.0,123.0,102.76923076923094,2379.076923076923,1234.5384615384614,132.76923076923094,36.0,2456.5,1264.5,38.0
321,92.0,2944.0,1192.0,125.0,113.20000000000005,2532.4,675.5333333333333,106.19999999999982,121.0,2995.0,807.0,130.0,121.20000000000005,2635.9,1041.35,133.8499999999999,143.8571428571429,2563.8571428571427,1229.0,121.42857142857156,107.08695652173924,2311.695652173913,1688.8695652173913,129.913043478261,102.17647058823536,2859.705882352941,1200.5294117647059,136.82352941176487,112.29411764705884,2952.470588235294,450.1764705882353,143.705882352941,119.40000000000009,2300.6,770.8,123.0,102.69230769230762,2381.769230769231,1233.3846153846155,133.69230769230762,36.0,2461.6,1264.8,38.0
322,93.58333333333348,2941.8333333333335,1189.8333333333333,125.33333333333303,113.0,2531.5,676.6666666666666,106.5,120.77272727272737,2995.1363636363635,807.0454545454545,130.3636363636365,121.60000000000014,2637.2,1044.3,134.30000000000018,142.57142857142867,2566.5714285714284,1228.0,121.28571428571422,106.52173913043475,2317.1739130434785,1688.2173913043478,131.47826086956502,102.94117647058829,2856.764705882353,1195.8235294117646,137.0588235294117,112.47058823529414,2952.3529411764707,450.88235294117646,143.52941176470586,121.29999999999995,2302.2,773.6,123.0,102.61538461538453,2384.4615384615386,1232.2307692307693,134.6153846153843,36.0,2466.7,1265.1,38.0
323,95.16666666666652,2939.6666666666665,1187.6666666666667,125.66666666666697,112.80000000000007,2530.6,677.8,106.80000000000018,120.5454545454545,2995.2727272727275,807.0909090909091,130.72727272727252,122.0,2638.5,1047.25,134.75,141.28571428571422,2569.285714285714,1227.0,121.14285714285734,105.9565217391305,2322.6521739130435,1687.5652173913043,133.0434782608695,103.70588235294122,2853.823529411765,1191.1176470588234,137.29411764705856,112.64705882352945,2952.235294117647,451.5882352941176,143.35294117647072,123.20000000000005,2303.8,776.4,123.0,102.53846153846143,2387.153846153846,1231.076923076923,135.53846153846143,36.0,2471.8,1265.4,38.0
324,96.75,2937.5,1185.5,126.0,112.60000000000002,2529.7,678.9333333333333,107.10000000000036,120.31818181818187,2995.409090909091,807.1363636363636,131.090909090909,122.39999999999986,2639.8,1050.2,135.19999999999982,140.0,2572.0,1226.0,121.0,105.39130434782624,2328.1304347826085,1686.9130434782608,134.608695652174,104.47058823529414,2850.8823529411766,1186.4117647058824,137.52941176470586,112.8235294117647,2952.1176470588234,452.29411764705884,143.1764705882356,125.09999999999991,2305.4,779.2,123.0,102.46153846153857,2389.846153846154,1229.923076923077,136.46153846153857,36.0,2476.9,1265.7,38.0
325,98.33333333333348,2935.3333333333335,1183.3333333333333,126.33333333333303,112.39999999999998,2528.8,680.0666666666667,107.39999999999964,120.09090909090912,2995.5454545454545,807.1818181818181,131.4545454545455,122.79999999999995,2641.1,1053.15,135.6500000000001,140.375,2573.75,1224.375,118.75,104.82608695652175,2333.608695652174,1686.2608695652175,136.17391304347802,105.23529411764707,2847.9411764705883,1181.7058823529412,137.7647058823527,113.0,2952.0,453.0,143.0,127.0,2307.0,782.0,123.0,102.38461538461547,2392.5384615384614,1228.7692307692307,137.3846153846157,36.0,2482.0,1266.0,38.0
326,99.91666666666652,2933.1666666666665,1181.1666666666667,126.66666666666697,112.19999999999993,2527.9,681.2,107.69999999999982,119.86363636363637,2995.681818181818,807.2272727272727,131.81818181818198,123.20000000000005,2642.4,1056.1,136.0999999999999,140.75,2575.5,1222.75,116.5,104.26086956521726,2339.086956521739,1685.608695652174,137.73913043478296,106.0,2845.0,1177.0,138.0,112.59999999999997,2953.7,454.95,143.4000000000001,126.42000000000007,2308.34,783.54,122.44000000000005,102.30769230769238,2395.230769230769,1227.6153846153845,138.30769230769238,36.0,2480.0,1264.6666666666667,38.0
327,101.5,2931.0,1179.0,127.0,112.0,2527.0,682.3333333333334,108.0,119.63636363636363,2995.818181818182,807.2727272727273,132.18181818181802,123.60000000000014,2643.7,1059.05,136.55000000000018,141.125,2577.25,1221.125,114.25,103.695652173913,2344.5652173913045,1684.9565217391305,139.304347826087,105.0,2844.2,1173.6,138.0,112.20000000000005,2955.4,456.9,143.79999999999973,125.83999999999992,2309.68,785.08,121.88000000000011,102.23076923076906,2397.923076923077,1226.4615384615386,139.23076923076906,36.0,2478.0,1263.3333333333333,38.0
328,103.08333333333348,2928.8333333333335,1176.8333333333333,127.33333333333303,111.79999999999995,2526.1,683.4666666666667,108.30000000000018,119.40909090909088,2995.9545454545455,807.3181818181819,132.5454545454545,124.0,2645.0,1062.0,137.0,141.5,2579.0,1219.5,112.0,103.13043478260875,2350.0434782608695,1684.304347826087,140.86956521739148,104.0,2843.4,1170.2,138.0,111.79999999999995,2957.1,458.85,144.20000000000027,125.25999999999999,2311.02,786.62,121.32000000000016,102.15384615384619,2400.6153846153848,1225.3076923076924,140.1538461538462,36.0,2476.0,1262.0,38.0
329,104.66666666666652,2926.6666666666665,1174.6666666666667,127.66666666666697,111.60000000000002,2525.2,684.6,108.60000000000036,119.18181818181813,2996.090909090909,807.3636363636364,132.909090909091,123.62068965517233,2647.5172413793102,1065.896551724138,137.03448275862092,141.875,2580.75,1217.875,109.75,102.56521739130426,2355.521739130435,1683.6521739130435,142.4347826086955,103.0,2842.6,1166.8,138.0,111.40000000000003,2958.8,460.8,144.5999999999999,124.68000000000006,2312.36,788.16,120.75999999999976,102.0769230769231,2403.3076923076924,1224.1538461538462,141.07692307692287,36.0,2490.3333333333335,1258.0,38.0
330,106.25,2924.5,1172.5,128.0,111.39999999999998,2524.3,685.7333333333333,108.89999999999964,118.9545454545455,2996.2272727272725,807.4090909090909,133.27272727272748,123.24137931034488,2650.0344827586205,1069.7931034482758,137.0689655172414,142.25,2582.5,1216.25,107.5,102.0,2361.0,1683.0,144.0,102.0,2841.8,1163.4,138.0,111.0,2960.5,462.75,145.0,124.09999999999991,2313.7,789.7,120.20000000000027,102.0,2406.0,1223.0,142.0,36.0,2504.6666666666665,1254.0,38.0
331,107.83333333333348,2922.3333333333335,1170.3333333333333,128.33333333333303,111.20000000000005,2523.4,686.8666666666667,109.19999999999982,118.72727272727263,2996.3636363636365,807.4545454545455,133.6363636363635,122.86206896551721,2652.551724137931,1073.6896551724137,137.10344827586187,142.625,2584.25,1214.625,105.25,101.4117647058822,2367.4117647058824,1681.4117647058824,141.7647058823527,101.0,2841.0,1160.0,138.0,110.59999999999997,2962.2,464.7,145.4000000000001,123.51999999999998,2315.04,791.24,119.63999999999987,98.71428571428555,2409.4285714285716,1224.5714285714287,142.0,36.0,2519.0,1250.0,38.0
332,109.41666666666652,2920.1666666666665,1168.1666666666667,128.66666666666697,111.0,2522.5,688.0,109.5,118.5,2996.5,807.5,134.0,122.48275862068976,2655.0689655172414,1077.5862068965516,137.1379310344828,143.0,2586.0,1213.0,103.0,100.82352941176487,2373.823529411765,1679.8235294117646,139.52941176470586,103.75,2837.75,1154.75,139.375,110.20000000000005,2963.9,466.65,145.79999999999973,122.94000000000005,2316.38,792.78,119.07999999999993,95.42857142857156,2412.8571428571427,1226.142857142857,142.0,36.0,2546.0,1242.8333333333333,38.0
333,111.0,2918.0,1166.0,129.0,110.79999999999995,2521.6,689.1333333333333,109.80000000000018,118.27272727272737,2996.6363636363635,807.5454545454545,134.3636363636365,122.10344827586187,2657.5862068965516,1081.4827586206898,137.17241379310371,134.83333333333326,2574.6666666666665,1211.6666666666667,111.16666666666697,100.23529411764707,2380.235294117647,1678.235294117647,137.294117647059,106.5,2834.5,1149.5,140.75,109.79999999999995,2965.6,468.6,146.20000000000027,122.3599999999999,2317.72,794.32,118.51999999999998,92.14285714285711,2416.285714285714,1227.7142857142858,142.0,36.0,2573.0,1235.6666666666667,38.0
334,112.5,2916.8,1162.0,129.29999999999973,110.60000000000002,2520.7,690.2666666666667,110.10000000000036,118.0454545454545,2996.7727272727275,807.5909090909091,134.72727272727252,121.72413793103442,2660.103448275862,1085.3793103448277,137.20689655172418,126.66666666666674,2563.3333333333335,1210.3333333333333,119.33333333333303,99.64705882352928,2386.6470588235293,1676.6470588235295,135.0588235294117,109.25,2831.25,1144.25,142.125,109.40000000000003,2967.3,470.55,146.5999999999999,121.77999999999997,2319.06,795.86,117.96000000000004,88.85714285714289,2419.714285714286,1229.2857142857142,142.0,36.0,2600.0,1228.5,38.0
335,114.0,2915.6,1158.0,129.5999999999999,110.39999999999998,2519.8,691.4,110.39999999999964,117.81818181818187,2996.909090909091,807.6363636363636,135.090909090909,121.34482758620675,2662.6206896551726,1089.2758620689656,137.24137931034466,118.5,2552.0,1209.0,127.5,99.05882352941171,2393.0588235294117,1675.0588235294117,132.82352941176487,112.0,2828.0,1139.0,143.5,109.0,2969.0,472.5,147.0,121.20000000000005,2320.4,797.4,117.40000000000009,85.57142857142844,2423.1428571428573,1230.857142857143,142.0,36.0,2627.0,1221.3333333333333,38.0
336,115.5,2914.4,1154.0,129.9000000000001,110.20000000000005,2518.9,692.5333333333333,110.69999999999982,117.59090909090912,2997.0454545454545,807.6818181818181,135.4545454545455,120.9655172413793,2665.137931034483,1093.1724137931035,137.27586206896558,110.33333333333326,2540.6666666666665,1207.6666666666667,135.66666666666697,98.47058823529414,2399.470588235294,1673.4705882352941,130.58823529411757,114.75,2824.75,1133.75,144.875,108.59999999999997,2970.7,474.45,147.4000000000001,120.61999999999989,2321.74,798.94,116.84000000000015,82.28571428571445,2426.5714285714284,1232.4285714285713,142.0,36.0,2654.0,1214.1666666666667,38.0
337,117.0,2913.2,1150.0,130.20000000000027,110.0,2518.0,693.6666666666666,111.0,117.36363636363637,2997.181818181818,807.7272727272727,135.81818181818198,120.58620689655163,2667.655172413793,1097.0689655172414,137.3103448275865,102.16666666666674,2529.3333333333335,1206.3333333333333,143.83333333333303,97.88235294117635,2405.8823529411766,1671.8823529411766,128.35294117647027,117.5,2821.5,1128.5,146.25,108.20000000000005,2972.4,476.4,147.79999999999973,120.03999999999996,2323.08,800.48,116.2800000000002,79.0,2430.0,1234.0,142.0,36.0,2681.0,1207.0,38.0
338,118.5,2912.0,1146.0,130.5,109.80000000000007,2517.1,694.8,111.30000000000018,117.13636363636363,2997.318181818182,807.7727272727273,136.18181818181802,120.20689655172418,2670.1724137931033,1100.9655172413793,137.34482758620697,94.0,2518.0,1205.0,152.0,97.29411764705878,2412.294117647059,1670.2941176470588,126.11764705882342,120.25,2818.25,1123.25,147.625,107.79999999999995,2974.1,478.35,148.20000000000027,119.46000000000004,2324.42,802.02,115.7199999999998,81.75,2428.0,1230.375,143.75,36.0,2707.222222222222,1199.0,38.0
339,120.0,2910.8,1142.0,130.79999999999973,109.60000000000002,2516.2,695.9333333333333,111.60000000000036,116.90909090909088,2997.4545454545455,807.8181818181819,136.5454545454545,119.82758620689651,2672.689655172414,1104.8620689655172,137.37931034482745,93.85714285714289,2512.714285714286,1202.857142857143,150.57142857142844,96.70588235294122,2418.705882352941,1668.7058823529412,123.88235294117658,123.0,2815.0,1118.0,149.0,107.40000000000003,2975.8,480.3,148.5999999999999,118.88000000000011,2325.76,803.56,115.15999999999985,84.5,2426.0,1226.75,145.5,36.0,2733.4444444444443,1191.0,38.0
340,121.5,2909.6,1138.0,131.0999999999999,109.39999999999998,2515.3,697.0666666666667,111.89999999999964,116.68181818181813,2997.590909090909,807.8636363636364,136.909090909091,119.44827586206907,2675.206896551724,1108.7586206896551,137.41379310344837,93.71428571428555,2507.4285714285716,1200.7142857142858,149.14285714285688,96.11764705882365,2425.1176470588234,1667.1176470588234,121.64705882352973,119.66666666666674,2814.222222222222,1113.4444444444443,154.33333333333348,107.0,2977.5,482.25,149.0,118.29999999999995,2327.1,805.1,114.59999999999991,87.25,2424.0,1223.125,147.25,36.0,2759.6666666666665,1183.0,38.0
341,123.0,2908.4,1134.0,131.4000000000001,109.19999999999993,2514.4,698.2,112.19999999999982,116.4545454545455,2997.7272727272725,807.9090909090909,137.27272727272748,119.0689655172414,2677.7241379310344,1112.655172413793,137.44827586206884,93.57142857142844,2502.1428571428573,1198.5714285714287,147.71428571428532,95.52941176470586,2431.529411764706,1665.5294117647059,119.41176470588243,116.33333333333326,2813.4444444444443,1108.888888888889,159.66666666666697,106.59999999999997,2979.2,484.2,149.4000000000001,117.72000000000003,2328.44,806.64,114.03999999999996,90.0,2422.0,1219.5,149.0,36.0,2785.8888888888887,1175.0,38.0
342,124.5,2907.2,1130.0,131.70000000000027,109.0,2513.5,699.3333333333334,112.5,116.22727272727263,2997.8636363636365,807.9545454545455,137.6363636363635,118.68965517241395,2680.2413793103447,1116.551724137931,137.48275862068976,93.42857142857156,2496.8571428571427,1196.4285714285713,146.28571428571468,94.94117647058829,2437.9411764705883,1663.9411764705883,117.17647058823513,113.0,2812.6666666666665,1104.3333333333333,165.0,106.20000000000005,2980.9,486.15,149.79999999999973,117.1400000000001,2329.78,808.18,113.48000000000002,92.75,2420.0,1215.875,150.75,36.0,2812.1111111111113,1167.0,38.0
343,126.0,2906.0,1126.0,132.0,108.79999999999995,2512.6,700.4666666666667,112.80000000000018,116.0,2998.0,808.0,138.0,118.31034482758605,2682.7586206896553,1120.448275862069,137.51724137931024,93.28571428571445,2491.5714285714284,1194.2857142857142,144.85714285714312,94.35294117647072,2444.3529411764707,1662.3529411764705,114.94117647058829,109.66666666666652,2811.8888888888887,1099.7777777777778,170.33333333333348,105.79999999999995,2982.6,488.1,150.20000000000027,116.55999999999995,2331.12,809.72,112.92000000000007,95.5,2418.0,1212.25,152.5,36.0,2838.3333333333335,1159.0,38.0
344,126.08333333333326,2905.0833333333335,1121.75,132.83333333333303,108.60000000000002,2511.7,701.6,113.10000000000036,115.71428571428567,2997.6666666666665,810.8095238095239,138.33333333333348,117.9310344827586,2685.2758620689656,1124.344827586207,137.55172413793116,93.14285714285711,2486.285714285714,1192.142857142857,143.42857142857156,93.76470588235293,2450.764705882353,1660.764705882353,112.70588235294099,106.33333333333348,2811.1111111111113,1095.2222222222222,175.66666666666652,105.40000000000003,2984.3,490.05,150.5999999999999,115.98000000000002,2332.46,811.26,112.36000000000013,98.25,2416.0,1208.625,154.25,36.0,2864.5555555555557,1151.0,38.0
345,126.16666666666674,2904.1666666666665,1117.5,133.66666666666697,108.39999999999998,2510.8,702.7333333333333,113.39999999999964,115.42857142857144,2997.3333333333335,813.6190476190476,138.66666666666652,117.55172413793093,2687.793103448276,1128.2413793103449,137.58620689655163,93.0,2481.0,1190.0,142.0,93.17647058823513,2457.176470588235,1659.1764705882354,110.47058823529414,103.0,2810.3333333333335,1090.6666666666667,181.0,105.0,2986.0,492.0,151.0,115.40000000000009,2333.8,812.8,111.79999999999973,101.0,2414.0,1205.0,156.0,36.0,2890.777777777778,1143.0,38.0
346,126.25,2903.25,1113.25,134.5,108.20000000000005,2509.9,703.8666666666667,113.69999999999982,115.14285714285711,2997.0,816.4285714285714,139.0,117.17241379310349,2690.310344827586,1132.1379310344828,137.62068965517255,92.91666666666674,2480.8333333333335,1188.3333333333333,140.58333333333303,92.5882352941178,2463.5882352941176,1657.5882352941176,108.2352941176473,99.66666666666674,2809.5555555555557,1086.111111111111,186.33333333333303,106.11111111111114,2987.222222222222,495.3333333333333,149.66666666666652,114.81999999999994,2335.14,814.34,111.24000000000024,102.42857142857156,2413.8571428571427,1205.142857142857,148.5714285714289,36.0,2917.0,1135.0,38.0
347,126.33333333333326,2902.3333333333335,1109.0,135.33333333333303,108.0,2509.0,705.0,114.0,114.85714285714289,2996.6666666666665,819.2380952380952,139.33333333333348,116.79310344827582,2692.8275862068967,1136.0344827586207,137.65517241379303,92.83333333333326,2480.6666666666665,1186.6666666666667,139.16666666666697,92.0,2470.0,1656.0,106.0,96.33333333333326,2808.777777777778,1081.5555555555557,191.66666666666652,107.22222222222223,2988.4444444444443,498.6666666666667,148.33333333333348,114.24000000000001,2336.48,815.88,110.67999999999984,103.85714285714289,2413.714285714286,1205.2857142857142,141.14285714285688,36.0,2940.2,1126.8,38.0
348,126.41666666666674,2901.4166666666665,1104.75,136.16666666666697,107.80000000000007,2507.0,703.4,114.2800000000002,114.57142857142856,2996.3333333333335,822.047619047619,139.66666666666652,116.41379310344837,2695.344827586207,1139.9310344827586,137.6896551724135,92.75,2480.5,1185.0,137.75,92.63636363636374,2472.6363636363635,1652.8181818181818,108.27272727272748,93.0,2808.0,1077.0,197.0,108.33333333333337,2989.6666666666665,502.0,147.0,113.66000000000008,2337.82,817.42,110.11999999999989,105.28571428571445,2413.5714285714284,1205.4285714285713,133.71428571428578,36.0,2963.4,1118.6,38.0
349,126.5,2900.5,1100.5,137.0,107.60000000000002,2505.0,701.8,114.55999999999995,114.28571428571422,2996.0,824.8571428571429,140.0,116.0344827586207,2697.862068965517,1143.8275862068965,137.72413793103442,92.66666666666674,2480.3333333333335,1183.3333333333333,136.33333333333303,93.27272727272725,2475.2727272727275,1649.6363636363637,110.5454545454545,94.42857142857133,2808.4285714285716,1072.0,199.4285714285711,109.44444444444451,2990.8888888888887,505.3333333333333,145.66666666666697,113.07999999999993,2339.16,818.96,109.55999999999995,106.71428571428555,2413.4285714285716,1205.5714285714287,126.28571428571422,36.0,2986.6,1110.4,38.0
350,126.58333333333326,2899.5833333333335,1096.25,137.83333333333303,107.39999999999998,2503.0,700.2,114.84000000000015,114.0,2995.6666666666665,827.6666666666666,140.33333333333348,115.65517241379325,2700.3793103448274,1147.7241379310344,137.75862068965534,92.58333333333326,2480.1666666666665,1181.6666666666667,134.91666666666697,93.90909090909076,2477.909090909091,1646.4545454545455,112.81818181818153,95.85714285714289,2808.8571428571427,1067.0,201.85714285714312,110.55555555555549,2992.1111111111113,508.6666666666667,144.33333333333303,112.5,2340.5,820.5,109.0,108.14285714285711,2413.285714285714,1205.7142857142858,118.85714285714312,36.0,3009.8,1102.2,38.0
351,126.66666666666674,2898.6666666666665,1092.0,138.66666666666697,107.19999999999993,2501.0,698.6,115.11999999999989,113.71428571428567,2995.3333333333335,830.4761904761905,140.66666666666652,115.27586206896558,2702.896551724138,1151.6206896551723,137.79310344827582,92.5,2480.0,1180.0,133.5,94.5454545454545,2480.5454545454545,1643.2727272727273,115.09090909090901,97.28571428571422,2809.285714285714,1062.0,204.28571428571422,111.66666666666663,2993.3333333333335,512.0,143.0,111.92000000000007,2341.84,822.04,108.44000000000005,109.57142857142844,2413.1428571428573,1205.857142857143,111.4285714285711,36.0,3033.0,1094.0,38.0
352,126.75,2897.75,1087.75,139.5,107.0,2499.0,697.0,115.40000000000009,113.42857142857133,2995.0,833.2857142857143,141.0,114.89655172413813,2705.4137931034484,1155.5172413793102,137.82758620689629,92.41666666666674,2479.8333333333335,1178.3333333333333,132.08333333333303,95.18181818181824,2483.181818181818,1640.090909090909,117.36363636363649,98.71428571428578,2809.714285714286,1057.0,206.71428571428578,112.77777777777771,2994.5555555555557,515.3333333333334,141.66666666666652,111.33999999999992,2343.18,823.58,107.88000000000011,111.0,2413.0,1206.0,104.0,36.0,3052.8333333333335,1085.8333333333333,38.0
353,126.83333333333326,2896.8333333333335,1083.5,140.33333333333303,106.80000000000007,2497.0,695.4,115.67999999999984,113.14285714285711,2994.6666666666665,836.0952380952381,141.33333333333348,114.51724137931024,2707.9310344827586,1159.4137931034484,137.8620689655172,92.33333333333326,2479.6666666666665,1176.6666666666667,130.66666666666697,95.81818181818176,2485.818181818182,1636.909090909091,119.63636363636351,100.14285714285711,2810.1428571428573,1052.0,209.14285714285688,113.88888888888891,2995.777777777778,518.6666666666666,140.33333333333348,110.75999999999999,2344.52,825.12,107.32000000000016,112.375,2408.375,1208.125,106.125,36.0,3072.6666666666665,1077.6666666666667,38.0
354,126.91666666666674,2895.9166666666665,1079.25,141.16666666666697,106.60000000000002,2495.0,693.8,115.96000000000004,112.85714285714289,2994.3333333333335,838.9047619047619,141.66666666666652,114.13793103448279,2710.448275862069,1163.3103448275863,137.89655172413813,92.25,2479.5,1175.0,129.25,96.4545454545455,2488.4545454545455,1633.7272727272727,121.90909090909099,101.57142857142867,2810.5714285714284,1047.0,211.5714285714289,115.0,2997.0,522.0,139.0,110.18000000000006,2345.86,826.66,106.75999999999976,113.75,2403.75,1210.25,108.25,36.0,3092.5,1069.5,38.0
355,127.0,2895.0,1075.0,142.0,106.39999999999998,2493.0,692.2,116.23999999999978,112.57142857142867,2994.0,841.7142857142857,142.0,113.75862068965512,2712.9655172413795,1167.2068965517242,137.9310344827586,92.16666666666674,2479.3333333333335,1173.3333333333333,127.83333333333303,97.09090909090924,2491.090909090909,1630.5454545454545,124.18181818181847,103.0,2811.0,1042.0,214.0,114.59999999999991,2998.76,530.32,139.47999999999956,109.59999999999991,2347.2,828.2,106.20000000000027,115.125,2399.125,1212.375,110.375,36.0,3112.3333333333335,1061.3333333333333,38.0
356,127.05882352941171,2897.9411764705883,1071.1764705882354,142.7647058823527,106.19999999999993,2491.0,690.6,116.51999999999998,112.28571428571433,2993.6666666666665,844.5238095238095,142.33333333333348,113.37931034482767,2715.4827586206898,1171.103448275862,137.96551724137908,92.08333333333326,2479.1666666666665,1171.6666666666667,126.41666666666697,97.72727272727275,2493.7272727272725,1627.3636363636363,126.4545454545455,102.11764705882365,2817.8823529411766,1038.1176470588234,212.705882352941,114.20000000000005,3000.52,538.64,139.96000000000004,109.01999999999998,2348.54,829.74,105.63999999999987,116.5,2394.5,1214.5,112.5,36.0,3132.1666666666665,1053.1666666666667,38.0
357,127.11764705882365,2900.8823529411766,1067.3529411764705,143.52941176470586,106.0,2489.0,689.0,116.80000000000018,112.0,2993.3333333333335,847.3333333333334,142.66666666666652,113.0,2718.0,1175.0,138.0,92.0,2479.0,1170.0,125.0,98.36363636363626,2496.3636363636365,1624.1818181818182,128.72727272727252,101.23529411764707,2824.764705882353,1034.235294117647,211.41176470588198,113.79999999999995,3002.28,546.96,140.4399999999996,108.44000000000005,2349.88,831.28,105.07999999999993,117.875,2389.875,1216.625,114.625,36.0,3152.0,1045.0,38.0
358,127.17647058823536,2903.823529411765,1063.5294117647059,144.29411764705856,105.80000000000007,2487.0,687.4,117.07999999999993,111.71428571428578,2993.0,850.1428571428571,143.0,110.16666666666652,2722.1666666666665,1178.6666666666667,137.16666666666697,92.47368421052624,2479.4736842105262,1167.6842105263158,125.2105263157896,99.0,2499.0,1621.0,131.0,100.35294117647072,2831.6470588235293,1030.3529411764705,210.11764705882388,113.39999999999998,3004.04,555.28,140.92000000000007,107.8599999999999,2351.22,832.82,104.51999999999998,119.25,2385.25,1218.75,116.75,36.0,3167.125,1038.25,38.0
359,127.23529411764707,2906.764705882353,1059.7058823529412,145.0588235294117,105.60000000000002,2485.0,685.8,117.36000000000013,111.42857142857144,2992.6666666666665,852.952380952381,143.33333333333348,107.33333333333348,2726.3333333333335,1182.3333333333333,136.33333333333303,92.94736842105249,2479.9473684210525,1165.3684210526317,125.42105263157919,101.33333333333348,2498.3333333333335,1613.3333333333333,127.16666666666652,99.47058823529414,2838.529411764706,1026.4705882352941,208.82352941176487,113.0,3005.8,563.6,141.39999999999964,107.27999999999997,2352.56,834.36,103.96000000000004,120.625,2380.625,1220.875,118.875,36.0,3182.25,1031.5,38.0
360,127.29411764705878,2909.705882352941,1055.8823529411766,145.82352941176487,105.39999999999998,2483.0,684.2,117.63999999999987,111.14285714285711,2992.3333333333335,855.7619047619048,143.66666666666652,104.5,2730.5,1186.0,135.5,93.42105263157896,2480.4210526315787,1163.0526315789473,125.63157894736878,103.66666666666652,2497.6666666666665,1605.6666666666667,123.33333333333348,98.58823529411768,2845.4117647058824,1022.5882352941177,207.52941176470586,112.60000000000002,3007.56,571.92,141.8800000000001,106.70000000000005,2353.9,835.9,103.40000000000009,122.0,2376.0,1223.0,121.0,36.0,3197.375,1024.75,38.0
361,127.35294117647072,2912.6470588235293,1052.0588235294117,146.58823529411757,105.19999999999993,2481.0,682.6,117.92000000000007,110.85714285714289,2992.0,858.5714285714286,144.0,101.66666666666652,2734.6666666666665,1189.6666666666667,134.66666666666697,93.8947368421052,2480.8947368421054,1160.7368421052631,125.84210526315792,106.0,2497.0,1598.0,119.5,97.70588235294122,2852.294117647059,1018.7058823529412,206.23529411764684,112.20000000000005,3009.32,580.24,142.35999999999967,106.11999999999989,2355.24,837.44,102.84000000000015,120.11111111111109,2373.777777777778,1227.5555555555557,119.55555555555566,36.0,3212.5,1018.0,38.0
362,127.41176470588243,2915.5882352941176,1048.235294117647,147.35294117647072,105.0,2479.0,681.0,118.19999999999982,110.57142857142856,2991.6666666666665,861.3809523809524,144.33333333333348,98.83333333333348,2738.8333333333335,1193.3333333333333,133.83333333333303,94.36842105263167,2481.3684210526317,1158.421052631579,126.05263157894706,108.33333333333348,2496.3333333333335,1590.3333333333333,115.66666666666652,96.82352941176475,2859.176470588235,1014.8235294117648,204.9411764705883,111.80000000000007,3011.08,588.56,142.84000000000015,105.53999999999996,2356.58,838.98,102.2800000000002,118.22222222222217,2371.5555555555557,1232.111111111111,118.11111111111086,36.0,3227.625,1011.25,38.0
363,127.47058823529414,2918.529411764706,1044.4117647058824,148.11764705882342,104.80000000000007,2477.0,679.4,118.48000000000002,110.28571428571433,2991.3333333333335,864.1904761904761,144.66666666666652,96.0,2743.0,1197.0,133.0,94.84210526315792,2481.842105263158,1156.1052631578948,126.26315789473665,110.66666666666652,2495.6666666666665,1582.6666666666667,111.83333333333348,95.94117647058829,2866.0588235294117,1010.9411764705883,203.64705882352928,111.39999999999998,3012.84,596.88,143.3199999999997,104.96000000000004,2357.92,840.52,101.7199999999998,116.33333333333326,2369.3333333333335,1236.6666666666667,116.66666666666652,36.0,3242.75,1004.5,38.0
364,127.52941176470586,2921.470588235294,1040.5882352941176,148.88235294117658,104.60000000000002,2475.0,677.8,118.76000000000022,110.0,2991.0,867.0,145.0,93.16666666666652,2747.1666666666665,1200.6666666666667,132.16666666666697,95.31578947368416,2482.315789473684,1153.7894736842106,126.47368421052624,113.0,2495.0,1575.0,108.0,95.05882352941171,2872.9411764705883,1007.0588235294117,202.35294117647072,111.0,3014.6,605.2,143.80000000000018,104.38000000000011,2359.26,842.06,101.15999999999985,114.44444444444457,2367.1111111111113,1241.2222222222222,115.22222222222217,36.0,3257.875,997.75,38.0
365,127.58823529411757,2924.4117647058824,1036.764705882353,149.64705882352928,104.39999999999998,2473.0,676.2,119.03999999999996,109.9333333333334,2990.8,867.6666666666666,145.33333333333303,90.33333333333348,2751.3333333333335,1204.3333333333333,131.33333333333303,95.78947368421063,2482.7894736842104,1151.4736842105262,126.68421052631584,111.46153846153834,2493.6923076923076,1573.1538461538462,108.53846153846143,94.17647058823525,2879.823529411765,1003.1764705882352,201.0588235294117,110.60000000000002,3016.36,613.52,144.27999999999975,103.79999999999995,2360.6,843.6,100.59999999999991,112.55555555555543,2364.8888888888887,1245.7777777777778,113.77777777777783,36.0,3273.0,991.0,38.0
366,127.64705882352928,2927.3529411764707,1032.9411764705883,150.41176470588243,104.19999999999993,2471.0,674.6,119.32000000000016,109.86666666666667,2990.6,868.3333333333334,145.66666666666697,87.5,2755.5,1208.0,130.5,96.26315789473688,2483.2631578947367,1149.157894736842,126.89473684210543,109.9230769230769,2492.3846153846152,1571.3076923076924,109.07692307692332,93.29411764705878,2886.705882352941,999.2941176470588,199.76470588235316,110.19999999999993,3018.12,621.84,144.76000000000022,103.22000000000003,2361.94,845.14,100.03999999999996,110.66666666666674,2362.6666666666665,1250.3333333333333,112.33333333333348,36.0,3283.0,984.0,38.0
367,127.70588235294122,2930.294117647059,1029.1176470588234,151.17647058823513,104.0,2469.0,673.0,119.59999999999991,109.79999999999995,2990.4,869.0,146.0,84.66666666666652,2759.6666666666665,1211.6666666666667,129.66666666666697,96.73684210526312,2483.7368421052633,1146.842105263158,127.10526315789457,108.38461538461524,2491.076923076923,1569.4615384615386,109.61538461538476,92.41176470588232,2893.5882352941176,995.4117647058823,198.47058823529414,109.80000000000007,3019.88,630.16,145.23999999999978,102.6400000000001,2363.28,846.68,99.48000000000002,108.77777777777783,2360.4444444444443,1254.888888888889,110.88888888888914,36.0,3293.0,977.0,38.0
368,127.76470588235293,2933.235294117647,1025.2941176470588,151.9411764705883,103.80000000000007,2467.0,671.4,119.88000000000011,109.73333333333335,2990.2,869.6666666666666,146.33333333333348,81.83333333333348,2763.8333333333335,1215.3333333333333,128.83333333333303,97.21052631578937,2484.2105263157896,1144.5263157894738,127.31578947368416,106.84615384615404,2489.769230769231,1567.6153846153845,110.15384615384619,91.52941176470586,2900.470588235294,991.5294117647059,197.17647058823513,109.39999999999998,3021.64,638.48,145.72000000000025,102.05999999999995,2364.62,848.22,98.92000000000007,106.88888888888891,2358.222222222222,1259.4444444444443,109.44444444444434,36.0,3303.0,970.0,38.0
369,127.82352941176464,2936.176470588235,1021.4705882352941,152.70588235294144,103.60000000000002,2465.0,669.8,120.15999999999985,109.66666666666663,2990.0,870.3333333333334,146.66666666666652,79.0,2768.0,1219.0,128.0,97.68421052631584,2484.684210526316,1142.2105263157894,127.52631578947376,105.30769230769238,2488.4615384615386,1565.7692307692307,110.69230769230762,90.64705882352939,2907.3529411764707,987.6470588235294,195.88235294117612,109.0,3023.4,646.8,146.19999999999982,101.48000000000002,2365.96,849.76,98.36000000000013,105.0,2356.0,1264.0,108.0,36.0,3295.0,970.0,38.0
370,127.88235294117646,2939.1176470588234,1017.6470588235294,153.47058823529414,103.39999999999998,2463.0,668.2,120.44000000000005,109.60000000000002,2989.8,871.0,147.0,79.0769230769231,2770.846153846154,1221.2307692307693,127.69230769230762,98.15789473684208,2485.157894736842,1139.8947368421052,127.73684210526335,103.76923076923072,2487.153846153846,1563.923076923077,111.23076923076906,89.76470588235293,2914.235294117647,983.7647058823529,194.58823529411802,108.60000000000002,3025.16,655.12,146.6800000000003,100.90000000000009,2367.3,851.3,97.79999999999973,103.18181818181824,2348.4545454545455,1268.5454545454545,106.5454545454545,36.0,3276.5,973.0,38.0
371,127.94117647058818,2942.0588235294117,1013.8235294117648,154.2352941176473,103.19999999999993,2461.0,666.6,120.7199999999998,109.53333333333342,2989.6,871.6666666666666,147.33333333333348,79.15384615384596,2773.6923076923076,1223.4615384615386,127.38461538461524,98.63157894736833,2485.6315789473683,1137.578947368421,127.94736842105294,102.23076923076928,2485.846153846154,1562.076923076923,111.76923076923094,88.88235294117646,2921.1176470588234,979.8823529411765,193.294117647059,108.19999999999993,3026.92,663.44,147.15999999999985,100.31999999999994,2368.64,852.84,97.24000000000024,101.36363636363649,2340.909090909091,1273.090909090909,105.09090909090901,36.0,3258.0,976.0,38.0
372,128.0,2945.0,1010.0,155.0,103.0,2459.0,665.0,121.0,109.46666666666658,2989.4,872.3333333333334,147.66666666666652,79.23076923076928,2776.5384615384614,1225.6923076923076,127.07692307692332,99.1052631578948,2486.1052631578946,1135.2631578947369,128.15789473684208,100.69230769230762,2484.5384615384614,1560.2307692307693,112.30769230769238,88.0,2928.0,976.0,192.0,107.79999999999995,3028.68,671.76,147.64000000000033,99.74000000000001,2369.98,854.38,96.67999999999984,99.5454545454545,2333.3636363636365,1277.6363636363637,103.63636363636351,36.0,3260.5,976.5,38.0
373,127.0,2947.5,1009.0,159.83333333333348,103.02325581395348,2457.3720930232557,662.0697674418604,120.60465116279056,109.39999999999998,2989.2,873.0,148.0,79.30769230769238,2779.3846153846152,1227.923076923077,126.76923076923094,99.57894736842104,2486.5789473684213,1132.9473684210527,128.36842105263122,99.15384615384596,2483.230769230769,1558.3846153846155,112.84615384615381,88.57142857142856,2936.714285714286,973.5714285714286,189.0,107.39999999999998,3030.44,680.08,148.1199999999999,99.16000000000008,2371.32,855.92,96.11999999999989,97.72727272727275,2325.818181818182,1282.1818181818182,102.18181818181802,36.0,3263.0,977.0,38.0
374,126.0,2950.0,1008.0,164.66666666666652,103.04651162790697,2455.7441860465115,659.1395348837209,120.20930232558158,109.33333333333337,2989.0,873.6666666666666,148.33333333333348,79.38461538461524,2782.230769230769,1230.1538461538462,126.46153846153857,100.05263157894751,2487.0526315789475,1130.6315789473683,128.5789473684208,97.61538461538476,2481.923076923077,1556.5384615384614,113.38461538461524,89.14285714285711,2945.4285714285716,971.1428571428571,186.0,107.0,3032.2,688.4,148.60000000000036,98.57999999999993,2372.66,857.46,95.55999999999995,95.90909090909099,2318.2727272727275,1286.7272727272727,100.72727272727252,36.0,3267.0,976.6666666666666,38.0
375,125.0,2952.5,1007.0,169.5,103.06976744186056,2454.1162790697676,656.2093023255813,119.81395348837168,109.26666666666665,2988.8,874.3333333333334,148.66666666666652,79.46153846153834,2785.076923076923,1232.3846153846155,126.15384615384619,100.52631578947376,2487.5263157894738,1128.3157894736842,128.7894736842104,96.0769230769231,2480.6153846153848,1554.6923076923076,113.92307692307668,89.71428571428567,2954.1428571428573,968.7142857142857,183.0,106.59999999999991,3033.96,696.72,149.07999999999993,98.0,2374.0,859.0,95.0,94.09090909090901,2310.7272727272725,1291.2727272727273,99.27272727272748,36.0,3271.0,976.3333333333334,38.0
376,124.0,2955.0,1006.0,174.33333333333348,103.09302325581393,2452.4883720930234,653.2790697674419,119.4186046511627,109.20000000000005,2988.6,875.0,149.0,79.53846153846166,2787.923076923077,1234.6153846153845,125.84615384615381,101.0,2488.0,1126.0,129.0,94.53846153846166,2479.3076923076924,1552.8461538461538,114.46153846153857,90.28571428571433,2962.8571428571427,966.2857142857143,180.0,106.20000000000005,3035.72,705.04,149.5600000000004,97.86538461538464,2372.846153846154,859.8461538461538,95.53846153846143,92.27272727272725,2303.181818181818,1295.8181818181818,97.81818181818198,36.0,3275.0,976.0,38.0
377,123.0,2957.5,1005.0,179.16666666666652,103.11627906976742,2450.860465116279,650.3488372093024,119.02325581395326,109.13333333333333,2988.4,875.6666666666666,149.33333333333303,79.61538461538476,2790.769230769231,1236.8461538461538,125.53846153846143,101.5,2489.0454545454545,1124.5454545454545,129.27272727272748,93.0,2478.0,1551.0,115.0,90.85714285714289,2971.5714285714284,963.8571428571429,177.0,105.79999999999995,3037.48,713.36,150.03999999999996,97.73076923076917,2371.6923076923076,860.6923076923077,96.07692307692332,90.4545454545455,2295.6363636363635,1300.3636363636363,96.36363636363649,36.0,3276.0,975.0,38.0
378,122.0,2960.0,1004.0,184.0,103.1395348837209,2449.232558139535,647.4186046511628,118.62790697674427,109.0666666666666,2988.2,876.3333333333334,149.66666666666697,79.69230769230762,2793.6153846153848,1239.076923076923,125.23076923076906,102.0,2490.090909090909,1123.090909090909,129.5454545454545,94.1052631578948,2472.9473684210525,1546.2631578947369,116.2631578947371,91.42857142857144,2980.285714285714,961.4285714285714,174.0,105.39999999999986,3039.24,721.6800000000001,150.52000000000044,97.59615384615381,2370.5384615384614,861.5384615384615,96.61538461538476,88.63636363636351,2288.090909090909,1304.909090909091,94.90909090909099,36.0,3277.0,974.0,38.0
379,122.85714285714278,2966.285714285714,1001.5714285714286,181.14285714285734,103.16279069767438,2447.6046511627906,644.4883720930233,118.23255813953483,109.0,2988.0,877.0,150.0,79.76923076923072,2796.4615384615386,1241.3076923076924,124.92307692307668,102.5,2491.1363636363635,1121.6363636363637,129.81818181818198,95.21052631578937,2467.8947368421054,1541.5263157894738,117.5263157894733,92.0,2989.0,959.0,171.0,105.0,3041.0,730.0,151.0,97.46153846153845,2369.3846153846152,862.3846153846154,97.15384615384619,86.81818181818176,2280.5454545454545,1309.4545454545455,93.4545454545455,36.0,3278.0,973.0,38.0
380,123.71428571428578,2972.5714285714284,999.1428571428571,178.28571428571422,103.18604651162798,2445.9767441860463,641.5581395348837,117.83720930232585,109.0,2988.923076923077,875.6923076923077,150.30769230769192,79.84615384615404,2799.3076923076924,1243.5384615384614,124.61538461538476,103.0,2492.181818181818,1120.1818181818182,130.09090909090946,96.31578947368416,2462.842105263158,1536.7894736842106,118.7894736842104,92.69230769230762,2991.0,958.1538461538462,169.92307692307713,105.77777777777771,3040.8888888888887,732.3333333333334,151.55555555555566,97.32692307692298,2368.230769230769,863.2307692307693,97.69230769230808,85.0,2273.0,1314.0,92.0,36.0,3278.3333333333335,972.6666666666666,38.0
381,124.57142857142856,2978.8571428571427,996.7142857142857,175.42857142857156,103.20930232558146,2444.3488372093025,638.6279069767442,117.44186046511595,109.0,2989.846153846154,874.3846153846154,150.61538461538476,79.9230769230769,2802.153846153846,1245.7692307692307,124.30769230769238,103.5,2493.2272727272725,1118.7272727272727,130.3636363636365,97.42105263157896,2457.7894736842104,1532.0526315789473,120.05263157894751,93.38461538461536,2993.0,957.3076923076923,168.8461538461538,106.55555555555554,3040.777777777778,734.6666666666666,152.11111111111086,97.19230769230762,2367.076923076923,864.0769230769231,98.23076923076951,85.2222222222224,2266.1111111111113,1316.4444444444443,93.0,36.0,3278.6666666666665,972.3333333333334,38.0
382,125.42857142857144,2985.1428571428573,994.2857142857143,172.57142857142844,103.23255813953494,2442.720930232558,635.6976744186046,117.04651162790697,109.0,2990.769230769231,873.0769230769231,150.92307692307668,80.0,2805.0,1248.0,124.0,104.0,2494.2727272727275,1117.2727272727273,130.6363636363635,98.52631578947376,2452.7368421052633,1527.3157894736842,121.31578947368416,94.07692307692298,2995.0,956.4615384615385,167.76923076923094,107.33333333333337,3040.6666666666665,737.0,152.66666666666697,97.05769230769238,2365.923076923077,864.9230769230769,98.76923076923049,85.44444444444434,2259.222222222222,1318.888888888889,94.0,36.0,3279.0,972.0,38.0
383,126.28571428571422,2991.4285714285716,991.8571428571429,169.71428571428578,103.25581395348831,2441.093023255814,632.7674418604652,116.65116279069753,109.0,2991.6923076923076,871.7692307692307,151.2307692307695,80.0769230769231,2807.846153846154,1250.2307692307693,123.69230769230762,104.5,2495.318181818182,1115.8181818181818,130.90909090909054,99.63157894736833,2447.684210526316,1522.578947368421,122.57894736842081,94.76923076923083,2997.0,955.6153846153846,166.69230769230762,108.11111111111109,3040.5555555555557,739.3333333333334,153.22222222222217,96.92307692307702,2364.769230769231,865.7692307692307,99.30769230769192,85.66666666666674,2252.3333333333335,1321.3333333333333,95.0,36.0,3276.0,972.0,38.0
384,127.14285714285722,2997.714285714286,989.4285714285714,166.85714285714266,103.2790697674418,2439.4651162790697,629.8372093023256,116.25581395348854,109.0,2992.6153846153848,870.4615384615385,151.53846153846143,80.15384615384596,2810.6923076923076,1252.4615384615386,123.38461538461524,105.0,2496.3636363636365,1114.3636363636363,131.18181818181802,100.73684210526312,2442.6315789473683,1517.842105263158,123.84210526315792,95.46153846153857,2999.0,954.7692307692307,165.61538461538476,108.88888888888891,3040.4444444444443,741.6666666666666,153.77777777777783,96.78846153846155,2363.6153846153848,866.6153846153846,99.84615384615381,85.88888888888891,2245.4444444444443,1323.7777777777778,96.0,36.0,3273.0,972.0,38.0
385,128.0,3004.0,987.0,164.0,103.30232558139528,2437.8372093023254,626.9069767441861,115.8604651162791,109.0,2993.5384615384614,869.1538461538462,151.8461538461538,80.23076923076928,2813.5384615384614,1254.6923076923076,123.07692307692332,105.5,2497.409090909091,1112.909090909091,131.4545454545455,101.84210526315792,2437.5789473684213,1513.1052631578948,125.10526315789457,96.15384615384619,3001.0,953.9230769230769,164.53846153846143,109.66666666666663,3040.3333333333335,744.0,154.33333333333303,96.65384615384619,2362.4615384615386,867.4615384615385,100.38461538461524,86.11111111111109,2238.5555555555557,1326.2222222222222,97.0,36.0,3270.0,972.0,38.0
386,129.07692307692298,3004.923076923077,987.5384615384615,164.92307692307668,103.32558139534888,2436.2093023255816,623.9767441860465,115.46511627906966,109.0,2994.4615384615386,867.8461538461538,152.1538461538462,80.30769230769238,2816.3846153846152,1256.923076923077,122.76923076923094,106.0,2498.4545454545455,1111.4545454545455,131.72727272727252,102.94736842105249,2432.5263157894738,1508.3684210526317,126.36842105263167,96.84615384615381,3003.0,953.0769230769231,163.46153846153857,110.44444444444446,3040.222222222222,746.3333333333334,154.88888888888914,96.51923076923083,2361.3076923076924,868.3076923076923,100.92307692307668,86.33333333333326,2231.6666666666665,1328.6666666666667,98.0,36.0,3266.3333333333335,972.0,38.0
387,130.1538461538462,3005.846153846154,988.0769230769231,165.8461538461538,103.34883720930236,2434.5813953488373,621.046511627907,115.06976744186022,109.0,2995.3846153846152,866.5384615384615,152.46153846153857,80.38461538461524,2819.230769230769,1259.1538461538462,122.46153846153857,106.5,2499.5,1110.0,132.0,104.05263157894751,2427.4736842105262,1503.6315789473683,127.63157894736833,97.53846153846143,3005.0,952.2307692307693,162.38461538461524,111.22222222222229,3040.1111111111113,748.6666666666666,155.44444444444434,96.38461538461536,2360.153846153846,869.1538461538462,101.46153846153857,86.55555555555566,2224.777777777778,1331.111111111111,99.0,36.0,3262.6666666666665,972.0,38.0
388,131.23076923076917,3006.769230769231,988.6153846153846,166.7692307692305,103.37209302325584,2432.953488372093,618.1162790697674,114.67441860465124,109.0,2996.3076923076924,865.2307692307693,152.7692307692305,80.46153846153834,2822.076923076923,1261.3846153846155,122.15384615384619,107.0,2500.5454545454545,1108.5454545454545,132.27272727272748,105.15789473684208,2422.4210526315787,1498.8947368421052,128.89473684210543,98.23076923076917,3007.0,951.3846153846154,161.30769230769238,112.0,3040.0,751.0,156.0,96.25,2359.0,870.0,102.0,86.7777777777776,2217.8888888888887,1333.5555555555557,100.0,36.0,3259.0,972.0,38.0
389,132.30769230769238,3007.6923076923076,989.1538461538462,167.69230769230762,103.39534883720933,2431.3255813953488,615.1860465116279,114.2790697674418,109.0,2997.230769230769,863.9230769230769,153.07692307692332,80.53846153846166,2824.923076923077,1263.6153846153845,121.84615384615381,107.5,2501.590909090909,1107.090909090909,132.5454545454545,106.26315789473688,2417.3684210526317,1494.157894736842,130.15789473684208,98.92307692307702,3009.0,950.5384615384615,160.23076923076906,112.77777777777771,3039.8888888888887,753.3333333333334,156.55555555555566,96.11538461538464,2357.846153846154,870.8461538461538,102.53846153846143,87.0,2211.0,1336.0,101.0,36.0,3252.0,972.0,38.0
390,133.38461538461536,3008.6153846153848,989.6923076923077,168.6153846153843,103.41860465116281,2429.6976744186045,612.2558139534883,113.88372093023281,109.0,2998.153846153846,862.6153846153846,153.38461538461524,80.61538461538476,2827.769230769231,1265.8461538461538,121.53846153846143,108.0,2502.6363636363635,1105.6363636363637,132.81818181818198,107.36842105263167,2412.315789473684,1489.421052631579,131.4210526315792,99.61538461538464,3011.0,949.6923076923077,159.1538461538462,113.55555555555554,3039.777777777778,755.6666666666666,157.11111111111086,95.98076923076917,2356.6923076923076,871.6923076923077,103.07692307692332,87.25,2201.625,1337.125,101.875,36.0,3245.0,972.0,38.0
391,134.46153846153834,3009.5384615384614,990.2307692307693,169.53846153846143,103.44186046511629,2428.0697674418607,609.3255813953489,113.48837209302292,109.0,2999.076923076923,861.3076923076923,153.69230769230808,80.69230769230762,2830.6153846153848,1268.076923076923,121.23076923076906,108.5,2503.681818181818,1104.1818181818182,133.09090909090946,108.47368421052624,2407.2631578947367,1484.6842105263158,132.68421052631584,100.30769230769238,3013.0,948.8461538461538,158.07692307692287,114.33333333333337,3039.6666666666665,758.0,157.66666666666697,95.84615384615381,2355.5384615384614,872.5384615384615,103.61538461538476,87.5,2192.25,1338.25,102.75,36.0,3238.0,972.0,38.0
392,135.53846153846166,3010.4615384615386,990.7692307692307,170.46153846153857,103.46511627906978,2426.4418604651164,606.3953488372093,113.09302325581393,109.0,3000.0,860.0,154.0,80.76923076923072,2833.4615384615386,1270.3076923076924,120.92307692307668,109.0,2504.7272727272725,1102.7272727272727,133.3636363636365,109.57894736842104,2402.2105263157896,1479.9473684210527,133.9473684210525,101.0,3015.0,948.0,157.0,115.11111111111109,3039.5555555555557,760.3333333333334,158.22222222222217,95.71153846153845,2354.3846153846152,873.3846153846154,104.15384615384619,87.75,2182.875,1339.375,103.625,36.0,3231.6666666666665,972.0,38.0
393,136.61538461538464,3011.3846153846152,991.3076923076923,171.3846153846157,103.48837209302326,2424.813953488372,603.4651162790698,112.69767441860449,107.28571428571433,2997.285714285714,856.7142857142857,155.28571428571422,80.84615384615404,2836.3076923076924,1272.5384615384614,120.61538461538476,109.5,2505.7727272727275,1101.2727272727273,133.6363636363635,110.68421052631561,2397.157894736842,1475.2105263157896,135.2105263157896,100.20000000000005,3014.0,946.8,159.4000000000001,115.88888888888891,3039.4444444444443,762.6666666666666,158.77777777777783,95.57692307692298,2353.230769230769,874.2307692307693,104.69230769230808,88.0,2173.5,1340.5,104.5,36.0,3225.3333333333335,972.0,38.0
394,137.69230769230762,3012.3076923076924,991.8461538461538,172.30769230769238,103.51162790697674,2423.186046511628,600.5348837209302,112.30232558139551,105.57142857142856,2994.5714285714284,853.4285714285714,156.5714285714289,80.9230769230769,2839.153846153846,1274.7692307692307,120.30769230769238,110.0,2506.818181818182,1099.8181818181818,133.90909090909054,111.78947368421063,2392.1052631578946,1470.4736842105262,136.4736842105267,99.39999999999998,3013.0,945.6,161.80000000000018,116.66666666666663,3039.3333333333335,765.0,159.33333333333303,95.44230769230762,2352.076923076923,875.0769230769231,105.23076923076951,88.25,2164.125,1341.625,105.375,36.0,3219.0,972.0,38.0
395,138.76923076923083,3013.230769230769,992.3846153846154,173.2307692307695,103.53488372093022,2421.5581395348836,597.6046511627907,111.90697674418607,103.85714285714289,2991.8571428571427,850.1428571428571,157.85714285714312,81.0,2842.0,1277.0,120.0,110.5,2507.8636363636365,1098.3636363636363,134.18181818181802,112.8947368421052,2387.0526315789475,1465.7368421052631,137.7368421052629,98.60000000000002,3012.0,944.4,164.19999999999982,117.44444444444446,3039.222222222222,767.3333333333334,159.88888888888914,95.30769230769238,2350.923076923077,875.9230769230769,105.76923076923049,88.5,2154.75,1342.75,106.25,36.0,3226.0,970.5,38.0
396,139.8461538461538,3014.153846153846,992.9230769230769,174.1538461538462,103.55813953488371,2419.9302325581393,594.6744186046511,111.51162790697708,102.14285714285711,2989.1428571428573,846.8571428571429,159.14285714285688,84.44444444444457,2841.222222222222,1277.111111111111,121.77777777777783,111.0,2508.909090909091,1096.909090909091,134.4545454545455,114.0,2382.0,1461.0,139.0,97.79999999999995,3011.0,943.2,166.5999999999999,118.22222222222229,3039.1111111111113,769.6666666666666,160.44444444444434,95.17307692307702,2349.769230769231,876.7692307692307,106.30769230769192,88.75,2145.375,1343.875,107.125,36.0,3233.0,969.0,38.0
397,140.92307692307702,3015.076923076923,993.4615384615385,175.07692307692332,103.58139534883719,2418.3023255813955,591.7441860465117,111.11627906976719,100.42857142857144,2986.4285714285716,843.5714285714286,160.4285714285711,87.88888888888891,2840.4444444444443,1277.2222222222222,123.55555555555566,111.5,2509.9545454545455,1095.4545454545455,134.72727272727252,113.5,2377.8125,1459.3125,138.8125,97.0,3010.0,942.0,169.0,119.0,3039.0,772.0,161.0,95.03846153846155,2348.6153846153848,877.6153846153846,106.84615384615381,89.0,2136.0,1345.0,108.0,36.0,3247.0,966.0,38.0
398,142.0,3016.0,994.0,176.0,103.60465116279067,2416.6744186046512,588.8139534883721,110.7209302325582,98.71428571428567,2983.714285714286,840.2857142857143,161.71428571428578,91.33333333333348,2839.6666666666665,1277.3333333333333,125.33333333333348,112.0,2511.0,1094.0,135.0,113.0,2373.625,1457.625,138.625,97.28571428571433,3008.1428571428573,942.4761904761905,166.57142857142844,118.41666666666663,3038.4166666666665,768.3333333333334,158.41666666666697,94.90384615384619,2347.4615384615386,878.4615384615385,107.38461538461524,89.0,2128.181818181818,1345.5454545454545,109.90909090909099,36.0,3259.75,962.25,38.0
399,141.0000000000001,3021.6666666666665,993.6666666666666,176.88888888888914,103.62790697674416,2415.046511627907,585.8837209302326,110.32558139534876,97.0,2981.0,837.0,163.0,94.77777777777783,2838.8888888888887,1277.4444444444443,127.11111111111131,111.71428571428578,2512.9523809523807,1096.4285714285713,135.09523809523853,112.5,2369.4375,1455.9375,138.4375,97.57142857142867,3006.285714285714,942.952380952381,164.14285714285734,117.83333333333337,3037.8333333333335,764.6666666666666,155.83333333333303,94.76923076923083,2346.3076923076924,879.3076923076923,107.92307692307668,89.0,2120.3636363636365,1346.090909090909,111.81818181818153,36.0,3272.5,958.5,38.0
400,139.9999999999999,3027.3333333333335,993.3333333333334,177.77777777777783,103.65116279069764,2413.4186046511627,582.953488372093,109.93023255813978,97.0,2979.9166666666665,835.8333333333334,161.91666666666697,98.22222222222217,2838.1111111111113,1277.5555555555557,128.8888888888887,111.42857142857133,2514.904761904762,1098.857142857143,135.19047619047615,112.0,2365.25,1454.25,138.25,97.85714285714278,3004.4285714285716,943.4285714285714,161.71428571428578,117.25,3037.25,761.0,153.25,94.63461538461536,2345.153846153846,880.1538461538462,108.46153846153857,89.0,2112.5454545454545,1346.6363636363637,113.72727272727298,36.0,3285.25,954.75,38.0
401,139.0,3033.0,993.0,178.66666666666652,103.67441860465112,2411.7906976744184,580.0232558139535,109.53488372093034,97.0,2978.8333333333335,834.6666666666666,160.83333333333303,101.66666666666652,2837.3333333333335,1277.6666666666667,130.66666666666652,111.14285714285711,2516.8571428571427,1101.2857142857142,135.28571428571468,111.5,2361.0625,1452.5625,138.0625,98.14285714285711,3002.5714285714284,943.9047619047619,159.28571428571422,116.66666666666663,3036.6666666666665,757.3333333333334,150.66666666666697,94.5,2344.0,881.0,109.0,89.0,2104.7272727272725,1347.1818181818182,115.63636363636397,36.0,3298.0,951.0,38.0
402,138.0000000000001,3038.6666666666665,992.6666666666666,179.55555555555566,103.69767441860472,2410.1627906976746,577.0930232558139,109.1395348837209,97.0,2977.75,833.5,159.75,105.11111111111109,2836.5555555555557,1277.7777777777778,132.44444444444434,110.85714285714289,2518.809523809524,1103.7142857142858,135.3809523809523,111.0,2356.875,1450.875,137.875,98.42857142857144,3000.714285714286,944.3809523809524,156.85714285714266,116.08333333333337,3036.0833333333335,753.6666666666666,148.08333333333303,94.36538461538464,2342.846153846154,881.8461538461538,109.53846153846143,89.0,2096.909090909091,1347.7272727272727,117.5454545454545,36.0,3307.0,951.25,38.0
403,136.9999999999999,3044.3333333333335,992.3333333333334,180.44444444444434,103.7209302325582,2408.5348837209303,574.1627906976744,108.74418604651146,97.0,2976.6666666666665,832.3333333333334,158.66666666666697,108.55555555555543,2835.777777777778,1277.888888888889,134.22222222222217,110.57142857142867,2520.7619047619046,1106.142857142857,135.47619047619082,110.5,2352.6875,1449.1875,137.6875,98.71428571428578,2998.8571428571427,944.8571428571429,154.42857142857156,115.5,3035.5,750.0,145.5,94.23076923076917,2341.6923076923076,882.6923076923077,110.07692307692332,89.0,2089.090909090909,1348.2727272727273,119.4545454545455,36.0,3316.0,951.5,38.0
404,136.0,3050.0,992.0,181.33333333333348,103.74418604651169,2406.906976744186,571.2325581395348,108.34883720930247,97.0,2975.5833333333335,831.1666666666666,157.58333333333303,112.0,2835.0,1278.0,136.0,110.28571428571422,2522.714285714286,1108.5714285714287,135.57142857142844,110.0,2348.5,1447.5,137.5,98.99999999999989,2997.0,945.3333333333334,152.0,114.91666666666663,3034.9166666666665,746.3333333333334,142.91666666666697,94.09615384615381,2340.5384615384614,883.5384615384615,110.61538461538476,89.0,2081.2727272727275,1348.8181818181818,121.36363636363603,36.0,3325.0,951.75,38.0
405,135.0000000000001,3055.6666666666665,991.6666666666666,182.22222222222217,103.76744186046506,2405.279069767442,568.3023255813954,107.95348837209303,97.0,2974.5,830.0,156.5,107.71428571428578,2835.8571428571427,1285.142857142857,133.0,110.0,2524.6666666666665,1111.0,135.66666666666697,109.5,2344.3125,1445.8125,137.3125,99.28571428571422,2995.1428571428573,945.8095238095239,149.57142857142844,114.33333333333337,3034.3333333333335,742.6666666666666,140.33333333333303,93.96153846153845,2339.3846153846152,884.3846153846154,111.15384615384619,89.0,2073.4545454545455,1349.3636363636363,123.27272727272702,36.0,3334.0,952.0,38.0
406,133.9999999999999,3061.3333333333335,991.3333333333334,183.11111111111086,103.79069767441854,2403.6511627906975,565.3720930232558,107.55813953488405,97.0,2973.4166666666665,828.8333333333334,155.41666666666697,103.42857142857156,2836.714285714286,1292.2857142857142,130.0,109.71428571428578,2526.6190476190477,1113.4285714285713,135.7619047619046,109.0,2340.125,1444.125,137.125,99.57142857142856,2993.285714285714,946.2857142857143,147.14285714285734,113.75,3033.75,739.0,137.75,93.82692307692298,2338.230769230769,885.2307692307693,111.69230769230808,89.0,2065.6363636363635,1349.909090909091,125.18181818181847,36.0,3342.6666666666665,947.3333333333334,38.0
407,133.0,3067.0,991.0,184.0,103.81395348837202,2402.0232558139537,562.4418604651163,107.16279069767415,97.0,2972.3333333333335,827.6666666666666,154.33333333333303,99.14285714285734,2837.5714285714284,1299.4285714285713,127.0,109.42857142857133,2528.5714285714284,1115.857142857143,135.85714285714312,108.5,2335.9375,1442.4375,136.9375,99.85714285714289,2991.4285714285716,946.7619047619048,144.71428571428578,113.16666666666663,3033.1666666666665,735.3333333333334,135.16666666666697,93.69230769230762,2337.076923076923,886.0769230769231,112.23076923076951,89.0,2057.818181818182,1350.4545454545455,127.09090909090901,36.0,3351.3333333333335,942.6666666666666,38.0
408,126.25,3073.0,995.75,185.0,103.83720930232562,2400.3953488372094,559.5116279069767,106.76744186046517,97.0,2971.25,826.5,153.25,94.85714285714266,2838.4285714285716,1306.5714285714287,124.0,109.14285714285711,2530.5238095238096,1118.2857142857142,135.95238095238074,108.0,2331.75,1440.75,136.75,100.14285714285711,2989.5714285714284,947.2380952380952,142.28571428571422,112.58333333333337,3032.5833333333335,731.6666666666666,132.58333333333303,93.55769230769238,2335.923076923077,886.9230769230769,112.76923076923049,89.0,2050.0,1351.0,129.0,36.0,3360.0,938.0,38.0
409,119.5,3079.0,1000.5,186.0,103.8604651162791,2398.767441860465,556.5813953488372,106.37209302325573,97.0,2970.1666666666665,825.3333333333334,152.16666666666697,90.57142857142844,2839.285714285714,1313.7142857142858,121.0,108.85714285714289,2532.4761904761904,1120.7142857142858,136.04761904761926,107.5,2327.5625,1439.0625,136.5625,100.42857142857144,2987.714285714286,947.7142857142857,139.85714285714266,112.0,3032.0,728.0,130.0,93.42307692307702,2334.769230769231,887.7692307692307,113.30769230769192,90.61538461538453,2043.8461538461538,1348.2307692307693,127.07692307692332,36.0,3366.3333333333335,935.6666666666666,38.0
410,112.75,3085.0,1005.25,187.0,103.88372093023258,2397.139534883721,553.6511627906976,105.97674418604674,97.0,2969.0833333333335,824.1666666666666,151.08333333333303,86.28571428571422,2840.1428571428573,1320.857142857143,118.0,108.57142857142867,2534.4285714285716,1123.142857142857,136.14285714285688,107.0,2323.375,1437.375,136.375,100.71428571428578,2985.8571428571427,948.1904761904761,137.42857142857156,106.60000000000002,3022.8,728.6,132.19999999999982,93.28846153846155,2333.6153846153848,888.6153846153846,113.84615384615381,92.23076923076906,2037.6923076923076,1345.4615384615386,125.15384615384619,36.0,3372.6666666666665,933.3333333333334,38.0
411,106.0,3091.0,1010.0,188.0,103.90697674418595,2395.5116279069766,550.7209302325582,105.5813953488373,97.0,2968.0,823.0,150.0,82.0,2841.0,1328.0,115.0,108.28571428571422,2536.3809523809523,1125.5714285714287,136.2380952380954,106.5,2319.1875,1435.6875,136.1875,101.00000000000011,2984.0,948.6666666666666,135.0,101.19999999999993,3013.6,729.2,134.4000000000001,93.15384615384619,2332.4615384615386,889.4615384615385,114.38461538461524,93.84615384615381,2031.5384615384614,1342.6923076923076,123.23076923076951,36.0,3379.0,931.0,38.0
412,102.66666666666663,3090.0,1009.3333333333334,193.33333333333348,103.93023255813955,2393.8837209302324,547.7906976744187,105.18604651162832,96.66666666666663,2970.3333333333335,823.0,145.66666666666652,82.875,2837.0833333333335,1330.4166666666667,116.0,108.0,2538.3333333333335,1128.0,136.33333333333303,106.0,2315.0,1434.0,136.0,101.28571428571422,2982.1428571428573,949.1428571428571,132.57142857142844,95.80000000000007,3004.4,729.8,136.5999999999999,93.01923076923083,2331.3076923076924,890.3076923076923,114.92307692307668,95.46153846153857,2025.3846153846155,1339.923076923077,121.30769230769215,36.0,3383.0,929.3333333333334,38.0
413,99.33333333333337,3089.0,1008.6666666666666,198.66666666666652,103.95348837209303,2392.2558139534885,544.8604651162791,104.79069767441842,96.33333333333337,2972.6666666666665,823.0,141.33333333333348,83.75,2833.1666666666665,1332.8333333333333,117.0,107.71428571428578,2540.285714285714,1130.4285714285713,136.42857142857156,105.5,2308.0,1430.909090909091,135.77272727272748,101.57142857142856,2980.285714285714,949.6190476190476,130.14285714285734,90.39999999999998,2995.2,730.4,138.80000000000018,92.88461538461536,2330.153846153846,891.1538461538462,115.46153846153857,97.0769230769231,2019.2307692307693,1337.1538461538462,119.38461538461547,36.0,3387.0,927.6666666666666,38.0
414,96.0,3088.0,1008.0,204.0,103.97674418604652,2390.6279069767443,541.9302325581396,104.39534883720944,96.0,2975.0,823.0,137.0,84.625,2829.25,1335.25,118.0,107.42857142857133,2542.2380952380954,1132.857142857143,136.52380952380918,105.0,2301.0,1427.8181818181818,135.5454545454545,101.85714285714289,2978.4285714285716,950.0952380952381,127.71428571428578,85.0,2986.0,731.0,141.0,92.75,2329.0,892.0,116.0,98.69230769230762,2013.076923076923,1334.3846153846155,117.46153846153834,36.0,3391.0,926.0,38.0
415,97.0666666666666,3095.3333333333335,1005.2,204.1333333333332,104.0,2389.0,539.0,104.0,96.04545454545462,2969.9545454545455,822.1818181818181,138.18181818181802,85.5,2825.3333333333335,1337.6666666666667,119.0,107.14285714285711,2544.190476190476,1135.2857142857142,136.6190476190477,104.5,2294.0,1424.7272727272727,135.31818181818198,102.14285714285722,2976.5714285714284,950.5714285714286,125.28571428571422,87.0,2983.0,726.9,136.0999999999999,92.61538461538464,2327.846153846154,892.8461538461538,116.53846153846143,100.30769230769238,2006.923076923077,1331.6153846153845,115.53846153846166,36.0,3393.0,924.6,38.0
416,98.13333333333333,3102.6666666666665,1002.4,204.26666666666688,104.36170212765956,2387.0425531914893,536.6595744680851,104.55319148936178,96.09090909090912,2964.909090909091,821.3636363636364,139.3636363636365,86.375,2821.4166666666665,1340.0833333333333,120.0,106.85714285714289,2546.1428571428573,1137.7142857142858,136.71428571428532,104.0,2287.0,1421.6363636363637,135.090909090909,102.42857142857133,2974.714285714286,951.047619047619,122.85714285714266,89.0,2980.0,722.8,131.19999999999982,92.48076923076917,2326.6923076923076,893.6923076923077,117.07692307692332,101.9230769230769,2000.7692307692307,1328.8461538461538,113.61538461538453,36.0,3395.0,923.2,38.0
417,99.19999999999993,3110.0,999.6,204.4000000000001,104.72340425531911,2385.0851063829787,534.3191489361702,105.10638297872356,96.13636363636363,2959.8636363636365,820.5454545454545,140.5454545454545,87.25,2817.5,1342.5,121.0,106.57142857142867,2548.095238095238,1140.142857142857,136.80952380952385,103.5,2280.0,1418.5454545454545,134.8636363636365,102.71428571428567,2972.8571428571427,951.5238095238095,120.42857142857156,91.0,2977.0,718.7,126.30000000000018,92.34615384615381,2325.5384615384614,894.5384615384615,117.61538461538476,103.53846153846143,1994.6153846153845,1326.076923076923,111.69230769230785,36.0,3397.0,921.8,38.0
418,100.26666666666665,3117.3333333333335,996.8,204.5333333333333,105.08510638297867,2383.127659574468,531.9787234042553,105.65957446808534,96.18181818181813,2954.818181818182,819.7272727272727,141.72727272727252,88.125,2813.5833333333335,1344.9166666666667,122.0,106.28571428571422,2550.0476190476193,1142.5714285714287,136.90476190476147,103.0,2273.0,1415.4545454545455,134.6363636363635,103.0,2971.0,952.0,118.0,93.0,2974.0,714.6,121.40000000000009,92.21153846153845,2324.3846153846152,895.3846153846154,118.15384615384619,105.15384615384619,1988.4615384615386,1323.3076923076924,109.76923076923049,36.0,3399.0,920.4,38.0
419,101.33333333333326,3124.6666666666665,994.0,204.66666666666697,105.44680851063833,2381.1702127659573,529.6382978723404,106.21276595744712,96.22727272727275,2949.7727272727275,818.9090909090909,142.90909090909054,89.0,2809.6666666666665,1347.3333333333333,123.0,106.0,2552.0,1145.0,137.0,102.5,2266.0,1412.3636363636363,134.409090909091,103.31818181818187,2963.909090909091,951.1818181818181,117.5,95.0,2971.0,710.5,116.5,92.07692307692298,2323.230769230769,896.2307692307693,118.69230769230808,106.76923076923094,1982.3076923076924,1320.5384615384614,107.84615384615381,36.0,3401.0,919.0,38.0
420,102.39999999999986,3132.0,991.2,204.80000000000018,105.80851063829789,2379.2127659574467,527.2978723404256,106.76595744680844,96.27272727272725,2944.7272727272725,818.0909090909091,144.09090909090946,89.875,2805.75,1349.75,124.0,105.6521739130435,2552.8260869565215,1148.1739130434783,137.13043478260897,102.0,2259.0,1409.2727272727273,134.18181818181802,103.63636363636363,2956.818181818182,950.3636363636364,117.0,97.0,2968.0,706.4,111.59999999999991,91.94230769230762,2322.076923076923,897.0769230769231,119.23076923076951,108.38461538461547,1976.1538461538462,1317.7692307692307,105.92307692307668,36.0,3399.25,918.25,38.0
421,103.46666666666658,3139.3333333333335,988.4,204.9333333333334,106.17021276595744,2377.255319148936,524.9574468085107,107.31914893617022,96.31818181818187,2939.681818181818,817.2727272727273,145.27272727272748,90.75,2801.8333333333335,1352.1666666666667,125.0,105.304347826087,2553.6521739130435,1151.3478260869565,137.2608695652175,101.5,2252.0,1406.1818181818182,133.9545454545455,103.9545454545455,2949.7272727272725,949.5454545454545,116.5,99.0,2965.0,702.3,106.69999999999982,91.80769230769238,2320.923076923077,897.9230769230769,119.76923076923049,110.0,1970.0,1315.0,104.0,36.0,3397.5,917.5,38.0
422,104.53333333333342,3146.6666666666665,985.6,205.0666666666666,106.531914893617,2375.2978723404253,522.6170212765958,107.872340425532,96.36363636363637,2934.6363636363635,816.4545454545455,146.4545454545455,91.625,2797.9166666666665,1354.5833333333333,126.0,104.9565217391305,2554.478260869565,1154.5217391304348,137.39130434782646,101.0,2245.0,1403.090909090909,133.72727272727252,104.27272727272725,2942.6363636363635,948.7272727272727,116.0,101.0,2962.0,698.2,101.80000000000018,91.67307692307702,2319.769230769231,898.7692307692307,120.30769230769192,109.4571428571428,1963.3142857142857,1312.1714285714286,104.28571428571422,36.0,3395.75,916.75,38.0
423,105.60000000000014,3154.0,982.8,205.19999999999982,106.89361702127655,2373.340425531915,520.2765957446809,108.42553191489333,96.40909090909088,2929.590909090909,815.6363636363636,147.6363636363635,92.5,2794.0,1357.0,127.0,104.60869565217399,2555.304347826087,1157.695652173913,137.52173913043453,100.5,2238.0,1400.0,133.5,104.59090909090912,2935.5454545454545,947.9090909090909,115.5,103.0,2959.0,694.1,96.90000000000009,91.53846153846155,2318.6153846153848,899.6153846153846,120.84615384615381,108.9142857142856,1956.6285714285714,1309.3428571428572,104.57142857142844,36.0,3394.0,916.0,38.0
424,106.66666666666674,3161.3333333333335,980.0,205.33333333333303,107.25531914893611,2371.3829787234044,517.936170212766,108.9787234042551,96.45454545454538,2924.5454545454545,814.8181818181819,148.81818181818198,93.375,2790.0833333333335,1359.4166666666667,128.0,104.26086956521749,2556.1304347826085,1160.8695652173913,137.6521739130435,100.0,2231.0,1396.909090909091,133.27272727272748,104.90909090909088,2928.4545454545455,947.0909090909091,115.0,105.0,2956.0,690.0,92.0,91.40384615384619,2317.4615384615386,900.4615384615385,121.38461538461524,108.37142857142862,1949.942857142857,1306.5142857142857,104.85714285714312,36.0,3389.3333333333335,916.0,38.0
425,107.73333333333335,3168.6666666666665,977.2,205.4666666666667,107.61702127659566,2369.425531914894,515.5957446808511,109.53191489361689,96.5,2919.5,814.0,150.0,94.25,2786.1666666666665,1361.8333333333333,129.0,103.91304347826099,2556.9565217391305,1164.0434782608695,137.78260869565202,99.5,2224.0,1393.8181818181818,133.0454545454545,105.22727272727275,2921.3636363636365,946.2727272727273,114.5,104.83333333333326,2948.1666666666665,687.8333333333334,93.25,91.26923076923083,2316.3076923076924,901.3076923076923,121.92307692307668,107.82857142857142,1943.2571428571428,1303.6857142857143,105.14285714285734,36.0,3384.6666666666665,916.0,38.0
426,108.80000000000007,3176.0,974.4,205.5999999999999,107.97872340425522,2367.468085106383,513.2553191489362,110.08510638297867,96.54545454545462,2914.4545454545455,813.1818181818181,151.18181818181802,95.125,2782.25,1364.25,130.0,103.56521739130449,2557.782608695652,1167.2173913043478,137.913043478261,99.0,2217.0,1390.7272727272727,132.81818181818198,105.5454545454545,2914.2727272727275,945.4545454545455,114.0,104.66666666666674,2940.3333333333335,685.6666666666666,94.5,91.13461538461536,2315.153846153846,902.1538461538462,122.46153846153857,107.28571428571422,1936.5714285714287,1300.857142857143,105.42857142857133,36.0,3380.0,916.0,38.0
427,109.86666666666667,3183.3333333333335,971.6,205.73333333333312,108.34042553191495,2365.5106382978724,510.9148936170213,110.63829787234044,96.59090909090912,2909.409090909091,812.3636363636364,152.3636363636365,96.0,2778.3333333333335,1366.6666666666667,131.0,103.21739130434798,2558.608695652174,1170.391304347826,138.0434782608695,98.5,2210.0,1387.6363636363637,132.590909090909,105.86363636363637,2907.181818181818,944.6363636363636,113.5,104.5,2932.5,683.5,95.75,91.0,2314.0,903.0,123.0,106.74285714285702,1929.8857142857144,1298.0285714285715,105.71428571428555,36.0,3375.3333333333335,916.0,38.0
428,110.9333333333334,3190.6666666666665,968.8,205.8666666666668,108.7021276595745,2363.553191489362,508.5744680851064,111.19148936170222,96.63636363636363,2904.3636363636365,811.5454545454545,153.5454545454545,96.875,2774.4166666666665,1369.0833333333333,132.0,102.86956521739148,2559.4347826086955,1173.5652173913043,138.17391304347848,98.0,2203.0,1384.5454545454545,132.3636363636365,106.18181818181813,2900.090909090909,943.8181818181819,113.0,104.33333333333326,2924.6666666666665,681.3333333333334,97.0,91.0,2310.38,903.86,122.46000000000004,106.20000000000005,1923.2,1295.2,106.0,36.0,3370.6666666666665,916.0,38.0
429,112.0,3198.0,966.0,206.0,109.06382978723406,2361.595744680851,506.2340425531915,111.744680851064,96.68181818181813,2899.318181818182,810.7272727272727,154.72727272727252,97.75,2770.5,1371.5,133.0,102.52173913043498,2560.2608695652175,1176.7391304347825,138.304347826087,97.5,2196.0,1381.4545454545455,132.1363636363635,106.5,2893.0,943.0,112.5,104.16666666666674,2916.8333333333335,679.1666666666666,98.25,91.0,2306.76,904.72,121.91999999999962,105.65714285714284,1916.5142857142857,1292.3714285714286,106.28571428571422,36.0,3366.0,916.0,38.0
430,109.19999999999993,3211.4,962.4,198.5999999999999,109.42553191489361,2359.6382978723404,503.8936170212766,112.29787234042533,96.72727272727275,2894.2727272727275,809.9090909090909,155.90909090909054,98.625,2766.5833333333335,1373.9166666666667,134.0,102.17391304347848,2561.086956521739,1179.9130434782608,138.43478260869597,97.0,2189.0,1378.3636363636363,131.909090909091,106.81818181818187,2885.909090909091,942.1818181818181,112.0,104.0,2909.0,677.0,99.5,91.0,2303.14,905.58,121.38000000000011,105.11428571428564,1909.8285714285714,1289.5428571428572,106.57142857142867,36.0,3367.6666666666665,913.6666666666666,38.0
431,106.40000000000009,3224.8,958.8,191.19999999999982,109.78723404255317,2357.68085106383,501.5531914893617,112.85106382978711,96.77272727272725,2889.2272727272725,809.0909090909091,157.09090909090946,99.5,2762.6666666666665,1376.3333333333333,135.0,101.82608695652152,2561.913043478261,1183.0869565217392,138.56521739130403,96.5,2182.0,1375.2727272727273,131.68181818181802,107.13636363636363,2878.818181818182,941.3636363636364,111.5,103.83333333333326,2901.1666666666665,674.8333333333334,100.75,91.0,2299.52,906.44,120.84000000000015,104.57142857142844,1903.142857142857,1286.7142857142858,106.85714285714289,36.0,3369.3333333333335,911.3333333333334,38.0
432,103.59999999999991,3238.2,955.2,183.80000000000018,110.14893617021278,2355.723404255319,499.2127659574468,113.40425531914889,96.81818181818187,2884.181818181818,808.2727272727273,158.27272727272748,100.375,2758.75,1378.75,136.0,101.47826086956502,2562.7391304347825,1186.2608695652175,138.695652173913,96.0,2175.0,1372.1818181818182,131.4545454545455,107.4545454545455,2871.7272727272725,940.5454545454545,111.0,103.66666666666674,2893.3333333333335,672.6666666666666,102.0,91.0,2295.9,907.3,120.29999999999973,104.02857142857147,1896.4571428571428,1283.8857142857144,107.14285714285711,36.0,3371.0,909.0,38.0
433,100.80000000000007,3251.6,951.6,176.4000000000001,110.51063829787233,2353.7659574468084,496.8723404255319,113.95744680851067,96.86363636363637,2879.1363636363635,807.4545454545455,159.4545454545455,101.25,2754.8333333333335,1381.1666666666667,137.0,101.13043478260852,2563.5652173913045,1189.4347826086957,138.82608695652152,95.5,2168.0,1369.090909090909,131.22727272727252,107.77272727272725,2864.6363636363635,939.7272727272727,110.5,103.5,2885.5,670.5,103.25,91.0,2292.28,908.16,119.75999999999976,103.48571428571427,1889.7714285714285,1281.057142857143,107.42857142857156,36.0,3382.8,906.0,38.0
434,98.0,3265.0,948.0,169.0,110.87234042553189,2351.808510638298,494.531914893617,114.51063829787245,96.90909090909088,2874.090909090909,806.6363636363636,160.6363636363635,102.125,2750.9166666666665,1383.5833333333333,138.0,100.78260869565202,2564.391304347826,1192.608695652174,138.9565217391305,95.0,2161.0,1366.0,131.0,108.09090909090912,2857.5454545454545,938.9090909090909,110.0,103.33333333333326,2877.6666666666665,668.3333333333334,104.5,91.0,2288.66,909.02,119.22000000000025,102.94285714285706,1883.0857142857144,1278.2285714285715,107.71428571428555,36.0,3394.6,903.0,38.0
435,101.375,3274.375,940.625,170.625,111.23404255319156,2349.851063829787,492.1914893617021,115.06382978723423,96.95454545454538,2869.0454545454545,805.8181818181819,161.81818181818198,103.0,2747.0,1386.0,139.0,100.43478260869551,2565.217391304348,1195.7826086956522,139.086956521739,95.0,2152.9,1361.9,130.5,108.40909090909088,2850.4545454545455,938.0909090909091,109.5,103.16666666666674,2869.8333333333335,666.1666666666666,105.75,91.0,2285.04,909.88,118.67999999999984,102.39999999999986,1876.4,1275.4,108.0,36.0,3406.4,900.0,38.0
436,104.75,3283.75,933.25,172.25,111.59574468085111,2347.8936170212764,489.8510638297872,115.617021276596,97.0,2864.0,805.0,163.0,103.0,2745.75,1389.5,137.5,100.08695652173901,2566.0434782608695,1198.9565217391305,139.21739130434798,95.0,2144.8,1357.8,130.0,108.72727272727275,2843.3636363636365,937.2727272727273,109.0,103.0,2862.0,664.0,107.0,91.0,2281.42,910.74,118.13999999999987,101.85714285714266,1869.7142857142858,1272.5714285714287,108.28571428571422,36.0,3418.2,897.0,38.0
437,108.125,3293.125,925.875,173.875,111.95744680851067,2345.936170212766,487.51063829787233,116.17021276595779,97.05555555555554,2861.5,806.1666666666666,163.44444444444434,103.0,2744.5,1393.0,136.0,99.73913043478251,2566.8695652173915,1202.1304347826087,139.3478260869565,95.0,2136.7,1353.7,129.5,109.0454545454545,2836.2727272727275,936.4545454545455,108.5,102.46153846153845,2849.5384615384614,662.6923076923077,109.30769230769238,91.0,2277.8,911.6,117.59999999999991,101.31428571428569,1863.0285714285715,1269.7428571428572,108.57142857142844,36.0,3430.0,894.0,38.0
438,111.5,3302.5,918.5,175.5,112.31914893617022,2343.978723404255,485.17021276595744,116.72340425531956,97.11111111111109,2859.0,807.3333333333334,163.8888888888887,103.0,2743.25,1396.5,134.5,99.39130434782601,2567.695652173913,1205.304347826087,139.47826086956547,95.0,2128.6,1349.6,129.0,109.36363636363637,2829.181818181818,935.6363636363636,108.0,101.9230769230769,2837.076923076923,661.3846153846154,111.61538461538476,91.0,2274.18,912.46,117.05999999999995,100.77142857142849,1856.3428571428572,1266.9142857142858,108.85714285714289,36.0,3439.25,892.5,38.0
439,114.875,3311.875,911.125,177.125,112.68085106382978,2342.021276595745,482.82978723404256,117.27659574468044,97.16666666666663,2856.5,808.5,164.33333333333348,103.0,2742.0,1400.0,133.0,99.0434782608695,2568.521739130435,1208.4782608695652,139.60869565217354,95.0,2120.5,1345.5,128.5,109.68181818181813,2822.090909090909,934.8181818181819,107.5,101.38461538461536,2824.6153846153848,660.0769230769231,113.92307692307668,91.0,2270.56,913.32,116.51999999999998,100.22857142857129,1849.6571428571428,1264.0857142857144,109.14285714285711,36.0,3448.5,891.0,38.0
440,118.25,3321.25,903.75,178.75,113.04255319148933,2340.063829787234,480.48936170212767,117.82978723404221,97.22222222222229,2854.0,809.6666666666666,164.77777777777783,103.0,2740.75,1403.5,131.5,98.695652173913,2569.3478260869565,1211.6521739130435,139.7391304347825,95.0,2112.4,1341.4,128.0,110.0,2815.0,934.0,107.0,100.84615384615392,2812.153846153846,658.7692307692307,116.23076923076906,91.0,2266.94,914.18,115.98000000000002,99.68571428571431,1842.9714285714285,1261.2571428571428,109.42857142857156,36.0,3457.75,889.5,38.0
441,121.625,3330.625,896.375,180.375,113.40425531914889,2338.1063829787236,478.1489361702128,118.382978723404,97.27777777777771,2851.5,810.8333333333334,165.22222222222217,103.0,2739.5,1407.0,130.0,98.3478260869565,2570.1739130434785,1214.8260869565217,139.86956521739103,95.0,2104.3,1337.3,127.5,110.23809523809518,2804.9523809523807,932.7619047619048,107.52380952380963,100.30769230769226,2799.6923076923076,657.4615384615385,118.53846153846143,91.0,2263.32,915.04,115.44000000000005,99.14285714285734,1836.2857142857142,1258.4285714285713,109.71428571428578,36.0,3467.0,888.0,38.0
442,125.0,3340.0,889.0,182.0,113.76595744680844,2336.148936170213,475.8085106382979,118.93617021276577,97.33333333333337,2849.0,812.0,165.66666666666652,103.0,2738.25,1410.5,128.5,98.0,2571.0,1218.0,140.0,95.0,2096.2,1333.2,127.0,110.47619047619048,2794.904761904762,931.5238095238095,108.04761904761881,99.76923076923072,2787.230769230769,656.1538461538462,120.84615384615381,91.0,2259.7,915.9,114.90000000000009,98.60000000000014,1829.6,1255.6,110.0,36.0,3473.3333333333335,884.3333333333334,38.0
443,122.66666666666663,3344.6666666666665,888.0,175.5,114.12765957446811,2334.191489361702,473.468085106383,119.48936170212755,97.38888888888891,2846.5,813.1666666666666,166.1111111111113,103.0,2737.0,1414.0,127.0,98.72727272727275,2571.3636363636365,1220.090909090909,138.090909090909,95.0,2088.1,1329.1,126.5,110.71428571428567,2784.8571428571427,930.2857142857143,108.5714285714289,99.23076923076928,2774.769230769231,654.8461538461538,123.15384615384619,91.0,2256.08,916.76,114.36000000000013,98.05714285714294,1822.9142857142856,1252.7714285714285,110.28571428571445,36.0,3479.6666666666665,880.6666666666666,38.0
444,120.33333333333337,3349.3333333333335,887.0,169.0,114.48936170212767,2332.2340425531916,471.1276595744681,120.04255319148933,97.44444444444446,2844.0,814.3333333333334,166.55555555555566,103.14285714285711,2731.714285714286,1417.2857142857142,125.42857142857156,99.4545454545455,2571.7272727272725,1222.1818181818182,136.18181818181847,95.0,2080.0,1325.0,126.0,110.95238095238096,2774.809523809524,929.047619047619,109.09523809523807,98.69230769230774,2762.3076923076924,653.5384615384615,125.46153846153857,91.0,2252.46,917.62,113.82000000000016,97.51428571428573,1816.2285714285715,1249.942857142857,110.57142857142844,36.0,3486.0,877.0,38.0
445,118.0,3354.0,886.0,162.5,114.85106382978722,2330.276595744681,468.7872340425532,120.59574468085111,97.5,2841.5,815.5,167.0,103.28571428571422,2726.4285714285716,1420.5714285714287,123.85714285714266,100.18181818181824,2572.090909090909,1224.2727272727273,134.27272727272748,95.0,2071.9,1320.9,125.5,111.19047619047615,2764.7619047619046,927.8095238095239,109.6190476190477,98.15384615384608,2749.846153846154,652.2307692307693,127.76923076923094,91.0,2248.84,918.48,113.27999999999975,96.97142857142876,1809.5428571428572,1247.1142857142856,110.85714285714289,36.0,3481.5,874.0,38.0
446,115.66666666666663,3358.6666666666665,885.0,156.0,115.21276595744678,2328.31914893617,466.44680851063833,121.14893617021289,97.55555555555554,2839.0,816.6666666666666,167.44444444444434,103.42857142857133,2721.1428571428573,1423.857142857143,122.28571428571422,100.90909090909099,2572.4545454545455,1226.3636363636363,132.3636363636365,95.0,2063.8,1316.8,125.0,111.42857142857144,2754.714285714286,926.5714285714286,110.14285714285688,97.61538461538464,2737.3846153846152,650.9230769230769,130.07692307692332,91.0,2245.22,919.34,112.74000000000024,96.42857142857156,1802.857142857143,1244.2857142857142,111.14285714285711,36.0,3477.0,871.0,38.0
447,113.33333333333337,3363.3333333333335,884.0,149.5,115.57446808510639,2326.3617021276596,464.1063829787234,121.70212765957467,97.61111111111109,2836.5,817.8333333333334,167.8888888888887,103.57142857142867,2715.8571428571427,1427.142857142857,120.71428571428578,101.63636363636351,2572.818181818182,1228.4545454545455,130.4545454545455,95.0,2055.7,1312.7,124.5,111.66666666666663,2744.6666666666665,925.3333333333334,110.66666666666697,97.0769230769231,2724.923076923077,649.6153846153846,132.38461538461524,91.0,2241.6,920.2,112.20000000000027,95.88571428571436,1796.1714285714286,1241.4571428571428,111.42857142857133,36.0,3472.5,868.0,38.0
448,111.0,3368.0,883.0,143.0,115.93617021276594,2324.404255319149,461.7659574468085,122.255319148936,97.66666666666663,2834.0,819.0,168.33333333333348,103.71428571428578,2710.5714285714284,1430.4285714285713,119.14285714285734,102.36363636363649,2573.181818181818,1230.5454545454545,128.5454545454545,95.0,2047.6,1308.6,124.0,111.90476190476193,2734.6190476190477,924.0952380952381,111.19047619047615,96.53846153846155,2712.4615384615386,648.3076923076923,134.69230769230762,91.0,2237.98,921.06,111.65999999999985,95.34285714285716,1789.4857142857143,1238.6285714285714,111.71428571428578,36.0,3468.0,865.0,38.0
449,111.0,3367.8823529411766,881.1176470588235,145.47058823529414,116.2978723404255,2322.446808510638,459.4255319148936,122.80851063829778,97.72222222222229,2831.5,820.1666666666666,168.77777777777783,103.85714285714289,2705.285714285714,1433.7142857142858,117.57142857142844,103.09090909090901,2573.5454545454545,1232.6363636363637,126.63636363636351,95.0,2039.5,1304.5,123.5,112.14285714285711,2724.5714285714284,922.8571428571429,111.71428571428578,96.0,2700.0,647.0,137.0,91.0,2234.36,921.92,111.11999999999989,94.79999999999995,1782.8,1235.8,112.0,36.0,3458.0,864.3333333333334,38.0
450,111.0,3367.764705882353,879.2352941176471,147.94117647058783,116.65957446808505,2320.4893617021276,457.0851063829787,123.36170212765956,97.77777777777771,2829.0,821.3333333333334,169.22222222222217,104.0,2700.0,1437.0,116.0,103.81818181818176,2573.909090909091,1234.7272727272727,124.72727272727252,95.0,2031.4,1300.4,123.0,112.38095238095241,2714.5238095238096,921.6190476190476,112.23809523809496,96.27272727272725,2688.0,645.7272727272727,136.6363636363635,91.0,2230.74,922.78,110.58000000000038,94.25714285714298,1776.1142857142856,1232.9714285714285,112.28571428571445,36.0,3448.0,863.6666666666666,38.0
451,111.0,3367.6470588235293,877.3529411764706,150.41176470588243,117.02127659574472,2318.531914893617,454.74468085106383,123.91489361702133,97.83333333333337,2826.5,822.5,169.66666666666652,104.14285714285711,2694.714285714286,1440.2857142857142,114.42857142857156,104.5454545454545,2574.2727272727275,1236.8181818181818,122.81818181818153,95.0,2023.3,1296.3,122.50000000000023,112.61904761904759,2704.4761904761904,920.3809523809524,112.76190476190504,96.5454545454545,2676.0,644.4545454545455,136.27272727272748,91.0,2227.12,923.64,110.03999999999996,93.71428571428578,1769.4285714285716,1230.142857142857,112.57142857142844,36.0,3438.0,863.0,38.0
452,111.0,3367.529411764706,875.4705882352941,152.88235294117658,117.38297872340428,2316.574468085106,452.40425531914894,124.46808510638311,97.88888888888891,2824.0,823.6666666666666,170.1111111111113,104.28571428571422,2689.4285714285716,1443.5714285714287,112.85714285714266,105.27272727272725,2574.6363636363635,1238.909090909091,120.90909090909099,95.0,2015.2,1292.2,121.99999999999977,112.85714285714289,2694.4285714285716,919.1428571428571,113.28571428571422,96.81818181818187,2664.0,643.1818181818181,135.909090909091,91.0,2223.5,924.5,109.5,93.17142857142858,1762.7428571428572,1227.3142857142857,112.85714285714266,36.0,3436.0,863.25,38.0
453,111.0,3367.4117647058824,873.5882352941177,155.35294117647072,117.74468085106383,2314.6170212765956,450.06382978723406,125.0212765957449,97.94444444444446,2821.5,824.8333333333334,170.55555555555566,104.42857142857133,2684.1428571428573,1446.857142857143,111.28571428571422,106.0,2575.0,1241.0,119.0,95.0,2007.1,1288.1,121.5,113.09523809523807,2684.3809523809523,917.9047619047619,113.80952380952385,97.09090909090912,2652.0,641.9090909090909,135.5454545454545,91.0,2219.88,925.36,108.96000000000004,92.62857142857138,1756.057142857143,1224.4857142857143,113.14285714285711,36.0,3434.0,863.5,38.0
454,111.0,3367.294117647059,871.7058823529412,157.8235294117644,118.10638297872339,2312.6595744680853,447.72340425531917,125.57446808510622,98.0,2819.0,826.0,171.0,104.57142857142867,2678.8571428571427,1450.142857142857,109.71428571428578,105.4666666666667,2572.3333333333335,1243.6,120.39999999999964,95.0,1999.0,1284.0,121.0,113.33333333333337,2674.3333333333335,916.6666666666666,114.33333333333303,97.36363636363637,2640.0,640.6363636363636,135.18181818181802,91.0,2216.26,926.22,108.41999999999962,92.0857142857144,1749.3714285714286,1221.6571428571428,113.42857142857133,36.0,3432.0,863.75,38.0
455,111.0,3367.176470588235,869.8235294117648,160.294117647059,118.468085106383,2310.7021276595747,445.3829787234042,126.127659574468,98.0666666666666,2820.5333333333333,826.6,171.4000000000001,104.71428571428578,2673.5714285714284,1453.4285714285713,108.14285714285734,104.9333333333334,2569.6666666666665,1246.2,121.80000000000018,95.0,1990.9375,1277.5,120.5,113.57142857142856,2664.285714285714,915.4285714285714,114.85714285714312,97.63636363636363,2628.0,639.3636363636364,134.81818181818198,91.0,2212.64,927.08,107.88000000000011,91.5428571428572,1742.6857142857143,1218.8285714285714,113.71428571428578,36.0,3430.0,864.0,38.0
456,111.0,3367.0588235294117,867.9411764705883,162.76470588235316,118.82978723404256,2308.744680851064,443.04255319148933,126.68085106382978,98.13333333333333,2822.0666666666666,827.2,171.80000000000018,104.85714285714289,2668.285714285714,1456.7142857142858,106.57142857142844,104.40000000000009,2567.0,1248.8,123.19999999999982,95.0,1982.875,1271.0,120.0,113.80952380952385,2654.2380952380954,914.1904761904761,115.3809523809523,97.90909090909088,2616.0,638.0909090909091,134.4545454545455,91.0,2209.02,927.94,107.34000000000015,91.0,1736.0,1216.0,114.0,36.0,3437.2,862.6,38.0
457,111.0,3366.9411764705883,866.0588235294117,165.23529411764684,119.19148936170211,2306.7872340425533,440.70212765957444,127.23404255319156,98.20000000000005,2823.6,827.8,172.20000000000027,105.0,2663.0,1460.0,105.0,103.86666666666656,2564.3333333333335,1251.4,124.59999999999991,95.0,1974.8125,1264.5,119.5,114.04761904761904,2644.190476190476,912.952380952381,115.90476190476193,98.18181818181813,2604.0,636.8181818181819,134.090909090909,91.0,2205.4,928.8,106.79999999999973,90.90909090909076,1730.060606060606,1213.3939393939395,114.33333333333348,36.0,3444.4,861.2,38.0
458,111.0,3366.823529411765,864.1764705882352,167.705882352941,119.55319148936178,2304.8297872340427,438.36170212765956,127.78723404255288,98.26666666666665,2825.133333333333,828.4,172.5999999999999,105.0,2656.909090909091,1462.1818181818182,105.0,103.33333333333326,2561.6666666666665,1254.0,126.0,95.0,1966.75,1258.0,119.0,114.28571428571433,2634.1428571428573,911.7142857142857,116.4285714285711,98.4545454545455,2592.0,635.5454545454545,133.72727272727252,91.0,2201.78,929.66,106.25999999999976,90.81818181818176,1724.121212121212,1210.7878787878788,114.66666666666674,36.0,3451.6,859.8,38.0
459,111.0,3366.705882352941,862.2941176470588,170.1764705882356,119.91489361702133,2302.872340425532,436.02127659574467,128.34042553191466,98.33333333333337,2826.6666666666665,829.0,173.0,105.0,2650.818181818182,1464.3636363636363,105.0,102.80000000000018,2559.0,1256.6,127.40000000000009,95.0,1958.6875,1251.5,118.5,114.52380952380952,2624.095238095238,910.4761904761905,116.95238095238119,98.72727272727275,2580.0,634.2727272727273,133.3636363636365,91.0,2198.16,930.52,105.72000000000025,90.72727272727275,1718.1818181818182,1208.1818181818182,115.0,36.0,3458.8,858.4,38.0
460,111.0,3366.5882352941176,860.4117647058823,172.64705882352928,120.27659574468089,2300.9148936170213,433.6808510638298,128.89361702127644,98.39999999999998,2828.2,829.6,173.4000000000001,105.0,2644.7272727272725,1466.5454545454545,105.0,102.26666666666665,2556.3333333333335,1259.2,128.79999999999973,95.0,1950.625,1245.0,118.0,114.76190476190482,2614.0476190476193,909.2380952380952,117.47619047619037,99.0,2568.0,633.0,133.0,91.0,2194.54,931.38,105.17999999999984,90.63636363636374,1712.2424242424242,1205.5757575757575,115.33333333333326,36.0,3466.0,857.0,38.0
461,111.0,3366.470588235294,858.5294117647059,175.11764705882342,120.63829787234044,2298.9574468085107,431.3404255319149,129.44680851063822,98.46666666666658,2829.733333333333,830.2,173.80000000000018,105.0,2638.6363636363635,1468.7272727272727,105.0,101.73333333333335,2553.6666666666665,1261.8,130.20000000000027,95.0,1942.5625,1238.5,117.5,115.0,2604.0,908.0,118.0,99.0,2555.82,632.3,133.0,91.0,2190.92,932.24,104.63999999999987,90.5454545454545,1706.3030303030303,1202.969696969697,115.66666666666674,36.0,3464.6,857.2,38.0
462,111.0,3366.3529411764707,856.6470588235294,177.58823529411757,121.0,2297.0,429.0,130.0,98.53333333333342,2831.266666666667,830.8,174.19999999999982,105.0,2632.5454545454545,1470.909090909091,105.0,101.19999999999982,2551.0,1264.4,131.5999999999999,95.0,1934.5,1232.0,117.0,115.20833333333326,2591.0416666666665,904.7083333333334,118.41666666666697,99.0,2543.64,631.6,133.0,90.99999999999989,2187.3,933.1,104.09999999999991,90.4545454545455,1700.3636363636363,1200.3636363636363,116.0,36.0,3463.2,857.4,38.0
463,111.0,3366.235294117647,854.7647058823529,180.05882352941217,120.79166666666663,2295.2083333333335,427.25,129.625,98.60000000000002,2832.8,831.4,174.5999999999999,105.0,2626.4545454545455,1473.090909090909,105.0,100.66666666666674,2548.3333333333335,1267.0,133.0,95.0,1926.4375,1225.5,116.5,115.41666666666674,2578.0833333333335,901.4166666666666,118.83333333333303,99.0,2531.46,630.9,133.0,91.0,2183.68,933.96,103.55999999999995,90.36363636363626,1694.4242424242425,1197.7575757575758,116.33333333333326,36.0,3461.8,857.6,38.0
464,111.0,3366.1176470588234,852.8823529411765,182.52941176470586,120.58333333333337,2293.4166666666665,425.5,129.25,98.66666666666663,2834.3333333333335,832.0,175.0,105.0,2620.3636363636365,1475.2727272727273,105.0,100.13333333333344,2545.6666666666665,1269.6,134.4000000000001,95.0,1918.375,1219.0,116.0,115.625,2565.125,898.125,119.25,99.0,2519.28,630.2,133.0,90.99999999999989,2180.06,934.82,103.01999999999998,90.27272727272725,1688.4848484848485,1195.1515151515152,116.66666666666674,36.0,3460.4,857.8,38.0
465,111.0,3366.0,851.0,185.0,120.375,2291.625,423.75,128.875,98.73333333333335,2835.866666666667,832.6,175.4000000000001,105.0,2614.2727272727275,1477.4545454545455,105.0,99.59999999999991,2543.0,1272.2,135.80000000000018,95.0,1910.3125,1212.5,115.5,115.83333333333326,2552.1666666666665,894.8333333333334,119.66666666666697,99.0,2507.1,629.5,133.0,91.00000000000011,2176.44,935.68,102.48000000000002,90.18181818181824,1682.5454545454545,1192.5454545454545,117.0,36.0,3459.0,858.0,38.0
466,109.59999999999991,3361.4,851.2,186.5999999999999,120.16666666666663,2289.8333333333335,422.0,128.5,98.79999999999995,2837.4,833.2,175.79999999999973,105.0,2608.181818181818,1479.6363636363637,105.0,99.0666666666666,2540.3333333333335,1274.8,137.19999999999982,95.0,1902.25,1206.0,115.0,116.04166666666674,2539.2083333333335,891.5416666666666,120.08333333333303,99.0,2494.92,628.8,133.0,91.0,2172.82,936.54,101.94000000000005,90.09090909090901,1676.6060606060605,1189.939393939394,117.33333333333348,36.0,3455.2,855.8,38.0
467,108.20000000000005,3356.8,851.4,188.19999999999982,119.95833333333337,2288.0416666666665,420.25,128.125,98.86666666666667,2838.9333333333334,833.8,176.19999999999982,105.0,2602.090909090909,1481.8181818181818,105.0,98.5333333333333,2537.6666666666665,1277.4,138.60000000000036,95.0,1894.1875,1199.5,114.5,116.25,2526.25,888.25,120.5,99.0,2482.74,628.1,133.0,91.00000000000011,2169.2,937.4,101.40000000000009,90.0,1670.6666666666667,1187.3333333333333,117.66666666666652,36.0,3451.4,853.6,38.0
468,106.79999999999995,3352.2,851.6,189.80000000000018,119.75,2286.25,418.5,127.75,98.9333333333334,2840.4666666666667,834.4,176.5999999999999,105.0,2596.0,1484.0,105.0,98.0,2535.0,1280.0,140.0,95.0,1886.125,1193.0,114.0,116.45833333333326,2513.2916666666665,884.9583333333334,120.91666666666697,99.0,2470.56,627.4,133.0,91.0,2165.58,938.26,100.86000000000013,89.90909090909099,1664.7272727272727,1184.7272727272727,118.0,36.0,3447.6,851.4,38.0
469,105.40000000000009,3347.6,851.8,191.4000000000001,119.54166666666663,2284.4583333333335,416.75,127.375,99.0,2842.0,835.0,177.0,105.0,2587.5454545454545,1486.6363636363637,105.0,98.0,2536.5625,1278.25,140.0,95.0,1878.0625,1186.5,113.5,116.66666666666674,2500.3333333333335,881.6666666666666,121.33333333333303,99.0,2458.38,626.7,133.0,90.99999999999989,2161.96,939.12,100.32000000000016,89.81818181818198,1658.7878787878788,1182.121212121212,118.33333333333326,36.0,3443.8,849.2,38.0
470,104.0,3343.0,852.0,193.0,119.33333333333337,2282.6666666666665,415.0,127.0,99.11764705882354,2846.0,835.6470588235294,177.41176470588243,105.0,2579.090909090909,1489.2727272727273,105.0,98.0,2538.125,1276.5,140.0,95.0,1870.0,1180.0,113.0,116.875,2487.375,878.375,121.75,99.0,2446.2,626.0,133.0,91.0,2158.34,939.98,99.77999999999975,89.72727272727275,1652.8484848484848,1179.5151515151515,118.66666666666674,36.0,3440.0,847.0,38.0
471,105.71428571428567,3342.1428571428573,847.8571428571429,191.71428571428532,119.125,2280.875,413.25,126.625,99.23529411764707,2850.0,836.2941176470588,177.82352941176487,105.0,2570.6363636363635,1491.909090909091,105.0,98.0,2539.6875,1274.75,140.0,95.0,1862.1764705882354,1172.4117647058824,112.47058823529414,117.08333333333326,2474.4166666666665,875.0833333333334,122.16666666666697,99.0,2434.02,625.3,133.0,90.99999999999989,2154.72,940.84,99.24000000000024,89.63636363636351,1646.909090909091,1176.909090909091,119.0,36.0,3442.2,842.8,38.0
472,107.42857142857144,3341.285714285714,843.7142857142857,190.42857142857156,118.91666666666663,2279.0833333333335,411.5,126.25,99.3529411764705,2854.0,836.9411764705883,178.23529411764684,105.0,2562.181818181818,1494.5454545454545,105.0,98.0,2541.25,1273.0,140.0,95.0,1854.3529411764705,1164.8235294117646,111.94117647058829,117.29166666666674,2461.4583333333335,871.7916666666666,122.58333333333303,99.0,2421.84,624.6,133.0,91.0,2151.1,941.7,98.70000000000027,89.5454545454545,1640.969696969697,1174.3030303030303,119.33333333333326,36.0,3444.4,838.6,38.0
473,109.14285714285711,3340.4285714285716,839.5714285714286,189.14285714285688,118.70833333333337,2277.2916666666665,409.75,125.875,99.47058823529403,2858.0,837.5882352941177,178.64705882352928,105.0,2553.7272727272725,1497.1818181818182,105.0,98.0,2542.8125,1271.25,140.0,95.0,1846.5294117647059,1157.235294117647,111.41176470588243,117.5,2448.5,868.5,123.0,99.0,2409.66,623.9,133.0,91.0,2147.48,942.56,98.15999999999985,89.4545454545455,1635.030303030303,1171.6969696969697,119.66666666666674,36.0,3446.6,834.4,38.0
474,110.85714285714289,3339.5714285714284,835.4285714285714,187.85714285714312,118.5,2275.5,408.0,125.5,99.58823529411768,2862.0,838.2352941176471,179.0588235294117,105.0,2545.2727272727275,1499.8181818181818,105.0,98.0,2544.375,1269.5,140.0,95.0,1838.7058823529412,1149.6470588235295,110.88235294117635,117.70833333333326,2435.5416666666665,865.2083333333334,123.41666666666697,99.0,2397.48,623.2,133.0,91.00000000000011,2143.86,943.42,97.61999999999989,89.36363636363649,1629.090909090909,1169.090909090909,120.0,36.0,3448.8,830.2,38.0
475,112.57142857142856,3338.714285714286,831.2857142857143,186.57142857142844,118.29166666666663,2273.7083333333335,406.25,125.125,99.70588235294122,2866.0,838.8823529411765,179.47058823529414,105.0,2536.818181818182,1502.4545454545455,105.0,98.0,2545.9375,1267.75,140.0,95.0,1830.8823529411766,1142.0588235294117,110.3529411764705,117.91666666666674,2422.5833333333335,861.9166666666666,123.83333333333303,99.0,2385.3,622.5,133.0,91.0,2140.24,944.28,97.08000000000038,89.27272727272725,1623.1515151515152,1166.4848484848485,120.33333333333326,36.0,3451.0,826.0,38.0
476,114.28571428571433,3337.8571428571427,827.1428571428571,185.28571428571468,118.08333333333337,2271.9166666666665,404.5,124.75,99.82352941176475,2870.0,839.5294117647059,179.88235294117658,105.0,2528.3636363636365,1505.090909090909,105.0,98.0,2547.5,1266.0,140.0,95.0,1823.0588235294117,1134.4705882352941,109.82352941176487,118.125,2409.625,858.625,124.25,99.0,2373.12,621.8,133.0,91.00000000000011,2136.62,945.14,96.53999999999996,89.18181818181802,1617.2121212121212,1163.878787878788,120.66666666666674,36.0,3447.0,824.0,38.0
477,116.0,3337.0,823.0,184.0,117.875,2270.125,402.75,124.375,99.94117647058829,2874.0,840.1764705882352,180.294117647059,105.0,2519.909090909091,1507.7272727272727,105.0,98.0,2549.0625,1264.25,140.0,95.0,1815.235294117647,1126.8823529411766,109.29411764705878,118.33333333333326,2396.6666666666665,855.3333333333334,124.66666666666697,99.0,2360.94,621.1,133.0,91.0,2133.0,946.0,96.0,89.09090909090901,1611.2727272727273,1161.2727272727273,121.0,36.0,3443.0,822.0,38.0
478,115.14285714285711,3336.5714285714284,824.8571428571429,182.5714285714289,117.66666666666663,2268.3333333333335,401.0,124.0,100.05882352941171,2878.0,840.8235294117648,180.705882352941,105.0,2511.4545454545455,1510.3636363636363,105.0,98.0,2550.625,1262.5,140.0,95.0,1807.4117647058824,1119.2941176470588,108.76470588235293,118.54166666666674,2383.7083333333335,852.0416666666666,125.08333333333303,99.0,2348.76,620.4,133.0,91.4230769230769,2128.5384615384614,946.9230769230769,97.61538461538476,89.0,1605.3333333333333,1158.6666666666667,121.33333333333348,36.0,3426.6666666666665,821.3333333333334,38.0
479,114.28571428571433,3336.1428571428573,826.7142857142857,181.14285714285688,117.45833333333337,2266.5416666666665,399.25,123.625,100.17647058823525,2882.0,841.4705882352941,181.11764705882342,105.0,2503.0,1513.0,105.0,98.0,2552.1875,1260.75,140.0,95.0,1799.5882352941176,1111.7058823529412,108.23529411764707,118.75,2370.75,848.75,125.5,99.0,2336.58,619.7,133.0,91.84615384615381,2124.076923076923,947.8461538461538,99.23076923076951,88.90909090909099,1599.3939393939395,1156.060606060606,121.66666666666652,36.0,3410.3333333333335,820.6666666666666,38.0
480,113.42857142857144,3335.714285714286,828.5714285714286,179.71428571428578,117.25,2264.75,397.5,123.25,100.29411764705878,2886.0,842.1176470588235,181.52941176470586,105.0,2494.6666666666665,1514.5833333333333,105.0,98.0,2553.75,1259.0,140.0,95.0,1791.764705882353,1104.1176470588234,107.70588235294122,118.95833333333326,2357.7916666666665,845.4583333333334,125.91666666666697,99.0,2324.4,619.0,133.0,92.26923076923072,2119.6153846153848,948.7692307692307,100.84615384615381,88.81818181818176,1593.4545454545455,1153.4545454545455,122.0,36.0,3394.0,820.0,38.0
481,112.57142857142856,3335.285714285714,830.4285714285714,178.28571428571422,117.04166666666663,2262.9583333333335,395.75,122.875,100.41176470588232,2890.0,842.7647058823529,181.9411764705883,105.0,2486.3333333333335,1516.1666666666667,105.0,98.0,2555.3125,1257.25,140.0,95.0,1783.9411764705883,1096.5294117647059,107.17647058823513,119.16666666666674,2344.8333333333335,842.1666666666666,126.33333333333303,99.0,2312.22,618.3,133.0,92.69230769230774,2115.153846153846,949.6923076923077,102.46153846153857,88.72727272727275,1587.5151515151515,1150.8484848484848,122.33333333333326,36.0,3371.0,823.4,38.0
482,111.71428571428567,3334.8571428571427,832.2857142857143,176.85714285714312,116.83333333333331,2261.1666666666665,394.0,122.5,100.52941176470597,2894.0,843.4117647058823,182.35294117647072,105.0,2478.0,1517.75,105.0,98.0,2556.875,1255.5,140.0,95.0,1776.1176470588234,1088.9411764705883,106.6470588235295,119.375,2331.875,838.875,126.75,99.0,2300.04,617.6,133.0,93.11538461538464,2110.6923076923076,950.6153846153846,104.07692307692332,88.63636363636374,1581.5757575757575,1148.2424242424242,122.66666666666674,36.0,3348.0,826.8,38.0
483,110.85714285714289,3334.4285714285716,834.1428571428571,175.4285714285711,116.625,2259.375,392.25,122.125,100.6470588235295,2898.0,844.0588235294117,182.76470588235316,105.0,2469.6666666666665,1519.3333333333333,105.0,98.0,2558.4375,1253.75,140.0,95.0,1768.2941176470588,1081.3529411764705,106.11764705882365,119.58333333333326,2318.9166666666665,835.5833333333334,127.16666666666697,99.0,2287.86,616.9,133.0,93.53846153846155,2106.230769230769,951.5384615384615,105.69230769230808,88.54545454545473,1575.6363636363635,1145.6363636363635,123.0,36.0,3325.0,830.2,38.0
484,110.0,3334.0,836.0,174.0,116.41666666666669,2257.5833333333335,390.5,121.75,100.76470588235293,2902.0,844.7058823529412,183.17647058823513,105.0,2461.3333333333335,1520.9166666666667,105.0,98.0,2560.0,1252.0,140.0,95.0,1760.4705882352941,1073.764705882353,105.58823529411757,119.79166666666674,2305.9583333333335,832.2916666666666,127.58333333333303,99.0,2275.68,616.2,133.0,93.96153846153845,2101.769230769231,952.4615384615385,107.30769230769192,88.4545454545455,1569.6969696969697,1143.030303030303,123.33333333333326,36.0,3302.0,833.6,38.0
485,106.57142857142856,3325.714285714286,838.2857142857143,177.14285714285688,116.20833333333331,2255.7916666666665,388.75,121.375,100.88235294117646,2906.0,845.3529411764706,183.58823529411757,105.0,2453.0,1522.5,105.0,100.23076923076906,2561.0,1247.4615384615386,141.69230769230762,95.0,1752.6470588235295,1066.1764705882354,105.05882352941171,120.0,2293.0,829.0,128.0,99.0,2263.5,615.5,133.0,94.38461538461536,2097.3076923076924,953.3846153846154,108.92307692307668,88.36363636363626,1563.7575757575758,1140.4242424242425,123.66666666666674,36.0,3279.0,837.0,38.0
486,103.14285714285711,3317.4285714285716,840.5714285714286,180.28571428571422,116.0,2254.0,387.0,121.0,101.0,2910.0,846.0,184.0,105.0,2444.6666666666665,1524.0833333333333,105.0,102.46153846153857,2562.0,1242.923076923077,143.38461538461524,95.0,1744.8235294117646,1058.5882352941176,104.52941176470586,120.13157894736844,2278.0263157894738,826.3157894736842,128.2894736842104,99.0,2251.32,614.8,133.0,94.80769230769226,2092.846153846154,954.3076923076923,110.53846153846143,88.27272727272725,1557.8181818181818,1137.8181818181818,124.0,36.0,3252.5,840.3333333333334,38.0
487,99.71428571428567,3309.1428571428573,842.8571428571429,183.4285714285711,115.82758620689657,2251.8275862068967,387.17241379310343,120.6206896551721,101.0,2911.2,845.6,181.4000000000001,105.0,2436.3333333333335,1525.6666666666667,105.0,104.69230769230762,2563.0,1238.3846153846155,145.07692307692287,95.0,1737.0,1051.0,104.0,120.26315789473688,2263.0526315789475,823.6315789473684,128.5789473684208,99.0,2239.14,614.1,133.0,95.23076923076928,2088.3846153846152,955.2307692307693,112.15384615384619,88.18181818181824,1551.878787878788,1135.2121212121212,124.33333333333326,36.0,3226.0,843.6666666666666,38.0
488,96.28571428571433,3300.8571428571427,845.1428571428571,186.5714285714289,115.65517241379308,2249.655172413793,387.3448275862069,120.24137931034511,101.0,2912.4,845.2,178.79999999999973,105.0,2428.0,1527.25,105.0,106.9230769230769,2564.0,1233.8461538461538,146.76923076923094,95.5,1735.0,1047.5,104.5,120.39473684210532,2248.0789473684213,820.9473684210526,128.86842105263122,99.0,2226.96,613.4,133.0,95.65384615384619,2083.923076923077,956.1538461538462,113.76923076923049,88.09090909090924,1545.939393939394,1132.6060606060605,124.66666666666652,36.0,3199.5,847.0,38.0
489,92.85714285714289,3292.5714285714284,847.4285714285714,189.71428571428578,115.48275862068965,2247.4827586206898,387.51724137931035,119.86206896551721,101.0,2913.6,844.8,176.20000000000027,105.0,2419.6666666666665,1528.8333333333333,105.0,109.15384615384619,2565.0,1229.3076923076924,148.46153846153857,96.0,1733.0,1044.0,105.0,120.52631578947364,2233.1052631578946,818.2631578947369,129.15789473684208,99.0,2214.78,612.7,133.0,96.0769230769231,2079.4615384615386,957.0769230769231,115.38461538461524,88.0,1540.0,1130.0,125.0,36.0,3173.0,850.3333333333334,38.0
490,89.42857142857144,3284.285714285714,849.7142857142857,192.85714285714312,115.31034482758622,2245.310344827586,387.6896551724138,119.48275862068976,101.0,2914.8,844.4,173.5999999999999,105.0,2411.3333333333335,1530.4166666666667,105.0,111.38461538461547,2566.0,1224.7692307692307,150.1538461538462,96.0,1725.7272727272727,1036.8181818181818,105.4545454545455,120.65789473684208,2218.1315789473683,815.578947368421,129.44736842105294,99.0,2202.6,612.0,133.0,96.5,2075.0,958.0,117.0,87.92857142857156,1534.357142857143,1128.9285714285713,125.35714285714289,36.0,3146.5,853.6666666666666,38.0
491,86.0,3276.0,852.0,196.0,115.13793103448273,2243.137931034483,387.86206896551727,119.10344827586187,101.0,2916.0,844.0,171.0,105.0,2403.0,1532.0,105.0,113.61538461538453,2567.0,1220.2307692307693,151.8461538461538,96.0,1718.4545454545455,1029.6363636363637,105.90909090909076,120.78947368421052,2203.157894736842,812.8947368421053,129.73684210526335,99.0,2190.42,611.3,133.0,96.9230769230769,2070.5384615384614,958.9230769230769,118.61538461538476,87.85714285714289,1528.7142857142858,1127.857142857143,125.71428571428555,36.0,3120.0,857.0,38.0
492,89.16666666666663,3273.1666666666665,849.8333333333334,193.33333333333348,114.9655172413793,2240.9655172413795,388.0344827586207,118.72413793103442,101.0,2915.0,843.8333333333334,168.5,105.0,2392.176470588235,1533.5882352941176,105.0,115.84615384615381,2568.0,1215.6923076923076,153.53846153846143,96.0,1711.1818181818182,1022.4545454545455,106.36363636363626,120.92105263157896,2188.184210526316,810.2105263157895,130.02631578947376,99.0,2178.24,610.6,133.0,97.34615384615381,2066.076923076923,959.8461538461538,120.23076923076951,87.78571428571445,1523.0714285714287,1126.7857142857142,126.07142857142844,36.0,3094.0,860.5,38.0
493,92.33333333333337,3270.3333333333335,847.6666666666666,190.66666666666652,114.79310344827587,2238.793103448276,388.2068965517241,118.34482758620697,101.0,2914.0,843.6666666666666,166.0,105.0,2381.3529411764707,1535.1764705882354,105.0,118.0769230769231,2569.0,1211.1538461538462,155.23076923076906,96.0,1703.909090909091,1015.2727272727273,106.81818181818176,121.0526315789474,2173.2105263157896,807.5263157894736,130.31578947368416,99.0,2166.06,609.9,133.0,97.76923076923072,2061.6153846153848,960.7692307692307,121.84615384615381,87.71428571428555,1517.4285714285713,1125.7142857142858,126.42857142857156,36.0,3068.0,864.0,38.0
494,95.5,3267.5,845.5,188.0,114.62068965517244,2236.6206896551726,388.37931034482756,117.96551724137908,101.0,2913.0,843.5,163.5,105.0,2370.529411764706,1536.764705882353,105.0,120.30769230769238,2570.0,1206.6153846153845,156.92307692307713,95.99999999999989,1696.6363636363637,1008.0909090909091,107.27272727272725,121.18421052631572,2158.2368421052633,804.8421052631579,130.60526315789457,99.0,2153.88,609.2,133.0,98.19230769230774,2057.153846153846,961.6923076923077,123.46153846153857,87.64285714285711,1511.7857142857142,1124.642857142857,126.78571428571445,36.0,3052.5,865.0,38.0
495,98.66666666666663,3264.6666666666665,843.3333333333334,185.33333333333348,114.44827586206895,2234.448275862069,388.55172413793105,117.58620689655163,101.0,2912.0,843.3333333333334,161.0,105.0,2359.705882352941,1538.3529411764705,105.0,122.53846153846143,2571.0,1202.076923076923,158.61538461538476,96.00000000000011,1689.3636363636363,1000.9090909090909,107.72727272727275,121.31578947368428,2143.2631578947367,802.1578947368421,130.89473684210543,99.0,2141.7,608.5,133.0,98.61538461538464,2052.6923076923076,962.6153846153846,125.07692307692332,87.57142857142844,1506.142857142857,1123.5714285714287,127.14285714285711,36.0,3037.0,866.0,38.0
496,101.83333333333337,3261.8333333333335,841.1666666666666,182.66666666666652,114.27586206896552,2232.2758620689656,388.7241379310345,117.20689655172418,101.0,2911.0,843.1666666666666,158.5,105.0,2348.8823529411766,1539.9411764705883,105.0,124.76923076923094,2572.0,1197.5384615384614,160.30769230769238,96.0,1682.090909090909,993.7272727272727,108.18181818181824,121.4473684210526,2128.2894736842104,799.4736842105264,131.18421052631584,99.0,2129.52,607.8,133.0,99.03846153846155,2048.230769230769,963.5384615384615,126.69230769230808,87.5,1500.5,1122.5,127.5,36.0,3027.5,863.0,38.0
497,105.0,3259.0,839.0,180.0,114.10344827586209,2230.103448275862,388.8965517241379,116.82758620689674,101.0,2910.0,843.0,156.0,105.0,2338.0588235294117,1541.5294117647059,105.0,127.0,2573.0,1193.0,162.0,96.0,1674.8181818181818,986.5454545454545,108.63636363636374,121.57894736842104,2113.315789473684,796.7894736842105,131.47368421052624,99.0,2117.34,607.1,133.0,99.46153846153845,2043.7692307692307,964.4615384615385,128.30769230769215,87.42857142857156,1494.857142857143,1121.4285714285713,127.85714285714289,36.0,3018.0,860.0,38.0
498,105.33333333333337,3256.222222222222,839.6666666666666,177.77777777777783,113.9310344827586,2227.9310344827586,389.0689655172414,116.44827586206884,102.0,2908.5,840.9,152.0999999999999,105.0,2327.235294117647,1543.1176470588234,105.0,127.0,2570.0555555555557,1189.6666666666667,160.44444444444434,95.99999999999989,1667.5454545454545,979.3636363636364,109.09090909090924,121.71052631578948,2098.342105263158,794.1052631578947,131.76315789473665,99.0,2105.16,606.4,133.0,99.88461538461536,2039.3076923076924,965.3846153846154,129.92307692307668,87.35714285714289,1489.2142857142858,1120.357142857143,128.21428571428555,36.0,3011.8,856.4,38.0
499,105.66666666666663,3253.4444444444443,840.3333333333334,175.55555555555566,113.75862068965517,2225.7586206896553,389.2413793103448,116.0689655172414,103.0,2907.0,838.8,148.19999999999982,105.0,2316.4117647058824,1544.7058823529412,105.0,127.0,2567.1111111111113,1186.3333333333333,158.8888888888887,96.0,1660.2727272727273,972.1818181818182,109.5454545454545,121.84210526315792,2083.3684210526317,791.421052631579,132.0526315789475,99.0,2092.98,605.7,133.0,100.30769230769226,2034.8461538461538,966.3076923076923,131.53846153846143,87.28571428571445,1483.5714285714287,1119.2857142857142,128.57142857142844,36.0,3005.6,852.8,38.0
500,106.0,3250.6666666666665,841.0,173.33333333333348,113.58620689655174,2223.5862068965516,389.41379310344826,115.68965517241395,104.0,2905.5,836.7,144.30000000000018,105.0,2305.5882352941176,1546.2941176470588,105.0,127.0,2564.1666666666665,1183.0,157.33333333333348,96.0,1653.0,965.0,110.0,121.97368421052636,2068.3947368421054,788.7368421052631,132.34210526315792,99.0,2080.8,605.0,133.0,100.73076923076928,2030.3846153846155,967.2307692307693,133.15384615384596,87.21428571428555,1477.9285714285713,1118.2142857142858,128.92857142857156,36.0,2999.4,849.2,38.0
501,106.33333333333337,3247.8888888888887,841.6666666666666,171.1111111111113,113.41379310344826,2221.4137931034484,389.58620689655174,115.31034482758605,105.0,2904.0,834.6,140.4000000000001,105.0,2294.764705882353,1547.8823529411766,105.0,127.0,2561.222222222222,1179.6666666666667,155.77777777777783,102.66666666666674,1646.6666666666667,953.0,111.0,122.10526315789468,2053.421052631579,786.0526315789474,132.63157894736833,99.0,2068.62,604.3,133.0,101.15384615384619,2025.923076923077,968.1538461538462,134.76923076923072,87.14285714285711,1472.2857142857142,1117.142857142857,129.28571428571445,36.0,2993.2,845.6,38.0
502,106.66666666666663,3245.1111111111113,842.3333333333334,168.8888888888887,113.24137931034483,2219.2413793103447,389.7586206896552,114.9310344827586,106.0,2902.5,832.5,136.5,105.0,2283.9411764705883,1549.4705882352941,105.0,127.0,2558.277777777778,1176.3333333333333,154.22222222222217,109.33333333333326,1640.3333333333333,941.0,112.0,122.23684210526324,2038.4473684210527,783.3684210526316,132.92105263157896,99.0,2056.44,603.6,133.0,101.5769230769231,2021.4615384615386,969.0769230769231,136.38461538461524,87.07142857142844,1466.642857142857,1116.0714285714287,129.6428571428571,36.0,2987.0,842.0,38.0
503,107.0,3242.3333333333335,843.0,166.66666666666652,113.0689655172414,2217.0689655172414,389.9310344827586,114.55172413793116,107.0,2901.0,830.4,132.5999999999999,105.0,2273.1176470588234,1551.0588235294117,105.0,127.0,2555.3333333333335,1173.0,152.66666666666652,116.0,1634.0,929.0,113.0,122.36842105263156,2023.4736842105262,780.6842105263158,133.2105263157896,99.0,2044.26,602.9,133.00000000000023,102.0,2017.0,970.0,138.0,87.0,1461.0,1115.0,130.0,36.0,2980.2,840.4,38.0
504,107.33333333333337,3239.5555555555557,843.6666666666666,164.44444444444434,112.89655172413791,2214.896551724138,390.1034482758621,114.17241379310326,108.0,2899.5,828.3,128.69999999999982,105.0,2262.294117647059,1552.6470588235295,105.0,127.0,2552.3888888888887,1169.6666666666667,151.1111111111113,115.14999999999986,1628.6,923.45,113.45000000000005,122.5,2008.5,778.0,133.5,99.0,2032.08,602.2,133.0,101.54999999999995,2012.35,971.2,136.25,88.45454545454527,1457.0,1113.6363636363637,131.090909090909,36.0,2973.4,838.8,38.0
505,107.66666666666663,3236.777777777778,844.3333333333334,162.22222222222217,112.72413793103448,2212.7241379310344,390.2758620689655,113.79310344827582,109.0,2898.0,826.2,124.80000000000018,105.0,2251.470588235294,1554.235294117647,105.0,127.0,2549.4444444444443,1166.3333333333333,149.55555555555566,114.30000000000007,1623.2,917.9,113.89999999999986,122.63157894736844,1993.5263157894738,775.3157894736842,133.7894736842104,99.0,2019.9,601.5,133.0,101.10000000000002,2007.7,972.4,134.49999999999977,89.90909090909099,1453.0,1112.2727272727273,132.18181818181824,36.0,2966.6,837.2,38.0
506,108.0,3234.0,845.0,160.0,112.55172413793105,2210.551724137931,390.44827586206895,113.41379310344837,110.0,2896.5,824.1,120.90000000000009,105.0,2240.6470588235293,1555.8235294117646,105.0,127.0,2546.5,1163.0,148.0,113.44999999999993,1617.8,912.35,114.35000000000014,122.76315789473676,1978.5526315789473,772.6315789473684,134.07894736842104,99.0,2007.72,600.8,133.00000000000023,100.64999999999998,2003.05,973.6,132.75000000000023,91.36363636363626,1449.0,1110.909090909091,133.27272727272725,36.0,2959.8,835.6,38.0
507,108.0,3231.0,843.0,161.0,112.37931034482756,2208.3793103448274,390.62068965517244,113.03448275862092,111.0,2895.0,822.0,117.0,105.0,2229.823529411765,1557.4117647058824,105.0,127.0,2543.5555555555557,1159.6666666666667,146.44444444444434,112.60000000000002,1612.4,906.8,114.79999999999995,122.89473684210532,1963.578947368421,769.9473684210526,134.36842105263145,99.0,1995.54,600.1,133.0,100.20000000000005,1998.4,974.8,131.0,92.81818181818176,1445.0,1109.5454545454545,134.36363636363626,36.0,2953.0,834.0,38.0
508,107.85714285714289,3225.1428571428573,844.4285714285714,161.66666666666652,112.20689655172413,2206.206896551724,390.7931034482759,112.65517241379303,111.25,2885.5,819.5,124.5,105.0,2219.0,1559.0,105.0,127.0,2540.6111111111113,1156.3333333333333,144.8888888888887,111.75,1607.0,901.25,115.25,123.02631578947364,1948.6052631578948,767.2631578947369,134.65789473684185,99.0,1983.3600000000001,599.4,133.0,99.75,1993.75,976.0,129.25,94.27272727272725,1441.0,1108.1818181818182,135.4545454545455,36.0,2946.8,830.6,38.0
509,107.71428571428567,3219.285714285714,845.8571428571429,162.33333333333348,112.0344827586207,2204.0344827586205,390.9655172413793,112.27586206896558,111.5,2876.0,817.0,132.0,105.17021276595733,2208.1702127659573,1560.5744680851064,105.65957446808534,127.0,2537.6666666666665,1153.0,143.33333333333348,110.89999999999998,1601.6,895.7,115.70000000000005,123.15789473684208,1933.6315789473683,764.578947368421,134.94736842105294,99.0,1971.18,598.7,133.00000000000023,99.29999999999995,1989.1,977.2,127.5,95.72727272727275,1437.0,1106.8181818181818,136.5454545454545,36.0,2940.6,827.2,38.0
510,107.57142857142856,3213.4285714285716,847.2857142857143,163.0,111.86206896551727,2201.862068965517,391.13793103448273,111.89655172413813,111.75,2866.5,814.5,139.5,105.34042553191489,2197.340425531915,1562.1489361702127,106.31914893616977,127.0,2534.722222222222,1149.6666666666667,141.77777777777783,110.05000000000007,1596.2,890.15,116.14999999999986,123.28947368421063,1918.657894736842,761.8947368421052,135.23684210526335,99.0,1959.0,598.0,133.0,98.85000000000002,1984.45,978.4,125.74999999999977,97.18181818181824,1433.0,1105.4545454545455,137.63636363636374,36.0,2934.4,823.8,38.0
511,107.42857142857144,3207.5714285714284,848.7142857142857,163.66666666666697,111.68965517241378,2199.689655172414,391.3103448275862,111.51724137931024,112.0,2857.0,812.0,147.0,105.51063829787245,2186.5106382978724,1563.723404255319,106.9787234042551,127.0,2531.777777777778,1146.3333333333333,140.22222222222217,109.19999999999993,1590.8,884.6,116.60000000000014,123.42105263157896,1903.6842105263158,759.2105263157895,135.52631578947376,99.0,1946.138888888889,597.3888888888889,132.99999999999977,98.39999999999998,1979.8,979.6,124.00000000000023,98.63636363636374,1429.0,1104.090909090909,138.72727272727275,36.0,2928.2,820.4,38.0
512,107.28571428571433,3201.714285714286,850.1428571428571,164.33333333333348,111.51724137931035,2197.5172413793102,391.48275862068965,111.13793103448279,111.30769230769238,2852.5384615384614,811.3076923076923,146.92307692307713,105.68085106382978,2175.68085106383,1565.2978723404256,107.63829787234044,127.0,2528.8333333333335,1143.0,138.66666666666652,108.35000000000002,1585.4,879.05,117.04999999999995,123.5526315789474,1888.7105263157896,756.5263157894736,135.81578947368416,99.0,1933.2777777777778,596.7777777777778,133.0,97.95000000000005,1975.15,980.8,122.25,100.09090909090901,1425.0,1102.7272727272727,139.81818181818176,36.0,2922.0,817.0,38.0
513,107.14285714285711,3195.8571428571427,851.5714285714286,165.0,111.34482758620692,2195.344827586207,391.6551724137931,110.75862068965489,110.61538461538464,2848.076923076923,810.6153846153846,146.84615384615427,105.85106382978711,2164.851063829787,1566.872340425532,108.29787234042578,127.0,2525.8888888888887,1139.6666666666667,137.1111111111113,107.5,1580.0,873.5,117.5,123.68421052631572,1873.7368421052631,753.8421052631579,136.1052631578948,99.0,1920.4166666666667,596.1666666666666,132.99999999999977,97.5,1970.5,982.0,120.5,101.54545454545473,1421.0,1101.3636363636363,140.909090909091,36.0,2910.8333333333335,818.3333333333334,38.0
514,107.0,3190.0,853.0,165.66666666666652,111.17241379310343,2193.1724137931033,391.82758620689657,110.3793103448279,109.9230769230769,2843.6153846153848,809.9230769230769,146.7692307692305,106.02127659574467,2154.021276595745,1568.4468085106382,108.95744680851021,127.0,2522.9444444444443,1136.3333333333333,135.55555555555566,106.64999999999998,1574.6,867.95,117.95000000000005,123.81578947368428,1858.7631578947369,751.1578947368421,136.3947368421052,99.0,1907.5555555555557,595.5555555555555,133.0,97.04999999999995,1965.85,983.2,118.75,103.0,1417.0,1100.0,142.0,36.0,2899.6666666666665,819.6666666666666,38.0
515,106.85714285714289,3184.1428571428573,854.4285714285714,166.33333333333303,111.0,2191.0,392.0,110.0,109.23076923076917,2839.153846153846,809.2307692307693,146.69230769230762,106.19148936170222,2143.191489361702,1570.0212765957447,109.61702127659555,127.0,2520.0,1133.0,134.0,105.80000000000007,1569.2,862.4,118.39999999999986,123.9473684210526,1843.7894736842104,748.4736842105264,136.68421052631584,99.0,1894.6944444444443,594.9444444444445,133.0,96.60000000000002,1961.2,984.4,116.99999999999977,100.88888888888891,1413.0,1102.2222222222222,139.77777777777783,36.0,2888.5,821.0,38.0
516,106.71428571428567,3178.285714285714,855.8571428571429,167.0,111.5609756097561,2186.0731707317073,392.8780487804878,110.65853658536571,108.53846153846155,2834.6923076923076,808.5384615384615,146.61538461538476,106.36170212765956,2132.3617021276596,1571.595744680851,110.27659574468089,126.33333333333348,2513.9444444444443,1134.2222222222222,133.97222222222217,104.94999999999993,1563.8,856.85,118.85000000000014,124.07894736842104,1828.8157894736842,745.7894736842105,136.97368421052624,99.0,1881.8333333333333,594.3333333333334,133.0,96.14999999999998,1956.55,985.6,115.25000000000023,98.77777777777783,1409.0,1104.4444444444443,137.55555555555566,36.0,2877.3333333333335,822.3333333333334,38.0
517,106.57142857142856,3172.4285714285716,857.2857142857143,167.66666666666652,112.1219512195122,2181.1463414634145,393.7560975609756,111.31707317073187,107.84615384615392,2830.230769230769,807.8461538461538,146.5384615384619,106.53191489361689,2121.531914893617,1573.1702127659576,110.93617021276623,125.66666666666674,2507.8888888888887,1135.4444444444443,133.9444444444448,104.10000000000002,1558.4,851.3,119.29999999999995,124.21052631578937,1813.842105263158,743.1052631578948,137.26315789473688,99.0,1868.9722222222222,593.7222222222222,133.0,95.70000000000005,1951.9,986.8,113.5,96.66666666666652,1405.0,1106.6666666666667,135.33333333333326,36.0,2866.1666666666665,823.6666666666666,38.0
518,106.42857142857144,3166.5714285714284,858.7142857142857,168.33333333333348,112.6829268292683,2176.2195121951218,394.6341463414634,111.97560975609758,107.15384615384608,2825.769230769231,807.1538461538462,146.4615384615381,106.70212765957444,2110.7021276595747,1574.7446808510638,111.59574468085066,125.0,2501.8333333333335,1136.6666666666667,133.91666666666652,103.25,1553.0,845.75,119.75,124.34210526315792,1798.8684210526317,740.421052631579,137.55263157894728,99.0,1856.111111111111,593.1111111111111,133.0,95.25,1947.25,988.0,111.75,94.55555555555543,1401.0,1108.888888888889,133.1111111111111,36.0,2855.0,825.0,38.0
519,106.28571428571433,3160.714285714286,860.1428571428571,169.0,113.2439024390244,2171.2926829268295,395.5121951219512,112.63414634146329,106.46153846153845,2821.3076923076924,806.4615384615385,146.38461538461524,106.872340425532,2099.872340425532,1576.3191489361702,112.255319148936,124.33333333333326,2495.777777777778,1137.888888888889,133.8888888888887,102.39999999999998,1547.6,840.2,120.20000000000005,124.47368421052636,1783.8947368421052,737.7368421052631,137.84210526315792,99.0,1843.25,592.5,133.0,94.79999999999995,1942.6,989.2,110.0,92.44444444444457,1397.0,1111.111111111111,130.8888888888889,36.0,2839.5,828.1666666666666,38.0
520,106.14285714285711,3154.8571428571427,861.5714285714286,169.66666666666697,113.8048780487805,2166.3658536585367,396.390243902439,113.292682926829,105.76923076923083,2816.846153846154,805.7692307692307,146.30769230769238,107.04255319148933,2089.0425531914893,1577.8936170212767,112.91489361702133,123.66666666666674,2489.722222222222,1139.111111111111,133.8611111111113,101.55000000000007,1542.2,834.65,120.64999999999986,124.60526315789468,1768.921052631579,735.0526315789474,138.13157894736855,99.0,1830.388888888889,591.8888888888889,133.0,94.35000000000002,1937.95,990.4,108.25,90.33333333333348,1393.0,1113.3333333333333,128.66666666666674,36.0,2824.0,831.3333333333334,38.0
521,106.0,3149.0,863.0,170.33333333333348,114.3658536585366,2161.439024390244,397.2682926829268,113.95121951219517,105.0769230769231,2812.3846153846152,805.0769230769231,146.2307692307695,107.21276595744689,2078.2127659574467,1579.468085106383,113.57446808510667,123.0,2483.6666666666665,1140.3333333333333,133.83333333333348,100.69999999999993,1536.8,829.1,121.10000000000014,124.73684210526324,1753.9473684210527,732.3684210526316,138.42105263157896,99.0,1817.5277777777778,591.2777777777778,133.0,93.89999999999998,1933.3,991.6,106.5,88.22222222222217,1389.0,1115.5555555555557,126.44444444444434,36.0,2808.5,834.5,38.0
522,105.85714285714289,3143.1428571428573,864.4285714285714,171.0,114.92682926829275,2156.512195121951,398.1463414634146,114.60975609756088,104.38461538461536,2807.923076923077,804.3846153846154,146.15384615384573,107.38297872340422,2067.3829787234044,1581.0425531914893,114.2340425531911,122.33333333333326,2477.6111111111113,1141.5555555555557,133.8055555555552,99.85000000000002,1531.4,823.55,121.54999999999995,124.86842105263156,1738.9736842105262,729.6842105263158,138.7105263157896,99.0,1804.6666666666667,590.6666666666666,133.0,93.45000000000005,1928.65,992.8,104.75,86.11111111111109,1385.0,1117.7777777777778,124.22222222222217,36.0,2793.0,837.6666666666666,38.0
523,105.71428571428567,3137.285714285714,865.8571428571429,171.66666666666652,115.48780487804879,2151.5853658536585,399.0243902439024,115.26829268292704,103.69230769230762,2803.4615384615386,803.6923076923077,146.07692307692287,107.55319148936178,2056.553191489362,1582.6170212765958,114.89361702127644,121.66666666666652,2471.5555555555557,1142.7777777777778,133.77777777777783,99.0,1526.0,818.0,122.0,125.0,1724.0,727.0,139.0,99.0,1791.8055555555557,590.0555555555555,133.0,93.0,1924.0,994.0,103.0,84.0,1381.0,1120.0,122.0,36.0,2777.5,840.8333333333334,38.0
524,105.57142857142856,3131.4285714285716,867.2857142857143,172.33333333333303,116.04878048780495,2146.6585365853657,399.9024390243902,115.92682926829275,103.0,2799.0,803.0,146.0,107.72340425531911,2045.723404255319,1584.1914893617022,115.55319148936178,121.0,2465.5,1144.0,133.75,99.20000000000005,1525.2,815.8,122.39999999999986,125.0,1705.5,720.0,139.0,99.0,1778.9444444444443,589.4444444444445,133.0,92.60000000000002,1915.2,995.6,110.39999999999986,83.94117647058829,1377.4705882352941,1121.9411764705883,121.58823529411757,36.0,2762.0,844.0,38.0
525,105.42857142857144,3125.5714285714284,868.7142857142857,173.0,116.60975609756099,2141.731707317073,400.780487804878,116.58536585365891,102.33333333333326,2789.6666666666665,803.3333333333334,146.0,107.89361702127667,2034.8936170212767,1585.7659574468084,116.21276595744689,120.33333333333348,2459.4444444444443,1145.2222222222222,133.72222222222217,99.39999999999998,1524.4,813.6,122.79999999999995,125.0,1687.0,713.0,139.0,99.0,1766.0833333333333,588.8333333333334,133.0,92.20000000000005,1906.4,997.2,117.79999999999995,83.88235294117635,1373.9411764705883,1123.8823529411766,121.17647058823513,36.0,2762.25,843.75,38.0
526,105.28571428571433,3119.714285714286,870.1428571428571,173.66666666666652,117.17073170731709,2136.8048780487807,401.6585365853659,117.24390243902417,101.66666666666674,2780.3333333333335,803.6666666666666,146.0,108.063829787234,2024.063829787234,1587.340425531915,116.87234042553177,119.66666666666674,2453.3888888888887,1146.4444444444443,133.6944444444448,99.60000000000002,1523.6,811.4,123.20000000000005,124.72222222222217,1673.7777777777778,710.2777777777778,139.33333333333326,99.0,1753.2222222222222,588.2222222222222,133.0,91.79999999999995,1897.6,998.8,125.20000000000005,83.82352941176487,1370.4117647058824,1125.8235294117646,120.76470588235293,36.0,2762.5,843.5,38.0
527,105.14285714285711,3113.8571428571427,871.5714285714286,174.33333333333348,117.73170731707313,2131.878048780488,402.5365853658537,117.90243902439033,101.0,2771.0,804.0,146.0,108.23404255319133,2013.2340425531916,1588.9148936170213,117.53191489361689,119.0,2447.3333333333335,1147.6666666666667,133.66666666666652,99.79999999999995,1522.8,809.2,123.60000000000014,124.44444444444446,1660.5555555555557,707.5555555555555,139.66666666666652,99.0,1740.361111111111,587.6111111111111,133.0,91.39999999999998,1888.8,1000.4,132.60000000000014,83.76470588235293,1366.8823529411766,1127.764705882353,120.3529411764705,36.0,2762.75,843.25,38.0
528,105.0,3108.0,873.0,175.0,118.29268292682929,2126.951219512195,403.4146341463415,118.56097560975604,100.0,2778.0,803.0,139.0,108.40425531914912,2002.404255319149,1590.4893617021276,118.19148936170222,118.33333333333326,2441.277777777778,1148.888888888889,133.6388888888887,100.0,1522.0,807.0,124.0,124.16666666666663,1647.3333333333333,704.8333333333334,140.0,99.0,1727.5,587.0,133.0,91.0,1880.0,1002.0,140.0,83.70588235294122,1363.3529411764705,1129.7058823529412,119.94117647058829,36.0,2763.0,843.0,38.0
529,104.89999999999998,3102.1666666666665,873.3666666666667,174.10000000000036,118.85365853658533,2122.0243902439024,404.2926829268293,119.21951219512175,98.25,2776.0,803.5,132.75,108.57446808510645,1991.5744680851064,1592.063829787234,118.85106382978734,117.66666666666674,2435.222222222222,1150.111111111111,133.6111111111113,100.28333333333342,1517.45,805.9333333333333,124.39999999999986,123.88888888888891,1634.111111111111,702.1111111111111,140.33333333333326,99.0,1714.638888888889,586.3888888888889,133.0,90.99999999999989,1874.1636363636364,1002.8181818181819,139.1090909090908,83.64705882352928,1359.8235294117646,1131.6470588235295,119.52941176470586,36.0,2763.25,842.75,38.0
530,104.79999999999995,3096.3333333333335,873.7333333333333,173.19999999999982,119.41463414634148,2117.0975609756097,405.1707317073171,119.87804878048792,96.5,2774.0,804.0,126.5,108.74468085106378,1980.7446808510638,1593.6382978723404,119.51063829787222,117.0,2429.1666666666665,1151.3333333333333,133.58333333333348,100.5666666666666,1512.9,804.8666666666667,124.79999999999995,123.61111111111109,1620.888888888889,699.3888888888889,140.66666666666674,99.0,1701.7777777777778,585.7777777777778,133.0,91.00000000000011,1868.3272727272727,1003.6363636363636,138.21818181818185,83.5882352941178,1356.2941176470588,1133.5882352941176,119.11764705882365,36.0,2763.5,842.5,38.0
531,104.69999999999993,3090.5,874.1,172.30000000000018,119.97560975609753,2112.170731707317,406.0487804878049,120.53658536585363,94.75,2772.0,804.5,120.25,108.91489361702111,1969.9148936170213,1595.212765957447,120.17021276595733,116.33333333333326,2423.1111111111113,1152.5555555555557,133.5555555555552,100.85000000000002,1508.35,803.8,125.20000000000005,123.33333333333337,1607.6666666666667,696.6666666666666,141.0,99.0,1688.9166666666665,585.1666666666666,133.0,91.0,1862.490909090909,1004.4545454545455,137.32727272727266,83.52941176470586,1352.764705882353,1135.5294117647059,118.70588235294122,36.0,2763.75,842.25,38.0
532,104.60000000000002,3084.6666666666665,874.4666666666667,171.4000000000001,120.53658536585368,2107.243902439024,406.9268292682927,121.19512195121979,93.0,2770.0,805.0,114.0,109.08510638297889,1959.0851063829787,1596.787234042553,120.82978723404267,115.66666666666652,2417.0555555555557,1153.7777777777778,133.52777777777783,101.13333333333333,1503.8,802.7333333333333,125.60000000000014,123.05555555555554,1594.4444444444443,693.9444444444445,141.33333333333348,99.0,1676.0555555555557,584.5555555555555,133.0,91.0,1856.6545454545455,1005.2727272727273,136.43636363636347,83.47058823529414,1349.235294117647,1137.4705882352941,118.29411764705878,36.0,2764.0,842.0,38.0
533,104.5,3078.8333333333335,874.8333333333334,170.5,121.09756097560972,2102.317073170732,407.8048780487805,121.85365853658504,93.5454545454545,2763.181818181818,804.3636363636364,115.81818181818198,109.25531914893622,1948.2553191489362,1598.3617021276596,121.48936170212778,115.0,2411.0,1155.0,133.5,101.41666666666674,1499.25,801.6666666666666,126.0,122.77777777777783,1581.2222222222222,691.2222222222222,141.66666666666674,99.0,1663.1944444444443,583.9444444444445,133.0,90.99999999999989,1850.8181818181818,1006.0909090909091,135.5454545454545,83.4117647058822,1345.7058823529412,1139.4117647058824,117.88235294117635,36.0,2762.0,841.8571428571429,38.0
534,104.39999999999998,3073.0,875.2,169.5999999999999,121.65853658536588,2097.390243902439,408.6829268292683,122.51219512195121,94.09090909090912,2756.3636363636365,803.7272727272727,117.63636363636351,109.42553191489355,1937.4255319148936,1599.936170212766,122.14893617021266,114.33333333333348,2404.9444444444443,1156.2222222222222,133.47222222222217,101.69999999999993,1494.7,800.6,126.39999999999986,122.5,1568.0,688.5,142.0,99.0,1650.3333333333335,583.3333333333334,133.0,91.00000000000011,1844.9818181818182,1006.9090909090909,134.65454545454554,83.35294117647072,1342.1764705882354,1141.3529411764705,117.47058823529414,36.0,2760.0,841.7142857142857,38.0
535,104.29999999999995,3067.1666666666665,875.5666666666667,168.70000000000027,122.21951219512192,2092.4634146341464,409.5609756097561,123.17073170731692,94.63636363636363,2749.5454545454545,803.0909090909091,119.4545454545455,109.59574468085088,1926.595744680851,1601.5106382978724,122.80851063829778,113.66666666666674,2398.8888888888887,1157.4444444444443,133.4444444444448,101.98333333333335,1490.15,799.5333333333333,126.79999999999995,122.22222222222217,1554.7777777777778,685.7777777777778,142.33333333333326,99.0,1637.4722222222222,582.7222222222222,133.0,91.0,1839.1454545454546,1007.7272727272727,133.76363636363635,83.29411764705878,1338.6470588235295,1143.2941176470588,117.05882352941171,36.0,2758.0,841.5714285714286,38.0
536,104.20000000000005,3061.3333333333335,875.9333333333333,167.79999999999973,122.78048780487808,2087.5365853658536,410.4390243902439,123.82926829268308,95.18181818181813,2742.7272727272725,802.4545454545455,121.27272727272748,109.76595744680867,1915.7659574468084,1603.0851063829787,123.46808510638311,113.0,2392.8333333333335,1158.6666666666667,133.41666666666652,102.26666666666665,1485.6,798.4666666666667,127.20000000000005,121.94444444444446,1541.5555555555557,683.0555555555555,142.66666666666652,99.0,1624.611111111111,582.1111111111111,133.0,91.0,1833.3090909090909,1008.5454545454545,132.8727272727274,83.23529411764707,1335.1176470588234,1145.235294117647,116.6470588235295,36.0,2756.0,841.4285714285714,38.0
537,104.10000000000002,3055.5,876.3,166.9000000000001,123.34146341463412,2082.609756097561,411.3170731707317,124.48780487804879,95.72727272727263,2735.909090909091,801.8181818181819,123.09090909090901,109.936170212766,1904.936170212766,1604.659574468085,124.127659574468,112.33333333333326,2386.777777777778,1159.888888888889,133.3888888888887,102.55000000000007,1481.05,797.4,127.60000000000014,121.66666666666663,1528.3333333333333,680.3333333333334,143.0,99.0,1611.75,581.5,133.0,90.99999999999989,1827.4727272727273,1009.3636363636364,131.9818181818182,83.17647058823513,1331.5882352941176,1147.1764705882354,116.23529411764707,36.0,2754.0,841.2857142857143,38.0
538,104.0,3049.6666666666665,876.6666666666666,166.0,123.90243902439028,2077.682926829268,412.1951219512195,125.14634146341496,96.27272727272737,2729.090909090909,801.1818181818181,124.90909090909099,110.10638297872333,1894.1063829787233,1606.2340425531916,124.78723404255311,111.66666666666674,2380.722222222222,1161.111111111111,133.3611111111113,102.83333333333326,1476.5,796.3333333333334,128.0,121.38888888888891,1515.111111111111,677.6111111111111,143.33333333333326,99.0,1598.888888888889,580.8888888888889,133.0,91.00000000000011,1821.6363636363637,1010.1818181818181,131.090909090909,83.11764705882365,1328.0588235294117,1149.1176470588234,115.82352941176487,36.0,2752.0,841.1428571428571,38.0
539,103.89999999999998,3043.8333333333335,877.0333333333333,165.0999999999999,124.46341463414632,2072.756097560976,413.0731707317073,125.80487804878021,96.81818181818187,2722.2727272727275,800.5454545454545,126.72727272727252,110.27659574468089,1883.276595744681,1607.8085106382978,125.44680851063822,111.0,2374.6666666666665,1162.3333333333333,133.33333333333348,103.11666666666667,1471.95,795.2666666666667,128.39999999999986,121.11111111111109,1501.888888888889,674.8888888888889,143.66666666666674,99.0,1586.0277777777778,580.2777777777778,133.0,91.0,1815.8,1011.0,130.20000000000005,83.05882352941171,1324.5294117647059,1151.0588235294117,115.41176470588243,36.0,2750.0,841.0,38.0
540,103.80000000000007,3038.0,877.4,164.19999999999982,125.02439024390247,2067.829268292683,413.9512195121951,126.46341463414637,97.36363636363637,2715.4545454545455,799.9090909090909,128.5454545454545,110.44680851063822,1872.4468085106382,1609.3829787234042,126.10638297872356,110.33333333333326,2368.6111111111113,1163.5555555555557,133.3055555555552,103.39999999999998,1467.4,794.2,128.79999999999995,120.83333333333337,1488.6666666666667,672.1666666666666,144.0,99.0,1573.1666666666665,579.6666666666666,133.0,90.99999999999989,1809.9636363636364,1011.8181818181819,129.30909090909086,83.0,1321.0,1153.0,115.0,36.0,2741.4,839.2,38.0
541,103.70000000000005,3032.1666666666665,877.7666666666667,163.30000000000018,125.58536585365852,2062.9024390243903,414.8292682926829,127.12195121951208,97.90909090909088,2708.6363636363635,799.2727272727273,130.3636363636365,110.61702127659578,1861.6170212765958,1610.9574468085107,126.76595744680844,109.66666666666652,2362.5555555555557,1164.7777777777778,133.27777777777783,103.6833333333334,1462.85,793.1333333333333,129.20000000000005,120.55555555555554,1475.4444444444443,669.4444444444445,144.33333333333348,99.0,1560.3055555555557,579.0555555555555,133.0,91.00000000000011,1804.1272727272726,1012.6363636363636,128.4181818181819,83.48888888888905,1318.5777777777778,1154.4444444444443,115.04444444444448,36.0,2732.8,837.4,38.0
542,103.60000000000002,3026.3333333333335,878.1333333333333,162.39999999999964,126.14634146341467,2057.9756097560976,415.7073170731707,127.78048780487825,98.4545454545455,2701.818181818182,798.6363636363636,132.18181818181802,110.78723404255311,1850.787234042553,1612.531914893617,127.42553191489355,109.0,2356.5,1166.0,133.25,103.96666666666658,1458.3,792.0666666666667,129.60000000000014,120.27777777777783,1462.2222222222222,666.7222222222222,144.66666666666674,99.0,1547.4444444444443,578.4444444444445,133.0,91.0,1798.290909090909,1013.4545454545455,127.5272727272727,83.97777777777765,1316.1555555555556,1155.888888888889,115.08888888888896,36.0,2724.2,835.6,38.0
543,103.5,3020.5,878.5,161.5,126.70731707317071,2053.048780487805,416.5853658536585,128.43902439024396,99.0,2695.0,798.0,134.0,110.95744680851067,1839.9574468085107,1614.1063829787233,128.08510638297867,108.33333333333348,2350.4444444444443,1167.2222222222222,133.22222222222217,104.25,1453.75,791.0,130.0,120.0,1449.0,664.0,145.0,99.0,1534.5833333333335,577.8333333333334,133.0,91.0,1792.4545454545455,1014.2727272727273,126.63636363636351,84.4666666666667,1313.7333333333333,1157.3333333333333,115.13333333333321,36.0,2715.6,833.8,38.0
544,103.39999999999998,3014.6666666666665,878.8666666666667,160.60000000000036,127.26829268292687,2048.121951219512,417.4634146341463,129.09756097560967,97.0,2692.6666666666665,799.8333333333334,130.16666666666697,111.127659574468,1829.127659574468,1615.6808510638298,128.744680851064,107.66666666666674,2344.3888888888887,1168.4444444444443,133.1944444444448,104.53333333333342,1449.2,789.9333333333333,130.39999999999986,119.75,1436.4166666666667,662.25,145.25,99.0,1521.7222222222222,577.2222222222222,133.0,90.99999999999989,1786.6181818181817,1015.0909090909091,125.74545454545478,84.95555555555552,1311.3111111111111,1158.7777777777778,115.17777777777769,36.0,2707.0,832.0,38.0
545,103.29999999999995,3008.8333333333335,879.2333333333333,159.69999999999982,127.82926829268291,2043.1951219512196,418.3414634146341,129.7560975609756,95.0,2690.3333333333335,801.6666666666666,126.33333333333303,111.29787234042556,1818.2978723404256,1617.2553191489362,129.4042553191489,107.0,2338.3333333333335,1169.6666666666667,133.16666666666652,104.8166666666666,1444.65,788.8666666666667,130.79999999999995,119.5,1423.8333333333333,660.5,145.5,99.0,1508.861111111111,576.6111111111111,133.0,91.00000000000011,1780.7818181818182,1015.9090909090909,124.85454545454559,85.44444444444457,1308.888888888889,1160.2222222222222,115.22222222222217,36.0,2694.6,830.2,38.0
546,103.19999999999993,3003.0,879.6,158.80000000000018,128.390243902439,2038.2682926829268,419.219512195122,130.4146341463413,93.0,2688.0,803.5,122.5,111.46808510638311,1807.4680851063831,1618.8297872340424,130.063829787234,106.33333333333326,2332.277777777778,1170.888888888889,133.1388888888887,105.10000000000002,1440.1,787.8,131.20000000000005,119.25,1411.25,658.75,145.75,99.0,1496.0,576.0,133.0,91.0,1774.9454545454546,1016.7272727272727,123.9636363636364,85.93333333333317,1306.4666666666667,1161.6666666666667,115.26666666666665,36.0,2682.2,828.4,38.0
547,103.10000000000002,2997.1666666666665,879.9666666666667,157.9000000000001,128.95121951219505,2033.341463414634,420.0975609756098,131.07317073170748,91.0,2685.6666666666665,805.3333333333334,118.66666666666697,111.63829787234044,1796.6382978723404,1620.404255319149,130.7234042553191,105.66666666666674,2326.222222222222,1172.111111111111,133.1111111111113,105.38333333333333,1435.55,786.7333333333333,131.60000000000014,119.0,1398.6666666666667,657.0,146.0,98.875,1485.3333333333333,576.5833333333334,132.83333333333348,91.0,1769.1090909090908,1017.5454545454545,123.07272727272743,86.42222222222222,1304.0444444444445,1163.111111111111,115.31111111111113,36.0,2669.8,826.6,38.0
548,103.0,2991.3333333333335,880.3333333333334,157.0,129.5121951219512,2028.4146341463415,420.9756097560976,131.73170731707296,89.0,2683.3333333333335,807.1666666666666,114.83333333333303,111.80851063829778,1785.8085106382978,1621.9787234042553,131.38297872340445,105.0,2320.1666666666665,1173.3333333333333,133.08333333333348,105.66666666666674,1431.0,785.6666666666666,132.0,118.75,1386.0833333333333,655.25,146.25,98.75,1474.6666666666667,577.1666666666666,132.66666666666652,90.99999999999989,1763.2727272727273,1018.3636363636364,122.18181818181824,86.91111111111104,1301.6222222222223,1164.5555555555557,115.35555555555561,36.0,2657.4,824.8,38.0
549,102.89999999999998,2985.5,880.7,156.0999999999999,130.07317073170725,2023.4878048780488,421.8536585365854,132.39024390243912,87.0,2681.0,809.0,111.0,111.97872340425533,1774.9787234042553,1623.5531914893618,132.04255319148933,104.33333333333326,2314.1111111111113,1174.5555555555557,133.0555555555552,105.94999999999993,1426.45,784.6,132.39999999999986,118.5,1373.5,653.5,146.5,98.625,1464.0,577.75,132.5,91.00000000000011,1757.4363636363637,1019.1818181818181,121.29090909090905,87.40000000000009,1299.2,1166.0,115.39999999999986,36.0,2645.0,823.0,38.0
550,102.79999999999995,2979.6666666666665,881.0666666666667,155.20000000000027,130.6341463414634,2018.560975609756,422.7317073170732,133.04878048780483,90.75,2667.25,807.25,118.25,112.14893617021289,1764.148936170213,1625.127659574468,132.70212765957444,103.66666666666652,2308.0555555555557,1175.7777777777778,133.02777777777783,106.23333333333335,1421.9,783.5333333333333,132.79999999999995,118.25,1360.9166666666667,651.75,146.75,98.5,1453.3333333333333,578.3333333333334,132.33333333333348,91.0,1751.6,1020.0,120.40000000000009,87.88888888888891,1296.7777777777778,1167.4444444444443,115.44444444444434,36.0,2646.75,820.5,38.0
551,102.70000000000005,2973.8333333333335,881.4333333333333,154.29999999999973,131.19512195121945,2013.6341463414633,423.609756097561,133.707317073171,94.5,2653.5,805.5,125.5,112.31914893617022,1753.3191489361702,1626.7021276595744,133.36170212765956,103.0,2302.0,1177.0,133.0,106.51666666666665,1417.35,782.4666666666667,133.20000000000005,118.0,1348.3333333333333,650.0,147.0,98.375,1442.6666666666667,578.9166666666666,132.16666666666652,90.99999999999989,1745.7636363636364,1020.8181818181819,119.5090909090909,88.37777777777774,1294.3555555555556,1168.888888888889,115.48888888888882,36.0,2648.5,818.0,38.0
552,102.60000000000002,2968.0,881.8,153.4000000000001,131.7560975609756,2008.7073170731708,424.4878048780488,134.36585365853648,98.25,2639.75,803.75,132.75,112.48936170212755,1742.4893617021276,1628.276595744681,134.0212765957449,102.64285714285711,2297.1428571428573,1178.7857142857142,132.85714285714266,106.80000000000007,1412.8,781.4,133.60000000000014,117.75,1335.75,648.25,147.25,98.25,1432.0,579.5,132.0,91.00000000000011,1739.9272727272728,1021.6363636363636,118.61818181818171,88.86666666666679,1291.9333333333334,1170.3333333333333,115.5333333333333,36.0,2650.25,815.5,38.0
553,102.5,2962.1666666666665,882.1666666666666,152.5,132.31707317073176,2003.780487804878,425.3658536585366,135.02439024390264,102.0,2626.0,802.0,140.0,112.65957446808511,1731.659574468085,1629.8510638297873,134.68085106382978,102.28571428571422,2292.285714285714,1180.5714285714287,132.71428571428578,107.08333333333326,1408.25,780.3333333333334,134.0,117.5,1323.1666666666667,646.5,147.5,98.125,1421.3333333333333,580.0833333333334,131.83333333333348,91.0,1734.090909090909,1022.4545454545455,117.72727272727275,89.35555555555561,1289.5111111111112,1171.7777777777778,115.57777777777778,36.0,2652.0,813.0,38.0
554,102.39999999999998,2956.3333333333335,882.5333333333333,151.5999999999999,132.8780487804878,1998.8536585365855,426.2439024390244,135.68292682926813,105.80000000000007,2623.2,800.4,136.4000000000001,112.82978723404267,1720.8297872340427,1631.4255319148936,135.34042553191466,101.92857142857133,2287.4285714285716,1182.357142857143,132.57142857142844,107.36666666666667,1403.7,779.2666666666667,134.39999999999986,117.25,1310.5833333333333,644.75,147.75,98.0,1410.6666666666667,580.6666666666666,131.66666666666652,91.0,1728.2545454545455,1023.2727272727273,116.83636363636356,89.84444444444443,1287.088888888889,1173.2222222222222,115.62222222222226,36.0,2650.8,810.6,38.0
555,102.30000000000007,2950.5,882.9,150.69999999999982,133.43902439024384,1993.9268292682927,427.1219512195122,136.3414634146343,109.60000000000002,2620.4,798.8,132.79999999999973,113.0,1710.0,1633.0,136.0,101.57142857142867,2282.5714285714284,1184.142857142857,132.42857142857156,107.64999999999998,1399.15,778.2,134.79999999999995,117.0,1298.0,643.0,148.0,97.875,1400.0,581.25,131.5,91.0,1722.418181818182,1024.090909090909,115.9454545454546,90.33333333333326,1284.6666666666667,1174.6666666666667,115.66666666666652,36.0,2649.6,808.2,38.0
556,102.20000000000005,2944.6666666666665,883.2666666666667,149.80000000000018,134.0,1989.0,428.0,137.0,113.39999999999998,2617.6,797.2,129.20000000000027,113.0,1700.0,1634.0555555555557,136.27777777777783,101.21428571428578,2277.714285714286,1185.9285714285713,132.28571428571422,107.9333333333334,1394.6,777.1333333333333,135.20000000000005,116.71428571428567,1285.142857142857,643.9285714285714,148.28571428571422,97.75,1389.3333333333333,581.8333333333334,131.33333333333348,91.0,1716.581818181818,1024.909090909091,115.05454545454563,90.82222222222231,1282.2444444444445,1176.111111111111,115.711111111111,36.0,2648.4,805.8,38.0
557,102.10000000000002,2938.8333333333335,883.6333333333333,148.89999999999964,133.50000000000006,1985.0434782608695,428.2173913043478,136.413043478261,117.19999999999993,2614.8,795.6,125.59999999999991,113.0,1690.0,1635.111111111111,136.55555555555566,100.85714285714289,2272.8571428571427,1187.7142857142858,132.14285714285734,108.21666666666658,1390.05,776.0666666666667,135.60000000000014,116.42857142857144,1272.2857142857142,644.8571428571429,148.57142857142867,97.625,1378.6666666666667,582.4166666666666,131.16666666666652,91.0,1710.7454545454545,1025.7272727272727,114.16363636363644,91.3111111111109,1279.8222222222223,1177.5555555555557,115.75555555555547,36.0,2647.2,803.4,38.0
558,102.0,2933.0,884.0,148.0,133.0,1981.0869565217392,428.4347826086956,135.82608695652175,121.0,2612.0,794.0,122.0,113.0,1680.0,1636.1666666666667,136.83333333333326,100.5,2268.0,1189.5,132.0,108.5,1385.5,775.0,136.0,116.14285714285711,1259.4285714285713,645.7857142857143,148.8571428571429,97.5,1368.0,583.0,131.0,91.0,1704.909090909091,1026.5454545454545,113.27272727272725,91.79999999999995,1277.4,1179.0,115.79999999999995,36.0,2646.0,801.0,38.0
559,101.75,2932.25,883.5,137.0,132.5,1977.1304347826087,428.6521739130435,135.23913043478274,119.0,2610.2,794.8,118.80000000000018,113.0,1670.0,1637.2222222222222,137.1111111111111,100.14285714285711,2263.1428571428573,1191.2857142857142,131.85714285714266,108.78333333333342,1380.95,773.9333333333333,136.39999999999986,115.85714285714289,1246.5714285714287,646.7142857142857,149.1428571428571,97.375,1357.3333333333333,583.5833333333334,130.83333333333348,91.0,1699.0727272727272,1027.3636363636363,112.38181818181829,92.288888888889,1274.9777777777779,1180.4444444444443,115.84444444444443,36.0,2643.0,801.6,38.0
560,101.5,2931.5,883.0,126.0,131.99999999999994,1973.1739130434783,428.8695652173913,134.65217391304327,117.0,2608.4,795.6,115.59999999999991,113.0,1660.0,1638.2777777777778,137.3888888888889,99.78571428571422,2258.285714285714,1193.0714285714287,131.71428571428578,109.0666666666666,1376.4,772.8666666666667,136.79999999999995,115.57142857142856,1233.7142857142858,647.6428571428571,149.42857142857133,97.25,1346.6666666666667,584.1666666666666,130.66666666666652,91.0,1693.2363636363636,1028.1818181818182,111.4909090909091,92.77777777777783,1272.5555555555557,1181.888888888889,115.88888888888869,36.0,2640.0,802.2,38.0
561,101.25,2930.75,882.5,115.0,131.5,1969.2173913043478,429.0869565217391,134.06521739130426,115.0,2606.6,796.4,112.40000000000009,113.0,1650.0,1639.3333333333333,137.66666666666674,99.42857142857133,2253.4285714285716,1194.857142857143,131.57142857142844,109.35000000000002,1371.85,771.8,137.20000000000005,115.28571428571433,1220.857142857143,648.5714285714286,149.71428571428578,97.125,1336.0,584.75,130.5,91.0,1687.4,1029.0,110.59999999999991,93.26666666666665,1270.1333333333334,1183.3333333333333,115.93333333333317,36.0,2637.0,802.8,38.0
562,101.0,2930.0,882.0,104.0,131.00000000000006,1965.2608695652175,429.30434782608694,133.47826086956502,113.0,2604.8,797.2,109.19999999999982,113.0,1640.0,1640.388888888889,137.94444444444434,99.07142857142867,2248.5714285714284,1196.642857142857,131.42857142857156,109.63333333333333,1367.3,770.7333333333333,137.60000000000014,115.0,1208.0,649.5,150.0,97.0,1325.3333333333333,585.3333333333334,130.33333333333348,91.0,1681.5636363636363,1029.8181818181818,109.70909090909095,93.75555555555547,1267.7111111111112,1184.7777777777778,115.97777777777765,36.0,2634.0,803.4,38.0
563,100.83333333333337,2915.1666666666665,883.0,109.83333333333348,130.49999999999994,1961.304347826087,429.5217391304348,132.891304347826,111.0,2603.0,798.0,106.0,113.0,1630.0,1641.4444444444443,138.22222222222217,98.71428571428578,2243.714285714286,1198.4285714285713,131.28571428571422,109.91666666666674,1362.75,769.6666666666666,138.0,114.71428571428567,1195.142857142857,650.4285714285714,150.28571428571422,96.875,1314.6666666666667,585.9166666666666,130.16666666666652,91.0,1675.7272727272727,1030.6363636363637,108.81818181818176,94.24444444444453,1265.2888888888888,1186.2222222222222,116.02222222222235,36.0,2631.0,804.0,38.0
564,100.66666666666663,2900.3333333333335,884.0,115.66666666666652,130.0,1957.3478260869565,429.7391304347826,132.304347826087,109.20000000000005,2590.4,800.0,113.19999999999982,113.0,1620.0,1642.5,138.5,98.35714285714289,2238.8571428571427,1200.2142857142858,131.14285714285734,110.19999999999993,1358.2,768.6,138.39999999999986,114.42857142857144,1182.2857142857142,651.3571428571429,150.57142857142867,96.75,1304.0,586.5,130.0,91.0,1669.8909090909092,1031.4545454545455,107.92727272727257,94.73333333333335,1262.8666666666666,1187.6666666666667,116.06666666666683,36.0,2625.8,806.0,38.0
565,100.5,2885.5,885.0,121.5,129.49999999999994,1953.391304347826,429.95652173913044,131.71739130434798,107.39999999999998,2577.8,802.0,120.39999999999964,113.0,1610.0,1643.5555555555557,138.77777777777783,98.0,2234.0,1202.0,131.0,110.48333333333335,1353.65,767.5333333333333,138.79999999999995,114.14285714285711,1169.4285714285713,652.2857142857143,150.8571428571429,96.625,1293.3333333333333,587.0833333333334,129.83333333333348,91.0,1664.0545454545454,1032.2727272727273,107.0363636363636,95.22222222222217,1260.4444444444443,1189.111111111111,116.11111111111131,36.0,2620.6,808.0,38.0
566,100.33333333333337,2870.6666666666665,886.0,127.33333333333348,129.0,1949.4347826086957,430.17391304347825,131.13043478260875,105.60000000000002,2565.2,804.0,127.60000000000036,113.0,1600.0,1644.611111111111,139.05555555555566,97.63999999999987,2227.76,1203.16,130.87999999999965,110.76666666666665,1349.1,766.4666666666667,139.20000000000005,113.85714285714289,1156.5714285714287,653.2142857142857,151.1428571428571,96.5,1282.6666666666667,587.6666666666666,129.66666666666652,91.0,1658.2181818181818,1033.090909090909,106.14545454545464,95.711111111111,1258.0222222222221,1190.5555555555557,116.15555555555557,36.0,2615.4,810.0,38.0
567,100.16666666666663,2855.8333333333335,887.0,133.16666666666652,128.50000000000006,1945.4782608695652,430.39130434782606,130.54347826086973,103.79999999999995,2552.6,806.0,134.80000000000018,113.0,1590.0,1645.6666666666667,139.33333333333326,97.27999999999997,2221.52,1204.32,130.76000000000022,111.05000000000007,1344.55,765.4,139.60000000000014,113.57142857142856,1143.7142857142858,654.1428571428571,151.42857142857133,96.375,1272.0,588.25,129.5,91.0,1652.3818181818183,1033.909090909091,105.25454545454522,96.20000000000005,1255.6,1192.0,116.20000000000005,36.0,2610.2,812.0,38.0
568,100.0,2841.0,888.0,139.0,127.99999999999994,1941.5217391304348,430.60869565217394,129.95652173913027,102.0,2540.0,808.0,142.0,113.0,1580.0,1646.7222222222222,139.6111111111111,96.92000000000007,2215.28,1205.48,130.63999999999987,111.33333333333326,1340.0,764.3333333333334,140.0,113.28571428571433,1130.857142857143,655.0714285714286,151.71428571428555,96.25,1261.3333333333333,588.8333333333334,129.33333333333348,91.0,1646.5454545454545,1034.7272727272727,104.36363636363649,96.6888888888891,1253.1777777777777,1193.4444444444443,116.24444444444453,36.0,2605.0,814.0,38.0
569,99.85714285714289,2830.285714285714,888.0,138.28571428571422,127.5,1937.5652173913043,430.82608695652175,129.36956521739125,101.5,2535.2727272727275,809.3181818181819,139.90909090909054,113.0,1570.0,1647.7777777777778,139.8888888888889,96.55999999999995,2209.04,1206.64,130.51999999999998,111.61666666666667,1335.45,763.2666666666667,140.39999999999986,113.0,1118.0,656.0,152.0,96.125,1250.6666666666667,589.4166666666666,129.16666666666652,91.0,1640.709090909091,1035.5454545454545,103.4727272727273,97.17777777777769,1250.7555555555555,1194.888888888889,116.288888888889,36.0,2595.714285714286,816.8571428571429,38.0
570,99.71428571428567,2819.5714285714284,888.0,137.5714285714289,127.00000000000006,1933.608695652174,431.04347826086956,128.78260869565202,101.0,2530.5454545454545,810.6363636363636,137.81818181818198,113.0,1560.0,1648.8333333333333,140.16666666666674,96.20000000000005,2202.8,1207.8,130.39999999999964,111.89999999999998,1330.9,762.2,140.79999999999995,113.0,1107.625,659.8125,152.0,96.0,1240.0,590.0,129.0,91.0,1634.8727272727274,1036.3636363636363,102.58181818181811,97.66666666666674,1248.3333333333333,1196.3333333333333,116.33333333333348,36.0,2586.4285714285716,819.7142857142857,38.0
571,99.57142857142856,2808.8571428571427,888.0,136.85714285714312,126.5,1929.6521739130435,431.2608695652174,128.195652173913,100.5,2525.818181818182,811.9545454545455,135.72727272727252,113.0,1550.0,1649.888888888889,140.44444444444434,95.83999999999992,2196.56,1208.96,130.2800000000002,112.18333333333328,1326.35,761.1333333333333,141.20000000000005,113.0,1097.25,663.625,152.0,95.84210526315792,1230.3157894736842,592.421052631579,128.78947368421063,91.0,1629.0363636363636,1037.1818181818182,101.69090909090914,98.15555555555557,1245.911111111111,1197.7777777777778,116.37777777777774,36.0,2577.1428571428573,822.5714285714286,38.0
572,99.42857142857144,2798.1428571428573,888.0,136.14285714285688,126.00000000000006,1925.695652173913,431.4782608695652,127.60869565217399,100.0,2521.090909090909,813.2727272727273,133.6363636363635,113.0,1540.0,1650.9444444444443,140.72222222222217,95.48000000000002,2190.32,1210.12,130.15999999999985,112.46666666666658,1321.8,760.0666666666667,141.60000000000014,113.0,1086.875,667.4375,152.0,95.68421052631572,1220.6315789473683,594.8421052631579,128.57894736842104,91.0,1623.2,1038.0,100.79999999999995,98.64444444444439,1243.4888888888888,1199.2222222222222,116.42222222222222,36.0,2567.8571428571427,825.4285714285714,38.0
573,99.28571428571433,2787.4285714285716,888.0,135.4285714285711,125.49999999999994,1921.7391304347825,431.69565217391306,127.02173913043498,99.5,2516.3636363636365,814.5909090909091,131.5454545454545,113.0,1530.0,1652.0,141.0,95.12000000000012,2184.08,1211.28,130.03999999999996,112.75,1317.25,759.0,142.0,113.0,1076.5,671.25,152.0,95.52631578947364,1210.9473684210527,597.2631578947369,128.36842105263145,91.0,1617.3636363636365,1038.8181818181818,99.90909090909076,99.13333333333321,1241.0666666666666,1200.6666666666667,116.4666666666667,36.0,2558.5714285714284,828.2857142857143,38.0
574,99.14285714285711,2776.714285714286,888.0,134.71428571428578,125.0,1917.7826086956522,431.9130434782609,126.43478260869551,99.0,2511.6363636363635,815.9090909090909,129.4545454545455,113.0,1522.2380952380952,1653.1904761904761,140.28571428571445,94.75999999999999,2177.84,1212.44,129.92000000000007,113.03333333333342,1312.7,757.9333333333333,142.39999999999986,113.0,1066.125,675.0625,152.0,95.36842105263156,1201.2631578947369,599.6842105263158,128.15789473684208,91.0,1611.5272727272727,1039.6363636363637,99.0181818181818,99.62222222222226,1238.6444444444444,1202.111111111111,116.51111111111118,36.0,2549.285714285714,831.1428571428571,38.0
575,99.0,2766.0,888.0,134.0,124.50000000000006,1913.8260869565217,432.1304347826087,125.8478260869565,98.5,2506.909090909091,817.2272727272727,127.36363636363649,113.0,1514.4761904761904,1654.3809523809523,139.57142857142867,94.40000000000009,2171.6,1213.6,129.80000000000018,113.31666666666672,1308.15,756.8666666666667,142.79999999999995,113.0,1055.75,678.875,152.0,95.21052631578948,1191.578947368421,602.1052631578947,127.94736842105272,91.0,1605.6909090909091,1040.4545454545455,98.12727272727261,100.11111111111109,1236.2222222222222,1203.5555555555557,116.55555555555566,36.0,2540.0,834.0,38.0
576,99.0,2753.2,889.8,135.80000000000018,124.0,1909.8695652173913,432.3478260869565,125.26086956521749,98.0,2502.181818181818,818.5454545454545,125.27272727272748,113.0,1506.7142857142858,1655.5714285714287,138.8571428571429,94.03999999999996,2165.36,1214.76,129.67999999999984,113.60000000000002,1303.6,755.8,143.20000000000005,113.0,1045.375,682.6875,152.0,95.0526315789474,1181.8947368421052,604.5263157894736,127.73684210526312,91.0,1599.8545454545456,1041.2727272727273,97.23636363636342,100.59999999999991,1233.8,1205.0,116.60000000000014,36.0,2526.2,839.8,38.0
577,99.0,2740.4,891.6,137.5999999999999,123.5,1905.913043478261,432.5652173913044,124.67391304347825,97.5,2497.4545454545455,819.8636363636364,123.18181818181802,113.0,1498.952380952381,1656.7619047619048,138.1428571428571,93.67999999999984,2159.12,1215.92,129.55999999999995,113.88333333333333,1299.05,754.7333333333333,143.60000000000014,113.0,1035.0,686.5,152.0,94.89473684210532,1172.2105263157896,606.9473684210526,127.52631578947353,91.0,1594.0181818181818,1042.090909090909,96.34545454545469,101.08888888888896,1231.3777777777777,1206.4444444444443,116.64444444444439,36.0,2512.4,845.6,38.0
578,99.0,2727.6,893.4,139.4000000000001,122.99999999999994,1901.9565217391305,432.7826086956522,124.08695652173901,97.0,2492.7272727272725,821.1818181818181,121.09090909090946,113.0,1491.1904761904761,1657.952380952381,137.42857142857156,93.32000000000016,2152.88,1217.08,129.44000000000005,114.16666666666674,1294.5,753.6666666666666,144.0,113.0,1024.625,690.3125,152.0,94.73684210526312,1162.5263157894738,609.3684210526316,127.31578947368416,91.0,1588.1818181818182,1042.909090909091,95.45454545454527,101.57777777777778,1228.9555555555555,1207.888888888889,116.68888888888887,36.0,2498.6,851.4,38.0
579,99.0,2714.8,895.2,141.19999999999982,122.5,1898.0,433.0,123.5,96.5,2488.0,822.5,119.0,113.0,1483.4285714285713,1659.142857142857,136.71428571428578,92.96000000000004,2146.64,1218.24,129.32000000000016,114.44999999999993,1289.95,752.6,144.39999999999986,113.0,1014.25,694.125,152.0,94.57894736842104,1152.842105263158,611.7894736842105,127.1052631578948,91.0,1582.3454545454547,1043.7272727272727,94.5636363636363,102.06666666666683,1226.5333333333333,1209.3333333333333,116.73333333333335,36.0,2484.8,857.2,38.0
580,99.0,2702.0,897.0,143.0,122.00000000000006,1894.0434782608695,433.2173913043478,122.91304347826099,96.0,2483.2727272727275,823.8181818181819,116.90909090909054,113.0,1475.6666666666667,1660.3333333333333,136.0,92.59999999999991,2140.4,1219.4,129.19999999999982,114.73333333333335,1285.4,751.5333333333333,144.79999999999995,113.0,1003.875,697.9375,152.0,94.42105263157896,1143.157894736842,614.2105263157895,126.8947368421052,91.0,1576.509090909091,1044.5454545454545,93.67272727272734,102.55555555555543,1224.111111111111,1210.7777777777778,116.77777777777783,36.0,2471.0,863.0,38.0
581,98.75,2682.0,898.75,145.0,121.5,1890.0869565217392,433.4347826086956,122.32608695652175,95.5,2478.5454545454545,825.1363636363636,114.81818181818198,113.0,1467.904761904762,1661.5238095238096,135.28571428571422,92.24000000000001,2134.16,1220.56,129.07999999999993,115.01666666666665,1280.85,750.4666666666667,145.20000000000005,113.0,993.5,701.75,152.0,94.26315789473688,1133.4736842105262,616.6315789473684,126.68421052631584,91.0,1570.6727272727273,1045.3636363636363,92.78181818181815,103.04444444444448,1221.6888888888889,1212.2222222222222,116.82222222222231,36.0,2461.5,866.3333333333334,38.0
582,98.5,2662.0,900.5,147.0,121.0,1886.1304347826087,433.6521739130435,121.73913043478251,95.0,2473.818181818182,826.4545454545455,112.72727272727252,113.0,1460.142857142857,1662.7142857142858,134.57142857142867,91.87999999999988,2127.92,1221.72,128.96000000000004,115.30000000000007,1276.3,749.4,145.60000000000014,113.0,983.125,705.5625,152.0,94.10526315789468,1123.7894736842106,619.0526315789474,126.47368421052624,91.0,1564.8363636363636,1046.1818181818182,91.89090909090919,103.5333333333333,1219.2666666666667,1213.6666666666667,116.86666666666656,36.0,2452.0,869.6666666666666,38.0
583,98.25,2642.0,902.25,149.0,120.49999999999994,1882.1739130434783,433.8695652173913,121.1521739130435,94.5,2469.090909090909,827.7727272727273,110.63636363636351,113.0,1452.3809523809523,1663.904761904762,133.8571428571429,91.51999999999998,2121.68,1222.88,128.84000000000015,115.58333333333326,1271.75,748.3333333333334,146.0,113.0,972.75,709.375,152.0,93.9473684210526,1114.1052631578948,621.4736842105264,126.26315789473688,91.0,1559.0,1047.0,91.0,104.02222222222235,1216.8444444444444,1215.111111111111,116.91111111111104,36.0,2442.5,873.0,38.0
584,98.0,2622.0,904.0,151.0,120.0,1878.2173913043478,434.0869565217391,120.56521739130449,94.0,2464.3636363636365,829.0909090909091,108.5454545454545,113.0,1444.6190476190477,1665.095238095238,133.1428571428571,91.16000000000008,2115.44,1224.04,128.7199999999998,115.86666666666667,1267.2,747.2666666666667,146.39999999999986,113.0,962.375,713.1875,152.0,93.78947368421063,1104.421052631579,623.8947368421052,126.05263157894728,91.0,1554.9493670886077,1047.7088607594937,91.81012658227837,104.51111111111095,1214.4222222222222,1216.5555555555557,116.95555555555552,36.0,2433.0,876.3333333333334,38.0
585,99.44444444444446,2603.8888888888887,904.2222222222222,152.4444444444448,119.50000000000006,1874.2608695652175,434.30434782608694,119.97826086956502,93.5,2459.6363636363635,830.4090909090909,106.4545454545455,113.0,1436.857142857143,1666.2857142857142,132.42857142857133,90.79999999999995,2109.2,1225.2,128.60000000000036,116.14999999999998,1262.65,746.2,146.79999999999995,113.0,952.0,717.0,152.0,93.63157894736844,1094.7368421052631,626.3157894736842,125.84210526315792,91.0,1550.8987341772151,1048.4177215189873,92.62025316455697,105.0,1212.0,1218.0,117.0,36.0,2423.5,879.6666666666666,38.0
586,100.88888888888891,2585.777777777778,904.4444444444445,153.8888888888887,118.99999999999994,1870.304347826087,434.5217391304348,119.39130434782601,93.0,2454.909090909091,831.7272727272727,104.36363636363649,113.0,1429.095238095238,1667.4761904761904,131.71428571428578,90.44000000000005,2102.96,1226.36,128.48000000000002,116.43333333333328,1258.1,745.1333333333333,147.20000000000005,113.0,943.1538461538462,722.7692307692307,152.0,93.47368421052636,1085.0526315789473,628.7368421052631,125.63157894736855,91.0,1546.8481012658228,1049.126582278481,93.43037974683534,105.14285714285711,1210.4285714285713,1219.0714285714287,118.57142857142867,36.0,2414.0,883.0,38.0
587,102.33333333333337,2567.6666666666665,904.6666666666666,155.33333333333348,118.5,1866.3478260869565,434.7391304347826,118.804347826087,92.5,2450.181818181818,833.0454545454545,102.27272727272748,113.0,1421.3333333333333,1668.6666666666667,131.0,90.07999999999993,2096.72,1227.52,128.36000000000013,116.71666666666658,1253.55,744.0666666666667,147.60000000000014,113.0,934.3076923076923,728.5384615384615,152.0000000000001,93.31578947368428,1075.3684210526317,631.1578947368421,125.42105263157873,91.0,1542.7974683544303,1049.8354430379748,94.24050632911394,105.28571428571422,1208.857142857143,1220.142857142857,120.14285714285711,36.0,2411.5714285714284,884.0,38.0
588,103.77777777777771,2549.5555555555557,904.8888888888889,156.77777777777783,117.99999999999994,1862.391304347826,434.95652173913044,118.21739130434798,92.0,2445.4545454545455,834.3636363636364,100.18181818181802,113.0,1413.5714285714287,1669.857142857143,130.28571428571422,89.72000000000003,2090.48,1228.68,128.23999999999978,117.0,1249.0,743.0,148.0,113.0,925.4615384615385,734.3076923076923,152.0000000000001,93.15789473684208,1065.6842105263158,633.578947368421,125.21052631578937,91.0,1538.746835443038,1050.5443037974683,95.05063291139231,105.42857142857133,1207.2857142857142,1221.2142857142858,121.71428571428578,36.0,2409.1428571428573,885.0,38.0
589,105.22222222222229,2531.4444444444443,905.1111111111111,158.22222222222217,117.5,1858.4347826086957,435.17391304347825,117.63043478260852,91.5,2440.7272727272725,835.6818181818181,98.09090909090946,113.0,1405.8095238095239,1671.047619047619,129.57142857142844,89.36000000000013,2084.24,1229.84,128.12000000000035,117.07142857142856,1245.857142857143,740.7857142857143,147.8571428571429,113.0,916.6153846153846,740.0769230769231,151.9999999999999,93.0,1056.0,636.0,125.0,91.0,1534.6962025316457,1051.253164556962,95.86075949367068,105.57142857142867,1205.7142857142858,1222.2857142857142,123.28571428571422,36.0,2406.714285714286,886.0,38.0
590,106.66666666666663,2513.3333333333335,905.3333333333334,159.66666666666652,117.00000000000006,1854.4782608695652,435.39130434782606,117.0434782608695,91.0,2436.0,837.0,96.0,113.0,1398.047619047619,1672.2380952380952,128.8571428571429,89.0,2078.0,1231.0,128.0,117.14285714285711,1242.7142857142858,738.5714285714286,147.71428571428555,113.0,907.7692307692307,745.8461538461538,152.0,93.39999999999998,1049.75,637.6,126.40000000000009,91.0,1530.6455696202531,1051.9620253164558,96.67088607594951,105.71428571428578,1204.142857142857,1223.357142857143,124.85714285714289,36.0,2404.285714285714,887.0,38.0
591,108.11111111111109,2495.222222222222,905.5555555555555,161.1111111111113,116.49999999999994,1850.5217391304348,435.60869565217394,116.4565217391305,94.0,2425.5714285714284,836.5714285714286,102.71428571428578,113.0,1390.2857142857142,1673.4285714285713,128.14285714285734,90.25,2073.3333333333335,1231.1666666666667,127.75,117.21428571428567,1239.5714285714287,736.3571428571429,147.57142857142844,113.0,898.9230769230769,751.6153846153846,152.0,93.79999999999995,1043.5,639.2,127.79999999999995,91.0,1526.5949367088608,1052.6708860759493,97.48101265822788,105.85714285714289,1202.5714285714287,1224.4285714285713,126.42857142857133,36.0,2401.8571428571427,888.0,38.0
592,109.55555555555554,2477.1111111111113,905.7777777777778,162.5555555555552,116.0,1846.5652173913043,435.82608695652175,115.86956521739148,97.0,2415.1428571428573,836.1428571428571,109.4285714285711,113.0,1382.5238095238096,1674.6190476190477,127.42857142857133,91.5,2068.6666666666665,1231.3333333333333,127.5,117.28571428571433,1236.4285714285713,734.1428571428571,147.42857142857156,113.0,890.0769230769231,757.3846153846154,152.0,94.20000000000005,1037.25,640.8,129.20000000000005,91.0,1522.5443037974683,1053.379746835443,98.29113924050648,106.0,1201.0,1225.5,128.0,36.0,2399.4285714285716,889.0,38.0
593,111.0,2459.0,906.0,164.0,115.50000000000006,1842.608695652174,436.04347826086956,115.28260869565202,100.0,2404.714285714286,835.7142857142857,116.14285714285688,113.0,1374.7619047619048,1675.8095238095239,126.71428571428555,92.75,2064.0,1231.5,127.25,117.35714285714289,1233.2857142857142,731.9285714285714,147.28571428571445,113.0,881.2307692307693,763.1538461538462,152.0,94.60000000000002,1031.0,642.4,130.5999999999999,91.0,1518.493670886076,1054.0886075949368,99.10126582278485,106.14285714285711,1199.4285714285713,1226.5714285714287,129.57142857142867,36.0,2397.0,890.0,38.0
594,115.5,2444.75,901.0,170.0,115.0,1838.6521739130435,436.2608695652174,114.695652173913,103.0,2394.285714285714,835.2857142857143,122.85714285714312,113.0,1367.0,1677.0,126.0,94.0,2059.3333333333335,1231.6666666666667,127.0,117.42857142857144,1230.142857142857,729.7142857142857,147.1428571428571,113.0,872.3846153846154,768.9230769230769,152.0000000000001,95.0,1024.75,644.0,132.0,91.0,1514.4430379746836,1054.7974683544303,99.91139240506322,106.28571428571422,1197.857142857143,1227.642857142857,131.1428571428571,36.0,2393.285714285714,891.4285714285714,38.0
595,120.0,2430.5,896.0,176.0,114.50000000000006,1834.695652173913,436.4782608695652,114.10869565217399,106.0,2383.8571428571427,834.8571428571429,129.5714285714289,113.0,1360.2083333333333,1677.4166666666667,127.04166666666674,95.25,2054.6666666666665,1231.8333333333333,126.75,117.5,1227.0,727.5,147.0,113.0,863.5384615384615,774.6923076923077,152.0,95.39999999999998,1018.5,645.6,133.4000000000001,91.0,1510.392405063291,1055.506329113924,100.72151898734182,106.42857142857133,1196.2857142857142,1228.7142857142858,132.71428571428578,36.0,2389.5714285714284,892.8571428571429,38.0
596,124.5,2416.25,891.0,182.0,113.99999999999994,1830.7391304347825,436.69565217391306,113.52173913043498,109.0,2373.4285714285716,834.4285714285714,136.28571428571422,113.0,1353.4166666666667,1677.8333333333333,128.08333333333326,96.5,2050.0,1232.0,126.5,117.57142857142856,1223.857142857143,725.2857142857143,146.8571428571429,113.0,854.6923076923077,780.4615384615385,152.0,95.79999999999995,1012.25,647.2,134.79999999999995,91.0,1506.3417721518988,1056.2151898734178,101.5316455696202,106.57142857142867,1194.7142857142858,1229.7857142857142,134.28571428571422,36.0,2385.8571428571427,894.2857142857143,38.0
597,129.0,2402.0,886.0,188.0,113.5,1826.7826086956522,436.9130434782609,112.93478260869551,112.0,2363.0,834.0,143.0,113.0,1346.625,1678.25,129.125,97.75,2045.3333333333333,1232.1666666666667,126.25000000000023,117.64285714285711,1220.7142857142858,723.0714285714286,146.71428571428555,113.0,845.8461538461538,786.2307692307693,152.0,96.20000000000005,1006.0,648.8,136.20000000000005,91.0,1502.2911392405063,1056.9240506329113,102.3417721518988,106.71428571428578,1193.142857142857,1230.857142857143,135.8571428571429,36.0,2382.1428571428573,895.7142857142857,38.0
598,138.66666666666663,2388.0,881.0,182.33333333333348,113.00000000000006,1822.8260869565217,437.1304347826087,112.3478260869565,110.33333333333337,2360.6666666666665,835.0,140.33333333333348,113.0,1339.8333333333333,1678.6666666666667,130.16666666666674,99.0,2040.6666666666667,1232.3333333333333,125.99999999999977,117.71428571428567,1217.5714285714287,720.8571428571429,146.57142857142844,113.0,837.0,792.0,152.0,96.60000000000002,999.75,650.4,137.5999999999999,91.0,1498.240506329114,1057.632911392405,103.15189873417717,106.85714285714289,1191.5714285714287,1231.9285714285713,137.42857142857133,36.0,2378.4285714285716,897.1428571428571,38.0
599,148.33333333333326,2374.0,876.0,176.66666666666652,112.5,1818.8695652173913,437.3478260869565,111.76086956521749,108.66666666666663,2358.3333333333335,836.0,137.66666666666652,113.0,1333.0416666666667,1679.0833333333333,131.20833333333326,100.25,2036.0,1232.5,125.75,117.78571428571433,1214.4285714285713,718.6428571428571,146.42857142857156,110.4545454545455,832.8181818181819,798.2727272727273,150.72727272727263,97.0,993.5,652.0,139.0,91.0,1494.1898734177216,1058.3417721518988,103.96202531645554,107.0,1190.0,1233.0,139.0,36.0,2374.714285714286,898.5714285714286,38.0
600,158.0,2360.0,871.0,171.0,112.0,1814.913043478261,437.5652173913044,111.17391304347802,107.0,2356.0,837.0,135.0,113.0,1326.25,1679.5,132.25,101.5,2031.3333333333333,1232.6666666666667,125.50000000000023,117.85714285714289,1211.2857142857142,716.4285714285714,146.28571428571445,107.90909090909099,828.6363636363636,804.5454545454545,149.4545454545455,97.39999999999998,987.25,653.6,140.4000000000001,91.0,1490.139240506329,1059.0506329113923,104.77215189873414,107.0740740740739,1185.1851851851852,1234.6666666666667,140.55555555555543,36.0,2371.0,900.0,38.0
601,141.0,2367.0,884.0,142.0,111.49999999999994,1810.9565217391305,437.7826086956522,110.58695652173901,104.0,2344.5,838.0,135.5,113.0,1319.4583333333333,1679.9166666666667,133.29166666666674,102.75,2026.6666666666667,1232.8333333333333,125.24999999999977,117.92857142857144,1208.142857142857,714.2142857142857,146.1428571428571,105.36363636363626,824.4545454545455,810.8181818181819,148.18181818181813,97.79999999999995,981.0,655.2,141.79999999999995,91.0,1486.0886075949368,1059.759493670886,105.58227848101251,107.14814814814827,1180.3703703703704,1236.3333333333333,142.1111111111111,36.0,2361.25,895.5,38.0
602,124.0,2374.0,897.0,113.0,111.0,1807.0,438.0,110.0,101.0,2333.0,839.0,136.0,113.0,1312.6666666666667,1680.3333333333333,134.33333333333326,104.0,2022.0,1233.0,125.0,118.0,1205.0,712.0,146.0,102.81818181818176,820.2727272727273,817.0909090909091,146.90909090909088,98.20000000000005,974.75,656.8,143.20000000000005,91.0,1482.0379746835442,1060.4683544303798,106.39240506329111,107.22222222222217,1175.5555555555557,1238.0,143.66666666666652,36.0,2351.5,891.0,38.0
603,123.9230769230769,2357.6153846153848,893.1538461538462,114.92307692307668,111.0,1803.490909090909,438.25454545454545,110.0,98.0,2321.5,840.0,136.5,113.0,1305.875,1680.75,135.375,103.95652173913027,2017.695652173913,1233.4347826086957,123.52173913043498,118.0,1201.857142857143,711.2142857142857,145.8571428571429,100.27272727272725,816.0909090909091,823.3636363636364,145.63636363636363,98.60000000000002,968.5,658.4,144.5999999999999,91.0,1477.987341772152,1061.1772151898733,107.2025316455697,107.2962962962963,1170.7407407407406,1239.6666666666667,145.2222222222224,36.0,2341.75,886.5,38.0
604,123.84615384615392,2341.230769230769,889.3076923076923,116.84615384615381,111.0,1799.9818181818182,438.5090909090909,110.0,95.0,2310.0,841.0,137.0,113.0,1299.0833333333333,1681.1666666666667,136.41666666666674,103.91304347826099,2013.391304347826,1233.8695652173913,122.0434782608695,118.0,1198.7142857142858,710.4285714285714,145.71428571428555,97.72727272727275,811.9090909090909,829.6363636363636,144.36363636363637,99.0,962.25,660.0,146.0,91.0,1473.9367088607596,1061.886075949367,108.01265822784808,107.37037037037044,1165.9259259259259,1241.3333333333333,146.77777777777783,36.0,2332.0,882.0,38.0
605,123.76923076923083,2324.846153846154,885.4615384615385,118.76923076923094,111.0,1796.4727272727273,438.76363636363635,110.0,102.16666666666663,2305.0,835.5,136.33333333333348,113.0,1292.2916666666667,1681.5833333333333,137.45833333333326,103.86956521739125,2009.0869565217392,1234.304347826087,120.56521739130426,118.0,1195.5714285714287,709.6428571428571,145.57142857142844,95.18181818181824,807.7272727272727,835.9090909090909,143.09090909090912,99.39999999999998,956.0,661.6,147.4000000000001,91.0,1469.886075949367,1062.5949367088608,108.82278481012668,107.44444444444434,1161.111111111111,1243.0,148.33333333333326,36.0,2319.1666666666665,866.8333333333334,38.0
606,123.69230769230762,2308.4615384615386,881.6153846153846,120.69230769230762,111.0,1792.9636363636364,439.0181818181818,110.0,109.33333333333337,2300.0,830.0,135.66666666666652,113.0,1285.5,1682.0,138.5,103.82608695652175,2004.7826086956522,1234.7391304347825,119.08695652173924,118.0,1192.4285714285713,708.8571428571429,145.42857142857156,92.63636363636374,803.5454545454545,842.1818181818181,141.81818181818187,99.79999999999995,949.75,663.2,148.79999999999995,91.0,1465.8354430379748,1063.3037974683543,109.63291139240505,107.51851851851848,1156.2962962962963,1244.6666666666667,149.8888888888889,36.0,2306.3333333333335,851.6666666666666,38.0
607,123.61538461538464,2292.076923076923,877.7692307692307,122.61538461538476,111.0,1789.4545454545455,439.27272727272725,110.0,116.5,2295.0,824.5,135.0,113.0,1278.7083333333333,1682.4166666666667,139.54166666666674,103.78260869565224,2000.4782608695652,1235.1739130434783,117.60869565217376,118.0,1189.2857142857142,708.0714285714286,145.28571428571445,90.09090909090901,799.3636363636364,848.4545454545455,140.5454545454545,100.20000000000005,943.5,664.8,150.20000000000005,91.0,1461.7848101265822,1064.012658227848,110.44303797468365,107.59259259259261,1151.4814814814815,1246.3333333333333,151.44444444444434,36.0,2293.5,836.5,38.0
608,123.53846153846155,2275.6923076923076,873.9230769230769,124.53846153846143,111.0,1785.9454545454546,439.5272727272727,110.0,123.66666666666663,2290.0,819.0,134.33333333333348,113.0,1271.9166666666667,1682.8333333333333,140.58333333333326,103.73913043478251,1996.1739130434783,1235.608695652174,116.13043478260875,118.0,1186.142857142857,707.2857142857143,145.1428571428571,87.5454545454545,795.1818181818181,854.7272727272727,139.27272727272737,100.60000000000002,937.25,666.4,151.5999999999999,91.0,1457.73417721519,1064.7215189873418,111.25316455696202,107.66666666666674,1146.6666666666667,1248.0,153.0,36.0,2280.6666666666665,821.3333333333334,38.0
609,123.46153846153845,2259.3076923076924,870.0769230769231,126.46153846153857,110.99999999999994,1782.4363636363637,439.7818181818182,110.0,130.83333333333337,2285.0,813.5,133.66666666666652,113.0,1265.125,1683.25,141.625,103.695652173913,1991.8695652173913,1236.0434782608695,114.65217391304373,118.0,1183.0,706.5,145.0,85.0,791.0,861.0,138.0,101.0,931.0,668.0,153.0,91.0,1453.6835443037976,1065.4303797468353,112.06329113924039,107.74074074074065,1141.851851851852,1249.6666666666667,154.55555555555543,36.0,2267.8333333333335,806.1666666666666,38.0
610,123.38461538461536,2242.923076923077,866.2307692307693,128.38461538461524,110.99999999999994,1778.9272727272728,440.03636363636366,110.0,138.0,2280.0,808.0,133.0,113.0,1258.3333333333333,1683.6666666666667,142.66666666666674,103.6521739130435,1987.5652173913043,1236.4782608695652,113.17391304347825,118.0,1179.857142857143,705.7142857142857,144.8571428571429,92.0,785.25,864.75,141.5,101.19230769230762,927.4615384615385,669.7307692307693,152.42307692307702,91.0,1449.632911392405,1066.139240506329,112.87341772151899,107.81481481481478,1137.037037037037,1251.3333333333333,156.1111111111113,36.0,2255.0,791.0,38.0
611,123.30769230769238,2226.5384615384614,862.3846153846154,130.30769230769238,110.99999999999994,1775.418181818182,440.2909090909091,110.0,143.60000000000002,2272.0,807.4,136.80000000000018,113.0,1251.5416666666667,1684.0833333333333,143.70833333333326,103.60869565217399,1983.2608695652175,1236.9130434782608,111.695652173913,118.0,1176.7142857142858,704.9285714285714,144.71428571428555,99.0,779.5,868.5,145.0,101.38461538461536,923.9230769230769,671.4615384615385,151.8461538461538,91.0,1445.5822784810127,1066.8481012658228,113.68354430379736,107.88888888888891,1132.2222222222222,1253.0,157.66666666666674,36.0,2249.2,781.4,38.0
612,123.23076923076917,2210.153846153846,858.5384615384615,132.23076923076906,110.99999999999994,1771.909090909091,440.54545454545456,110.0,149.20000000000005,2264.0,806.8,140.5999999999999,113.0,1244.75,1684.5,144.75,103.56521739130426,1978.9565217391305,1237.3478260869565,110.21739130434798,118.0,1173.5714285714287,704.1428571428571,144.57142857142844,106.0,773.75,872.25,148.5,101.57692307692298,920.3846153846154,673.1923076923077,151.26923076923083,91.0,1441.5316455696202,1067.5569620253164,114.49367088607596,107.96296296296282,1127.4074074074074,1254.6666666666667,159.22222222222217,36.0,2243.4,771.8,38.0
613,123.15384615384608,2193.769230769231,854.6923076923077,134.1538461538462,110.99999999999994,1768.4,440.8,110.0,154.79999999999995,2256.0,806.2,144.4000000000001,113.0,1237.9583333333333,1684.9166666666667,145.79166666666674,103.52173913043475,1974.6521739130435,1237.7826086956522,108.73913043478251,118.0,1170.4285714285713,703.3571428571429,144.42857142857156,113.0,768.0,876.0,152.0,101.76923076923083,916.8461538461538,674.9230769230769,150.69230769230762,91.0,1437.4810126582279,1068.26582278481,115.30379746835433,108.03703703703718,1122.5925925925926,1256.3333333333333,160.77777777777783,36.0,2237.6,762.2,38.0
614,123.0769230769231,2177.3846153846152,850.8461538461538,136.07692307692332,110.99999999999994,1764.8909090909092,441.05454545454546,110.0,160.39999999999998,2248.0,805.6,148.19999999999982,113.0,1231.1666666666667,1685.3333333333333,146.83333333333326,103.47826086956525,1970.3478260869565,1238.2173913043478,107.26086956521749,118.0,1167.2857142857142,702.5714285714286,144.28571428571445,113.304347826087,767.3913043478261,878.9565217391304,151.30434782608688,101.96153846153845,913.3076923076923,676.6538461538462,150.11538461538464,91.0,1433.4303797468356,1068.9746835443038,116.1139240506327,108.11111111111109,1117.7777777777778,1258.0,162.33333333333326,36.0,2231.8,752.6,38.0
615,123.0,2161.0,847.0,138.0,110.99999999999994,1761.3818181818183,441.3090909090909,110.0,166.0,2240.0,805.0,152.0,113.0,1224.375,1685.75,147.875,103.43478260869574,1966.0434782608695,1238.6521739130435,105.78260869565247,118.0,1164.142857142857,701.7857142857143,144.1428571428571,113.60869565217388,766.7826086956521,881.9130434782609,150.608695652174,102.15384615384619,909.7692307692307,678.3846153846154,149.53846153846166,91.0,1429.379746835443,1069.6835443037974,116.9240506329113,108.18518518518522,1112.962962962963,1259.6666666666667,163.8888888888889,36.0,2226.0,743.0,38.0
616,120.5,2149.5,845.125,134.125,111.00000000000006,1757.8727272727274,441.56363636363636,110.0,152.5,2233.5,811.0,157.0,113.0,1217.5833333333333,1686.1666666666667,148.91666666666674,103.39130434782601,1961.7391304347825,1239.0869565217392,104.304347826087,118.0,1161.0,701.0,144.0,113.91304347826087,766.1739130434783,884.8695652173913,149.91304347826087,102.34615384615381,906.2307692307693,680.1153846153846,148.96153846153834,91.0,1425.3291139240507,1070.392405063291,117.73417721518967,108.25925925925935,1108.1481481481483,1261.3333333333333,165.44444444444434,36.0,2223.5,736.375,38.0
617,118.0,2138.0,843.25,130.25,111.00000000000006,1754.3636363636363,441.8181818181818,110.0,139.0,2227.0,817.0,162.0,113.0,1210.7916666666667,1686.5833333333333,149.95833333333326,103.3478260869565,1957.4347826086957,1239.5217391304348,102.82608695652175,118.0,1159.3461538461538,699.4615384615385,143.8269230769231,114.21739130434787,765.5652173913044,887.8260869565217,149.21739130434776,102.53846153846155,902.6923076923077,681.8461538461538,148.38461538461536,91.0,1421.2784810126582,1071.1012658227849,118.5443037974685,108.33333333333326,1103.3333333333333,1263.0,167.0,36.0,2221.0,729.75,38.0
618,115.5,2126.5,841.375,126.375,111.00000000000006,1750.8545454545454,442.07272727272726,110.0,141.66666666666674,2221.1666666666665,813.1666666666666,158.5,113.0,1204.0,1687.0,151.0,103.304347826087,1953.1304347826087,1239.9565217391305,101.34782608695627,118.0,1157.6923076923076,697.9230769230769,143.6538461538462,114.52173913043487,764.9565217391304,890.7826086956521,148.52173913043487,102.73076923076917,899.1538461538462,683.5769230769231,147.80769230769238,91.0,1417.2278481012659,1071.8101265822784,119.35443037974687,108.40740740740739,1098.5185185185185,1264.6666666666667,168.55555555555566,36.0,2218.5,723.125,38.0
619,113.0,2115.0,839.5,122.5,111.00000000000006,1747.3454545454545,442.3272727272727,110.0,144.33333333333326,2215.3333333333335,809.3333333333334,155.0,112.86206896551721,1199.5862068965516,1687.0344827586207,151.1724137931035,103.26086956521749,1948.8260869565217,1240.391304347826,99.86956521739125,118.0,1156.0384615384614,696.3846153846154,143.48076923076928,114.82608695652175,764.3478260869565,893.7391304347826,147.82608695652175,102.92307692307702,895.6153846153846,685.3076923076923,147.23076923076917,91.0,1413.1772151898736,1072.5189873417721,120.16455696202524,108.48148148148152,1093.7037037037037,1266.3333333333333,170.1111111111111,36.0,2216.0,716.5,38.0
620,110.5,2103.5,837.625,118.625,111.00000000000006,1743.8363636363636,442.58181818181816,110.0,147.0,2209.5,805.5,151.5,112.72413793103442,1195.1724137931035,1687.0689655172414,151.34482758620675,103.21739130434776,1944.5217391304348,1240.8260869565217,98.39130434782601,118.0,1154.3846153846155,694.8461538461538,143.30769230769215,115.13043478260875,763.7391304347826,896.695652173913,147.13043478260863,103.11538461538464,892.0769230769231,687.0384615384615,146.6538461538462,91.0,1409.126582278481,1073.2278481012659,120.97468354430384,108.55555555555566,1088.888888888889,1268.0,171.66666666666674,36.0,2213.5,709.875,38.0
621,108.0,2092.0,835.75,114.75,111.00000000000006,1740.3272727272727,442.8363636363636,110.0,149.66666666666674,2203.6666666666665,801.6666666666666,148.0,112.58620689655163,1190.7586206896551,1687.103448275862,151.51724137931046,103.17391304347825,1940.2173913043478,1241.2608695652175,96.91304347826099,118.0,1152.7307692307693,693.3076923076923,143.13461538461524,115.43478260869563,763.1304347826087,899.6521739130435,146.43478260869563,103.30769230769238,888.5384615384615,688.7692307692307,146.07692307692298,91.0,1405.0759493670887,1073.9367088607596,121.78481012658222,108.62962962962956,1084.0740740740741,1269.6666666666667,173.22222222222217,36.0,2211.0,703.25,38.0
622,105.5,2080.5,833.875,110.875,111.00000000000006,1736.8181818181818,443.09090909090907,110.0,152.33333333333326,2197.8333333333335,797.8333333333334,144.5,112.44827586206884,1186.344827586207,1687.1379310344828,151.68965517241372,103.13043478260875,1935.913043478261,1241.695652173913,95.43478260869551,118.0,1151.076923076923,691.7692307692307,142.96153846153834,115.73913043478262,762.5217391304348,902.6086956521739,145.73913043478262,103.5,885.0,690.5,145.5,91.0,1401.0253164556962,1074.6455696202531,122.59493670886081,108.7037037037037,1079.2592592592594,1271.3333333333333,174.7777777777776,36.0,2208.5,696.625,38.0
623,103.0,2069.0,832.0,107.0,111.0,1733.3090909090909,443.3454545454546,110.0,155.0,2192.0,794.0,141.0,112.31034482758628,1181.9310344827586,1687.1724137931035,151.8620689655172,103.08695652173901,1931.608695652174,1242.1304347826087,93.95652173913027,118.0,1149.423076923077,690.2307692307693,142.78846153846166,116.0434782608695,761.9130434782609,905.5652173913044,145.0434782608695,103.69230769230762,881.4615384615385,692.2307692307693,144.92307692307702,91.0,1396.9746835443038,1075.3544303797469,123.40506329113919,108.77777777777783,1074.4444444444443,1273.0,176.33333333333348,36.0,2206.0,690.0,38.0
624,105.0,2051.25,828.25,118.5,111.0,1729.8,443.6,110.0,157.75,2185.25,784.75,137.75,112.17241379310349,1177.5172413793102,1687.2068965517242,152.0344827586207,103.04347826086973,1927.304347826087,1242.5652173913043,92.47826086956525,118.0,1147.7692307692307,688.6923076923077,142.61538461538476,116.3478260869565,761.304347826087,908.5217391304348,144.3478260869565,103.88461538461536,877.9230769230769,693.9615384615385,144.3461538461538,91.0,1392.9240506329113,1076.0632911392404,124.21518987341778,108.85185185185173,1069.6296296296296,1274.6666666666667,177.8888888888889,36.0,2202.6,683.6,38.0
625,107.0,2033.5,824.5,130.0,111.0,1726.290909090909,443.8545454545455,110.0,160.5,2178.5,775.5,134.5,112.0344827586207,1173.103448275862,1687.2413793103449,152.20689655172418,103.0,1923.0,1243.0,91.0,118.0,1146.1153846153845,687.1538461538462,142.44230769230785,116.6521739130435,760.695652173913,911.4782608695652,143.6521739130435,104.07692307692298,874.3846153846154,695.6923076923077,143.76923076923083,91.0,1388.873417721519,1076.7721518987341,125.02531645569616,108.9259259259261,1064.8148148148148,1276.3333333333333,179.44444444444457,36.0,2199.2,677.2,38.0
626,109.0,2015.75,820.75,141.5,111.0,1722.7818181818182,444.1090909090909,110.0,163.25,2171.75,766.25,131.25,111.89655172413791,1168.6896551724137,1687.2758620689656,152.37931034482767,103.0,1918.388888888889,1242.138888888889,91.77777777777783,118.0,1144.4615384615386,685.6153846153846,142.26923076923072,116.95652173913038,760.0869565217391,914.4347826086956,142.9565217391305,104.26923076923083,870.8461538461538,697.4230769230769,143.19230769230774,91.0,1384.8227848101264,1077.4810126582279,125.83544303797476,109.0,1060.0,1278.0,181.0,36.0,2195.8,670.8,38.0
627,111.0,1998.0,817.0,153.0,111.0,1719.2727272727273,444.3636363636364,110.0,166.0,2165.0,757.0,128.0,111.75862068965512,1164.2758620689656,1687.3103448275863,152.55172413793093,103.0,1913.7777777777778,1241.2777777777778,92.55555555555543,118.0,1142.8076923076924,684.0769230769231,142.0961538461538,117.26086956521738,759.4782608695652,917.3913043478261,142.26086956521738,104.46153846153845,867.3076923076923,699.1538461538462,142.61538461538464,91.0,1380.7721518987341,1078.1898734177216,126.64556962025313,108.125,1058.25,1280.5625,180.0,36.0,2192.4,664.4,38.0
628,110.66666666666674,1983.6666666666667,811.6666666666666,144.33333333333326,111.0,1715.7636363636364,444.6181818181818,110.0,161.71428571428578,2160.8571428571427,750.1428571428571,124.42857142857156,111.62068965517233,1159.8620689655172,1687.344827586207,152.72413793103442,103.0,1909.1666666666667,1240.4166666666667,93.33333333333326,118.0,1141.1538461538462,682.5384615384615,141.9230769230769,117.56521739130426,758.8695652173913,920.3478260869565,141.56521739130437,104.65384615384619,863.7692307692307,700.8846153846154,142.03846153846155,91.0,1376.7215189873418,1078.8987341772151,127.4556962025315,107.25,1056.5,1283.125,179.0,36.0,2189.0,658.0,38.0
629,110.33333333333326,1969.3333333333333,806.3333333333334,135.66666666666674,111.0,1712.2545454545455,444.8727272727273,110.0,157.42857142857133,2156.714285714286,743.2857142857143,120.85714285714266,111.48275862068954,1155.448275862069,1687.3793103448277,152.8965517241379,103.0,1904.5555555555557,1239.5555555555557,94.11111111111109,118.0,1139.5,681.0,141.75,117.86956521739125,758.2608695652174,923.304347826087,140.86956521739137,104.84615384615381,860.2307692307693,702.6153846153846,141.46153846153845,91.0,1372.6708860759493,1079.607594936709,128.26582278481033,106.375,1054.75,1285.6875,178.0,36.0,2184.8333333333335,653.5,38.0
630,110.0,1955.0,801.0,127.0,111.0,1708.7454545454545,445.1272727272727,110.0,153.1428571428571,2152.5714285714284,736.4285714285714,117.28571428571422,111.34482758620675,1151.0344827586207,1687.4137931034484,153.0689655172414,103.0,1899.9444444444443,1238.6944444444443,94.88888888888891,118.0,1137.8461538461538,679.4615384615385,141.5769230769231,118.17391304347836,757.6521739130435,926.2608695652174,140.17391304347825,105.03846153846155,856.6923076923077,704.3461538461538,140.88461538461536,91.0,1368.620253164557,1080.3164556962026,129.0759493670887,105.5,1053.0,1288.25,177.0,36.0,2180.6666666666665,649.0,38.0
631,105.5,1948.25,801.25,126.0,111.0,1705.2363636363636,445.3818181818182,110.0,148.8571428571429,2148.4285714285716,729.5714285714286,113.71428571428578,111.20689655172396,1146.6206896551723,1687.448275862069,153.24137931034488,103.0,1895.3333333333333,1237.8333333333333,95.66666666666674,118.0,1136.1923076923076,677.9230769230769,141.4038461538462,118.47826086956513,757.0434782608696,929.2173913043479,139.47826086956513,105.23076923076917,853.1538461538462,706.0769230769231,140.30769230769226,91.0,1364.5696202531644,1081.0253164556962,129.8860759493673,104.625,1051.25,1290.8125,176.0,36.0,2176.5,644.5,38.0
632,101.0,1941.5,801.5,125.0,111.0,1701.7272727272727,445.6363636363636,110.0,144.57142857142867,2144.285714285714,722.7142857142857,110.14285714285734,111.06896551724117,1142.2068965517242,1687.4827586206898,153.41379310344814,103.0,1890.7222222222222,1236.9722222222222,96.44444444444457,118.0,1134.5384615384614,676.3846153846154,141.23076923076928,118.78260869565224,756.4347826086956,932.1739130434783,138.78260869565224,105.42307692307702,849.6153846153846,707.8076923076923,139.73076923076917,91.0,1360.5189873417721,1081.73417721519,130.69620253164567,103.75,1049.5,1293.375,175.0,36.0,2172.3333333333335,640.0,38.0
633,96.5,1934.75,801.75,124.0,111.0,1698.2181818181818,445.8909090909091,110.0,140.28571428571422,2140.1428571428573,715.8571428571429,106.57142857142844,110.93103448275883,1137.7931034482758,1687.5172413793102,153.58620689655186,103.0,1886.111111111111,1236.111111111111,97.22222222222217,118.0,1132.8846153846155,674.8461538461538,141.05769230769215,119.08695652173901,755.8260869565217,935.1304347826087,138.08695652173913,105.61538461538464,846.0769230769231,709.5384615384615,139.1538461538462,91.0,1356.4683544303798,1082.4430379746836,131.50632911392404,102.875,1047.75,1295.9375,174.0,36.0,2168.1666666666665,635.5,38.0
634,92.0,1928.0,802.0,123.0,111.0,1694.709090909091,446.1454545454545,110.0,136.0,2136.0,709.0,103.0,110.79310344827604,1133.3793103448277,1687.551724137931,153.75862068965512,103.0,1881.5,1235.25,98.0,118.0,1131.2307692307693,673.3076923076923,140.88461538461524,119.39130434782612,755.2173913043479,938.0869565217391,137.391304347826,105.80769230769238,842.5384615384615,711.2692307692307,138.5769230769231,91.0,1352.4177215189873,1083.1518987341772,132.31645569620264,102.0,1046.0,1298.5,173.0,36.0,2164.0,631.0,38.0
635,95.83333333333337,1914.0,796.6666666666666,121.33333333333326,111.0,1691.2,446.4,110.0,135.60000000000002,2127.2,699.8,105.20000000000027,110.65517241379325,1128.9655172413793,1687.5862068965516,153.9310344827586,103.0,1876.888888888889,1234.388888888889,98.77777777777783,118.0,1129.576923076923,671.7692307692307,140.71153846153834,119.695652173913,754.6086956521739,941.0434782608695,136.69565217391312,106.0,839.0,713.0,138.0,91.0,1348.367088607595,1083.860759493671,133.126582278481,101.125,1044.25,1301.0625,172.0,36.0,2159.5,627.5,38.0
636,99.66666666666663,1900.0,791.3333333333334,119.66666666666674,111.0,1687.6909090909091,446.6545454545454,110.0,135.19999999999993,2118.4,690.6,107.40000000000009,110.51724137931046,1124.551724137931,1687.6206896551723,154.1034482758621,103.0,1872.2777777777778,1233.5277777777778,99.55555555555543,118.0,1127.923076923077,670.2307692307693,140.53846153846166,120.0,754.0,944.0,136.0,106.0,837.4418604651163,713.5348837209302,138.0,91.0,1344.3164556962024,1084.5696202531647,133.9367088607596,100.25,1042.5,1303.625,171.0,36.0,2155.0,624.0,38.0
637,103.5,1886.0,786.0,118.0,110.99999999999994,1684.1818181818182,446.90909090909093,110.0,134.80000000000007,2109.6,681.4,109.59999999999991,110.37931034482767,1120.1379310344828,1687.655172413793,154.27586206896558,103.0,1867.6666666666667,1232.6666666666667,100.33333333333326,118.0,1126.2692307692307,668.6923076923077,140.36538461538476,119.695652173913,754.304347826087,945.1304347826087,136.695652173913,106.0,835.8837209302326,714.0697674418604,138.0,91.0,1340.26582278481,1085.2784810126582,134.74683544303798,99.375,1040.75,1306.1875,170.0,36.0,2150.5,620.5,38.0
638,107.33333333333337,1872.0,780.6666666666666,116.33333333333326,110.99999999999994,1680.6727272727273,447.1636363636364,110.0,134.39999999999998,2100.8,672.2,111.79999999999973,110.24137931034488,1115.7241379310344,1687.6896551724137,154.44827586206907,103.0,1863.0555555555557,1231.8055555555557,101.11111111111109,118.0,1124.6153846153845,667.1538461538462,140.19230769230785,119.39130434782612,754.6086956521739,946.2608695652174,137.39130434782612,106.0,834.3255813953489,714.6046511627907,138.0,91.0,1336.2151898734178,1085.987341772152,135.55696202531635,98.5,1039.0,1308.75,169.0,36.0,2146.0,617.0,38.0
639,111.16666666666663,1858.0,775.3333333333334,114.66666666666674,110.99999999999994,1677.1636363636364,447.41818181818184,110.0,134.0,2092.0,663.0,114.0,110.10344827586209,1111.3103448275863,1687.7241379310344,154.62068965517233,103.0,1858.4444444444443,1230.9444444444443,101.88888888888891,118.0,1122.9615384615386,665.6153846153846,140.01923076923072,119.08695652173913,754.9130434782609,947.3913043478261,138.08695652173913,106.0,832.7674418604652,715.1395348837209,138.0,91.0,1332.1645569620252,1086.6962025316457,136.36708860759495,97.625,1037.25,1311.3125,168.0,36.0,2141.5,613.5,38.0
640,115.0,1844.0,770.0,113.0,110.99999999999994,1673.6545454545455,447.6727272727273,110.0,136.42857142857144,2088.1428571428573,653.1428571428571,113.21428571428532,109.9655172413793,1106.896551724138,1687.7586206896551,154.79310344827582,103.0,1853.8333333333333,1230.0833333333333,102.66666666666674,118.0,1121.3076923076924,664.0769230769231,139.8461538461538,118.78260869565224,755.2173913043479,948.5217391304348,138.78260869565213,106.0,831.2093023255813,715.6744186046511,138.0,91.0,1328.113924050633,1087.4050632911392,137.17721518987332,96.75,1035.5,1313.875,167.0,36.0,2137.0,610.0,38.0
641,115.0,1830.56,768.44,114.44000000000005,110.99999999999994,1670.1454545454546,447.92727272727274,110.0,138.85714285714278,2084.285714285714,643.2857142857143,112.42857142857156,109.82758620689651,1102.4827586206898,1687.7931034482758,154.9655172413793,103.0,1849.2222222222222,1229.2222222222222,103.44444444444457,118.0,1119.6538461538462,662.5384615384615,139.6730769230769,118.47826086956525,755.5217391304348,949.6521739130435,139.47826086956525,106.0,829.6511627906976,716.2093023255813,138.0,91.0,1324.0632911392404,1088.113924050633,137.98734177215192,95.875,1033.75,1316.4375,166.0,36.0,2133.222222222222,604.2222222222222,38.0
642,115.0,1817.12,766.88,115.88000000000011,110.99999999999994,1666.6363636363635,448.1818181818182,110.0,141.28571428571422,2080.4285714285716,633.4285714285714,111.64285714285688,109.68965517241372,1098.0689655172414,1687.8275862068965,155.1379310344828,103.0,1844.611111111111,1228.361111111111,104.22222222222217,118.0,1118.0,661.0,139.5,118.17391304347836,755.8260869565217,950.7826086956521,140.17391304347825,106.0,828.0930232558139,716.7441860465116,138.0,91.0,1320.012658227848,1088.8227848101267,138.7974683544303,95.0,1032.0,1319.0,165.0,36.0,2129.4444444444443,598.4444444444445,38.0
643,115.0,1803.68,765.32,117.31999999999994,111.00000000000006,1663.1272727272726,448.43636363636364,110.0,143.71428571428578,2076.5714285714284,623.5714285714286,110.85714285714312,109.55172413793116,1093.655172413793,1687.8620689655172,155.31034482758628,103.0,1840.0,1227.5,105.0,118.0,1116.3461538461538,659.4615384615385,139.3269230769231,117.86956521739137,756.1304347826087,951.9130434782609,140.86956521739125,106.0,826.5348837209302,717.2790697674419,138.0,91.0,1315.9620253164558,1089.5316455696202,139.60759493670867,95.63636363636351,1028.090909090909,1319.4545454545455,164.54545454545473,36.0,2125.6666666666665,592.6666666666666,38.0
644,115.0,1790.24,763.76,118.75999999999999,111.00000000000006,1659.6181818181817,448.6909090909091,110.0,146.14285714285722,2072.714285714286,613.7142857142857,110.07142857142844,109.41379310344837,1089.2413793103449,1687.896551724138,155.48275862068954,103.0,1835.388888888889,1226.638888888889,105.77777777777783,118.0,1114.6923076923076,657.9230769230769,139.1538461538462,117.56521739130437,756.4347826086956,953.0434782608696,141.56521739130437,106.0,824.9767441860465,717.8139534883721,138.0,91.0,1311.9113924050632,1090.240506329114,140.4177215189875,96.27272727272725,1024.1818181818182,1319.909090909091,164.090909090909,36.0,2121.8888888888887,586.8888888888889,38.0
645,115.0,1776.8,762.2,120.20000000000005,111.00000000000006,1656.1090909090908,448.94545454545454,110.0,148.57142857142856,2068.8571428571427,603.8571428571429,109.28571428571468,109.27586206896558,1084.8275862068965,1687.9310344827586,155.65517241379325,103.0,1830.7777777777778,1225.7777777777778,106.55555555555543,118.0,1113.0384615384614,656.3846153846154,138.98076923076928,117.26086956521749,756.7391304347826,954.1739130434783,142.26086956521738,106.0,823.4186046511628,718.3488372093024,138.0,91.0,1307.860759493671,1090.9493670886077,141.22784810126586,96.90909090909099,1020.2727272727273,1320.3636363636363,163.63636363636374,36.0,2118.1111111111113,581.1111111111111,38.0
646,115.0,1763.36,760.64,121.6400000000001,111.00000000000006,1652.6,449.2,110.0,151.0,2065.0,594.0,108.5,109.13793103448279,1080.4137931034484,1687.9655172413793,155.8275862068965,103.0,1826.1666666666667,1224.9166666666667,107.33333333333326,118.0,1111.3846153846155,654.8461538461538,138.80769230769215,116.9565217391305,757.0434782608696,955.304347826087,142.95652173913038,106.0,821.8604651162791,718.8837209302326,138.0,91.0,1303.8101265822784,1091.6582278481012,142.03797468354446,97.5454545454545,1016.3636363636364,1320.8181818181818,163.18181818181813,36.0,2114.3333333333335,575.3333333333334,38.0
647,115.0,1749.92,759.08,123.07999999999993,111.00000000000006,1649.090909090909,449.45454545454544,110.0,153.42857142857144,2061.1428571428573,584.1428571428571,107.71428571428532,109.0,1076.0,1688.0,156.0,103.0,1821.5555555555557,1224.0555555555557,108.11111111111109,118.0,1109.7307692307693,653.3076923076923,138.63461538461524,116.65217391304361,757.3478260869565,956.4347826086956,143.6521739130435,106.0,820.3023255813954,719.4186046511628,138.0,91.0,1299.759493670886,1092.367088607595,142.84810126582283,98.18181818181824,1012.4545454545455,1321.2727272727273,162.72727272727275,36.0,2110.5555555555557,569.5555555555555,38.0
648,115.0,1736.48,757.52,124.51999999999998,111.00000000000006,1645.581818181818,449.7090909090909,110.0,155.8571428571429,2057.285714285714,574.2857142857142,106.92857142857156,108.89473684210543,1073.8947368421052,1686.8947368421052,154.47368421052647,103.0,1816.9444444444443,1223.1944444444443,108.88888888888891,118.0,1108.076923076923,651.7692307692307,138.46153846153834,116.34782608695639,757.6521739130435,957.5652173913044,144.3478260869565,106.0,818.7441860465117,719.953488372093,138.0,91.0,1295.7088607594937,1093.0759493670887,143.6582278481012,98.81818181818176,1008.5454545454545,1321.7272727272727,162.27272727272725,36.0,2106.777777777778,563.7777777777778,38.0
649,115.0,1723.04,755.96,125.96000000000004,111.00000000000006,1642.0727272727272,449.96363636363634,110.0,158.28571428571422,2053.4285714285716,564.4285714285714,106.14285714285688,108.7894736842104,1071.7894736842106,1685.7894736842106,152.9473684210525,103.0,1812.3333333333333,1222.3333333333333,109.66666666666674,118.0,1106.423076923077,650.2307692307693,138.28846153846166,116.0434782608695,757.9565217391304,958.695652173913,145.04347826086962,106.0,817.1860465116279,720.4883720930233,138.0,91.0,1291.6582278481012,1093.7848101265822,144.4683544303798,99.4545454545455,1004.6363636363636,1322.1818181818182,161.81818181818187,36.0,2103.0,558.0,38.0
650,115.0,1709.6,754.4,127.40000000000009,111.00000000000006,1638.5636363636363,450.2181818181818,110.0,160.71428571428578,2049.5714285714284,554.5714285714286,105.35714285714312,108.68421052631584,1069.6842105263158,1684.6842105263158,151.42105263157896,103.0,1807.7222222222222,1221.4722222222222,110.44444444444457,118.0,1104.7692307692307,648.6923076923077,138.11538461538476,115.73913043478251,758.2608695652174,959.8260869565217,145.73913043478262,106.0,815.6279069767442,721.0232558139535,138.0,91.0,1287.607594936709,1094.493670886076,145.27848101265818,100.09090909090901,1000.7272727272727,1322.6363636363637,161.36363636363626,36.0,2099.25,550.5,38.0
651,115.0,1696.16,752.84,128.83999999999992,111.0,1635.0545454545454,450.4727272727273,110.0,163.1428571428571,2045.7142857142858,544.7142857142858,104.57142857142844,108.57894736842104,1067.578947368421,1683.578947368421,149.8947368421052,103.0,1803.111111111111,1220.611111111111,111.22222222222217,118.0,1103.1153846153845,647.1538461538462,137.94230769230785,115.43478260869563,758.5652173913044,960.9565217391304,146.43478260869563,106.0,814.0697674418604,721.5581395348837,138.0,91.0,1283.5569620253164,1095.2025316455697,146.08860759493678,100.72727272727275,996.8181818181818,1323.090909090909,160.909090909091,36.0,2095.5,543.0,38.0
652,115.0,1682.72,751.28,130.27999999999997,111.0,1631.5454545454545,450.72727272727275,110.0,165.57142857142856,2041.857142857143,534.8571428571429,103.78571428571445,108.47368421052647,1065.4736842105262,1682.4736842105262,148.36842105263167,103.0,1798.5,1219.75,112.0,118.0,1101.4615384615386,645.6153846153846,137.76923076923072,115.13043478260863,758.8695652173913,962.0869565217391,147.13043478260875,106.0,812.5116279069767,722.0930232558139,138.0,91.0,1279.506329113924,1095.9113924050632,146.89873417721515,101.36363636363649,992.9090909090909,1323.5454545454545,160.45454545454538,36.0,2091.75,535.5,38.0
653,115.0,1669.28,749.72,131.72000000000003,111.0,1628.0363636363636,450.9818181818182,110.0,168.0,2038.0,525.0,103.0,108.36842105263145,1063.3684210526317,1681.3684210526317,146.8421052631577,103.0,1793.888888888889,1218.888888888889,112.77777777777783,118.0,1099.8076923076924,644.0769230769231,137.5961538461538,114.82608695652164,759.1739130434783,963.2173913043479,147.82608695652175,106.0,810.953488372093,722.6279069767442,138.0,91.0,1275.4556962025317,1096.620253164557,147.70886075949352,102.0,989.0,1324.0,160.0,36.0,2088.0,528.0,38.0
654,115.0,1655.84,748.16,133.16000000000008,111.0,1624.5272727272727,451.23636363636365,110.0,160.25,2032.5,522.25,106.0,108.26315789473688,1061.2631578947369,1680.2631578947369,145.31578947368416,103.0,1789.2777777777778,1218.0277777777778,113.55555555555543,118.0,1098.1538461538462,642.5384615384615,137.4230769230769,114.52173913043475,759.4782608695652,964.3478260869565,148.52173913043475,106.0,809.3953488372093,723.1627906976744,138.0,91.0,1271.4050632911392,1097.3291139240507,148.51898734177212,102.63636363636351,985.0909090909091,1324.4545454545455,159.54545454545462,36.0,2081.5,523.25,38.0
655,115.0,1642.4,746.6,134.5999999999999,111.0,1621.0181818181818,451.4909090909091,110.0,152.5,2027.0,519.5,109.0,108.15789473684208,1059.157894736842,1679.157894736842,143.78947368421063,103.0,1784.6666666666667,1217.1666666666667,114.33333333333326,118.0,1096.5,641.0,137.25,114.21739130434776,759.7826086956521,965.4782608695652,149.21739130434787,106.0,807.8372093023256,723.6976744186046,138.0,91.0,1267.3544303797469,1098.0379746835442,149.32911392405072,103.27272727272725,981.1818181818181,1324.909090909091,159.09090909090912,36.0,2075.0,518.5,38.0
656,115.0,1628.96,745.04,136.03999999999996,111.0,1617.509090909091,451.74545454545455,110.0,144.75,2021.5,516.75,112.0,108.05263157894751,1057.0526315789473,1678.0526315789473,142.26315789473688,103.0,1780.0555555555557,1216.3055555555557,115.11111111111109,118.0,1094.8461538461538,639.4615384615385,137.0769230769231,113.91304347826087,760.0869565217391,966.6086956521739,149.91304347826087,106.0,806.2790697674419,724.2325581395348,138.0,91.0,1263.3037974683543,1098.746835443038,150.13924050632932,103.90909090909099,977.2727272727273,1325.3636363636363,158.63636363636374,36.0,2068.5,513.75,38.0
657,115.0,1615.52,743.48,137.48000000000002,111.0,1614.0,452.0,110.0,137.0,2016.0,514.0,115.0,107.94736842105249,1054.9473684210527,1676.9473684210527,140.73684210526312,103.0,1775.4444444444443,1215.4444444444443,115.88888888888891,118.0,1093.1923076923076,637.9230769230769,136.9038461538462,113.60869565217388,760.3913043478261,967.7391304347826,150.60869565217388,106.0,804.7209302325581,724.7674418604652,138.0,91.0,1259.253164556962,1099.4556962025317,150.9493670886077,104.5454545454545,973.3636363636364,1325.8181818181818,158.18181818181813,36.0,2062.0,509.0,38.0
658,115.0,1602.08,741.92,138.92000000000007,111.0,1613.2666666666667,452.6,110.0,137.5,2013.5,513.5,115.0,107.84210526315792,1052.842105263158,1675.842105263158,139.21052631578937,103.0,1770.8333333333333,1214.5833333333333,116.66666666666674,118.0,1091.5384615384614,636.3846153846154,136.73076923076928,113.304347826087,760.695652173913,968.8695652173913,151.304347826087,106.0,803.1627906976744,725.3023255813954,138.0,91.0,1255.2025316455697,1100.1645569620252,151.75949367088606,105.18181818181824,969.4545454545455,1326.2727272727273,157.72727272727275,36.0,2055.8,506.4,38.0
659,115.0,1588.6399999999999,740.36,140.36000000000013,111.00000000000006,1612.5333333333333,453.2,110.0,138.0,2011.0,513.0,115.0,107.73684210526312,1050.7368421052631,1674.7368421052631,137.68421052631584,103.0,1766.2222222222222,1213.7222222222222,117.44444444444457,118.0,1089.8846153846155,634.8461538461538,136.55769230769215,113.0,761.0,970.0,152.0,106.0,801.6046511627907,725.8372093023256,138.0,91.0,1251.1518987341772,1100.873417721519,152.56962025316466,105.81818181818176,965.5454545454545,1326.7272727272727,157.27272727272725,35.99999999999994,2049.6,503.8,38.0
660,115.0,1575.2,738.8,141.79999999999995,110.99999999999994,1611.8,453.8,110.0,136.61538461538464,2004.2307692307693,508.9230769230769,116.0769230769231,107.63157894736855,1048.6315789473683,1673.6315789473683,136.1578947368423,103.0,1761.611111111111,1212.861111111111,118.22222222222217,118.0,1088.2307692307693,633.3076923076923,136.38461538461524,113.38461538461536,762.5384615384615,968.3076923076923,151.0,106.0,800.046511627907,726.3720930232558,138.0,91.0,1247.1012658227849,1101.5822784810127,153.37974683544303,106.4545454545455,961.6363636363636,1327.1818181818182,156.81818181818187,36.00000000000006,2043.4,501.2,38.0
661,115.0,1561.76,737.24,143.24,111.0,1611.0666666666666,454.4,110.0,135.23076923076923,1997.4615384615386,504.84615384615387,117.15384615384619,107.52631578947353,1046.5263157894738,1672.5263157894738,134.63157894736833,103.0,1757.0,1212.0,119.0,118.0,1086.576923076923,631.7692307692307,136.21153846153834,113.76923076923083,764.0769230769231,966.6153846153846,150.0,106.0,798.4883720930233,726.9069767441861,138.0,91.0,1243.0506329113923,1102.2911392405063,154.18987341772163,107.09090909090901,957.7272727272727,1327.6363636363637,156.36363636363626,36.0,2037.2,498.6,37.99999999999977
662,115.0,1548.32,735.68,144.68000000000006,111.0,1610.3333333333333,455.0,110.0,133.84615384615387,1990.6923076923076,500.7692307692308,118.23076923076951,107.42105263157896,1044.421052631579,1671.421052631579,133.1052631578948,102.86486486486501,1752.6216216216217,1211.8648648648648,118.91891891891896,118.0,1084.923076923077,630.2307692307693,136.03846153846166,114.15384615384619,765.6153846153846,964.9230769230769,149.0,106.0,796.9302325581396,727.4418604651163,138.0,91.0,1239.0,1103.0,155.0,107.72727272727275,953.8181818181819,1328.090909090909,155.90909090909088,36.0,2031.0,496.0,38.0
663,115.0,1534.88,734.12,146.1199999999999,111.0,1609.6,455.6,110.0,132.4615384615385,1983.923076923077,496.6923076923077,119.30769230769215,107.31578947368416,1042.3157894736842,1670.3157894736842,131.57894736842104,102.72972972972957,1748.2432432432433,1211.7297297297298,118.8378378378377,118.0,1083.2692307692307,628.6923076923077,135.86538461538476,114.53846153846143,767.1538461538462,963.2307692307693,148.0,106.0,795.3720930232558,727.9767441860465,138.0,91.61538461538476,1238.3846153846155,1099.6923076923076,151.8461538461538,108.36363636363649,949.9090909090909,1328.5454545454545,155.45454545454538,35.99999999999994,2025.0,492.1666666666667,38.0
664,115.0,1521.44,732.56,147.55999999999995,111.00000000000006,1608.8666666666666,456.2,110.0,131.0769230769231,1977.1538461538462,492.61538461538464,120.38461538461524,107.2105263157896,1040.2105263157894,1669.2105263157894,130.0526315789475,102.59459459459458,1743.8648648648648,1211.5945945945946,118.75675675675689,118.0,1081.6153846153845,627.1538461538462,135.69230769230785,114.92307692307702,768.6923076923077,961.5384615384615,147.0,106.0,793.8139534883721,728.5116279069767,138.0,92.23076923076906,1237.7692307692307,1096.3846153846155,148.69230769230785,109.0,946.0,1329.0,155.0,36.00000000000006,2019.0,488.3333333333333,38.0
665,115.0,1508.0,731.0,149.0,110.99999999999994,1608.1333333333334,456.8,110.0,129.69230769230774,1970.3846153846155,488.53846153846155,121.46153846153834,107.10526315789457,1038.1052631578948,1668.1052631578948,128.52631578947353,102.4594594594596,1739.4864864864865,1211.4594594594594,118.67567567567562,118.0,1079.9615384615386,625.6153846153846,135.51923076923072,115.30769230769238,770.2307692307693,959.8461538461538,146.0,106.0,792.2558139534883,729.046511627907,138.0,92.84615384615381,1237.1538461538462,1093.076923076923,145.53846153846143,109.0,943.95,1329.9,154.54999999999995,36.0,2013.0,484.5,38.0
666,113.88235294117646,1495.5294117647059,730.9411764705883,147.47058823529414,111.0,1607.4,457.4,110.0,128.30769230769226,1963.6153846153845,484.46153846153845,122.53846153846166,107.0,1036.0,1667.0,127.0,102.32432432432438,1735.1081081081081,1211.3243243243244,118.59459459459458,118.0,1078.3076923076924,624.0769230769231,135.3461538461538,115.69230769230762,771.7692307692307,958.1538461538462,145.0,106.0,790.6976744186046,729.5813953488372,138.0,93.46153846153857,1236.5384615384614,1089.7692307692307,142.38461538461547,109.0,941.9,1330.8,154.10000000000002,35.99999999999994,2007.0,480.6666666666667,38.0
667,112.76470588235293,1483.0588235294117,730.8823529411765,145.9411764705883,111.0,1606.6666666666667,458.0,110.0,126.9230769230769,1956.8461538461538,480.38461538461536,123.61538461538476,107.0,1034.6190476190477,1665.2380952380952,127.0,102.18918918918916,1730.7297297297298,1211.1891891891892,118.51351351351354,118.0,1076.6538461538462,622.5384615384615,135.1730769230769,116.07692307692298,773.3076923076923,956.4615384615385,144.0,106.0,789.1395348837209,730.1162790697674,138.0,94.07692307692287,1235.923076923077,1086.4615384615386,139.23076923076928,109.0,939.85,1331.7,153.64999999999998,36.00000000000006,2001.0,476.8333333333333,38.0
668,111.64705882352939,1470.5882352941176,730.8235294117648,144.41176470588243,111.0,1605.9333333333334,458.6,110.0,125.53846153846149,1950.076923076923,476.3076923076923,124.69230769230785,107.0,1033.2380952380952,1663.4761904761904,127.0,102.05405405405418,1726.3513513513512,1211.054054054054,118.4324324324325,118.0,1075.0,621.0,135.0,116.46153846153857,774.8461538461538,954.7692307692307,143.0,106.0,787.5813953488372,730.6511627906976,138.0,94.69230769230762,1235.3076923076924,1083.1538461538462,136.0769230769231,109.0,937.8,1332.6,153.20000000000005,36.0,1995.0,473.0,38.0
669,110.52941176470586,1458.1176470588234,730.7647058823529,142.88235294117658,111.00000000000006,1605.2,459.2,110.0,124.15384615384613,1943.3076923076924,472.2307692307692,125.76923076923049,107.0,1031.857142857143,1661.7142857142858,127.0,101.91891891891896,1721.972972972973,1210.918918918919,118.35135135135147,118.0,1075.9019607843138,620.2156862745098,135.0,116.84615384615381,776.3846153846154,953.0769230769231,142.0,106.0,786.0232558139535,731.1860465116279,138.0,95.30769230769238,1234.6923076923076,1079.8461538461538,132.9230769230769,109.0,935.75,1333.5,152.75,36.0,1984.0,471.75,38.0
670,109.41176470588232,1445.6470588235295,730.7058823529412,141.3529411764705,110.99999999999994,1604.4666666666667,459.8,110.0,122.76923076923077,1936.5384615384614,468.15384615384613,126.84615384615381,107.0,1030.4761904761904,1659.952380952381,127.0,101.78378378378375,1717.5945945945946,1210.7837837837837,118.2702702702702,118.0,1076.8039215686274,619.4313725490196,135.0,117.23076923076917,777.9230769230769,951.3846153846154,141.0,106.0,784.4651162790698,731.7209302325581,138.0,95.92307692307713,1234.076923076923,1076.5384615384614,129.76923076923072,109.0,933.7,1334.4,152.29999999999995,36.0,1973.0,470.5,38.0
671,108.2941176470589,1433.1764705882354,730.6470588235294,139.82352941176464,111.0,1603.7333333333333,460.4,110.0,121.38461538461536,1929.7692307692307,464.0769230769231,127.9230769230769,107.0,1029.095238095238,1658.1904761904761,127.0,101.64864864864853,1713.2162162162163,1210.6486486486488,118.18918918918916,118.0,1077.7058823529412,618.6470588235294,135.0,117.61538461538464,779.4615384615385,949.6923076923077,140.0,106.0,782.9069767441861,732.2558139534884,138.0,96.53846153846143,1233.4615384615386,1073.2307692307693,126.61538461538453,109.0,931.65,1335.3,151.85000000000002,36.0,1962.0,469.25,38.0
672,107.17647058823525,1420.7058823529412,730.5882352941177,138.29411764705878,111.0,1603.0,461.0,110.0,120.0,1923.0,460.0,129.0,107.0,1027.7142857142858,1656.4285714285713,127.0,101.51351351351354,1708.837837837838,1210.5135135135135,118.10810810810813,118.0,1078.6078431372548,617.8627450980392,135.0,118.0,781.0,948.0,139.0,106.0,781.3488372093024,732.7906976744187,138.0,97.15384615384619,1232.8461538461538,1069.923076923077,123.46153846153857,109.0,929.6,1336.2,151.39999999999998,36.0,1951.0,468.0,38.0
673,106.05882352941182,1408.235294117647,730.5294117647059,136.76470588235293,111.00000000000006,1600.5,461.7,110.0,118.5,1910.5,455.0,130.0,107.0,1026.3333333333333,1654.6666666666667,127.0,101.37837837837833,1704.4594594594594,1210.3783783783783,118.02702702702709,118.0,1079.5098039215686,617.0784313725491,135.0,117.30769230769238,782.3846153846154,946.1538461538462,140.76923076923083,106.0,779.7906976744187,733.3255813953489,138.0,97.76923076923094,1232.2307692307693,1066.6153846153845,120.30769230769215,109.0,927.55,1337.1,150.95000000000005,36.0,1936.8,468.6,38.0
674,104.94117647058818,1395.764705882353,730.4705882352941,135.23529411764707,111.0,1598.0,462.4,110.0,117.0,1898.0,450.0,131.0,107.0,1024.952380952381,1652.904761904762,127.0,101.24324324324311,1700.081081081081,1210.2432432432433,117.94594594594605,118.0,1080.4117647058824,616.2941176470588,135.0,116.61538461538464,783.7692307692307,944.3076923076923,142.53846153846155,106.0,778.2325581395348,733.8604651162791,138.0,98.38461538461524,1231.6153846153845,1063.3076923076924,117.15384615384619,109.0,925.5,1338.0,150.5,36.0,1922.6,469.2,38.0
675,103.82352941176475,1383.2941176470588,730.4117647058823,133.70588235294122,111.0,1595.5,463.1,110.0,115.125,1892.75,449.75,130.125,107.0,1023.5714285714286,1651.142857142857,127.00000000000011,101.10810810810813,1695.7027027027027,1210.1081081081081,117.86486486486478,118.0,1081.313725490196,615.5098039215686,135.0,115.92307692307702,785.1538461538462,942.4615384615385,144.30769230769226,106.0,776.6744186046511,734.3953488372093,138.0,99.0,1231.0,1060.0,114.0,109.0,923.45,1338.9,150.04999999999995,36.0,1908.4,469.8,38.0
676,102.7058823529411,1370.8235294117646,730.3529411764706,132.17647058823536,110.99999999999994,1593.0,463.8,110.0,113.25,1887.5,449.5,129.25,107.0,1022.1904761904761,1649.3809523809523,127.0,100.97297297297314,1691.3243243243244,1209.972972972973,117.78378378378375,118.0,1082.2156862745098,614.7254901960785,135.0,115.23076923076917,786.5384615384615,940.6153846153846,146.0769230769231,106.0,775.1162790697674,734.9302325581396,138.0,99.61538461538453,1230.3846153846155,1056.7307692307693,114.34615384615381,109.0,921.4,1339.8,149.60000000000002,36.0,1894.2,470.4,38.0
677,101.58823529411768,1358.3529411764705,730.2941176470588,130.6470588235295,111.0,1590.5,464.5,110.0,111.375,1882.25,449.25,128.375,107.0,1020.8095238095239,1647.6190476190477,127.0,100.8378378378377,1686.9459459459458,1209.837837837838,117.70270270270294,118.0,1083.1176470588234,613.9411764705883,135.0,114.53846153846166,787.9230769230769,938.7692307692307,147.8461538461538,106.0,773.5581395348837,735.4651162790698,138.0,100.23076923076906,1229.7692307692307,1053.4615384615386,114.69230769230785,109.0,919.35,1340.7,149.14999999999998,36.0,1880.0,471.0,38.0
678,100.47058823529414,1345.8823529411766,730.2352941176471,129.11764705882342,111.00000000000006,1588.0,465.2,110.0,109.5,1877.0,449.0,127.5,107.0,1019.4285714285714,1645.857142857143,126.99999999999989,100.70270270270271,1682.5675675675675,1209.7027027027027,117.62162162162167,118.0,1084.0196078431372,613.156862745098,135.0,113.84615384615381,789.3076923076923,936.9230769230769,149.61538461538464,106.0,772.0,736.0,138.0,100.84615384615381,1229.1538461538462,1050.1923076923076,115.03846153846143,109.0,917.3,1341.6,148.70000000000005,36.0,1869.0,472.8,38.0
679,99.35294117647061,1333.4117647058824,730.1764705882352,127.58823529411757,111.0,1585.5,465.9,110.0,107.625,1871.75,448.75,126.625,107.0,1018.047619047619,1644.095238095238,127.0,100.56756756756772,1678.1891891891892,1209.5675675675675,117.54054054054063,118.0,1084.921568627451,612.3725490196078,135.0,113.15384615384619,790.6923076923077,935.0769230769231,151.38461538461536,105.90740740740739,771.4629629629629,735.8888888888889,137.94444444444446,101.46153846153857,1228.5384615384614,1046.923076923077,115.38461538461547,109.0,915.25,1342.5,148.25,36.0,1858.0,474.6,38.0
680,98.23529411764707,1320.9411764705883,730.1176470588235,126.05882352941171,111.0,1583.0,466.6,110.0,105.75,1866.5,448.5,125.75,107.0,1016.6666666666666,1642.3333333333333,127.00000000000011,100.43243243243228,1673.8108108108108,1209.4324324324325,117.45945945945937,118.0,1085.8235294117646,611.5882352941177,135.0,112.46153846153834,792.0769230769231,933.2307692307693,153.1538461538462,105.81481481481478,770.925925925926,735.7777777777778,137.8888888888888,102.0769230769231,1227.923076923077,1043.6538461538462,115.73076923076928,109.0,913.2,1343.4,147.79999999999995,36.0,1847.0,476.4,38.0
681,97.11764705882354,1308.4705882352941,730.0588235294117,124.52941176470586,110.99999999999994,1580.5,467.3,110.0,103.875,1861.25,448.25,124.875,107.0,1015.2857142857143,1640.5714285714287,126.99999999999989,100.29729729729729,1669.4324324324325,1209.2972972972973,117.37837837837833,118.0,1086.7254901960785,610.8039215686274,135.0,111.76923076923083,793.4615384615385,931.3846153846154,154.9230769230769,105.72222222222229,770.3888888888889,735.6666666666666,137.83333333333326,102.69230769230762,1227.3076923076924,1040.3846153846155,116.0769230769231,109.0,911.15,1344.3,147.35000000000002,36.00000000000006,1836.0,478.2,38.0
682,96.0,1296.0,730.0,123.0,111.0,1578.0,468.0,110.0,102.0,1856.0,448.0,124.0,107.0,1013.9047619047619,1638.8095238095239,127.0,100.1621621621623,1665.0540540540542,1209.162162162162,117.29729729729706,118.0,1087.6274509803923,610.0196078431372,135.0,111.07692307692298,794.8461538461538,929.5384615384615,156.69230769230774,105.62962962962968,769.8518518518518,735.5555555555555,137.77777777777783,103.30769230769238,1226.6923076923076,1037.1153846153845,116.4230769230769,109.0,909.1,1345.2,146.89999999999998,36.0,1825.0,480.0,38.0
683,101.25,1280.75,729.0,132.75,111.0,1576.75,470.5,110.0,100.0,1848.5,449.0,123.0,107.0,1012.5238095238095,1637.047619047619,127.00000000000011,100.02702702702686,1660.6756756756756,1209.027027027027,117.21621621621625,118.0,1088.5294117647059,609.2352941176471,135.0,110.38461538461536,796.2307692307693,927.6923076923077,158.46153846153845,105.53703703703707,769.3148148148148,735.4444444444445,137.72222222222229,103.9230769230769,1226.076923076923,1033.8461538461538,116.76923076923072,109.0,907.05,1346.1,146.45000000000005,36.0,1818.25,478.75,38.0
684,106.5,1265.5,728.0,142.5,111.0,1575.5,473.0,110.0,98.0,1841.0,450.0,122.0,107.0,1011.1428571428571,1635.2857142857142,127.0,99.89189189189187,1656.2972972972973,1208.8918918918919,117.13513513513522,118.0,1089.4313725490197,608.4509803921569,135.0,109.69230769230762,797.6153846153846,925.8461538461538,160.23076923076917,105.44444444444446,768.7777777777778,735.3333333333334,137.66666666666663,104.53846153846143,1225.4615384615386,1030.576923076923,117.11538461538453,109.0,905.0,1347.0,146.0,36.0,1811.5,477.5,38.0
685,111.75,1250.25,727.0,152.25,111.0,1574.25,475.5,110.0,96.0,1833.5,451.0,121.0,107.0,1009.7619047619048,1633.5238095238096,127.0,99.75675675675689,1651.918918918919,1208.7567567567567,117.05405405405395,118.0,1090.3333333333333,607.6666666666666,135.0,109.0,799.0,924.0,162.0,105.35185185185185,768.2407407407408,735.2222222222222,137.6111111111111,105.15384615384619,1224.8461538461538,1027.3076923076924,117.46153846153857,108.97500000000014,903.4,1345.05,145.52499999999998,36.0,1804.75,476.25,38.0
686,117.0,1235.0,726.0,162.0,111.0,1573.0,478.0,110.0,94.0,1826.0,452.0,120.0,107.0,1008.3809523809524,1631.7619047619048,126.99999999999989,99.62162162162167,1647.5405405405406,1208.6216216216217,116.97297297297291,118.0,1091.235294117647,606.8823529411765,135.0,109.14285714285722,798.7857142857143,922.0714285714286,161.6428571428571,105.25925925925924,767.7037037037037,735.1111111111111,137.55555555555554,105.76923076923094,1224.2307692307693,1024.0384615384614,117.80769230769215,108.95000000000005,901.8,1343.1,145.04999999999995,36.0,1798.0,475.0,38.0
687,116.77777777777771,1224.0,725.8333333333334,160.94444444444434,111.0,1573.0,477.5,110.0,94.36000000000007,1817.16,452.08,120.55999999999995,107.0,1007.0,1630.0,127.0,99.48648648648646,1643.162162162162,1208.4864864864865,116.89189189189187,118.0,1092.137254901961,606.0980392156863,135.0,109.28571428571422,798.5714285714286,920.1428571428571,161.28571428571433,105.16666666666663,767.1666666666666,735.0,137.5,106.38461538461547,1223.6153846153845,1020.7692307692307,118.15384615384619,108.92499999999995,900.2,1341.15,144.57500000000005,36.0,1793.5,470.5,38.0
688,116.55555555555554,1213.0,725.6666666666666,159.8888888888889,111.0,1573.0,477.0,110.0,94.71999999999997,1808.32,452.16,121.12000000000012,107.0,1006.6538461538462,1629.4615384615386,127.0,99.35135135135147,1638.7837837837837,1208.3513513513512,116.81081081081084,118.0,1093.0392156862745,605.3137254901961,135.0,109.42857142857144,798.3571428571429,918.2142857142857,160.92857142857144,105.07407407407402,766.6296296296297,734.8888888888889,137.44444444444434,107.0,1223.0,1017.5,118.5,108.89999999999986,898.6,1339.2,144.10000000000002,36.0,1789.0,466.0,38.0
689,116.33333333333337,1202.0,725.5,158.83333333333326,111.0,1573.0,476.5,110.0,95.08000000000004,1799.48,452.24,121.68000000000006,107.0,1006.3076923076923,1628.923076923077,127.00000000000011,99.21621621621625,1634.4054054054054,1208.2162162162163,116.7297297297298,118.0,1093.9411764705883,604.5294117647059,135.0,109.57142857142856,798.1428571428571,916.2857142857143,160.57142857142856,104.98148148148141,766.0925925925926,734.7777777777778,137.3888888888889,107.61538461538453,1222.3846153846155,1014.2307692307693,118.84615384615381,108.875,897.0,1337.25,143.625,36.0,1784.5,461.5,38.0
690,116.11111111111109,1191.0,725.3333333333334,157.77777777777783,111.0,1573.0,476.0,110.0,95.44,1790.64,452.32,122.24000000000001,107.0,1005.9615384615385,1628.3846153846155,127.00000000000011,99.08108108108104,1630.027027027027,1208.081081081081,116.64864864864853,118.0,1094.8431372549019,603.7450980392157,135.0,109.71428571428578,797.9285714285714,914.3571428571429,160.21428571428567,104.88888888888891,765.5555555555555,734.6666666666666,137.33333333333337,108.23076923076917,1221.7692307692307,1010.9615384615385,119.19230769230785,108.85000000000014,895.4,1335.3,143.14999999999998,36.0,1780.0,457.0,38.0
691,115.88888888888891,1180.0,725.1666666666666,156.72222222222217,110.99999999999994,1571.5714285714287,477.7142857142857,110.0,95.80000000000007,1781.8,452.4,122.79999999999995,107.0,1005.6153846153846,1627.8461538461538,126.99999999999989,98.94594594594582,1625.6486486486488,1207.945945945946,116.5675675675675,118.0,1095.7450980392157,602.9607843137255,135.0,109.85714285714289,797.7142857142857,912.4285714285714,159.8571428571429,104.7962962962963,765.0185185185185,734.5555555555555,137.27777777777783,108.8461538461537,1221.1538461538462,1007.6923076923077,119.53846153846143,108.82500000000005,893.8,1333.35,142.67499999999995,36.0,1773.2857142857142,455.85714285714283,38.0
692,115.66666666666663,1169.0,725.0,155.66666666666674,111.0,1570.142857142857,479.42857142857144,110.0,96.15999999999997,1772.96,452.48,123.3599999999999,107.0,1005.2692307692307,1627.3076923076924,127.0,98.81081081081084,1621.2702702702702,1207.8108108108108,116.48648648648646,118.0,1096.6470588235295,602.1764705882352,135.0,110.0,797.5,910.5,159.5,104.7037037037037,764.4814814814815,734.4444444444445,137.22222222222217,109.46153846153857,1220.5384615384614,1004.4230769230769,119.88461538461547,108.79999999999995,892.2,1331.4,142.20000000000005,36.0,1766.5714285714287,454.7142857142857,38.0
693,115.44444444444446,1158.0,724.8333333333334,154.6111111111111,110.99999999999994,1568.7142857142858,481.14285714285717,110.0,96.52000000000004,1764.12,452.56,123.92000000000007,107.0,1004.9230769230769,1626.7692307692307,127.0,98.67567567567562,1616.8918918918919,1207.6756756756756,116.40540540540542,118.0,1097.549019607843,601.3921568627451,135.0,110.14285714285711,797.2857142857143,908.5714285714286,159.1428571428571,104.61111111111109,763.9444444444445,734.3333333333334,137.16666666666663,110.0769230769231,1219.923076923077,1001.1538461538462,120.23076923076928,108.77499999999986,890.6,1329.45,141.72500000000002,36.0,1759.857142857143,453.57142857142856,38.0
694,115.22222222222229,1147.0,724.6666666666666,153.55555555555566,111.00000000000006,1567.2857142857142,482.85714285714283,110.0,96.88,1755.28,452.64,124.48000000000002,107.0,1004.5769230769231,1626.2307692307693,127.0,98.5405405405404,1612.5135135135135,1207.5405405405406,116.32432432432438,118.0,1098.450980392157,600.6078431372549,135.0,110.28571428571433,797.0714285714286,906.6428571428571,158.78571428571433,104.51851851851859,763.4074074074074,734.2222222222222,137.1111111111111,110.69230769230774,1219.3076923076924,997.8846153846154,120.5769230769231,108.75,889.0,1327.5,141.25,36.0,1753.142857142857,452.42857142857144,38.0
695,115.0,1136.0,724.5,152.5,111.0,1565.857142857143,484.57142857142856,110.0,97.24000000000001,1746.44,452.72,125.03999999999996,107.0,1004.2307692307693,1625.6923076923076,127.0,98.40540540540542,1608.1351351351352,1207.4054054054054,116.24324324324311,118.0,1099.3529411764705,599.8235294117648,135.0,110.42857142857144,796.8571428571429,904.7142857142857,158.42857142857144,104.42592592592598,762.8703703703703,734.1111111111111,137.05555555555566,111.30769230769226,1218.6923076923076,994.6153846153846,120.9230769230769,108.72500000000014,887.4,1325.55,140.77499999999998,36.0,1746.4285714285713,451.2857142857143,38.0
696,114.77777777777771,1125.0,724.3333333333334,151.44444444444434,111.00000000000006,1564.4285714285713,486.2857142857143,110.0,97.59999999999997,1737.6,452.8,125.60000000000014,107.0,1003.8846153846154,1625.1538461538462,127.00000000000011,98.27027027027043,1603.7567567567567,1207.2702702702702,116.1621621621623,118.0,1100.2549019607843,599.0392156862745,135.0,110.57142857142856,796.6428571428571,902.7857142857143,158.07142857142856,104.33333333333337,762.3333333333334,734.0,137.0,111.9230769230769,1218.076923076923,991.3461538461538,121.26923076923072,108.70000000000005,885.8,1323.6,140.29999999999995,36.0,1739.7142857142858,450.14285714285717,38.0
697,114.55555555555554,1114.0,724.1666666666666,150.3888888888889,111.0,1563.0,488.0,110.0,97.96000000000004,1728.76,452.88,126.16000000000008,107.0,1003.5384615384615,1624.6153846153845,126.99999999999989,98.13513513513499,1599.3783783783783,1207.1351351351352,116.08108108108104,118.0,1101.1568627450981,598.2549019607843,135.0,110.71428571428567,796.4285714285714,900.8571428571429,157.71428571428567,104.24074074074076,761.7962962962963,733.8888888888889,136.94444444444446,112.53846153846143,1217.4615384615386,988.0769230769231,121.61538461538453,108.67499999999995,884.2,1321.65,139.82500000000005,36.0,1733.0,449.0,38.0
698,114.33333333333337,1103.0,724.0,149.33333333333326,111.00000000000006,1559.0,488.6923076923077,110.0,98.32,1719.92,452.96,126.72000000000003,107.0,1003.1923076923077,1624.076923076923,126.99999999999989,98.0,1595.0,1207.0,116.0,118.0,1102.0588235294117,597.4705882352941,135.0,110.85714285714289,796.2142857142857,898.9285714285714,157.3571428571429,104.14814814814815,761.2592592592592,733.7777777777778,136.8888888888889,113.1538461538463,1216.8461538461538,984.8076923076923,121.96153846153857,108.64999999999986,882.6,1319.7,139.35000000000002,36.0,1722.4285714285713,452.57142857142856,38.0
699,114.11111111111109,1092.0,723.8333333333334,148.27777777777783,111.0,1555.0,489.38461538461536,110.0,98.68,1711.08,453.04,127.27999999999997,107.0,1002.8461538461538,1623.5384615384614,127.0,98.5081967213116,1590.672131147541,1206.27868852459,115.88524590163934,118.0,1102.9607843137255,596.686274509804,135.0,111.0,796.0,897.0,157.0,104.05555555555554,760.7222222222222,733.6666666666666,136.83333333333337,113.76923076923083,1216.2307692307693,981.5384615384615,122.30769230769215,108.625,881.0,1317.75,138.875,36.0,1711.857142857143,456.14285714285717,38.0
700,113.88888888888891,1081.0,723.6666666666666,147.22222222222217,111.0,1551.0,490.0769230769231,110.0,99.03999999999996,1702.24,453.12,127.83999999999992,107.0,1002.5,1623.0,127.0,99.01639344262298,1586.344262295082,1205.5573770491803,115.77049180327867,118.0,1103.862745098039,595.9019607843137,135.0,111.16666666666663,793.6666666666666,897.25,156.58333333333337,103.96296296296293,760.1851851851852,733.5555555555555,136.77777777777771,114.38461538461547,1215.6153846153845,978.2692307692307,122.65384615384619,108.60000000000014,879.4,1315.8,138.39999999999998,36.0,1701.2857142857142,459.7142857142857,38.0
701,113.66666666666663,1070.0,723.5,146.16666666666674,110.99999999999994,1547.0,490.7692307692308,110.0,99.40000000000003,1693.4,453.2,128.39999999999986,107.0,1002.1538461538462,1622.4615384615386,127.0,99.52459016393459,1582.016393442623,1204.8360655737704,115.65573770491801,118.0,1104.764705882353,595.1176470588235,135.0,111.33333333333337,791.3333333333334,897.5,156.16666666666663,103.87037037037032,759.6481481481482,733.4444444444445,136.72222222222217,115.0,1215.0,975.0,123.0,108.57500000000005,877.8,1313.85,137.92500000000007,36.0,1690.7142857142858,463.2857142857143,38.0
702,113.44444444444446,1059.0,723.3333333333334,145.1111111111111,111.0,1543.0,491.46153846153845,110.0,99.75999999999999,1684.56,453.28,128.96000000000004,107.0,1001.8076923076923,1621.923076923077,127.00000000000011,100.03278688524597,1577.688524590164,1204.1147540983607,115.54098360655735,118.0,1105.6666666666667,594.3333333333334,135.0,111.5,789.0,897.75,155.75,103.77777777777771,759.1111111111111,733.3333333333334,136.66666666666674,115.51428571428573,1214.6571428571428,970.8571428571429,122.74285714285725,108.54999999999995,876.2,1311.9,137.44999999999993,36.0,1680.142857142857,466.85714285714283,38.0
703,113.22222222222229,1048.0,723.1666666666666,144.05555555555566,111.00000000000006,1539.0,492.15384615384613,110.0,100.12,1675.72,453.36,129.51999999999998,107.0,1001.4615384615385,1621.3846153846155,127.00000000000011,100.54098360655757,1573.360655737705,1203.3934426229507,115.42622950819668,118.0,1106.5686274509803,593.5490196078431,135.0,111.66666666666663,786.6666666666666,898.0,155.33333333333337,103.68518518518522,758.574074074074,733.2222222222222,136.6111111111112,116.02857142857158,1214.3142857142857,966.7142857142857,122.48571428571427,108.52499999999986,874.6,1309.95,136.97500000000002,36.0,1669.5714285714287,470.42857142857144,38.0
704,113.0,1037.0,723.0,143.0,110.99999999999994,1535.0,492.84615384615387,110.0,100.47999999999996,1666.88,453.44,130.07999999999993,107.0,1001.1153846153846,1620.8461538461538,126.99999999999989,101.04918032786895,1569.032786885246,1202.672131147541,115.31147540983602,118.0,1107.4705882352941,592.7647058823529,135.0,111.83333333333337,784.3333333333334,898.25,154.91666666666663,103.59259259259261,758.0370370370371,733.1111111111111,136.55555555555554,116.54285714285709,1213.9714285714285,962.5714285714286,122.22857142857151,108.5,873.0,1308.0,136.5,36.0,1659.0,474.0,38.0
705,112.69230769230762,1028.7692307692307,722.2307692307693,142.0,111.0,1531.0,493.53846153846155,110.0,100.84000000000003,1658.04,453.52,130.6400000000001,107.0,1000.7692307692307,1620.3076923076924,127.0,101.55737704918033,1564.704918032787,1201.950819672131,115.19672131147536,118.0,1108.372549019608,591.9803921568628,135.0,112.0,782.0,898.5,154.5,103.5,757.5,733.0,136.5,117.05714285714282,1213.6285714285714,958.4285714285714,121.97142857142853,108.47500000000014,871.4,1306.05,136.02499999999998,36.0,1654.142857142857,473.42857142857144,38.0
706,112.38461538461536,1020.5384615384615,721.4615384615385,140.9999999999999,111.00000000000006,1527.0,494.2307692307692,110.0,101.19999999999993,1649.2,453.6,131.20000000000005,107.0,1000.4230769230769,1619.7692307692307,127.0,102.06557377049171,1560.377049180328,1201.2295081967213,115.0819672131147,118.0,1109.2745098039215,591.1960784313726,135.0,112.16666666666663,779.6666666666666,898.75,154.08333333333337,103.40740740740739,756.9629629629629,732.8888888888889,136.44444444444446,117.57142857142856,1213.2857142857142,954.2857142857143,121.71428571428578,108.45000000000005,869.8,1304.1,135.55000000000007,36.0,1649.2857142857142,472.85714285714283,38.0
707,112.07692307692298,1012.3076923076923,720.6923076923077,140.0000000000001,111.0,1523.0,494.9230769230769,110.0,101.56,1640.3600000000001,453.68,131.75999999999976,107.0,1000.0769230769231,1619.2307692307693,127.0,102.57377049180332,1556.049180327869,1200.5081967213114,114.96721311475403,118.0,1110.1764705882354,590.4117647058823,135.0,112.33333333333337,777.3333333333334,899.0,153.66666666666663,103.31481481481478,756.4259259259259,732.7777777777778,136.3888888888889,118.0857142857144,1212.942857142857,950.1428571428571,121.45714285714303,108.42499999999995,868.2,1302.15,135.07499999999993,36.0,1644.4285714285713,472.2857142857143,38.0
708,111.76923076923083,1004.0769230769231,719.9230769230769,139.0,111.0,1519.0,495.61538461538464,110.0,101.91999999999996,1631.52,453.76,132.31999999999994,107.0,999.7307692307693,1618.6923076923076,127.0,103.0819672131147,1551.72131147541,1199.7868852459017,114.85245901639337,118.0,1111.078431372549,589.6274509803922,135.0,112.5,775.0,899.25,153.25,103.22222222222229,755.8888888888889,732.6666666666666,136.33333333333326,118.59999999999991,1212.6,946.0,121.20000000000005,108.39999999999986,866.6,1300.2,134.60000000000002,36.0,1639.5714285714287,471.7142857142857,38.0
709,111.46153846153845,995.8461538461538,719.1538461538462,138.0,110.99999999999994,1515.0,496.3076923076923,110.0,102.28000000000003,1622.68,453.84,132.87999999999988,107.0,999.3846153846154,1618.1538461538462,127.00000000000011,103.5901639344263,1547.3934426229507,1199.0655737704917,114.73770491803293,118.0,1111.9803921568628,588.843137254902,135.0,112.66666666666663,772.6666666666666,899.5,152.83333333333337,103.12962962962968,755.3518518518518,732.5555555555555,136.27777777777783,119.11428571428564,1212.2571428571428,941.8571428571429,120.94285714285729,108.375,865.0,1298.25,134.125,36.0,1634.7142857142858,471.14285714285717,38.0
710,111.15384615384619,987.6153846153846,718.3846153846154,136.9999999999999,111.0,1511.0,497.0,110.0,102.63999999999993,1613.84,453.92,133.44000000000005,107.0,999.0384615384615,1617.6153846153845,126.99999999999989,104.09836065573768,1543.0655737704917,1198.344262295082,114.62295081967227,118.0,1112.8823529411766,588.0588235294117,135.0,112.83333333333337,770.3333333333334,899.75,152.41666666666663,103.03703703703707,754.8148148148148,732.4444444444445,136.22222222222229,119.62857142857149,1211.9142857142858,937.7142857142857,120.68571428571408,108.35000000000014,863.4,1296.3,133.64999999999998,36.0,1629.857142857143,470.57142857142856,38.0
711,110.84615384615381,979.3846153846154,717.6153846153846,136.0000000000001,110.0,1519.0,502.0,109.0,103.0,1605.0,454.0,134.0,107.0,998.6923076923077,1617.076923076923,126.99999999999989,104.60655737704928,1538.7377049180327,1197.622950819672,114.5081967213116,118.0,1113.7843137254902,587.2745098039215,135.0,113.0,768.0,900.0,152.0,102.94444444444446,754.2777777777778,732.3333333333334,136.16666666666663,120.14285714285722,1211.5714285714287,933.5714285714286,120.42857142857133,108.32500000000005,861.8,1294.35,133.17500000000007,36.0,1625.0,470.0,38.0
712,110.53846153846155,971.1538461538462,716.8461538461538,135.0,110.75,1517.625,504.5,109.375,103.40000000000003,1597.2,452.8,134.5,107.0,998.3461538461538,1616.5384615384614,127.0,105.11475409836066,1534.4098360655737,1196.9016393442623,114.39344262295094,118.0,1114.686274509804,586.4901960784314,135.0,112.92857142857144,766.7857142857143,900.8571428571429,151.1428571428571,102.85185185185185,753.7407407407408,732.2222222222222,136.1111111111111,120.65714285714296,1211.2285714285715,929.4285714285714,120.17142857142858,108.29999999999995,860.2,1292.4,132.69999999999993,36.0,1620.5,465.25,38.0
713,110.23076923076917,962.9230769230769,716.0769230769231,134.0,111.5,1516.25,507.0,109.75,103.79999999999995,1589.4,451.6,135.0,107.0,998.0,1616.0,127.0,105.62295081967227,1530.0819672131147,1196.1803278688524,114.27868852459028,118.0,1115.5882352941176,585.7058823529412,135.0,112.85714285714289,765.5714285714286,901.7142857142857,150.28571428571433,102.75925925925924,753.2037037037037,732.1111111111111,136.05555555555554,121.17142857142846,1210.8857142857144,925.2857142857143,119.9142857142856,108.27499999999986,858.6,1290.45,132.22500000000002,36.0,1616.0,460.5,38.0
714,109.92307692307702,954.6923076923077,715.3076923076923,132.9999999999999,112.25,1514.875,509.5,110.125,104.20000000000005,1581.6,450.4,135.5,107.0,996.35,1615.5,127.74999999999989,106.13114754098365,1525.7540983606557,1195.4590163934427,114.16393442622962,118.0,1116.4901960784314,584.9215686274509,135.0,112.78571428571433,764.3571428571429,902.5714285714286,149.42857142857144,102.66666666666663,752.6666666666666,732.0,136.0,121.68571428571431,1210.5428571428572,921.1428571428571,119.65714285714284,108.25,857.0,1288.5,131.75,36.0,1611.5,455.75,38.0
715,109.61538461538464,946.4615384615385,714.5384615384615,132.0000000000001,113.0,1513.5,512.0,110.5,104.59999999999997,1573.8,449.2,136.0,107.0,994.7,1615.0,128.5,106.63934426229525,1521.4262295081967,1194.7377049180327,114.04918032786895,118.0,1117.3921568627452,584.1372549019608,135.0,112.71428571428567,763.1428571428571,903.4285714285714,148.57142857142856,102.57407407407402,752.1296296296297,731.8888888888889,135.94444444444434,122.20000000000005,1210.2,917.0,119.39999999999986,108.22500000000014,855.4,1286.55,131.27499999999998,36.0,1607.0,451.0,38.0
716,109.30769230769238,938.2307692307693,713.7692307692307,131.0,113.75,1512.125,514.5,110.875,105.0,1566.0,448.0,136.5,107.0,993.05,1614.5,129.25,107.14754098360663,1517.0983606557377,1194.016393442623,113.93442622950829,118.0,1118.2941176470588,583.3529411764706,135.0,112.64285714285711,761.9285714285714,904.2857142857143,147.71428571428567,102.48148148148141,751.5925925925926,731.7777777777778,135.8888888888889,122.71428571428578,1209.857142857143,912.8571428571429,119.14285714285711,108.20000000000005,853.8,1284.6,130.80000000000007,36.0,1597.5,450.0,38.0
717,109.0,930.0,713.0,130.0,114.5,1510.75,517.0,111.25,105.40000000000003,1558.2,446.8,137.0,107.0,991.4,1614.0,130.0000000000001,107.65573770491801,1512.7704918032787,1193.295081967213,113.81967213114763,118.0,1119.1960784313726,582.5686274509804,135.0,112.57142857142856,760.7142857142857,905.1428571428571,146.8571428571429,102.38888888888891,751.0555555555555,731.6666666666666,135.83333333333337,123.22857142857129,1209.5142857142857,908.7142857142858,118.88571428571436,108.17499999999995,852.2,1282.65,130.32499999999993,36.0,1588.0,449.0,38.0
718,107.5,923.8333333333334,714.3333333333334,129.33333333333337,115.25,1509.375,519.5,111.625,105.79999999999995,1550.4,445.6,137.5,107.0,989.75,1613.5,130.75,108.16393442622939,1508.4426229508197,1192.5737704918033,113.70491803278696,118.0,1120.0980392156862,581.7843137254902,135.0,112.5,759.5,906.0,146.0,102.2962962962963,750.5185185185185,731.5555555555555,135.77777777777783,123.74285714285713,1209.1714285714286,904.5714285714286,118.62857142857138,108.14999999999986,850.6,1280.7,129.85000000000002,36.0,1578.5,448.0,38.0
719,106.0,917.6666666666666,715.6666666666666,128.66666666666663,116.0,1508.0,522.0,112.0,106.20000000000005,1542.6,444.4,138.0,107.0,988.1,1613.0,131.4999999999999,108.672131147541,1504.1147540983607,1191.8524590163934,113.5901639344263,118.0,1121.0,581.0,135.0,112.42857142857144,758.2857142857143,906.8571428571429,145.1428571428571,102.2037037037037,749.9814814814815,731.4444444444445,135.72222222222217,124.25714285714287,1208.8285714285714,900.4285714285714,118.37142857142862,108.125,849.0,1278.75,129.375,36.0,1569.0,447.0,38.0
720,104.5,911.5,717.0,128.0,114.0,1506.6363636363637,524.4545454545455,110.45454545454527,106.59999999999997,1534.8,443.2,138.5,107.0,986.45,1612.5,132.25,109.18032786885237,1499.7868852459017,1191.1311475409836,113.47540983606564,118.0,1119.8,579.4,135.0,112.35714285714289,757.0714285714286,907.7142857142857,144.28571428571433,102.11111111111109,749.4444444444445,731.3333333333334,135.66666666666663,124.77142857142849,1208.4857142857143,896.2857142857143,118.11428571428564,108.10000000000014,847.4,1276.8,128.89999999999998,36.0,1558.0,450.3333333333333,38.0
721,103.0,905.3333333333334,718.3333333333334,127.33333333333337,112.0,1505.2727272727273,526.9090909090909,108.90909090909099,107.0,1527.0,442.0,139.0,107.0,984.8,1612.0,133.0,109.68852459016398,1495.4590163934427,1190.4098360655737,113.36065573770497,118.0,1118.6,577.8,135.0,112.28571428571433,755.8571428571429,908.5714285714286,143.42857142857144,102.01851851851859,748.9074074074074,731.2222222222222,135.6111111111111,125.28571428571433,1208.142857142857,892.1428571428571,117.85714285714289,108.07500000000005,845.8,1274.85,128.42500000000007,36.0,1547.0,453.6666666666667,38.0
722,101.5,899.1666666666666,719.6666666666666,126.66666666666663,110.0,1503.909090909091,529.3636363636364,107.36363636363626,107.0,1520.6666666666667,442.1111111111111,139.0,107.0,983.15,1611.5,133.7500000000001,110.19672131147536,1491.1311475409836,1189.688524590164,113.24590163934431,118.0,1117.4,576.2,135.0,112.21428571428567,754.6428571428571,909.4285714285714,142.57142857142856,101.92592592592598,748.3703703703703,731.1111111111111,135.55555555555566,125.79999999999995,1207.8,888.0,117.60000000000014,108.04999999999995,844.2,1272.9,127.94999999999993,36.0,1536.0,457.0,38.0
723,100.0,893.0,721.0,126.0,108.0,1502.5454545454545,531.8181818181819,105.81818181818176,106.99999999999994,1514.3333333333333,442.22222222222223,139.0,107.0,981.5,1611.0,134.5,110.70491803278696,1486.8032786885246,1188.967213114754,113.13114754098365,118.0,1116.2,574.6,135.0,112.14285714285711,753.4285714285714,910.2857142857143,141.71428571428567,101.83333333333337,747.8333333333334,731.0,135.5,126.31428571428569,1207.4571428571428,883.8571428571429,117.34285714285716,108.02499999999986,842.6,1270.95,127.47500000000002,36.0,1525.0,460.3333333333333,38.0
724,98.5,886.8333333333334,722.3333333333334,125.33333333333326,106.0,1501.1818181818182,534.2727272727273,104.27272727272725,107.00000000000006,1508.0,442.3333333333333,139.0,107.0,979.85,1610.5,135.2499999999999,111.21311475409834,1482.4754098360656,1188.2459016393443,113.01639344262298,118.0,1115.0,573.0,135.0,112.07142857142856,752.2142857142857,911.1428571428571,140.8571428571429,101.74074074074076,747.2962962962963,730.8888888888889,135.44444444444446,126.82857142857154,1207.1142857142856,879.7142857142857,117.0857142857144,108.0,841.0,1269.0,127.0,36.0,1514.0,463.6666666666667,38.0
725,97.0,880.6666666666666,723.6666666666666,124.66666666666674,104.0,1499.8181818181818,536.7272727272727,102.72727272727275,107.0,1501.6666666666667,442.44444444444446,139.0,107.0,978.2,1610.0,136.0,111.72131147540995,1478.1475409836066,1187.5245901639344,112.90163934426232,118.83333333333326,1115.5,571.3333333333334,133.83333333333326,112.0,751.0,912.0,140.0,101.64814814814815,746.7592592592592,730.7777777777778,135.3888888888889,127.34285714285716,1206.7714285714285,875.5714285714286,116.82857142857142,107.90000000000009,839.4,1268.1,128.10000000000002,36.0,1503.0,467.0,38.0
726,95.5,874.5,725.0,124.0,102.0,1498.4545454545455,539.1818181818181,101.18181818181824,107.0,1495.3333333333333,442.55555555555554,139.0,107.0,976.55,1609.5,136.75,112.22950819672133,1473.8196721311476,1186.8032786885246,112.78688524590166,119.66666666666674,1116.0,569.6666666666666,132.66666666666674,111.35000000000002,749.2,912.9,140.8499999999999,101.55555555555554,746.2222222222222,730.6666666666666,135.33333333333337,127.85714285714278,1206.4285714285713,871.4285714285714,116.57142857142867,107.79999999999995,837.8,1267.2,129.20000000000005,36.0,1497.8,469.6,38.0
727,94.0,868.3333333333334,726.3333333333334,123.33333333333326,100.0,1497.090909090909,541.6363636363636,99.63636363636374,106.99999999999994,1489.0,442.6666666666667,139.0,107.0,974.9,1609.0,137.5000000000001,112.73770491803293,1469.4918032786886,1186.0819672131147,112.67213114754077,120.5,1116.5,568.0,131.5,110.70000000000005,747.4,913.8,141.70000000000005,101.46296296296293,745.6851851851852,730.5555555555555,135.27777777777771,128.37142857142862,1206.0857142857142,867.2857142857142,116.31428571428592,107.70000000000005,836.2,1266.3,130.29999999999995,36.0,1492.6,472.2,38.0
728,92.5,862.1666666666666,727.6666666666666,122.66666666666674,98.0,1495.7272727272727,544.0909090909091,98.09090909090901,107.00000000000006,1482.6666666666667,442.77777777777777,139.0,107.0,973.25,1608.5,138.25,113.24590163934431,1465.1639344262294,1185.360655737705,112.55737704918056,121.33333333333326,1117.0,566.3333333333334,130.33333333333326,110.04999999999995,745.6,914.7,142.54999999999995,101.37037037037032,745.1481481481482,730.4444444444445,135.22222222222217,128.88571428571436,1205.7428571428572,863.1428571428571,116.05714285714271,107.59999999999991,834.6,1265.4,131.39999999999998,36.0,1487.4,474.8,38.0
729,91.0,856.0,729.0,122.0,96.0,1494.3636363636363,546.5454545454545,96.54545454545473,107.0,1476.3333333333333,442.8888888888889,139.0,107.0,971.6,1608.0,138.9999999999999,113.75409836065569,1460.8360655737706,1184.639344262295,112.44262295081944,122.16666666666674,1117.5,564.6666666666666,129.16666666666674,109.39999999999998,743.8,915.6,143.4000000000001,101.27777777777771,744.6111111111111,730.3333333333334,135.16666666666674,129.39999999999998,1205.4,859.0,115.79999999999995,107.5,833.0,1264.5,132.5,36.0,1482.2,477.4,38.0
730,91.78571428571433,852.0,728.5,123.78571428571433,94.0,1493.0,549.0,95.0,107.0,1470.0,443.0,139.0,107.0,969.95,1607.5,139.75,114.26229508196707,1456.5081967213114,1183.9180327868853,112.32786885245923,123.0,1118.0,563.0,128.0,108.75,742.0,916.5,144.25,101.18518518518522,744.0740740740741,730.2222222222222,135.1111111111111,129.9142857142857,1205.057142857143,854.8571428571429,115.54285714285697,107.40000000000009,831.4,1263.6,133.60000000000002,36.0,1477.0,480.0,38.0
731,92.57142857142856,848.0,728.0,125.57142857142856,95.57142857142856,1490.857142857143,552.0,96.14285714285711,106.42857142857144,1463.5714285714287,443.57142857142856,135.42857142857133,107.0,968.3,1607.0,140.5,114.77049180327867,1452.1803278688524,1183.1967213114754,112.21311475409834,120.85714285714289,1116.142857142857,562.7142857142857,125.14285714285711,108.10000000000002,740.2,917.4,145.0999999999999,101.09259259259261,743.5370370370371,730.1111111111111,135.05555555555554,130.42857142857133,1204.7142857142858,850.7142857142858,115.28571428571422,107.29999999999995,829.8,1262.7,134.70000000000005,36.0,1471.7142857142858,475.57142857142856,38.0
732,93.35714285714289,844.0,727.5,127.35714285714289,97.14285714285711,1488.7142857142858,555.0,97.28571428571422,105.85714285714283,1457.142857142857,444.14285714285717,131.8571428571429,107.0,966.65,1606.5,141.2500000000001,115.27868852459005,1447.8524590163934,1182.4754098360656,112.0983606557379,118.71428571428567,1114.2857142857142,562.4285714285714,122.28571428571445,107.45000000000005,738.4,918.3,145.95000000000005,101.0,743.0,730.0,135.0,130.94285714285718,1204.3714285714286,846.5714285714286,115.02857142857147,107.20000000000005,828.2,1261.8,135.79999999999995,36.0,1466.4285714285713,471.14285714285717,38.0
733,94.14285714285711,840.0,727.0,129.1428571428571,98.71428571428567,1486.5714285714287,558.0,98.42857142857133,105.28571428571428,1450.7142857142858,444.7142857142857,128.28571428571422,107.0,965.0,1606.0,142.0,115.78688524590166,1443.5245901639344,1181.7540983606557,111.98360655737702,116.57142857142856,1112.4285714285713,562.1428571428571,119.42857142857156,106.79999999999995,736.6,919.2,146.79999999999995,101.0,743.3846153846154,730.0,135.0,131.4571428571428,1204.0285714285715,842.4285714285714,114.77142857142849,107.09999999999991,826.6,1260.9,136.89999999999998,36.0,1461.142857142857,466.7142857142857,38.0
734,94.92857142857144,836.0,726.5,130.92857142857144,100.28571428571433,1484.4285714285713,561.0,99.57142857142867,104.71428571428572,1444.2857142857142,445.2857142857143,124.71428571428578,107.0,965.4615384615385,1605.8461538461538,141.42307692307702,116.29508196721304,1439.1967213114754,1181.032786885246,111.86885245901635,114.42857142857144,1110.5714285714287,561.8571428571429,116.57142857142844,106.14999999999998,734.8,920.1,147.6500000000001,101.0,743.7692307692307,730.0,135.0,131.97142857142865,1203.6857142857143,838.2857142857142,114.51428571428573,107.0,825.0,1260.0,138.0,36.0,1455.857142857143,462.2857142857143,38.0
735,95.71428571428567,832.0,726.0,132.71428571428567,101.85714285714289,1482.2857142857142,564.0,100.71428571428578,104.14285714285717,1437.857142857143,445.85714285714283,121.14285714285711,107.0,965.9230769230769,1605.6923076923076,140.8461538461538,116.80327868852464,1434.8688524590164,1180.311475409836,111.75409836065569,112.28571428571433,1108.7142857142858,561.5714285714286,113.71428571428555,105.5,733.0,921.0,148.5,101.0,744.1538461538462,730.0,135.0,132.48571428571427,1203.3428571428572,834.1428571428571,114.25714285714275,107.0,824.2727272727273,1257.1818181818182,139.09090909090912,36.0,1450.5714285714287,457.85714285714283,38.0
736,96.5,828.0,725.5,134.5,103.42857142857144,1480.142857142857,567.0,101.85714285714289,103.57142857142856,1431.4285714285713,446.42857142857144,117.57142857142867,107.0,966.3846153846154,1605.5384615384614,140.26923076923083,117.31147540983602,1430.5409836065573,1179.5901639344263,111.63934426229503,110.14285714285711,1106.857142857143,561.2857142857143,110.85714285714289,104.85000000000002,731.2,921.9,149.3499999999999,101.0,744.5384615384615,730.0,135.0,133.0,1203.0,830.0,114.0,107.0,823.5454545454545,1254.3636363636363,140.18181818181824,36.0,1445.2857142857142,453.42857142857144,38.0
737,97.28571428571433,824.0,725.0,136.28571428571433,105.0,1478.0,570.0,103.0,103.0,1425.0,447.0,114.0,107.0,966.8461538461538,1605.3846153846155,139.69230769230762,117.81967213114763,1426.2131147540983,1178.8688524590164,111.52459016393436,108.0,1105.0,561.0,108.0,104.20000000000005,729.4,922.8,150.20000000000005,101.0,744.9230769230769,730.0,135.0,131.71428571428567,1202.642857142857,825.8571428571429,114.64285714285711,107.0,822.8181818181819,1251.5454545454545,141.27272727272725,36.0,1440.0,449.0,38.0
738,98.07142857142856,820.0,724.5,138.07142857142856,106.5,1475.3333333333333,570.1666666666666,104.0,103.66666666666663,1418.6666666666667,447.5,118.16666666666652,107.0,967.3076923076923,1605.2307692307693,139.11538461538464,118.327868852459,1421.8852459016393,1178.1475409836066,111.4098360655737,108.4545454545455,1103.4545454545455,561.2727272727273,109.27272727272725,103.54999999999995,727.6,923.7,151.04999999999995,101.0,745.3076923076923,730.0,135.0,130.42857142857144,1202.2857142857142,821.7142857142857,115.28571428571445,107.0,822.0909090909091,1248.7272727272727,142.36363636363637,36.0,1436.0,449.3333333333333,38.0
739,98.85714285714289,816.0,724.0,139.8571428571429,108.0,1472.6666666666667,570.3333333333334,105.0,104.33333333333337,1412.3333333333333,448.0,122.33333333333348,107.0,967.7692307692307,1605.076923076923,138.53846153846166,118.83606557377061,1417.5573770491803,1177.4262295081967,111.29508196721304,108.90909090909099,1101.909090909091,561.5454545454545,110.5454545454545,102.89999999999998,725.8,924.6,151.9000000000001,101.0,745.6923076923077,730.0,135.0,129.1428571428571,1201.9285714285713,817.5714285714286,115.92857142857156,107.0,821.3636363636364,1245.909090909091,143.4545454545455,36.0,1432.0,449.6666666666667,38.0
740,99.64285714285711,812.0,723.5,141.6428571428571,109.5,1470.0,570.5,106.0,105.0,1406.0,448.5,126.5,107.0,968.2307692307693,1604.923076923077,137.96153846153834,119.34426229508199,1413.2295081967213,1176.704918032787,111.18032786885237,109.36363636363626,1100.3636363636363,561.8181818181819,111.81818181818198,102.25,724.0,925.5,152.75,101.0,746.0769230769231,730.0,135.0,127.85714285714289,1201.5714285714287,813.4285714285714,116.57142857142844,107.0,820.6363636363636,1243.090909090909,144.5454545454545,36.0,1428.0,450.0,38.0
741,100.42857142857144,808.0,723.0,143.42857142857144,111.0,1467.3333333333333,570.6666666666666,107.0,105.66666666666663,1399.6666666666667,449.0,130.66666666666652,107.0,968.6923076923077,1604.7692307692307,137.38461538461536,119.85245901639337,1408.9016393442623,1175.983606557377,111.06557377049171,109.81818181818176,1098.8181818181818,562.0909090909091,113.09090909090924,101.60000000000002,722.2,926.4,153.5999999999999,101.0,746.4615384615385,730.0,135.0,126.57142857142856,1201.2142857142858,809.2857142857143,117.21428571428555,107.0,819.9090909090909,1240.2727272727273,145.63636363636363,36.0,1420.6666666666667,451.6666666666667,38.0
742,101.21428571428567,804.0,722.5,145.21428571428567,112.5,1464.6666666666667,570.8333333333334,108.0,106.33333333333337,1393.3333333333333,449.5,134.83333333333348,107.0,969.1538461538462,1604.6153846153845,136.80769230769238,120.36065573770475,1404.5737704918033,1175.2622950819673,110.95081967213105,110.27272727272725,1097.2727272727273,562.3636363636364,114.36363636363649,100.95000000000005,720.4,927.3,154.45000000000005,101.0,746.8461538461538,730.0,135.0,125.28571428571433,1200.857142857143,805.1428571428571,117.85714285714289,107.0,819.1818181818181,1237.4545454545455,146.72727272727275,36.0,1413.3333333333333,453.3333333333333,38.0
743,102.0,800.0,722.0,147.0,114.0,1462.0,571.0,109.0,107.0,1387.0,450.0,139.0,107.0,969.6153846153846,1604.4615384615386,136.23076923076917,120.86885245901635,1400.2459016393443,1174.5409836065573,110.83606557377038,110.72727272727275,1095.7272727272727,562.6363636363636,115.63636363636351,100.29999999999995,718.6,928.2,155.29999999999995,101.0,747.2307692307693,730.0,135.0,124.0,1200.5,801.0,118.5,107.0,818.4545454545455,1234.6363636363637,147.81818181818176,36.0,1406.0,455.0,38.0
744,102.06666666666672,799.8,721.0,146.60000000000002,115.41666666666674,1459.25,574.6666666666666,110.08333333333326,107.00000000000006,1379.3333333333333,451.3333333333333,139.0,107.0,970.0769230769231,1604.3076923076924,135.6538461538462,121.37704918032773,1395.9180327868853,1173.8196721311476,110.72131147540972,111.18181818181824,1094.1818181818182,562.9090909090909,116.90909090909076,99.64999999999998,716.8,929.1,156.1500000000001,101.0,747.6153846153846,730.0,135.0,122.71428571428567,1200.142857142857,796.8571428571429,119.14285714285711,107.0,817.7272727272727,1231.8181818181818,148.90909090909088,36.0,1393.6,458.2,38.0
745,102.13333333333333,799.6,720.0,146.19999999999993,116.83333333333326,1456.5,578.3333333333334,111.16666666666674,106.99999999999994,1371.6666666666667,452.6666666666667,139.0,107.0,970.5384615384615,1604.1538461538462,135.07692307692298,121.88524590163934,1391.5901639344263,1173.0983606557377,110.60655737704906,111.63636363636374,1092.6363636363637,563.1818181818181,118.18181818181802,99.0,715.0,930.0,157.0,101.0,748.0,730.0,135.0,121.42857142857144,1199.7857142857142,792.7142857142857,119.78571428571445,107.0,817.0,1229.0,150.0,36.0,1381.2,461.4,38.0
746,102.20000000000005,799.4,719.0,145.80000000000007,118.25,1453.75,582.0,112.25,107.0,1364.0,454.0,139.0,107.0,971.0,1604.0,134.5,122.39344262295072,1387.2622950819673,1172.377049180328,110.4918032786884,112.09090909090901,1091.090909090909,563.4545454545455,119.4545454545455,99.99999999999989,715.4285714285714,929.9285714285714,156.6428571428571,101.0,748.3846153846154,730.0,135.0,120.14285714285711,1199.4285714285713,788.5714285714286,120.42857142857156,105.84210526315792,817.7368421052631,1227.6315789473683,148.73684210526324,36.0,1368.8,464.6,38.0
747,102.26666666666665,799.2,718.0,145.39999999999998,119.66666666666674,1451.0,585.6666666666666,113.33333333333326,107.00000000000006,1356.3333333333333,455.3333333333333,139.0,107.0,971.4615384615385,1603.8461538461538,133.92307692307702,122.90163934426232,1382.9344262295083,1171.655737704918,110.37704918032773,112.5454545454545,1089.5454545454545,563.7272727272727,120.72727272727275,101.0,715.8571428571429,929.8571428571429,156.28571428571422,101.0,748.7692307692307,730.0,135.0,118.85714285714289,1199.0714285714287,784.4285714285714,121.07142857142844,104.68421052631584,818.4736842105264,1226.2631578947369,147.47368421052624,36.0,1356.4,467.8,38.0
748,102.33333333333337,799.0,717.0,145.0,121.08333333333326,1448.25,589.3333333333334,114.41666666666674,106.99999999999994,1348.6666666666667,456.6666666666667,139.0,107.0,971.9230769230769,1603.6923076923076,133.3461538461538,123.4098360655737,1378.6065573770493,1170.9344262295083,110.26229508196707,113.0,1088.0,564.0,122.0,101.99999999999989,716.2857142857143,929.7857142857143,155.92857142857133,101.0,749.1538461538462,730.0,135.0,117.57142857142856,1198.7142857142858,780.2857142857143,121.71428571428555,103.52631578947376,819.2105263157895,1224.8947368421052,146.21052631578948,36.0,1344.0,471.0,38.0
749,102.39999999999998,798.8,716.0,144.60000000000002,122.5,1445.5,593.0,115.5,107.0,1341.0,458.0,139.0,107.0,972.3846153846154,1603.5384615384614,132.76923076923083,123.9180327868853,1374.27868852459,1170.2131147540983,110.14754098360663,113.5,1086.2,563.0,123.29999999999995,103.00000000000011,716.7142857142857,929.7142857142857,155.57142857142867,101.0,749.5384615384615,730.0,135.0,116.28571428571433,1198.357142857143,776.1428571428571,122.35714285714289,102.36842105263145,819.9473684210526,1223.5263157894738,144.94736842105272,36.0,1336.0,484.0,38.0
750,102.4666666666667,798.6,715.0,144.19999999999993,123.91666666666674,1442.75,596.6666666666666,116.58333333333326,107.00000000000006,1333.3333333333333,459.3333333333333,139.0,107.0,972.8461538461538,1603.3846153846155,132.19230769230762,124.42622950819668,1369.9508196721313,1169.4918032786886,110.03278688524574,114.0,1084.4,562.0,124.59999999999991,104.0,717.1428571428571,929.6428571428571,155.21428571428578,101.0,749.9230769230769,730.0,135.0,115.0,1198.0,772.0,123.0,101.2105263157896,820.6842105263158,1222.157894736842,143.68421052631572,36.0,1328.0,497.0,38.0
751,102.5333333333333,798.4,714.0,143.80000000000007,125.33333333333326,1440.0,600.3333333333334,117.66666666666674,106.99999999999994,1325.6666666666667,460.6666666666667,139.0,107.0,973.3076923076923,1603.2307692307693,131.61538461538464,124.93442622950829,1365.622950819672,1168.7704918032787,109.9180327868853,114.5,1082.6,561.0,125.90000000000009,105.00000000000011,717.5714285714286,929.5714285714286,154.8571428571429,101.0,750.3076923076923,730.0,135.0,116.41666666666663,1196.8333333333333,771.25,122.83333333333348,100.05263157894728,821.421052631579,1220.7894736842106,142.42105263157896,36.0,1320.0,510.0,38.0
752,102.60000000000002,798.2,713.0,143.39999999999998,126.75,1437.25,604.0,118.75,107.0,1318.0,462.0,139.0,107.0,973.7692307692307,1603.076923076923,131.03846153846166,125.44262295081967,1361.295081967213,1168.049180327869,109.80327868852464,115.0,1080.8,560.0,127.20000000000005,106.0,718.0,929.5,154.5,101.0,750.6923076923077,730.0,135.0,117.83333333333337,1195.6666666666667,770.5,122.66666666666652,98.8947368421052,822.1578947368421,1219.421052631579,141.15789473684208,36.0,1312.0,523.0,38.0
753,102.66666666666663,798.0,712.0,143.0,128.16666666666674,1434.5,607.6666666666666,119.83333333333326,107.00000000000006,1315.4285714285713,463.2857142857143,139.0,107.0,974.2307692307693,1602.923076923077,130.46153846153834,125.95081967213105,1356.967213114754,1167.327868852459,109.68852459016398,115.5,1079.0,559.0,128.5,106.99999999999989,718.4285714285714,929.4285714285714,154.1428571428571,101.0,751.0769230769231,730.0,135.0,119.25,1194.5,769.75,122.5,97.73684210526335,822.8947368421053,1218.0526315789473,139.8947368421052,36.0,1310.3333333333333,552.3333333333334,38.0
754,102.73333333333335,797.8,711.0,142.60000000000002,129.58333333333326,1431.75,611.3333333333334,120.91666666666674,107.0,1312.857142857143,464.57142857142856,139.0,107.0,974.6923076923077,1602.7692307692307,129.88461538461536,126.45901639344243,1352.639344262295,1166.6065573770493,109.57377049180332,116.0,1077.2,558.0,129.79999999999995,108.0,718.8571428571429,929.3571428571429,153.78571428571422,101.0,751.4615384615385,730.0,135.0,120.66666666666663,1193.3333333333333,769.0,122.33333333333348,96.57894736842104,823.6315789473684,1216.6842105263158,138.63157894736844,36.0,1308.6666666666667,581.6666666666666,38.0
755,102.79999999999995,797.6,710.0,142.19999999999993,131.0,1429.0,615.0,122.0,107.00000000000006,1310.2857142857142,465.85714285714283,139.0,107.0,975.1538461538462,1602.6153846153845,129.30769230769238,126.96721311475403,1348.311475409836,1165.8852459016393,109.45901639344265,116.5,1075.4,557.0,131.0999999999999,108.99999999999989,719.2857142857143,929.2857142857143,153.42857142857133,101.0,751.8461538461538,730.0,135.0,122.08333333333337,1192.1666666666667,768.25,122.16666666666652,95.42105263157896,824.3684210526316,1215.3157894736842,137.36842105263156,36.0,1307.0,611.0,38.0
756,102.86666666666667,797.4,709.0,141.80000000000007,128.0,1426.5,617.75,123.5,106.99999999999994,1307.7142857142858,467.14285714285717,139.0,107.0,975.6153846153846,1602.4615384615386,128.73076923076917,127.47540983606541,1343.983606557377,1165.1639344262296,109.34426229508199,117.0,1073.6,556.0,132.4000000000001,110.00000000000011,719.7142857142857,929.2142857142857,153.07142857142867,101.0,752.2307692307693,730.0,135.0,123.5,1191.0,767.5,122.0,94.26315789473665,825.1052631578947,1213.9473684210527,136.1052631578948,36.0,1307.6666666666667,640.6666666666666,38.0
757,102.93333333333328,797.2,708.0,141.39999999999998,125.0,1424.0,620.5,125.0,107.0,1305.142857142857,468.42857142857144,139.0,107.0,976.0769230769231,1602.3076923076924,128.1538461538462,127.98360655737702,1339.655737704918,1164.4426229508197,109.22950819672133,117.5,1071.8,555.0,133.70000000000005,111.0,720.1428571428571,929.1428571428571,152.71428571428578,101.0,752.6153846153846,730.0,135.0,124.91666666666663,1189.8333333333333,766.75,121.83333333333348,93.1052631578948,825.8421052631579,1212.578947368421,134.84210526315792,36.0,1308.3333333333333,670.3333333333334,38.0
758,103.0,797.0,707.0,141.0,122.0,1421.5,623.25,126.5,106.99999999999994,1302.5714285714287,469.7142857142857,139.0,107.0,976.5384615384615,1602.1538461538462,127.57692307692298,128.4918032786884,1335.327868852459,1163.72131147541,109.11475409836066,118.0,1070.0,554.0,135.0,112.00000000000011,720.5714285714286,929.0714285714286,152.3571428571429,101.0,753.0,730.0,135.0,126.33333333333337,1188.6666666666667,766.0,121.66666666666652,91.94736842105272,826.578947368421,1211.2105263157894,133.57894736842104,36.0,1309.0,700.0,38.0
759,104.11111111111109,797.5555555555555,705.7777777777778,140.33333333333337,119.0,1419.0,626.0,128.0,107.0,1300.0,471.0,139.0,107.0,977.0,1602.0,127.0,129.0,1331.0,1163.0,109.0,116.90909090909099,1072.8181818181818,554.5454545454545,131.63636363636374,113.0,721.0,929.0,152.0,101.0,753.3846153846154,730.0,135.0,127.75,1187.5,765.25,121.5,90.7894736842104,827.3157894736842,1209.842105263158,132.31578947368428,36.0,1309.6666666666667,729.6666666666666,38.0
760,105.22222222222229,798.1111111111111,704.5555555555555,139.66666666666674,118.72549019607845,1418.0980392156862,629.2745098039215,127.78431372549039,109.00000000000006,1294.9411764705883,469.8235294117647,140.29411764705878,107.0,976.0869565217391,1601.9130434782608,128.43478260869563,128.44444444444434,1328.2222222222222,1164.7777777777778,112.0,115.81818181818176,1075.6363636363637,555.0909090909091,128.27272727272725,112.84000000000003,723.4,929.84,152.64,101.0,753.7692307692307,730.0,135.0,129.16666666666663,1186.3333333333333,764.5,121.33333333333348,89.63157894736855,828.0526315789474,1208.4736842105262,131.05263157894728,36.0,1310.3333333333333,759.3333333333334,38.0
761,106.33333333333326,798.6666666666666,703.3333333333334,139.0,118.45098039215691,1417.1960784313726,632.5490196078431,127.56862745098033,111.0,1289.8823529411766,468.6470588235294,141.58823529411757,107.0,975.1739130434783,1601.8260869565217,129.86956521739125,127.88888888888869,1325.4444444444443,1166.5555555555557,115.0,114.72727272727275,1078.4545454545455,555.6363636363636,124.90909090909076,112.67999999999995,725.8,930.68,153.2800000000001,101.0,754.1538461538462,730.0,135.0,130.58333333333337,1185.1666666666667,763.75,121.16666666666652,88.47368421052624,828.7894736842105,1207.1052631578948,129.78947368421052,36.0,1311.0,789.0,38.0
762,107.44444444444446,799.2222222222222,702.1111111111111,138.33333333333337,118.17647058823525,1416.2941176470588,635.8235294117648,127.35294117647072,113.0,1284.8235294117646,467.47058823529414,142.88235294117658,107.0,974.2608695652174,1601.7391304347825,131.30434782608688,127.33333333333348,1322.6666666666667,1168.3333333333333,118.0,113.63636363636374,1081.2727272727273,556.1818181818181,121.5454545454545,112.51999999999998,728.2,931.52,153.91999999999996,101.0,754.5384615384615,730.0,135.0,132.0,1184.0,763.0,121.0,87.31578947368416,829.5263157894736,1205.7368421052631,128.52631578947376,36.0,1311.6666666666667,818.6666666666667,38.0
763,108.55555555555554,799.7777777777778,700.8888888888889,137.66666666666663,117.9019607843137,1415.3921568627452,639.0980392156863,127.13725490196066,114.99999999999994,1279.764705882353,466.29411764705884,144.17647058823536,107.0,973.3478260869565,1601.6521739130435,132.73913043478274,126.77777777777783,1319.888888888889,1170.111111111111,121.0,112.5454545454545,1084.090909090909,556.7272727272727,118.18181818181824,112.36000000000001,730.6,932.36,154.55999999999995,101.0,754.9230769230769,730.0,135.0,131.21428571428578,1184.2142857142858,766.2142857142857,120.78571428571422,86.15789473684208,830.2631578947369,1204.3684210526317,127.26315789473676,36.0,1312.3333333333333,848.3333333333333,38.0
764,109.66666666666674,800.3333333333334,699.6666666666666,137.0,117.62745098039215,1414.4901960784314,642.3725490196078,126.92156862745105,117.0,1274.7058823529412,465.11764705882354,145.47058823529414,107.0,972.4347826086956,1601.5652173913043,134.17391304347836,126.22222222222217,1317.111111111111,1171.888888888889,124.0,111.4545454545455,1086.909090909091,557.2727272727273,114.81818181818176,112.20000000000005,733.0,933.2,155.20000000000005,101.0,755.3076923076923,730.0,135.0,130.42857142857144,1184.4285714285713,769.4285714285714,120.57142857142867,85.0,831.0,1203.0,126.0,36.0,1313.0,878.0,38.0
765,110.77777777777771,800.8888888888889,698.4444444444445,136.33333333333326,117.35294117647061,1413.5882352941176,645.6470588235294,126.70588235294122,119.00000000000006,1269.6470588235295,463.94117647058823,146.76470588235293,107.0,971.5217391304348,1601.4782608695652,135.608695652174,125.66666666666652,1314.3333333333333,1173.6666666666667,127.0,110.36363636363626,1089.7272727272727,557.8181818181819,111.4545454545455,112.03999999999996,735.4,934.04,155.84000000000003,101.0,755.6923076923077,730.0,135.0,129.64285714285722,1184.642857142857,772.6428571428571,120.35714285714289,85.14814814814804,832.1481481481482,1202.6666666666667,126.44444444444446,36.0,1313.6666666666667,907.6666666666667,38.0
766,111.88888888888891,801.4444444444445,697.2222222222222,135.66666666666663,117.07843137254906,1412.686274509804,648.9215686274509,126.49019607843138,121.0,1264.5882352941176,462.7647058823529,148.05882352941194,107.0,970.6086956521739,1601.391304347826,137.04347826086962,125.11111111111131,1311.5555555555557,1175.4444444444443,130.0,109.27272727272725,1092.5454545454545,558.3636363636364,108.09090909090924,111.88,737.8,934.88,156.48000000000002,101.0,756.0769230769231,730.0,135.0,128.85714285714278,1184.857142857143,775.8571428571429,120.14285714285711,85.2962962962963,833.2962962962963,1202.3333333333333,126.88888888888891,36.0,1314.3333333333333,937.3333333333333,38.0
767,113.0,802.0,696.0,135.0,116.8039215686274,1411.7843137254902,652.1960784313726,126.27450980392155,123.00000000000006,1259.5294117647059,461.5882352941176,149.35294117647072,107.0,969.695652173913,1601.304347826087,138.47826086956525,124.55555555555566,1308.7777777777778,1177.2222222222222,133.0,108.18181818181824,1095.3636363636363,558.9090909090909,104.72727272727275,111.72000000000003,740.2,935.72,157.12,101.0,756.4615384615385,730.0,135.0,128.07142857142856,1185.0714285714287,779.0714285714286,119.92857142857133,85.44444444444434,834.4444444444445,1202.0,127.33333333333337,36.0,1315.0,967.0,38.0
768,112.09999999999991,802.2,696.7,134.79999999999995,116.52941176470586,1410.8823529411766,655.4705882352941,126.05882352941171,124.99999999999994,1254.4705882352941,460.4117647058824,150.64705882352928,107.0,968.7826086956521,1601.2173913043478,139.91304347826087,124.0,1306.0,1179.0,136.0,107.09090909090901,1098.1818181818182,559.4545454545455,101.36363636363626,111.55999999999995,742.6,936.56,157.76,101.0,756.8461538461538,730.0,135.0,127.28571428571422,1185.2857142857142,782.2857142857143,119.71428571428578,85.59259259259261,835.5925925925926,1201.6666666666667,127.77777777777771,36.000000000000114,1317.7777777777778,993.6666666666666,38.0
769,111.20000000000005,802.4,697.4,134.60000000000002,116.25490196078431,1409.9803921568628,658.7450980392157,125.84313725490188,127.0,1249.4117647058824,459.2352941176471,151.94117647058806,107.0,967.8695652173913,1601.1304347826087,141.3478260869565,123.75,1306.75,1180.75,135.375,106.0,1101.0,560.0,98.0,111.39999999999998,745.0,937.4,158.39999999999998,101.0,757.2307692307693,730.0,135.0,126.5,1185.5,785.5,119.5,85.74074074074088,836.7407407407408,1201.3333333333333,128.22222222222217,35.999999999999886,1320.5555555555557,1020.3333333333334,38.0
770,110.29999999999995,802.6,698.1,134.39999999999998,115.98039215686276,1409.078431372549,662.0196078431372,125.62745098039227,128.99999999999994,1244.3529411764705,458.05882352941177,153.23529411764707,107.0,966.9565217391304,1601.0434782608695,142.78260869565213,123.5,1307.5,1182.5,134.75,104.42857142857144,1102.857142857143,562.7142857142857,101.85714285714289,111.24000000000001,747.4,938.24,159.04000000000008,101.0,757.6153846153846,730.0,135.0,125.71428571428578,1185.7142857142858,788.7142857142857,119.28571428571422,85.88888888888891,837.8888888888889,1201.0,128.66666666666663,36.0,1323.3333333333333,1047.0,38.0
771,109.40000000000009,802.8,698.8,134.20000000000005,115.70588235294122,1408.1764705882354,665.2941176470588,125.4117647058822,131.0,1239.2941176470588,456.88235294117646,154.52941176470586,107.0,966.0434782608696,1600.9565217391305,144.21739130434787,123.25,1308.25,1184.25,134.125,102.85714285714289,1104.7142857142858,565.4285714285714,105.71428571428555,111.08000000000004,749.8,939.08,159.68000000000006,101.0,758.0,730.0,135.0,124.92857142857144,1185.9285714285713,791.9285714285714,119.07142857142867,86.03703703703695,839.0370370370371,1200.6666666666667,129.1111111111111,36.0,1326.111111111111,1073.6666666666667,38.0
772,108.5,803.0,699.5,134.0,115.43137254901967,1407.2745098039215,668.5686274509803,125.1960784313726,133.00000000000006,1234.235294117647,455.70588235294116,155.82352941176464,107.0,965.1304347826087,1600.8695652173913,145.6521739130435,123.0,1309.0,1186.0,133.5,101.28571428571433,1106.5714285714287,568.1428571428571,109.57142857142844,110.91999999999996,752.2,939.92,160.31999999999994,100.5,758.8571428571429,730.7142857142857,134.96428571428567,124.14285714285722,1186.142857142857,795.1428571428571,118.85714285714289,86.18518518518522,840.1851851851852,1200.3333333333333,129.55555555555554,36.0,1328.888888888889,1100.3333333333333,38.0
773,107.59999999999991,803.2,700.2,133.79999999999995,115.15686274509801,1406.3725490196077,671.843137254902,124.98039215686276,135.0,1229.1764705882354,454.52941176470586,157.11764705882342,107.0,964.2173913043479,1600.7826086956522,147.08695652173913,122.75,1309.75,1187.75,132.875,99.71428571428567,1108.4285714285713,570.8571428571429,113.42857142857156,110.75999999999999,754.6,940.76,160.95999999999992,100.0,759.7142857142857,731.4285714285714,134.92857142857144,123.35714285714278,1186.357142857143,798.3571428571429,118.64285714285711,86.33333333333326,841.3333333333334,1200.0,130.0,36.0,1331.6666666666667,1127.0,38.0
774,106.70000000000005,803.4,700.9,133.60000000000002,114.88235294117646,1405.4705882352941,675.1176470588235,124.76470588235293,137.0,1224.1176470588234,453.3529411764706,158.41176470588243,107.0,963.304347826087,1600.695652173913,148.52173913043475,122.5,1310.5,1189.5,132.25,98.14285714285711,1110.2857142857142,573.5714285714286,117.28571428571445,110.60000000000002,757.0,941.6,161.60000000000002,99.5,760.5714285714286,732.1428571428571,134.8928571428571,122.57142857142856,1186.5714285714287,801.5714285714286,118.42857142857133,86.4814814814813,842.4814814814815,1199.6666666666667,130.44444444444446,36.0,1334.4444444444443,1153.6666666666667,38.0
775,105.79999999999995,803.6,701.6,133.39999999999998,114.60784313725492,1404.5686274509803,678.3921568627451,124.54901960784309,138.99999999999994,1219.0588235294117,452.1764705882353,159.70588235294122,107.0,962.3913043478261,1600.608695652174,149.95652173913038,122.25,1311.25,1191.25,131.625,96.57142857142856,1112.142857142857,576.2857142857143,121.14285714285711,110.44000000000005,759.4,942.44,162.24,99.0,761.4285714285714,732.8571428571429,134.8571428571429,121.78571428571422,1186.7857142857142,804.7857142857143,118.21428571428578,86.62962962962979,843.6296296296297,1199.3333333333333,130.8888888888888,36.0,1337.2222222222222,1180.3333333333333,38.0
776,104.90000000000009,803.8,702.3,133.20000000000005,114.33333333333337,1403.6666666666667,681.6666666666666,124.33333333333326,141.0,1214.0,451.0,161.0,107.0,961.4782608695652,1600.5217391304348,151.391304347826,122.0,1312.0,1193.0,131.0,95.0,1114.0,579.0,125.0,110.27999999999997,761.8,943.28,162.8800000000001,98.5,762.2857142857143,733.5714285714286,134.82142857142856,121.0,1187.0,808.0,118.0,86.77777777777783,844.7777777777778,1199.0,131.33333333333326,36.0,1340.0,1207.0,38.0
777,104.0,804.0,703.0,133.0,114.05882352941171,1402.764705882353,684.9411764705883,124.11764705882365,139.5294117647059,1209.235294117647,454.94117647058823,161.11764705882342,107.0,960.5652173913044,1600.4347826086957,152.82608695652164,121.63636363636374,1312.1818181818182,1194.3636363636363,130.27272727272725,98.5454545454545,1115.8181818181818,581.7272727272727,125.5454545454545,110.12,764.2,944.12,163.51999999999998,98.0,763.1428571428571,734.2857142857143,134.78571428571433,120.0,1188.5,822.0,118.0,86.92592592592587,845.925925925926,1198.6666666666667,131.77777777777771,36.0,1342.6666666666667,1208.3333333333333,38.0
778,103.83333333333337,805.0,703.6666666666666,133.66666666666663,113.78431372549016,1401.862745098039,688.2156862745098,123.90196078431381,138.05882352941182,1204.4705882352941,458.88235294117646,161.23529411764707,107.0,959.6521739130435,1600.3478260869565,154.26086956521726,121.27272727272725,1312.3636363636363,1195.7272727272727,129.54545454545473,102.09090909090901,1117.6363636363637,584.4545454545455,126.09090909090901,109.96000000000004,766.6,944.96,164.15999999999997,97.5,764.0,735.0,134.75,119.0,1190.0,836.0,118.0,87.07407407407413,847.074074074074,1198.3333333333333,132.22222222222229,36.0,1345.3333333333333,1209.6666666666667,38.0
779,103.66666666666663,806.0,704.3333333333334,134.33333333333337,113.50980392156862,1400.9607843137255,691.4901960784314,123.68627450980398,136.58823529411762,1199.7058823529412,462.8235294117647,161.3529411764705,107.0,958.7391304347826,1600.2608695652175,155.69565217391312,120.90909090909099,1312.5454545454545,1197.090909090909,128.81818181818176,105.63636363636374,1119.4545454545455,587.1818181818181,126.63636363636351,109.79999999999995,769.0,945.8,164.79999999999995,97.0,764.8571428571429,735.7142857142857,134.71428571428567,118.11111111111109,1190.7777777777778,845.0,117.77777777777783,87.22222222222217,848.2222222222222,1198.0,132.66666666666674,36.0,1348.0,1211.0,38.0
780,103.5,807.0,705.0,135.0,113.23529411764707,1400.0588235294117,694.7647058823529,123.47058823529414,135.11764705882354,1194.9411764705883,466.7647058823529,161.47058823529414,107.0,957.8260869565217,1600.1739130434783,157.13043478260875,120.5454545454545,1312.7272727272727,1198.4545454545455,128.090909090909,109.18181818181824,1121.2727272727273,589.9090909090909,127.18181818181824,109.63999999999999,771.4,946.64,165.44000000000005,96.5,765.7142857142857,736.4285714285714,134.67857142857144,117.22222222222217,1191.5555555555557,854.0,117.55555555555543,87.37037037037021,849.3703703703703,1197.6666666666667,133.1111111111112,36.0,1348.0,1212.5,38.0
781,103.33333333333337,808.0,705.6666666666666,135.66666666666663,112.96078431372553,1399.1568627450981,698.0392156862745,123.25490196078431,133.64705882352945,1190.1764705882354,470.70588235294116,161.58823529411757,107.0,956.9130434782609,1600.0869565217392,158.56521739130437,120.18181818181824,1312.909090909091,1199.8181818181818,127.36363636363626,112.72727272727275,1123.090909090909,592.6363636363636,127.72727272727275,109.48000000000002,773.8,947.48,166.08000000000004,96.0,766.5714285714286,737.1428571428571,134.6428571428571,116.33333333333337,1192.3333333333333,863.0,117.33333333333348,87.5185185185187,850.5185185185185,1197.3333333333333,133.55555555555566,36.0,1348.0,1214.0,38.0
782,103.16666666666663,809.0,706.3333333333334,136.33333333333337,112.68627450980398,1398.2549019607843,701.313725490196,123.03921568627447,132.17647058823536,1185.4117647058824,474.6470588235294,161.705882352941,107.0,956.0,1600.0,160.0,119.81818181818176,1313.090909090909,1201.1818181818182,126.63636363636374,116.27272727272725,1124.909090909091,595.3636363636364,128.27272727272725,109.32000000000005,776.2,948.32,166.7199999999999,95.5,767.4285714285714,737.8571428571429,134.6071428571429,115.44444444444446,1193.111111111111,872.0,117.11111111111109,87.66666666666674,851.6666666666666,1197.0,134.0,36.0,1348.0,1215.5,38.0
783,103.0,810.0,707.0,137.0,112.41176470588232,1397.3529411764705,704.5882352941177,122.82352941176487,130.70588235294116,1180.6470588235295,478.5882352941176,161.82352941176464,106.10000000000014,954.5,1600.6,155.4000000000001,119.4545454545455,1313.2727272727273,1202.5454545454545,125.90909090909099,119.81818181818176,1126.7272727272727,598.0909090909091,128.81818181818176,109.15999999999997,778.6,949.16,167.36,95.0,768.2857142857143,738.5714285714286,134.57142857142856,114.55555555555554,1193.888888888889,881.0,116.88888888888891,87.81481481481478,852.8148148148148,1196.6666666666667,134.44444444444446,36.0,1348.0,1217.0,38.0
784,102.83333333333337,811.0,707.6666666666666,137.66666666666663,112.13725490196077,1396.450980392157,707.8627450980392,122.6078431372548,129.23529411764707,1175.8823529411766,482.52941176470586,161.94117647058806,105.20000000000005,953.0,1601.2,150.79999999999995,119.09090909090901,1313.4545454545455,1203.909090909091,125.18181818181824,123.36363636363626,1128.5454545454545,600.8181818181819,129.3636363636365,109.0,781.0,950.0,168.0,94.5,769.1428571428571,739.2857142857143,134.53571428571433,113.66666666666663,1194.6666666666667,890.0,116.66666666666652,87.96296296296305,853.9629629629629,1196.3333333333333,134.8888888888889,36.0,1345.875,1219.625,38.0
785,102.66666666666663,812.0,708.3333333333334,138.33333333333337,111.86274509803923,1395.549019607843,711.1372549019608,122.3921568627452,127.76470588235293,1171.1176470588234,486.47058823529414,162.05882352941194,104.29999999999995,951.5,1601.8,146.20000000000005,118.72727272727275,1313.6363636363637,1205.2727272727273,124.45454545454527,126.90909090909099,1130.3636363636363,603.5454545454545,129.909090909091,109.18181818181813,782.1363636363636,949.3636363636364,167.27272727272725,94.0,770.0,740.0,134.5,112.77777777777783,1195.4444444444443,899.0,116.44444444444457,88.11111111111109,855.1111111111111,1196.0,135.33333333333337,36.0,1343.75,1222.25,38.0
786,102.5,813.0,709.0,139.0,111.58823529411768,1394.6470588235295,714.4117647058823,122.17647058823513,126.29411764705884,1166.3529411764705,490.4117647058824,162.17647058823536,103.39999999999986,950.0,1602.4,141.5999999999999,118.36363636363626,1313.8181818181818,1206.6363636363637,123.72727272727275,130.4545454545455,1132.1818181818182,606.2727272727273,130.4545454545455,109.36363636363626,783.2727272727273,948.7272727272727,166.54545454545462,93.5,770.8571428571429,740.7142857142857,134.46428571428567,111.88888888888891,1196.2222222222222,908.0,116.22222222222217,88.25925925925912,856.2592592592592,1195.6666666666667,135.77777777777783,36.0,1341.625,1224.875,38.0
787,102.33333333333337,814.0,709.6666666666666,139.66666666666663,111.31372549019602,1393.7450980392157,717.686274509804,121.96078431372553,124.82352941176464,1161.5882352941176,494.3529411764706,162.294117647059,102.5,948.5,1603.0,137.0,118.0,1314.0,1208.0,123.0,134.0,1134.0,609.0,131.0,109.54545454545462,784.4090909090909,948.0909090909091,165.81818181818187,93.0,771.7142857142857,741.4285714285714,134.42857142857144,111.0,1197.0,917.0,116.0,88.40740740740739,857.4074074074074,1195.3333333333333,136.22222222222229,36.0,1339.5,1227.5,38.0
788,102.16666666666663,815.0,710.3333333333334,140.33333333333337,111.03921568627447,1392.8431372549019,720.9607843137255,121.74509803921569,123.35294117647055,1156.8235294117646,498.29411764705884,162.41176470588243,101.60000000000014,947.0,1603.6,132.4000000000001,115.88888888888891,1312.2222222222222,1210.7777777777778,124.77777777777783,133.55555555555554,1136.3055555555557,613.5,130.6111111111111,109.72727272727275,785.5454545454545,947.4545454545455,165.09090909090912,92.5,772.5714285714286,742.1428571428571,134.3928571428571,110.27272727272725,1194.8181818181818,926.7272727272727,115.81818181818198,88.55555555555566,858.5555555555555,1195.0,136.66666666666663,36.0,1337.375,1230.125,38.0
789,102.0,816.0,711.0,141.0,110.76470588235293,1391.9411764705883,724.2352941176471,121.52941176470586,121.88235294117646,1152.0588235294117,502.2352941176471,162.52941176470586,100.70000000000005,945.5,1604.2,127.79999999999995,113.7777777777776,1310.4444444444443,1213.5555555555557,126.55555555555566,133.1111111111111,1138.611111111111,618.0,130.22222222222217,109.90909090909088,786.6818181818181,946.8181818181819,164.36363636363637,92.0,773.4285714285714,742.8571428571429,134.3571428571429,109.5454545454545,1192.6363636363637,936.4545454545455,115.63636363636351,88.7037037037037,859.7037037037037,1194.6666666666667,137.1111111111111,36.0,1335.25,1232.75,38.0
790,101.76923076923083,819.9230769230769,712.7692307692307,141.76923076923083,110.49019607843138,1391.0392156862745,727.5098039215686,121.31372549019602,120.41176470588238,1147.2941176470588,506.1764705882353,162.6470588235295,99.79999999999995,944.0,1604.8,123.20000000000005,111.66666666666674,1308.6666666666667,1216.3333333333333,128.33333333333326,132.66666666666663,1140.9166666666667,622.5,129.83333333333326,110.09090909090912,787.8181818181819,946.1818181818181,163.63636363636363,91.5,774.2857142857143,743.5714285714286,134.32142857142856,108.81818181818187,1190.4545454545455,946.1818181818181,115.4545454545455,88.85185185185196,860.8518518518518,1194.3333333333333,137.55555555555554,36.0,1333.125,1235.375,38.0
791,101.53846153846155,823.8461538461538,714.5384615384615,142.53846153846155,110.21568627450984,1390.137254901961,730.7843137254902,121.09803921568619,118.94117647058818,1142.5294117647059,510.11764705882354,162.76470588235293,98.89999999999986,942.5,1605.4,118.59999999999991,109.55555555555566,1306.888888888889,1219.111111111111,130.1111111111111,132.22222222222217,1143.2222222222222,627.0,129.44444444444457,110.27272727272725,788.9545454545455,945.5454545454545,162.90909090909088,91.0,775.1428571428571,744.2857142857143,134.28571428571433,108.09090909090912,1188.2727272727273,955.9090909090909,115.27272727272725,89.0,862.0,1194.0,138.0,36.0,1331.0,1238.0,38.0
792,101.30769230769238,827.7692307692307,716.3076923076923,143.30769230769238,109.94117647058829,1389.235294117647,734.0588235294117,120.88235294117635,117.47058823529414,1137.764705882353,514.0588235294117,162.88235294117658,98.0,941.0,1606.0,114.0,107.44444444444434,1305.111111111111,1221.888888888889,131.8888888888889,131.77777777777783,1145.5277777777778,631.5,129.05555555555543,110.45454545454538,790.0909090909091,944.9090909090909,162.18181818181813,90.5,776.0,745.0,134.25,107.36363636363637,1186.090909090909,965.6363636363636,115.09090909090924,89.86666666666679,861.0666666666667,1194.5333333333333,138.0666666666666,36.0,1329.6,1241.6,38.0
793,101.0769230769231,831.6923076923077,718.0769230769231,144.07692307692298,109.66666666666663,1388.3333333333333,737.3333333333334,120.66666666666674,116.0,1133.0,518.0,163.0,98.3599999999999,940.44,1606.4,114.51999999999998,105.33333333333326,1303.3333333333333,1224.6666666666667,133.66666666666674,131.33333333333337,1147.8333333333333,636.0,128.66666666666674,110.63636363636374,791.2272727272727,944.2727272727273,161.45454545454538,90.0,776.8571428571429,745.7142857142857,134.21428571428567,106.63636363636363,1183.909090909091,975.3636363636364,114.90909090909076,90.73333333333335,860.1333333333333,1195.0666666666666,138.13333333333333,36.0,1328.2,1245.2,38.0
794,100.84615384615392,835.6153846153846,719.8461538461538,144.8461538461538,109.39215686274508,1387.4313725490197,740.6078431372549,120.45098039215691,114.52941176470586,1128.235294117647,521.9411764705883,163.11764705882342,98.72000000000003,939.88,1606.8,115.04000000000008,103.2222222222224,1301.5555555555557,1227.4444444444443,135.44444444444434,130.8888888888889,1150.138888888889,640.5,128.27777777777783,110.81818181818187,792.3636363636364,943.6363636363636,160.72727272727275,89.5,777.7142857142857,746.4285714285714,134.17857142857144,105.90909090909088,1181.7272727272727,985.0909090909091,114.72727272727275,91.60000000000014,859.2,1195.6,138.19999999999993,36.0,1326.8,1248.8,38.0
795,100.61538461538464,839.5384615384615,721.6153846153846,145.61538461538464,109.11764705882354,1386.5294117647059,743.8823529411765,120.23529411764707,113.05882352941182,1123.4705882352941,525.8823529411765,163.23529411764707,99.07999999999993,939.32,1607.2,115.56000000000006,101.11111111111109,1299.7777777777778,1230.2222222222222,137.22222222222217,130.44444444444446,1152.4444444444443,645.0,127.88888888888891,111.0,793.5,943.0,160.0,89.0,778.5714285714286,747.1428571428571,134.1428571428571,105.18181818181813,1179.5454545454545,994.8181818181819,114.5454545454545,92.46666666666647,858.2666666666667,1196.1333333333334,138.26666666666665,36.0,1325.4,1252.4,38.0
796,100.38461538461536,843.4615384615385,723.3846153846154,146.38461538461536,108.84313725490199,1385.627450980392,747.156862745098,120.01960784313746,111.58823529411757,1118.7058823529412,529.8235294117648,163.3529411764705,99.44000000000005,938.76,1607.6,116.07999999999993,99.0,1298.0,1233.0,139.0,130.0,1154.75,649.5,127.5,111.18181818181813,794.6363636363636,942.3636363636364,159.27272727272725,88.5,779.4285714285714,747.8571428571429,134.1071428571429,104.4545454545455,1177.3636363636363,1004.5454545454545,114.36363636363649,93.33333333333326,857.3333333333334,1196.6666666666667,138.33333333333326,36.0,1324.0,1256.0,38.0
797,100.15384615384608,847.3846153846154,725.1538461538462,147.1538461538462,108.56862745098033,1384.7254901960785,750.4313725490197,119.8039215686274,110.11764705882354,1113.9411764705883,533.7647058823529,163.47058823529414,99.79999999999995,938.2,1608.0,116.59999999999991,100.29999999999995,1296.2,1231.7,136.0999999999999,129.55555555555554,1157.0555555555557,654.0,127.11111111111109,111.36363636363626,795.7727272727273,941.7272727272727,158.54545454545462,88.0,780.2857142857143,748.5714285714286,134.07142857142856,103.72727272727275,1175.1818181818182,1014.2727272727273,114.18181818181802,94.20000000000005,856.4,1197.2,138.39999999999998,36.0,1320.8333333333333,1258.1666666666667,38.0
798,99.9230769230769,851.3076923076923,726.9230769230769,147.92307692307702,108.29411764705878,1383.8235294117646,753.7058823529412,119.5882352941178,108.64705882352939,1109.1764705882354,537.7058823529412,163.58823529411757,100.15999999999985,937.64,1608.4,117.12,101.59999999999991,1294.4,1230.4,133.19999999999982,129.1111111111111,1159.361111111111,658.5,126.72222222222217,111.54545454545462,796.9090909090909,941.0909090909091,157.81818181818187,87.5,781.1428571428571,749.2857142857143,134.03571428571433,103.0,1173.0,1024.0,114.0,95.0666666666666,855.4666666666667,1197.7333333333333,138.46666666666658,36.0,1317.6666666666667,1260.3333333333333,38.0
799,99.69230769230762,855.2307692307693,728.6923076923077,148.69230769230762,108.01960784313724,1382.921568627451,756.9803921568628,119.37254901960773,107.17647058823536,1104.4117647058824,541.6470588235294,163.705882352941,100.51999999999998,937.08,1608.8,117.63999999999999,102.90000000000009,1292.6,1229.1,130.30000000000018,128.66666666666663,1161.6666666666667,663.0,126.33333333333326,111.72727272727275,798.0454545454545,940.4545454545455,157.09090909090912,87.0,782.0,750.0,134.0,104.79999999999995,1171.7,1029.5,115.70000000000005,95.9333333333334,854.5333333333333,1198.2666666666667,138.53333333333342,36.0,1314.5,1262.5,38.0
800,99.46153846153845,859.1538461538462,730.4615384615385,149.46153846153845,107.74509803921569,1382.0196078431372,760.2549019607843,119.15686274509812,105.7058823529411,1099.6470588235295,545.5882352941177,163.82352941176464,100.87999999999988,936.52,1609.2,118.16000000000008,104.20000000000005,1290.8,1227.8,127.40000000000009,128.22222222222217,1163.9722222222222,667.5,125.94444444444457,111.90909090909088,799.1818181818181,939.8181818181819,156.36363636363637,86.68181818181824,781.3636363636364,751.9090909090909,134.72727272727275,106.59999999999991,1170.4,1035.0,117.39999999999986,96.79999999999995,853.6,1198.8,138.60000000000002,36.0,1311.3333333333333,1264.6666666666667,38.0
801,99.23076923076917,863.0769230769231,732.2307692307693,150.23076923076917,107.47058823529414,1381.1176470588234,763.5294117647059,118.94117647058829,104.23529411764707,1094.8823529411766,549.5294117647059,163.94117647058806,101.24000000000001,935.96,1609.6,118.68000000000006,105.5,1289.0,1226.5,124.5,127.77777777777783,1166.2777777777778,672.0,125.55555555555543,112.09090909090912,800.3181818181819,939.1818181818181,155.63636363636363,86.36363636363626,780.7272727272727,753.8181818181819,135.45454545454538,108.40000000000009,1169.1,1040.5,119.10000000000014,97.66666666666674,852.6666666666666,1199.3333333333333,138.66666666666674,36.0,1308.1666666666667,1266.8333333333333,38.0
802,99.0,867.0,734.0,151.0,107.1960784313726,1380.2156862745098,766.8039215686274,118.72549019607845,102.76470588235293,1090.1176470588234,553.4705882352941,164.05882352941194,101.59999999999991,935.4,1610.0,119.19999999999993,106.79999999999995,1287.2,1225.2,121.59999999999991,127.33333333333337,1168.5833333333333,676.5,125.16666666666674,112.27272727272725,801.4545454545455,938.5454545454545,154.90909090909088,86.0454545454545,780.0909090909091,755.7272727272727,136.18181818181813,110.20000000000005,1167.8,1046.0,120.79999999999995,98.53333333333353,851.7333333333333,1199.8666666666666,138.73333333333335,36.0,1305.0,1269.0,38.0
803,97.0,872.0,731.0,149.0,106.92156862745094,1379.313725490196,770.0784313725491,118.50980392156862,101.2941176470589,1085.3529411764707,557.4117647058823,164.17647058823513,101.95999999999981,934.84,1610.4,119.71999999999991,108.09999999999991,1285.4,1223.9,118.69999999999982,126.88888888888891,1170.888888888889,681.0,124.77777777777783,112.45454545454538,802.5909090909091,937.9090909090909,154.18181818181813,85.72727272727275,779.4545454545455,757.6363636363636,136.90909090909088,112.0,1166.5,1051.5,122.5,99.39999999999986,850.8,1200.4,138.80000000000007,36.0,1303.6666666666667,1268.1666666666667,38.0
804,98.57142857142856,879.7142857142857,733.5714285714286,148.28571428571433,106.64705882352939,1378.4117647058824,773.3529411764706,118.29411764705878,99.82352941176464,1080.5882352941176,561.3529411764706,164.294117647059,102.31999999999994,934.28,1610.8,120.24000000000001,109.40000000000009,1283.6,1222.6,115.80000000000018,126.44444444444446,1173.1944444444443,685.5,124.38888888888891,112.63636363636374,803.7272727272727,937.2727272727273,153.45454545454538,85.40909090909099,778.8181818181819,759.5454545454545,137.63636363636363,113.79999999999995,1165.2,1057.0,124.20000000000005,100.26666666666665,849.8666666666667,1200.9333333333334,138.86666666666667,36.0,1302.3333333333333,1267.3333333333333,38.0
805,100.14285714285722,887.4285714285714,736.1428571428571,147.57142857142856,106.37254901960785,1377.5098039215686,776.6274509803922,118.07843137254895,98.35294117647061,1075.8235294117646,565.2941176470588,164.41176470588243,102.68000000000006,933.72,1611.2,120.75999999999999,110.70000000000005,1281.8,1221.3,112.90000000000009,126.0,1175.5,690.0,124.0,112.81818181818187,804.8636363636364,936.6363636363636,152.72727272727275,85.09090909090901,778.1818181818181,761.4545454545455,138.36363636363637,115.59999999999991,1163.9,1062.5,125.89999999999986,101.13333333333321,848.9333333333333,1201.4666666666667,138.9333333333334,36.0,1301.0,1266.5,38.0
806,101.71428571428578,895.1428571428571,738.7142857142857,146.8571428571429,106.0980392156863,1376.6078431372548,779.9019607843137,117.86274509803934,96.88235294117646,1071.0588235294117,569.2352941176471,164.52941176470586,103.04000000000019,933.16,1611.6,121.28000000000009,112.0,1280.0,1220.0,110.0,125.55555555555554,1177.8055555555557,694.5,123.61111111111109,113.0,806.0,936.0,152.0,84.77272727272725,777.5454545454545,763.3636363636364,139.09090909090912,117.40000000000009,1162.6,1068.0,127.60000000000014,102.0,848.0,1202.0,139.0,36.0,1299.6666666666667,1265.6666666666667,38.0
807,103.28571428571422,902.8571428571429,741.2857142857143,146.1428571428571,105.82352941176464,1375.7058823529412,783.1764705882354,117.64705882352928,95.41176470588243,1066.2941176470588,573.1764705882352,164.6470588235295,103.40000000000009,932.6,1612.0,121.80000000000007,112.90000000000009,1277.2,1220.5,113.0,125.11111111111109,1180.111111111111,699.0,123.22222222222217,112.99999999999989,804.3888888888889,936.8333333333334,152.0,84.4545454545455,776.9090909090909,765.2727272727273,139.81818181818187,119.20000000000005,1161.3,1073.5,129.29999999999995,102.5454545454545,846.3636363636364,1202.3181818181818,139.72727272727275,36.0,1298.3333333333333,1264.8333333333333,38.0
808,104.85714285714278,910.5714285714286,743.8571428571429,145.42857142857144,105.54901960784309,1374.8039215686274,786.4509803921569,117.43137254901967,93.94117647058818,1061.5294117647059,577.1176470588235,164.76470588235293,103.75999999999999,932.04,1612.4,122.31999999999994,113.79999999999995,1274.4,1221.0,116.0,124.66666666666663,1182.4166666666667,703.5,122.83333333333326,113.00000000000011,802.7777777777778,937.6666666666666,152.0,84.13636363636374,776.2727272727273,767.1818181818181,140.54545454545462,121.0,1160.0,1079.0,131.0,103.09090909090901,844.7272727272727,1202.6363636363637,140.45454545454538,36.0,1297.0,1264.0,38.0
809,106.42857142857144,918.2857142857143,746.4285714285714,144.71428571428567,105.27450980392155,1373.9019607843138,789.7254901960785,117.21568627450961,92.47058823529414,1056.764705882353,581.0588235294117,164.88235294117658,104.12000000000012,931.48,1612.8,122.83999999999992,114.70000000000005,1271.6,1221.5,119.0,124.22222222222217,1184.7222222222222,708.0,122.44444444444457,113.0,801.1666666666666,938.5,152.0,83.81818181818176,775.6363636363636,769.0909090909091,141.27272727272725,121.46153846153834,1160.3076923076924,1079.4615384615386,129.0,103.63636363636351,843.0909090909091,1202.9545454545455,141.18181818181813,36.0,1293.2,1263.4,38.0
810,108.0,926.0,749.0,144.0,105.0,1373.0,793.0,117.0,91.0,1052.0,585.0,165.0,104.48000000000002,930.92,1613.2,123.36000000000001,115.59999999999991,1268.8,1222.0,122.0,123.77777777777783,1187.0277777777778,712.5,122.05555555555543,112.99999999999989,799.5555555555555,939.3333333333334,152.0,83.5,775.0,771.0,142.0,121.9230769230769,1160.6153846153845,1079.923076923077,127.0,104.18181818181824,841.4545454545455,1203.2727272727273,141.90909090909088,36.0,1289.4,1262.8,38.0
811,109.16666666666674,932.0,757.6666666666666,143.33333333333326,104.83333333333337,1371.8333333333333,797.5,116.83333333333348,91.0,1044.7272727272727,588.0,164.72727272727275,104.84000000000015,930.36,1613.6,123.88,116.5,1266.0,1222.5,125.0,123.33333333333337,1189.3333333333333,717.0,121.66666666666674,113.00000000000011,797.9444444444445,940.1666666666666,152.0,83.18181818181824,774.3636363636364,772.9090909090909,142.72727272727275,122.38461538461524,1160.923076923077,1080.3846153846155,125.0,104.72727272727275,839.8181818181819,1203.590909090909,142.63636363636363,36.0,1285.6,1262.2,38.0
812,110.33333333333326,938.0,766.3333333333334,142.66666666666674,104.66666666666663,1370.6666666666667,802.0,116.66666666666652,91.0,1037.4545454545455,591.0,164.4545454545455,105.20000000000005,929.8,1614.0,124.40000000000009,117.40000000000009,1263.2,1223.0,128.0,122.88888888888891,1191.638888888889,721.5,121.27777777777783,113.0,796.3333333333334,941.0,152.0,82.86363636363626,773.7272727272727,774.8181818181819,143.45454545454538,122.84615384615381,1161.2307692307693,1080.8461538461538,123.0,105.27272727272725,838.1818181818181,1203.909090909091,143.36363636363637,36.0,1281.8,1261.6,38.0
813,111.5,944.0,775.0,142.0,104.5,1369.5,806.5,116.5,91.0,1030.1818181818182,594.0,164.18181818181802,105.55999999999995,929.24,1614.4,124.92000000000007,118.29999999999995,1260.4,1223.5,131.0,122.44444444444446,1193.9444444444443,726.0,120.88888888888891,112.99999999999989,794.7222222222222,941.8333333333334,152.0,82.5454545454545,773.0909090909091,776.7272727272727,144.18181818181813,123.30769230769215,1161.5384615384614,1081.3076923076924,121.0,105.81818181818176,836.5454545454545,1204.2272727272727,144.09090909090912,36.0,1278.0,1261.0,38.0
814,112.66666666666674,950.0,783.6666666666666,141.33333333333326,104.33333333333337,1368.3333333333333,811.0,116.33333333333348,91.0,1022.9090909090909,597.0,163.90909090909088,105.92000000000007,928.68,1614.8,125.43999999999994,119.20000000000005,1257.6,1224.0,134.0,122.0,1196.25,730.5,120.5,113.00000000000011,793.1111111111111,942.6666666666666,152.0,82.22727272727275,772.4545454545455,778.6363636363636,144.90909090909088,123.76923076923072,1161.8461538461538,1081.7692307692307,119.0,106.36363636363649,834.9090909090909,1204.5454545454545,144.81818181818187,36.0,1262.1666666666667,1275.3333333333333,38.0
815,113.83333333333326,956.0,792.3333333333334,140.66666666666674,104.16666666666663,1367.1666666666667,815.5,116.16666666666652,91.0,1015.6363636363636,600.0,163.63636363636363,106.27999999999997,928.12,1615.2,125.95999999999992,120.09999999999991,1254.8,1224.5,137.0,121.55555555555554,1198.5555555555557,735.0,120.11111111111109,113.0,791.5,943.5,152.0,81.90909090909099,771.8181818181819,780.5454545454545,145.63636363636363,124.23076923076928,1162.1538461538462,1082.2307692307693,117.0,106.90909090909099,833.2727272727273,1204.8636363636363,145.54545454545462,36.0,1246.3333333333333,1289.6666666666667,38.0
816,115.0,962.0,801.0,140.0,104.0,1366.0,820.0,116.0,91.0,1008.3636363636364,603.0,163.36363636363637,106.6400000000001,927.56,1615.6,126.48000000000002,121.0,1252.0,1225.0,140.0,121.11111111111109,1200.861111111111,739.5,119.72222222222217,112.99999999999989,789.8888888888889,944.3333333333334,152.0,81.59090909090901,771.1818181818181,782.4545454545455,146.36363636363637,124.69230769230785,1162.4615384615386,1082.6923076923076,115.0,107.4545454545455,831.6363636363636,1205.1818181818182,146.27272727272725,36.0,1230.5,1304.0,38.0
817,111.88888888888891,967.2222222222222,808.8888888888889,139.22222222222217,103.93548387096769,1366.3225806451612,822.5806451612904,115.9032258064517,91.0,1001.0909090909091,606.0,163.09090909090912,107.0,927.0,1616.0,127.0,127.5,1252.3333333333333,1224.6666666666667,142.16666666666674,120.66666666666663,1203.1666666666667,744.0,119.33333333333326,113.00000000000011,788.2777777777778,945.1666666666666,152.0,81.27272727272725,770.5454545454545,784.3636363636364,147.09090909090912,125.15384615384619,1162.7692307692307,1083.1538461538462,113.0,108.0,830.0,1205.5,147.0,36.0,1214.6666666666667,1318.3333333333333,38.0
818,108.77777777777771,972.4444444444445,816.7777777777778,138.44444444444446,103.87096774193549,1366.6451612903227,825.1612903225806,115.80645161290317,91.0,993.8181818181818,609.0,162.81818181818198,107.34615384615381,926.3076923076923,1615.7307692307693,127.76923076923083,134.0,1252.6666666666667,1224.3333333333333,144.33333333333326,120.22222222222217,1205.4722222222222,748.5,118.94444444444457,113.0,786.6666666666666,946.0,152.0,80.9545454545455,769.9090909090909,786.2727272727273,147.81818181818187,125.61538461538476,1163.076923076923,1083.6153846153845,111.0,108.5454545454545,828.3636363636364,1205.8181818181818,147.72727272727275,36.0,1198.8333333333333,1332.6666666666667,38.0
819,105.66666666666674,977.6666666666666,824.6666666666666,137.66666666666663,103.80645161290317,1366.967741935484,827.741935483871,115.70967741935488,91.0,986.5454545454545,612.0,162.5454545454545,107.69230769230762,925.6153846153846,1615.4615384615386,128.53846153846155,140.5,1253.0,1224.0,146.5,119.77777777777783,1207.7777777777778,753.0,118.55555555555543,112.99999999999989,785.0555555555555,946.8333333333334,152.0,80.63636363636374,769.2727272727273,788.1818181818181,148.54545454545462,126.0769230769231,1163.3846153846155,1084.076923076923,109.0,109.09090909090901,826.7272727272727,1206.1363636363637,148.45454545454538,36.0,1183.0,1347.0,38.0
820,102.55555555555554,982.8888888888889,832.5555555555555,136.8888888888889,103.74193548387098,1367.2903225806451,830.3225806451613,115.61290322580658,91.0,979.2727272727273,615.0,162.27272727272725,108.03846153846166,924.9230769230769,1615.1923076923076,129.30769230769238,147.0,1253.3333333333333,1223.6666666666667,148.66666666666674,119.33333333333326,1210.0833333333333,757.5,118.16666666666674,113.00000000000011,783.4444444444445,947.6666666666666,152.0,80.31818181818176,768.6363636363636,790.0909090909091,149.27272727272725,126.53846153846166,1163.6923076923076,1084.5384615384614,107.0,109.63636363636351,825.0909090909091,1206.4545454545455,149.18181818181813,36.0,1162.5,1366.5,38.0
821,99.44444444444446,988.1111111111111,840.4444444444445,136.1111111111111,103.67741935483878,1367.6129032258063,832.9032258064516,115.51612903225828,91.0,972.0,618.0,162.0,108.38461538461547,924.2307692307693,1614.923076923077,130.0769230769231,153.5,1253.6666666666667,1223.3333333333333,150.83333333333326,118.88888888888891,1212.388888888889,762.0,117.77777777777783,113.0,781.8333333333334,948.5,152.0,80.0,768.0,792.0,150.0,127.0,1164.0,1085.0,105.0,110.18181818181824,823.4545454545455,1206.7727272727273,149.90909090909088,36.0,1142.0,1386.0,38.0
822,96.33333333333326,993.3333333333334,848.3333333333334,135.33333333333337,103.61290322580646,1367.9354838709678,835.483870967742,115.41935483870952,91.0,964.7272727272727,621.0,161.72727272727275,108.73076923076928,923.5384615384615,1614.6538461538462,130.84615384615392,160.0,1254.0,1223.0,153.0,118.44444444444446,1214.6944444444443,766.5,117.38888888888891,112.99999999999989,780.2222222222222,949.3333333333334,152.0,80.31818181818187,768.0909090909091,792.0454545454545,149.81818181818176,126.41666666666674,1163.5,1088.75,106.25,110.72727272727275,821.8181818181819,1207.090909090909,150.63636363636363,36.0,1121.5,1405.5,38.0
823,93.22222222222229,998.5555555555555,856.2222222222222,134.55555555555554,103.54838709677426,1368.258064516129,838.0645161290322,115.32258064516122,91.0,957.4545454545455,624.0,161.4545454545455,109.0769230769231,922.8461538461538,1614.3846153846155,131.61538461538476,153.1111111111111,1256.111111111111,1223.5555555555557,150.0,118.0,1217.0,771.0,117.0,113.00000000000011,778.6111111111111,950.1666666666666,152.0,80.63636363636363,768.1818181818181,792.0909090909091,149.63636363636374,125.83333333333326,1163.0,1092.5,107.5,111.27272727272725,820.1818181818181,1207.409090909091,151.36363636363637,36.0,1101.0,1425.0,38.0
824,90.11111111111109,1003.7777777777778,864.1111111111111,133.77777777777783,103.48387096774195,1368.5806451612902,840.6451612903226,115.22580645161293,91.0,950.1818181818182,627.0,161.18181818181802,109.4230769230769,922.1538461538462,1614.1153846153845,132.38461538461524,146.22222222222217,1258.2222222222222,1224.111111111111,147.0,117.5625,1219.125,775.5,117.6875,113.0,777.0,951.0,152.0,80.9545454545455,768.2727272727273,792.1363636363636,149.4545454545455,125.25,1162.5,1096.25,108.75,111.81818181818176,818.5454545454545,1207.7272727272727,152.09090909090912,36.0,1080.5,1444.5,38.0
825,87.0,1009.0,872.0,133.0,103.41935483870964,1368.9032258064517,843.2258064516129,115.1290322580644,91.0,942.9090909090909,630.0,160.90909090909088,109.76923076923072,921.4615384615385,1613.8461538461538,133.15384615384608,139.33333333333326,1260.3333333333333,1224.6666666666667,144.0,117.125,1221.25,780.0,118.375,113.0,778.3,952.5333333333333,152.0,81.27272727272737,768.3636363636364,792.1818181818181,149.27272727272725,124.66666666666674,1162.0,1100.0,110.0,112.36363636363649,816.9090909090909,1208.0454545454545,152.81818181818187,36.0,1060.0,1464.0,38.0
826,87.3125,1011.9375,876.3125,133.625,103.35483870967744,1369.225806451613,845.8064516129032,115.0322580645161,91.0,935.6363636363636,633.0,160.63636363636363,110.11538461538453,920.7692307692307,1613.576923076923,133.9230769230769,132.44444444444457,1262.4444444444443,1225.2222222222222,141.0,116.6875,1223.375,784.5,119.0625,112.99999999999989,779.6,954.0666666666667,152.0,81.59090909090912,768.4545454545455,792.2272727272727,149.090909090909,124.08333333333326,1161.5,1103.75,111.25,112.90909090909099,815.2727272727273,1208.3636363636363,153.54545454545462,36.0,1041.25,1482.0,38.0
827,87.625,1014.875,880.625,134.25,103.29032258064512,1369.5483870967741,848.3870967741935,114.9354838709678,91.0,928.3636363636364,636.0,160.36363636363637,110.46153846153834,920.0769230769231,1613.3076923076924,134.69230769230762,125.55555555555543,1264.5555555555557,1225.7777777777778,138.0,116.25,1225.5,789.0,119.75,112.99999999999989,780.9,955.6,152.0,81.90909090909088,768.5454545454545,792.2727272727273,148.909090909091,123.5,1161.0,1107.5,112.5,113.4545454545455,813.6363636363636,1208.6818181818182,154.27272727272725,36.0,1022.5,1500.0,38.0
828,87.9375,1017.8125,884.9375,134.875,103.22580645161293,1369.8709677419354,850.9677419354839,114.8387096774195,91.0,921.0909090909091,639.0,160.09090909090912,110.80769230769238,919.3846153846154,1613.0384615384614,135.46153846153845,118.66666666666674,1266.6666666666667,1226.3333333333333,135.0,115.8125,1227.625,793.5,120.4375,113.00000000000011,782.2,957.1333333333333,152.0,82.22727272727263,768.6363636363636,792.3181818181819,148.72727272727275,122.91666666666674,1160.5,1111.25,113.75,114.0,812.0,1209.0,155.0,36.0,1003.75,1518.0,38.0
829,88.25,1020.75,889.25,135.5,103.16129032258073,1370.1935483870968,853.5483870967741,114.74193548387098,91.0,913.8181818181818,642.0,159.81818181818176,111.15384615384619,918.6923076923077,1612.7692307692307,136.23076923076917,111.77777777777783,1268.7777777777778,1226.888888888889,132.0,115.375,1229.75,798.0,121.125,113.00000000000011,783.5,958.6666666666666,152.0,82.5454545454545,768.7272727272727,792.3636363636364,148.5454545454545,122.33333333333326,1160.0,1115.0,115.0,118.92857142857156,811.3571428571429,1208.642857142857,153.28571428571422,36.0,985.0,1536.0,38.0
830,88.5625,1023.6875,893.5625,136.125,103.09677419354841,1370.516129032258,856.1290322580645,114.64516129032268,91.0,906.5454545454545,645.0,159.5454545454545,111.5,918.0,1612.5,137.0,104.88888888888891,1270.888888888889,1227.4444444444443,129.0,114.9375,1231.875,802.5,121.8125,113.0,784.8,960.2,152.0,82.86363636363637,768.8181818181819,792.4090909090909,148.36363636363626,121.75,1159.5,1118.75,116.25,123.85714285714289,810.7142857142857,1208.2857142857142,151.57142857142867,36.0,970.6,1551.8,38.0
831,88.875,1026.625,897.875,136.75,103.0322580645161,1370.8387096774193,858.7096774193549,114.54838709677438,91.0,899.2727272727273,648.0,159.27272727272725,111.84615384615381,917.3076923076923,1612.2307692307693,137.76923076923083,98.0,1273.0,1228.0,126.0,114.5,1234.0,807.0,122.5,113.0,786.1,961.7333333333333,152.0,83.18181818181813,768.9090909090909,792.4545454545455,148.18181818181824,121.16666666666674,1159.0,1122.5,117.5,128.78571428571445,810.0714285714286,1207.9285714285713,149.8571428571429,36.0,956.2,1567.6,38.0
832,89.1875,1029.5625,902.1875,137.375,102.9677419354839,1371.1612903225807,861.2903225806451,114.45161290322562,91.0,892.0,651.0,159.0,112.19230769230762,916.6153846153846,1611.9615384615386,138.53846153846155,98.66666666666674,1273.3333333333333,1227.2222222222222,126.0,114.0625,1236.125,811.5,123.1875,113.0,787.4,963.2666666666667,152.0,83.5,769.0,792.5,148.0,120.58333333333326,1158.5,1126.25,118.75,133.71428571428555,809.4285714285714,1207.5714285714287,148.1428571428571,36.0,941.8,1583.4,38.0
833,89.5,1032.5,906.5,138.0,102.90322580645159,1371.483870967742,863.8709677419355,114.35483870967732,91.0,885.1153846153846,654.6153846153846,158.76923076923083,112.53846153846166,915.9230769230769,1611.6923076923076,139.30769230769238,99.33333333333348,1273.6666666666667,1226.4444444444443,126.0,113.625,1238.25,816.0,123.875,113.0,788.7,964.8,152.0,83.81818181818187,769.0909090909091,792.5454545454545,147.81818181818176,120.0,1158.0,1130.0,120.0,138.6428571428571,808.7857142857143,1207.2142857142858,146.42857142857133,36.0,927.4,1599.2,38.0
834,89.8125,1035.4375,910.8125,138.625,102.83870967741927,1371.8064516129032,866.4516129032259,114.25806451612902,91.0,878.2307692307693,658.2307692307693,158.53846153846143,112.88461538461547,915.2307692307693,1611.423076923077,140.0769230769231,100.0,1274.0,1225.6666666666667,126.0,113.1875,1240.375,820.5,124.5625,112.99999999999989,790.0,966.3333333333334,152.0,84.13636363636363,769.1818181818181,792.5909090909091,147.63636363636374,119.53846153846166,1158.8461538461538,1129.6923076923076,121.15384615384619,143.57142857142844,808.1428571428571,1206.857142857143,144.71428571428578,36.0,913.0,1615.0,38.0
835,90.125,1038.375,915.125,139.25,102.77419354838707,1372.1290322580646,869.0322580645161,114.1612903225805,91.0,871.3461538461538,661.8461538461538,158.30769230769238,113.23076923076928,914.5384615384615,1611.1538461538462,140.84615384615392,100.66666666666674,1274.3333333333333,1224.888888888889,126.0,112.75,1242.5,825.0,125.25,112.99999999999989,791.3,967.8666666666667,152.0,84.4545454545455,769.2727272727273,792.6363636363636,147.4545454545455,119.0769230769231,1159.6923076923076,1129.3846153846155,122.30769230769238,148.5,807.5,1206.5,143.0,36.0,913.625,1617.625,38.0
836,90.4375,1041.3125,919.4375,139.875,102.70967741935488,1372.4516129032259,871.6129032258065,114.0645161290322,91.0,864.4615384615385,665.4615384615385,158.0769230769231,113.5769230769231,913.8461538461538,1610.8846153846155,141.61538461538476,101.33333333333326,1274.6666666666667,1224.111111111111,126.0,112.3125,1244.625,829.5,125.9375,113.00000000000011,792.6,969.4,152.0,84.77272727272737,769.3636363636364,792.6818181818181,147.27272727272725,118.61538461538453,1160.5384615384614,1129.076923076923,123.46153846153857,153.42857142857156,806.8571428571429,1206.142857142857,141.28571428571422,36.0,914.25,1620.25,38.0
837,90.75,1044.25,923.75,140.5,102.64516129032256,1372.774193548387,874.1935483870968,113.9677419354839,91.0,857.5769230769231,669.0769230769231,157.8461538461538,113.9230769230769,913.1538461538462,1610.6153846153845,142.38461538461524,102.0,1275.0,1223.3333333333333,126.0,111.875,1246.75,834.0,126.625,113.00000000000011,793.9,970.9333333333333,152.0,85.09090909090912,769.4545454545455,792.7272727272727,147.090909090909,118.15384615384619,1161.3846153846155,1128.7692307692307,124.61538461538453,158.3571428571429,806.2142857142857,1205.7857142857142,139.57142857142867,36.0,914.875,1622.875,38.0
838,91.0625,1047.1875,928.0625,141.125,102.58064516129036,1373.0967741935483,876.7741935483871,113.8709677419356,91.0,850.6923076923077,672.6923076923077,157.61538461538453,114.26923076923072,912.4615384615385,1610.3461538461538,143.15384615384608,102.66666666666652,1275.3333333333333,1222.5555555555557,126.0,111.4375,1248.875,838.5,127.3125,113.0,795.2,972.4666666666667,152.0,85.40909090909088,769.5454545454545,792.7727272727273,146.909090909091,117.69230769230762,1162.2307692307693,1128.4615384615386,125.76923076923072,163.28571428571445,805.5714285714286,1205.4285714285713,137.8571428571429,36.0,915.5,1625.5,38.0
839,91.375,1050.125,932.375,141.75,102.51612903225805,1373.4193548387098,879.3548387096774,113.77419354838707,91.0,843.8076923076923,676.3076923076923,157.38461538461547,114.61538461538453,911.7692307692307,1610.076923076923,143.9230769230769,103.33333333333326,1275.6666666666667,1221.7777777777778,126.0,111.0,1251.0,843.0,128.0,113.0,796.5,974.0,152.0,85.72727272727263,769.6363636363636,792.8181818181819,146.72727272727275,117.23076923076928,1163.076923076923,1128.1538461538462,126.9230769230769,168.21428571428555,804.9285714285714,1205.0714285714287,136.1428571428571,36.0,916.125,1628.125,38.0
840,91.6875,1053.0625,936.6875,142.375,102.45161290322574,1373.741935483871,881.9354838709678,113.67741935483878,91.0,836.9230769230769,679.9230769230769,157.1538461538462,114.96153846153834,911.0769230769231,1609.8076923076924,144.69230769230762,104.0,1276.0,1221.0,126.0,110.64285714285711,1254.2142857142858,844.4285714285714,128.6428571428571,113.0,797.8,975.5333333333333,152.0,86.0454545454545,769.7272727272727,792.8636363636364,146.5454545454545,116.76923076923072,1163.923076923077,1127.8461538461538,128.0769230769231,173.1428571428571,804.2857142857143,1204.7142857142858,134.42857142857133,36.0,916.75,1630.75,38.0
841,92.0,1056.0,941.0,143.0,102.38709677419354,1374.0645161290322,884.516129032258,113.58064516129048,91.0,830.0384615384615,683.5384615384615,156.9230769230769,115.30769230769238,910.3846153846154,1609.5384615384614,145.46153846153845,104.58333333333326,1276.5,1222.0,125.91666666666674,110.28571428571422,1257.4285714285713,845.8571428571429,129.28571428571445,112.99999999999989,799.1,977.0666666666667,152.0,86.36363636363637,769.8181818181819,792.9090909090909,146.36363636363626,116.30769230769238,1164.7692307692307,1127.5384615384614,129.23076923076928,178.07142857142844,803.6428571428571,1204.357142857143,132.71428571428578,36.0,917.375,1633.375,38.0
842,92.42857142857144,1056.0714285714287,942.9285714285714,143.57142857142844,102.32258064516122,1374.3870967741937,887.0967741935484,113.48387096774172,91.0,823.1538461538462,687.1538461538462,156.69230769230762,115.65384615384619,909.6923076923077,1609.2692307692307,146.23076923076917,105.16666666666674,1277.0,1223.0,125.83333333333326,109.92857142857133,1260.642857142857,847.2857142857143,129.92857142857156,112.99999999999989,800.4,978.6,152.0,86.68181818181813,769.9090909090909,792.9545454545455,146.18181818181824,115.84615384615381,1165.6153846153845,1127.2307692307693,130.38461538461547,183.0,803.0,1204.0,131.0,36.0,918.0,1636.0,38.0
843,92.85714285714289,1056.142857142857,944.8571428571429,144.1428571428571,102.25806451612914,1374.7096774193549,889.6774193548387,113.38709677419342,91.0,816.2692307692307,690.7692307692307,156.46153846153857,116.0,909.0,1609.0,147.0,105.75,1277.5,1224.0,125.75,109.57142857142867,1263.857142857143,848.7142857142857,130.57142857142844,113.00000000000011,801.7,980.1333333333333,152.0,87.0,770.0,793.0,146.0,115.38461538461547,1166.4615384615386,1126.923076923077,131.53846153846143,178.30769230769215,803.6923076923077,1213.2307692307693,130.30769230769226,36.0,916.8571428571429,1637.4285714285713,38.0
844,93.28571428571433,1056.2142857142858,946.7857142857143,144.71428571428555,102.19354838709683,1375.032258064516,892.258064516129,113.29032258064512,91.0,809.3846153846154,694.3846153846154,156.23076923076928,116.31999999999994,906.92,1609.44,147.80000000000007,106.33333333333326,1278.0,1225.0,125.66666666666674,109.21428571428578,1267.0714285714287,850.1428571428571,131.21428571428555,113.00000000000011,803.0,981.6666666666666,152.0,87.9375,768.0,792.5,145.5,114.9230769230769,1167.3076923076924,1126.6153846153845,132.69230769230762,173.61538461538453,804.3846153846154,1222.4615384615386,129.61538461538464,36.0,915.7142857142857,1638.857142857143,38.0
845,93.71428571428567,1056.2857142857142,948.7142857142857,145.28571428571445,102.12903225806451,1375.3548387096773,894.8387096774194,113.19354838709683,91.0,802.5,698.0,156.0,116.63999999999987,904.84,1609.88,148.60000000000002,106.91666666666674,1278.5,1226.0,125.58333333333326,108.85714285714289,1270.2857142857142,851.5714285714286,131.8571428571429,113.0,804.3,983.2,152.0,88.875,766.0,792.0,145.0,114.46153846153834,1168.1538461538462,1126.3076923076924,133.8461538461538,168.9230769230769,805.0769230769231,1231.6923076923076,128.9230769230769,36.0,914.5714285714286,1640.2857142857142,38.0
846,94.14285714285711,1056.357142857143,950.6428571428571,145.8571428571429,102.06451612903231,1375.6774193548388,897.4193548387096,113.0967741935483,91.0,795.6153846153846,701.6153846153846,155.76923076923072,116.96000000000004,902.76,1610.32,149.4000000000001,107.5,1279.0,1227.0,125.5,108.5,1273.5,853.0,132.5,113.0,805.6,984.7333333333333,152.0,89.8125,764.0,791.5,144.5,114.0,1169.0,1126.0,135.0,164.23076923076928,805.7692307692307,1240.923076923077,128.23076923076928,36.0,913.4285714285714,1641.7142857142858,38.0
847,94.57142857142856,1056.4285714285713,952.5714285714286,146.42857142857156,102.0,1376.0,900.0,113.0,91.0,788.7307692307693,705.2307692307693,155.53846153846143,117.27999999999997,900.68,1610.76,150.20000000000016,108.08333333333326,1279.5,1228.0,125.41666666666674,108.14285714285711,1276.7142857142858,854.4285714285714,133.1428571428571,113.0,806.9,986.2666666666667,152.0,90.75,762.0,791.0,144.0,113.36363636363649,1172.0,1125.0454545454545,135.77272727272725,159.53846153846143,806.4615384615385,1250.1538461538462,127.53846153846155,36.0,912.2857142857143,1643.142857142857,38.0
848,95.0,1056.5,954.5,147.0,101.94444444444446,1376.6666666666667,902.1111111111111,112.94444444444434,91.0,781.8461538461538,708.8461538461538,155.30769230769238,117.59999999999991,898.6,1611.2,150.9999999999999,108.66666666666674,1280.0,1229.0,125.33333333333326,107.78571428571422,1279.9285714285713,855.8571428571429,133.78571428571445,113.0,808.2,987.8,152.0,91.6875,760.0,790.5,143.5,112.72727272727275,1175.0,1124.090909090909,136.5454545454545,154.8461538461538,807.1538461538462,1259.3846153846155,126.84615384615381,36.0,911.1428571428571,1644.5714285714287,38.0
849,95.42857142857144,1056.5714285714287,956.4285714285714,147.57142857142844,101.88888888888891,1377.3333333333333,904.2222222222222,112.88888888888891,91.0,774.9615384615385,712.4615384615385,155.0769230769231,117.91999999999985,896.52,1611.64,151.79999999999995,109.25,1280.5,1230.0,125.25,107.42857142857133,1283.142857142857,857.2857142857143,134.42857142857156,112.99999999999989,809.5,989.3333333333334,152.0,92.625,758.0,790.0,143.0,112.09090909090901,1178.0,1123.1363636363637,137.31818181818176,150.1538461538462,807.8461538461538,1268.6153846153845,126.15384615384619,36.0,910.0,1646.0,38.0
850,95.85714285714289,1056.642857142857,958.3571428571429,148.1428571428571,101.83333333333326,1378.0,906.3333333333334,112.83333333333326,91.0,768.0769230769231,716.0769230769231,154.8461538461538,118.24000000000001,894.44,1612.08,152.5999999999999,109.83333333333326,1281.0,1231.0,125.16666666666674,107.07142857142867,1286.357142857143,858.7142857142857,135.07142857142844,112.99999999999989,810.8,990.8666666666667,152.0,93.5625,756.0,789.5,142.5,111.4545454545455,1181.0,1122.1818181818182,138.090909090909,145.46153846153857,808.5384615384615,1277.8461538461538,125.46153846153845,36.0,909.1666666666666,1645.8333333333333,38.0
851,96.28571428571433,1056.7142857142858,960.2857142857143,148.71428571428555,101.77777777777771,1378.6666666666667,908.4444444444445,112.7777777777776,91.0,761.1923076923077,719.6923076923077,154.61538461538464,118.55999999999995,892.36,1612.52,153.39999999999998,110.41666666666674,1281.5,1232.0,125.08333333333326,106.71428571428578,1289.5714285714287,860.1428571428571,135.71428571428555,113.00000000000011,812.1,992.4,152.0,94.5,754.0,789.0,142.0,110.81818181818176,1184.0,1121.2272727272727,138.86363636363626,140.76923076923072,809.2307692307693,1287.076923076923,124.76923076923072,36.0,908.3333333333334,1645.6666666666667,38.0
852,96.71428571428567,1056.7857142857142,962.2142857142857,149.28571428571445,101.72222222222229,1379.3333333333333,910.5555555555555,112.7222222222224,91.0,754.3076923076923,723.3076923076923,154.38461538461536,118.87999999999988,890.28,1612.96,154.20000000000005,111.0,1282.0,1233.0,125.0,106.35714285714289,1292.7857142857142,861.5714285714286,136.3571428571429,113.0,813.4,993.9333333333334,152.0,95.4375,752.0,788.5,141.5,110.18181818181824,1187.0,1120.2727272727273,139.63636363636374,136.0769230769231,809.9230769230769,1296.3076923076924,124.0769230769231,36.0,907.5,1645.5,38.0
853,97.14285714285711,1056.857142857143,964.1428571428571,149.8571428571429,101.66666666666674,1380.0,912.6666666666666,112.66666666666674,91.0,747.4230769230769,726.9230769230769,154.1538461538462,119.19999999999982,888.2,1613.4,155.0,110.4666666666667,1284.2,1233.4666666666667,124.39999999999986,106.0,1296.0,863.0,137.0,113.0,814.7,995.4666666666667,152.0,96.375,750.0,788.0,141.0,109.5454545454545,1190.0,1119.3181818181818,140.409090909091,131.38461538461547,810.6153846153846,1305.5384615384614,123.38461538461536,36.0,906.6666666666666,1645.3333333333333,38.0
854,97.57142857142856,1056.9285714285713,966.0714285714286,150.42857142857156,101.61111111111109,1380.6666666666667,914.7777777777778,112.61111111111109,91.0,740.5384615384615,730.5384615384615,153.9230769230769,119.51999999999998,886.12,1613.84,155.80000000000007,109.93333333333317,1286.4,1233.9333333333334,123.79999999999995,106.0,1300.0588235294117,861.9411764705883,137.17647058823536,113.0,816.0,997.0,152.0,97.3125,748.0,787.5,140.5,108.90909090909099,1193.0,1118.3636363636363,141.18181818181824,126.69230769230785,811.3076923076923,1314.7692307692307,122.69230769230774,36.0,905.8333333333334,1645.1666666666667,38.0
855,98.0,1057.0,968.0,151.0,101.55555555555554,1381.3333333333333,916.8888888888889,112.55555555555566,91.0,733.6538461538462,734.1538461538462,153.69230769230762,119.83999999999992,884.04,1614.28,156.60000000000014,109.39999999999986,1288.6,1234.4,123.20000000000005,106.0,1304.1176470588234,860.8823529411765,137.35294117647072,113.0,815.4347826086956,997.1521739130435,152.0,98.25,746.0,787.0,140.0,108.27272727272725,1196.0,1117.409090909091,141.9545454545455,122.0,812.0,1324.0,122.0,36.0,905.0,1645.0,38.0
856,98.00000000000011,1055.2857142857142,969.0714285714286,150.92857142857156,101.5,1382.0,919.0,112.5,91.0,726.7692307692307,737.7692307692307,153.46153846153857,120.16000000000008,881.96,1614.72,157.39999999999986,108.86666666666679,1290.8,1234.8666666666666,122.60000000000014,106.0,1308.1764705882354,859.8235294117648,137.52941176470586,113.0,814.8695652173913,997.304347826087,152.0,99.1875,744.0,786.5,139.5,107.63636363636351,1199.0,1116.4545454545455,142.72727272727275,134.5,812.5,1333.0,131.5,36.0,900.5,1643.5,38.0
857,98.0,1053.5714285714287,970.1428571428571,150.85714285714266,101.44444444444446,1382.6666666666667,921.1111111111111,112.44444444444434,91.0,719.8846153846154,741.3846153846154,153.23076923076928,120.48000000000002,879.88,1615.16,158.19999999999993,108.33333333333348,1293.0,1235.3333333333333,122.0,106.0,1312.235294117647,858.7647058823529,137.70588235294122,113.00000000000011,814.304347826087,997.4565217391304,152.0,100.125,742.0,786.0,139.0,107.0,1202.0,1115.5,143.5,147.0,813.0,1342.0,141.0,36.0,896.0,1642.0,38.0
858,98.00000000000011,1051.857142857143,971.2142857142857,150.78571428571422,101.38888888888891,1383.3333333333333,923.2222222222222,112.38888888888891,91.0,713.0,745.0,153.0,120.80000000000018,877.8,1615.6,159.0,107.79999999999995,1295.2,1235.8,121.39999999999986,106.0,1316.2941176470588,857.7058823529412,137.88235294117658,113.00000000000011,813.7391304347826,997.6086956521739,152.0,101.0625,740.0,785.5,138.5,106.36363636363649,1205.0,1114.5454545454545,144.27272727272725,146.41176470588243,813.4117647058823,1348.0588235294117,140.76470588235293,36.0,891.5,1640.5,38.0
859,97.99999999999989,1050.142857142857,972.2857142857143,150.71428571428578,101.33333333333337,1384.0,925.3333333333334,112.33333333333326,91.2941176470589,708.6470588235294,747.0588235294117,153.47058823529414,121.12000000000012,875.72,1616.04,159.79999999999995,107.26666666666665,1297.4,1236.2666666666667,120.79999999999995,106.0,1320.3529411764705,856.6470588235294,138.05882352941194,113.00000000000011,813.1739130434783,997.7608695652174,152.0,102.0,738.0,785.0,138.0,105.72727272727275,1208.0,1113.590909090909,145.0454545454545,145.82352941176487,813.8235294117648,1354.1176470588234,140.52941176470586,36.0,887.0,1639.0,38.0
860,98.0,1048.4285714285713,973.3571428571429,150.64285714285734,101.27777777777771,1384.6666666666667,927.4444444444445,112.2777777777776,91.58823529411768,704.2941176470588,749.1176470588235,153.9411764705883,121.44000000000005,873.64,1616.48,160.60000000000002,106.73333333333335,1299.6,1236.7333333333333,120.20000000000005,106.0,1324.4117647058824,855.5882352941177,138.23529411764707,112.99999999999989,812.6086956521739,997.9130434782609,152.0,101.875,733.125,785.75,143.0,105.09090909090901,1211.0,1112.6363636363637,145.81818181818176,145.23529411764707,814.2352941176471,1360.1764705882354,140.29411764705878,36.0,882.5,1637.5,38.0
861,97.99999999999989,1046.7142857142858,974.4285714285714,150.57142857142844,101.22222222222229,1385.3333333333333,929.5555555555555,112.2222222222224,91.88235294117646,699.9411764705883,751.1764705882352,154.41176470588232,121.75999999999999,871.56,1616.92,161.4000000000001,106.20000000000005,1301.8,1237.2,119.60000000000014,106.0,1328.4705882352941,854.5294117647059,138.41176470588243,112.99999999999989,812.0434782608696,998.0652173913044,152.0,101.75,728.25,786.5,148.0,104.4545454545455,1214.0,1111.6818181818182,146.590909090909,144.6470588235295,814.6470588235294,1366.235294117647,140.05882352941182,36.0,878.0,1636.0,38.0
862,98.0,1045.0,975.5,150.5,101.16666666666663,1386.0,931.6666666666666,112.16666666666674,92.17647058823525,695.5882352941177,753.2352941176471,154.88235294117646,122.08000000000015,869.48,1617.36,162.20000000000005,105.66666666666652,1304.0,1237.6666666666667,119.0,106.0,1332.5294117647059,853.4705882352941,138.58823529411757,112.99999999999989,811.4782608695652,998.2173913043479,152.0,101.625,723.375,787.25,153.0,103.81818181818176,1217.0,1110.7272727272727,147.36363636363626,144.0588235294117,815.0588235294117,1372.2941176470588,139.82352941176475,36.0,876.8333333333334,1642.5,38.0
863,98.00000000000011,1043.2857142857142,976.5714285714286,150.42857142857156,101.11111111111109,1386.6666666666667,933.7777777777778,112.11111111111109,92.47058823529414,691.2352941176471,755.2941176470588,155.3529411764706,122.40000000000009,867.4,1617.8,163.0000000000001,105.13333333333321,1306.2,1238.1333333333334,118.39999999999986,106.0,1336.5882352941176,852.4117647058823,138.76470588235293,113.0,810.9130434782609,998.3695652173913,152.0,101.5,718.5,788.0,158.0,103.18181818181824,1220.0,1109.7727272727273,148.13636363636374,143.47058823529414,815.4705882352941,1378.3529411764705,139.58823529411757,36.0,875.6666666666666,1649.0,38.0
864,98.0,1041.5714285714287,977.6428571428571,150.35714285714266,101.05555555555543,1387.3333333333333,935.8888888888889,112.05555555555566,92.76470588235293,686.8823529411765,757.3529411764706,155.82352941176475,122.72000000000003,865.32,1618.24,163.79999999999984,104.60000000000014,1308.4,1238.6,117.79999999999995,106.0,1340.6470588235295,851.3529411764706,138.94117647058806,113.0,810.3478260869565,998.5217391304348,152.0,101.375,713.625,788.75,163.0,102.5454545454545,1223.0,1108.8181818181818,148.909090909091,142.88235294117635,815.8823529411765,1384.4117647058824,139.3529411764706,36.0,874.5,1655.5,38.0
865,98.00000000000011,1039.857142857143,978.7142857142857,150.28571428571422,101.0,1388.0,938.0,112.0,93.05882352941182,682.5294117647059,759.4117647058823,156.2941176470589,123.03999999999996,863.24,1618.68,164.5999999999999,104.06666666666683,1310.6,1239.0666666666666,117.20000000000005,106.0,1344.7058823529412,850.2941176470588,139.11764705882342,113.0,809.7826086956521,998.6739130434783,152.0,101.25,708.75,789.5,168.0,101.90909090909099,1226.0,1107.8636363636363,149.68181818181824,142.29411764705878,816.2941176470588,1390.4705882352941,139.11764705882354,36.0,873.3333333333334,1662.0,38.0
866,97.99999999999989,1038.142857142857,979.7857142857143,150.21428571428578,100.90909090909088,1390.0454545454545,937.6818181818181,111.86363636363649,93.35294117647061,678.1764705882352,761.4705882352941,156.76470588235304,123.36000000000013,861.16,1619.12,165.39999999999998,103.5333333333333,1312.8,1239.5333333333333,116.60000000000014,106.0,1348.764705882353,849.2352941176471,139.29411764705878,113.0,809.2173913043479,998.8260869565217,152.0,101.125,703.875,790.25,173.0,101.27272727272725,1229.0,1106.909090909091,150.4545454545455,141.70588235294122,816.7058823529412,1396.5294117647059,138.88235294117646,36.0,872.1666666666666,1668.5,38.0
867,98.0,1036.4285714285713,980.8571428571429,150.14285714285734,100.81818181818187,1392.090909090909,937.3636363636364,111.72727272727275,93.64705882352939,673.8235294117648,763.5294117647059,157.23529411764696,123.68000000000006,859.08,1619.56,166.19999999999993,103.0,1315.0,1240.0,116.0,106.0,1352.8235294117646,848.1764705882352,139.47058823529414,113.0,808.6521739130435,998.9782608695652,152.0,101.0,699.0,791.0,178.0,100.63636363636351,1232.0,1105.9545454545455,151.22727272727275,141.11764705882365,817.1176470588235,1402.5882352941176,138.6470588235294,36.0,871.0,1675.0,38.0
868,97.99999999999989,1034.7142857142858,981.9285714285714,150.07142857142844,100.72727272727275,1394.1363636363637,937.0454545454545,111.59090909090901,93.94117647058818,669.4705882352941,765.5882352941177,157.7058823529411,124.0,857.0,1620.0,167.0,102.66666666666674,1316.6363636363637,1240.8484848484848,115.48484848484827,106.0,1356.8823529411766,847.1176470588235,139.64705882352928,113.0,808.0869565217391,999.1304347826087,152.0,100.77777777777783,693.4444444444445,794.2222222222222,173.55555555555554,100.0,1235.0,1105.0,152.0,140.52941176470586,817.5294117647059,1408.6470588235295,138.41176470588243,36.0,863.2857142857143,1670.7142857142858,38.0
869,98.0,1033.0,983.0,150.0,100.63636363636351,1396.1818181818182,936.7272727272727,111.4545454545455,94.23529411764707,665.1176470588235,767.6470588235294,158.17647058823525,123.63636363636374,854.0,1620.3636363636363,166.18181818181813,102.33333333333326,1318.2727272727273,1241.6969696969697,114.969696969697,106.0,1360.9411764705883,846.0588235294117,139.82352941176464,113.00000000000011,807.5217391304348,999.2826086956521,152.0,100.55555555555554,687.8888888888889,797.4444444444445,169.1111111111111,100.5,1240.0714285714287,1104.5,151.3928571428571,139.9411764705883,817.9411764705883,1414.7058823529412,138.17647058823525,36.0,855.5714285714286,1666.4285714285713,38.0
870,98.0,1029.2903225806451,983.0,149.8709677419356,100.54545454545462,1398.2272727272727,936.4090909090909,111.31818181818176,94.52941176470586,660.7647058823529,769.7058823529412,158.6470588235294,123.27272727272725,851.0,1620.7272727272727,165.36363636363637,102.0,1319.909090909091,1242.5454545454545,114.45454545454527,106.0,1365.0,845.0,140.0,113.00000000000011,806.9565217391304,999.4347826086956,152.0,100.33333333333337,682.3333333333334,800.6666666666666,164.66666666666663,101.0,1245.142857142857,1104.0,150.78571428571422,139.3529411764705,818.3529411764706,1420.764705882353,137.94117647058818,36.0,847.8571428571429,1662.142857142857,38.0
871,98.0,1025.5806451612902,983.0,149.74193548387098,100.45454545454538,1400.2727272727273,936.0909090909091,111.18181818181824,94.82352941176475,656.4117647058823,771.7647058823529,159.11764705882354,122.90909090909099,848.0,1621.090909090909,164.5454545454545,101.66666666666652,1321.5454545454545,1243.3939393939395,113.939393939394,106.0,1373.6,843.7,139.13333333333344,113.00000000000011,806.3913043478261,999.5869565217391,152.0,100.11111111111109,676.7777777777778,803.8888888888889,160.22222222222217,101.5,1250.2142857142858,1103.5,150.17857142857133,138.76470588235293,818.7647058823529,1426.8235294117646,137.70588235294122,36.0,840.1428571428571,1657.857142857143,38.0
872,98.0,1021.8709677419355,983.0,149.61290322580646,100.36363636363649,1402.3181818181818,935.7727272727273,111.0454545454545,95.11764705882354,652.0588235294117,773.8235294117648,159.58823529411768,122.5454545454545,845.0,1621.4545454545455,163.72727272727275,101.33333333333326,1323.1818181818182,1244.2424242424242,113.42424242424227,106.0,1382.2,842.4,138.26666666666665,112.99999999999989,805.8260869565217,999.7391304347826,152.0,99.88888888888891,671.2222222222222,807.1111111111111,155.77777777777783,102.0,1255.2857142857142,1103.0,149.57142857142867,138.17647058823513,819.1764705882352,1432.8823529411766,137.47058823529414,36.0,832.4285714285714,1653.5714285714287,38.0
873,98.0,1018.1612903225806,983.0,149.48387096774206,100.27272727272725,1404.3636363636363,935.4545454545455,110.90909090909099,95.41176470588232,647.7058823529412,775.8823529411765,160.0588235294117,122.18181818181824,842.0,1621.8181818181818,162.90909090909088,101.0,1324.8181818181818,1245.090909090909,112.90909090909099,106.0,1390.8,841.1,137.4000000000001,112.99999999999989,805.2608695652174,999.8913043478261,152.0,99.66666666666663,665.6666666666666,810.3333333333334,151.33333333333337,102.5,1260.357142857143,1102.5,148.96428571428578,137.58823529411757,819.5882352941177,1438.9411764705883,137.23529411764707,36.0,824.7142857142857,1649.2857142857142,38.0
874,98.0,1014.4516129032259,983.0,149.35483870967732,100.18181818181813,1406.409090909091,935.1363636363636,110.77272727272725,95.7058823529411,643.3529411764706,777.9411764705883,160.52941176470586,121.81818181818176,839.0,1622.1818181818182,162.09090909090912,100.66666666666652,1326.4545454545455,1245.939393939394,112.39393939393926,106.0,1399.4,839.8,136.5333333333333,112.99999999999989,804.695652173913,1000.0434782608696,152.0,99.44444444444446,660.1111111111111,813.5555555555555,146.8888888888889,103.0,1265.4285714285713,1102.0,148.3571428571429,137.0,820.0,1445.0,137.0,36.0,817.0,1645.0,38.0
875,98.0,1010.741935483871,983.0,149.22580645161293,100.09090909090912,1408.4545454545455,934.8181818181819,110.63636363636351,96.0,639.0,780.0,161.0,121.4545454545455,836.0,1622.5454545454545,161.27272727272725,100.33333333333326,1328.090909090909,1246.7878787878788,111.87878787878799,106.0,1408.0,838.5,135.66666666666674,113.0,804.1304347826087,1000.195652173913,152.0,99.22222222222217,654.5555555555555,816.7777777777778,142.44444444444446,103.5,1270.5,1101.5,147.75,133.71428571428578,823.0,1449.4285714285713,134.57142857142856,36.0,800.5714285714286,1630.142857142857,38.0
876,98.0,1007.0322580645161,983.0,149.09677419354853,100.0,1410.5,934.5,110.5,96.24000000000001,638.16,780.64,161.44000000000005,121.09090909090901,833.0,1622.909090909091,160.4545454545455,100.0,1329.7272727272727,1247.6363636363637,111.36363636363626,106.0,1416.6,837.2,134.80000000000018,113.0,803.5652173913044,1000.3478260869565,152.0,99.0,649.0,820.0,138.0,104.0,1275.5714285714287,1101.0,147.1428571428571,130.42857142857133,826.0,1453.857142857143,132.1428571428571,36.0,784.1428571428571,1615.2857142857142,38.0
877,98.0,1003.3225806451613,983.0,148.9677419354838,99.90909090909088,1412.5454545454545,934.1818181818181,110.36363636363649,96.48000000000002,637.32,781.28,161.88,120.72727272727275,830.0,1623.2727272727273,159.63636363636363,99.66666666666674,1331.3636363636363,1248.4848484848485,110.84848484848499,106.0,1425.2,835.9,133.9333333333334,113.0,803.0,1000.5,152.0,101.88888888888891,648.0,820.4444444444445,138.44444444444446,104.5,1280.642857142857,1100.5,146.53571428571422,127.14285714285711,829.0,1458.2857142857142,129.71428571428567,36.0,767.7142857142857,1600.4285714285713,38.0
878,98.0,999.6129032258065,983.0,148.8387096774194,99.81818181818187,1414.590909090909,933.8636363636364,110.22727272727275,96.72000000000003,636.48,781.92,162.31999999999994,120.36363636363626,827.0,1623.6363636363637,158.81818181818187,99.33333333333348,1333.0,1249.3333333333333,110.33333333333326,106.0,1433.8,834.6,133.0666666666666,113.0,802.4347826086956,1000.6521739130435,152.0,104.77777777777771,647.0,820.8888888888889,138.8888888888889,105.0,1285.7142857142858,1100.0,145.92857142857133,123.85714285714289,832.0,1462.7142857142858,127.28571428571433,36.0,751.2857142857143,1585.5714285714287,38.0
879,98.0,995.9032258064516,983.0,148.70967741935476,99.72727272727275,1416.6363636363637,933.5454545454545,110.09090909090901,96.96000000000004,635.64,782.56,162.76,120.0,824.0,1624.0,158.0,99.0,1334.6363636363637,1250.1818181818182,109.81818181818176,106.0,1442.4,833.3,132.19999999999982,113.0,801.8695652173913,1000.804347826087,152.0,107.66666666666663,646.0,821.3333333333334,139.33333333333337,105.5,1290.7857142857142,1099.5,145.32142857142867,120.57142857142867,835.0,1467.142857142857,124.85714285714289,36.0,734.8571428571429,1570.7142857142858,38.0
880,98.0,992.1935483870968,983.0,148.58064516129025,99.63636363636351,1418.6818181818182,933.2272727272727,109.9545454545455,97.19999999999993,634.8,783.2,163.20000000000005,119.6190476190477,826.1904761904761,1625.095238095238,157.14285714285722,98.66666666666674,1336.2727272727273,1251.030303030303,109.30303030303025,106.0,1451.0,832.0,131.33333333333326,113.00000000000011,801.304347826087,1000.9565217391304,152.0,110.55555555555554,645.0,821.7777777777778,139.77777777777783,106.0,1295.857142857143,1099.0,144.71428571428578,117.28571428571422,838.0,1471.5714285714287,122.42857142857144,36.0,718.4285714285714,1555.857142857143,38.0
881,98.0,988.483870967742,983.0,148.45161290322585,99.54545454545462,1420.7272727272727,932.9090909090909,109.81818181818176,97.43999999999994,633.96,783.84,163.64,119.23809523809518,828.3809523809524,1626.1904761904761,156.28571428571422,98.33333333333326,1337.909090909091,1251.878787878788,108.78787878787875,106.0,1459.6,830.7,130.4666666666667,113.00000000000011,800.7391304347826,1001.1086956521739,152.0,113.44444444444446,644.0,822.2222222222222,140.22222222222217,106.5,1300.9285714285713,1098.5,144.1071428571429,114.0,841.0,1476.0,120.0,36.0,702.0,1541.0,38.0
882,98.0,984.7741935483871,983.0,148.32258064516122,99.45454545454538,1422.7727272727273,932.5909090909091,109.68181818181824,97.67999999999995,633.12,784.48,164.08000000000004,118.85714285714289,830.5714285714286,1627.2857142857142,155.42857142857144,98.0,1339.5454545454545,1252.7272727272727,108.27272727272725,106.0,1468.2,829.4,129.5999999999999,113.00000000000011,800.1739130434783,1001.2608695652174,152.0,116.33333333333337,643.0,822.6666666666666,140.66666666666663,107.0,1306.0,1098.0,143.5,115.09090909090924,840.5454545454545,1476.090909090909,121.09090909090912,36.0,689.2,1523.2,38.0
883,98.0,981.0645161290322,983.0,148.19354838709683,99.36363636363649,1424.8181818181818,932.2727272727273,109.5454545454545,97.91999999999996,632.28,785.12,164.51999999999998,118.4761904761906,832.7619047619048,1628.3809523809523,154.57142857142856,97.66666666666674,1341.1818181818182,1253.5757575757575,107.75757575757575,106.0,1476.8,828.1,128.73333333333335,112.99999999999989,799.6086956521739,1001.4130434782609,152.0,119.22222222222229,642.0,823.1111111111111,141.1111111111111,107.5,1311.0714285714287,1097.5,142.8928571428571,116.18181818181802,840.0909090909091,1476.1818181818182,122.18181818181813,36.0,676.4,1505.4,38.0
884,98.0,977.3548387096774,983.0,148.0645161290323,99.27272727272725,1426.8636363636363,931.9545454545455,109.40909090909099,98.15999999999997,631.44,785.76,164.95999999999992,118.0952380952383,834.952380952381,1629.4761904761904,153.71428571428567,97.33333333333326,1342.8181818181818,1254.4242424242425,107.24242424242425,106.0,1485.4,826.8,127.86666666666656,112.99999999999989,799.0434782608696,1001.5652173913044,152.0,122.11111111111109,641.0,823.5555555555555,141.55555555555554,108.0,1316.142857142857,1097.0,142.28571428571422,117.27272727272725,839.6363636363636,1476.2727272727273,123.27272727272725,36.0,663.6,1487.6,38.0
885,98.0,973.6451612903226,983.0,147.9354838709677,99.18181818181813,1428.909090909091,931.6363636363636,109.27272727272725,98.39999999999998,630.6,786.4,165.39999999999998,117.71428571428555,837.1428571428571,1630.5714285714287,152.8571428571429,97.0,1344.4545454545455,1255.2727272727273,106.72727272727275,106.0,1494.0,825.5,127.0,112.99999999999989,798.4782608695652,1001.7173913043479,152.0,125.0,640.0,824.0,142.0,108.5,1321.2142857142858,1096.5,141.67857142857133,118.36363636363649,839.1818181818181,1476.3636363636363,124.36363636363637,36.0,650.8,1469.8,38.0
886,98.0,969.9354838709678,983.0,147.80645161290317,99.09090909090912,1430.9545454545455,931.3181818181819,109.13636363636351,98.63999999999999,629.76,787.04,165.84000000000003,117.33333333333326,839.3333333333334,1631.6666666666667,152.0,96.66666666666674,1346.090909090909,1256.121212121212,106.21212121212125,106.0,1502.6,824.2,126.13333333333344,113.0,797.9130434782609,1001.8695652173913,152.0,124.13333333333333,639.0,824.8,142.79999999999995,109.0,1326.2857142857142,1096.0,141.07142857142867,119.4545454545455,838.7272727272727,1476.4545454545455,125.45454545454538,36.0,638.0,1452.0,38.0
887,98.0,966.2258064516129,983.0,147.67741935483878,99.0,1433.0,931.0,109.0,98.88,628.92,787.68,166.2800000000001,116.95238095238096,841.5238095238095,1632.7619047619048,151.1428571428571,96.33333333333326,1347.7272727272727,1256.969696969697,105.69696969696975,106.0,1511.2,822.9,125.26666666666665,113.0,797.3478260869565,1002.0217391304348,152.0,123.26666666666665,638.0,825.6,143.60000000000002,109.5,1331.357142857143,1095.5,140.46428571428578,120.5454545454545,838.2727272727273,1476.5454545454545,126.54545454545462,36.0,627.8,1433.4,38.0
888,98.0,962.516129032258,983.0,147.54838709677415,99.0,1435.076923076923,930.7692307692307,109.0,99.12,628.08,788.32,166.7199999999999,116.57142857142844,843.7142857142857,1633.857142857143,150.28571428571433,96.0,1349.3636363636363,1257.8181818181818,105.18181818181824,106.0,1519.8,821.6,124.40000000000009,113.0,796.7826086956521,1002.1739130434783,152.0,122.39999999999998,637.0,826.4,144.39999999999998,110.0,1336.4285714285713,1095.0,139.8571428571429,121.63636363636351,837.8181818181819,1476.6363636363637,127.63636363636363,36.0,617.6,1414.8,38.0
889,98.0,958.8064516129032,983.0,147.41935483870975,98.99999999999989,1437.1538461538462,930.5384615384615,109.0,99.36000000000001,627.24,788.96,167.15999999999997,116.19047619047615,845.9047619047619,1634.952380952381,149.42857142857144,95.66666666666652,1351.0,1258.6666666666667,104.66666666666674,106.0,1528.4,820.3,123.5333333333333,113.0,796.2173913043479,1002.3260869565217,152.0,121.5333333333333,636.0,827.2,145.20000000000005,110.5,1341.5,1094.5,139.25,122.72727272727275,837.3636363636364,1476.7272727272727,128.72727272727275,36.0,607.4,1396.2,38.0
890,98.0,955.0967741935484,983.0,147.29032258064524,99.00000000000011,1439.2307692307693,930.3076923076923,109.0,99.60000000000002,626.4,789.6,167.60000000000002,115.80952380952385,848.0952380952381,1636.047619047619,148.57142857142856,95.33333333333326,1352.6363636363637,1259.5151515151515,104.15151515151501,106.0,1537.0,819.0,122.66666666666674,113.0,795.6521739130435,1002.4782608695652,152.0,120.66666666666663,635.0,828.0,146.0,111.0,1346.5714285714287,1094.0,138.6428571428571,123.81818181818198,836.9090909090909,1476.8181818181818,129.81818181818187,36.0,597.2,1377.6,38.0
891,98.0,951.3870967741935,983.0,147.1612903225806,99.0,1441.3076923076924,930.0769230769231,109.0,99.84000000000003,625.56,790.24,168.04000000000008,115.42857142857156,850.2857142857143,1637.142857142857,147.71428571428567,95.0,1354.2727272727273,1260.3636363636363,103.63636363636374,106.0,1545.6,817.7,121.80000000000018,113.0,795.0869565217391,1002.6304347826087,152.0,119.80000000000007,634.0,828.8,146.79999999999995,111.5,1351.642857142857,1093.5,138.03571428571422,124.90909090909076,836.4545454545455,1476.909090909091,130.90909090909088,36.0,587.0,1359.0,38.0
892,98.0,947.6774193548387,983.0,147.0322580645162,99.0,1443.3846153846155,929.8461538461538,109.0,100.08000000000004,624.72,790.88,168.48000000000002,115.04761904761904,852.4761904761905,1638.2380952380952,146.8571428571429,94.66666666666674,1355.909090909091,1261.2121212121212,103.12121212121201,106.0,1554.2,816.4,120.93333333333317,113.00000000000011,794.5217391304348,1002.7826086956521,152.0,118.93333333333328,633.0,829.6,147.60000000000002,112.0,1356.7142857142858,1093.0,137.42857142857133,126.0,836.0,1477.0,132.0,36.0,580.0,1339.1666666666667,38.0
893,98.0,943.9677419354839,983.0,146.9032258064517,98.99999999999989,1445.4615384615386,929.6153846153846,109.0,100.32000000000005,623.88,791.52,168.91999999999996,114.66666666666674,854.6666666666666,1639.3333333333333,146.0,94.33333333333348,1357.5454545454545,1262.060606060606,102.60606060606074,106.0,1562.8,815.1,120.06666666666683,113.00000000000011,793.9565217391304,1002.9347826086956,152.0,118.06666666666672,632.0,830.4,148.39999999999998,112.5,1361.7857142857142,1092.5,136.82142857142867,124.25,834.625,1476.75,132.875,36.0,573.0,1319.3333333333333,38.0
894,98.0,940.258064516129,983.0,146.77419354838707,99.00000000000011,1447.5384615384614,929.3846153846154,109.0,100.56000000000006,623.04,792.16,169.36,114.28571428571445,856.8571428571429,1640.4285714285713,145.1428571428571,94.0,1359.1818181818182,1262.909090909091,102.09090909090901,106.0,1571.4,813.8,119.19999999999982,113.00000000000011,793.3913043478261,1003.0869565217391,152.0,117.19999999999993,631.0,831.2,149.20000000000005,113.0,1366.857142857143,1092.0,136.21428571428578,122.5,833.25,1476.5,133.75,36.0,566.0,1299.5,38.0
895,98.0,936.5483870967741,983.0,146.64516129032268,99.0,1449.6153846153845,929.1538461538462,109.0,100.80000000000007,622.2,792.8,169.79999999999995,113.9047619047617,859.047619047619,1641.5238095238096,144.28571428571433,93.66666666666674,1360.8181818181818,1263.7575757575758,101.57575757575773,106.0,1580.0,812.5,118.33333333333326,112.99999999999989,792.8260869565217,1003.2391304347826,152.0,116.33333333333337,630.0,832.0,150.0,113.5,1371.9285714285716,1091.5,135.60714285714266,120.75,831.875,1476.25,134.625,36.0,559.0,1279.6666666666667,38.0
896,98.0,932.8387096774194,983.0,146.51612903225794,99.0,1451.6923076923076,928.9230769230769,109.0,101.03999999999996,621.36,793.44,170.24,113.5238095238094,861.2380952380952,1642.6190476190477,143.42857142857144,93.33333333333348,1362.4545454545455,1264.6060606060605,101.060606060606,106.0,1588.6,811.2,117.4666666666667,112.99999999999989,792.2608695652174,1003.3913043478261,152.0,115.4666666666667,629.0,832.8,150.79999999999995,114.0,1377.0,1091.0,135.0,119.0,830.5,1476.0,135.5,36.0,552.0,1259.8333333333333,38.0
897,98.0,929.1290322580645,983.0,146.38709677419354,98.99999999999989,1453.7692307692307,928.6923076923077,109.0,101.27999999999997,620.52,794.08,170.68000000000006,113.14285714285711,863.4285714285714,1643.7142857142858,142.57142857142856,93.0,1364.090909090909,1265.4545454545455,100.54545454545473,106.0,1597.2,809.9,116.59999999999991,112.99999999999989,791.695652173913,1003.5434782608696,152.0,114.60000000000002,628.0,833.6,151.60000000000002,114.0,1381.75,1091.75,135.0,117.25,829.125,1475.75,136.375,36.0,545.0,1240.0,38.0
898,98.0,925.4193548387096,983.0,146.25806451612914,99.00000000000011,1455.8461538461538,928.4615384615385,109.0,101.51999999999998,619.68,794.72,171.12,112.76190476190482,865.6190476190476,1644.8095238095239,141.71428571428578,92.66666666666674,1365.7272727272727,1266.3030303030303,100.030303030303,106.0,1605.8,808.6,115.73333333333335,113.0,791.1304347826087,1003.695652173913,152.0,113.73333333333335,627.0,834.4,152.39999999999998,114.0,1386.5,1092.5,135.0,115.5,827.75,1475.5,137.25,36.0,541.6666666666666,1221.3333333333333,38.0
899,98.0,921.7096774193549,983.0,146.1290322580644,99.0,1457.923076923077,928.2307692307693,109.0,101.75999999999999,618.84,795.36,171.55999999999995,112.3809523809523,867.8095238095239,1645.904761904762,140.85714285714278,92.33333333333326,1367.3636363636363,1267.1515151515152,99.51515151515173,106.0,1614.4,807.3,114.86666666666656,113.0,790.5652173913044,1003.8478260869565,152.0,112.86666666666667,626.0,835.2,153.20000000000005,114.0,1391.25,1093.25,135.0,113.75,826.375,1475.25,138.125,36.0,538.3333333333334,1202.6666666666667,38.0
900,98.0,918.0,983.0,146.0,99.0,1460.0,928.0,109.0,102.0,618.0,796.0,172.0,112.0,870.0,1647.0,140.0,92.0,1369.0,1268.0,99.0,106.0,1623.0,806.0,114.0,113.0,790.0,1004.0,152.0,112.0,625.0,836.0,154.0,114.0,1396.0,1094.0,135.0,112.0,825.0,1475.0,139.0,36.0,535.0,1184.0,38.0
